sessionId,eventId,seasonYear,raceLabel,trackName,trackType,lapNumber,position,previousPosition,positionDelta,netFromLapOne,fieldSizeAtLap,runningPositionPercentile,cautionState,sourceCompleteness,sourceState,sourceHash
session_indy_nxt_2024_6314,event_indy_nxt_2024_5470,2024,2024 Grand Prix of Alabama,Barber Motorsports Park,road,1,7.0,,,0.0,21,0.7,green,complete_validated_against_result_lap_counts,official_lap_chart,61e7c0e8ca2682cb606c7604b26f433daf6d95c358be5879e2fdbc06135604fd
session_indy_nxt_2024_6314,event_indy_nxt_2024_5470,2024,2024 Grand Prix of Alabama,Barber Motorsports Park,road,2,5.0,7.0,2.0,2.0,21,0.8,green,complete_validated_against_result_lap_counts,official_lap_chart,61e7c0e8ca2682cb606c7604b26f433daf6d95c358be5879e2fdbc06135604fd
session_indy_nxt_2024_6314,event_indy_nxt_2024_5470,2024,2024 Grand Prix of Alabama,Barber Motorsports Park,road,3,5.0,5.0,0.0,2.0,21,0.8,green,complete_validated_against_result_lap_counts,official_lap_chart,61e7c0e8ca2682cb606c7604b26f433daf6d95c358be5879e2fdbc06135604fd
session_indy_nxt_2024_6314,event_indy_nxt_2024_5470,2024,2024 Grand Prix of Alabama,Barber Motorsports Park,road,4,5.0,5.0,0.0,2.0,21,0.8,green,complete_validated_against_result_lap_counts,official_lap_chart,61e7c0e8ca2682cb606c7604b26f433daf6d95c358be5879e2fdbc06135604fd
session_indy_nxt_2024_6314,event_indy_nxt_2024_5470,2024,2024 Grand Prix of Alabama,Barber Motorsports Park,road,5,5.0,5.0,0.0,2.0,21,0.8,caution,complete_validated_against_result_lap_counts,official_lap_chart,61e7c0e8ca2682cb606c7604b26f433daf6d95c358be5879e2fdbc06135604fd
session_indy_nxt_2024_6314,event_indy_nxt_2024_5470,2024,2024 Grand Prix of Alabama,Barber Motorsports Park,road,6,5.0,5.0,0.0,2.0,21,0.8,restart_lap,complete_validated_against_result_lap_counts,official_lap_chart,61e7c0e8ca2682cb606c7604b26f433daf6d95c358be5879e2fdbc06135604fd
session_indy_nxt_2024_6314,event_indy_nxt_2024_5470,2024,2024 Grand Prix of Alabama,Barber Motorsports Park,road,7,5.0,5.0,0.0,2.0,21,0.8,green,complete_validated_against_result_lap_counts,official_lap_chart,61e7c0e8ca2682cb606c7604b26f433daf6d95c358be5879e2fdbc06135604fd
session_indy_nxt_2024_6314,event_indy_nxt_2024_5470,2024,2024 Grand Prix of Alabama,Barber Motorsports Park,road,8,5.0,5.0,0.0,2.0,21,0.8,green,complete_validated_against_result_lap_counts,official_lap_chart,61e7c0e8ca2682cb606c7604b26f433daf6d95c358be5879e2fdbc06135604fd
session_indy_nxt_2024_6314,event_indy_nxt_2024_5470,2024,2024 Grand Prix of Alabama,Barber Motorsports Park,road,9,5.0,5.0,0.0,2.0,21,0.8,green,complete_validated_against_result_lap_counts,official_lap_chart,61e7c0e8ca2682cb606c7604b26f433daf6d95c358be5879e2fdbc06135604fd
session_indy_nxt_2024_6314,event_indy_nxt_2024_5470,2024,2024 Grand Prix of Alabama,Barber Motorsports Park,road,10,5.0,5.0,0.0,2.0,21,0.8,green,complete_validated_against_result_lap_counts,official_lap_chart,61e7c0e8ca2682cb606c7604b26f433daf6d95c358be5879e2fdbc06135604fd
session_indy_nxt_2024_6314,event_indy_nxt_2024_5470,2024,2024 Grand Prix of Alabama,Barber Motorsports Park,road,11,5.0,5.0,0.0,2.0,21,0.8,green,complete_validated_against_result_lap_counts,official_lap_chart,61e7c0e8ca2682cb606c7604b26f433daf6d95c358be5879e2fdbc06135604fd
session_indy_nxt_2024_6314,event_indy_nxt_2024_5470,2024,2024 Grand Prix of Alabama,Barber Motorsports Park,road,12,5.0,5.0,0.0,2.0,21,0.8,green,complete_validated_against_result_lap_counts,official_lap_chart,61e7c0e8ca2682cb606c7604b26f433daf6d95c358be5879e2fdbc06135604fd
session_indy_nxt_2024_6314,event_indy_nxt_2024_5470,2024,2024 Grand Prix of Alabama,Barber Motorsports Park,road,13,5.0,5.0,0.0,2.0,21,0.8,green,complete_validated_against_result_lap_counts,official_lap_chart,61e7c0e8ca2682cb606c7604b26f433daf6d95c358be5879e2fdbc06135604fd
session_indy_nxt_2024_6314,event_indy_nxt_2024_5470,2024,2024 Grand Prix of Alabama,Barber Motorsports Park,road,14,5.0,5.0,0.0,2.0,21,0.8,green,complete_validated_against_result_lap_counts,official_lap_chart,61e7c0e8ca2682cb606c7604b26f433daf6d95c358be5879e2fdbc06135604fd
session_indy_nxt_2024_6314,event_indy_nxt_2024_5470,2024,2024 Grand Prix of Alabama,Barber Motorsports Park,road,15,5.0,5.0,0.0,2.0,21,0.8,green,complete_validated_against_result_lap_counts,official_lap_chart,61e7c0e8ca2682cb606c7604b26f433daf6d95c358be5879e2fdbc06135604fd
session_indy_nxt_2024_6314,event_indy_nxt_2024_5470,2024,2024 Grand Prix of Alabama,Barber Motorsports Park,road,16,5.0,5.0,0.0,2.0,21,0.8,green,complete_validated_against_result_lap_counts,official_lap_chart,61e7c0e8ca2682cb606c7604b26f433daf6d95c358be5879e2fdbc06135604fd
session_indy_nxt_2024_6314,event_indy_nxt_2024_5470,2024,2024 Grand Prix of Alabama,Barber Motorsports Park,road,17,5.0,5.0,0.0,2.0,21,0.8,green,complete_validated_against_result_lap_counts,official_lap_chart,61e7c0e8ca2682cb606c7604b26f433daf6d95c358be5879e2fdbc06135604fd
session_indy_nxt_2024_6314,event_indy_nxt_2024_5470,2024,2024 Grand Prix of Alabama,Barber Motorsports Park,road,18,5.0,5.0,0.0,2.0,21,0.8,green,complete_validated_against_result_lap_counts,official_lap_chart,61e7c0e8ca2682cb606c7604b26f433daf6d95c358be5879e2fdbc06135604fd
session_indy_nxt_2024_6314,event_indy_nxt_2024_5470,2024,2024 Grand Prix of Alabama,Barber Motorsports Park,road,19,5.0,5.0,0.0,2.0,21,0.8,green,complete_validated_against_result_lap_counts,official_lap_chart,61e7c0e8ca2682cb606c7604b26f433daf6d95c358be5879e2fdbc06135604fd
session_indy_nxt_2024_6314,event_indy_nxt_2024_5470,2024,2024 Grand Prix of Alabama,Barber Motorsports Park,road,20,5.0,5.0,0.0,2.0,21,0.8,green,complete_validated_against_result_lap_counts,official_lap_chart,61e7c0e8ca2682cb606c7604b26f433daf6d95c358be5879e2fdbc06135604fd
session_indy_nxt_2024_6314,event_indy_nxt_2024_5470,2024,2024 Grand Prix of Alabama,Barber Motorsports Park,road,21,5.0,5.0,0.0,2.0,21,0.8,green,complete_validated_against_result_lap_counts,official_lap_chart,61e7c0e8ca2682cb606c7604b26f433daf6d95c358be5879e2fdbc06135604fd
session_indy_nxt_2024_6314,event_indy_nxt_2024_5470,2024,2024 Grand Prix of Alabama,Barber Motorsports Park,road,22,5.0,5.0,0.0,2.0,21,0.8,green,complete_validated_against_result_lap_counts,official_lap_chart,61e7c0e8ca2682cb606c7604b26f433daf6d95c358be5879e2fdbc06135604fd
session_indy_nxt_2024_6314,event_indy_nxt_2024_5470,2024,2024 Grand Prix of Alabama,Barber Motorsports Park,road,23,5.0,5.0,0.0,2.0,21,0.8,green,complete_validated_against_result_lap_counts,official_lap_chart,61e7c0e8ca2682cb606c7604b26f433daf6d95c358be5879e2fdbc06135604fd
session_indy_nxt_2024_6314,event_indy_nxt_2024_5470,2024,2024 Grand Prix of Alabama,Barber Motorsports Park,road,24,5.0,5.0,0.0,2.0,21,0.8,green,complete_validated_against_result_lap_counts,official_lap_chart,61e7c0e8ca2682cb606c7604b26f433daf6d95c358be5879e2fdbc06135604fd
session_indy_nxt_2024_6314,event_indy_nxt_2024_5470,2024,2024 Grand Prix of Alabama,Barber Motorsports Park,road,25,5.0,5.0,0.0,2.0,21,0.8,green,complete_validated_against_result_lap_counts,official_lap_chart,61e7c0e8ca2682cb606c7604b26f433daf6d95c358be5879e2fdbc06135604fd
session_indy_nxt_2024_6314,event_indy_nxt_2024_5470,2024,2024 Grand Prix of Alabama,Barber Motorsports Park,road,26,5.0,5.0,0.0,2.0,21,0.8,green,complete_validated_against_result_lap_counts,official_lap_chart,61e7c0e8ca2682cb606c7604b26f433daf6d95c358be5879e2fdbc06135604fd
session_indy_nxt_2024_6314,event_indy_nxt_2024_5470,2024,2024 Grand Prix of Alabama,Barber Motorsports Park,road,27,5.0,5.0,0.0,2.0,21,0.8,green,complete_validated_against_result_lap_counts,official_lap_chart,61e7c0e8ca2682cb606c7604b26f433daf6d95c358be5879e2fdbc06135604fd
session_indy_nxt_2024_6314,event_indy_nxt_2024_5470,2024,2024 Grand Prix of Alabama,Barber Motorsports Park,road,28,5.0,5.0,0.0,2.0,21,0.8,green,complete_validated_against_result_lap_counts,official_lap_chart,61e7c0e8ca2682cb606c7604b26f433daf6d95c358be5879e2fdbc06135604fd
session_indy_nxt_2024_6314,event_indy_nxt_2024_5470,2024,2024 Grand Prix of Alabama,Barber Motorsports Park,road,29,5.0,5.0,0.0,2.0,21,0.8,green,complete_validated_against_result_lap_counts,official_lap_chart,61e7c0e8ca2682cb606c7604b26f433daf6d95c358be5879e2fdbc06135604fd
session_indy_nxt_2024_6314,event_indy_nxt_2024_5470,2024,2024 Grand Prix of Alabama,Barber Motorsports Park,road,30,5.0,5.0,0.0,2.0,21,0.8,green,complete_validated_against_result_lap_counts,official_lap_chart,61e7c0e8ca2682cb606c7604b26f433daf6d95c358be5879e2fdbc06135604fd
session_indy_nxt_2024_6314,event_indy_nxt_2024_5470,2024,2024 Grand Prix of Alabama,Barber Motorsports Park,road,31,5.0,5.0,0.0,2.0,21,0.8,green,complete_validated_against_result_lap_counts,official_lap_chart,61e7c0e8ca2682cb606c7604b26f433daf6d95c358be5879e2fdbc06135604fd
session_indy_nxt_2024_6314,event_indy_nxt_2024_5470,2024,2024 Grand Prix of Alabama,Barber Motorsports Park,road,32,5.0,5.0,0.0,2.0,21,0.8,green,complete_validated_against_result_lap_counts,official_lap_chart,61e7c0e8ca2682cb606c7604b26f433daf6d95c358be5879e2fdbc06135604fd
session_indy_nxt_2024_6314,event_indy_nxt_2024_5470,2024,2024 Grand Prix of Alabama,Barber Motorsports Park,road,33,7.0,5.0,-2.0,0.0,20,0.6842,green,complete_validated_against_result_lap_counts,official_lap_chart,61e7c0e8ca2682cb606c7604b26f433daf6d95c358be5879e2fdbc06135604fd
session_indy_nxt_2024_6314,event_indy_nxt_2024_5470,2024,2024 Grand Prix of Alabama,Barber Motorsports Park,road,34,8.0,7.0,-1.0,-1.0,19,0.6111,caution,complete_validated_against_result_lap_counts,official_lap_chart,61e7c0e8ca2682cb606c7604b26f433daf6d95c358be5879e2fdbc06135604fd
session_indy_nxt_2024_6314,event_indy_nxt_2024_5470,2024,2024 Grand Prix of Alabama,Barber Motorsports Park,road,35,8.0,8.0,0.0,-1.0,18,0.5882,caution,complete_validated_against_result_lap_counts,official_lap_chart,61e7c0e8ca2682cb606c7604b26f433daf6d95c358be5879e2fdbc06135604fd
session_indy_nxt_2024_6315,event_indy_nxt_2024_5471,2024,2024 Indianapolis Grand Prix Race 1,Indianapolis Motor Speedway Road Course,road,1,12.0,,,0.0,21,0.45,green,complete_validated_against_result_lap_counts,official_lap_chart,61e7c0e8ca2682cb606c7604b26f433daf6d95c358be5879e2fdbc06135604fd
session_indy_nxt_2024_6315,event_indy_nxt_2024_5471,2024,2024 Indianapolis Grand Prix Race 1,Indianapolis Motor Speedway Road Course,road,2,17.0,12.0,-5.0,-5.0,21,0.2,green,complete_validated_against_result_lap_counts,official_lap_chart,61e7c0e8ca2682cb606c7604b26f433daf6d95c358be5879e2fdbc06135604fd
session_indy_nxt_2024_6315,event_indy_nxt_2024_5471,2024,2024 Indianapolis Grand Prix Race 1,Indianapolis Motor Speedway Road Course,road,3,17.0,17.0,0.0,-5.0,21,0.2,green,complete_validated_against_result_lap_counts,official_lap_chart,61e7c0e8ca2682cb606c7604b26f433daf6d95c358be5879e2fdbc06135604fd
session_indy_nxt_2024_6315,event_indy_nxt_2024_5471,2024,2024 Indianapolis Grand Prix Race 1,Indianapolis Motor Speedway Road Course,road,4,16.0,17.0,1.0,-4.0,21,0.25,green,complete_validated_against_result_lap_counts,official_lap_chart,61e7c0e8ca2682cb606c7604b26f433daf6d95c358be5879e2fdbc06135604fd
session_indy_nxt_2024_6315,event_indy_nxt_2024_5471,2024,2024 Indianapolis Grand Prix Race 1,Indianapolis Motor Speedway Road Course,road,5,18.0,16.0,-2.0,-6.0,21,0.15,green,complete_validated_against_result_lap_counts,official_lap_chart,61e7c0e8ca2682cb606c7604b26f433daf6d95c358be5879e2fdbc06135604fd
session_indy_nxt_2024_6315,event_indy_nxt_2024_5471,2024,2024 Indianapolis Grand Prix Race 1,Indianapolis Motor Speedway Road Course,road,6,19.0,18.0,-1.0,-7.0,21,0.1,green,complete_validated_against_result_lap_counts,official_lap_chart,61e7c0e8ca2682cb606c7604b26f433daf6d95c358be5879e2fdbc06135604fd
session_indy_nxt_2024_6315,event_indy_nxt_2024_5471,2024,2024 Indianapolis Grand Prix Race 1,Indianapolis Motor Speedway Road Course,road,7,18.0,19.0,1.0,-6.0,20,0.1053,green,complete_validated_against_result_lap_counts,official_lap_chart,61e7c0e8ca2682cb606c7604b26f433daf6d95c358be5879e2fdbc06135604fd
session_indy_nxt_2024_6315,event_indy_nxt_2024_5471,2024,2024 Indianapolis Grand Prix Race 1,Indianapolis Motor Speedway Road Course,road,8,18.0,18.0,0.0,-6.0,20,0.1053,green,complete_validated_against_result_lap_counts,official_lap_chart,61e7c0e8ca2682cb606c7604b26f433daf6d95c358be5879e2fdbc06135604fd
session_indy_nxt_2024_6315,event_indy_nxt_2024_5471,2024,2024 Indianapolis Grand Prix Race 1,Indianapolis Motor Speedway Road Course,road,9,18.0,18.0,0.0,-6.0,20,0.1053,green,complete_validated_against_result_lap_counts,official_lap_chart,61e7c0e8ca2682cb606c7604b26f433daf6d95c358be5879e2fdbc06135604fd
session_indy_nxt_2024_6315,event_indy_nxt_2024_5471,2024,2024 Indianapolis Grand Prix Race 1,Indianapolis Motor Speedway Road Course,road,10,18.0,18.0,0.0,-6.0,20,0.1053,green,complete_validated_against_result_lap_counts,official_lap_chart,61e7c0e8ca2682cb606c7604b26f433daf6d95c358be5879e2fdbc06135604fd
session_indy_nxt_2024_6315,event_indy_nxt_2024_5471,2024,2024 Indianapolis Grand Prix Race 1,Indianapolis Motor Speedway Road Course,road,11,18.0,18.0,0.0,-6.0,20,0.1053,green,complete_validated_against_result_lap_counts,official_lap_chart,61e7c0e8ca2682cb606c7604b26f433daf6d95c358be5879e2fdbc06135604fd
session_indy_nxt_2024_6315,event_indy_nxt_2024_5471,2024,2024 Indianapolis Grand Prix Race 1,Indianapolis Motor Speedway Road Course,road,12,18.0,18.0,0.0,-6.0,20,0.1053,green,complete_validated_against_result_lap_counts,official_lap_chart,61e7c0e8ca2682cb606c7604b26f433daf6d95c358be5879e2fdbc06135604fd
session_indy_nxt_2024_6315,event_indy_nxt_2024_5471,2024,2024 Indianapolis Grand Prix Race 1,Indianapolis Motor Speedway Road Course,road,13,17.0,18.0,1.0,-5.0,20,0.1579,green,complete_validated_against_result_lap_counts,official_lap_chart,61e7c0e8ca2682cb606c7604b26f433daf6d95c358be5879e2fdbc06135604fd
session_indy_nxt_2024_6315,event_indy_nxt_2024_5471,2024,2024 Indianapolis Grand Prix Race 1,Indianapolis Motor Speedway Road Course,road,14,17.0,17.0,0.0,-5.0,20,0.1579,green,complete_validated_against_result_lap_counts,official_lap_chart,61e7c0e8ca2682cb606c7604b26f433daf6d95c358be5879e2fdbc06135604fd
session_indy_nxt_2024_6315,event_indy_nxt_2024_5471,2024,2024 Indianapolis Grand Prix Race 1,Indianapolis Motor Speedway Road Course,road,15,17.0,17.0,0.0,-5.0,20,0.1579,green,complete_validated_against_result_lap_counts,official_lap_chart,61e7c0e8ca2682cb606c7604b26f433daf6d95c358be5879e2fdbc06135604fd
session_indy_nxt_2024_6315,event_indy_nxt_2024_5471,2024,2024 Indianapolis Grand Prix Race 1,Indianapolis Motor Speedway Road Course,road,16,17.0,17.0,0.0,-5.0,20,0.1579,green,complete_validated_against_result_lap_counts,official_lap_chart,61e7c0e8ca2682cb606c7604b26f433daf6d95c358be5879e2fdbc06135604fd
session_indy_nxt_2024_6315,event_indy_nxt_2024_5471,2024,2024 Indianapolis Grand Prix Race 1,Indianapolis Motor Speedway Road Course,road,17,17.0,17.0,0.0,-5.0,20,0.1579,green,complete_validated_against_result_lap_counts,official_lap_chart,61e7c0e8ca2682cb606c7604b26f433daf6d95c358be5879e2fdbc06135604fd
session_indy_nxt_2024_6315,event_indy_nxt_2024_5471,2024,2024 Indianapolis Grand Prix Race 1,Indianapolis Motor Speedway Road Course,road,18,17.0,17.0,0.0,-5.0,20,0.1579,green,complete_validated_against_result_lap_counts,official_lap_chart,61e7c0e8ca2682cb606c7604b26f433daf6d95c358be5879e2fdbc06135604fd
session_indy_nxt_2024_6315,event_indy_nxt_2024_5471,2024,2024 Indianapolis Grand Prix Race 1,Indianapolis Motor Speedway Road Course,road,19,16.0,17.0,1.0,-4.0,20,0.2105,green,complete_validated_against_result_lap_counts,official_lap_chart,61e7c0e8ca2682cb606c7604b26f433daf6d95c358be5879e2fdbc06135604fd
session_indy_nxt_2024_6315,event_indy_nxt_2024_5471,2024,2024 Indianapolis Grand Prix Race 1,Indianapolis Motor Speedway Road Course,road,20,16.0,16.0,0.0,-4.0,20,0.2105,green,complete_validated_against_result_lap_counts,official_lap_chart,61e7c0e8ca2682cb606c7604b26f433daf6d95c358be5879e2fdbc06135604fd
session_indy_nxt_2024_6315,event_indy_nxt_2024_5471,2024,2024 Indianapolis Grand Prix Race 1,Indianapolis Motor Speedway Road Course,road,21,16.0,16.0,0.0,-4.0,20,0.2105,caution,complete_validated_against_result_lap_counts,official_lap_chart,61e7c0e8ca2682cb606c7604b26f433daf6d95c358be5879e2fdbc06135604fd
session_indy_nxt_2024_6315,event_indy_nxt_2024_5471,2024,2024 Indianapolis Grand Prix Race 1,Indianapolis Motor Speedway Road Course,road,22,16.0,16.0,0.0,-4.0,20,0.2105,caution,complete_validated_against_result_lap_counts,official_lap_chart,61e7c0e8ca2682cb606c7604b26f433daf6d95c358be5879e2fdbc06135604fd
session_indy_nxt_2024_6315,event_indy_nxt_2024_5471,2024,2024 Indianapolis Grand Prix Race 1,Indianapolis Motor Speedway Road Course,road,23,16.0,16.0,0.0,-4.0,20,0.2105,caution,complete_validated_against_result_lap_counts,official_lap_chart,61e7c0e8ca2682cb606c7604b26f433daf6d95c358be5879e2fdbc06135604fd
session_indy_nxt_2024_6315,event_indy_nxt_2024_5471,2024,2024 Indianapolis Grand Prix Race 1,Indianapolis Motor Speedway Road Course,road,24,16.0,16.0,0.0,-4.0,20,0.2105,caution,complete_validated_against_result_lap_counts,official_lap_chart,61e7c0e8ca2682cb606c7604b26f433daf6d95c358be5879e2fdbc06135604fd
session_indy_nxt_2024_6315,event_indy_nxt_2024_5471,2024,2024 Indianapolis Grand Prix Race 1,Indianapolis Motor Speedway Road Course,road,25,16.0,16.0,0.0,-4.0,20,0.2105,caution,complete_validated_against_result_lap_counts,official_lap_chart,61e7c0e8ca2682cb606c7604b26f433daf6d95c358be5879e2fdbc06135604fd
session_indy_nxt_2024_6315,event_indy_nxt_2024_5471,2024,2024 Indianapolis Grand Prix Race 1,Indianapolis Motor Speedway Road Course,road,26,16.0,16.0,0.0,-4.0,20,0.2105,restart_lap,complete_validated_against_result_lap_counts,official_lap_chart,61e7c0e8ca2682cb606c7604b26f433daf6d95c358be5879e2fdbc06135604fd
session_indy_nxt_2024_6315,event_indy_nxt_2024_5471,2024,2024 Indianapolis Grand Prix Race 1,Indianapolis Motor Speedway Road Course,road,27,15.0,16.0,1.0,-3.0,20,0.2632,green,complete_validated_against_result_lap_counts,official_lap_chart,61e7c0e8ca2682cb606c7604b26f433daf6d95c358be5879e2fdbc06135604fd
session_indy_nxt_2024_6315,event_indy_nxt_2024_5471,2024,2024 Indianapolis Grand Prix Race 1,Indianapolis Motor Speedway Road Course,road,28,15.0,15.0,0.0,-3.0,20,0.2632,green,complete_validated_against_result_lap_counts,official_lap_chart,61e7c0e8ca2682cb606c7604b26f433daf6d95c358be5879e2fdbc06135604fd
session_indy_nxt_2024_6315,event_indy_nxt_2024_5471,2024,2024 Indianapolis Grand Prix Race 1,Indianapolis Motor Speedway Road Course,road,29,15.0,15.0,0.0,-3.0,20,0.2632,green,complete_validated_against_result_lap_counts,official_lap_chart,61e7c0e8ca2682cb606c7604b26f433daf6d95c358be5879e2fdbc06135604fd
session_indy_nxt_2024_6315,event_indy_nxt_2024_5471,2024,2024 Indianapolis Grand Prix Race 1,Indianapolis Motor Speedway Road Course,road,30,15.0,15.0,0.0,-3.0,20,0.2632,caution,complete_validated_against_result_lap_counts,official_lap_chart,61e7c0e8ca2682cb606c7604b26f433daf6d95c358be5879e2fdbc06135604fd
session_indy_nxt_2024_6315,event_indy_nxt_2024_5471,2024,2024 Indianapolis Grand Prix Race 1,Indianapolis Motor Speedway Road Course,road,31,14.0,15.0,1.0,-2.0,20,0.3158,caution,complete_validated_against_result_lap_counts,official_lap_chart,61e7c0e8ca2682cb606c7604b26f433daf6d95c358be5879e2fdbc06135604fd
session_indy_nxt_2024_6315,event_indy_nxt_2024_5471,2024,2024 Indianapolis Grand Prix Race 1,Indianapolis Motor Speedway Road Course,road,32,14.0,14.0,0.0,-2.0,19,0.2778,restart_lap,complete_validated_against_result_lap_counts,official_lap_chart,61e7c0e8ca2682cb606c7604b26f433daf6d95c358be5879e2fdbc06135604fd
session_indy_nxt_2024_6315,event_indy_nxt_2024_5471,2024,2024 Indianapolis Grand Prix Race 1,Indianapolis Motor Speedway Road Course,road,33,14.0,14.0,0.0,-2.0,18,0.2353,green,complete_validated_against_result_lap_counts,official_lap_chart,61e7c0e8ca2682cb606c7604b26f433daf6d95c358be5879e2fdbc06135604fd
session_indy_nxt_2024_6315,event_indy_nxt_2024_5471,2024,2024 Indianapolis Grand Prix Race 1,Indianapolis Motor Speedway Road Course,road,34,14.0,14.0,0.0,-2.0,16,0.1333,green,complete_validated_against_result_lap_counts,official_lap_chart,61e7c0e8ca2682cb606c7604b26f433daf6d95c358be5879e2fdbc06135604fd
session_indy_nxt_2024_6316,event_indy_nxt_2024_5472,2024,2024 Grand Prix at Road America,Road America,road,1,6.0,,,0.0,21,0.75,green,complete_validated_against_result_lap_counts,official_lap_chart,61e7c0e8ca2682cb606c7604b26f433daf6d95c358be5879e2fdbc06135604fd
session_indy_nxt_2024_6316,event_indy_nxt_2024_5472,2024,2024 Grand Prix at Road America,Road America,road,2,6.0,6.0,0.0,0.0,21,0.75,green,complete_validated_against_result_lap_counts,official_lap_chart,61e7c0e8ca2682cb606c7604b26f433daf6d95c358be5879e2fdbc06135604fd
session_indy_nxt_2024_6316,event_indy_nxt_2024_5472,2024,2024 Grand Prix at Road America,Road America,road,3,6.0,6.0,0.0,0.0,21,0.75,caution,complete_validated_against_result_lap_counts,official_lap_chart,61e7c0e8ca2682cb606c7604b26f433daf6d95c358be5879e2fdbc06135604fd
session_indy_nxt_2024_6316,event_indy_nxt_2024_5472,2024,2024 Grand Prix at Road America,Road America,road,4,6.0,6.0,0.0,0.0,21,0.75,caution,complete_validated_against_result_lap_counts,official_lap_chart,61e7c0e8ca2682cb606c7604b26f433daf6d95c358be5879e2fdbc06135604fd
session_indy_nxt_2024_6316,event_indy_nxt_2024_5472,2024,2024 Grand Prix at Road America,Road America,road,5,6.0,6.0,0.0,0.0,21,0.75,restart_lap,complete_validated_against_result_lap_counts,official_lap_chart,61e7c0e8ca2682cb606c7604b26f433daf6d95c358be5879e2fdbc06135604fd
session_indy_nxt_2024_6316,event_indy_nxt_2024_5472,2024,2024 Grand Prix at Road America,Road America,road,6,5.0,6.0,1.0,1.0,21,0.8,green,complete_validated_against_result_lap_counts,official_lap_chart,61e7c0e8ca2682cb606c7604b26f433daf6d95c358be5879e2fdbc06135604fd
session_indy_nxt_2024_6316,event_indy_nxt_2024_5472,2024,2024 Grand Prix at Road America,Road America,road,7,5.0,5.0,0.0,1.0,21,0.8,green,complete_validated_against_result_lap_counts,official_lap_chart,61e7c0e8ca2682cb606c7604b26f433daf6d95c358be5879e2fdbc06135604fd
session_indy_nxt_2024_6316,event_indy_nxt_2024_5472,2024,2024 Grand Prix at Road America,Road America,road,8,5.0,5.0,0.0,1.0,21,0.8,green,complete_validated_against_result_lap_counts,official_lap_chart,61e7c0e8ca2682cb606c7604b26f433daf6d95c358be5879e2fdbc06135604fd
session_indy_nxt_2024_6316,event_indy_nxt_2024_5472,2024,2024 Grand Prix at Road America,Road America,road,9,6.0,5.0,-1.0,0.0,20,0.7368,green,complete_validated_against_result_lap_counts,official_lap_chart,61e7c0e8ca2682cb606c7604b26f433daf6d95c358be5879e2fdbc06135604fd
session_indy_nxt_2024_6316,event_indy_nxt_2024_5472,2024,2024 Grand Prix at Road America,Road America,road,10,6.0,6.0,0.0,0.0,20,0.7368,caution,complete_validated_against_result_lap_counts,official_lap_chart,61e7c0e8ca2682cb606c7604b26f433daf6d95c358be5879e2fdbc06135604fd
session_indy_nxt_2024_6316,event_indy_nxt_2024_5472,2024,2024 Grand Prix at Road America,Road America,road,11,6.0,6.0,0.0,0.0,20,0.7368,restart_lap,complete_validated_against_result_lap_counts,official_lap_chart,61e7c0e8ca2682cb606c7604b26f433daf6d95c358be5879e2fdbc06135604fd
session_indy_nxt_2024_6316,event_indy_nxt_2024_5472,2024,2024 Grand Prix at Road America,Road America,road,12,7.0,6.0,-1.0,-1.0,20,0.6842,green,complete_validated_against_result_lap_counts,official_lap_chart,61e7c0e8ca2682cb606c7604b26f433daf6d95c358be5879e2fdbc06135604fd
session_indy_nxt_2024_6316,event_indy_nxt_2024_5472,2024,2024 Grand Prix at Road America,Road America,road,13,7.0,7.0,0.0,-1.0,20,0.6842,green,complete_validated_against_result_lap_counts,official_lap_chart,61e7c0e8ca2682cb606c7604b26f433daf6d95c358be5879e2fdbc06135604fd
session_indy_nxt_2024_6316,event_indy_nxt_2024_5472,2024,2024 Grand Prix at Road America,Road America,road,14,7.0,7.0,0.0,-1.0,20,0.6842,green,complete_validated_against_result_lap_counts,official_lap_chart,61e7c0e8ca2682cb606c7604b26f433daf6d95c358be5879e2fdbc06135604fd
session_indy_nxt_2024_6316,event_indy_nxt_2024_5472,2024,2024 Grand Prix at Road America,Road America,road,15,7.0,7.0,0.0,-1.0,20,0.6842,green,complete_validated_against_result_lap_counts,official_lap_chart,61e7c0e8ca2682cb606c7604b26f433daf6d95c358be5879e2fdbc06135604fd
session_indy_nxt_2024_6316,event_indy_nxt_2024_5472,2024,2024 Grand Prix at Road America,Road America,road,16,7.0,7.0,0.0,-1.0,20,0.6842,caution,complete_validated_against_result_lap_counts,official_lap_chart,61e7c0e8ca2682cb606c7604b26f433daf6d95c358be5879e2fdbc06135604fd
session_indy_nxt_2024_6316,event_indy_nxt_2024_5472,2024,2024 Grand Prix at Road America,Road America,road,17,7.0,7.0,0.0,-1.0,18,0.6471,restart_lap,complete_validated_against_result_lap_counts,official_lap_chart,61e7c0e8ca2682cb606c7604b26f433daf6d95c358be5879e2fdbc06135604fd
session_indy_nxt_2024_6316,event_indy_nxt_2024_5472,2024,2024 Grand Prix at Road America,Road America,road,18,6.0,7.0,1.0,0.0,18,0.7059,green,complete_validated_against_result_lap_counts,official_lap_chart,61e7c0e8ca2682cb606c7604b26f433daf6d95c358be5879e2fdbc06135604fd
session_indy_nxt_2024_6316,event_indy_nxt_2024_5472,2024,2024 Grand Prix at Road America,Road America,road,19,9.0,6.0,-3.0,-3.0,18,0.5294,green,complete_validated_against_result_lap_counts,official_lap_chart,61e7c0e8ca2682cb606c7604b26f433daf6d95c358be5879e2fdbc06135604fd
session_indy_nxt_2024_6316,event_indy_nxt_2024_5472,2024,2024 Grand Prix at Road America,Road America,road,20,8.0,9.0,1.0,-2.0,16,0.5333,green,complete_validated_against_result_lap_counts,official_lap_chart,61e7c0e8ca2682cb606c7604b26f433daf6d95c358be5879e2fdbc06135604fd
session_indy_nxt_2024_6317,event_indy_nxt_2024_5473,2024,2024 Grand Prix of Monterey Race 1,WeatherTech Raceway Laguna Seca,road,1,8.0,,,0.0,20,0.6316,green,partial_visible_laps_only,official_lap_chart,61e7c0e8ca2682cb606c7604b26f433daf6d95c358be5879e2fdbc06135604fd
session_indy_nxt_2024_6317,event_indy_nxt_2024_5473,2024,2024 Grand Prix of Monterey Race 1,WeatherTech Raceway Laguna Seca,road,2,8.0,8.0,0.0,0.0,20,0.6316,green,partial_visible_laps_only,official_lap_chart,61e7c0e8ca2682cb606c7604b26f433daf6d95c358be5879e2fdbc06135604fd
session_indy_nxt_2024_6317,event_indy_nxt_2024_5473,2024,2024 Grand Prix of Monterey Race 1,WeatherTech Raceway Laguna Seca,road,3,8.0,8.0,0.0,0.0,20,0.6316,green,partial_visible_laps_only,official_lap_chart,61e7c0e8ca2682cb606c7604b26f433daf6d95c358be5879e2fdbc06135604fd
session_indy_nxt_2024_6317,event_indy_nxt_2024_5473,2024,2024 Grand Prix of Monterey Race 1,WeatherTech Raceway Laguna Seca,road,4,8.0,8.0,0.0,0.0,20,0.6316,green,partial_visible_laps_only,official_lap_chart,61e7c0e8ca2682cb606c7604b26f433daf6d95c358be5879e2fdbc06135604fd
session_indy_nxt_2024_6317,event_indy_nxt_2024_5473,2024,2024 Grand Prix of Monterey Race 1,WeatherTech Raceway Laguna Seca,road,5,8.0,8.0,0.0,0.0,20,0.6316,green,partial_visible_laps_only,official_lap_chart,61e7c0e8ca2682cb606c7604b26f433daf6d95c358be5879e2fdbc06135604fd
session_indy_nxt_2024_6317,event_indy_nxt_2024_5473,2024,2024 Grand Prix of Monterey Race 1,WeatherTech Raceway Laguna Seca,road,6,7.0,8.0,1.0,1.0,20,0.6842,caution,partial_visible_laps_only,official_lap_chart,61e7c0e8ca2682cb606c7604b26f433daf6d95c358be5879e2fdbc06135604fd
session_indy_nxt_2024_6317,event_indy_nxt_2024_5473,2024,2024 Grand Prix of Monterey Race 1,WeatherTech Raceway Laguna Seca,road,7,7.0,7.0,0.0,1.0,20,0.6842,caution,partial_visible_laps_only,official_lap_chart,61e7c0e8ca2682cb606c7604b26f433daf6d95c358be5879e2fdbc06135604fd
session_indy_nxt_2024_6317,event_indy_nxt_2024_5473,2024,2024 Grand Prix of Monterey Race 1,WeatherTech Raceway Laguna Seca,road,8,7.0,7.0,0.0,1.0,20,0.6842,restart_lap,partial_visible_laps_only,official_lap_chart,61e7c0e8ca2682cb606c7604b26f433daf6d95c358be5879e2fdbc06135604fd
session_indy_nxt_2024_6317,event_indy_nxt_2024_5473,2024,2024 Grand Prix of Monterey Race 1,WeatherTech Raceway Laguna Seca,road,9,7.0,7.0,0.0,1.0,20,0.6842,green,partial_visible_laps_only,official_lap_chart,61e7c0e8ca2682cb606c7604b26f433daf6d95c358be5879e2fdbc06135604fd
session_indy_nxt_2024_6317,event_indy_nxt_2024_5473,2024,2024 Grand Prix of Monterey Race 1,WeatherTech Raceway Laguna Seca,road,10,7.0,7.0,0.0,1.0,20,0.6842,green,partial_visible_laps_only,official_lap_chart,61e7c0e8ca2682cb606c7604b26f433daf6d95c358be5879e2fdbc06135604fd
session_indy_nxt_2024_6317,event_indy_nxt_2024_5473,2024,2024 Grand Prix of Monterey Race 1,WeatherTech Raceway Laguna Seca,road,11,7.0,7.0,0.0,1.0,20,0.6842,green,partial_visible_laps_only,official_lap_chart,61e7c0e8ca2682cb606c7604b26f433daf6d95c358be5879e2fdbc06135604fd
session_indy_nxt_2024_6317,event_indy_nxt_2024_5473,2024,2024 Grand Prix of Monterey Race 1,WeatherTech Raceway Laguna Seca,road,12,7.0,7.0,0.0,1.0,20,0.6842,green,partial_visible_laps_only,official_lap_chart,61e7c0e8ca2682cb606c7604b26f433daf6d95c358be5879e2fdbc06135604fd
session_indy_nxt_2024_6317,event_indy_nxt_2024_5473,2024,2024 Grand Prix of Monterey Race 1,WeatherTech Raceway Laguna Seca,road,13,7.0,7.0,0.0,1.0,20,0.6842,green,partial_visible_laps_only,official_lap_chart,61e7c0e8ca2682cb606c7604b26f433daf6d95c358be5879e2fdbc06135604fd
session_indy_nxt_2024_6317,event_indy_nxt_2024_5473,2024,2024 Grand Prix of Monterey Race 1,WeatherTech Raceway Laguna Seca,road,14,7.0,7.0,0.0,1.0,20,0.6842,green,partial_visible_laps_only,official_lap_chart,61e7c0e8ca2682cb606c7604b26f433daf6d95c358be5879e2fdbc06135604fd
session_indy_nxt_2024_6317,event_indy_nxt_2024_5473,2024,2024 Grand Prix of Monterey Race 1,WeatherTech Raceway Laguna Seca,road,15,7.0,7.0,0.0,1.0,19,0.6667,green,partial_visible_laps_only,official_lap_chart,61e7c0e8ca2682cb606c7604b26f433daf6d95c358be5879e2fdbc06135604fd
session_indy_nxt_2024_6317,event_indy_nxt_2024_5473,2024,2024 Grand Prix of Monterey Race 1,WeatherTech Raceway Laguna Seca,road,16,7.0,7.0,0.0,1.0,19,0.6667,green,partial_visible_laps_only,official_lap_chart,61e7c0e8ca2682cb606c7604b26f433daf6d95c358be5879e2fdbc06135604fd
session_indy_nxt_2024_6317,event_indy_nxt_2024_5473,2024,2024 Grand Prix of Monterey Race 1,WeatherTech Raceway Laguna Seca,road,17,7.0,7.0,0.0,1.0,19,0.6667,green,partial_visible_laps_only,official_lap_chart,61e7c0e8ca2682cb606c7604b26f433daf6d95c358be5879e2fdbc06135604fd
session_indy_nxt_2024_6317,event_indy_nxt_2024_5473,2024,2024 Grand Prix of Monterey Race 1,WeatherTech Raceway Laguna Seca,road,18,7.0,7.0,0.0,1.0,19,0.6667,green,partial_visible_laps_only,official_lap_chart,61e7c0e8ca2682cb606c7604b26f433daf6d95c358be5879e2fdbc06135604fd
session_indy_nxt_2024_6317,event_indy_nxt_2024_5473,2024,2024 Grand Prix of Monterey Race 1,WeatherTech Raceway Laguna Seca,road,19,7.0,7.0,0.0,1.0,19,0.6667,green,partial_visible_laps_only,official_lap_chart,61e7c0e8ca2682cb606c7604b26f433daf6d95c358be5879e2fdbc06135604fd
session_indy_nxt_2024_6317,event_indy_nxt_2024_5473,2024,2024 Grand Prix of Monterey Race 1,WeatherTech Raceway Laguna Seca,road,20,18.0,7.0,-11.0,-10.0,19,0.0556,green,partial_visible_laps_only,official_lap_chart,61e7c0e8ca2682cb606c7604b26f433daf6d95c358be5879e2fdbc06135604fd
session_indy_nxt_2024_6317,event_indy_nxt_2024_5473,2024,2024 Grand Prix of Monterey Race 1,WeatherTech Raceway Laguna Seca,road,21,18.0,18.0,0.0,-10.0,19,0.0556,green,partial_visible_laps_only,official_lap_chart,61e7c0e8ca2682cb606c7604b26f433daf6d95c358be5879e2fdbc06135604fd
session_indy_nxt_2024_6317,event_indy_nxt_2024_5473,2024,2024 Grand Prix of Monterey Race 1,WeatherTech Raceway Laguna Seca,road,22,18.0,18.0,0.0,-10.0,19,0.0556,green,partial_visible_laps_only,official_lap_chart,61e7c0e8ca2682cb606c7604b26f433daf6d95c358be5879e2fdbc06135604fd
session_indy_nxt_2024_6317,event_indy_nxt_2024_5473,2024,2024 Grand Prix of Monterey Race 1,WeatherTech Raceway Laguna Seca,road,23,18.0,18.0,0.0,-10.0,19,0.0556,green,partial_visible_laps_only,official_lap_chart,61e7c0e8ca2682cb606c7604b26f433daf6d95c358be5879e2fdbc06135604fd
session_indy_nxt_2024_6317,event_indy_nxt_2024_5473,2024,2024 Grand Prix of Monterey Race 1,WeatherTech Raceway Laguna Seca,road,24,18.0,18.0,0.0,-10.0,19,0.0556,green,partial_visible_laps_only,official_lap_chart,61e7c0e8ca2682cb606c7604b26f433daf6d95c358be5879e2fdbc06135604fd
session_indy_nxt_2024_6317,event_indy_nxt_2024_5473,2024,2024 Grand Prix of Monterey Race 1,WeatherTech Raceway Laguna Seca,road,25,18.0,18.0,0.0,-10.0,19,0.0556,green,partial_visible_laps_only,official_lap_chart,61e7c0e8ca2682cb606c7604b26f433daf6d95c358be5879e2fdbc06135604fd
session_indy_nxt_2024_6317,event_indy_nxt_2024_5473,2024,2024 Grand Prix of Monterey Race 1,WeatherTech Raceway Laguna Seca,road,26,18.0,18.0,0.0,-10.0,19,0.0556,green,partial_visible_laps_only,official_lap_chart,61e7c0e8ca2682cb606c7604b26f433daf6d95c358be5879e2fdbc06135604fd
session_indy_nxt_2024_6317,event_indy_nxt_2024_5473,2024,2024 Grand Prix of Monterey Race 1,WeatherTech Raceway Laguna Seca,road,27,18.0,18.0,0.0,-10.0,19,0.0556,green,partial_visible_laps_only,official_lap_chart,61e7c0e8ca2682cb606c7604b26f433daf6d95c358be5879e2fdbc06135604fd
session_indy_nxt_2024_6317,event_indy_nxt_2024_5473,2024,2024 Grand Prix of Monterey Race 1,WeatherTech Raceway Laguna Seca,road,28,18.0,18.0,0.0,-10.0,19,0.0556,green,partial_visible_laps_only,official_lap_chart,61e7c0e8ca2682cb606c7604b26f433daf6d95c358be5879e2fdbc06135604fd
session_indy_nxt_2024_6317,event_indy_nxt_2024_5473,2024,2024 Grand Prix of Monterey Race 1,WeatherTech Raceway Laguna Seca,road,29,17.0,18.0,1.0,-9.0,19,0.1111,green,partial_visible_laps_only,official_lap_chart,61e7c0e8ca2682cb606c7604b26f433daf6d95c358be5879e2fdbc06135604fd
session_indy_nxt_2024_6317,event_indy_nxt_2024_5473,2024,2024 Grand Prix of Monterey Race 1,WeatherTech Raceway Laguna Seca,road,30,17.0,17.0,0.0,-9.0,19,0.1111,green,partial_visible_laps_only,official_lap_chart,61e7c0e8ca2682cb606c7604b26f433daf6d95c358be5879e2fdbc06135604fd
session_indy_nxt_2024_6317,event_indy_nxt_2024_5473,2024,2024 Grand Prix of Monterey Race 1,WeatherTech Raceway Laguna Seca,road,31,17.0,17.0,0.0,-9.0,19,0.1111,green,partial_visible_laps_only,official_lap_chart,61e7c0e8ca2682cb606c7604b26f433daf6d95c358be5879e2fdbc06135604fd
session_indy_nxt_2024_6317,event_indy_nxt_2024_5473,2024,2024 Grand Prix of Monterey Race 1,WeatherTech Raceway Laguna Seca,road,32,17.0,17.0,0.0,-9.0,19,0.1111,green,partial_visible_laps_only,official_lap_chart,61e7c0e8ca2682cb606c7604b26f433daf6d95c358be5879e2fdbc06135604fd
session_indy_nxt_2024_6317,event_indy_nxt_2024_5473,2024,2024 Grand Prix of Monterey Race 1,WeatherTech Raceway Laguna Seca,road,33,16.0,17.0,1.0,-8.0,19,0.1667,green,partial_visible_laps_only,official_lap_chart,61e7c0e8ca2682cb606c7604b26f433daf6d95c358be5879e2fdbc06135604fd
session_indy_nxt_2024_6317,event_indy_nxt_2024_5473,2024,2024 Grand Prix of Monterey Race 1,WeatherTech Raceway Laguna Seca,road,34,16.0,16.0,0.0,-8.0,18,0.1176,green,partial_visible_laps_only,official_lap_chart,61e7c0e8ca2682cb606c7604b26f433daf6d95c358be5879e2fdbc06135604fd
session_indy_nxt_2024_6318,event_indy_nxt_2024_5474,2024,2024 Grand Prix at Mid-Ohio,Mid-Ohio Sports Car Course,road,1,18.0,,,0.0,19,0.0556,caution,complete_validated_against_result_lap_counts,official_lap_chart,61e7c0e8ca2682cb606c7604b26f433daf6d95c358be5879e2fdbc06135604fd
session_indy_nxt_2024_6318,event_indy_nxt_2024_5474,2024,2024 Grand Prix at Mid-Ohio,Mid-Ohio Sports Car Course,road,2,19.0,18.0,-1.0,-1.0,19,0.0,caution,complete_validated_against_result_lap_counts,official_lap_chart,61e7c0e8ca2682cb606c7604b26f433daf6d95c358be5879e2fdbc06135604fd
session_indy_nxt_2024_6318,event_indy_nxt_2024_5474,2024,2024 Grand Prix at Mid-Ohio,Mid-Ohio Sports Car Course,road,3,19.0,19.0,0.0,-1.0,19,0.0,caution,complete_validated_against_result_lap_counts,official_lap_chart,61e7c0e8ca2682cb606c7604b26f433daf6d95c358be5879e2fdbc06135604fd
session_indy_nxt_2024_6318,event_indy_nxt_2024_5474,2024,2024 Grand Prix at Mid-Ohio,Mid-Ohio Sports Car Course,road,4,19.0,19.0,0.0,-1.0,19,0.0,restart_lap,complete_validated_against_result_lap_counts,official_lap_chart,61e7c0e8ca2682cb606c7604b26f433daf6d95c358be5879e2fdbc06135604fd
session_indy_nxt_2024_6318,event_indy_nxt_2024_5474,2024,2024 Grand Prix at Mid-Ohio,Mid-Ohio Sports Car Course,road,5,18.0,19.0,1.0,0.0,19,0.0556,green,complete_validated_against_result_lap_counts,official_lap_chart,61e7c0e8ca2682cb606c7604b26f433daf6d95c358be5879e2fdbc06135604fd
session_indy_nxt_2024_6318,event_indy_nxt_2024_5474,2024,2024 Grand Prix at Mid-Ohio,Mid-Ohio Sports Car Course,road,6,18.0,18.0,0.0,0.0,19,0.0556,green,complete_validated_against_result_lap_counts,official_lap_chart,61e7c0e8ca2682cb606c7604b26f433daf6d95c358be5879e2fdbc06135604fd
session_indy_nxt_2024_6318,event_indy_nxt_2024_5474,2024,2024 Grand Prix at Mid-Ohio,Mid-Ohio Sports Car Course,road,7,18.0,18.0,0.0,0.0,18,0.0,green,complete_validated_against_result_lap_counts,official_lap_chart,61e7c0e8ca2682cb606c7604b26f433daf6d95c358be5879e2fdbc06135604fd
session_indy_nxt_2024_6318,event_indy_nxt_2024_5474,2024,2024 Grand Prix at Mid-Ohio,Mid-Ohio Sports Car Course,road,8,18.0,18.0,0.0,0.0,18,0.0,green,complete_validated_against_result_lap_counts,official_lap_chart,61e7c0e8ca2682cb606c7604b26f433daf6d95c358be5879e2fdbc06135604fd
session_indy_nxt_2024_6318,event_indy_nxt_2024_5474,2024,2024 Grand Prix at Mid-Ohio,Mid-Ohio Sports Car Course,road,9,18.0,18.0,0.0,0.0,18,0.0,green,complete_validated_against_result_lap_counts,official_lap_chart,61e7c0e8ca2682cb606c7604b26f433daf6d95c358be5879e2fdbc06135604fd
session_indy_nxt_2024_6318,event_indy_nxt_2024_5474,2024,2024 Grand Prix at Mid-Ohio,Mid-Ohio Sports Car Course,road,10,18.0,18.0,0.0,0.0,18,0.0,green,complete_validated_against_result_lap_counts,official_lap_chart,61e7c0e8ca2682cb606c7604b26f433daf6d95c358be5879e2fdbc06135604fd
session_indy_nxt_2024_6318,event_indy_nxt_2024_5474,2024,2024 Grand Prix at Mid-Ohio,Mid-Ohio Sports Car Course,road,11,18.0,18.0,0.0,0.0,18,0.0,green,complete_validated_against_result_lap_counts,official_lap_chart,61e7c0e8ca2682cb606c7604b26f433daf6d95c358be5879e2fdbc06135604fd
session_indy_nxt_2024_6318,event_indy_nxt_2024_5474,2024,2024 Grand Prix at Mid-Ohio,Mid-Ohio Sports Car Course,road,12,18.0,18.0,0.0,0.0,18,0.0,green,complete_validated_against_result_lap_counts,official_lap_chart,61e7c0e8ca2682cb606c7604b26f433daf6d95c358be5879e2fdbc06135604fd
session_indy_nxt_2024_6318,event_indy_nxt_2024_5474,2024,2024 Grand Prix at Mid-Ohio,Mid-Ohio Sports Car Course,road,13,18.0,18.0,0.0,0.0,18,0.0,green,complete_validated_against_result_lap_counts,official_lap_chart,61e7c0e8ca2682cb606c7604b26f433daf6d95c358be5879e2fdbc06135604fd
session_indy_nxt_2024_6318,event_indy_nxt_2024_5474,2024,2024 Grand Prix at Mid-Ohio,Mid-Ohio Sports Car Course,road,14,18.0,18.0,0.0,0.0,18,0.0,green,complete_validated_against_result_lap_counts,official_lap_chart,61e7c0e8ca2682cb606c7604b26f433daf6d95c358be5879e2fdbc06135604fd
session_indy_nxt_2024_6318,event_indy_nxt_2024_5474,2024,2024 Grand Prix at Mid-Ohio,Mid-Ohio Sports Car Course,road,15,18.0,18.0,0.0,0.0,18,0.0,green,complete_validated_against_result_lap_counts,official_lap_chart,61e7c0e8ca2682cb606c7604b26f433daf6d95c358be5879e2fdbc06135604fd
session_indy_nxt_2024_6318,event_indy_nxt_2024_5474,2024,2024 Grand Prix at Mid-Ohio,Mid-Ohio Sports Car Course,road,16,18.0,18.0,0.0,0.0,18,0.0,green,complete_validated_against_result_lap_counts,official_lap_chart,61e7c0e8ca2682cb606c7604b26f433daf6d95c358be5879e2fdbc06135604fd
session_indy_nxt_2024_6318,event_indy_nxt_2024_5474,2024,2024 Grand Prix at Mid-Ohio,Mid-Ohio Sports Car Course,road,17,18.0,18.0,0.0,0.0,18,0.0,green,complete_validated_against_result_lap_counts,official_lap_chart,61e7c0e8ca2682cb606c7604b26f433daf6d95c358be5879e2fdbc06135604fd
session_indy_nxt_2024_6318,event_indy_nxt_2024_5474,2024,2024 Grand Prix at Mid-Ohio,Mid-Ohio Sports Car Course,road,18,18.0,18.0,0.0,0.0,18,0.0,green,complete_validated_against_result_lap_counts,official_lap_chart,61e7c0e8ca2682cb606c7604b26f433daf6d95c358be5879e2fdbc06135604fd
session_indy_nxt_2024_6318,event_indy_nxt_2024_5474,2024,2024 Grand Prix at Mid-Ohio,Mid-Ohio Sports Car Course,road,19,18.0,18.0,0.0,0.0,18,0.0,green,complete_validated_against_result_lap_counts,official_lap_chart,61e7c0e8ca2682cb606c7604b26f433daf6d95c358be5879e2fdbc06135604fd
session_indy_nxt_2024_6318,event_indy_nxt_2024_5474,2024,2024 Grand Prix at Mid-Ohio,Mid-Ohio Sports Car Course,road,20,18.0,18.0,0.0,0.0,18,0.0,green,complete_validated_against_result_lap_counts,official_lap_chart,61e7c0e8ca2682cb606c7604b26f433daf6d95c358be5879e2fdbc06135604fd
session_indy_nxt_2024_6318,event_indy_nxt_2024_5474,2024,2024 Grand Prix at Mid-Ohio,Mid-Ohio Sports Car Course,road,21,18.0,18.0,0.0,0.0,18,0.0,green,complete_validated_against_result_lap_counts,official_lap_chart,61e7c0e8ca2682cb606c7604b26f433daf6d95c358be5879e2fdbc06135604fd
session_indy_nxt_2024_6318,event_indy_nxt_2024_5474,2024,2024 Grand Prix at Mid-Ohio,Mid-Ohio Sports Car Course,road,22,18.0,18.0,0.0,0.0,18,0.0,green,complete_validated_against_result_lap_counts,official_lap_chart,61e7c0e8ca2682cb606c7604b26f433daf6d95c358be5879e2fdbc06135604fd
session_indy_nxt_2024_6318,event_indy_nxt_2024_5474,2024,2024 Grand Prix at Mid-Ohio,Mid-Ohio Sports Car Course,road,23,18.0,18.0,0.0,0.0,18,0.0,green,complete_validated_against_result_lap_counts,official_lap_chart,61e7c0e8ca2682cb606c7604b26f433daf6d95c358be5879e2fdbc06135604fd
session_indy_nxt_2024_6318,event_indy_nxt_2024_5474,2024,2024 Grand Prix at Mid-Ohio,Mid-Ohio Sports Car Course,road,24,18.0,18.0,0.0,0.0,18,0.0,green,complete_validated_against_result_lap_counts,official_lap_chart,61e7c0e8ca2682cb606c7604b26f433daf6d95c358be5879e2fdbc06135604fd
session_indy_nxt_2024_6318,event_indy_nxt_2024_5474,2024,2024 Grand Prix at Mid-Ohio,Mid-Ohio Sports Car Course,road,25,18.0,18.0,0.0,0.0,18,0.0,green,complete_validated_against_result_lap_counts,official_lap_chart,61e7c0e8ca2682cb606c7604b26f433daf6d95c358be5879e2fdbc06135604fd
session_indy_nxt_2024_6318,event_indy_nxt_2024_5474,2024,2024 Grand Prix at Mid-Ohio,Mid-Ohio Sports Car Course,road,26,18.0,18.0,0.0,0.0,18,0.0,green,complete_validated_against_result_lap_counts,official_lap_chart,61e7c0e8ca2682cb606c7604b26f433daf6d95c358be5879e2fdbc06135604fd
session_indy_nxt_2024_6318,event_indy_nxt_2024_5474,2024,2024 Grand Prix at Mid-Ohio,Mid-Ohio Sports Car Course,road,27,18.0,18.0,0.0,0.0,18,0.0,green,complete_validated_against_result_lap_counts,official_lap_chart,61e7c0e8ca2682cb606c7604b26f433daf6d95c358be5879e2fdbc06135604fd
session_indy_nxt_2024_6318,event_indy_nxt_2024_5474,2024,2024 Grand Prix at Mid-Ohio,Mid-Ohio Sports Car Course,road,28,18.0,18.0,0.0,0.0,18,0.0,green,complete_validated_against_result_lap_counts,official_lap_chart,61e7c0e8ca2682cb606c7604b26f433daf6d95c358be5879e2fdbc06135604fd
session_indy_nxt_2024_6318,event_indy_nxt_2024_5474,2024,2024 Grand Prix at Mid-Ohio,Mid-Ohio Sports Car Course,road,29,18.0,18.0,0.0,0.0,18,0.0,green,complete_validated_against_result_lap_counts,official_lap_chart,61e7c0e8ca2682cb606c7604b26f433daf6d95c358be5879e2fdbc06135604fd
session_indy_nxt_2024_6318,event_indy_nxt_2024_5474,2024,2024 Grand Prix at Mid-Ohio,Mid-Ohio Sports Car Course,road,30,18.0,18.0,0.0,0.0,18,0.0,green,complete_validated_against_result_lap_counts,official_lap_chart,61e7c0e8ca2682cb606c7604b26f433daf6d95c358be5879e2fdbc06135604fd
session_indy_nxt_2024_6318,event_indy_nxt_2024_5474,2024,2024 Grand Prix at Mid-Ohio,Mid-Ohio Sports Car Course,road,31,18.0,18.0,0.0,0.0,18,0.0,green,complete_validated_against_result_lap_counts,official_lap_chart,61e7c0e8ca2682cb606c7604b26f433daf6d95c358be5879e2fdbc06135604fd
session_indy_nxt_2024_6318,event_indy_nxt_2024_5474,2024,2024 Grand Prix at Mid-Ohio,Mid-Ohio Sports Car Course,road,32,18.0,18.0,0.0,0.0,18,0.0,green,complete_validated_against_result_lap_counts,official_lap_chart,61e7c0e8ca2682cb606c7604b26f433daf6d95c358be5879e2fdbc06135604fd
session_indy_nxt_2024_6319,event_indy_nxt_2024_5475,2024,2024 INDY NXT by Firestone at Iowa Speedway,Iowa Speedway,oval,1,9.0,,,0.0,18,0.5294,green,partial_visible_laps_only,official_lap_chart,61e7c0e8ca2682cb606c7604b26f433daf6d95c358be5879e2fdbc06135604fd
session_indy_nxt_2024_6319,event_indy_nxt_2024_5475,2024,2024 INDY NXT by Firestone at Iowa Speedway,Iowa Speedway,oval,2,10.0,9.0,-1.0,-1.0,18,0.4706,green,partial_visible_laps_only,official_lap_chart,61e7c0e8ca2682cb606c7604b26f433daf6d95c358be5879e2fdbc06135604fd
session_indy_nxt_2024_6319,event_indy_nxt_2024_5475,2024,2024 INDY NXT by Firestone at Iowa Speedway,Iowa Speedway,oval,3,9.0,10.0,1.0,0.0,18,0.5294,green,partial_visible_laps_only,official_lap_chart,61e7c0e8ca2682cb606c7604b26f433daf6d95c358be5879e2fdbc06135604fd
session_indy_nxt_2024_6319,event_indy_nxt_2024_5475,2024,2024 INDY NXT by Firestone at Iowa Speedway,Iowa Speedway,oval,4,9.0,9.0,0.0,0.0,18,0.5294,green,partial_visible_laps_only,official_lap_chart,61e7c0e8ca2682cb606c7604b26f433daf6d95c358be5879e2fdbc06135604fd
session_indy_nxt_2024_6319,event_indy_nxt_2024_5475,2024,2024 INDY NXT by Firestone at Iowa Speedway,Iowa Speedway,oval,5,9.0,9.0,0.0,0.0,18,0.5294,green,partial_visible_laps_only,official_lap_chart,61e7c0e8ca2682cb606c7604b26f433daf6d95c358be5879e2fdbc06135604fd
session_indy_nxt_2024_6319,event_indy_nxt_2024_5475,2024,2024 INDY NXT by Firestone at Iowa Speedway,Iowa Speedway,oval,6,9.0,9.0,0.0,0.0,18,0.5294,green,partial_visible_laps_only,official_lap_chart,61e7c0e8ca2682cb606c7604b26f433daf6d95c358be5879e2fdbc06135604fd
session_indy_nxt_2024_6319,event_indy_nxt_2024_5475,2024,2024 INDY NXT by Firestone at Iowa Speedway,Iowa Speedway,oval,7,9.0,9.0,0.0,0.0,17,0.5,green,partial_visible_laps_only,official_lap_chart,61e7c0e8ca2682cb606c7604b26f433daf6d95c358be5879e2fdbc06135604fd
session_indy_nxt_2024_6319,event_indy_nxt_2024_5475,2024,2024 INDY NXT by Firestone at Iowa Speedway,Iowa Speedway,oval,8,10.0,9.0,-1.0,-1.0,17,0.4375,green,partial_visible_laps_only,official_lap_chart,61e7c0e8ca2682cb606c7604b26f433daf6d95c358be5879e2fdbc06135604fd
session_indy_nxt_2024_6319,event_indy_nxt_2024_5475,2024,2024 INDY NXT by Firestone at Iowa Speedway,Iowa Speedway,oval,9,10.0,10.0,0.0,-1.0,18,0.4706,green,partial_visible_laps_only,official_lap_chart,61e7c0e8ca2682cb606c7604b26f433daf6d95c358be5879e2fdbc06135604fd
session_indy_nxt_2024_6319,event_indy_nxt_2024_5475,2024,2024 INDY NXT by Firestone at Iowa Speedway,Iowa Speedway,oval,10,11.0,10.0,-1.0,-2.0,18,0.4118,green,partial_visible_laps_only,official_lap_chart,61e7c0e8ca2682cb606c7604b26f433daf6d95c358be5879e2fdbc06135604fd
session_indy_nxt_2024_6319,event_indy_nxt_2024_5475,2024,2024 INDY NXT by Firestone at Iowa Speedway,Iowa Speedway,oval,11,11.0,11.0,0.0,-2.0,18,0.4118,green,partial_visible_laps_only,official_lap_chart,61e7c0e8ca2682cb606c7604b26f433daf6d95c358be5879e2fdbc06135604fd
session_indy_nxt_2024_6319,event_indy_nxt_2024_5475,2024,2024 INDY NXT by Firestone at Iowa Speedway,Iowa Speedway,oval,12,11.0,11.0,0.0,-2.0,18,0.4118,green,partial_visible_laps_only,official_lap_chart,61e7c0e8ca2682cb606c7604b26f433daf6d95c358be5879e2fdbc06135604fd
session_indy_nxt_2024_6319,event_indy_nxt_2024_5475,2024,2024 INDY NXT by Firestone at Iowa Speedway,Iowa Speedway,oval,13,9.0,11.0,2.0,0.0,16,0.4667,caution,partial_visible_laps_only,official_lap_chart,61e7c0e8ca2682cb606c7604b26f433daf6d95c358be5879e2fdbc06135604fd
session_indy_nxt_2024_6319,event_indy_nxt_2024_5475,2024,2024 INDY NXT by Firestone at Iowa Speedway,Iowa Speedway,oval,14,9.0,9.0,0.0,0.0,16,0.4667,caution,partial_visible_laps_only,official_lap_chart,61e7c0e8ca2682cb606c7604b26f433daf6d95c358be5879e2fdbc06135604fd
session_indy_nxt_2024_6319,event_indy_nxt_2024_5475,2024,2024 INDY NXT by Firestone at Iowa Speedway,Iowa Speedway,oval,15,9.0,9.0,0.0,0.0,16,0.4667,caution,partial_visible_laps_only,official_lap_chart,61e7c0e8ca2682cb606c7604b26f433daf6d95c358be5879e2fdbc06135604fd
session_indy_nxt_2024_6319,event_indy_nxt_2024_5475,2024,2024 INDY NXT by Firestone at Iowa Speedway,Iowa Speedway,oval,16,9.0,9.0,0.0,0.0,16,0.4667,caution,partial_visible_laps_only,official_lap_chart,61e7c0e8ca2682cb606c7604b26f433daf6d95c358be5879e2fdbc06135604fd
session_indy_nxt_2024_6319,event_indy_nxt_2024_5475,2024,2024 INDY NXT by Firestone at Iowa Speedway,Iowa Speedway,oval,17,9.0,9.0,0.0,0.0,16,0.4667,caution,partial_visible_laps_only,official_lap_chart,61e7c0e8ca2682cb606c7604b26f433daf6d95c358be5879e2fdbc06135604fd
session_indy_nxt_2024_6319,event_indy_nxt_2024_5475,2024,2024 INDY NXT by Firestone at Iowa Speedway,Iowa Speedway,oval,18,9.0,9.0,0.0,0.0,16,0.4667,caution,partial_visible_laps_only,official_lap_chart,61e7c0e8ca2682cb606c7604b26f433daf6d95c358be5879e2fdbc06135604fd
session_indy_nxt_2024_6319,event_indy_nxt_2024_5475,2024,2024 INDY NXT by Firestone at Iowa Speedway,Iowa Speedway,oval,19,9.0,9.0,0.0,0.0,16,0.4667,caution,partial_visible_laps_only,official_lap_chart,61e7c0e8ca2682cb606c7604b26f433daf6d95c358be5879e2fdbc06135604fd
session_indy_nxt_2024_6319,event_indy_nxt_2024_5475,2024,2024 INDY NXT by Firestone at Iowa Speedway,Iowa Speedway,oval,20,9.0,9.0,0.0,0.0,16,0.4667,caution,partial_visible_laps_only,official_lap_chart,61e7c0e8ca2682cb606c7604b26f433daf6d95c358be5879e2fdbc06135604fd
session_indy_nxt_2024_6319,event_indy_nxt_2024_5475,2024,2024 INDY NXT by Firestone at Iowa Speedway,Iowa Speedway,oval,21,9.0,9.0,0.0,0.0,16,0.4667,caution,partial_visible_laps_only,official_lap_chart,61e7c0e8ca2682cb606c7604b26f433daf6d95c358be5879e2fdbc06135604fd
session_indy_nxt_2024_6319,event_indy_nxt_2024_5475,2024,2024 INDY NXT by Firestone at Iowa Speedway,Iowa Speedway,oval,22,9.0,9.0,0.0,0.0,16,0.4667,caution,partial_visible_laps_only,official_lap_chart,61e7c0e8ca2682cb606c7604b26f433daf6d95c358be5879e2fdbc06135604fd
session_indy_nxt_2024_6319,event_indy_nxt_2024_5475,2024,2024 INDY NXT by Firestone at Iowa Speedway,Iowa Speedway,oval,23,9.0,9.0,0.0,0.0,16,0.4667,caution,partial_visible_laps_only,official_lap_chart,61e7c0e8ca2682cb606c7604b26f433daf6d95c358be5879e2fdbc06135604fd
session_indy_nxt_2024_6319,event_indy_nxt_2024_5475,2024,2024 INDY NXT by Firestone at Iowa Speedway,Iowa Speedway,oval,24,9.0,9.0,0.0,0.0,16,0.4667,caution,partial_visible_laps_only,official_lap_chart,61e7c0e8ca2682cb606c7604b26f433daf6d95c358be5879e2fdbc06135604fd
session_indy_nxt_2024_6319,event_indy_nxt_2024_5475,2024,2024 INDY NXT by Firestone at Iowa Speedway,Iowa Speedway,oval,25,9.0,9.0,0.0,0.0,16,0.4667,caution,partial_visible_laps_only,official_lap_chart,61e7c0e8ca2682cb606c7604b26f433daf6d95c358be5879e2fdbc06135604fd
session_indy_nxt_2024_6319,event_indy_nxt_2024_5475,2024,2024 INDY NXT by Firestone at Iowa Speedway,Iowa Speedway,oval,26,9.0,9.0,0.0,0.0,16,0.4667,caution,partial_visible_laps_only,official_lap_chart,61e7c0e8ca2682cb606c7604b26f433daf6d95c358be5879e2fdbc06135604fd
session_indy_nxt_2024_6319,event_indy_nxt_2024_5475,2024,2024 INDY NXT by Firestone at Iowa Speedway,Iowa Speedway,oval,27,9.0,9.0,0.0,0.0,16,0.4667,caution,partial_visible_laps_only,official_lap_chart,61e7c0e8ca2682cb606c7604b26f433daf6d95c358be5879e2fdbc06135604fd
session_indy_nxt_2024_6319,event_indy_nxt_2024_5475,2024,2024 INDY NXT by Firestone at Iowa Speedway,Iowa Speedway,oval,28,9.0,9.0,0.0,0.0,16,0.4667,caution,partial_visible_laps_only,official_lap_chart,61e7c0e8ca2682cb606c7604b26f433daf6d95c358be5879e2fdbc06135604fd
session_indy_nxt_2024_6319,event_indy_nxt_2024_5475,2024,2024 INDY NXT by Firestone at Iowa Speedway,Iowa Speedway,oval,29,9.0,9.0,0.0,0.0,16,0.4667,caution,partial_visible_laps_only,official_lap_chart,61e7c0e8ca2682cb606c7604b26f433daf6d95c358be5879e2fdbc06135604fd
session_indy_nxt_2024_6319,event_indy_nxt_2024_5475,2024,2024 INDY NXT by Firestone at Iowa Speedway,Iowa Speedway,oval,30,9.0,9.0,0.0,0.0,16,0.4667,caution,partial_visible_laps_only,official_lap_chart,61e7c0e8ca2682cb606c7604b26f433daf6d95c358be5879e2fdbc06135604fd
session_indy_nxt_2024_6319,event_indy_nxt_2024_5475,2024,2024 INDY NXT by Firestone at Iowa Speedway,Iowa Speedway,oval,31,9.0,9.0,0.0,0.0,16,0.4667,caution,partial_visible_laps_only,official_lap_chart,61e7c0e8ca2682cb606c7604b26f433daf6d95c358be5879e2fdbc06135604fd
session_indy_nxt_2024_6319,event_indy_nxt_2024_5475,2024,2024 INDY NXT by Firestone at Iowa Speedway,Iowa Speedway,oval,32,9.0,9.0,0.0,0.0,16,0.4667,caution,partial_visible_laps_only,official_lap_chart,61e7c0e8ca2682cb606c7604b26f433daf6d95c358be5879e2fdbc06135604fd
session_indy_nxt_2024_6319,event_indy_nxt_2024_5475,2024,2024 INDY NXT by Firestone at Iowa Speedway,Iowa Speedway,oval,33,9.0,9.0,0.0,0.0,16,0.4667,caution,partial_visible_laps_only,official_lap_chart,61e7c0e8ca2682cb606c7604b26f433daf6d95c358be5879e2fdbc06135604fd
session_indy_nxt_2024_6319,event_indy_nxt_2024_5475,2024,2024 INDY NXT by Firestone at Iowa Speedway,Iowa Speedway,oval,34,9.0,9.0,0.0,0.0,16,0.4667,caution,partial_visible_laps_only,official_lap_chart,61e7c0e8ca2682cb606c7604b26f433daf6d95c358be5879e2fdbc06135604fd
session_indy_nxt_2024_6319,event_indy_nxt_2024_5475,2024,2024 INDY NXT by Firestone at Iowa Speedway,Iowa Speedway,oval,35,9.0,9.0,0.0,0.0,16,0.4667,caution,partial_visible_laps_only,official_lap_chart,61e7c0e8ca2682cb606c7604b26f433daf6d95c358be5879e2fdbc06135604fd
session_indy_nxt_2024_6319,event_indy_nxt_2024_5475,2024,2024 INDY NXT by Firestone at Iowa Speedway,Iowa Speedway,oval,36,9.0,9.0,0.0,0.0,16,0.4667,caution,partial_visible_laps_only,official_lap_chart,61e7c0e8ca2682cb606c7604b26f433daf6d95c358be5879e2fdbc06135604fd
session_indy_nxt_2024_6319,event_indy_nxt_2024_5475,2024,2024 INDY NXT by Firestone at Iowa Speedway,Iowa Speedway,oval,37,9.0,9.0,0.0,0.0,16,0.4667,caution,partial_visible_laps_only,official_lap_chart,61e7c0e8ca2682cb606c7604b26f433daf6d95c358be5879e2fdbc06135604fd
session_indy_nxt_2024_6319,event_indy_nxt_2024_5475,2024,2024 INDY NXT by Firestone at Iowa Speedway,Iowa Speedway,oval,38,9.0,9.0,0.0,0.0,16,0.4667,caution,partial_visible_laps_only,official_lap_chart,61e7c0e8ca2682cb606c7604b26f433daf6d95c358be5879e2fdbc06135604fd
session_indy_nxt_2024_6319,event_indy_nxt_2024_5475,2024,2024 INDY NXT by Firestone at Iowa Speedway,Iowa Speedway,oval,39,9.0,9.0,0.0,0.0,16,0.4667,restart_lap,partial_visible_laps_only,official_lap_chart,61e7c0e8ca2682cb606c7604b26f433daf6d95c358be5879e2fdbc06135604fd
session_indy_nxt_2024_6319,event_indy_nxt_2024_5475,2024,2024 INDY NXT by Firestone at Iowa Speedway,Iowa Speedway,oval,40,8.0,9.0,1.0,1.0,16,0.5333,green,partial_visible_laps_only,official_lap_chart,61e7c0e8ca2682cb606c7604b26f433daf6d95c358be5879e2fdbc06135604fd
session_indy_nxt_2024_6319,event_indy_nxt_2024_5475,2024,2024 INDY NXT by Firestone at Iowa Speedway,Iowa Speedway,oval,41,8.0,8.0,0.0,1.0,16,0.5333,green,partial_visible_laps_only,official_lap_chart,61e7c0e8ca2682cb606c7604b26f433daf6d95c358be5879e2fdbc06135604fd
session_indy_nxt_2024_6319,event_indy_nxt_2024_5475,2024,2024 INDY NXT by Firestone at Iowa Speedway,Iowa Speedway,oval,42,8.0,8.0,0.0,1.0,16,0.5333,green,partial_visible_laps_only,official_lap_chart,61e7c0e8ca2682cb606c7604b26f433daf6d95c358be5879e2fdbc06135604fd
session_indy_nxt_2024_6319,event_indy_nxt_2024_5475,2024,2024 INDY NXT by Firestone at Iowa Speedway,Iowa Speedway,oval,43,8.0,8.0,0.0,1.0,16,0.5333,green,partial_visible_laps_only,official_lap_chart,61e7c0e8ca2682cb606c7604b26f433daf6d95c358be5879e2fdbc06135604fd
session_indy_nxt_2024_6319,event_indy_nxt_2024_5475,2024,2024 INDY NXT by Firestone at Iowa Speedway,Iowa Speedway,oval,44,8.0,8.0,0.0,1.0,16,0.5333,green,partial_visible_laps_only,official_lap_chart,61e7c0e8ca2682cb606c7604b26f433daf6d95c358be5879e2fdbc06135604fd
session_indy_nxt_2024_6319,event_indy_nxt_2024_5475,2024,2024 INDY NXT by Firestone at Iowa Speedway,Iowa Speedway,oval,45,8.0,8.0,0.0,1.0,16,0.5333,green,partial_visible_laps_only,official_lap_chart,61e7c0e8ca2682cb606c7604b26f433daf6d95c358be5879e2fdbc06135604fd
session_indy_nxt_2024_6319,event_indy_nxt_2024_5475,2024,2024 INDY NXT by Firestone at Iowa Speedway,Iowa Speedway,oval,46,8.0,8.0,0.0,1.0,16,0.5333,green,partial_visible_laps_only,official_lap_chart,61e7c0e8ca2682cb606c7604b26f433daf6d95c358be5879e2fdbc06135604fd
session_indy_nxt_2024_6319,event_indy_nxt_2024_5475,2024,2024 INDY NXT by Firestone at Iowa Speedway,Iowa Speedway,oval,47,8.0,8.0,0.0,1.0,16,0.5333,green,partial_visible_laps_only,official_lap_chart,61e7c0e8ca2682cb606c7604b26f433daf6d95c358be5879e2fdbc06135604fd
session_indy_nxt_2024_6319,event_indy_nxt_2024_5475,2024,2024 INDY NXT by Firestone at Iowa Speedway,Iowa Speedway,oval,48,8.0,8.0,0.0,1.0,16,0.5333,green,partial_visible_laps_only,official_lap_chart,61e7c0e8ca2682cb606c7604b26f433daf6d95c358be5879e2fdbc06135604fd
session_indy_nxt_2024_6319,event_indy_nxt_2024_5475,2024,2024 INDY NXT by Firestone at Iowa Speedway,Iowa Speedway,oval,49,8.0,8.0,0.0,1.0,15,0.5,green,partial_visible_laps_only,official_lap_chart,61e7c0e8ca2682cb606c7604b26f433daf6d95c358be5879e2fdbc06135604fd
session_indy_nxt_2024_6319,event_indy_nxt_2024_5475,2024,2024 INDY NXT by Firestone at Iowa Speedway,Iowa Speedway,oval,50,8.0,8.0,0.0,1.0,15,0.5,green,partial_visible_laps_only,official_lap_chart,61e7c0e8ca2682cb606c7604b26f433daf6d95c358be5879e2fdbc06135604fd
session_indy_nxt_2024_6319,event_indy_nxt_2024_5475,2024,2024 INDY NXT by Firestone at Iowa Speedway,Iowa Speedway,oval,51,8.0,8.0,0.0,1.0,15,0.5,green,partial_visible_laps_only,official_lap_chart,61e7c0e8ca2682cb606c7604b26f433daf6d95c358be5879e2fdbc06135604fd
session_indy_nxt_2024_6319,event_indy_nxt_2024_5475,2024,2024 INDY NXT by Firestone at Iowa Speedway,Iowa Speedway,oval,52,8.0,8.0,0.0,1.0,15,0.5,green,partial_visible_laps_only,official_lap_chart,61e7c0e8ca2682cb606c7604b26f433daf6d95c358be5879e2fdbc06135604fd
session_indy_nxt_2024_6319,event_indy_nxt_2024_5475,2024,2024 INDY NXT by Firestone at Iowa Speedway,Iowa Speedway,oval,53,8.0,8.0,0.0,1.0,13,0.4167,green,partial_visible_laps_only,official_lap_chart,61e7c0e8ca2682cb606c7604b26f433daf6d95c358be5879e2fdbc06135604fd
session_indy_nxt_2024_6319,event_indy_nxt_2024_5475,2024,2024 INDY NXT by Firestone at Iowa Speedway,Iowa Speedway,oval,54,8.0,8.0,0.0,1.0,13,0.4167,caution,partial_visible_laps_only,official_lap_chart,61e7c0e8ca2682cb606c7604b26f433daf6d95c358be5879e2fdbc06135604fd
session_indy_nxt_2024_6319,event_indy_nxt_2024_5475,2024,2024 INDY NXT by Firestone at Iowa Speedway,Iowa Speedway,oval,55,8.0,8.0,0.0,1.0,13,0.4167,caution,partial_visible_laps_only,official_lap_chart,61e7c0e8ca2682cb606c7604b26f433daf6d95c358be5879e2fdbc06135604fd
session_indy_nxt_2024_6320,event_indy_nxt_2024_5476,2024,2024 OUTFRONT Showdown,World Wide Technology Raceway,oval,1,14.0,,,0.0,17,0.1875,green,partial_visible_laps_only,official_lap_chart,61e7c0e8ca2682cb606c7604b26f433daf6d95c358be5879e2fdbc06135604fd
session_indy_nxt_2024_6320,event_indy_nxt_2024_5476,2024,2024 OUTFRONT Showdown,World Wide Technology Raceway,oval,2,12.0,14.0,2.0,2.0,17,0.3125,caution,partial_visible_laps_only,official_lap_chart,61e7c0e8ca2682cb606c7604b26f433daf6d95c358be5879e2fdbc06135604fd
session_indy_nxt_2024_6320,event_indy_nxt_2024_5476,2024,2024 OUTFRONT Showdown,World Wide Technology Raceway,oval,3,12.0,12.0,0.0,2.0,16,0.2667,caution,partial_visible_laps_only,official_lap_chart,61e7c0e8ca2682cb606c7604b26f433daf6d95c358be5879e2fdbc06135604fd
session_indy_nxt_2024_6320,event_indy_nxt_2024_5476,2024,2024 OUTFRONT Showdown,World Wide Technology Raceway,oval,4,12.0,12.0,0.0,2.0,16,0.2667,caution,partial_visible_laps_only,official_lap_chart,61e7c0e8ca2682cb606c7604b26f433daf6d95c358be5879e2fdbc06135604fd
session_indy_nxt_2024_6320,event_indy_nxt_2024_5476,2024,2024 OUTFRONT Showdown,World Wide Technology Raceway,oval,5,12.0,12.0,0.0,2.0,16,0.2667,caution,partial_visible_laps_only,official_lap_chart,61e7c0e8ca2682cb606c7604b26f433daf6d95c358be5879e2fdbc06135604fd
session_indy_nxt_2024_6320,event_indy_nxt_2024_5476,2024,2024 OUTFRONT Showdown,World Wide Technology Raceway,oval,6,12.0,12.0,0.0,2.0,16,0.2667,restart_lap,partial_visible_laps_only,official_lap_chart,61e7c0e8ca2682cb606c7604b26f433daf6d95c358be5879e2fdbc06135604fd
session_indy_nxt_2024_6320,event_indy_nxt_2024_5476,2024,2024 OUTFRONT Showdown,World Wide Technology Raceway,oval,7,10.0,12.0,2.0,4.0,16,0.4,green,partial_visible_laps_only,official_lap_chart,61e7c0e8ca2682cb606c7604b26f433daf6d95c358be5879e2fdbc06135604fd
session_indy_nxt_2024_6320,event_indy_nxt_2024_5476,2024,2024 OUTFRONT Showdown,World Wide Technology Raceway,oval,8,9.0,10.0,1.0,5.0,15,0.4286,caution,partial_visible_laps_only,official_lap_chart,61e7c0e8ca2682cb606c7604b26f433daf6d95c358be5879e2fdbc06135604fd
session_indy_nxt_2024_6320,event_indy_nxt_2024_5476,2024,2024 OUTFRONT Showdown,World Wide Technology Raceway,oval,9,9.0,9.0,0.0,5.0,15,0.4286,caution,partial_visible_laps_only,official_lap_chart,61e7c0e8ca2682cb606c7604b26f433daf6d95c358be5879e2fdbc06135604fd
session_indy_nxt_2024_6320,event_indy_nxt_2024_5476,2024,2024 OUTFRONT Showdown,World Wide Technology Raceway,oval,10,9.0,9.0,0.0,5.0,15,0.4286,caution,partial_visible_laps_only,official_lap_chart,61e7c0e8ca2682cb606c7604b26f433daf6d95c358be5879e2fdbc06135604fd
session_indy_nxt_2024_6320,event_indy_nxt_2024_5476,2024,2024 OUTFRONT Showdown,World Wide Technology Raceway,oval,11,9.0,9.0,0.0,5.0,15,0.4286,caution,partial_visible_laps_only,official_lap_chart,61e7c0e8ca2682cb606c7604b26f433daf6d95c358be5879e2fdbc06135604fd
session_indy_nxt_2024_6320,event_indy_nxt_2024_5476,2024,2024 OUTFRONT Showdown,World Wide Technology Raceway,oval,12,9.0,9.0,0.0,5.0,15,0.4286,caution,partial_visible_laps_only,official_lap_chart,61e7c0e8ca2682cb606c7604b26f433daf6d95c358be5879e2fdbc06135604fd
session_indy_nxt_2024_6320,event_indy_nxt_2024_5476,2024,2024 OUTFRONT Showdown,World Wide Technology Raceway,oval,13,9.0,9.0,0.0,5.0,15,0.4286,caution,partial_visible_laps_only,official_lap_chart,61e7c0e8ca2682cb606c7604b26f433daf6d95c358be5879e2fdbc06135604fd
session_indy_nxt_2024_6320,event_indy_nxt_2024_5476,2024,2024 OUTFRONT Showdown,World Wide Technology Raceway,oval,14,9.0,9.0,0.0,5.0,15,0.4286,caution,partial_visible_laps_only,official_lap_chart,61e7c0e8ca2682cb606c7604b26f433daf6d95c358be5879e2fdbc06135604fd
session_indy_nxt_2024_6320,event_indy_nxt_2024_5476,2024,2024 OUTFRONT Showdown,World Wide Technology Raceway,oval,15,9.0,9.0,0.0,5.0,15,0.4286,caution,partial_visible_laps_only,official_lap_chart,61e7c0e8ca2682cb606c7604b26f433daf6d95c358be5879e2fdbc06135604fd
session_indy_nxt_2024_6320,event_indy_nxt_2024_5476,2024,2024 OUTFRONT Showdown,World Wide Technology Raceway,oval,16,9.0,9.0,0.0,5.0,15,0.4286,restart_lap,partial_visible_laps_only,official_lap_chart,61e7c0e8ca2682cb606c7604b26f433daf6d95c358be5879e2fdbc06135604fd
session_indy_nxt_2024_6320,event_indy_nxt_2024_5476,2024,2024 OUTFRONT Showdown,World Wide Technology Raceway,oval,17,10.0,9.0,-1.0,4.0,15,0.3571,green,partial_visible_laps_only,official_lap_chart,61e7c0e8ca2682cb606c7604b26f433daf6d95c358be5879e2fdbc06135604fd
session_indy_nxt_2024_6320,event_indy_nxt_2024_5476,2024,2024 OUTFRONT Showdown,World Wide Technology Raceway,oval,18,10.0,10.0,0.0,4.0,15,0.3571,green,partial_visible_laps_only,official_lap_chart,61e7c0e8ca2682cb606c7604b26f433daf6d95c358be5879e2fdbc06135604fd
session_indy_nxt_2024_6320,event_indy_nxt_2024_5476,2024,2024 OUTFRONT Showdown,World Wide Technology Raceway,oval,19,9.0,10.0,1.0,5.0,15,0.4286,green,partial_visible_laps_only,official_lap_chart,61e7c0e8ca2682cb606c7604b26f433daf6d95c358be5879e2fdbc06135604fd
session_indy_nxt_2024_6320,event_indy_nxt_2024_5476,2024,2024 OUTFRONT Showdown,World Wide Technology Raceway,oval,20,9.0,9.0,0.0,5.0,15,0.4286,green,partial_visible_laps_only,official_lap_chart,61e7c0e8ca2682cb606c7604b26f433daf6d95c358be5879e2fdbc06135604fd
session_indy_nxt_2024_6320,event_indy_nxt_2024_5476,2024,2024 OUTFRONT Showdown,World Wide Technology Raceway,oval,21,9.0,9.0,0.0,5.0,15,0.4286,green,partial_visible_laps_only,official_lap_chart,61e7c0e8ca2682cb606c7604b26f433daf6d95c358be5879e2fdbc06135604fd
session_indy_nxt_2024_6320,event_indy_nxt_2024_5476,2024,2024 OUTFRONT Showdown,World Wide Technology Raceway,oval,22,9.0,9.0,0.0,5.0,15,0.4286,green,partial_visible_laps_only,official_lap_chart,61e7c0e8ca2682cb606c7604b26f433daf6d95c358be5879e2fdbc06135604fd
session_indy_nxt_2024_6320,event_indy_nxt_2024_5476,2024,2024 OUTFRONT Showdown,World Wide Technology Raceway,oval,23,9.0,9.0,0.0,5.0,15,0.4286,green,partial_visible_laps_only,official_lap_chart,61e7c0e8ca2682cb606c7604b26f433daf6d95c358be5879e2fdbc06135604fd
session_indy_nxt_2024_6320,event_indy_nxt_2024_5476,2024,2024 OUTFRONT Showdown,World Wide Technology Raceway,oval,24,9.0,9.0,0.0,5.0,15,0.4286,green,partial_visible_laps_only,official_lap_chart,61e7c0e8ca2682cb606c7604b26f433daf6d95c358be5879e2fdbc06135604fd
session_indy_nxt_2024_6320,event_indy_nxt_2024_5476,2024,2024 OUTFRONT Showdown,World Wide Technology Raceway,oval,25,9.0,9.0,0.0,5.0,15,0.4286,green,partial_visible_laps_only,official_lap_chart,61e7c0e8ca2682cb606c7604b26f433daf6d95c358be5879e2fdbc06135604fd
session_indy_nxt_2024_6320,event_indy_nxt_2024_5476,2024,2024 OUTFRONT Showdown,World Wide Technology Raceway,oval,26,9.0,9.0,0.0,5.0,15,0.4286,green,partial_visible_laps_only,official_lap_chart,61e7c0e8ca2682cb606c7604b26f433daf6d95c358be5879e2fdbc06135604fd
session_indy_nxt_2024_6320,event_indy_nxt_2024_5476,2024,2024 OUTFRONT Showdown,World Wide Technology Raceway,oval,27,9.0,9.0,0.0,5.0,15,0.4286,green,partial_visible_laps_only,official_lap_chart,61e7c0e8ca2682cb606c7604b26f433daf6d95c358be5879e2fdbc06135604fd
session_indy_nxt_2024_6320,event_indy_nxt_2024_5476,2024,2024 OUTFRONT Showdown,World Wide Technology Raceway,oval,28,9.0,9.0,0.0,5.0,15,0.4286,green,partial_visible_laps_only,official_lap_chart,61e7c0e8ca2682cb606c7604b26f433daf6d95c358be5879e2fdbc06135604fd
session_indy_nxt_2024_6320,event_indy_nxt_2024_5476,2024,2024 OUTFRONT Showdown,World Wide Technology Raceway,oval,29,9.0,9.0,0.0,5.0,15,0.4286,green,partial_visible_laps_only,official_lap_chart,61e7c0e8ca2682cb606c7604b26f433daf6d95c358be5879e2fdbc06135604fd
session_indy_nxt_2024_6320,event_indy_nxt_2024_5476,2024,2024 OUTFRONT Showdown,World Wide Technology Raceway,oval,30,9.0,9.0,0.0,5.0,15,0.4286,green,partial_visible_laps_only,official_lap_chart,61e7c0e8ca2682cb606c7604b26f433daf6d95c358be5879e2fdbc06135604fd
session_indy_nxt_2024_6320,event_indy_nxt_2024_5476,2024,2024 OUTFRONT Showdown,World Wide Technology Raceway,oval,31,9.0,9.0,0.0,5.0,15,0.4286,green,partial_visible_laps_only,official_lap_chart,61e7c0e8ca2682cb606c7604b26f433daf6d95c358be5879e2fdbc06135604fd
session_indy_nxt_2024_6320,event_indy_nxt_2024_5476,2024,2024 OUTFRONT Showdown,World Wide Technology Raceway,oval,32,9.0,9.0,0.0,5.0,14,0.3846,green,partial_visible_laps_only,official_lap_chart,61e7c0e8ca2682cb606c7604b26f433daf6d95c358be5879e2fdbc06135604fd
session_indy_nxt_2024_6320,event_indy_nxt_2024_5476,2024,2024 OUTFRONT Showdown,World Wide Technology Raceway,oval,33,9.0,9.0,0.0,5.0,13,0.3333,green,partial_visible_laps_only,official_lap_chart,61e7c0e8ca2682cb606c7604b26f433daf6d95c358be5879e2fdbc06135604fd
session_indy_nxt_2024_6320,event_indy_nxt_2024_5476,2024,2024 OUTFRONT Showdown,World Wide Technology Raceway,oval,34,9.0,9.0,0.0,5.0,13,0.3333,green,partial_visible_laps_only,official_lap_chart,61e7c0e8ca2682cb606c7604b26f433daf6d95c358be5879e2fdbc06135604fd
session_indy_nxt_2024_6320,event_indy_nxt_2024_5476,2024,2024 OUTFRONT Showdown,World Wide Technology Raceway,oval,35,9.0,9.0,0.0,5.0,13,0.3333,green,partial_visible_laps_only,official_lap_chart,61e7c0e8ca2682cb606c7604b26f433daf6d95c358be5879e2fdbc06135604fd
session_indy_nxt_2024_6320,event_indy_nxt_2024_5476,2024,2024 OUTFRONT Showdown,World Wide Technology Raceway,oval,36,9.0,9.0,0.0,5.0,13,0.3333,green,partial_visible_laps_only,official_lap_chart,61e7c0e8ca2682cb606c7604b26f433daf6d95c358be5879e2fdbc06135604fd
session_indy_nxt_2024_6320,event_indy_nxt_2024_5476,2024,2024 OUTFRONT Showdown,World Wide Technology Raceway,oval,37,9.0,9.0,0.0,5.0,13,0.3333,green,partial_visible_laps_only,official_lap_chart,61e7c0e8ca2682cb606c7604b26f433daf6d95c358be5879e2fdbc06135604fd
session_indy_nxt_2024_6320,event_indy_nxt_2024_5476,2024,2024 OUTFRONT Showdown,World Wide Technology Raceway,oval,38,9.0,9.0,0.0,5.0,13,0.3333,green,partial_visible_laps_only,official_lap_chart,61e7c0e8ca2682cb606c7604b26f433daf6d95c358be5879e2fdbc06135604fd
session_indy_nxt_2024_6320,event_indy_nxt_2024_5476,2024,2024 OUTFRONT Showdown,World Wide Technology Raceway,oval,39,9.0,9.0,0.0,5.0,13,0.3333,green,partial_visible_laps_only,official_lap_chart,61e7c0e8ca2682cb606c7604b26f433daf6d95c358be5879e2fdbc06135604fd
session_indy_nxt_2024_6320,event_indy_nxt_2024_5476,2024,2024 OUTFRONT Showdown,World Wide Technology Raceway,oval,40,9.0,9.0,0.0,5.0,13,0.3333,green,partial_visible_laps_only,official_lap_chart,61e7c0e8ca2682cb606c7604b26f433daf6d95c358be5879e2fdbc06135604fd
session_indy_nxt_2024_6320,event_indy_nxt_2024_5476,2024,2024 OUTFRONT Showdown,World Wide Technology Raceway,oval,41,9.0,9.0,0.0,5.0,13,0.3333,green,partial_visible_laps_only,official_lap_chart,61e7c0e8ca2682cb606c7604b26f433daf6d95c358be5879e2fdbc06135604fd
session_indy_nxt_2024_6320,event_indy_nxt_2024_5476,2024,2024 OUTFRONT Showdown,World Wide Technology Raceway,oval,42,9.0,9.0,0.0,5.0,13,0.3333,green,partial_visible_laps_only,official_lap_chart,61e7c0e8ca2682cb606c7604b26f433daf6d95c358be5879e2fdbc06135604fd
session_indy_nxt_2024_6320,event_indy_nxt_2024_5476,2024,2024 OUTFRONT Showdown,World Wide Technology Raceway,oval,43,9.0,9.0,0.0,5.0,13,0.3333,green,partial_visible_laps_only,official_lap_chart,61e7c0e8ca2682cb606c7604b26f433daf6d95c358be5879e2fdbc06135604fd
session_indy_nxt_2024_6320,event_indy_nxt_2024_5476,2024,2024 OUTFRONT Showdown,World Wide Technology Raceway,oval,44,9.0,9.0,0.0,5.0,13,0.3333,green,partial_visible_laps_only,official_lap_chart,61e7c0e8ca2682cb606c7604b26f433daf6d95c358be5879e2fdbc06135604fd
session_indy_nxt_2024_6320,event_indy_nxt_2024_5476,2024,2024 OUTFRONT Showdown,World Wide Technology Raceway,oval,45,9.0,9.0,0.0,5.0,13,0.3333,green,partial_visible_laps_only,official_lap_chart,61e7c0e8ca2682cb606c7604b26f433daf6d95c358be5879e2fdbc06135604fd
session_indy_nxt_2024_6320,event_indy_nxt_2024_5476,2024,2024 OUTFRONT Showdown,World Wide Technology Raceway,oval,46,9.0,9.0,0.0,5.0,13,0.3333,green,partial_visible_laps_only,official_lap_chart,61e7c0e8ca2682cb606c7604b26f433daf6d95c358be5879e2fdbc06135604fd
session_indy_nxt_2024_6320,event_indy_nxt_2024_5476,2024,2024 OUTFRONT Showdown,World Wide Technology Raceway,oval,47,9.0,9.0,0.0,5.0,13,0.3333,green,partial_visible_laps_only,official_lap_chart,61e7c0e8ca2682cb606c7604b26f433daf6d95c358be5879e2fdbc06135604fd
session_indy_nxt_2024_6320,event_indy_nxt_2024_5476,2024,2024 OUTFRONT Showdown,World Wide Technology Raceway,oval,48,9.0,9.0,0.0,5.0,13,0.3333,green,partial_visible_laps_only,official_lap_chart,61e7c0e8ca2682cb606c7604b26f433daf6d95c358be5879e2fdbc06135604fd
session_indy_nxt_2024_6320,event_indy_nxt_2024_5476,2024,2024 OUTFRONT Showdown,World Wide Technology Raceway,oval,49,9.0,9.0,0.0,5.0,13,0.3333,green,partial_visible_laps_only,official_lap_chart,61e7c0e8ca2682cb606c7604b26f433daf6d95c358be5879e2fdbc06135604fd
session_indy_nxt_2024_6320,event_indy_nxt_2024_5476,2024,2024 OUTFRONT Showdown,World Wide Technology Raceway,oval,50,9.0,9.0,0.0,5.0,13,0.3333,green,partial_visible_laps_only,official_lap_chart,61e7c0e8ca2682cb606c7604b26f433daf6d95c358be5879e2fdbc06135604fd
session_indy_nxt_2024_6320,event_indy_nxt_2024_5476,2024,2024 OUTFRONT Showdown,World Wide Technology Raceway,oval,51,9.0,9.0,0.0,5.0,13,0.3333,green,partial_visible_laps_only,official_lap_chart,61e7c0e8ca2682cb606c7604b26f433daf6d95c358be5879e2fdbc06135604fd
session_indy_nxt_2024_6320,event_indy_nxt_2024_5476,2024,2024 OUTFRONT Showdown,World Wide Technology Raceway,oval,52,9.0,9.0,0.0,5.0,12,0.2727,green,partial_visible_laps_only,official_lap_chart,61e7c0e8ca2682cb606c7604b26f433daf6d95c358be5879e2fdbc06135604fd
session_indy_nxt_2024_6320,event_indy_nxt_2024_5476,2024,2024 OUTFRONT Showdown,World Wide Technology Raceway,oval,53,9.0,9.0,0.0,5.0,12,0.2727,caution,partial_visible_laps_only,official_lap_chart,61e7c0e8ca2682cb606c7604b26f433daf6d95c358be5879e2fdbc06135604fd
session_indy_nxt_2024_6320,event_indy_nxt_2024_5476,2024,2024 OUTFRONT Showdown,World Wide Technology Raceway,oval,54,9.0,9.0,0.0,5.0,12,0.2727,caution,partial_visible_laps_only,official_lap_chart,61e7c0e8ca2682cb606c7604b26f433daf6d95c358be5879e2fdbc06135604fd
session_indy_nxt_2024_6320,event_indy_nxt_2024_5476,2024,2024 OUTFRONT Showdown,World Wide Technology Raceway,oval,55,9.0,9.0,0.0,5.0,12,0.2727,caution,partial_visible_laps_only,official_lap_chart,61e7c0e8ca2682cb606c7604b26f433daf6d95c358be5879e2fdbc06135604fd
session_indy_nxt_2024_6320,event_indy_nxt_2024_5476,2024,2024 OUTFRONT Showdown,World Wide Technology Raceway,oval,56,9.0,9.0,0.0,5.0,12,0.2727,caution,partial_visible_laps_only,official_lap_chart,61e7c0e8ca2682cb606c7604b26f433daf6d95c358be5879e2fdbc06135604fd
session_indy_nxt_2024_6320,event_indy_nxt_2024_5476,2024,2024 OUTFRONT Showdown,World Wide Technology Raceway,oval,57,9.0,9.0,0.0,5.0,12,0.2727,caution,partial_visible_laps_only,official_lap_chart,61e7c0e8ca2682cb606c7604b26f433daf6d95c358be5879e2fdbc06135604fd
session_indy_nxt_2024_6320,event_indy_nxt_2024_5476,2024,2024 OUTFRONT Showdown,World Wide Technology Raceway,oval,58,9.0,9.0,0.0,5.0,12,0.2727,caution,partial_visible_laps_only,official_lap_chart,61e7c0e8ca2682cb606c7604b26f433daf6d95c358be5879e2fdbc06135604fd
session_indy_nxt_2024_6320,event_indy_nxt_2024_5476,2024,2024 OUTFRONT Showdown,World Wide Technology Raceway,oval,59,9.0,9.0,0.0,5.0,12,0.2727,caution,partial_visible_laps_only,official_lap_chart,61e7c0e8ca2682cb606c7604b26f433daf6d95c358be5879e2fdbc06135604fd
session_indy_nxt_2024_6320,event_indy_nxt_2024_5476,2024,2024 OUTFRONT Showdown,World Wide Technology Raceway,oval,60,9.0,9.0,0.0,5.0,12,0.2727,restart_lap,partial_visible_laps_only,official_lap_chart,61e7c0e8ca2682cb606c7604b26f433daf6d95c358be5879e2fdbc06135604fd
session_indy_nxt_2024_6320,event_indy_nxt_2024_5476,2024,2024 OUTFRONT Showdown,World Wide Technology Raceway,oval,61,8.0,9.0,1.0,6.0,12,0.3636,green,partial_visible_laps_only,official_lap_chart,61e7c0e8ca2682cb606c7604b26f433daf6d95c358be5879e2fdbc06135604fd
session_indy_nxt_2024_6320,event_indy_nxt_2024_5476,2024,2024 OUTFRONT Showdown,World Wide Technology Raceway,oval,62,8.0,8.0,0.0,6.0,12,0.3636,green,partial_visible_laps_only,official_lap_chart,61e7c0e8ca2682cb606c7604b26f433daf6d95c358be5879e2fdbc06135604fd
session_indy_nxt_2024_6320,event_indy_nxt_2024_5476,2024,2024 OUTFRONT Showdown,World Wide Technology Raceway,oval,63,8.0,8.0,0.0,6.0,12,0.3636,green,partial_visible_laps_only,official_lap_chart,61e7c0e8ca2682cb606c7604b26f433daf6d95c358be5879e2fdbc06135604fd
session_indy_nxt_2024_6320,event_indy_nxt_2024_5476,2024,2024 OUTFRONT Showdown,World Wide Technology Raceway,oval,64,7.0,8.0,1.0,7.0,12,0.4545,green,partial_visible_laps_only,official_lap_chart,61e7c0e8ca2682cb606c7604b26f433daf6d95c358be5879e2fdbc06135604fd
session_indy_nxt_2024_6320,event_indy_nxt_2024_5476,2024,2024 OUTFRONT Showdown,World Wide Technology Raceway,oval,65,7.0,7.0,0.0,7.0,12,0.4545,green,partial_visible_laps_only,official_lap_chart,61e7c0e8ca2682cb606c7604b26f433daf6d95c358be5879e2fdbc06135604fd
session_indy_nxt_2024_6320,event_indy_nxt_2024_5476,2024,2024 OUTFRONT Showdown,World Wide Technology Raceway,oval,66,7.0,7.0,0.0,7.0,12,0.4545,green,partial_visible_laps_only,official_lap_chart,61e7c0e8ca2682cb606c7604b26f433daf6d95c358be5879e2fdbc06135604fd
session_indy_nxt_2024_6320,event_indy_nxt_2024_5476,2024,2024 OUTFRONT Showdown,World Wide Technology Raceway,oval,67,7.0,7.0,0.0,7.0,12,0.4545,green,partial_visible_laps_only,official_lap_chart,61e7c0e8ca2682cb606c7604b26f433daf6d95c358be5879e2fdbc06135604fd
session_indy_nxt_2024_6320,event_indy_nxt_2024_5476,2024,2024 OUTFRONT Showdown,World Wide Technology Raceway,oval,68,7.0,7.0,0.0,7.0,12,0.4545,green,partial_visible_laps_only,official_lap_chart,61e7c0e8ca2682cb606c7604b26f433daf6d95c358be5879e2fdbc06135604fd
session_indy_nxt_2024_6320,event_indy_nxt_2024_5476,2024,2024 OUTFRONT Showdown,World Wide Technology Raceway,oval,69,7.0,7.0,0.0,7.0,12,0.4545,green,partial_visible_laps_only,official_lap_chart,61e7c0e8ca2682cb606c7604b26f433daf6d95c358be5879e2fdbc06135604fd
session_indy_nxt_2024_6320,event_indy_nxt_2024_5476,2024,2024 OUTFRONT Showdown,World Wide Technology Raceway,oval,70,7.0,7.0,0.0,7.0,12,0.4545,green,partial_visible_laps_only,official_lap_chart,61e7c0e8ca2682cb606c7604b26f433daf6d95c358be5879e2fdbc06135604fd
session_indy_nxt_2024_6320,event_indy_nxt_2024_5476,2024,2024 OUTFRONT Showdown,World Wide Technology Raceway,oval,71,7.0,7.0,0.0,7.0,12,0.4545,green,partial_visible_laps_only,official_lap_chart,61e7c0e8ca2682cb606c7604b26f433daf6d95c358be5879e2fdbc06135604fd
session_indy_nxt_2024_6320,event_indy_nxt_2024_5476,2024,2024 OUTFRONT Showdown,World Wide Technology Raceway,oval,72,7.0,7.0,0.0,7.0,12,0.4545,green,partial_visible_laps_only,official_lap_chart,61e7c0e8ca2682cb606c7604b26f433daf6d95c358be5879e2fdbc06135604fd
session_indy_nxt_2024_6320,event_indy_nxt_2024_5476,2024,2024 OUTFRONT Showdown,World Wide Technology Raceway,oval,73,7.0,7.0,0.0,7.0,12,0.4545,green,partial_visible_laps_only,official_lap_chart,61e7c0e8ca2682cb606c7604b26f433daf6d95c358be5879e2fdbc06135604fd
session_indy_nxt_2024_6320,event_indy_nxt_2024_5476,2024,2024 OUTFRONT Showdown,World Wide Technology Raceway,oval,74,7.0,7.0,0.0,7.0,12,0.4545,green,partial_visible_laps_only,official_lap_chart,61e7c0e8ca2682cb606c7604b26f433daf6d95c358be5879e2fdbc06135604fd
session_indy_nxt_2024_6320,event_indy_nxt_2024_5476,2024,2024 OUTFRONT Showdown,World Wide Technology Raceway,oval,75,6.0,7.0,1.0,8.0,12,0.5455,green,partial_visible_laps_only,official_lap_chart,61e7c0e8ca2682cb606c7604b26f433daf6d95c358be5879e2fdbc06135604fd
session_indy_nxt_2024_6321,event_indy_nxt_2024_5477,2024,2024 Grand Prix of Portland,Portland International Raceway,road,1,3.0,,,0.0,17,0.875,green,partial_visible_laps_only,official_lap_chart,61e7c0e8ca2682cb606c7604b26f433daf6d95c358be5879e2fdbc06135604fd
session_indy_nxt_2024_6321,event_indy_nxt_2024_5477,2024,2024 Grand Prix of Portland,Portland International Raceway,road,2,3.0,3.0,0.0,0.0,17,0.875,green,partial_visible_laps_only,official_lap_chart,61e7c0e8ca2682cb606c7604b26f433daf6d95c358be5879e2fdbc06135604fd
session_indy_nxt_2024_6321,event_indy_nxt_2024_5477,2024,2024 Grand Prix of Portland,Portland International Raceway,road,3,3.0,3.0,0.0,0.0,17,0.875,green,partial_visible_laps_only,official_lap_chart,61e7c0e8ca2682cb606c7604b26f433daf6d95c358be5879e2fdbc06135604fd
session_indy_nxt_2024_6321,event_indy_nxt_2024_5477,2024,2024 Grand Prix of Portland,Portland International Raceway,road,4,3.0,3.0,0.0,0.0,17,0.875,green,partial_visible_laps_only,official_lap_chart,61e7c0e8ca2682cb606c7604b26f433daf6d95c358be5879e2fdbc06135604fd
session_indy_nxt_2024_6321,event_indy_nxt_2024_5477,2024,2024 Grand Prix of Portland,Portland International Raceway,road,5,3.0,3.0,0.0,0.0,17,0.875,green,partial_visible_laps_only,official_lap_chart,61e7c0e8ca2682cb606c7604b26f433daf6d95c358be5879e2fdbc06135604fd
session_indy_nxt_2024_6321,event_indy_nxt_2024_5477,2024,2024 Grand Prix of Portland,Portland International Raceway,road,6,3.0,3.0,0.0,0.0,17,0.875,green,partial_visible_laps_only,official_lap_chart,61e7c0e8ca2682cb606c7604b26f433daf6d95c358be5879e2fdbc06135604fd
session_indy_nxt_2024_6321,event_indy_nxt_2024_5477,2024,2024 Grand Prix of Portland,Portland International Raceway,road,7,3.0,3.0,0.0,0.0,17,0.875,green,partial_visible_laps_only,official_lap_chart,61e7c0e8ca2682cb606c7604b26f433daf6d95c358be5879e2fdbc06135604fd
session_indy_nxt_2024_6321,event_indy_nxt_2024_5477,2024,2024 Grand Prix of Portland,Portland International Raceway,road,8,3.0,3.0,0.0,0.0,16,0.8667,caution,partial_visible_laps_only,official_lap_chart,61e7c0e8ca2682cb606c7604b26f433daf6d95c358be5879e2fdbc06135604fd
session_indy_nxt_2024_6321,event_indy_nxt_2024_5477,2024,2024 Grand Prix of Portland,Portland International Raceway,road,9,3.0,3.0,0.0,0.0,16,0.8667,caution,partial_visible_laps_only,official_lap_chart,61e7c0e8ca2682cb606c7604b26f433daf6d95c358be5879e2fdbc06135604fd
session_indy_nxt_2024_6321,event_indy_nxt_2024_5477,2024,2024 Grand Prix of Portland,Portland International Raceway,road,10,3.0,3.0,0.0,0.0,16,0.8667,restart_lap,partial_visible_laps_only,official_lap_chart,61e7c0e8ca2682cb606c7604b26f433daf6d95c358be5879e2fdbc06135604fd
session_indy_nxt_2024_6321,event_indy_nxt_2024_5477,2024,2024 Grand Prix of Portland,Portland International Raceway,road,11,3.0,3.0,0.0,0.0,16,0.8667,green,partial_visible_laps_only,official_lap_chart,61e7c0e8ca2682cb606c7604b26f433daf6d95c358be5879e2fdbc06135604fd
session_indy_nxt_2024_6321,event_indy_nxt_2024_5477,2024,2024 Grand Prix of Portland,Portland International Raceway,road,12,3.0,3.0,0.0,0.0,16,0.8667,green,partial_visible_laps_only,official_lap_chart,61e7c0e8ca2682cb606c7604b26f433daf6d95c358be5879e2fdbc06135604fd
session_indy_nxt_2024_6321,event_indy_nxt_2024_5477,2024,2024 Grand Prix of Portland,Portland International Raceway,road,13,3.0,3.0,0.0,0.0,16,0.8667,green,partial_visible_laps_only,official_lap_chart,61e7c0e8ca2682cb606c7604b26f433daf6d95c358be5879e2fdbc06135604fd
session_indy_nxt_2024_6321,event_indy_nxt_2024_5477,2024,2024 Grand Prix of Portland,Portland International Raceway,road,14,3.0,3.0,0.0,0.0,16,0.8667,green,partial_visible_laps_only,official_lap_chart,61e7c0e8ca2682cb606c7604b26f433daf6d95c358be5879e2fdbc06135604fd
session_indy_nxt_2024_6321,event_indy_nxt_2024_5477,2024,2024 Grand Prix of Portland,Portland International Raceway,road,15,3.0,3.0,0.0,0.0,16,0.8667,green,partial_visible_laps_only,official_lap_chart,61e7c0e8ca2682cb606c7604b26f433daf6d95c358be5879e2fdbc06135604fd
session_indy_nxt_2024_6321,event_indy_nxt_2024_5477,2024,2024 Grand Prix of Portland,Portland International Raceway,road,16,3.0,3.0,0.0,0.0,16,0.8667,green,partial_visible_laps_only,official_lap_chart,61e7c0e8ca2682cb606c7604b26f433daf6d95c358be5879e2fdbc06135604fd
session_indy_nxt_2024_6321,event_indy_nxt_2024_5477,2024,2024 Grand Prix of Portland,Portland International Raceway,road,17,3.0,3.0,0.0,0.0,16,0.8667,green,partial_visible_laps_only,official_lap_chart,61e7c0e8ca2682cb606c7604b26f433daf6d95c358be5879e2fdbc06135604fd
session_indy_nxt_2024_6321,event_indy_nxt_2024_5477,2024,2024 Grand Prix of Portland,Portland International Raceway,road,18,3.0,3.0,0.0,0.0,16,0.8667,green,partial_visible_laps_only,official_lap_chart,61e7c0e8ca2682cb606c7604b26f433daf6d95c358be5879e2fdbc06135604fd
session_indy_nxt_2024_6321,event_indy_nxt_2024_5477,2024,2024 Grand Prix of Portland,Portland International Raceway,road,19,3.0,3.0,0.0,0.0,16,0.8667,green,partial_visible_laps_only,official_lap_chart,61e7c0e8ca2682cb606c7604b26f433daf6d95c358be5879e2fdbc06135604fd
session_indy_nxt_2024_6321,event_indy_nxt_2024_5477,2024,2024 Grand Prix of Portland,Portland International Raceway,road,20,3.0,3.0,0.0,0.0,16,0.8667,green,partial_visible_laps_only,official_lap_chart,61e7c0e8ca2682cb606c7604b26f433daf6d95c358be5879e2fdbc06135604fd
session_indy_nxt_2024_6321,event_indy_nxt_2024_5477,2024,2024 Grand Prix of Portland,Portland International Raceway,road,21,3.0,3.0,0.0,0.0,16,0.8667,green,partial_visible_laps_only,official_lap_chart,61e7c0e8ca2682cb606c7604b26f433daf6d95c358be5879e2fdbc06135604fd
session_indy_nxt_2024_6321,event_indy_nxt_2024_5477,2024,2024 Grand Prix of Portland,Portland International Raceway,road,22,3.0,3.0,0.0,0.0,16,0.8667,green,partial_visible_laps_only,official_lap_chart,61e7c0e8ca2682cb606c7604b26f433daf6d95c358be5879e2fdbc06135604fd
session_indy_nxt_2024_6321,event_indy_nxt_2024_5477,2024,2024 Grand Prix of Portland,Portland International Raceway,road,23,3.0,3.0,0.0,0.0,16,0.8667,green,partial_visible_laps_only,official_lap_chart,61e7c0e8ca2682cb606c7604b26f433daf6d95c358be5879e2fdbc06135604fd
session_indy_nxt_2024_6321,event_indy_nxt_2024_5477,2024,2024 Grand Prix of Portland,Portland International Raceway,road,24,3.0,3.0,0.0,0.0,16,0.8667,green,partial_visible_laps_only,official_lap_chart,61e7c0e8ca2682cb606c7604b26f433daf6d95c358be5879e2fdbc06135604fd
session_indy_nxt_2024_6321,event_indy_nxt_2024_5477,2024,2024 Grand Prix of Portland,Portland International Raceway,road,25,3.0,3.0,0.0,0.0,16,0.8667,green,partial_visible_laps_only,official_lap_chart,61e7c0e8ca2682cb606c7604b26f433daf6d95c358be5879e2fdbc06135604fd
session_indy_nxt_2024_6321,event_indy_nxt_2024_5477,2024,2024 Grand Prix of Portland,Portland International Raceway,road,26,3.0,3.0,0.0,0.0,16,0.8667,green,partial_visible_laps_only,official_lap_chart,61e7c0e8ca2682cb606c7604b26f433daf6d95c358be5879e2fdbc06135604fd
session_indy_nxt_2024_6321,event_indy_nxt_2024_5477,2024,2024 Grand Prix of Portland,Portland International Raceway,road,27,3.0,3.0,0.0,0.0,16,0.8667,green,partial_visible_laps_only,official_lap_chart,61e7c0e8ca2682cb606c7604b26f433daf6d95c358be5879e2fdbc06135604fd
session_indy_nxt_2024_6321,event_indy_nxt_2024_5477,2024,2024 Grand Prix of Portland,Portland International Raceway,road,28,3.0,3.0,0.0,0.0,16,0.8667,green,partial_visible_laps_only,official_lap_chart,61e7c0e8ca2682cb606c7604b26f433daf6d95c358be5879e2fdbc06135604fd
session_indy_nxt_2024_6321,event_indy_nxt_2024_5477,2024,2024 Grand Prix of Portland,Portland International Raceway,road,29,3.0,3.0,0.0,0.0,16,0.8667,green,partial_visible_laps_only,official_lap_chart,61e7c0e8ca2682cb606c7604b26f433daf6d95c358be5879e2fdbc06135604fd
session_indy_nxt_2024_6321,event_indy_nxt_2024_5477,2024,2024 Grand Prix of Portland,Portland International Raceway,road,30,3.0,3.0,0.0,0.0,16,0.8667,green,partial_visible_laps_only,official_lap_chart,61e7c0e8ca2682cb606c7604b26f433daf6d95c358be5879e2fdbc06135604fd
session_indy_nxt_2024_6321,event_indy_nxt_2024_5477,2024,2024 Grand Prix of Portland,Portland International Raceway,road,31,3.0,3.0,0.0,0.0,16,0.8667,green,partial_visible_laps_only,official_lap_chart,61e7c0e8ca2682cb606c7604b26f433daf6d95c358be5879e2fdbc06135604fd
session_indy_nxt_2024_6321,event_indy_nxt_2024_5477,2024,2024 Grand Prix of Portland,Portland International Raceway,road,32,3.0,3.0,0.0,0.0,16,0.8667,green,partial_visible_laps_only,official_lap_chart,61e7c0e8ca2682cb606c7604b26f433daf6d95c358be5879e2fdbc06135604fd
session_indy_nxt_2024_6321,event_indy_nxt_2024_5477,2024,2024 Grand Prix of Portland,Portland International Raceway,road,33,3.0,3.0,0.0,0.0,15,0.8571,green,partial_visible_laps_only,official_lap_chart,61e7c0e8ca2682cb606c7604b26f433daf6d95c358be5879e2fdbc06135604fd
session_indy_nxt_2024_6321,event_indy_nxt_2024_5477,2024,2024 Grand Prix of Portland,Portland International Raceway,road,34,3.0,3.0,0.0,0.0,15,0.8571,green,partial_visible_laps_only,official_lap_chart,61e7c0e8ca2682cb606c7604b26f433daf6d95c358be5879e2fdbc06135604fd
session_indy_nxt_2024_6321,event_indy_nxt_2024_5477,2024,2024 Grand Prix of Portland,Portland International Raceway,road,35,3.0,3.0,0.0,0.0,15,0.8571,green,partial_visible_laps_only,official_lap_chart,61e7c0e8ca2682cb606c7604b26f433daf6d95c358be5879e2fdbc06135604fd
session_indy_nxt_2024_6322,event_indy_nxt_2024_5478,2024,2024 INDY NXT By Firestone at The Milwaukee Mile,The Milwaukee Mile,oval,1,7.0,,,0.0,16,0.6,green,complete_validated_against_result_lap_counts,official_lap_chart,61e7c0e8ca2682cb606c7604b26f433daf6d95c358be5879e2fdbc06135604fd
session_indy_nxt_2024_6322,event_indy_nxt_2024_5478,2024,2024 INDY NXT By Firestone at The Milwaukee Mile,The Milwaukee Mile,oval,2,7.0,7.0,0.0,0.0,16,0.6,green,complete_validated_against_result_lap_counts,official_lap_chart,61e7c0e8ca2682cb606c7604b26f433daf6d95c358be5879e2fdbc06135604fd
session_indy_nxt_2024_6322,event_indy_nxt_2024_5478,2024,2024 INDY NXT By Firestone at The Milwaukee Mile,The Milwaukee Mile,oval,3,7.0,7.0,0.0,0.0,16,0.6,green,complete_validated_against_result_lap_counts,official_lap_chart,61e7c0e8ca2682cb606c7604b26f433daf6d95c358be5879e2fdbc06135604fd
session_indy_nxt_2024_6322,event_indy_nxt_2024_5478,2024,2024 INDY NXT By Firestone at The Milwaukee Mile,The Milwaukee Mile,oval,4,7.0,7.0,0.0,0.0,16,0.6,green,complete_validated_against_result_lap_counts,official_lap_chart,61e7c0e8ca2682cb606c7604b26f433daf6d95c358be5879e2fdbc06135604fd
session_indy_nxt_2024_6322,event_indy_nxt_2024_5478,2024,2024 INDY NXT By Firestone at The Milwaukee Mile,The Milwaukee Mile,oval,5,7.0,7.0,0.0,0.0,16,0.6,green,complete_validated_against_result_lap_counts,official_lap_chart,61e7c0e8ca2682cb606c7604b26f433daf6d95c358be5879e2fdbc06135604fd
session_indy_nxt_2024_6322,event_indy_nxt_2024_5478,2024,2024 INDY NXT By Firestone at The Milwaukee Mile,The Milwaukee Mile,oval,6,6.0,7.0,1.0,1.0,16,0.6667,green,complete_validated_against_result_lap_counts,official_lap_chart,61e7c0e8ca2682cb606c7604b26f433daf6d95c358be5879e2fdbc06135604fd
session_indy_nxt_2024_6322,event_indy_nxt_2024_5478,2024,2024 INDY NXT By Firestone at The Milwaukee Mile,The Milwaukee Mile,oval,7,6.0,6.0,0.0,1.0,16,0.6667,green,complete_validated_against_result_lap_counts,official_lap_chart,61e7c0e8ca2682cb606c7604b26f433daf6d95c358be5879e2fdbc06135604fd
session_indy_nxt_2024_6322,event_indy_nxt_2024_5478,2024,2024 INDY NXT By Firestone at The Milwaukee Mile,The Milwaukee Mile,oval,8,6.0,6.0,0.0,1.0,16,0.6667,green,complete_validated_against_result_lap_counts,official_lap_chart,61e7c0e8ca2682cb606c7604b26f433daf6d95c358be5879e2fdbc06135604fd
session_indy_nxt_2024_6322,event_indy_nxt_2024_5478,2024,2024 INDY NXT By Firestone at The Milwaukee Mile,The Milwaukee Mile,oval,9,6.0,6.0,0.0,1.0,16,0.6667,green,complete_validated_against_result_lap_counts,official_lap_chart,61e7c0e8ca2682cb606c7604b26f433daf6d95c358be5879e2fdbc06135604fd
session_indy_nxt_2024_6322,event_indy_nxt_2024_5478,2024,2024 INDY NXT By Firestone at The Milwaukee Mile,The Milwaukee Mile,oval,10,6.0,6.0,0.0,1.0,16,0.6667,green,complete_validated_against_result_lap_counts,official_lap_chart,61e7c0e8ca2682cb606c7604b26f433daf6d95c358be5879e2fdbc06135604fd
session_indy_nxt_2024_6322,event_indy_nxt_2024_5478,2024,2024 INDY NXT By Firestone at The Milwaukee Mile,The Milwaukee Mile,oval,11,6.0,6.0,0.0,1.0,16,0.6667,green,complete_validated_against_result_lap_counts,official_lap_chart,61e7c0e8ca2682cb606c7604b26f433daf6d95c358be5879e2fdbc06135604fd
session_indy_nxt_2024_6322,event_indy_nxt_2024_5478,2024,2024 INDY NXT By Firestone at The Milwaukee Mile,The Milwaukee Mile,oval,12,6.0,6.0,0.0,1.0,16,0.6667,green,complete_validated_against_result_lap_counts,official_lap_chart,61e7c0e8ca2682cb606c7604b26f433daf6d95c358be5879e2fdbc06135604fd
session_indy_nxt_2024_6322,event_indy_nxt_2024_5478,2024,2024 INDY NXT By Firestone at The Milwaukee Mile,The Milwaukee Mile,oval,13,6.0,6.0,0.0,1.0,16,0.6667,green,complete_validated_against_result_lap_counts,official_lap_chart,61e7c0e8ca2682cb606c7604b26f433daf6d95c358be5879e2fdbc06135604fd
session_indy_nxt_2024_6322,event_indy_nxt_2024_5478,2024,2024 INDY NXT By Firestone at The Milwaukee Mile,The Milwaukee Mile,oval,14,6.0,6.0,0.0,1.0,16,0.6667,green,complete_validated_against_result_lap_counts,official_lap_chart,61e7c0e8ca2682cb606c7604b26f433daf6d95c358be5879e2fdbc06135604fd
session_indy_nxt_2024_6322,event_indy_nxt_2024_5478,2024,2024 INDY NXT By Firestone at The Milwaukee Mile,The Milwaukee Mile,oval,15,6.0,6.0,0.0,1.0,15,0.6429,green,complete_validated_against_result_lap_counts,official_lap_chart,61e7c0e8ca2682cb606c7604b26f433daf6d95c358be5879e2fdbc06135604fd
session_indy_nxt_2024_6322,event_indy_nxt_2024_5478,2024,2024 INDY NXT By Firestone at The Milwaukee Mile,The Milwaukee Mile,oval,16,6.0,6.0,0.0,1.0,15,0.6429,green,complete_validated_against_result_lap_counts,official_lap_chart,61e7c0e8ca2682cb606c7604b26f433daf6d95c358be5879e2fdbc06135604fd
session_indy_nxt_2024_6322,event_indy_nxt_2024_5478,2024,2024 INDY NXT By Firestone at The Milwaukee Mile,The Milwaukee Mile,oval,17,6.0,6.0,0.0,1.0,15,0.6429,green,complete_validated_against_result_lap_counts,official_lap_chart,61e7c0e8ca2682cb606c7604b26f433daf6d95c358be5879e2fdbc06135604fd
session_indy_nxt_2024_6322,event_indy_nxt_2024_5478,2024,2024 INDY NXT By Firestone at The Milwaukee Mile,The Milwaukee Mile,oval,18,6.0,6.0,0.0,1.0,15,0.6429,green,complete_validated_against_result_lap_counts,official_lap_chart,61e7c0e8ca2682cb606c7604b26f433daf6d95c358be5879e2fdbc06135604fd
session_indy_nxt_2024_6322,event_indy_nxt_2024_5478,2024,2024 INDY NXT By Firestone at The Milwaukee Mile,The Milwaukee Mile,oval,19,6.0,6.0,0.0,1.0,15,0.6429,green,complete_validated_against_result_lap_counts,official_lap_chart,61e7c0e8ca2682cb606c7604b26f433daf6d95c358be5879e2fdbc06135604fd
session_indy_nxt_2024_6322,event_indy_nxt_2024_5478,2024,2024 INDY NXT By Firestone at The Milwaukee Mile,The Milwaukee Mile,oval,20,6.0,6.0,0.0,1.0,15,0.6429,green,complete_validated_against_result_lap_counts,official_lap_chart,61e7c0e8ca2682cb606c7604b26f433daf6d95c358be5879e2fdbc06135604fd
session_indy_nxt_2024_6322,event_indy_nxt_2024_5478,2024,2024 INDY NXT By Firestone at The Milwaukee Mile,The Milwaukee Mile,oval,21,6.0,6.0,0.0,1.0,15,0.6429,green,complete_validated_against_result_lap_counts,official_lap_chart,61e7c0e8ca2682cb606c7604b26f433daf6d95c358be5879e2fdbc06135604fd
session_indy_nxt_2024_6322,event_indy_nxt_2024_5478,2024,2024 INDY NXT By Firestone at The Milwaukee Mile,The Milwaukee Mile,oval,22,6.0,6.0,0.0,1.0,15,0.6429,green,complete_validated_against_result_lap_counts,official_lap_chart,61e7c0e8ca2682cb606c7604b26f433daf6d95c358be5879e2fdbc06135604fd
session_indy_nxt_2024_6322,event_indy_nxt_2024_5478,2024,2024 INDY NXT By Firestone at The Milwaukee Mile,The Milwaukee Mile,oval,23,6.0,6.0,0.0,1.0,15,0.6429,green,complete_validated_against_result_lap_counts,official_lap_chart,61e7c0e8ca2682cb606c7604b26f433daf6d95c358be5879e2fdbc06135604fd
session_indy_nxt_2024_6322,event_indy_nxt_2024_5478,2024,2024 INDY NXT By Firestone at The Milwaukee Mile,The Milwaukee Mile,oval,24,6.0,6.0,0.0,1.0,15,0.6429,green,complete_validated_against_result_lap_counts,official_lap_chart,61e7c0e8ca2682cb606c7604b26f433daf6d95c358be5879e2fdbc06135604fd
session_indy_nxt_2024_6322,event_indy_nxt_2024_5478,2024,2024 INDY NXT By Firestone at The Milwaukee Mile,The Milwaukee Mile,oval,25,6.0,6.0,0.0,1.0,15,0.6429,green,complete_validated_against_result_lap_counts,official_lap_chart,61e7c0e8ca2682cb606c7604b26f433daf6d95c358be5879e2fdbc06135604fd
session_indy_nxt_2024_6322,event_indy_nxt_2024_5478,2024,2024 INDY NXT By Firestone at The Milwaukee Mile,The Milwaukee Mile,oval,26,6.0,6.0,0.0,1.0,15,0.6429,green,complete_validated_against_result_lap_counts,official_lap_chart,61e7c0e8ca2682cb606c7604b26f433daf6d95c358be5879e2fdbc06135604fd
session_indy_nxt_2024_6322,event_indy_nxt_2024_5478,2024,2024 INDY NXT By Firestone at The Milwaukee Mile,The Milwaukee Mile,oval,27,6.0,6.0,0.0,1.0,15,0.6429,green,complete_validated_against_result_lap_counts,official_lap_chart,61e7c0e8ca2682cb606c7604b26f433daf6d95c358be5879e2fdbc06135604fd
session_indy_nxt_2024_6322,event_indy_nxt_2024_5478,2024,2024 INDY NXT By Firestone at The Milwaukee Mile,The Milwaukee Mile,oval,28,6.0,6.0,0.0,1.0,15,0.6429,green,complete_validated_against_result_lap_counts,official_lap_chart,61e7c0e8ca2682cb606c7604b26f433daf6d95c358be5879e2fdbc06135604fd
session_indy_nxt_2024_6322,event_indy_nxt_2024_5478,2024,2024 INDY NXT By Firestone at The Milwaukee Mile,The Milwaukee Mile,oval,29,6.0,6.0,0.0,1.0,15,0.6429,green,complete_validated_against_result_lap_counts,official_lap_chart,61e7c0e8ca2682cb606c7604b26f433daf6d95c358be5879e2fdbc06135604fd
session_indy_nxt_2024_6322,event_indy_nxt_2024_5478,2024,2024 INDY NXT By Firestone at The Milwaukee Mile,The Milwaukee Mile,oval,30,6.0,6.0,0.0,1.0,15,0.6429,caution,complete_validated_against_result_lap_counts,official_lap_chart,61e7c0e8ca2682cb606c7604b26f433daf6d95c358be5879e2fdbc06135604fd
session_indy_nxt_2024_6322,event_indy_nxt_2024_5478,2024,2024 INDY NXT By Firestone at The Milwaukee Mile,The Milwaukee Mile,oval,31,6.0,6.0,0.0,1.0,15,0.6429,caution,complete_validated_against_result_lap_counts,official_lap_chart,61e7c0e8ca2682cb606c7604b26f433daf6d95c358be5879e2fdbc06135604fd
session_indy_nxt_2024_6322,event_indy_nxt_2024_5478,2024,2024 INDY NXT By Firestone at The Milwaukee Mile,The Milwaukee Mile,oval,32,6.0,6.0,0.0,1.0,15,0.6429,caution,complete_validated_against_result_lap_counts,official_lap_chart,61e7c0e8ca2682cb606c7604b26f433daf6d95c358be5879e2fdbc06135604fd
session_indy_nxt_2024_6322,event_indy_nxt_2024_5478,2024,2024 INDY NXT By Firestone at The Milwaukee Mile,The Milwaukee Mile,oval,33,6.0,6.0,0.0,1.0,15,0.6429,restart_lap,complete_validated_against_result_lap_counts,official_lap_chart,61e7c0e8ca2682cb606c7604b26f433daf6d95c358be5879e2fdbc06135604fd
session_indy_nxt_2024_6322,event_indy_nxt_2024_5478,2024,2024 INDY NXT By Firestone at The Milwaukee Mile,The Milwaukee Mile,oval,34,5.0,6.0,1.0,2.0,15,0.7143,green,complete_validated_against_result_lap_counts,official_lap_chart,61e7c0e8ca2682cb606c7604b26f433daf6d95c358be5879e2fdbc06135604fd
session_indy_nxt_2024_6322,event_indy_nxt_2024_5478,2024,2024 INDY NXT By Firestone at The Milwaukee Mile,The Milwaukee Mile,oval,35,5.0,5.0,0.0,2.0,15,0.7143,green,complete_validated_against_result_lap_counts,official_lap_chart,61e7c0e8ca2682cb606c7604b26f433daf6d95c358be5879e2fdbc06135604fd
session_indy_nxt_2024_6322,event_indy_nxt_2024_5478,2024,2024 INDY NXT By Firestone at The Milwaukee Mile,The Milwaukee Mile,oval,36,5.0,5.0,0.0,2.0,15,0.7143,green,complete_validated_against_result_lap_counts,official_lap_chart,61e7c0e8ca2682cb606c7604b26f433daf6d95c358be5879e2fdbc06135604fd
session_indy_nxt_2024_6322,event_indy_nxt_2024_5478,2024,2024 INDY NXT By Firestone at The Milwaukee Mile,The Milwaukee Mile,oval,37,5.0,5.0,0.0,2.0,15,0.7143,green,complete_validated_against_result_lap_counts,official_lap_chart,61e7c0e8ca2682cb606c7604b26f433daf6d95c358be5879e2fdbc06135604fd
session_indy_nxt_2024_6322,event_indy_nxt_2024_5478,2024,2024 INDY NXT By Firestone at The Milwaukee Mile,The Milwaukee Mile,oval,38,5.0,5.0,0.0,2.0,15,0.7143,green,complete_validated_against_result_lap_counts,official_lap_chart,61e7c0e8ca2682cb606c7604b26f433daf6d95c358be5879e2fdbc06135604fd
session_indy_nxt_2024_6322,event_indy_nxt_2024_5478,2024,2024 INDY NXT By Firestone at The Milwaukee Mile,The Milwaukee Mile,oval,39,5.0,5.0,0.0,2.0,15,0.7143,green,complete_validated_against_result_lap_counts,official_lap_chart,61e7c0e8ca2682cb606c7604b26f433daf6d95c358be5879e2fdbc06135604fd
session_indy_nxt_2024_6322,event_indy_nxt_2024_5478,2024,2024 INDY NXT By Firestone at The Milwaukee Mile,The Milwaukee Mile,oval,40,5.0,5.0,0.0,2.0,15,0.7143,green,complete_validated_against_result_lap_counts,official_lap_chart,61e7c0e8ca2682cb606c7604b26f433daf6d95c358be5879e2fdbc06135604fd
session_indy_nxt_2024_6322,event_indy_nxt_2024_5478,2024,2024 INDY NXT By Firestone at The Milwaukee Mile,The Milwaukee Mile,oval,41,5.0,5.0,0.0,2.0,15,0.7143,green,complete_validated_against_result_lap_counts,official_lap_chart,61e7c0e8ca2682cb606c7604b26f433daf6d95c358be5879e2fdbc06135604fd
session_indy_nxt_2024_6322,event_indy_nxt_2024_5478,2024,2024 INDY NXT By Firestone at The Milwaukee Mile,The Milwaukee Mile,oval,42,5.0,5.0,0.0,2.0,15,0.7143,green,complete_validated_against_result_lap_counts,official_lap_chart,61e7c0e8ca2682cb606c7604b26f433daf6d95c358be5879e2fdbc06135604fd
session_indy_nxt_2024_6322,event_indy_nxt_2024_5478,2024,2024 INDY NXT By Firestone at The Milwaukee Mile,The Milwaukee Mile,oval,43,5.0,5.0,0.0,2.0,15,0.7143,green,complete_validated_against_result_lap_counts,official_lap_chart,61e7c0e8ca2682cb606c7604b26f433daf6d95c358be5879e2fdbc06135604fd
session_indy_nxt_2024_6322,event_indy_nxt_2024_5478,2024,2024 INDY NXT By Firestone at The Milwaukee Mile,The Milwaukee Mile,oval,44,5.0,5.0,0.0,2.0,15,0.7143,green,complete_validated_against_result_lap_counts,official_lap_chart,61e7c0e8ca2682cb606c7604b26f433daf6d95c358be5879e2fdbc06135604fd
session_indy_nxt_2024_6322,event_indy_nxt_2024_5478,2024,2024 INDY NXT By Firestone at The Milwaukee Mile,The Milwaukee Mile,oval,45,5.0,5.0,0.0,2.0,15,0.7143,green,complete_validated_against_result_lap_counts,official_lap_chart,61e7c0e8ca2682cb606c7604b26f433daf6d95c358be5879e2fdbc06135604fd
session_indy_nxt_2024_6322,event_indy_nxt_2024_5478,2024,2024 INDY NXT By Firestone at The Milwaukee Mile,The Milwaukee Mile,oval,46,5.0,5.0,0.0,2.0,15,0.7143,green,complete_validated_against_result_lap_counts,official_lap_chart,61e7c0e8ca2682cb606c7604b26f433daf6d95c358be5879e2fdbc06135604fd
session_indy_nxt_2024_6322,event_indy_nxt_2024_5478,2024,2024 INDY NXT By Firestone at The Milwaukee Mile,The Milwaukee Mile,oval,47,5.0,5.0,0.0,2.0,15,0.7143,green,complete_validated_against_result_lap_counts,official_lap_chart,61e7c0e8ca2682cb606c7604b26f433daf6d95c358be5879e2fdbc06135604fd
session_indy_nxt_2024_6322,event_indy_nxt_2024_5478,2024,2024 INDY NXT By Firestone at The Milwaukee Mile,The Milwaukee Mile,oval,48,5.0,5.0,0.0,2.0,15,0.7143,green,complete_validated_against_result_lap_counts,official_lap_chart,61e7c0e8ca2682cb606c7604b26f433daf6d95c358be5879e2fdbc06135604fd
session_indy_nxt_2024_6322,event_indy_nxt_2024_5478,2024,2024 INDY NXT By Firestone at The Milwaukee Mile,The Milwaukee Mile,oval,49,5.0,5.0,0.0,2.0,15,0.7143,green,complete_validated_against_result_lap_counts,official_lap_chart,61e7c0e8ca2682cb606c7604b26f433daf6d95c358be5879e2fdbc06135604fd
session_indy_nxt_2024_6322,event_indy_nxt_2024_5478,2024,2024 INDY NXT By Firestone at The Milwaukee Mile,The Milwaukee Mile,oval,50,5.0,5.0,0.0,2.0,15,0.7143,green,complete_validated_against_result_lap_counts,official_lap_chart,61e7c0e8ca2682cb606c7604b26f433daf6d95c358be5879e2fdbc06135604fd
session_indy_nxt_2024_6322,event_indy_nxt_2024_5478,2024,2024 INDY NXT By Firestone at The Milwaukee Mile,The Milwaukee Mile,oval,51,5.0,5.0,0.0,2.0,15,0.7143,green,complete_validated_against_result_lap_counts,official_lap_chart,61e7c0e8ca2682cb606c7604b26f433daf6d95c358be5879e2fdbc06135604fd
session_indy_nxt_2024_6322,event_indy_nxt_2024_5478,2024,2024 INDY NXT By Firestone at The Milwaukee Mile,The Milwaukee Mile,oval,52,5.0,5.0,0.0,2.0,15,0.7143,green,complete_validated_against_result_lap_counts,official_lap_chart,61e7c0e8ca2682cb606c7604b26f433daf6d95c358be5879e2fdbc06135604fd
session_indy_nxt_2024_6322,event_indy_nxt_2024_5478,2024,2024 INDY NXT By Firestone at The Milwaukee Mile,The Milwaukee Mile,oval,53,5.0,5.0,0.0,2.0,15,0.7143,green,complete_validated_against_result_lap_counts,official_lap_chart,61e7c0e8ca2682cb606c7604b26f433daf6d95c358be5879e2fdbc06135604fd
session_indy_nxt_2024_6322,event_indy_nxt_2024_5478,2024,2024 INDY NXT By Firestone at The Milwaukee Mile,The Milwaukee Mile,oval,54,5.0,5.0,0.0,2.0,15,0.7143,green,complete_validated_against_result_lap_counts,official_lap_chart,61e7c0e8ca2682cb606c7604b26f433daf6d95c358be5879e2fdbc06135604fd
session_indy_nxt_2024_6322,event_indy_nxt_2024_5478,2024,2024 INDY NXT By Firestone at The Milwaukee Mile,The Milwaukee Mile,oval,55,5.0,5.0,0.0,2.0,15,0.7143,green,complete_validated_against_result_lap_counts,official_lap_chart,61e7c0e8ca2682cb606c7604b26f433daf6d95c358be5879e2fdbc06135604fd
session_indy_nxt_2024_6322,event_indy_nxt_2024_5478,2024,2024 INDY NXT By Firestone at The Milwaukee Mile,The Milwaukee Mile,oval,56,5.0,5.0,0.0,2.0,15,0.7143,green,complete_validated_against_result_lap_counts,official_lap_chart,61e7c0e8ca2682cb606c7604b26f433daf6d95c358be5879e2fdbc06135604fd
session_indy_nxt_2024_6322,event_indy_nxt_2024_5478,2024,2024 INDY NXT By Firestone at The Milwaukee Mile,The Milwaukee Mile,oval,57,5.0,5.0,0.0,2.0,15,0.7143,green,complete_validated_against_result_lap_counts,official_lap_chart,61e7c0e8ca2682cb606c7604b26f433daf6d95c358be5879e2fdbc06135604fd
session_indy_nxt_2024_6322,event_indy_nxt_2024_5478,2024,2024 INDY NXT By Firestone at The Milwaukee Mile,The Milwaukee Mile,oval,58,5.0,5.0,0.0,2.0,15,0.7143,green,complete_validated_against_result_lap_counts,official_lap_chart,61e7c0e8ca2682cb606c7604b26f433daf6d95c358be5879e2fdbc06135604fd
session_indy_nxt_2024_6322,event_indy_nxt_2024_5478,2024,2024 INDY NXT By Firestone at The Milwaukee Mile,The Milwaukee Mile,oval,59,5.0,5.0,0.0,2.0,15,0.7143,green,complete_validated_against_result_lap_counts,official_lap_chart,61e7c0e8ca2682cb606c7604b26f433daf6d95c358be5879e2fdbc06135604fd
session_indy_nxt_2024_6322,event_indy_nxt_2024_5478,2024,2024 INDY NXT By Firestone at The Milwaukee Mile,The Milwaukee Mile,oval,60,5.0,5.0,0.0,2.0,15,0.7143,green,complete_validated_against_result_lap_counts,official_lap_chart,61e7c0e8ca2682cb606c7604b26f433daf6d95c358be5879e2fdbc06135604fd
session_indy_nxt_2024_6322,event_indy_nxt_2024_5478,2024,2024 INDY NXT By Firestone at The Milwaukee Mile,The Milwaukee Mile,oval,61,5.0,5.0,0.0,2.0,15,0.7143,green,complete_validated_against_result_lap_counts,official_lap_chart,61e7c0e8ca2682cb606c7604b26f433daf6d95c358be5879e2fdbc06135604fd
session_indy_nxt_2024_6322,event_indy_nxt_2024_5478,2024,2024 INDY NXT By Firestone at The Milwaukee Mile,The Milwaukee Mile,oval,62,5.0,5.0,0.0,2.0,15,0.7143,green,complete_validated_against_result_lap_counts,official_lap_chart,61e7c0e8ca2682cb606c7604b26f433daf6d95c358be5879e2fdbc06135604fd
session_indy_nxt_2024_6322,event_indy_nxt_2024_5478,2024,2024 INDY NXT By Firestone at The Milwaukee Mile,The Milwaukee Mile,oval,63,5.0,5.0,0.0,2.0,15,0.7143,green,complete_validated_against_result_lap_counts,official_lap_chart,61e7c0e8ca2682cb606c7604b26f433daf6d95c358be5879e2fdbc06135604fd
session_indy_nxt_2024_6322,event_indy_nxt_2024_5478,2024,2024 INDY NXT By Firestone at The Milwaukee Mile,The Milwaukee Mile,oval,64,5.0,5.0,0.0,2.0,15,0.7143,green,complete_validated_against_result_lap_counts,official_lap_chart,61e7c0e8ca2682cb606c7604b26f433daf6d95c358be5879e2fdbc06135604fd
session_indy_nxt_2024_6322,event_indy_nxt_2024_5478,2024,2024 INDY NXT By Firestone at The Milwaukee Mile,The Milwaukee Mile,oval,65,5.0,5.0,0.0,2.0,15,0.7143,green,complete_validated_against_result_lap_counts,official_lap_chart,61e7c0e8ca2682cb606c7604b26f433daf6d95c358be5879e2fdbc06135604fd
session_indy_nxt_2024_6322,event_indy_nxt_2024_5478,2024,2024 INDY NXT By Firestone at The Milwaukee Mile,The Milwaukee Mile,oval,66,5.0,5.0,0.0,2.0,15,0.7143,green,complete_validated_against_result_lap_counts,official_lap_chart,61e7c0e8ca2682cb606c7604b26f433daf6d95c358be5879e2fdbc06135604fd
session_indy_nxt_2024_6322,event_indy_nxt_2024_5478,2024,2024 INDY NXT By Firestone at The Milwaukee Mile,The Milwaukee Mile,oval,67,5.0,5.0,0.0,2.0,15,0.7143,green,complete_validated_against_result_lap_counts,official_lap_chart,61e7c0e8ca2682cb606c7604b26f433daf6d95c358be5879e2fdbc06135604fd
session_indy_nxt_2024_6322,event_indy_nxt_2024_5478,2024,2024 INDY NXT By Firestone at The Milwaukee Mile,The Milwaukee Mile,oval,68,5.0,5.0,0.0,2.0,15,0.7143,green,complete_validated_against_result_lap_counts,official_lap_chart,61e7c0e8ca2682cb606c7604b26f433daf6d95c358be5879e2fdbc06135604fd
session_indy_nxt_2024_6322,event_indy_nxt_2024_5478,2024,2024 INDY NXT By Firestone at The Milwaukee Mile,The Milwaukee Mile,oval,69,5.0,5.0,0.0,2.0,15,0.7143,green,complete_validated_against_result_lap_counts,official_lap_chart,61e7c0e8ca2682cb606c7604b26f433daf6d95c358be5879e2fdbc06135604fd
session_indy_nxt_2024_6322,event_indy_nxt_2024_5478,2024,2024 INDY NXT By Firestone at The Milwaukee Mile,The Milwaukee Mile,oval,70,5.0,5.0,0.0,2.0,15,0.7143,green,complete_validated_against_result_lap_counts,official_lap_chart,61e7c0e8ca2682cb606c7604b26f433daf6d95c358be5879e2fdbc06135604fd
session_indy_nxt_2024_6322,event_indy_nxt_2024_5478,2024,2024 INDY NXT By Firestone at The Milwaukee Mile,The Milwaukee Mile,oval,71,5.0,5.0,0.0,2.0,15,0.7143,green,complete_validated_against_result_lap_counts,official_lap_chart,61e7c0e8ca2682cb606c7604b26f433daf6d95c358be5879e2fdbc06135604fd
session_indy_nxt_2024_6322,event_indy_nxt_2024_5478,2024,2024 INDY NXT By Firestone at The Milwaukee Mile,The Milwaukee Mile,oval,72,5.0,5.0,0.0,2.0,15,0.7143,green,complete_validated_against_result_lap_counts,official_lap_chart,61e7c0e8ca2682cb606c7604b26f433daf6d95c358be5879e2fdbc06135604fd
session_indy_nxt_2024_6322,event_indy_nxt_2024_5478,2024,2024 INDY NXT By Firestone at The Milwaukee Mile,The Milwaukee Mile,oval,73,5.0,5.0,0.0,2.0,15,0.7143,green,complete_validated_against_result_lap_counts,official_lap_chart,61e7c0e8ca2682cb606c7604b26f433daf6d95c358be5879e2fdbc06135604fd
session_indy_nxt_2024_6322,event_indy_nxt_2024_5478,2024,2024 INDY NXT By Firestone at The Milwaukee Mile,The Milwaukee Mile,oval,74,5.0,5.0,0.0,2.0,15,0.7143,green,complete_validated_against_result_lap_counts,official_lap_chart,61e7c0e8ca2682cb606c7604b26f433daf6d95c358be5879e2fdbc06135604fd
session_indy_nxt_2024_6322,event_indy_nxt_2024_5478,2024,2024 INDY NXT By Firestone at The Milwaukee Mile,The Milwaukee Mile,oval,75,5.0,5.0,0.0,2.0,15,0.7143,green,complete_validated_against_result_lap_counts,official_lap_chart,61e7c0e8ca2682cb606c7604b26f433daf6d95c358be5879e2fdbc06135604fd
session_indy_nxt_2024_6322,event_indy_nxt_2024_5478,2024,2024 INDY NXT By Firestone at The Milwaukee Mile,The Milwaukee Mile,oval,76,5.0,5.0,0.0,2.0,15,0.7143,green,complete_validated_against_result_lap_counts,official_lap_chart,61e7c0e8ca2682cb606c7604b26f433daf6d95c358be5879e2fdbc06135604fd
session_indy_nxt_2024_6322,event_indy_nxt_2024_5478,2024,2024 INDY NXT By Firestone at The Milwaukee Mile,The Milwaukee Mile,oval,77,5.0,5.0,0.0,2.0,15,0.7143,green,complete_validated_against_result_lap_counts,official_lap_chart,61e7c0e8ca2682cb606c7604b26f433daf6d95c358be5879e2fdbc06135604fd
session_indy_nxt_2024_6322,event_indy_nxt_2024_5478,2024,2024 INDY NXT By Firestone at The Milwaukee Mile,The Milwaukee Mile,oval,78,5.0,5.0,0.0,2.0,15,0.7143,green,complete_validated_against_result_lap_counts,official_lap_chart,61e7c0e8ca2682cb606c7604b26f433daf6d95c358be5879e2fdbc06135604fd
session_indy_nxt_2024_6322,event_indy_nxt_2024_5478,2024,2024 INDY NXT By Firestone at The Milwaukee Mile,The Milwaukee Mile,oval,79,5.0,5.0,0.0,2.0,15,0.7143,green,complete_validated_against_result_lap_counts,official_lap_chart,61e7c0e8ca2682cb606c7604b26f433daf6d95c358be5879e2fdbc06135604fd
session_indy_nxt_2024_6322,event_indy_nxt_2024_5478,2024,2024 INDY NXT By Firestone at The Milwaukee Mile,The Milwaukee Mile,oval,80,5.0,5.0,0.0,2.0,15,0.7143,green,complete_validated_against_result_lap_counts,official_lap_chart,61e7c0e8ca2682cb606c7604b26f433daf6d95c358be5879e2fdbc06135604fd
session_indy_nxt_2024_6322,event_indy_nxt_2024_5478,2024,2024 INDY NXT By Firestone at The Milwaukee Mile,The Milwaukee Mile,oval,81,5.0,5.0,0.0,2.0,15,0.7143,green,complete_validated_against_result_lap_counts,official_lap_chart,61e7c0e8ca2682cb606c7604b26f433daf6d95c358be5879e2fdbc06135604fd
session_indy_nxt_2024_6322,event_indy_nxt_2024_5478,2024,2024 INDY NXT By Firestone at The Milwaukee Mile,The Milwaukee Mile,oval,82,5.0,5.0,0.0,2.0,15,0.7143,green,complete_validated_against_result_lap_counts,official_lap_chart,61e7c0e8ca2682cb606c7604b26f433daf6d95c358be5879e2fdbc06135604fd
session_indy_nxt_2024_6322,event_indy_nxt_2024_5478,2024,2024 INDY NXT By Firestone at The Milwaukee Mile,The Milwaukee Mile,oval,83,5.0,5.0,0.0,2.0,15,0.7143,green,complete_validated_against_result_lap_counts,official_lap_chart,61e7c0e8ca2682cb606c7604b26f433daf6d95c358be5879e2fdbc06135604fd
session_indy_nxt_2024_6322,event_indy_nxt_2024_5478,2024,2024 INDY NXT By Firestone at The Milwaukee Mile,The Milwaukee Mile,oval,84,5.0,5.0,0.0,2.0,15,0.7143,green,complete_validated_against_result_lap_counts,official_lap_chart,61e7c0e8ca2682cb606c7604b26f433daf6d95c358be5879e2fdbc06135604fd
session_indy_nxt_2024_6322,event_indy_nxt_2024_5478,2024,2024 INDY NXT By Firestone at The Milwaukee Mile,The Milwaukee Mile,oval,85,5.0,5.0,0.0,2.0,15,0.7143,green,complete_validated_against_result_lap_counts,official_lap_chart,61e7c0e8ca2682cb606c7604b26f433daf6d95c358be5879e2fdbc06135604fd
session_indy_nxt_2024_6322,event_indy_nxt_2024_5478,2024,2024 INDY NXT By Firestone at The Milwaukee Mile,The Milwaukee Mile,oval,86,4.0,5.0,1.0,3.0,15,0.7857,green,complete_validated_against_result_lap_counts,official_lap_chart,61e7c0e8ca2682cb606c7604b26f433daf6d95c358be5879e2fdbc06135604fd
session_indy_nxt_2024_6322,event_indy_nxt_2024_5478,2024,2024 INDY NXT By Firestone at The Milwaukee Mile,The Milwaukee Mile,oval,87,4.0,4.0,0.0,3.0,15,0.7857,green,complete_validated_against_result_lap_counts,official_lap_chart,61e7c0e8ca2682cb606c7604b26f433daf6d95c358be5879e2fdbc06135604fd
session_indy_nxt_2024_6322,event_indy_nxt_2024_5478,2024,2024 INDY NXT By Firestone at The Milwaukee Mile,The Milwaukee Mile,oval,88,4.0,4.0,0.0,3.0,15,0.7857,green,complete_validated_against_result_lap_counts,official_lap_chart,61e7c0e8ca2682cb606c7604b26f433daf6d95c358be5879e2fdbc06135604fd
session_indy_nxt_2024_6322,event_indy_nxt_2024_5478,2024,2024 INDY NXT By Firestone at The Milwaukee Mile,The Milwaukee Mile,oval,89,4.0,4.0,0.0,3.0,14,0.7692,green,complete_validated_against_result_lap_counts,official_lap_chart,61e7c0e8ca2682cb606c7604b26f433daf6d95c358be5879e2fdbc06135604fd
session_indy_nxt_2024_6322,event_indy_nxt_2024_5478,2024,2024 INDY NXT By Firestone at The Milwaukee Mile,The Milwaukee Mile,oval,90,4.0,4.0,0.0,3.0,10,0.6667,green,complete_validated_against_result_lap_counts,official_lap_chart,61e7c0e8ca2682cb606c7604b26f433daf6d95c358be5879e2fdbc06135604fd
session_indy_nxt_2024_6323,event_indy_nxt_2024_5479,2024,2024 Music City Grand Prix,Nashville Superspeedway,oval,1,11.0,,,0.0,18,0.4118,green,complete_validated_against_result_lap_counts,official_lap_chart,61e7c0e8ca2682cb606c7604b26f433daf6d95c358be5879e2fdbc06135604fd
session_indy_nxt_2024_6323,event_indy_nxt_2024_5479,2024,2024 Music City Grand Prix,Nashville Superspeedway,oval,2,13.0,11.0,-2.0,-2.0,18,0.2941,green,complete_validated_against_result_lap_counts,official_lap_chart,61e7c0e8ca2682cb606c7604b26f433daf6d95c358be5879e2fdbc06135604fd
session_indy_nxt_2024_6323,event_indy_nxt_2024_5479,2024,2024 Music City Grand Prix,Nashville Superspeedway,oval,3,12.0,13.0,1.0,-1.0,18,0.3529,green,complete_validated_against_result_lap_counts,official_lap_chart,61e7c0e8ca2682cb606c7604b26f433daf6d95c358be5879e2fdbc06135604fd
session_indy_nxt_2024_6323,event_indy_nxt_2024_5479,2024,2024 Music City Grand Prix,Nashville Superspeedway,oval,4,11.0,12.0,1.0,0.0,18,0.4118,green,complete_validated_against_result_lap_counts,official_lap_chart,61e7c0e8ca2682cb606c7604b26f433daf6d95c358be5879e2fdbc06135604fd
session_indy_nxt_2024_6323,event_indy_nxt_2024_5479,2024,2024 Music City Grand Prix,Nashville Superspeedway,oval,5,11.0,11.0,0.0,0.0,18,0.4118,green,complete_validated_against_result_lap_counts,official_lap_chart,61e7c0e8ca2682cb606c7604b26f433daf6d95c358be5879e2fdbc06135604fd
session_indy_nxt_2024_6323,event_indy_nxt_2024_5479,2024,2024 Music City Grand Prix,Nashville Superspeedway,oval,6,10.0,11.0,1.0,1.0,18,0.4706,green,complete_validated_against_result_lap_counts,official_lap_chart,61e7c0e8ca2682cb606c7604b26f433daf6d95c358be5879e2fdbc06135604fd
session_indy_nxt_2024_6323,event_indy_nxt_2024_5479,2024,2024 Music City Grand Prix,Nashville Superspeedway,oval,7,10.0,10.0,0.0,1.0,18,0.4706,green,complete_validated_against_result_lap_counts,official_lap_chart,61e7c0e8ca2682cb606c7604b26f433daf6d95c358be5879e2fdbc06135604fd
session_indy_nxt_2024_6323,event_indy_nxt_2024_5479,2024,2024 Music City Grand Prix,Nashville Superspeedway,oval,8,10.0,10.0,0.0,1.0,18,0.4706,green,complete_validated_against_result_lap_counts,official_lap_chart,61e7c0e8ca2682cb606c7604b26f433daf6d95c358be5879e2fdbc06135604fd
session_indy_nxt_2024_6323,event_indy_nxt_2024_5479,2024,2024 Music City Grand Prix,Nashville Superspeedway,oval,9,10.0,10.0,0.0,1.0,18,0.4706,green,complete_validated_against_result_lap_counts,official_lap_chart,61e7c0e8ca2682cb606c7604b26f433daf6d95c358be5879e2fdbc06135604fd
session_indy_nxt_2024_6323,event_indy_nxt_2024_5479,2024,2024 Music City Grand Prix,Nashville Superspeedway,oval,10,10.0,10.0,0.0,1.0,18,0.4706,green,complete_validated_against_result_lap_counts,official_lap_chart,61e7c0e8ca2682cb606c7604b26f433daf6d95c358be5879e2fdbc06135604fd
session_indy_nxt_2024_6323,event_indy_nxt_2024_5479,2024,2024 Music City Grand Prix,Nashville Superspeedway,oval,11,9.0,10.0,1.0,2.0,18,0.5294,green,complete_validated_against_result_lap_counts,official_lap_chart,61e7c0e8ca2682cb606c7604b26f433daf6d95c358be5879e2fdbc06135604fd
session_indy_nxt_2024_6323,event_indy_nxt_2024_5479,2024,2024 Music City Grand Prix,Nashville Superspeedway,oval,12,9.0,9.0,0.0,2.0,18,0.5294,green,complete_validated_against_result_lap_counts,official_lap_chart,61e7c0e8ca2682cb606c7604b26f433daf6d95c358be5879e2fdbc06135604fd
session_indy_nxt_2024_6323,event_indy_nxt_2024_5479,2024,2024 Music City Grand Prix,Nashville Superspeedway,oval,13,9.0,9.0,0.0,2.0,17,0.5,green,complete_validated_against_result_lap_counts,official_lap_chart,61e7c0e8ca2682cb606c7604b26f433daf6d95c358be5879e2fdbc06135604fd
session_indy_nxt_2024_6323,event_indy_nxt_2024_5479,2024,2024 Music City Grand Prix,Nashville Superspeedway,oval,14,9.0,9.0,0.0,2.0,17,0.5,green,complete_validated_against_result_lap_counts,official_lap_chart,61e7c0e8ca2682cb606c7604b26f433daf6d95c358be5879e2fdbc06135604fd
session_indy_nxt_2024_6323,event_indy_nxt_2024_5479,2024,2024 Music City Grand Prix,Nashville Superspeedway,oval,15,9.0,9.0,0.0,2.0,17,0.5,green,complete_validated_against_result_lap_counts,official_lap_chart,61e7c0e8ca2682cb606c7604b26f433daf6d95c358be5879e2fdbc06135604fd
session_indy_nxt_2024_6323,event_indy_nxt_2024_5479,2024,2024 Music City Grand Prix,Nashville Superspeedway,oval,16,8.0,9.0,1.0,3.0,17,0.5625,green,complete_validated_against_result_lap_counts,official_lap_chart,61e7c0e8ca2682cb606c7604b26f433daf6d95c358be5879e2fdbc06135604fd
session_indy_nxt_2024_6323,event_indy_nxt_2024_5479,2024,2024 Music City Grand Prix,Nashville Superspeedway,oval,17,8.0,8.0,0.0,3.0,17,0.5625,green,complete_validated_against_result_lap_counts,official_lap_chart,61e7c0e8ca2682cb606c7604b26f433daf6d95c358be5879e2fdbc06135604fd
session_indy_nxt_2024_6323,event_indy_nxt_2024_5479,2024,2024 Music City Grand Prix,Nashville Superspeedway,oval,18,8.0,8.0,0.0,3.0,17,0.5625,green,complete_validated_against_result_lap_counts,official_lap_chart,61e7c0e8ca2682cb606c7604b26f433daf6d95c358be5879e2fdbc06135604fd
session_indy_nxt_2024_6323,event_indy_nxt_2024_5479,2024,2024 Music City Grand Prix,Nashville Superspeedway,oval,19,8.0,8.0,0.0,3.0,17,0.5625,green,complete_validated_against_result_lap_counts,official_lap_chart,61e7c0e8ca2682cb606c7604b26f433daf6d95c358be5879e2fdbc06135604fd
session_indy_nxt_2024_6323,event_indy_nxt_2024_5479,2024,2024 Music City Grand Prix,Nashville Superspeedway,oval,20,8.0,8.0,0.0,3.0,17,0.5625,green,complete_validated_against_result_lap_counts,official_lap_chart,61e7c0e8ca2682cb606c7604b26f433daf6d95c358be5879e2fdbc06135604fd
session_indy_nxt_2024_6323,event_indy_nxt_2024_5479,2024,2024 Music City Grand Prix,Nashville Superspeedway,oval,21,8.0,8.0,0.0,3.0,17,0.5625,green,complete_validated_against_result_lap_counts,official_lap_chart,61e7c0e8ca2682cb606c7604b26f433daf6d95c358be5879e2fdbc06135604fd
session_indy_nxt_2024_6323,event_indy_nxt_2024_5479,2024,2024 Music City Grand Prix,Nashville Superspeedway,oval,22,8.0,8.0,0.0,3.0,17,0.5625,green,complete_validated_against_result_lap_counts,official_lap_chart,61e7c0e8ca2682cb606c7604b26f433daf6d95c358be5879e2fdbc06135604fd
session_indy_nxt_2024_6323,event_indy_nxt_2024_5479,2024,2024 Music City Grand Prix,Nashville Superspeedway,oval,23,8.0,8.0,0.0,3.0,17,0.5625,green,complete_validated_against_result_lap_counts,official_lap_chart,61e7c0e8ca2682cb606c7604b26f433daf6d95c358be5879e2fdbc06135604fd
session_indy_nxt_2024_6323,event_indy_nxt_2024_5479,2024,2024 Music City Grand Prix,Nashville Superspeedway,oval,24,8.0,8.0,0.0,3.0,17,0.5625,green,complete_validated_against_result_lap_counts,official_lap_chart,61e7c0e8ca2682cb606c7604b26f433daf6d95c358be5879e2fdbc06135604fd
session_indy_nxt_2024_6323,event_indy_nxt_2024_5479,2024,2024 Music City Grand Prix,Nashville Superspeedway,oval,25,8.0,8.0,0.0,3.0,17,0.5625,green,complete_validated_against_result_lap_counts,official_lap_chart,61e7c0e8ca2682cb606c7604b26f433daf6d95c358be5879e2fdbc06135604fd
session_indy_nxt_2024_6323,event_indy_nxt_2024_5479,2024,2024 Music City Grand Prix,Nashville Superspeedway,oval,26,8.0,8.0,0.0,3.0,17,0.5625,green,complete_validated_against_result_lap_counts,official_lap_chart,61e7c0e8ca2682cb606c7604b26f433daf6d95c358be5879e2fdbc06135604fd
session_indy_nxt_2024_6323,event_indy_nxt_2024_5479,2024,2024 Music City Grand Prix,Nashville Superspeedway,oval,27,8.0,8.0,0.0,3.0,17,0.5625,green,complete_validated_against_result_lap_counts,official_lap_chart,61e7c0e8ca2682cb606c7604b26f433daf6d95c358be5879e2fdbc06135604fd
session_indy_nxt_2024_6323,event_indy_nxt_2024_5479,2024,2024 Music City Grand Prix,Nashville Superspeedway,oval,28,8.0,8.0,0.0,3.0,17,0.5625,green,complete_validated_against_result_lap_counts,official_lap_chart,61e7c0e8ca2682cb606c7604b26f433daf6d95c358be5879e2fdbc06135604fd
session_indy_nxt_2024_6323,event_indy_nxt_2024_5479,2024,2024 Music City Grand Prix,Nashville Superspeedway,oval,29,8.0,8.0,0.0,3.0,17,0.5625,green,complete_validated_against_result_lap_counts,official_lap_chart,61e7c0e8ca2682cb606c7604b26f433daf6d95c358be5879e2fdbc06135604fd
session_indy_nxt_2024_6323,event_indy_nxt_2024_5479,2024,2024 Music City Grand Prix,Nashville Superspeedway,oval,30,7.0,8.0,1.0,4.0,17,0.625,green,complete_validated_against_result_lap_counts,official_lap_chart,61e7c0e8ca2682cb606c7604b26f433daf6d95c358be5879e2fdbc06135604fd
session_indy_nxt_2024_6323,event_indy_nxt_2024_5479,2024,2024 Music City Grand Prix,Nashville Superspeedway,oval,31,7.0,7.0,0.0,4.0,17,0.625,green,complete_validated_against_result_lap_counts,official_lap_chart,61e7c0e8ca2682cb606c7604b26f433daf6d95c358be5879e2fdbc06135604fd
session_indy_nxt_2024_6323,event_indy_nxt_2024_5479,2024,2024 Music City Grand Prix,Nashville Superspeedway,oval,32,7.0,7.0,0.0,4.0,17,0.625,green,complete_validated_against_result_lap_counts,official_lap_chart,61e7c0e8ca2682cb606c7604b26f433daf6d95c358be5879e2fdbc06135604fd
session_indy_nxt_2024_6323,event_indy_nxt_2024_5479,2024,2024 Music City Grand Prix,Nashville Superspeedway,oval,33,7.0,7.0,0.0,4.0,17,0.625,green,complete_validated_against_result_lap_counts,official_lap_chart,61e7c0e8ca2682cb606c7604b26f433daf6d95c358be5879e2fdbc06135604fd
session_indy_nxt_2024_6323,event_indy_nxt_2024_5479,2024,2024 Music City Grand Prix,Nashville Superspeedway,oval,34,7.0,7.0,0.0,4.0,17,0.625,green,complete_validated_against_result_lap_counts,official_lap_chart,61e7c0e8ca2682cb606c7604b26f433daf6d95c358be5879e2fdbc06135604fd
session_indy_nxt_2024_6323,event_indy_nxt_2024_5479,2024,2024 Music City Grand Prix,Nashville Superspeedway,oval,35,7.0,7.0,0.0,4.0,17,0.625,green,complete_validated_against_result_lap_counts,official_lap_chart,61e7c0e8ca2682cb606c7604b26f433daf6d95c358be5879e2fdbc06135604fd
session_indy_nxt_2024_6323,event_indy_nxt_2024_5479,2024,2024 Music City Grand Prix,Nashville Superspeedway,oval,36,7.0,7.0,0.0,4.0,17,0.625,green,complete_validated_against_result_lap_counts,official_lap_chart,61e7c0e8ca2682cb606c7604b26f433daf6d95c358be5879e2fdbc06135604fd
session_indy_nxt_2024_6323,event_indy_nxt_2024_5479,2024,2024 Music City Grand Prix,Nashville Superspeedway,oval,37,7.0,7.0,0.0,4.0,17,0.625,green,complete_validated_against_result_lap_counts,official_lap_chart,61e7c0e8ca2682cb606c7604b26f433daf6d95c358be5879e2fdbc06135604fd
session_indy_nxt_2024_6323,event_indy_nxt_2024_5479,2024,2024 Music City Grand Prix,Nashville Superspeedway,oval,38,6.0,7.0,1.0,5.0,17,0.6875,green,complete_validated_against_result_lap_counts,official_lap_chart,61e7c0e8ca2682cb606c7604b26f433daf6d95c358be5879e2fdbc06135604fd
session_indy_nxt_2024_6323,event_indy_nxt_2024_5479,2024,2024 Music City Grand Prix,Nashville Superspeedway,oval,39,6.0,6.0,0.0,5.0,17,0.6875,green,complete_validated_against_result_lap_counts,official_lap_chart,61e7c0e8ca2682cb606c7604b26f433daf6d95c358be5879e2fdbc06135604fd
session_indy_nxt_2024_6323,event_indy_nxt_2024_5479,2024,2024 Music City Grand Prix,Nashville Superspeedway,oval,40,6.0,6.0,0.0,5.0,17,0.6875,green,complete_validated_against_result_lap_counts,official_lap_chart,61e7c0e8ca2682cb606c7604b26f433daf6d95c358be5879e2fdbc06135604fd
session_indy_nxt_2024_6323,event_indy_nxt_2024_5479,2024,2024 Music City Grand Prix,Nashville Superspeedway,oval,41,6.0,6.0,0.0,5.0,17,0.6875,green,complete_validated_against_result_lap_counts,official_lap_chart,61e7c0e8ca2682cb606c7604b26f433daf6d95c358be5879e2fdbc06135604fd
session_indy_nxt_2024_6323,event_indy_nxt_2024_5479,2024,2024 Music City Grand Prix,Nashville Superspeedway,oval,42,6.0,6.0,0.0,5.0,17,0.6875,green,complete_validated_against_result_lap_counts,official_lap_chart,61e7c0e8ca2682cb606c7604b26f433daf6d95c358be5879e2fdbc06135604fd
session_indy_nxt_2024_6323,event_indy_nxt_2024_5479,2024,2024 Music City Grand Prix,Nashville Superspeedway,oval,43,6.0,6.0,0.0,5.0,17,0.6875,green,complete_validated_against_result_lap_counts,official_lap_chart,61e7c0e8ca2682cb606c7604b26f433daf6d95c358be5879e2fdbc06135604fd
session_indy_nxt_2024_6323,event_indy_nxt_2024_5479,2024,2024 Music City Grand Prix,Nashville Superspeedway,oval,44,6.0,6.0,0.0,5.0,17,0.6875,green,complete_validated_against_result_lap_counts,official_lap_chart,61e7c0e8ca2682cb606c7604b26f433daf6d95c358be5879e2fdbc06135604fd
session_indy_nxt_2024_6323,event_indy_nxt_2024_5479,2024,2024 Music City Grand Prix,Nashville Superspeedway,oval,45,6.0,6.0,0.0,5.0,17,0.6875,green,complete_validated_against_result_lap_counts,official_lap_chart,61e7c0e8ca2682cb606c7604b26f433daf6d95c358be5879e2fdbc06135604fd
session_indy_nxt_2024_6323,event_indy_nxt_2024_5479,2024,2024 Music City Grand Prix,Nashville Superspeedway,oval,46,6.0,6.0,0.0,5.0,17,0.6875,green,complete_validated_against_result_lap_counts,official_lap_chart,61e7c0e8ca2682cb606c7604b26f433daf6d95c358be5879e2fdbc06135604fd
session_indy_nxt_2024_6323,event_indy_nxt_2024_5479,2024,2024 Music City Grand Prix,Nashville Superspeedway,oval,47,6.0,6.0,0.0,5.0,17,0.6875,green,complete_validated_against_result_lap_counts,official_lap_chart,61e7c0e8ca2682cb606c7604b26f433daf6d95c358be5879e2fdbc06135604fd
session_indy_nxt_2024_6323,event_indy_nxt_2024_5479,2024,2024 Music City Grand Prix,Nashville Superspeedway,oval,48,6.0,6.0,0.0,5.0,17,0.6875,green,complete_validated_against_result_lap_counts,official_lap_chart,61e7c0e8ca2682cb606c7604b26f433daf6d95c358be5879e2fdbc06135604fd
session_indy_nxt_2024_6323,event_indy_nxt_2024_5479,2024,2024 Music City Grand Prix,Nashville Superspeedway,oval,49,6.0,6.0,0.0,5.0,17,0.6875,green,complete_validated_against_result_lap_counts,official_lap_chart,61e7c0e8ca2682cb606c7604b26f433daf6d95c358be5879e2fdbc06135604fd
session_indy_nxt_2024_6323,event_indy_nxt_2024_5479,2024,2024 Music City Grand Prix,Nashville Superspeedway,oval,50,6.0,6.0,0.0,5.0,17,0.6875,green,complete_validated_against_result_lap_counts,official_lap_chart,61e7c0e8ca2682cb606c7604b26f433daf6d95c358be5879e2fdbc06135604fd
session_indy_nxt_2024_6323,event_indy_nxt_2024_5479,2024,2024 Music City Grand Prix,Nashville Superspeedway,oval,51,6.0,6.0,0.0,5.0,17,0.6875,green,complete_validated_against_result_lap_counts,official_lap_chart,61e7c0e8ca2682cb606c7604b26f433daf6d95c358be5879e2fdbc06135604fd
session_indy_nxt_2024_6323,event_indy_nxt_2024_5479,2024,2024 Music City Grand Prix,Nashville Superspeedway,oval,52,6.0,6.0,0.0,5.0,16,0.6667,caution,complete_validated_against_result_lap_counts,official_lap_chart,61e7c0e8ca2682cb606c7604b26f433daf6d95c358be5879e2fdbc06135604fd
session_indy_nxt_2024_6323,event_indy_nxt_2024_5479,2024,2024 Music City Grand Prix,Nashville Superspeedway,oval,53,6.0,6.0,0.0,5.0,16,0.6667,caution,complete_validated_against_result_lap_counts,official_lap_chart,61e7c0e8ca2682cb606c7604b26f433daf6d95c358be5879e2fdbc06135604fd
session_indy_nxt_2024_6323,event_indy_nxt_2024_5479,2024,2024 Music City Grand Prix,Nashville Superspeedway,oval,54,6.0,6.0,0.0,5.0,16,0.6667,caution,complete_validated_against_result_lap_counts,official_lap_chart,61e7c0e8ca2682cb606c7604b26f433daf6d95c358be5879e2fdbc06135604fd
session_indy_nxt_2024_6323,event_indy_nxt_2024_5479,2024,2024 Music City Grand Prix,Nashville Superspeedway,oval,55,6.0,6.0,0.0,5.0,15,0.6429,caution,complete_validated_against_result_lap_counts,official_lap_chart,61e7c0e8ca2682cb606c7604b26f433daf6d95c358be5879e2fdbc06135604fd
session_indy_nxt_2024_6323,event_indy_nxt_2024_5479,2024,2024 Music City Grand Prix,Nashville Superspeedway,oval,56,6.0,6.0,0.0,5.0,15,0.6429,caution,complete_validated_against_result_lap_counts,official_lap_chart,61e7c0e8ca2682cb606c7604b26f433daf6d95c358be5879e2fdbc06135604fd
session_indy_nxt_2024_6323,event_indy_nxt_2024_5479,2024,2024 Music City Grand Prix,Nashville Superspeedway,oval,57,6.0,6.0,0.0,5.0,15,0.6429,caution,complete_validated_against_result_lap_counts,official_lap_chart,61e7c0e8ca2682cb606c7604b26f433daf6d95c358be5879e2fdbc06135604fd
session_indy_nxt_2024_6323,event_indy_nxt_2024_5479,2024,2024 Music City Grand Prix,Nashville Superspeedway,oval,58,6.0,6.0,0.0,5.0,15,0.6429,restart_lap,complete_validated_against_result_lap_counts,official_lap_chart,61e7c0e8ca2682cb606c7604b26f433daf6d95c358be5879e2fdbc06135604fd
session_indy_nxt_2024_6323,event_indy_nxt_2024_5479,2024,2024 Music City Grand Prix,Nashville Superspeedway,oval,59,6.0,6.0,0.0,5.0,15,0.6429,green,complete_validated_against_result_lap_counts,official_lap_chart,61e7c0e8ca2682cb606c7604b26f433daf6d95c358be5879e2fdbc06135604fd
session_indy_nxt_2024_6323,event_indy_nxt_2024_5479,2024,2024 Music City Grand Prix,Nashville Superspeedway,oval,60,6.0,6.0,0.0,5.0,14,0.6154,green,complete_validated_against_result_lap_counts,official_lap_chart,61e7c0e8ca2682cb606c7604b26f433daf6d95c358be5879e2fdbc06135604fd
session_indy_nxt_2024_6323,event_indy_nxt_2024_5479,2024,2024 Music City Grand Prix,Nashville Superspeedway,oval,61,7.0,6.0,-1.0,4.0,14,0.5385,green,complete_validated_against_result_lap_counts,official_lap_chart,61e7c0e8ca2682cb606c7604b26f433daf6d95c358be5879e2fdbc06135604fd
session_indy_nxt_2024_6323,event_indy_nxt_2024_5479,2024,2024 Music City Grand Prix,Nashville Superspeedway,oval,62,7.0,7.0,0.0,4.0,14,0.5385,green,complete_validated_against_result_lap_counts,official_lap_chart,61e7c0e8ca2682cb606c7604b26f433daf6d95c358be5879e2fdbc06135604fd
session_indy_nxt_2024_6323,event_indy_nxt_2024_5479,2024,2024 Music City Grand Prix,Nashville Superspeedway,oval,63,7.0,7.0,0.0,4.0,13,0.5,green,complete_validated_against_result_lap_counts,official_lap_chart,61e7c0e8ca2682cb606c7604b26f433daf6d95c358be5879e2fdbc06135604fd
session_indy_nxt_2024_6323,event_indy_nxt_2024_5479,2024,2024 Music City Grand Prix,Nashville Superspeedway,oval,64,7.0,7.0,0.0,4.0,12,0.4545,green,complete_validated_against_result_lap_counts,official_lap_chart,61e7c0e8ca2682cb606c7604b26f433daf6d95c358be5879e2fdbc06135604fd
session_indy_nxt_2024_6323,event_indy_nxt_2024_5479,2024,2024 Music City Grand Prix,Nashville Superspeedway,oval,65,7.0,7.0,0.0,4.0,9,0.25,green,complete_validated_against_result_lap_counts,official_lap_chart,61e7c0e8ca2682cb606c7604b26f433daf6d95c358be5879e2fdbc06135604fd
session_indy_nxt_2024_6324,event_indy_nxt_2024_5480,2024,2024 Grand Prix of St. Petersburg,Streets of St. Petersburg,street,1,7.0,,,0.0,21,0.7,green,complete_validated_against_result_lap_counts,official_lap_chart,61e7c0e8ca2682cb606c7604b26f433daf6d95c358be5879e2fdbc06135604fd
session_indy_nxt_2024_6324,event_indy_nxt_2024_5480,2024,2024 Grand Prix of St. Petersburg,Streets of St. Petersburg,street,2,7.0,7.0,0.0,0.0,21,0.7,green,complete_validated_against_result_lap_counts,official_lap_chart,61e7c0e8ca2682cb606c7604b26f433daf6d95c358be5879e2fdbc06135604fd
session_indy_nxt_2024_6324,event_indy_nxt_2024_5480,2024,2024 Grand Prix of St. Petersburg,Streets of St. Petersburg,street,3,8.0,7.0,-1.0,-1.0,21,0.65,green,complete_validated_against_result_lap_counts,official_lap_chart,61e7c0e8ca2682cb606c7604b26f433daf6d95c358be5879e2fdbc06135604fd
session_indy_nxt_2024_6324,event_indy_nxt_2024_5480,2024,2024 Grand Prix of St. Petersburg,Streets of St. Petersburg,street,4,8.0,8.0,0.0,-1.0,21,0.65,green,complete_validated_against_result_lap_counts,official_lap_chart,61e7c0e8ca2682cb606c7604b26f433daf6d95c358be5879e2fdbc06135604fd
session_indy_nxt_2024_6324,event_indy_nxt_2024_5480,2024,2024 Grand Prix of St. Petersburg,Streets of St. Petersburg,street,5,7.0,8.0,1.0,0.0,21,0.7,green,complete_validated_against_result_lap_counts,official_lap_chart,61e7c0e8ca2682cb606c7604b26f433daf6d95c358be5879e2fdbc06135604fd
session_indy_nxt_2024_6324,event_indy_nxt_2024_5480,2024,2024 Grand Prix of St. Petersburg,Streets of St. Petersburg,street,6,7.0,7.0,0.0,0.0,21,0.7,green,complete_validated_against_result_lap_counts,official_lap_chart,61e7c0e8ca2682cb606c7604b26f433daf6d95c358be5879e2fdbc06135604fd
session_indy_nxt_2024_6324,event_indy_nxt_2024_5480,2024,2024 Grand Prix of St. Petersburg,Streets of St. Petersburg,street,7,7.0,7.0,0.0,0.0,21,0.7,green,complete_validated_against_result_lap_counts,official_lap_chart,61e7c0e8ca2682cb606c7604b26f433daf6d95c358be5879e2fdbc06135604fd
session_indy_nxt_2024_6324,event_indy_nxt_2024_5480,2024,2024 Grand Prix of St. Petersburg,Streets of St. Petersburg,street,8,7.0,7.0,0.0,0.0,21,0.7,green,complete_validated_against_result_lap_counts,official_lap_chart,61e7c0e8ca2682cb606c7604b26f433daf6d95c358be5879e2fdbc06135604fd
session_indy_nxt_2024_6324,event_indy_nxt_2024_5480,2024,2024 Grand Prix of St. Petersburg,Streets of St. Petersburg,street,9,7.0,7.0,0.0,0.0,21,0.7,green,complete_validated_against_result_lap_counts,official_lap_chart,61e7c0e8ca2682cb606c7604b26f433daf6d95c358be5879e2fdbc06135604fd
session_indy_nxt_2024_6324,event_indy_nxt_2024_5480,2024,2024 Grand Prix of St. Petersburg,Streets of St. Petersburg,street,10,7.0,7.0,0.0,0.0,21,0.7,green,complete_validated_against_result_lap_counts,official_lap_chart,61e7c0e8ca2682cb606c7604b26f433daf6d95c358be5879e2fdbc06135604fd
session_indy_nxt_2024_6324,event_indy_nxt_2024_5480,2024,2024 Grand Prix of St. Petersburg,Streets of St. Petersburg,street,11,7.0,7.0,0.0,0.0,21,0.7,green,complete_validated_against_result_lap_counts,official_lap_chart,61e7c0e8ca2682cb606c7604b26f433daf6d95c358be5879e2fdbc06135604fd
session_indy_nxt_2024_6324,event_indy_nxt_2024_5480,2024,2024 Grand Prix of St. Petersburg,Streets of St. Petersburg,street,12,7.0,7.0,0.0,0.0,21,0.7,green,complete_validated_against_result_lap_counts,official_lap_chart,61e7c0e8ca2682cb606c7604b26f433daf6d95c358be5879e2fdbc06135604fd
session_indy_nxt_2024_6324,event_indy_nxt_2024_5480,2024,2024 Grand Prix of St. Petersburg,Streets of St. Petersburg,street,13,7.0,7.0,0.0,0.0,20,0.6842,green,complete_validated_against_result_lap_counts,official_lap_chart,61e7c0e8ca2682cb606c7604b26f433daf6d95c358be5879e2fdbc06135604fd
session_indy_nxt_2024_6324,event_indy_nxt_2024_5480,2024,2024 Grand Prix of St. Petersburg,Streets of St. Petersburg,street,14,7.0,7.0,0.0,0.0,20,0.6842,green,complete_validated_against_result_lap_counts,official_lap_chart,61e7c0e8ca2682cb606c7604b26f433daf6d95c358be5879e2fdbc06135604fd
session_indy_nxt_2024_6324,event_indy_nxt_2024_5480,2024,2024 Grand Prix of St. Petersburg,Streets of St. Petersburg,street,15,7.0,7.0,0.0,0.0,20,0.6842,green,complete_validated_against_result_lap_counts,official_lap_chart,61e7c0e8ca2682cb606c7604b26f433daf6d95c358be5879e2fdbc06135604fd
session_indy_nxt_2024_6324,event_indy_nxt_2024_5480,2024,2024 Grand Prix of St. Petersburg,Streets of St. Petersburg,street,16,7.0,7.0,0.0,0.0,20,0.6842,green,complete_validated_against_result_lap_counts,official_lap_chart,61e7c0e8ca2682cb606c7604b26f433daf6d95c358be5879e2fdbc06135604fd
session_indy_nxt_2024_6324,event_indy_nxt_2024_5480,2024,2024 Grand Prix of St. Petersburg,Streets of St. Petersburg,street,17,7.0,7.0,0.0,0.0,20,0.6842,green,complete_validated_against_result_lap_counts,official_lap_chart,61e7c0e8ca2682cb606c7604b26f433daf6d95c358be5879e2fdbc06135604fd
session_indy_nxt_2024_6324,event_indy_nxt_2024_5480,2024,2024 Grand Prix of St. Petersburg,Streets of St. Petersburg,street,18,7.0,7.0,0.0,0.0,20,0.6842,green,complete_validated_against_result_lap_counts,official_lap_chart,61e7c0e8ca2682cb606c7604b26f433daf6d95c358be5879e2fdbc06135604fd
session_indy_nxt_2024_6324,event_indy_nxt_2024_5480,2024,2024 Grand Prix of St. Petersburg,Streets of St. Petersburg,street,19,7.0,7.0,0.0,0.0,20,0.6842,green,complete_validated_against_result_lap_counts,official_lap_chart,61e7c0e8ca2682cb606c7604b26f433daf6d95c358be5879e2fdbc06135604fd
session_indy_nxt_2024_6324,event_indy_nxt_2024_5480,2024,2024 Grand Prix of St. Petersburg,Streets of St. Petersburg,street,20,7.0,7.0,0.0,0.0,20,0.6842,green,complete_validated_against_result_lap_counts,official_lap_chart,61e7c0e8ca2682cb606c7604b26f433daf6d95c358be5879e2fdbc06135604fd
session_indy_nxt_2024_6324,event_indy_nxt_2024_5480,2024,2024 Grand Prix of St. Petersburg,Streets of St. Petersburg,street,21,7.0,7.0,0.0,0.0,20,0.6842,green,complete_validated_against_result_lap_counts,official_lap_chart,61e7c0e8ca2682cb606c7604b26f433daf6d95c358be5879e2fdbc06135604fd
session_indy_nxt_2024_6324,event_indy_nxt_2024_5480,2024,2024 Grand Prix of St. Petersburg,Streets of St. Petersburg,street,22,7.0,7.0,0.0,0.0,19,0.6667,green,complete_validated_against_result_lap_counts,official_lap_chart,61e7c0e8ca2682cb606c7604b26f433daf6d95c358be5879e2fdbc06135604fd
session_indy_nxt_2024_6324,event_indy_nxt_2024_5480,2024,2024 Grand Prix of St. Petersburg,Streets of St. Petersburg,street,23,7.0,7.0,0.0,0.0,19,0.6667,green,complete_validated_against_result_lap_counts,official_lap_chart,61e7c0e8ca2682cb606c7604b26f433daf6d95c358be5879e2fdbc06135604fd
session_indy_nxt_2024_6324,event_indy_nxt_2024_5480,2024,2024 Grand Prix of St. Petersburg,Streets of St. Petersburg,street,24,7.0,7.0,0.0,0.0,19,0.6667,green,complete_validated_against_result_lap_counts,official_lap_chart,61e7c0e8ca2682cb606c7604b26f433daf6d95c358be5879e2fdbc06135604fd
session_indy_nxt_2024_6324,event_indy_nxt_2024_5480,2024,2024 Grand Prix of St. Petersburg,Streets of St. Petersburg,street,25,7.0,7.0,0.0,0.0,19,0.6667,green,complete_validated_against_result_lap_counts,official_lap_chart,61e7c0e8ca2682cb606c7604b26f433daf6d95c358be5879e2fdbc06135604fd
session_indy_nxt_2024_6324,event_indy_nxt_2024_5480,2024,2024 Grand Prix of St. Petersburg,Streets of St. Petersburg,street,26,7.0,7.0,0.0,0.0,19,0.6667,green,complete_validated_against_result_lap_counts,official_lap_chart,61e7c0e8ca2682cb606c7604b26f433daf6d95c358be5879e2fdbc06135604fd
session_indy_nxt_2024_6324,event_indy_nxt_2024_5480,2024,2024 Grand Prix of St. Petersburg,Streets of St. Petersburg,street,27,7.0,7.0,0.0,0.0,19,0.6667,green,complete_validated_against_result_lap_counts,official_lap_chart,61e7c0e8ca2682cb606c7604b26f433daf6d95c358be5879e2fdbc06135604fd
session_indy_nxt_2024_6324,event_indy_nxt_2024_5480,2024,2024 Grand Prix of St. Petersburg,Streets of St. Petersburg,street,28,7.0,7.0,0.0,0.0,19,0.6667,green,complete_validated_against_result_lap_counts,official_lap_chart,61e7c0e8ca2682cb606c7604b26f433daf6d95c358be5879e2fdbc06135604fd
session_indy_nxt_2024_6324,event_indy_nxt_2024_5480,2024,2024 Grand Prix of St. Petersburg,Streets of St. Petersburg,street,29,7.0,7.0,0.0,0.0,19,0.6667,green,complete_validated_against_result_lap_counts,official_lap_chart,61e7c0e8ca2682cb606c7604b26f433daf6d95c358be5879e2fdbc06135604fd
session_indy_nxt_2024_6324,event_indy_nxt_2024_5480,2024,2024 Grand Prix of St. Petersburg,Streets of St. Petersburg,street,30,6.0,7.0,1.0,1.0,19,0.7222,green,complete_validated_against_result_lap_counts,official_lap_chart,61e7c0e8ca2682cb606c7604b26f433daf6d95c358be5879e2fdbc06135604fd
session_indy_nxt_2024_6324,event_indy_nxt_2024_5480,2024,2024 Grand Prix of St. Petersburg,Streets of St. Petersburg,street,31,6.0,6.0,0.0,1.0,19,0.7222,green,complete_validated_against_result_lap_counts,official_lap_chart,61e7c0e8ca2682cb606c7604b26f433daf6d95c358be5879e2fdbc06135604fd
session_indy_nxt_2024_6325,event_indy_nxt_2024_5481,2024,2024 Indianapolis Grand Prix Race 2,Indianapolis Motor Speedway Road Course,road,1,16.0,,,0.0,21,0.25,green,complete_validated_against_result_lap_counts,official_lap_chart,61e7c0e8ca2682cb606c7604b26f433daf6d95c358be5879e2fdbc06135604fd
session_indy_nxt_2024_6325,event_indy_nxt_2024_5481,2024,2024 Indianapolis Grand Prix Race 2,Indianapolis Motor Speedway Road Course,road,2,16.0,16.0,0.0,0.0,21,0.25,green,complete_validated_against_result_lap_counts,official_lap_chart,61e7c0e8ca2682cb606c7604b26f433daf6d95c358be5879e2fdbc06135604fd
session_indy_nxt_2024_6325,event_indy_nxt_2024_5481,2024,2024 Indianapolis Grand Prix Race 2,Indianapolis Motor Speedway Road Course,road,3,15.0,16.0,1.0,1.0,21,0.3,green,complete_validated_against_result_lap_counts,official_lap_chart,61e7c0e8ca2682cb606c7604b26f433daf6d95c358be5879e2fdbc06135604fd
session_indy_nxt_2024_6325,event_indy_nxt_2024_5481,2024,2024 Indianapolis Grand Prix Race 2,Indianapolis Motor Speedway Road Course,road,4,14.0,15.0,1.0,2.0,21,0.35,green,complete_validated_against_result_lap_counts,official_lap_chart,61e7c0e8ca2682cb606c7604b26f433daf6d95c358be5879e2fdbc06135604fd
session_indy_nxt_2024_6325,event_indy_nxt_2024_5481,2024,2024 Indianapolis Grand Prix Race 2,Indianapolis Motor Speedway Road Course,road,5,20.0,14.0,-6.0,-4.0,21,0.05,green,complete_validated_against_result_lap_counts,official_lap_chart,61e7c0e8ca2682cb606c7604b26f433daf6d95c358be5879e2fdbc06135604fd
session_indy_nxt_2024_6325,event_indy_nxt_2024_5481,2024,2024 Indianapolis Grand Prix Race 2,Indianapolis Motor Speedway Road Course,road,6,20.0,20.0,0.0,-4.0,21,0.05,green,complete_validated_against_result_lap_counts,official_lap_chart,61e7c0e8ca2682cb606c7604b26f433daf6d95c358be5879e2fdbc06135604fd
session_indy_nxt_2024_6325,event_indy_nxt_2024_5481,2024,2024 Indianapolis Grand Prix Race 2,Indianapolis Motor Speedway Road Course,road,7,20.0,20.0,0.0,-4.0,21,0.05,green,complete_validated_against_result_lap_counts,official_lap_chart,61e7c0e8ca2682cb606c7604b26f433daf6d95c358be5879e2fdbc06135604fd
session_indy_nxt_2024_6325,event_indy_nxt_2024_5481,2024,2024 Indianapolis Grand Prix Race 2,Indianapolis Motor Speedway Road Course,road,8,20.0,20.0,0.0,-4.0,21,0.05,green,complete_validated_against_result_lap_counts,official_lap_chart,61e7c0e8ca2682cb606c7604b26f433daf6d95c358be5879e2fdbc06135604fd
session_indy_nxt_2024_6325,event_indy_nxt_2024_5481,2024,2024 Indianapolis Grand Prix Race 2,Indianapolis Motor Speedway Road Course,road,9,20.0,20.0,0.0,-4.0,21,0.05,green,complete_validated_against_result_lap_counts,official_lap_chart,61e7c0e8ca2682cb606c7604b26f433daf6d95c358be5879e2fdbc06135604fd
session_indy_nxt_2024_6325,event_indy_nxt_2024_5481,2024,2024 Indianapolis Grand Prix Race 2,Indianapolis Motor Speedway Road Course,road,10,20.0,20.0,0.0,-4.0,21,0.05,green,complete_validated_against_result_lap_counts,official_lap_chart,61e7c0e8ca2682cb606c7604b26f433daf6d95c358be5879e2fdbc06135604fd
session_indy_nxt_2024_6325,event_indy_nxt_2024_5481,2024,2024 Indianapolis Grand Prix Race 2,Indianapolis Motor Speedway Road Course,road,11,20.0,20.0,0.0,-4.0,21,0.05,green,complete_validated_against_result_lap_counts,official_lap_chart,61e7c0e8ca2682cb606c7604b26f433daf6d95c358be5879e2fdbc06135604fd
session_indy_nxt_2024_6325,event_indy_nxt_2024_5481,2024,2024 Indianapolis Grand Prix Race 2,Indianapolis Motor Speedway Road Course,road,12,20.0,20.0,0.0,-4.0,21,0.05,green,complete_validated_against_result_lap_counts,official_lap_chart,61e7c0e8ca2682cb606c7604b26f433daf6d95c358be5879e2fdbc06135604fd
session_indy_nxt_2024_6325,event_indy_nxt_2024_5481,2024,2024 Indianapolis Grand Prix Race 2,Indianapolis Motor Speedway Road Course,road,13,20.0,20.0,0.0,-4.0,21,0.05,green,complete_validated_against_result_lap_counts,official_lap_chart,61e7c0e8ca2682cb606c7604b26f433daf6d95c358be5879e2fdbc06135604fd
session_indy_nxt_2024_6325,event_indy_nxt_2024_5481,2024,2024 Indianapolis Grand Prix Race 2,Indianapolis Motor Speedway Road Course,road,14,20.0,20.0,0.0,-4.0,21,0.05,green,complete_validated_against_result_lap_counts,official_lap_chart,61e7c0e8ca2682cb606c7604b26f433daf6d95c358be5879e2fdbc06135604fd
session_indy_nxt_2024_6325,event_indy_nxt_2024_5481,2024,2024 Indianapolis Grand Prix Race 2,Indianapolis Motor Speedway Road Course,road,15,20.0,20.0,0.0,-4.0,21,0.05,green,complete_validated_against_result_lap_counts,official_lap_chart,61e7c0e8ca2682cb606c7604b26f433daf6d95c358be5879e2fdbc06135604fd
session_indy_nxt_2024_6325,event_indy_nxt_2024_5481,2024,2024 Indianapolis Grand Prix Race 2,Indianapolis Motor Speedway Road Course,road,16,20.0,20.0,0.0,-4.0,21,0.05,green,complete_validated_against_result_lap_counts,official_lap_chart,61e7c0e8ca2682cb606c7604b26f433daf6d95c358be5879e2fdbc06135604fd
session_indy_nxt_2024_6325,event_indy_nxt_2024_5481,2024,2024 Indianapolis Grand Prix Race 2,Indianapolis Motor Speedway Road Course,road,17,20.0,20.0,0.0,-4.0,21,0.05,green,complete_validated_against_result_lap_counts,official_lap_chart,61e7c0e8ca2682cb606c7604b26f433daf6d95c358be5879e2fdbc06135604fd
session_indy_nxt_2024_6325,event_indy_nxt_2024_5481,2024,2024 Indianapolis Grand Prix Race 2,Indianapolis Motor Speedway Road Course,road,18,20.0,20.0,0.0,-4.0,21,0.05,green,complete_validated_against_result_lap_counts,official_lap_chart,61e7c0e8ca2682cb606c7604b26f433daf6d95c358be5879e2fdbc06135604fd
session_indy_nxt_2024_6325,event_indy_nxt_2024_5481,2024,2024 Indianapolis Grand Prix Race 2,Indianapolis Motor Speedway Road Course,road,19,20.0,20.0,0.0,-4.0,21,0.05,green,complete_validated_against_result_lap_counts,official_lap_chart,61e7c0e8ca2682cb606c7604b26f433daf6d95c358be5879e2fdbc06135604fd
session_indy_nxt_2024_6325,event_indy_nxt_2024_5481,2024,2024 Indianapolis Grand Prix Race 2,Indianapolis Motor Speedway Road Course,road,20,20.0,20.0,0.0,-4.0,21,0.05,green,complete_validated_against_result_lap_counts,official_lap_chart,61e7c0e8ca2682cb606c7604b26f433daf6d95c358be5879e2fdbc06135604fd
session_indy_nxt_2024_6325,event_indy_nxt_2024_5481,2024,2024 Indianapolis Grand Prix Race 2,Indianapolis Motor Speedway Road Course,road,21,20.0,20.0,0.0,-4.0,21,0.05,green,complete_validated_against_result_lap_counts,official_lap_chart,61e7c0e8ca2682cb606c7604b26f433daf6d95c358be5879e2fdbc06135604fd
session_indy_nxt_2024_6325,event_indy_nxt_2024_5481,2024,2024 Indianapolis Grand Prix Race 2,Indianapolis Motor Speedway Road Course,road,22,20.0,20.0,0.0,-4.0,21,0.05,green,complete_validated_against_result_lap_counts,official_lap_chart,61e7c0e8ca2682cb606c7604b26f433daf6d95c358be5879e2fdbc06135604fd
session_indy_nxt_2024_6325,event_indy_nxt_2024_5481,2024,2024 Indianapolis Grand Prix Race 2,Indianapolis Motor Speedway Road Course,road,23,20.0,20.0,0.0,-4.0,21,0.05,green,complete_validated_against_result_lap_counts,official_lap_chart,61e7c0e8ca2682cb606c7604b26f433daf6d95c358be5879e2fdbc06135604fd
session_indy_nxt_2024_6325,event_indy_nxt_2024_5481,2024,2024 Indianapolis Grand Prix Race 2,Indianapolis Motor Speedway Road Course,road,24,20.0,20.0,0.0,-4.0,21,0.05,green,complete_validated_against_result_lap_counts,official_lap_chart,61e7c0e8ca2682cb606c7604b26f433daf6d95c358be5879e2fdbc06135604fd
session_indy_nxt_2024_6325,event_indy_nxt_2024_5481,2024,2024 Indianapolis Grand Prix Race 2,Indianapolis Motor Speedway Road Course,road,25,20.0,20.0,0.0,-4.0,21,0.05,green,complete_validated_against_result_lap_counts,official_lap_chart,61e7c0e8ca2682cb606c7604b26f433daf6d95c358be5879e2fdbc06135604fd
session_indy_nxt_2024_6325,event_indy_nxt_2024_5481,2024,2024 Indianapolis Grand Prix Race 2,Indianapolis Motor Speedway Road Course,road,26,20.0,20.0,0.0,-4.0,21,0.05,green,complete_validated_against_result_lap_counts,official_lap_chart,61e7c0e8ca2682cb606c7604b26f433daf6d95c358be5879e2fdbc06135604fd
session_indy_nxt_2024_6325,event_indy_nxt_2024_5481,2024,2024 Indianapolis Grand Prix Race 2,Indianapolis Motor Speedway Road Course,road,27,19.0,20.0,1.0,-3.0,21,0.1,green,complete_validated_against_result_lap_counts,official_lap_chart,61e7c0e8ca2682cb606c7604b26f433daf6d95c358be5879e2fdbc06135604fd
session_indy_nxt_2024_6325,event_indy_nxt_2024_5481,2024,2024 Indianapolis Grand Prix Race 2,Indianapolis Motor Speedway Road Course,road,28,19.0,19.0,0.0,-3.0,21,0.1,green,complete_validated_against_result_lap_counts,official_lap_chart,61e7c0e8ca2682cb606c7604b26f433daf6d95c358be5879e2fdbc06135604fd
session_indy_nxt_2024_6325,event_indy_nxt_2024_5481,2024,2024 Indianapolis Grand Prix Race 2,Indianapolis Motor Speedway Road Course,road,29,19.0,19.0,0.0,-3.0,21,0.1,green,complete_validated_against_result_lap_counts,official_lap_chart,61e7c0e8ca2682cb606c7604b26f433daf6d95c358be5879e2fdbc06135604fd
session_indy_nxt_2024_6325,event_indy_nxt_2024_5481,2024,2024 Indianapolis Grand Prix Race 2,Indianapolis Motor Speedway Road Course,road,30,19.0,19.0,0.0,-3.0,21,0.1,green,complete_validated_against_result_lap_counts,official_lap_chart,61e7c0e8ca2682cb606c7604b26f433daf6d95c358be5879e2fdbc06135604fd
session_indy_nxt_2024_6325,event_indy_nxt_2024_5481,2024,2024 Indianapolis Grand Prix Race 2,Indianapolis Motor Speedway Road Course,road,31,19.0,19.0,0.0,-3.0,21,0.1,green,complete_validated_against_result_lap_counts,official_lap_chart,61e7c0e8ca2682cb606c7604b26f433daf6d95c358be5879e2fdbc06135604fd
session_indy_nxt_2024_6325,event_indy_nxt_2024_5481,2024,2024 Indianapolis Grand Prix Race 2,Indianapolis Motor Speedway Road Course,road,32,19.0,19.0,0.0,-3.0,21,0.1,green,complete_validated_against_result_lap_counts,official_lap_chart,61e7c0e8ca2682cb606c7604b26f433daf6d95c358be5879e2fdbc06135604fd
session_indy_nxt_2024_6325,event_indy_nxt_2024_5481,2024,2024 Indianapolis Grand Prix Race 2,Indianapolis Motor Speedway Road Course,road,33,19.0,19.0,0.0,-3.0,21,0.1,green,complete_validated_against_result_lap_counts,official_lap_chart,61e7c0e8ca2682cb606c7604b26f433daf6d95c358be5879e2fdbc06135604fd
session_indy_nxt_2024_6325,event_indy_nxt_2024_5481,2024,2024 Indianapolis Grand Prix Race 2,Indianapolis Motor Speedway Road Course,road,34,19.0,19.0,0.0,-3.0,21,0.1,green,complete_validated_against_result_lap_counts,official_lap_chart,61e7c0e8ca2682cb606c7604b26f433daf6d95c358be5879e2fdbc06135604fd
session_indy_nxt_2024_6325,event_indy_nxt_2024_5481,2024,2024 Indianapolis Grand Prix Race 2,Indianapolis Motor Speedway Road Course,road,35,19.0,19.0,0.0,-3.0,21,0.1,green,complete_validated_against_result_lap_counts,official_lap_chart,61e7c0e8ca2682cb606c7604b26f433daf6d95c358be5879e2fdbc06135604fd
session_indy_nxt_2024_6326,event_indy_nxt_2024_5482,2024,2024 Detroit Grand Prix,Streets of Detroit,street,1,11.0,,,0.0,21,0.5,green,partial_visible_laps_only,official_lap_chart,61e7c0e8ca2682cb606c7604b26f433daf6d95c358be5879e2fdbc06135604fd
session_indy_nxt_2024_6326,event_indy_nxt_2024_5482,2024,2024 Detroit Grand Prix,Streets of Detroit,street,2,11.0,11.0,0.0,0.0,21,0.5,green,partial_visible_laps_only,official_lap_chart,61e7c0e8ca2682cb606c7604b26f433daf6d95c358be5879e2fdbc06135604fd
session_indy_nxt_2024_6327,event_indy_nxt_2024_5483,2024,2024 Grand Prix of Monterey Race 2,WeatherTech Raceway Laguna Seca,road,1,5.0,,,0.0,20,0.7895,green,partial_visible_laps_only,official_lap_chart,61e7c0e8ca2682cb606c7604b26f433daf6d95c358be5879e2fdbc06135604fd
session_indy_nxt_2024_6327,event_indy_nxt_2024_5483,2024,2024 Grand Prix of Monterey Race 2,WeatherTech Raceway Laguna Seca,road,2,5.0,5.0,0.0,0.0,20,0.7895,green,partial_visible_laps_only,official_lap_chart,61e7c0e8ca2682cb606c7604b26f433daf6d95c358be5879e2fdbc06135604fd
session_indy_nxt_2024_6327,event_indy_nxt_2024_5483,2024,2024 Grand Prix of Monterey Race 2,WeatherTech Raceway Laguna Seca,road,3,5.0,5.0,0.0,0.0,20,0.7895,green,partial_visible_laps_only,official_lap_chart,61e7c0e8ca2682cb606c7604b26f433daf6d95c358be5879e2fdbc06135604fd
session_indy_nxt_2024_6327,event_indy_nxt_2024_5483,2024,2024 Grand Prix of Monterey Race 2,WeatherTech Raceway Laguna Seca,road,4,5.0,5.0,0.0,0.0,20,0.7895,green,partial_visible_laps_only,official_lap_chart,61e7c0e8ca2682cb606c7604b26f433daf6d95c358be5879e2fdbc06135604fd
session_indy_nxt_2024_6327,event_indy_nxt_2024_5483,2024,2024 Grand Prix of Monterey Race 2,WeatherTech Raceway Laguna Seca,road,5,5.0,5.0,0.0,0.0,20,0.7895,green,partial_visible_laps_only,official_lap_chart,61e7c0e8ca2682cb606c7604b26f433daf6d95c358be5879e2fdbc06135604fd
session_indy_nxt_2024_6327,event_indy_nxt_2024_5483,2024,2024 Grand Prix of Monterey Race 2,WeatherTech Raceway Laguna Seca,road,6,5.0,5.0,0.0,0.0,20,0.7895,green,partial_visible_laps_only,official_lap_chart,61e7c0e8ca2682cb606c7604b26f433daf6d95c358be5879e2fdbc06135604fd
session_indy_nxt_2024_6327,event_indy_nxt_2024_5483,2024,2024 Grand Prix of Monterey Race 2,WeatherTech Raceway Laguna Seca,road,7,5.0,5.0,0.0,0.0,20,0.7895,green,partial_visible_laps_only,official_lap_chart,61e7c0e8ca2682cb606c7604b26f433daf6d95c358be5879e2fdbc06135604fd
session_indy_nxt_2024_6327,event_indy_nxt_2024_5483,2024,2024 Grand Prix of Monterey Race 2,WeatherTech Raceway Laguna Seca,road,8,5.0,5.0,0.0,0.0,20,0.7895,green,partial_visible_laps_only,official_lap_chart,61e7c0e8ca2682cb606c7604b26f433daf6d95c358be5879e2fdbc06135604fd
session_indy_nxt_2024_6327,event_indy_nxt_2024_5483,2024,2024 Grand Prix of Monterey Race 2,WeatherTech Raceway Laguna Seca,road,9,5.0,5.0,0.0,0.0,20,0.7895,green,partial_visible_laps_only,official_lap_chart,61e7c0e8ca2682cb606c7604b26f433daf6d95c358be5879e2fdbc06135604fd
session_indy_nxt_2024_6327,event_indy_nxt_2024_5483,2024,2024 Grand Prix of Monterey Race 2,WeatherTech Raceway Laguna Seca,road,10,5.0,5.0,0.0,0.0,20,0.7895,green,partial_visible_laps_only,official_lap_chart,61e7c0e8ca2682cb606c7604b26f433daf6d95c358be5879e2fdbc06135604fd
session_indy_nxt_2024_6327,event_indy_nxt_2024_5483,2024,2024 Grand Prix of Monterey Race 2,WeatherTech Raceway Laguna Seca,road,11,5.0,5.0,0.0,0.0,20,0.7895,green,partial_visible_laps_only,official_lap_chart,61e7c0e8ca2682cb606c7604b26f433daf6d95c358be5879e2fdbc06135604fd
session_indy_nxt_2024_6327,event_indy_nxt_2024_5483,2024,2024 Grand Prix of Monterey Race 2,WeatherTech Raceway Laguna Seca,road,12,5.0,5.0,0.0,0.0,20,0.7895,green,partial_visible_laps_only,official_lap_chart,61e7c0e8ca2682cb606c7604b26f433daf6d95c358be5879e2fdbc06135604fd
session_indy_nxt_2024_6327,event_indy_nxt_2024_5483,2024,2024 Grand Prix of Monterey Race 2,WeatherTech Raceway Laguna Seca,road,13,5.0,5.0,0.0,0.0,20,0.7895,green,partial_visible_laps_only,official_lap_chart,61e7c0e8ca2682cb606c7604b26f433daf6d95c358be5879e2fdbc06135604fd
session_indy_nxt_2024_6327,event_indy_nxt_2024_5483,2024,2024 Grand Prix of Monterey Race 2,WeatherTech Raceway Laguna Seca,road,14,5.0,5.0,0.0,0.0,20,0.7895,green,partial_visible_laps_only,official_lap_chart,61e7c0e8ca2682cb606c7604b26f433daf6d95c358be5879e2fdbc06135604fd
session_indy_nxt_2024_6327,event_indy_nxt_2024_5483,2024,2024 Grand Prix of Monterey Race 2,WeatherTech Raceway Laguna Seca,road,15,5.0,5.0,0.0,0.0,20,0.7895,green,partial_visible_laps_only,official_lap_chart,61e7c0e8ca2682cb606c7604b26f433daf6d95c358be5879e2fdbc06135604fd
session_indy_nxt_2024_6327,event_indy_nxt_2024_5483,2024,2024 Grand Prix of Monterey Race 2,WeatherTech Raceway Laguna Seca,road,16,5.0,5.0,0.0,0.0,20,0.7895,caution,partial_visible_laps_only,official_lap_chart,61e7c0e8ca2682cb606c7604b26f433daf6d95c358be5879e2fdbc06135604fd
session_indy_nxt_2024_6327,event_indy_nxt_2024_5483,2024,2024 Grand Prix of Monterey Race 2,WeatherTech Raceway Laguna Seca,road,17,5.0,5.0,0.0,0.0,20,0.7895,restart_lap,partial_visible_laps_only,official_lap_chart,61e7c0e8ca2682cb606c7604b26f433daf6d95c358be5879e2fdbc06135604fd
session_indy_nxt_2024_6327,event_indy_nxt_2024_5483,2024,2024 Grand Prix of Monterey Race 2,WeatherTech Raceway Laguna Seca,road,18,5.0,5.0,0.0,0.0,20,0.7895,green,partial_visible_laps_only,official_lap_chart,61e7c0e8ca2682cb606c7604b26f433daf6d95c358be5879e2fdbc06135604fd
session_indy_nxt_2024_6327,event_indy_nxt_2024_5483,2024,2024 Grand Prix of Monterey Race 2,WeatherTech Raceway Laguna Seca,road,19,5.0,5.0,0.0,0.0,20,0.7895,green,partial_visible_laps_only,official_lap_chart,61e7c0e8ca2682cb606c7604b26f433daf6d95c358be5879e2fdbc06135604fd
session_indy_nxt_2024_6327,event_indy_nxt_2024_5483,2024,2024 Grand Prix of Monterey Race 2,WeatherTech Raceway Laguna Seca,road,20,5.0,5.0,0.0,0.0,20,0.7895,green,partial_visible_laps_only,official_lap_chart,61e7c0e8ca2682cb606c7604b26f433daf6d95c358be5879e2fdbc06135604fd
session_indy_nxt_2024_6327,event_indy_nxt_2024_5483,2024,2024 Grand Prix of Monterey Race 2,WeatherTech Raceway Laguna Seca,road,21,5.0,5.0,0.0,0.0,20,0.7895,green,partial_visible_laps_only,official_lap_chart,61e7c0e8ca2682cb606c7604b26f433daf6d95c358be5879e2fdbc06135604fd
session_indy_nxt_2024_6327,event_indy_nxt_2024_5483,2024,2024 Grand Prix of Monterey Race 2,WeatherTech Raceway Laguna Seca,road,22,5.0,5.0,0.0,0.0,20,0.7895,green,partial_visible_laps_only,official_lap_chart,61e7c0e8ca2682cb606c7604b26f433daf6d95c358be5879e2fdbc06135604fd
session_indy_nxt_2024_6327,event_indy_nxt_2024_5483,2024,2024 Grand Prix of Monterey Race 2,WeatherTech Raceway Laguna Seca,road,23,5.0,5.0,0.0,0.0,20,0.7895,green,partial_visible_laps_only,official_lap_chart,61e7c0e8ca2682cb606c7604b26f433daf6d95c358be5879e2fdbc06135604fd
session_indy_nxt_2024_6327,event_indy_nxt_2024_5483,2024,2024 Grand Prix of Monterey Race 2,WeatherTech Raceway Laguna Seca,road,24,5.0,5.0,0.0,0.0,20,0.7895,green,partial_visible_laps_only,official_lap_chart,61e7c0e8ca2682cb606c7604b26f433daf6d95c358be5879e2fdbc06135604fd
session_indy_nxt_2024_6327,event_indy_nxt_2024_5483,2024,2024 Grand Prix of Monterey Race 2,WeatherTech Raceway Laguna Seca,road,25,5.0,5.0,0.0,0.0,19,0.7778,green,partial_visible_laps_only,official_lap_chart,61e7c0e8ca2682cb606c7604b26f433daf6d95c358be5879e2fdbc06135604fd
session_indy_nxt_2024_6327,event_indy_nxt_2024_5483,2024,2024 Grand Prix of Monterey Race 2,WeatherTech Raceway Laguna Seca,road,26,5.0,5.0,0.0,0.0,18,0.7647,green,partial_visible_laps_only,official_lap_chart,61e7c0e8ca2682cb606c7604b26f433daf6d95c358be5879e2fdbc06135604fd
session_indy_nxt_2024_6327,event_indy_nxt_2024_5483,2024,2024 Grand Prix of Monterey Race 2,WeatherTech Raceway Laguna Seca,road,27,3.0,5.0,2.0,2.0,17,0.875,green,partial_visible_laps_only,official_lap_chart,61e7c0e8ca2682cb606c7604b26f433daf6d95c358be5879e2fdbc06135604fd
session_indy_nxt_2024_6327,event_indy_nxt_2024_5483,2024,2024 Grand Prix of Monterey Race 2,WeatherTech Raceway Laguna Seca,road,28,3.0,3.0,0.0,2.0,17,0.875,green,partial_visible_laps_only,official_lap_chart,61e7c0e8ca2682cb606c7604b26f433daf6d95c358be5879e2fdbc06135604fd
session_indy_nxt_2024_6327,event_indy_nxt_2024_5483,2024,2024 Grand Prix of Monterey Race 2,WeatherTech Raceway Laguna Seca,road,29,3.0,3.0,0.0,2.0,17,0.875,green,partial_visible_laps_only,official_lap_chart,61e7c0e8ca2682cb606c7604b26f433daf6d95c358be5879e2fdbc06135604fd
session_indy_nxt_2024_6327,event_indy_nxt_2024_5483,2024,2024 Grand Prix of Monterey Race 2,WeatherTech Raceway Laguna Seca,road,30,3.0,3.0,0.0,2.0,17,0.875,green,partial_visible_laps_only,official_lap_chart,61e7c0e8ca2682cb606c7604b26f433daf6d95c358be5879e2fdbc06135604fd
session_indy_nxt_2024_6327,event_indy_nxt_2024_5483,2024,2024 Grand Prix of Monterey Race 2,WeatherTech Raceway Laguna Seca,road,31,3.0,3.0,0.0,2.0,17,0.875,green,partial_visible_laps_only,official_lap_chart,61e7c0e8ca2682cb606c7604b26f433daf6d95c358be5879e2fdbc06135604fd
session_indy_nxt_2024_6327,event_indy_nxt_2024_5483,2024,2024 Grand Prix of Monterey Race 2,WeatherTech Raceway Laguna Seca,road,32,3.0,3.0,0.0,2.0,17,0.875,green,partial_visible_laps_only,official_lap_chart,61e7c0e8ca2682cb606c7604b26f433daf6d95c358be5879e2fdbc06135604fd
session_indy_nxt_2024_6327,event_indy_nxt_2024_5483,2024,2024 Grand Prix of Monterey Race 2,WeatherTech Raceway Laguna Seca,road,33,3.0,3.0,0.0,2.0,17,0.875,green,partial_visible_laps_only,official_lap_chart,61e7c0e8ca2682cb606c7604b26f433daf6d95c358be5879e2fdbc06135604fd
session_indy_nxt_2024_6327,event_indy_nxt_2024_5483,2024,2024 Grand Prix of Monterey Race 2,WeatherTech Raceway Laguna Seca,road,34,3.0,3.0,0.0,2.0,16,0.8667,green,partial_visible_laps_only,official_lap_chart,61e7c0e8ca2682cb606c7604b26f433daf6d95c358be5879e2fdbc06135604fd
session_indy_nxt_2024_6327,event_indy_nxt_2024_5483,2024,2024 Grand Prix of Monterey Race 2,WeatherTech Raceway Laguna Seca,road,35,3.0,3.0,0.0,2.0,15,0.8571,green,partial_visible_laps_only,official_lap_chart,61e7c0e8ca2682cb606c7604b26f433daf6d95c358be5879e2fdbc06135604fd
session_indy_nxt_2025_6442,event_indy_nxt_2025_5484,2025,2025 Grand Prix of Monterey Race 1,WeatherTech Raceway Laguna Seca,road,1,9.0,,,0.0,17,0.5,caution,complete_validated_against_result_lap_counts,official_lap_chart,61e7c0e8ca2682cb606c7604b26f433daf6d95c358be5879e2fdbc06135604fd
session_indy_nxt_2025_6442,event_indy_nxt_2025_5484,2025,2025 Grand Prix of Monterey Race 1,WeatherTech Raceway Laguna Seca,road,2,9.0,9.0,0.0,0.0,17,0.5,caution,complete_validated_against_result_lap_counts,official_lap_chart,61e7c0e8ca2682cb606c7604b26f433daf6d95c358be5879e2fdbc06135604fd
session_indy_nxt_2025_6442,event_indy_nxt_2025_5484,2025,2025 Grand Prix of Monterey Race 1,WeatherTech Raceway Laguna Seca,road,3,9.0,9.0,0.0,0.0,17,0.5,caution,complete_validated_against_result_lap_counts,official_lap_chart,61e7c0e8ca2682cb606c7604b26f433daf6d95c358be5879e2fdbc06135604fd
session_indy_nxt_2025_6442,event_indy_nxt_2025_5484,2025,2025 Grand Prix of Monterey Race 1,WeatherTech Raceway Laguna Seca,road,4,9.0,9.0,0.0,0.0,17,0.5,caution,complete_validated_against_result_lap_counts,official_lap_chart,61e7c0e8ca2682cb606c7604b26f433daf6d95c358be5879e2fdbc06135604fd
session_indy_nxt_2025_6442,event_indy_nxt_2025_5484,2025,2025 Grand Prix of Monterey Race 1,WeatherTech Raceway Laguna Seca,road,5,9.0,9.0,0.0,0.0,17,0.5,restart_lap,complete_validated_against_result_lap_counts,official_lap_chart,61e7c0e8ca2682cb606c7604b26f433daf6d95c358be5879e2fdbc06135604fd
session_indy_nxt_2025_6442,event_indy_nxt_2025_5484,2025,2025 Grand Prix of Monterey Race 1,WeatherTech Raceway Laguna Seca,road,6,9.0,9.0,0.0,0.0,17,0.5,green,complete_validated_against_result_lap_counts,official_lap_chart,61e7c0e8ca2682cb606c7604b26f433daf6d95c358be5879e2fdbc06135604fd
session_indy_nxt_2025_6442,event_indy_nxt_2025_5484,2025,2025 Grand Prix of Monterey Race 1,WeatherTech Raceway Laguna Seca,road,7,9.0,9.0,0.0,0.0,17,0.5,green,complete_validated_against_result_lap_counts,official_lap_chart,61e7c0e8ca2682cb606c7604b26f433daf6d95c358be5879e2fdbc06135604fd
session_indy_nxt_2025_6442,event_indy_nxt_2025_5484,2025,2025 Grand Prix of Monterey Race 1,WeatherTech Raceway Laguna Seca,road,8,9.0,9.0,0.0,0.0,17,0.5,green,complete_validated_against_result_lap_counts,official_lap_chart,61e7c0e8ca2682cb606c7604b26f433daf6d95c358be5879e2fdbc06135604fd
session_indy_nxt_2025_6442,event_indy_nxt_2025_5484,2025,2025 Grand Prix of Monterey Race 1,WeatherTech Raceway Laguna Seca,road,9,9.0,9.0,0.0,0.0,17,0.5,green,complete_validated_against_result_lap_counts,official_lap_chart,61e7c0e8ca2682cb606c7604b26f433daf6d95c358be5879e2fdbc06135604fd
session_indy_nxt_2025_6442,event_indy_nxt_2025_5484,2025,2025 Grand Prix of Monterey Race 1,WeatherTech Raceway Laguna Seca,road,10,9.0,9.0,0.0,0.0,17,0.5,green,complete_validated_against_result_lap_counts,official_lap_chart,61e7c0e8ca2682cb606c7604b26f433daf6d95c358be5879e2fdbc06135604fd
session_indy_nxt_2025_6442,event_indy_nxt_2025_5484,2025,2025 Grand Prix of Monterey Race 1,WeatherTech Raceway Laguna Seca,road,11,9.0,9.0,0.0,0.0,17,0.5,green,complete_validated_against_result_lap_counts,official_lap_chart,61e7c0e8ca2682cb606c7604b26f433daf6d95c358be5879e2fdbc06135604fd
session_indy_nxt_2025_6442,event_indy_nxt_2025_5484,2025,2025 Grand Prix of Monterey Race 1,WeatherTech Raceway Laguna Seca,road,12,9.0,9.0,0.0,0.0,17,0.5,green,complete_validated_against_result_lap_counts,official_lap_chart,61e7c0e8ca2682cb606c7604b26f433daf6d95c358be5879e2fdbc06135604fd
session_indy_nxt_2025_6442,event_indy_nxt_2025_5484,2025,2025 Grand Prix of Monterey Race 1,WeatherTech Raceway Laguna Seca,road,13,9.0,9.0,0.0,0.0,17,0.5,green,complete_validated_against_result_lap_counts,official_lap_chart,61e7c0e8ca2682cb606c7604b26f433daf6d95c358be5879e2fdbc06135604fd
session_indy_nxt_2025_6442,event_indy_nxt_2025_5484,2025,2025 Grand Prix of Monterey Race 1,WeatherTech Raceway Laguna Seca,road,14,9.0,9.0,0.0,0.0,17,0.5,green,complete_validated_against_result_lap_counts,official_lap_chart,61e7c0e8ca2682cb606c7604b26f433daf6d95c358be5879e2fdbc06135604fd
session_indy_nxt_2025_6442,event_indy_nxt_2025_5484,2025,2025 Grand Prix of Monterey Race 1,WeatherTech Raceway Laguna Seca,road,15,9.0,9.0,0.0,0.0,17,0.5,green,complete_validated_against_result_lap_counts,official_lap_chart,61e7c0e8ca2682cb606c7604b26f433daf6d95c358be5879e2fdbc06135604fd
session_indy_nxt_2025_6442,event_indy_nxt_2025_5484,2025,2025 Grand Prix of Monterey Race 1,WeatherTech Raceway Laguna Seca,road,16,9.0,9.0,0.0,0.0,17,0.5,green,complete_validated_against_result_lap_counts,official_lap_chart,61e7c0e8ca2682cb606c7604b26f433daf6d95c358be5879e2fdbc06135604fd
session_indy_nxt_2025_6442,event_indy_nxt_2025_5484,2025,2025 Grand Prix of Monterey Race 1,WeatherTech Raceway Laguna Seca,road,17,9.0,9.0,0.0,0.0,17,0.5,green,complete_validated_against_result_lap_counts,official_lap_chart,61e7c0e8ca2682cb606c7604b26f433daf6d95c358be5879e2fdbc06135604fd
session_indy_nxt_2025_6442,event_indy_nxt_2025_5484,2025,2025 Grand Prix of Monterey Race 1,WeatherTech Raceway Laguna Seca,road,18,9.0,9.0,0.0,0.0,17,0.5,green,complete_validated_against_result_lap_counts,official_lap_chart,61e7c0e8ca2682cb606c7604b26f433daf6d95c358be5879e2fdbc06135604fd
session_indy_nxt_2025_6442,event_indy_nxt_2025_5484,2025,2025 Grand Prix of Monterey Race 1,WeatherTech Raceway Laguna Seca,road,19,9.0,9.0,0.0,0.0,17,0.5,green,complete_validated_against_result_lap_counts,official_lap_chart,61e7c0e8ca2682cb606c7604b26f433daf6d95c358be5879e2fdbc06135604fd
session_indy_nxt_2025_6442,event_indy_nxt_2025_5484,2025,2025 Grand Prix of Monterey Race 1,WeatherTech Raceway Laguna Seca,road,20,9.0,9.0,0.0,0.0,17,0.5,green,complete_validated_against_result_lap_counts,official_lap_chart,61e7c0e8ca2682cb606c7604b26f433daf6d95c358be5879e2fdbc06135604fd
session_indy_nxt_2025_6442,event_indy_nxt_2025_5484,2025,2025 Grand Prix of Monterey Race 1,WeatherTech Raceway Laguna Seca,road,21,9.0,9.0,0.0,0.0,17,0.5,green,complete_validated_against_result_lap_counts,official_lap_chart,61e7c0e8ca2682cb606c7604b26f433daf6d95c358be5879e2fdbc06135604fd
session_indy_nxt_2025_6442,event_indy_nxt_2025_5484,2025,2025 Grand Prix of Monterey Race 1,WeatherTech Raceway Laguna Seca,road,22,9.0,9.0,0.0,0.0,16,0.4667,green,complete_validated_against_result_lap_counts,official_lap_chart,61e7c0e8ca2682cb606c7604b26f433daf6d95c358be5879e2fdbc06135604fd
session_indy_nxt_2025_6442,event_indy_nxt_2025_5484,2025,2025 Grand Prix of Monterey Race 1,WeatherTech Raceway Laguna Seca,road,23,9.0,9.0,0.0,0.0,16,0.4667,green,complete_validated_against_result_lap_counts,official_lap_chart,61e7c0e8ca2682cb606c7604b26f433daf6d95c358be5879e2fdbc06135604fd
session_indy_nxt_2025_6442,event_indy_nxt_2025_5484,2025,2025 Grand Prix of Monterey Race 1,WeatherTech Raceway Laguna Seca,road,24,9.0,9.0,0.0,0.0,16,0.4667,green,complete_validated_against_result_lap_counts,official_lap_chart,61e7c0e8ca2682cb606c7604b26f433daf6d95c358be5879e2fdbc06135604fd
session_indy_nxt_2025_6442,event_indy_nxt_2025_5484,2025,2025 Grand Prix of Monterey Race 1,WeatherTech Raceway Laguna Seca,road,25,9.0,9.0,0.0,0.0,16,0.4667,green,complete_validated_against_result_lap_counts,official_lap_chart,61e7c0e8ca2682cb606c7604b26f433daf6d95c358be5879e2fdbc06135604fd
session_indy_nxt_2025_6442,event_indy_nxt_2025_5484,2025,2025 Grand Prix of Monterey Race 1,WeatherTech Raceway Laguna Seca,road,26,9.0,9.0,0.0,0.0,16,0.4667,green,complete_validated_against_result_lap_counts,official_lap_chart,61e7c0e8ca2682cb606c7604b26f433daf6d95c358be5879e2fdbc06135604fd
session_indy_nxt_2025_6442,event_indy_nxt_2025_5484,2025,2025 Grand Prix of Monterey Race 1,WeatherTech Raceway Laguna Seca,road,27,8.0,9.0,1.0,1.0,16,0.5333,green,complete_validated_against_result_lap_counts,official_lap_chart,61e7c0e8ca2682cb606c7604b26f433daf6d95c358be5879e2fdbc06135604fd
session_indy_nxt_2025_6442,event_indy_nxt_2025_5484,2025,2025 Grand Prix of Monterey Race 1,WeatherTech Raceway Laguna Seca,road,28,8.0,8.0,0.0,1.0,16,0.5333,green,complete_validated_against_result_lap_counts,official_lap_chart,61e7c0e8ca2682cb606c7604b26f433daf6d95c358be5879e2fdbc06135604fd
session_indy_nxt_2025_6442,event_indy_nxt_2025_5484,2025,2025 Grand Prix of Monterey Race 1,WeatherTech Raceway Laguna Seca,road,29,8.0,8.0,0.0,1.0,16,0.5333,green,complete_validated_against_result_lap_counts,official_lap_chart,61e7c0e8ca2682cb606c7604b26f433daf6d95c358be5879e2fdbc06135604fd
session_indy_nxt_2025_6442,event_indy_nxt_2025_5484,2025,2025 Grand Prix of Monterey Race 1,WeatherTech Raceway Laguna Seca,road,30,8.0,8.0,0.0,1.0,16,0.5333,green,complete_validated_against_result_lap_counts,official_lap_chart,61e7c0e8ca2682cb606c7604b26f433daf6d95c358be5879e2fdbc06135604fd
session_indy_nxt_2025_6442,event_indy_nxt_2025_5484,2025,2025 Grand Prix of Monterey Race 1,WeatherTech Raceway Laguna Seca,road,31,8.0,8.0,0.0,1.0,16,0.5333,green,complete_validated_against_result_lap_counts,official_lap_chart,61e7c0e8ca2682cb606c7604b26f433daf6d95c358be5879e2fdbc06135604fd
session_indy_nxt_2025_6442,event_indy_nxt_2025_5484,2025,2025 Grand Prix of Monterey Race 1,WeatherTech Raceway Laguna Seca,road,32,7.0,8.0,1.0,2.0,16,0.6,green,complete_validated_against_result_lap_counts,official_lap_chart,61e7c0e8ca2682cb606c7604b26f433daf6d95c358be5879e2fdbc06135604fd
session_indy_nxt_2025_6442,event_indy_nxt_2025_5484,2025,2025 Grand Prix of Monterey Race 1,WeatherTech Raceway Laguna Seca,road,33,7.0,7.0,0.0,2.0,15,0.5714,green,complete_validated_against_result_lap_counts,official_lap_chart,61e7c0e8ca2682cb606c7604b26f433daf6d95c358be5879e2fdbc06135604fd
session_indy_nxt_2025_6442,event_indy_nxt_2025_5484,2025,2025 Grand Prix of Monterey Race 1,WeatherTech Raceway Laguna Seca,road,34,9.0,7.0,-2.0,0.0,15,0.4286,green,complete_validated_against_result_lap_counts,official_lap_chart,61e7c0e8ca2682cb606c7604b26f433daf6d95c358be5879e2fdbc06135604fd
session_indy_nxt_2025_6442,event_indy_nxt_2025_5484,2025,2025 Grand Prix of Monterey Race 1,WeatherTech Raceway Laguna Seca,road,35,10.0,9.0,-1.0,-1.0,12,0.1818,green,complete_validated_against_result_lap_counts,official_lap_chart,61e7c0e8ca2682cb606c7604b26f433daf6d95c358be5879e2fdbc06135604fd
session_indy_nxt_2025_6443,event_indy_nxt_2025_5485,2025,2025 Indianapolis Grand Prix Race 2,Indianapolis Motor Speedway Road Course,road,1,20.0,,,0.0,21,0.05,green,complete_validated_against_result_lap_counts,official_lap_chart,61e7c0e8ca2682cb606c7604b26f433daf6d95c358be5879e2fdbc06135604fd
session_indy_nxt_2025_6443,event_indy_nxt_2025_5485,2025,2025 Indianapolis Grand Prix Race 2,Indianapolis Motor Speedway Road Course,road,2,20.0,20.0,0.0,0.0,21,0.05,green,complete_validated_against_result_lap_counts,official_lap_chart,61e7c0e8ca2682cb606c7604b26f433daf6d95c358be5879e2fdbc06135604fd
session_indy_nxt_2025_6443,event_indy_nxt_2025_5485,2025,2025 Indianapolis Grand Prix Race 2,Indianapolis Motor Speedway Road Course,road,3,17.0,20.0,3.0,3.0,21,0.2,caution,complete_validated_against_result_lap_counts,official_lap_chart,61e7c0e8ca2682cb606c7604b26f433daf6d95c358be5879e2fdbc06135604fd
session_indy_nxt_2025_6443,event_indy_nxt_2025_5485,2025,2025 Indianapolis Grand Prix Race 2,Indianapolis Motor Speedway Road Course,road,4,17.0,17.0,0.0,3.0,21,0.2,caution,complete_validated_against_result_lap_counts,official_lap_chart,61e7c0e8ca2682cb606c7604b26f433daf6d95c358be5879e2fdbc06135604fd
session_indy_nxt_2025_6443,event_indy_nxt_2025_5485,2025,2025 Indianapolis Grand Prix Race 2,Indianapolis Motor Speedway Road Course,road,5,17.0,17.0,0.0,3.0,21,0.2,restart_lap,complete_validated_against_result_lap_counts,official_lap_chart,61e7c0e8ca2682cb606c7604b26f433daf6d95c358be5879e2fdbc06135604fd
session_indy_nxt_2025_6443,event_indy_nxt_2025_5485,2025,2025 Indianapolis Grand Prix Race 2,Indianapolis Motor Speedway Road Course,road,6,17.0,17.0,0.0,3.0,21,0.2,green,complete_validated_against_result_lap_counts,official_lap_chart,61e7c0e8ca2682cb606c7604b26f433daf6d95c358be5879e2fdbc06135604fd
session_indy_nxt_2025_6443,event_indy_nxt_2025_5485,2025,2025 Indianapolis Grand Prix Race 2,Indianapolis Motor Speedway Road Course,road,7,16.0,17.0,1.0,4.0,21,0.25,green,complete_validated_against_result_lap_counts,official_lap_chart,61e7c0e8ca2682cb606c7604b26f433daf6d95c358be5879e2fdbc06135604fd
session_indy_nxt_2025_6443,event_indy_nxt_2025_5485,2025,2025 Indianapolis Grand Prix Race 2,Indianapolis Motor Speedway Road Course,road,8,16.0,16.0,0.0,4.0,21,0.25,green,complete_validated_against_result_lap_counts,official_lap_chart,61e7c0e8ca2682cb606c7604b26f433daf6d95c358be5879e2fdbc06135604fd
session_indy_nxt_2025_6443,event_indy_nxt_2025_5485,2025,2025 Indianapolis Grand Prix Race 2,Indianapolis Motor Speedway Road Course,road,9,16.0,16.0,0.0,4.0,21,0.25,green,complete_validated_against_result_lap_counts,official_lap_chart,61e7c0e8ca2682cb606c7604b26f433daf6d95c358be5879e2fdbc06135604fd
session_indy_nxt_2025_6443,event_indy_nxt_2025_5485,2025,2025 Indianapolis Grand Prix Race 2,Indianapolis Motor Speedway Road Course,road,10,16.0,16.0,0.0,4.0,21,0.25,green,complete_validated_against_result_lap_counts,official_lap_chart,61e7c0e8ca2682cb606c7604b26f433daf6d95c358be5879e2fdbc06135604fd
session_indy_nxt_2025_6443,event_indy_nxt_2025_5485,2025,2025 Indianapolis Grand Prix Race 2,Indianapolis Motor Speedway Road Course,road,11,16.0,16.0,0.0,4.0,21,0.25,green,complete_validated_against_result_lap_counts,official_lap_chart,61e7c0e8ca2682cb606c7604b26f433daf6d95c358be5879e2fdbc06135604fd
session_indy_nxt_2025_6443,event_indy_nxt_2025_5485,2025,2025 Indianapolis Grand Prix Race 2,Indianapolis Motor Speedway Road Course,road,12,15.0,16.0,1.0,5.0,21,0.3,green,complete_validated_against_result_lap_counts,official_lap_chart,61e7c0e8ca2682cb606c7604b26f433daf6d95c358be5879e2fdbc06135604fd
session_indy_nxt_2025_6443,event_indy_nxt_2025_5485,2025,2025 Indianapolis Grand Prix Race 2,Indianapolis Motor Speedway Road Course,road,13,18.0,15.0,-3.0,2.0,21,0.15,green,complete_validated_against_result_lap_counts,official_lap_chart,61e7c0e8ca2682cb606c7604b26f433daf6d95c358be5879e2fdbc06135604fd
session_indy_nxt_2025_6443,event_indy_nxt_2025_5485,2025,2025 Indianapolis Grand Prix Race 2,Indianapolis Motor Speedway Road Course,road,14,18.0,18.0,0.0,2.0,21,0.15,green,complete_validated_against_result_lap_counts,official_lap_chart,61e7c0e8ca2682cb606c7604b26f433daf6d95c358be5879e2fdbc06135604fd
session_indy_nxt_2025_6443,event_indy_nxt_2025_5485,2025,2025 Indianapolis Grand Prix Race 2,Indianapolis Motor Speedway Road Course,road,15,18.0,18.0,0.0,2.0,21,0.15,green,complete_validated_against_result_lap_counts,official_lap_chart,61e7c0e8ca2682cb606c7604b26f433daf6d95c358be5879e2fdbc06135604fd
session_indy_nxt_2025_6443,event_indy_nxt_2025_5485,2025,2025 Indianapolis Grand Prix Race 2,Indianapolis Motor Speedway Road Course,road,16,18.0,18.0,0.0,2.0,21,0.15,green,complete_validated_against_result_lap_counts,official_lap_chart,61e7c0e8ca2682cb606c7604b26f433daf6d95c358be5879e2fdbc06135604fd
session_indy_nxt_2025_6443,event_indy_nxt_2025_5485,2025,2025 Indianapolis Grand Prix Race 2,Indianapolis Motor Speedway Road Course,road,17,18.0,18.0,0.0,2.0,21,0.15,green,complete_validated_against_result_lap_counts,official_lap_chart,61e7c0e8ca2682cb606c7604b26f433daf6d95c358be5879e2fdbc06135604fd
session_indy_nxt_2025_6443,event_indy_nxt_2025_5485,2025,2025 Indianapolis Grand Prix Race 2,Indianapolis Motor Speedway Road Course,road,18,17.0,18.0,1.0,3.0,21,0.2,green,complete_validated_against_result_lap_counts,official_lap_chart,61e7c0e8ca2682cb606c7604b26f433daf6d95c358be5879e2fdbc06135604fd
session_indy_nxt_2025_6443,event_indy_nxt_2025_5485,2025,2025 Indianapolis Grand Prix Race 2,Indianapolis Motor Speedway Road Course,road,19,17.0,17.0,0.0,3.0,21,0.2,green,complete_validated_against_result_lap_counts,official_lap_chart,61e7c0e8ca2682cb606c7604b26f433daf6d95c358be5879e2fdbc06135604fd
session_indy_nxt_2025_6443,event_indy_nxt_2025_5485,2025,2025 Indianapolis Grand Prix Race 2,Indianapolis Motor Speedway Road Course,road,20,17.0,17.0,0.0,3.0,21,0.2,green,complete_validated_against_result_lap_counts,official_lap_chart,61e7c0e8ca2682cb606c7604b26f433daf6d95c358be5879e2fdbc06135604fd
session_indy_nxt_2025_6443,event_indy_nxt_2025_5485,2025,2025 Indianapolis Grand Prix Race 2,Indianapolis Motor Speedway Road Course,road,21,17.0,17.0,0.0,3.0,21,0.2,green,complete_validated_against_result_lap_counts,official_lap_chart,61e7c0e8ca2682cb606c7604b26f433daf6d95c358be5879e2fdbc06135604fd
session_indy_nxt_2025_6443,event_indy_nxt_2025_5485,2025,2025 Indianapolis Grand Prix Race 2,Indianapolis Motor Speedway Road Course,road,22,17.0,17.0,0.0,3.0,21,0.2,green,complete_validated_against_result_lap_counts,official_lap_chart,61e7c0e8ca2682cb606c7604b26f433daf6d95c358be5879e2fdbc06135604fd
session_indy_nxt_2025_6443,event_indy_nxt_2025_5485,2025,2025 Indianapolis Grand Prix Race 2,Indianapolis Motor Speedway Road Course,road,23,16.0,17.0,1.0,4.0,21,0.25,green,complete_validated_against_result_lap_counts,official_lap_chart,61e7c0e8ca2682cb606c7604b26f433daf6d95c358be5879e2fdbc06135604fd
session_indy_nxt_2025_6443,event_indy_nxt_2025_5485,2025,2025 Indianapolis Grand Prix Race 2,Indianapolis Motor Speedway Road Course,road,24,16.0,16.0,0.0,4.0,20,0.2105,green,complete_validated_against_result_lap_counts,official_lap_chart,61e7c0e8ca2682cb606c7604b26f433daf6d95c358be5879e2fdbc06135604fd
session_indy_nxt_2025_6443,event_indy_nxt_2025_5485,2025,2025 Indianapolis Grand Prix Race 2,Indianapolis Motor Speedway Road Course,road,25,16.0,16.0,0.0,4.0,20,0.2105,green,complete_validated_against_result_lap_counts,official_lap_chart,61e7c0e8ca2682cb606c7604b26f433daf6d95c358be5879e2fdbc06135604fd
session_indy_nxt_2025_6443,event_indy_nxt_2025_5485,2025,2025 Indianapolis Grand Prix Race 2,Indianapolis Motor Speedway Road Course,road,26,16.0,16.0,0.0,4.0,20,0.2105,green,complete_validated_against_result_lap_counts,official_lap_chart,61e7c0e8ca2682cb606c7604b26f433daf6d95c358be5879e2fdbc06135604fd
session_indy_nxt_2025_6443,event_indy_nxt_2025_5485,2025,2025 Indianapolis Grand Prix Race 2,Indianapolis Motor Speedway Road Course,road,27,16.0,16.0,0.0,4.0,20,0.2105,green,complete_validated_against_result_lap_counts,official_lap_chart,61e7c0e8ca2682cb606c7604b26f433daf6d95c358be5879e2fdbc06135604fd
session_indy_nxt_2025_6443,event_indy_nxt_2025_5485,2025,2025 Indianapolis Grand Prix Race 2,Indianapolis Motor Speedway Road Course,road,28,16.0,16.0,0.0,4.0,20,0.2105,green,complete_validated_against_result_lap_counts,official_lap_chart,61e7c0e8ca2682cb606c7604b26f433daf6d95c358be5879e2fdbc06135604fd
session_indy_nxt_2025_6443,event_indy_nxt_2025_5485,2025,2025 Indianapolis Grand Prix Race 2,Indianapolis Motor Speedway Road Course,road,29,16.0,16.0,0.0,4.0,20,0.2105,green,complete_validated_against_result_lap_counts,official_lap_chart,61e7c0e8ca2682cb606c7604b26f433daf6d95c358be5879e2fdbc06135604fd
session_indy_nxt_2025_6443,event_indy_nxt_2025_5485,2025,2025 Indianapolis Grand Prix Race 2,Indianapolis Motor Speedway Road Course,road,30,16.0,16.0,0.0,4.0,20,0.2105,green,complete_validated_against_result_lap_counts,official_lap_chart,61e7c0e8ca2682cb606c7604b26f433daf6d95c358be5879e2fdbc06135604fd
session_indy_nxt_2025_6443,event_indy_nxt_2025_5485,2025,2025 Indianapolis Grand Prix Race 2,Indianapolis Motor Speedway Road Course,road,31,16.0,16.0,0.0,4.0,20,0.2105,green,complete_validated_against_result_lap_counts,official_lap_chart,61e7c0e8ca2682cb606c7604b26f433daf6d95c358be5879e2fdbc06135604fd
session_indy_nxt_2025_6443,event_indy_nxt_2025_5485,2025,2025 Indianapolis Grand Prix Race 2,Indianapolis Motor Speedway Road Course,road,32,16.0,16.0,0.0,4.0,19,0.1667,green,complete_validated_against_result_lap_counts,official_lap_chart,61e7c0e8ca2682cb606c7604b26f433daf6d95c358be5879e2fdbc06135604fd
session_indy_nxt_2025_6443,event_indy_nxt_2025_5485,2025,2025 Indianapolis Grand Prix Race 2,Indianapolis Motor Speedway Road Course,road,33,15.0,16.0,1.0,5.0,19,0.2222,green,complete_validated_against_result_lap_counts,official_lap_chart,61e7c0e8ca2682cb606c7604b26f433daf6d95c358be5879e2fdbc06135604fd
session_indy_nxt_2025_6443,event_indy_nxt_2025_5485,2025,2025 Indianapolis Grand Prix Race 2,Indianapolis Motor Speedway Road Course,road,34,15.0,15.0,0.0,5.0,19,0.2222,green,complete_validated_against_result_lap_counts,official_lap_chart,61e7c0e8ca2682cb606c7604b26f433daf6d95c358be5879e2fdbc06135604fd
session_indy_nxt_2025_6443,event_indy_nxt_2025_5485,2025,2025 Indianapolis Grand Prix Race 2,Indianapolis Motor Speedway Road Course,road,35,15.0,15.0,0.0,5.0,18,0.1765,green,complete_validated_against_result_lap_counts,official_lap_chart,61e7c0e8ca2682cb606c7604b26f433daf6d95c358be5879e2fdbc06135604fd
session_indy_nxt_2025_6444,event_indy_nxt_2025_5486,2025,2025 Indianapolis Grand Prix Race 1,Indianapolis Motor Speedway Road Course,road,1,16.0,,,0.0,21,0.25,green,complete_validated_against_result_lap_counts,official_lap_chart,61e7c0e8ca2682cb606c7604b26f433daf6d95c358be5879e2fdbc06135604fd
session_indy_nxt_2025_6444,event_indy_nxt_2025_5486,2025,2025 Indianapolis Grand Prix Race 1,Indianapolis Motor Speedway Road Course,road,2,15.0,16.0,1.0,1.0,21,0.3,green,complete_validated_against_result_lap_counts,official_lap_chart,61e7c0e8ca2682cb606c7604b26f433daf6d95c358be5879e2fdbc06135604fd
session_indy_nxt_2025_6444,event_indy_nxt_2025_5486,2025,2025 Indianapolis Grand Prix Race 1,Indianapolis Motor Speedway Road Course,road,3,14.0,15.0,1.0,2.0,21,0.35,green,complete_validated_against_result_lap_counts,official_lap_chart,61e7c0e8ca2682cb606c7604b26f433daf6d95c358be5879e2fdbc06135604fd
session_indy_nxt_2025_6444,event_indy_nxt_2025_5486,2025,2025 Indianapolis Grand Prix Race 1,Indianapolis Motor Speedway Road Course,road,4,14.0,14.0,0.0,2.0,21,0.35,green,complete_validated_against_result_lap_counts,official_lap_chart,61e7c0e8ca2682cb606c7604b26f433daf6d95c358be5879e2fdbc06135604fd
session_indy_nxt_2025_6444,event_indy_nxt_2025_5486,2025,2025 Indianapolis Grand Prix Race 1,Indianapolis Motor Speedway Road Course,road,5,16.0,14.0,-2.0,0.0,21,0.25,green,complete_validated_against_result_lap_counts,official_lap_chart,61e7c0e8ca2682cb606c7604b26f433daf6d95c358be5879e2fdbc06135604fd
session_indy_nxt_2025_6444,event_indy_nxt_2025_5486,2025,2025 Indianapolis Grand Prix Race 1,Indianapolis Motor Speedway Road Course,road,6,16.0,16.0,0.0,0.0,21,0.25,green,complete_validated_against_result_lap_counts,official_lap_chart,61e7c0e8ca2682cb606c7604b26f433daf6d95c358be5879e2fdbc06135604fd
session_indy_nxt_2025_6444,event_indy_nxt_2025_5486,2025,2025 Indianapolis Grand Prix Race 1,Indianapolis Motor Speedway Road Course,road,7,16.0,16.0,0.0,0.0,21,0.25,green,complete_validated_against_result_lap_counts,official_lap_chart,61e7c0e8ca2682cb606c7604b26f433daf6d95c358be5879e2fdbc06135604fd
session_indy_nxt_2025_6444,event_indy_nxt_2025_5486,2025,2025 Indianapolis Grand Prix Race 1,Indianapolis Motor Speedway Road Course,road,8,16.0,16.0,0.0,0.0,21,0.25,green,complete_validated_against_result_lap_counts,official_lap_chart,61e7c0e8ca2682cb606c7604b26f433daf6d95c358be5879e2fdbc06135604fd
session_indy_nxt_2025_6444,event_indy_nxt_2025_5486,2025,2025 Indianapolis Grand Prix Race 1,Indianapolis Motor Speedway Road Course,road,9,16.0,16.0,0.0,0.0,20,0.2105,green,complete_validated_against_result_lap_counts,official_lap_chart,61e7c0e8ca2682cb606c7604b26f433daf6d95c358be5879e2fdbc06135604fd
session_indy_nxt_2025_6444,event_indy_nxt_2025_5486,2025,2025 Indianapolis Grand Prix Race 1,Indianapolis Motor Speedway Road Course,road,10,16.0,16.0,0.0,0.0,20,0.2105,caution,complete_validated_against_result_lap_counts,official_lap_chart,61e7c0e8ca2682cb606c7604b26f433daf6d95c358be5879e2fdbc06135604fd
session_indy_nxt_2025_6444,event_indy_nxt_2025_5486,2025,2025 Indianapolis Grand Prix Race 1,Indianapolis Motor Speedway Road Course,road,11,16.0,16.0,0.0,0.0,20,0.2105,caution,complete_validated_against_result_lap_counts,official_lap_chart,61e7c0e8ca2682cb606c7604b26f433daf6d95c358be5879e2fdbc06135604fd
session_indy_nxt_2025_6444,event_indy_nxt_2025_5486,2025,2025 Indianapolis Grand Prix Race 1,Indianapolis Motor Speedway Road Course,road,12,16.0,16.0,0.0,0.0,20,0.2105,restart_lap,complete_validated_against_result_lap_counts,official_lap_chart,61e7c0e8ca2682cb606c7604b26f433daf6d95c358be5879e2fdbc06135604fd
session_indy_nxt_2025_6444,event_indy_nxt_2025_5486,2025,2025 Indianapolis Grand Prix Race 1,Indianapolis Motor Speedway Road Course,road,13,16.0,16.0,0.0,0.0,20,0.2105,green,complete_validated_against_result_lap_counts,official_lap_chart,61e7c0e8ca2682cb606c7604b26f433daf6d95c358be5879e2fdbc06135604fd
session_indy_nxt_2025_6444,event_indy_nxt_2025_5486,2025,2025 Indianapolis Grand Prix Race 1,Indianapolis Motor Speedway Road Course,road,14,14.0,16.0,2.0,2.0,20,0.3158,green,complete_validated_against_result_lap_counts,official_lap_chart,61e7c0e8ca2682cb606c7604b26f433daf6d95c358be5879e2fdbc06135604fd
session_indy_nxt_2025_6444,event_indy_nxt_2025_5486,2025,2025 Indianapolis Grand Prix Race 1,Indianapolis Motor Speedway Road Course,road,15,14.0,14.0,0.0,2.0,20,0.3158,green,complete_validated_against_result_lap_counts,official_lap_chart,61e7c0e8ca2682cb606c7604b26f433daf6d95c358be5879e2fdbc06135604fd
session_indy_nxt_2025_6444,event_indy_nxt_2025_5486,2025,2025 Indianapolis Grand Prix Race 1,Indianapolis Motor Speedway Road Course,road,16,14.0,14.0,0.0,2.0,20,0.3158,green,complete_validated_against_result_lap_counts,official_lap_chart,61e7c0e8ca2682cb606c7604b26f433daf6d95c358be5879e2fdbc06135604fd
session_indy_nxt_2025_6444,event_indy_nxt_2025_5486,2025,2025 Indianapolis Grand Prix Race 1,Indianapolis Motor Speedway Road Course,road,17,14.0,14.0,0.0,2.0,20,0.3158,green,complete_validated_against_result_lap_counts,official_lap_chart,61e7c0e8ca2682cb606c7604b26f433daf6d95c358be5879e2fdbc06135604fd
session_indy_nxt_2025_6444,event_indy_nxt_2025_5486,2025,2025 Indianapolis Grand Prix Race 1,Indianapolis Motor Speedway Road Course,road,18,14.0,14.0,0.0,2.0,20,0.3158,green,complete_validated_against_result_lap_counts,official_lap_chart,61e7c0e8ca2682cb606c7604b26f433daf6d95c358be5879e2fdbc06135604fd
session_indy_nxt_2025_6444,event_indy_nxt_2025_5486,2025,2025 Indianapolis Grand Prix Race 1,Indianapolis Motor Speedway Road Course,road,19,14.0,14.0,0.0,2.0,20,0.3158,green,complete_validated_against_result_lap_counts,official_lap_chart,61e7c0e8ca2682cb606c7604b26f433daf6d95c358be5879e2fdbc06135604fd
session_indy_nxt_2025_6444,event_indy_nxt_2025_5486,2025,2025 Indianapolis Grand Prix Race 1,Indianapolis Motor Speedway Road Course,road,20,14.0,14.0,0.0,2.0,20,0.3158,green,complete_validated_against_result_lap_counts,official_lap_chart,61e7c0e8ca2682cb606c7604b26f433daf6d95c358be5879e2fdbc06135604fd
session_indy_nxt_2025_6444,event_indy_nxt_2025_5486,2025,2025 Indianapolis Grand Prix Race 1,Indianapolis Motor Speedway Road Course,road,21,14.0,14.0,0.0,2.0,20,0.3158,green,complete_validated_against_result_lap_counts,official_lap_chart,61e7c0e8ca2682cb606c7604b26f433daf6d95c358be5879e2fdbc06135604fd
session_indy_nxt_2025_6444,event_indy_nxt_2025_5486,2025,2025 Indianapolis Grand Prix Race 1,Indianapolis Motor Speedway Road Course,road,22,14.0,14.0,0.0,2.0,20,0.3158,green,complete_validated_against_result_lap_counts,official_lap_chart,61e7c0e8ca2682cb606c7604b26f433daf6d95c358be5879e2fdbc06135604fd
session_indy_nxt_2025_6444,event_indy_nxt_2025_5486,2025,2025 Indianapolis Grand Prix Race 1,Indianapolis Motor Speedway Road Course,road,23,14.0,14.0,0.0,2.0,20,0.3158,green,complete_validated_against_result_lap_counts,official_lap_chart,61e7c0e8ca2682cb606c7604b26f433daf6d95c358be5879e2fdbc06135604fd
session_indy_nxt_2025_6444,event_indy_nxt_2025_5486,2025,2025 Indianapolis Grand Prix Race 1,Indianapolis Motor Speedway Road Course,road,24,14.0,14.0,0.0,2.0,20,0.3158,green,complete_validated_against_result_lap_counts,official_lap_chart,61e7c0e8ca2682cb606c7604b26f433daf6d95c358be5879e2fdbc06135604fd
session_indy_nxt_2025_6444,event_indy_nxt_2025_5486,2025,2025 Indianapolis Grand Prix Race 1,Indianapolis Motor Speedway Road Course,road,25,14.0,14.0,0.0,2.0,20,0.3158,green,complete_validated_against_result_lap_counts,official_lap_chart,61e7c0e8ca2682cb606c7604b26f433daf6d95c358be5879e2fdbc06135604fd
session_indy_nxt_2025_6444,event_indy_nxt_2025_5486,2025,2025 Indianapolis Grand Prix Race 1,Indianapolis Motor Speedway Road Course,road,26,14.0,14.0,0.0,2.0,20,0.3158,green,complete_validated_against_result_lap_counts,official_lap_chart,61e7c0e8ca2682cb606c7604b26f433daf6d95c358be5879e2fdbc06135604fd
session_indy_nxt_2025_6444,event_indy_nxt_2025_5486,2025,2025 Indianapolis Grand Prix Race 1,Indianapolis Motor Speedway Road Course,road,27,14.0,14.0,0.0,2.0,20,0.3158,green,complete_validated_against_result_lap_counts,official_lap_chart,61e7c0e8ca2682cb606c7604b26f433daf6d95c358be5879e2fdbc06135604fd
session_indy_nxt_2025_6444,event_indy_nxt_2025_5486,2025,2025 Indianapolis Grand Prix Race 1,Indianapolis Motor Speedway Road Course,road,28,13.0,14.0,1.0,3.0,20,0.3684,green,complete_validated_against_result_lap_counts,official_lap_chart,61e7c0e8ca2682cb606c7604b26f433daf6d95c358be5879e2fdbc06135604fd
session_indy_nxt_2025_6444,event_indy_nxt_2025_5486,2025,2025 Indianapolis Grand Prix Race 1,Indianapolis Motor Speedway Road Course,road,29,12.0,13.0,1.0,4.0,19,0.3889,caution,complete_validated_against_result_lap_counts,official_lap_chart,61e7c0e8ca2682cb606c7604b26f433daf6d95c358be5879e2fdbc06135604fd
session_indy_nxt_2025_6444,event_indy_nxt_2025_5486,2025,2025 Indianapolis Grand Prix Race 1,Indianapolis Motor Speedway Road Course,road,30,12.0,12.0,0.0,4.0,18,0.3529,caution,complete_validated_against_result_lap_counts,official_lap_chart,61e7c0e8ca2682cb606c7604b26f433daf6d95c358be5879e2fdbc06135604fd
session_indy_nxt_2025_6444,event_indy_nxt_2025_5486,2025,2025 Indianapolis Grand Prix Race 1,Indianapolis Motor Speedway Road Course,road,31,12.0,12.0,0.0,4.0,18,0.3529,restart_lap,complete_validated_against_result_lap_counts,official_lap_chart,61e7c0e8ca2682cb606c7604b26f433daf6d95c358be5879e2fdbc06135604fd
session_indy_nxt_2025_6444,event_indy_nxt_2025_5486,2025,2025 Indianapolis Grand Prix Race 1,Indianapolis Motor Speedway Road Course,road,32,12.0,12.0,0.0,4.0,17,0.3125,green,complete_validated_against_result_lap_counts,official_lap_chart,61e7c0e8ca2682cb606c7604b26f433daf6d95c358be5879e2fdbc06135604fd
session_indy_nxt_2025_6444,event_indy_nxt_2025_5486,2025,2025 Indianapolis Grand Prix Race 1,Indianapolis Motor Speedway Road Course,road,33,15.0,12.0,-3.0,1.0,17,0.125,green,complete_validated_against_result_lap_counts,official_lap_chart,61e7c0e8ca2682cb606c7604b26f433daf6d95c358be5879e2fdbc06135604fd
session_indy_nxt_2025_6444,event_indy_nxt_2025_5486,2025,2025 Indianapolis Grand Prix Race 1,Indianapolis Motor Speedway Road Course,road,34,15.0,15.0,0.0,1.0,17,0.125,green,complete_validated_against_result_lap_counts,official_lap_chart,61e7c0e8ca2682cb606c7604b26f433daf6d95c358be5879e2fdbc06135604fd
session_indy_nxt_2025_6444,event_indy_nxt_2025_5486,2025,2025 Indianapolis Grand Prix Race 1,Indianapolis Motor Speedway Road Course,road,35,15.0,15.0,0.0,1.0,17,0.125,green,complete_validated_against_result_lap_counts,official_lap_chart,61e7c0e8ca2682cb606c7604b26f433daf6d95c358be5879e2fdbc06135604fd
session_indy_nxt_2025_6445,event_indy_nxt_2025_5487,2025,2025 Grand Prix of Alabama,Barber Motorsports Park,road,1,8.0,,,0.0,20,0.6316,caution,partial_visible_laps_only,official_lap_chart,61e7c0e8ca2682cb606c7604b26f433daf6d95c358be5879e2fdbc06135604fd
session_indy_nxt_2025_6445,event_indy_nxt_2025_5487,2025,2025 Grand Prix of Alabama,Barber Motorsports Park,road,2,8.0,8.0,0.0,0.0,20,0.6316,caution,partial_visible_laps_only,official_lap_chart,61e7c0e8ca2682cb606c7604b26f433daf6d95c358be5879e2fdbc06135604fd
session_indy_nxt_2025_6445,event_indy_nxt_2025_5487,2025,2025 Grand Prix of Alabama,Barber Motorsports Park,road,3,8.0,8.0,0.0,0.0,20,0.6316,caution,partial_visible_laps_only,official_lap_chart,61e7c0e8ca2682cb606c7604b26f433daf6d95c358be5879e2fdbc06135604fd
session_indy_nxt_2025_6445,event_indy_nxt_2025_5487,2025,2025 Grand Prix of Alabama,Barber Motorsports Park,road,4,8.0,8.0,0.0,0.0,20,0.6316,restart_lap,partial_visible_laps_only,official_lap_chart,61e7c0e8ca2682cb606c7604b26f433daf6d95c358be5879e2fdbc06135604fd
session_indy_nxt_2025_6445,event_indy_nxt_2025_5487,2025,2025 Grand Prix of Alabama,Barber Motorsports Park,road,5,8.0,8.0,0.0,0.0,20,0.6316,green,partial_visible_laps_only,official_lap_chart,61e7c0e8ca2682cb606c7604b26f433daf6d95c358be5879e2fdbc06135604fd
session_indy_nxt_2025_6445,event_indy_nxt_2025_5487,2025,2025 Grand Prix of Alabama,Barber Motorsports Park,road,6,8.0,8.0,0.0,0.0,20,0.6316,green,partial_visible_laps_only,official_lap_chart,61e7c0e8ca2682cb606c7604b26f433daf6d95c358be5879e2fdbc06135604fd
session_indy_nxt_2025_6445,event_indy_nxt_2025_5487,2025,2025 Grand Prix of Alabama,Barber Motorsports Park,road,7,8.0,8.0,0.0,0.0,19,0.6111,green,partial_visible_laps_only,official_lap_chart,61e7c0e8ca2682cb606c7604b26f433daf6d95c358be5879e2fdbc06135604fd
session_indy_nxt_2025_6445,event_indy_nxt_2025_5487,2025,2025 Grand Prix of Alabama,Barber Motorsports Park,road,8,8.0,8.0,0.0,0.0,19,0.6111,green,partial_visible_laps_only,official_lap_chart,61e7c0e8ca2682cb606c7604b26f433daf6d95c358be5879e2fdbc06135604fd
session_indy_nxt_2025_6445,event_indy_nxt_2025_5487,2025,2025 Grand Prix of Alabama,Barber Motorsports Park,road,9,8.0,8.0,0.0,0.0,19,0.6111,green,partial_visible_laps_only,official_lap_chart,61e7c0e8ca2682cb606c7604b26f433daf6d95c358be5879e2fdbc06135604fd
session_indy_nxt_2025_6445,event_indy_nxt_2025_5487,2025,2025 Grand Prix of Alabama,Barber Motorsports Park,road,10,8.0,8.0,0.0,0.0,19,0.6111,green,partial_visible_laps_only,official_lap_chart,61e7c0e8ca2682cb606c7604b26f433daf6d95c358be5879e2fdbc06135604fd
session_indy_nxt_2025_6445,event_indy_nxt_2025_5487,2025,2025 Grand Prix of Alabama,Barber Motorsports Park,road,11,16.0,8.0,-8.0,-8.0,19,0.1667,caution,partial_visible_laps_only,official_lap_chart,61e7c0e8ca2682cb606c7604b26f433daf6d95c358be5879e2fdbc06135604fd
session_indy_nxt_2025_6445,event_indy_nxt_2025_5487,2025,2025 Grand Prix of Alabama,Barber Motorsports Park,road,12,16.0,16.0,0.0,-8.0,19,0.1667,caution,partial_visible_laps_only,official_lap_chart,61e7c0e8ca2682cb606c7604b26f433daf6d95c358be5879e2fdbc06135604fd
session_indy_nxt_2025_6445,event_indy_nxt_2025_5487,2025,2025 Grand Prix of Alabama,Barber Motorsports Park,road,13,16.0,16.0,0.0,-8.0,19,0.1667,restart_lap,partial_visible_laps_only,official_lap_chart,61e7c0e8ca2682cb606c7604b26f433daf6d95c358be5879e2fdbc06135604fd
session_indy_nxt_2025_6445,event_indy_nxt_2025_5487,2025,2025 Grand Prix of Alabama,Barber Motorsports Park,road,14,16.0,16.0,0.0,-8.0,19,0.1667,green,partial_visible_laps_only,official_lap_chart,61e7c0e8ca2682cb606c7604b26f433daf6d95c358be5879e2fdbc06135604fd
session_indy_nxt_2025_6445,event_indy_nxt_2025_5487,2025,2025 Grand Prix of Alabama,Barber Motorsports Park,road,15,17.0,16.0,-1.0,-9.0,19,0.1111,green,partial_visible_laps_only,official_lap_chart,61e7c0e8ca2682cb606c7604b26f433daf6d95c358be5879e2fdbc06135604fd
session_indy_nxt_2025_6445,event_indy_nxt_2025_5487,2025,2025 Grand Prix of Alabama,Barber Motorsports Park,road,16,17.0,17.0,0.0,-9.0,19,0.1111,green,partial_visible_laps_only,official_lap_chart,61e7c0e8ca2682cb606c7604b26f433daf6d95c358be5879e2fdbc06135604fd
session_indy_nxt_2025_6445,event_indy_nxt_2025_5487,2025,2025 Grand Prix of Alabama,Barber Motorsports Park,road,17,17.0,17.0,0.0,-9.0,19,0.1111,green,partial_visible_laps_only,official_lap_chart,61e7c0e8ca2682cb606c7604b26f433daf6d95c358be5879e2fdbc06135604fd
session_indy_nxt_2025_6445,event_indy_nxt_2025_5487,2025,2025 Grand Prix of Alabama,Barber Motorsports Park,road,18,16.0,17.0,1.0,-8.0,19,0.1667,green,partial_visible_laps_only,official_lap_chart,61e7c0e8ca2682cb606c7604b26f433daf6d95c358be5879e2fdbc06135604fd
session_indy_nxt_2025_6445,event_indy_nxt_2025_5487,2025,2025 Grand Prix of Alabama,Barber Motorsports Park,road,19,16.0,16.0,0.0,-8.0,19,0.1667,green,partial_visible_laps_only,official_lap_chart,61e7c0e8ca2682cb606c7604b26f433daf6d95c358be5879e2fdbc06135604fd
session_indy_nxt_2025_6445,event_indy_nxt_2025_5487,2025,2025 Grand Prix of Alabama,Barber Motorsports Park,road,20,16.0,16.0,0.0,-8.0,19,0.1667,green,partial_visible_laps_only,official_lap_chart,61e7c0e8ca2682cb606c7604b26f433daf6d95c358be5879e2fdbc06135604fd
session_indy_nxt_2025_6445,event_indy_nxt_2025_5487,2025,2025 Grand Prix of Alabama,Barber Motorsports Park,road,21,16.0,16.0,0.0,-8.0,19,0.1667,green,partial_visible_laps_only,official_lap_chart,61e7c0e8ca2682cb606c7604b26f433daf6d95c358be5879e2fdbc06135604fd
session_indy_nxt_2025_6445,event_indy_nxt_2025_5487,2025,2025 Grand Prix of Alabama,Barber Motorsports Park,road,22,16.0,16.0,0.0,-8.0,19,0.1667,green,partial_visible_laps_only,official_lap_chart,61e7c0e8ca2682cb606c7604b26f433daf6d95c358be5879e2fdbc06135604fd
session_indy_nxt_2025_6445,event_indy_nxt_2025_5487,2025,2025 Grand Prix of Alabama,Barber Motorsports Park,road,23,16.0,16.0,0.0,-8.0,19,0.1667,green,partial_visible_laps_only,official_lap_chart,61e7c0e8ca2682cb606c7604b26f433daf6d95c358be5879e2fdbc06135604fd
session_indy_nxt_2025_6445,event_indy_nxt_2025_5487,2025,2025 Grand Prix of Alabama,Barber Motorsports Park,road,24,15.0,16.0,1.0,-7.0,19,0.2222,green,partial_visible_laps_only,official_lap_chart,61e7c0e8ca2682cb606c7604b26f433daf6d95c358be5879e2fdbc06135604fd
session_indy_nxt_2025_6445,event_indy_nxt_2025_5487,2025,2025 Grand Prix of Alabama,Barber Motorsports Park,road,25,15.0,15.0,0.0,-7.0,19,0.2222,green,partial_visible_laps_only,official_lap_chart,61e7c0e8ca2682cb606c7604b26f433daf6d95c358be5879e2fdbc06135604fd
session_indy_nxt_2025_6445,event_indy_nxt_2025_5487,2025,2025 Grand Prix of Alabama,Barber Motorsports Park,road,26,15.0,15.0,0.0,-7.0,19,0.2222,green,partial_visible_laps_only,official_lap_chart,61e7c0e8ca2682cb606c7604b26f433daf6d95c358be5879e2fdbc06135604fd
session_indy_nxt_2025_6445,event_indy_nxt_2025_5487,2025,2025 Grand Prix of Alabama,Barber Motorsports Park,road,27,15.0,15.0,0.0,-7.0,18,0.1765,green,partial_visible_laps_only,official_lap_chart,61e7c0e8ca2682cb606c7604b26f433daf6d95c358be5879e2fdbc06135604fd
session_indy_nxt_2025_6445,event_indy_nxt_2025_5487,2025,2025 Grand Prix of Alabama,Barber Motorsports Park,road,28,15.0,15.0,0.0,-7.0,18,0.1765,green,partial_visible_laps_only,official_lap_chart,61e7c0e8ca2682cb606c7604b26f433daf6d95c358be5879e2fdbc06135604fd
session_indy_nxt_2025_6445,event_indy_nxt_2025_5487,2025,2025 Grand Prix of Alabama,Barber Motorsports Park,road,29,15.0,15.0,0.0,-7.0,18,0.1765,green,partial_visible_laps_only,official_lap_chart,61e7c0e8ca2682cb606c7604b26f433daf6d95c358be5879e2fdbc06135604fd
session_indy_nxt_2025_6445,event_indy_nxt_2025_5487,2025,2025 Grand Prix of Alabama,Barber Motorsports Park,road,30,15.0,15.0,0.0,-7.0,18,0.1765,green,partial_visible_laps_only,official_lap_chart,61e7c0e8ca2682cb606c7604b26f433daf6d95c358be5879e2fdbc06135604fd
session_indy_nxt_2025_6445,event_indy_nxt_2025_5487,2025,2025 Grand Prix of Alabama,Barber Motorsports Park,road,31,15.0,15.0,0.0,-7.0,18,0.1765,green,partial_visible_laps_only,official_lap_chart,61e7c0e8ca2682cb606c7604b26f433daf6d95c358be5879e2fdbc06135604fd
session_indy_nxt_2025_6445,event_indy_nxt_2025_5487,2025,2025 Grand Prix of Alabama,Barber Motorsports Park,road,32,15.0,15.0,0.0,-7.0,18,0.1765,green,partial_visible_laps_only,official_lap_chart,61e7c0e8ca2682cb606c7604b26f433daf6d95c358be5879e2fdbc06135604fd
session_indy_nxt_2025_6445,event_indy_nxt_2025_5487,2025,2025 Grand Prix of Alabama,Barber Motorsports Park,road,33,15.0,15.0,0.0,-7.0,18,0.1765,green,partial_visible_laps_only,official_lap_chart,61e7c0e8ca2682cb606c7604b26f433daf6d95c358be5879e2fdbc06135604fd
session_indy_nxt_2025_6445,event_indy_nxt_2025_5487,2025,2025 Grand Prix of Alabama,Barber Motorsports Park,road,34,15.0,15.0,0.0,-7.0,18,0.1765,green,partial_visible_laps_only,official_lap_chart,61e7c0e8ca2682cb606c7604b26f433daf6d95c358be5879e2fdbc06135604fd
session_indy_nxt_2025_6445,event_indy_nxt_2025_5487,2025,2025 Grand Prix of Alabama,Barber Motorsports Park,road,35,15.0,15.0,0.0,-7.0,16,0.0667,green,partial_visible_laps_only,official_lap_chart,61e7c0e8ca2682cb606c7604b26f433daf6d95c358be5879e2fdbc06135604fd
session_indy_nxt_2025_6446,event_indy_nxt_2025_5488,2025,2025 Grand Prix of St. Petersburg,Streets of St. Petersburg,street,1,16.0,,,0.0,20,0.2105,caution,partial_visible_laps_only,official_lap_chart,61e7c0e8ca2682cb606c7604b26f433daf6d95c358be5879e2fdbc06135604fd
session_indy_nxt_2025_6446,event_indy_nxt_2025_5488,2025,2025 Grand Prix of St. Petersburg,Streets of St. Petersburg,street,2,16.0,16.0,0.0,0.0,20,0.2105,restart_lap,partial_visible_laps_only,official_lap_chart,61e7c0e8ca2682cb606c7604b26f433daf6d95c358be5879e2fdbc06135604fd
session_indy_nxt_2025_6446,event_indy_nxt_2025_5488,2025,2025 Grand Prix of St. Petersburg,Streets of St. Petersburg,street,3,16.0,16.0,0.0,0.0,20,0.2105,green,partial_visible_laps_only,official_lap_chart,61e7c0e8ca2682cb606c7604b26f433daf6d95c358be5879e2fdbc06135604fd
session_indy_nxt_2025_6446,event_indy_nxt_2025_5488,2025,2025 Grand Prix of St. Petersburg,Streets of St. Petersburg,street,4,16.0,16.0,0.0,0.0,20,0.2105,green,partial_visible_laps_only,official_lap_chart,61e7c0e8ca2682cb606c7604b26f433daf6d95c358be5879e2fdbc06135604fd
session_indy_nxt_2025_6446,event_indy_nxt_2025_5488,2025,2025 Grand Prix of St. Petersburg,Streets of St. Petersburg,street,5,16.0,16.0,0.0,0.0,20,0.2105,green,partial_visible_laps_only,official_lap_chart,61e7c0e8ca2682cb606c7604b26f433daf6d95c358be5879e2fdbc06135604fd
session_indy_nxt_2025_6446,event_indy_nxt_2025_5488,2025,2025 Grand Prix of St. Petersburg,Streets of St. Petersburg,street,6,16.0,16.0,0.0,0.0,19,0.1667,green,partial_visible_laps_only,official_lap_chart,61e7c0e8ca2682cb606c7604b26f433daf6d95c358be5879e2fdbc06135604fd
session_indy_nxt_2025_6446,event_indy_nxt_2025_5488,2025,2025 Grand Prix of St. Petersburg,Streets of St. Petersburg,street,7,16.0,16.0,0.0,0.0,19,0.1667,green,partial_visible_laps_only,official_lap_chart,61e7c0e8ca2682cb606c7604b26f433daf6d95c358be5879e2fdbc06135604fd
session_indy_nxt_2025_6446,event_indy_nxt_2025_5488,2025,2025 Grand Prix of St. Petersburg,Streets of St. Petersburg,street,8,16.0,16.0,0.0,0.0,19,0.1667,green,partial_visible_laps_only,official_lap_chart,61e7c0e8ca2682cb606c7604b26f433daf6d95c358be5879e2fdbc06135604fd
session_indy_nxt_2025_6446,event_indy_nxt_2025_5488,2025,2025 Grand Prix of St. Petersburg,Streets of St. Petersburg,street,9,16.0,16.0,0.0,0.0,19,0.1667,green,partial_visible_laps_only,official_lap_chart,61e7c0e8ca2682cb606c7604b26f433daf6d95c358be5879e2fdbc06135604fd
session_indy_nxt_2025_6446,event_indy_nxt_2025_5488,2025,2025 Grand Prix of St. Petersburg,Streets of St. Petersburg,street,10,16.0,16.0,0.0,0.0,19,0.1667,caution,partial_visible_laps_only,official_lap_chart,61e7c0e8ca2682cb606c7604b26f433daf6d95c358be5879e2fdbc06135604fd
session_indy_nxt_2025_6446,event_indy_nxt_2025_5488,2025,2025 Grand Prix of St. Petersburg,Streets of St. Petersburg,street,11,16.0,16.0,0.0,0.0,19,0.1667,caution,partial_visible_laps_only,official_lap_chart,61e7c0e8ca2682cb606c7604b26f433daf6d95c358be5879e2fdbc06135604fd
session_indy_nxt_2025_6446,event_indy_nxt_2025_5488,2025,2025 Grand Prix of St. Petersburg,Streets of St. Petersburg,street,12,16.0,16.0,0.0,0.0,19,0.1667,caution,partial_visible_laps_only,official_lap_chart,61e7c0e8ca2682cb606c7604b26f433daf6d95c358be5879e2fdbc06135604fd
session_indy_nxt_2025_6446,event_indy_nxt_2025_5488,2025,2025 Grand Prix of St. Petersburg,Streets of St. Petersburg,street,13,16.0,16.0,0.0,0.0,19,0.1667,caution,partial_visible_laps_only,official_lap_chart,61e7c0e8ca2682cb606c7604b26f433daf6d95c358be5879e2fdbc06135604fd
session_indy_nxt_2025_6446,event_indy_nxt_2025_5488,2025,2025 Grand Prix of St. Petersburg,Streets of St. Petersburg,street,14,16.0,16.0,0.0,0.0,19,0.1667,restart_lap,partial_visible_laps_only,official_lap_chart,61e7c0e8ca2682cb606c7604b26f433daf6d95c358be5879e2fdbc06135604fd
session_indy_nxt_2025_6446,event_indy_nxt_2025_5488,2025,2025 Grand Prix of St. Petersburg,Streets of St. Petersburg,street,15,16.0,16.0,0.0,0.0,19,0.1667,green,partial_visible_laps_only,official_lap_chart,61e7c0e8ca2682cb606c7604b26f433daf6d95c358be5879e2fdbc06135604fd
session_indy_nxt_2025_6446,event_indy_nxt_2025_5488,2025,2025 Grand Prix of St. Petersburg,Streets of St. Petersburg,street,16,16.0,16.0,0.0,0.0,19,0.1667,green,partial_visible_laps_only,official_lap_chart,61e7c0e8ca2682cb606c7604b26f433daf6d95c358be5879e2fdbc06135604fd
session_indy_nxt_2025_6446,event_indy_nxt_2025_5488,2025,2025 Grand Prix of St. Petersburg,Streets of St. Petersburg,street,17,16.0,16.0,0.0,0.0,19,0.1667,green,partial_visible_laps_only,official_lap_chart,61e7c0e8ca2682cb606c7604b26f433daf6d95c358be5879e2fdbc06135604fd
session_indy_nxt_2025_6446,event_indy_nxt_2025_5488,2025,2025 Grand Prix of St. Petersburg,Streets of St. Petersburg,street,18,16.0,16.0,0.0,0.0,19,0.1667,green,partial_visible_laps_only,official_lap_chart,61e7c0e8ca2682cb606c7604b26f433daf6d95c358be5879e2fdbc06135604fd
session_indy_nxt_2025_6446,event_indy_nxt_2025_5488,2025,2025 Grand Prix of St. Petersburg,Streets of St. Petersburg,street,19,16.0,16.0,0.0,0.0,19,0.1667,green,partial_visible_laps_only,official_lap_chart,61e7c0e8ca2682cb606c7604b26f433daf6d95c358be5879e2fdbc06135604fd
session_indy_nxt_2025_6446,event_indy_nxt_2025_5488,2025,2025 Grand Prix of St. Petersburg,Streets of St. Petersburg,street,20,15.0,16.0,1.0,1.0,19,0.2222,green,partial_visible_laps_only,official_lap_chart,61e7c0e8ca2682cb606c7604b26f433daf6d95c358be5879e2fdbc06135604fd
session_indy_nxt_2025_6446,event_indy_nxt_2025_5488,2025,2025 Grand Prix of St. Petersburg,Streets of St. Petersburg,street,21,14.0,15.0,1.0,2.0,18,0.2353,green,partial_visible_laps_only,official_lap_chart,61e7c0e8ca2682cb606c7604b26f433daf6d95c358be5879e2fdbc06135604fd
session_indy_nxt_2025_6446,event_indy_nxt_2025_5488,2025,2025 Grand Prix of St. Petersburg,Streets of St. Petersburg,street,22,14.0,14.0,0.0,2.0,18,0.2353,caution,partial_visible_laps_only,official_lap_chart,61e7c0e8ca2682cb606c7604b26f433daf6d95c358be5879e2fdbc06135604fd
session_indy_nxt_2025_6446,event_indy_nxt_2025_5488,2025,2025 Grand Prix of St. Petersburg,Streets of St. Petersburg,street,23,14.0,14.0,0.0,2.0,18,0.2353,caution,partial_visible_laps_only,official_lap_chart,61e7c0e8ca2682cb606c7604b26f433daf6d95c358be5879e2fdbc06135604fd
session_indy_nxt_2025_6446,event_indy_nxt_2025_5488,2025,2025 Grand Prix of St. Petersburg,Streets of St. Petersburg,street,24,14.0,14.0,0.0,2.0,18,0.2353,caution,partial_visible_laps_only,official_lap_chart,61e7c0e8ca2682cb606c7604b26f433daf6d95c358be5879e2fdbc06135604fd
session_indy_nxt_2025_6446,event_indy_nxt_2025_5488,2025,2025 Grand Prix of St. Petersburg,Streets of St. Petersburg,street,25,14.0,14.0,0.0,2.0,18,0.2353,restart_lap,partial_visible_laps_only,official_lap_chart,61e7c0e8ca2682cb606c7604b26f433daf6d95c358be5879e2fdbc06135604fd
session_indy_nxt_2025_6446,event_indy_nxt_2025_5488,2025,2025 Grand Prix of St. Petersburg,Streets of St. Petersburg,street,26,14.0,14.0,0.0,2.0,18,0.2353,green,partial_visible_laps_only,official_lap_chart,61e7c0e8ca2682cb606c7604b26f433daf6d95c358be5879e2fdbc06135604fd
session_indy_nxt_2025_6446,event_indy_nxt_2025_5488,2025,2025 Grand Prix of St. Petersburg,Streets of St. Petersburg,street,27,15.0,14.0,-1.0,1.0,18,0.1765,green,partial_visible_laps_only,official_lap_chart,61e7c0e8ca2682cb606c7604b26f433daf6d95c358be5879e2fdbc06135604fd
session_indy_nxt_2025_6446,event_indy_nxt_2025_5488,2025,2025 Grand Prix of St. Petersburg,Streets of St. Petersburg,street,28,15.0,15.0,0.0,1.0,18,0.1765,green,partial_visible_laps_only,official_lap_chart,61e7c0e8ca2682cb606c7604b26f433daf6d95c358be5879e2fdbc06135604fd
session_indy_nxt_2025_6446,event_indy_nxt_2025_5488,2025,2025 Grand Prix of St. Petersburg,Streets of St. Petersburg,street,29,15.0,15.0,0.0,1.0,18,0.1765,green,partial_visible_laps_only,official_lap_chart,61e7c0e8ca2682cb606c7604b26f433daf6d95c358be5879e2fdbc06135604fd
session_indy_nxt_2025_6446,event_indy_nxt_2025_5488,2025,2025 Grand Prix of St. Petersburg,Streets of St. Petersburg,street,30,15.0,15.0,0.0,1.0,18,0.1765,green,partial_visible_laps_only,official_lap_chart,61e7c0e8ca2682cb606c7604b26f433daf6d95c358be5879e2fdbc06135604fd
session_indy_nxt_2025_6446,event_indy_nxt_2025_5488,2025,2025 Grand Prix of St. Petersburg,Streets of St. Petersburg,street,31,14.0,15.0,1.0,2.0,18,0.2353,green,partial_visible_laps_only,official_lap_chart,61e7c0e8ca2682cb606c7604b26f433daf6d95c358be5879e2fdbc06135604fd
session_indy_nxt_2025_6446,event_indy_nxt_2025_5488,2025,2025 Grand Prix of St. Petersburg,Streets of St. Petersburg,street,32,14.0,14.0,0.0,2.0,18,0.2353,green,partial_visible_laps_only,official_lap_chart,61e7c0e8ca2682cb606c7604b26f433daf6d95c358be5879e2fdbc06135604fd
session_indy_nxt_2025_6446,event_indy_nxt_2025_5488,2025,2025 Grand Prix of St. Petersburg,Streets of St. Petersburg,street,33,14.0,14.0,0.0,2.0,18,0.2353,green,partial_visible_laps_only,official_lap_chart,61e7c0e8ca2682cb606c7604b26f433daf6d95c358be5879e2fdbc06135604fd
session_indy_nxt_2025_6446,event_indy_nxt_2025_5488,2025,2025 Grand Prix of St. Petersburg,Streets of St. Petersburg,street,34,14.0,14.0,0.0,2.0,17,0.1875,green,partial_visible_laps_only,official_lap_chart,61e7c0e8ca2682cb606c7604b26f433daf6d95c358be5879e2fdbc06135604fd
session_indy_nxt_2025_6446,event_indy_nxt_2025_5488,2025,2025 Grand Prix of St. Petersburg,Streets of St. Petersburg,street,35,14.0,14.0,0.0,2.0,17,0.1875,green,partial_visible_laps_only,official_lap_chart,61e7c0e8ca2682cb606c7604b26f433daf6d95c358be5879e2fdbc06135604fd
session_indy_nxt_2025_6446,event_indy_nxt_2025_5488,2025,2025 Grand Prix of St. Petersburg,Streets of St. Petersburg,street,36,14.0,14.0,0.0,2.0,17,0.1875,green,partial_visible_laps_only,official_lap_chart,61e7c0e8ca2682cb606c7604b26f433daf6d95c358be5879e2fdbc06135604fd
session_indy_nxt_2025_6446,event_indy_nxt_2025_5488,2025,2025 Grand Prix of St. Petersburg,Streets of St. Petersburg,street,37,14.0,14.0,0.0,2.0,17,0.1875,green,partial_visible_laps_only,official_lap_chart,61e7c0e8ca2682cb606c7604b26f433daf6d95c358be5879e2fdbc06135604fd
session_indy_nxt_2025_6446,event_indy_nxt_2025_5488,2025,2025 Grand Prix of St. Petersburg,Streets of St. Petersburg,street,38,14.0,14.0,0.0,2.0,17,0.1875,green,partial_visible_laps_only,official_lap_chart,61e7c0e8ca2682cb606c7604b26f433daf6d95c358be5879e2fdbc06135604fd
session_indy_nxt_2025_6446,event_indy_nxt_2025_5488,2025,2025 Grand Prix of St. Petersburg,Streets of St. Petersburg,street,39,14.0,14.0,0.0,2.0,17,0.1875,green,partial_visible_laps_only,official_lap_chart,61e7c0e8ca2682cb606c7604b26f433daf6d95c358be5879e2fdbc06135604fd
session_indy_nxt_2025_6446,event_indy_nxt_2025_5488,2025,2025 Grand Prix of St. Petersburg,Streets of St. Petersburg,street,40,14.0,14.0,0.0,2.0,17,0.1875,green,partial_visible_laps_only,official_lap_chart,61e7c0e8ca2682cb606c7604b26f433daf6d95c358be5879e2fdbc06135604fd
session_indy_nxt_2025_6446,event_indy_nxt_2025_5488,2025,2025 Grand Prix of St. Petersburg,Streets of St. Petersburg,street,41,14.0,14.0,0.0,2.0,17,0.1875,green,partial_visible_laps_only,official_lap_chart,61e7c0e8ca2682cb606c7604b26f433daf6d95c358be5879e2fdbc06135604fd
session_indy_nxt_2025_6446,event_indy_nxt_2025_5488,2025,2025 Grand Prix of St. Petersburg,Streets of St. Petersburg,street,42,13.0,14.0,1.0,3.0,15,0.1429,caution,partial_visible_laps_only,official_lap_chart,61e7c0e8ca2682cb606c7604b26f433daf6d95c358be5879e2fdbc06135604fd
session_indy_nxt_2025_6446,event_indy_nxt_2025_5488,2025,2025 Grand Prix of St. Petersburg,Streets of St. Petersburg,street,43,13.0,13.0,0.0,3.0,14,0.0769,caution,partial_visible_laps_only,official_lap_chart,61e7c0e8ca2682cb606c7604b26f433daf6d95c358be5879e2fdbc06135604fd
session_indy_nxt_2025_6446,event_indy_nxt_2025_5488,2025,2025 Grand Prix of St. Petersburg,Streets of St. Petersburg,street,44,13.0,13.0,0.0,3.0,14,0.0769,caution,partial_visible_laps_only,official_lap_chart,61e7c0e8ca2682cb606c7604b26f433daf6d95c358be5879e2fdbc06135604fd
session_indy_nxt_2025_6447,event_indy_nxt_2025_5489,2025,2025 Music City Grand Prix,Nashville Superspeedway,oval,1,6.0,,,0.0,18,0.7059,green,complete_validated_against_result_lap_counts,official_lap_chart,61e7c0e8ca2682cb606c7604b26f433daf6d95c358be5879e2fdbc06135604fd
session_indy_nxt_2025_6447,event_indy_nxt_2025_5489,2025,2025 Music City Grand Prix,Nashville Superspeedway,oval,2,7.0,6.0,-1.0,-1.0,18,0.6471,green,complete_validated_against_result_lap_counts,official_lap_chart,61e7c0e8ca2682cb606c7604b26f433daf6d95c358be5879e2fdbc06135604fd
session_indy_nxt_2025_6447,event_indy_nxt_2025_5489,2025,2025 Music City Grand Prix,Nashville Superspeedway,oval,3,7.0,7.0,0.0,-1.0,18,0.6471,green,complete_validated_against_result_lap_counts,official_lap_chart,61e7c0e8ca2682cb606c7604b26f433daf6d95c358be5879e2fdbc06135604fd
session_indy_nxt_2025_6447,event_indy_nxt_2025_5489,2025,2025 Music City Grand Prix,Nashville Superspeedway,oval,4,7.0,7.0,0.0,-1.0,18,0.6471,green,complete_validated_against_result_lap_counts,official_lap_chart,61e7c0e8ca2682cb606c7604b26f433daf6d95c358be5879e2fdbc06135604fd
session_indy_nxt_2025_6447,event_indy_nxt_2025_5489,2025,2025 Music City Grand Prix,Nashville Superspeedway,oval,5,7.0,7.0,0.0,-1.0,18,0.6471,green,complete_validated_against_result_lap_counts,official_lap_chart,61e7c0e8ca2682cb606c7604b26f433daf6d95c358be5879e2fdbc06135604fd
session_indy_nxt_2025_6447,event_indy_nxt_2025_5489,2025,2025 Music City Grand Prix,Nashville Superspeedway,oval,6,7.0,7.0,0.0,-1.0,18,0.6471,green,complete_validated_against_result_lap_counts,official_lap_chart,61e7c0e8ca2682cb606c7604b26f433daf6d95c358be5879e2fdbc06135604fd
session_indy_nxt_2025_6447,event_indy_nxt_2025_5489,2025,2025 Music City Grand Prix,Nashville Superspeedway,oval,7,7.0,7.0,0.0,-1.0,18,0.6471,green,complete_validated_against_result_lap_counts,official_lap_chart,61e7c0e8ca2682cb606c7604b26f433daf6d95c358be5879e2fdbc06135604fd
session_indy_nxt_2025_6447,event_indy_nxt_2025_5489,2025,2025 Music City Grand Prix,Nashville Superspeedway,oval,8,7.0,7.0,0.0,-1.0,18,0.6471,green,complete_validated_against_result_lap_counts,official_lap_chart,61e7c0e8ca2682cb606c7604b26f433daf6d95c358be5879e2fdbc06135604fd
session_indy_nxt_2025_6447,event_indy_nxt_2025_5489,2025,2025 Music City Grand Prix,Nashville Superspeedway,oval,9,7.0,7.0,0.0,-1.0,18,0.6471,green,complete_validated_against_result_lap_counts,official_lap_chart,61e7c0e8ca2682cb606c7604b26f433daf6d95c358be5879e2fdbc06135604fd
session_indy_nxt_2025_6447,event_indy_nxt_2025_5489,2025,2025 Music City Grand Prix,Nashville Superspeedway,oval,10,7.0,7.0,0.0,-1.0,18,0.6471,green,complete_validated_against_result_lap_counts,official_lap_chart,61e7c0e8ca2682cb606c7604b26f433daf6d95c358be5879e2fdbc06135604fd
session_indy_nxt_2025_6447,event_indy_nxt_2025_5489,2025,2025 Music City Grand Prix,Nashville Superspeedway,oval,11,7.0,7.0,0.0,-1.0,18,0.6471,green,complete_validated_against_result_lap_counts,official_lap_chart,61e7c0e8ca2682cb606c7604b26f433daf6d95c358be5879e2fdbc06135604fd
session_indy_nxt_2025_6447,event_indy_nxt_2025_5489,2025,2025 Music City Grand Prix,Nashville Superspeedway,oval,12,7.0,7.0,0.0,-1.0,18,0.6471,green,complete_validated_against_result_lap_counts,official_lap_chart,61e7c0e8ca2682cb606c7604b26f433daf6d95c358be5879e2fdbc06135604fd
session_indy_nxt_2025_6447,event_indy_nxt_2025_5489,2025,2025 Music City Grand Prix,Nashville Superspeedway,oval,13,7.0,7.0,0.0,-1.0,18,0.6471,green,complete_validated_against_result_lap_counts,official_lap_chart,61e7c0e8ca2682cb606c7604b26f433daf6d95c358be5879e2fdbc06135604fd
session_indy_nxt_2025_6447,event_indy_nxt_2025_5489,2025,2025 Music City Grand Prix,Nashville Superspeedway,oval,14,7.0,7.0,0.0,-1.0,18,0.6471,green,complete_validated_against_result_lap_counts,official_lap_chart,61e7c0e8ca2682cb606c7604b26f433daf6d95c358be5879e2fdbc06135604fd
session_indy_nxt_2025_6447,event_indy_nxt_2025_5489,2025,2025 Music City Grand Prix,Nashville Superspeedway,oval,15,7.0,7.0,0.0,-1.0,18,0.6471,green,complete_validated_against_result_lap_counts,official_lap_chart,61e7c0e8ca2682cb606c7604b26f433daf6d95c358be5879e2fdbc06135604fd
session_indy_nxt_2025_6447,event_indy_nxt_2025_5489,2025,2025 Music City Grand Prix,Nashville Superspeedway,oval,16,7.0,7.0,0.0,-1.0,18,0.6471,green,complete_validated_against_result_lap_counts,official_lap_chart,61e7c0e8ca2682cb606c7604b26f433daf6d95c358be5879e2fdbc06135604fd
session_indy_nxt_2025_6447,event_indy_nxt_2025_5489,2025,2025 Music City Grand Prix,Nashville Superspeedway,oval,17,7.0,7.0,0.0,-1.0,18,0.6471,green,complete_validated_against_result_lap_counts,official_lap_chart,61e7c0e8ca2682cb606c7604b26f433daf6d95c358be5879e2fdbc06135604fd
session_indy_nxt_2025_6447,event_indy_nxt_2025_5489,2025,2025 Music City Grand Prix,Nashville Superspeedway,oval,18,7.0,7.0,0.0,-1.0,18,0.6471,green,complete_validated_against_result_lap_counts,official_lap_chart,61e7c0e8ca2682cb606c7604b26f433daf6d95c358be5879e2fdbc06135604fd
session_indy_nxt_2025_6447,event_indy_nxt_2025_5489,2025,2025 Music City Grand Prix,Nashville Superspeedway,oval,19,7.0,7.0,0.0,-1.0,18,0.6471,green,complete_validated_against_result_lap_counts,official_lap_chart,61e7c0e8ca2682cb606c7604b26f433daf6d95c358be5879e2fdbc06135604fd
session_indy_nxt_2025_6447,event_indy_nxt_2025_5489,2025,2025 Music City Grand Prix,Nashville Superspeedway,oval,20,7.0,7.0,0.0,-1.0,18,0.6471,green,complete_validated_against_result_lap_counts,official_lap_chart,61e7c0e8ca2682cb606c7604b26f433daf6d95c358be5879e2fdbc06135604fd
session_indy_nxt_2025_6447,event_indy_nxt_2025_5489,2025,2025 Music City Grand Prix,Nashville Superspeedway,oval,21,7.0,7.0,0.0,-1.0,18,0.6471,green,complete_validated_against_result_lap_counts,official_lap_chart,61e7c0e8ca2682cb606c7604b26f433daf6d95c358be5879e2fdbc06135604fd
session_indy_nxt_2025_6447,event_indy_nxt_2025_5489,2025,2025 Music City Grand Prix,Nashville Superspeedway,oval,22,7.0,7.0,0.0,-1.0,18,0.6471,green,complete_validated_against_result_lap_counts,official_lap_chart,61e7c0e8ca2682cb606c7604b26f433daf6d95c358be5879e2fdbc06135604fd
session_indy_nxt_2025_6447,event_indy_nxt_2025_5489,2025,2025 Music City Grand Prix,Nashville Superspeedway,oval,23,7.0,7.0,0.0,-1.0,18,0.6471,green,complete_validated_against_result_lap_counts,official_lap_chart,61e7c0e8ca2682cb606c7604b26f433daf6d95c358be5879e2fdbc06135604fd
session_indy_nxt_2025_6447,event_indy_nxt_2025_5489,2025,2025 Music City Grand Prix,Nashville Superspeedway,oval,24,7.0,7.0,0.0,-1.0,18,0.6471,green,complete_validated_against_result_lap_counts,official_lap_chart,61e7c0e8ca2682cb606c7604b26f433daf6d95c358be5879e2fdbc06135604fd
session_indy_nxt_2025_6447,event_indy_nxt_2025_5489,2025,2025 Music City Grand Prix,Nashville Superspeedway,oval,25,7.0,7.0,0.0,-1.0,18,0.6471,green,complete_validated_against_result_lap_counts,official_lap_chart,61e7c0e8ca2682cb606c7604b26f433daf6d95c358be5879e2fdbc06135604fd
session_indy_nxt_2025_6447,event_indy_nxt_2025_5489,2025,2025 Music City Grand Prix,Nashville Superspeedway,oval,26,7.0,7.0,0.0,-1.0,18,0.6471,green,complete_validated_against_result_lap_counts,official_lap_chart,61e7c0e8ca2682cb606c7604b26f433daf6d95c358be5879e2fdbc06135604fd
session_indy_nxt_2025_6447,event_indy_nxt_2025_5489,2025,2025 Music City Grand Prix,Nashville Superspeedway,oval,27,7.0,7.0,0.0,-1.0,18,0.6471,green,complete_validated_against_result_lap_counts,official_lap_chart,61e7c0e8ca2682cb606c7604b26f433daf6d95c358be5879e2fdbc06135604fd
session_indy_nxt_2025_6447,event_indy_nxt_2025_5489,2025,2025 Music City Grand Prix,Nashville Superspeedway,oval,28,7.0,7.0,0.0,-1.0,18,0.6471,green,complete_validated_against_result_lap_counts,official_lap_chart,61e7c0e8ca2682cb606c7604b26f433daf6d95c358be5879e2fdbc06135604fd
session_indy_nxt_2025_6447,event_indy_nxt_2025_5489,2025,2025 Music City Grand Prix,Nashville Superspeedway,oval,29,7.0,7.0,0.0,-1.0,18,0.6471,green,complete_validated_against_result_lap_counts,official_lap_chart,61e7c0e8ca2682cb606c7604b26f433daf6d95c358be5879e2fdbc06135604fd
session_indy_nxt_2025_6447,event_indy_nxt_2025_5489,2025,2025 Music City Grand Prix,Nashville Superspeedway,oval,30,7.0,7.0,0.0,-1.0,18,0.6471,green,complete_validated_against_result_lap_counts,official_lap_chart,61e7c0e8ca2682cb606c7604b26f433daf6d95c358be5879e2fdbc06135604fd
session_indy_nxt_2025_6447,event_indy_nxt_2025_5489,2025,2025 Music City Grand Prix,Nashville Superspeedway,oval,31,6.0,7.0,1.0,0.0,18,0.7059,green,complete_validated_against_result_lap_counts,official_lap_chart,61e7c0e8ca2682cb606c7604b26f433daf6d95c358be5879e2fdbc06135604fd
session_indy_nxt_2025_6447,event_indy_nxt_2025_5489,2025,2025 Music City Grand Prix,Nashville Superspeedway,oval,32,6.0,6.0,0.0,0.0,17,0.6875,caution,complete_validated_against_result_lap_counts,official_lap_chart,61e7c0e8ca2682cb606c7604b26f433daf6d95c358be5879e2fdbc06135604fd
session_indy_nxt_2025_6447,event_indy_nxt_2025_5489,2025,2025 Music City Grand Prix,Nashville Superspeedway,oval,33,6.0,6.0,0.0,0.0,17,0.6875,caution,complete_validated_against_result_lap_counts,official_lap_chart,61e7c0e8ca2682cb606c7604b26f433daf6d95c358be5879e2fdbc06135604fd
session_indy_nxt_2025_6447,event_indy_nxt_2025_5489,2025,2025 Music City Grand Prix,Nashville Superspeedway,oval,34,6.0,6.0,0.0,0.0,17,0.6875,caution,complete_validated_against_result_lap_counts,official_lap_chart,61e7c0e8ca2682cb606c7604b26f433daf6d95c358be5879e2fdbc06135604fd
session_indy_nxt_2025_6447,event_indy_nxt_2025_5489,2025,2025 Music City Grand Prix,Nashville Superspeedway,oval,35,6.0,6.0,0.0,0.0,17,0.6875,caution,complete_validated_against_result_lap_counts,official_lap_chart,61e7c0e8ca2682cb606c7604b26f433daf6d95c358be5879e2fdbc06135604fd
session_indy_nxt_2025_6447,event_indy_nxt_2025_5489,2025,2025 Music City Grand Prix,Nashville Superspeedway,oval,36,6.0,6.0,0.0,0.0,17,0.6875,caution,complete_validated_against_result_lap_counts,official_lap_chart,61e7c0e8ca2682cb606c7604b26f433daf6d95c358be5879e2fdbc06135604fd
session_indy_nxt_2025_6447,event_indy_nxt_2025_5489,2025,2025 Music City Grand Prix,Nashville Superspeedway,oval,37,6.0,6.0,0.0,0.0,17,0.6875,caution,complete_validated_against_result_lap_counts,official_lap_chart,61e7c0e8ca2682cb606c7604b26f433daf6d95c358be5879e2fdbc06135604fd
session_indy_nxt_2025_6447,event_indy_nxt_2025_5489,2025,2025 Music City Grand Prix,Nashville Superspeedway,oval,38,6.0,6.0,0.0,0.0,17,0.6875,caution,complete_validated_against_result_lap_counts,official_lap_chart,61e7c0e8ca2682cb606c7604b26f433daf6d95c358be5879e2fdbc06135604fd
session_indy_nxt_2025_6447,event_indy_nxt_2025_5489,2025,2025 Music City Grand Prix,Nashville Superspeedway,oval,39,6.0,6.0,0.0,0.0,17,0.6875,caution,complete_validated_against_result_lap_counts,official_lap_chart,61e7c0e8ca2682cb606c7604b26f433daf6d95c358be5879e2fdbc06135604fd
session_indy_nxt_2025_6447,event_indy_nxt_2025_5489,2025,2025 Music City Grand Prix,Nashville Superspeedway,oval,40,6.0,6.0,0.0,0.0,17,0.6875,caution,complete_validated_against_result_lap_counts,official_lap_chart,61e7c0e8ca2682cb606c7604b26f433daf6d95c358be5879e2fdbc06135604fd
session_indy_nxt_2025_6447,event_indy_nxt_2025_5489,2025,2025 Music City Grand Prix,Nashville Superspeedway,oval,41,6.0,6.0,0.0,0.0,17,0.6875,caution,complete_validated_against_result_lap_counts,official_lap_chart,61e7c0e8ca2682cb606c7604b26f433daf6d95c358be5879e2fdbc06135604fd
session_indy_nxt_2025_6447,event_indy_nxt_2025_5489,2025,2025 Music City Grand Prix,Nashville Superspeedway,oval,42,6.0,6.0,0.0,0.0,17,0.6875,caution,complete_validated_against_result_lap_counts,official_lap_chart,61e7c0e8ca2682cb606c7604b26f433daf6d95c358be5879e2fdbc06135604fd
session_indy_nxt_2025_6447,event_indy_nxt_2025_5489,2025,2025 Music City Grand Prix,Nashville Superspeedway,oval,43,6.0,6.0,0.0,0.0,17,0.6875,caution,complete_validated_against_result_lap_counts,official_lap_chart,61e7c0e8ca2682cb606c7604b26f433daf6d95c358be5879e2fdbc06135604fd
session_indy_nxt_2025_6447,event_indy_nxt_2025_5489,2025,2025 Music City Grand Prix,Nashville Superspeedway,oval,44,6.0,6.0,0.0,0.0,17,0.6875,restart_lap,complete_validated_against_result_lap_counts,official_lap_chart,61e7c0e8ca2682cb606c7604b26f433daf6d95c358be5879e2fdbc06135604fd
session_indy_nxt_2025_6447,event_indy_nxt_2025_5489,2025,2025 Music City Grand Prix,Nashville Superspeedway,oval,45,6.0,6.0,0.0,0.0,17,0.6875,green,complete_validated_against_result_lap_counts,official_lap_chart,61e7c0e8ca2682cb606c7604b26f433daf6d95c358be5879e2fdbc06135604fd
session_indy_nxt_2025_6447,event_indy_nxt_2025_5489,2025,2025 Music City Grand Prix,Nashville Superspeedway,oval,46,6.0,6.0,0.0,0.0,17,0.6875,green,complete_validated_against_result_lap_counts,official_lap_chart,61e7c0e8ca2682cb606c7604b26f433daf6d95c358be5879e2fdbc06135604fd
session_indy_nxt_2025_6447,event_indy_nxt_2025_5489,2025,2025 Music City Grand Prix,Nashville Superspeedway,oval,47,6.0,6.0,0.0,0.0,17,0.6875,green,complete_validated_against_result_lap_counts,official_lap_chart,61e7c0e8ca2682cb606c7604b26f433daf6d95c358be5879e2fdbc06135604fd
session_indy_nxt_2025_6447,event_indy_nxt_2025_5489,2025,2025 Music City Grand Prix,Nashville Superspeedway,oval,48,6.0,6.0,0.0,0.0,17,0.6875,green,complete_validated_against_result_lap_counts,official_lap_chart,61e7c0e8ca2682cb606c7604b26f433daf6d95c358be5879e2fdbc06135604fd
session_indy_nxt_2025_6447,event_indy_nxt_2025_5489,2025,2025 Music City Grand Prix,Nashville Superspeedway,oval,49,6.0,6.0,0.0,0.0,17,0.6875,green,complete_validated_against_result_lap_counts,official_lap_chart,61e7c0e8ca2682cb606c7604b26f433daf6d95c358be5879e2fdbc06135604fd
session_indy_nxt_2025_6447,event_indy_nxt_2025_5489,2025,2025 Music City Grand Prix,Nashville Superspeedway,oval,50,6.0,6.0,0.0,0.0,16,0.6667,green,complete_validated_against_result_lap_counts,official_lap_chart,61e7c0e8ca2682cb606c7604b26f433daf6d95c358be5879e2fdbc06135604fd
session_indy_nxt_2025_6447,event_indy_nxt_2025_5489,2025,2025 Music City Grand Prix,Nashville Superspeedway,oval,51,6.0,6.0,0.0,0.0,16,0.6667,green,complete_validated_against_result_lap_counts,official_lap_chart,61e7c0e8ca2682cb606c7604b26f433daf6d95c358be5879e2fdbc06135604fd
session_indy_nxt_2025_6447,event_indy_nxt_2025_5489,2025,2025 Music City Grand Prix,Nashville Superspeedway,oval,52,6.0,6.0,0.0,0.0,15,0.6429,green,complete_validated_against_result_lap_counts,official_lap_chart,61e7c0e8ca2682cb606c7604b26f433daf6d95c358be5879e2fdbc06135604fd
session_indy_nxt_2025_6447,event_indy_nxt_2025_5489,2025,2025 Music City Grand Prix,Nashville Superspeedway,oval,53,6.0,6.0,0.0,0.0,15,0.6429,green,complete_validated_against_result_lap_counts,official_lap_chart,61e7c0e8ca2682cb606c7604b26f433daf6d95c358be5879e2fdbc06135604fd
session_indy_nxt_2025_6447,event_indy_nxt_2025_5489,2025,2025 Music City Grand Prix,Nashville Superspeedway,oval,54,6.0,6.0,0.0,0.0,15,0.6429,green,complete_validated_against_result_lap_counts,official_lap_chart,61e7c0e8ca2682cb606c7604b26f433daf6d95c358be5879e2fdbc06135604fd
session_indy_nxt_2025_6447,event_indy_nxt_2025_5489,2025,2025 Music City Grand Prix,Nashville Superspeedway,oval,55,6.0,6.0,0.0,0.0,15,0.6429,green,complete_validated_against_result_lap_counts,official_lap_chart,61e7c0e8ca2682cb606c7604b26f433daf6d95c358be5879e2fdbc06135604fd
session_indy_nxt_2025_6447,event_indy_nxt_2025_5489,2025,2025 Music City Grand Prix,Nashville Superspeedway,oval,56,6.0,6.0,0.0,0.0,14,0.6154,green,complete_validated_against_result_lap_counts,official_lap_chart,61e7c0e8ca2682cb606c7604b26f433daf6d95c358be5879e2fdbc06135604fd
session_indy_nxt_2025_6447,event_indy_nxt_2025_5489,2025,2025 Music City Grand Prix,Nashville Superspeedway,oval,57,6.0,6.0,0.0,0.0,14,0.6154,green,complete_validated_against_result_lap_counts,official_lap_chart,61e7c0e8ca2682cb606c7604b26f433daf6d95c358be5879e2fdbc06135604fd
session_indy_nxt_2025_6447,event_indy_nxt_2025_5489,2025,2025 Music City Grand Prix,Nashville Superspeedway,oval,58,6.0,6.0,0.0,0.0,14,0.6154,green,complete_validated_against_result_lap_counts,official_lap_chart,61e7c0e8ca2682cb606c7604b26f433daf6d95c358be5879e2fdbc06135604fd
session_indy_nxt_2025_6447,event_indy_nxt_2025_5489,2025,2025 Music City Grand Prix,Nashville Superspeedway,oval,59,6.0,6.0,0.0,0.0,14,0.6154,green,complete_validated_against_result_lap_counts,official_lap_chart,61e7c0e8ca2682cb606c7604b26f433daf6d95c358be5879e2fdbc06135604fd
session_indy_nxt_2025_6447,event_indy_nxt_2025_5489,2025,2025 Music City Grand Prix,Nashville Superspeedway,oval,60,6.0,6.0,0.0,0.0,14,0.6154,green,complete_validated_against_result_lap_counts,official_lap_chart,61e7c0e8ca2682cb606c7604b26f433daf6d95c358be5879e2fdbc06135604fd
session_indy_nxt_2025_6447,event_indy_nxt_2025_5489,2025,2025 Music City Grand Prix,Nashville Superspeedway,oval,61,6.0,6.0,0.0,0.0,14,0.6154,green,complete_validated_against_result_lap_counts,official_lap_chart,61e7c0e8ca2682cb606c7604b26f433daf6d95c358be5879e2fdbc06135604fd
session_indy_nxt_2025_6447,event_indy_nxt_2025_5489,2025,2025 Music City Grand Prix,Nashville Superspeedway,oval,62,6.0,6.0,0.0,0.0,14,0.6154,green,complete_validated_against_result_lap_counts,official_lap_chart,61e7c0e8ca2682cb606c7604b26f433daf6d95c358be5879e2fdbc06135604fd
session_indy_nxt_2025_6447,event_indy_nxt_2025_5489,2025,2025 Music City Grand Prix,Nashville Superspeedway,oval,63,6.0,6.0,0.0,0.0,14,0.6154,green,complete_validated_against_result_lap_counts,official_lap_chart,61e7c0e8ca2682cb606c7604b26f433daf6d95c358be5879e2fdbc06135604fd
session_indy_nxt_2025_6447,event_indy_nxt_2025_5489,2025,2025 Music City Grand Prix,Nashville Superspeedway,oval,64,6.0,6.0,0.0,0.0,13,0.5833,green,complete_validated_against_result_lap_counts,official_lap_chart,61e7c0e8ca2682cb606c7604b26f433daf6d95c358be5879e2fdbc06135604fd
session_indy_nxt_2025_6447,event_indy_nxt_2025_5489,2025,2025 Music City Grand Prix,Nashville Superspeedway,oval,65,6.0,6.0,0.0,0.0,13,0.5833,green,complete_validated_against_result_lap_counts,official_lap_chart,61e7c0e8ca2682cb606c7604b26f433daf6d95c358be5879e2fdbc06135604fd
session_indy_nxt_2025_6448,event_indy_nxt_2025_5490,2025,2025 INDY NXT by Firestone at the Milwaukee Mile,The Milwaukee Mile,oval,1,7.0,,,0.0,18,0.6471,green,complete_validated_against_result_lap_counts,official_lap_chart,61e7c0e8ca2682cb606c7604b26f433daf6d95c358be5879e2fdbc06135604fd
session_indy_nxt_2025_6448,event_indy_nxt_2025_5490,2025,2025 INDY NXT by Firestone at the Milwaukee Mile,The Milwaukee Mile,oval,2,8.0,7.0,-1.0,-1.0,18,0.5882,green,complete_validated_against_result_lap_counts,official_lap_chart,61e7c0e8ca2682cb606c7604b26f433daf6d95c358be5879e2fdbc06135604fd
session_indy_nxt_2025_6448,event_indy_nxt_2025_5490,2025,2025 INDY NXT by Firestone at the Milwaukee Mile,The Milwaukee Mile,oval,3,8.0,8.0,0.0,-1.0,18,0.5882,green,complete_validated_against_result_lap_counts,official_lap_chart,61e7c0e8ca2682cb606c7604b26f433daf6d95c358be5879e2fdbc06135604fd
session_indy_nxt_2025_6448,event_indy_nxt_2025_5490,2025,2025 INDY NXT by Firestone at the Milwaukee Mile,The Milwaukee Mile,oval,4,8.0,8.0,0.0,-1.0,18,0.5882,green,complete_validated_against_result_lap_counts,official_lap_chart,61e7c0e8ca2682cb606c7604b26f433daf6d95c358be5879e2fdbc06135604fd
session_indy_nxt_2025_6448,event_indy_nxt_2025_5490,2025,2025 INDY NXT by Firestone at the Milwaukee Mile,The Milwaukee Mile,oval,5,8.0,8.0,0.0,-1.0,18,0.5882,green,complete_validated_against_result_lap_counts,official_lap_chart,61e7c0e8ca2682cb606c7604b26f433daf6d95c358be5879e2fdbc06135604fd
session_indy_nxt_2025_6448,event_indy_nxt_2025_5490,2025,2025 INDY NXT by Firestone at the Milwaukee Mile,The Milwaukee Mile,oval,6,8.0,8.0,0.0,-1.0,18,0.5882,green,complete_validated_against_result_lap_counts,official_lap_chart,61e7c0e8ca2682cb606c7604b26f433daf6d95c358be5879e2fdbc06135604fd
session_indy_nxt_2025_6448,event_indy_nxt_2025_5490,2025,2025 INDY NXT by Firestone at the Milwaukee Mile,The Milwaukee Mile,oval,7,8.0,8.0,0.0,-1.0,18,0.5882,green,complete_validated_against_result_lap_counts,official_lap_chart,61e7c0e8ca2682cb606c7604b26f433daf6d95c358be5879e2fdbc06135604fd
session_indy_nxt_2025_6448,event_indy_nxt_2025_5490,2025,2025 INDY NXT by Firestone at the Milwaukee Mile,The Milwaukee Mile,oval,8,8.0,8.0,0.0,-1.0,18,0.5882,green,complete_validated_against_result_lap_counts,official_lap_chart,61e7c0e8ca2682cb606c7604b26f433daf6d95c358be5879e2fdbc06135604fd
session_indy_nxt_2025_6448,event_indy_nxt_2025_5490,2025,2025 INDY NXT by Firestone at the Milwaukee Mile,The Milwaukee Mile,oval,9,8.0,8.0,0.0,-1.0,18,0.5882,green,complete_validated_against_result_lap_counts,official_lap_chart,61e7c0e8ca2682cb606c7604b26f433daf6d95c358be5879e2fdbc06135604fd
session_indy_nxt_2025_6448,event_indy_nxt_2025_5490,2025,2025 INDY NXT by Firestone at the Milwaukee Mile,The Milwaukee Mile,oval,10,8.0,8.0,0.0,-1.0,18,0.5882,green,complete_validated_against_result_lap_counts,official_lap_chart,61e7c0e8ca2682cb606c7604b26f433daf6d95c358be5879e2fdbc06135604fd
session_indy_nxt_2025_6448,event_indy_nxt_2025_5490,2025,2025 INDY NXT by Firestone at the Milwaukee Mile,The Milwaukee Mile,oval,11,9.0,8.0,-1.0,-2.0,18,0.5294,green,complete_validated_against_result_lap_counts,official_lap_chart,61e7c0e8ca2682cb606c7604b26f433daf6d95c358be5879e2fdbc06135604fd
session_indy_nxt_2025_6448,event_indy_nxt_2025_5490,2025,2025 INDY NXT by Firestone at the Milwaukee Mile,The Milwaukee Mile,oval,12,9.0,9.0,0.0,-2.0,18,0.5294,green,complete_validated_against_result_lap_counts,official_lap_chart,61e7c0e8ca2682cb606c7604b26f433daf6d95c358be5879e2fdbc06135604fd
session_indy_nxt_2025_6448,event_indy_nxt_2025_5490,2025,2025 INDY NXT by Firestone at the Milwaukee Mile,The Milwaukee Mile,oval,13,9.0,9.0,0.0,-2.0,18,0.5294,green,complete_validated_against_result_lap_counts,official_lap_chart,61e7c0e8ca2682cb606c7604b26f433daf6d95c358be5879e2fdbc06135604fd
session_indy_nxt_2025_6448,event_indy_nxt_2025_5490,2025,2025 INDY NXT by Firestone at the Milwaukee Mile,The Milwaukee Mile,oval,14,9.0,9.0,0.0,-2.0,18,0.5294,green,complete_validated_against_result_lap_counts,official_lap_chart,61e7c0e8ca2682cb606c7604b26f433daf6d95c358be5879e2fdbc06135604fd
session_indy_nxt_2025_6448,event_indy_nxt_2025_5490,2025,2025 INDY NXT by Firestone at the Milwaukee Mile,The Milwaukee Mile,oval,15,9.0,9.0,0.0,-2.0,18,0.5294,green,complete_validated_against_result_lap_counts,official_lap_chart,61e7c0e8ca2682cb606c7604b26f433daf6d95c358be5879e2fdbc06135604fd
session_indy_nxt_2025_6448,event_indy_nxt_2025_5490,2025,2025 INDY NXT by Firestone at the Milwaukee Mile,The Milwaukee Mile,oval,16,9.0,9.0,0.0,-2.0,18,0.5294,green,complete_validated_against_result_lap_counts,official_lap_chart,61e7c0e8ca2682cb606c7604b26f433daf6d95c358be5879e2fdbc06135604fd
session_indy_nxt_2025_6448,event_indy_nxt_2025_5490,2025,2025 INDY NXT by Firestone at the Milwaukee Mile,The Milwaukee Mile,oval,17,9.0,9.0,0.0,-2.0,18,0.5294,green,complete_validated_against_result_lap_counts,official_lap_chart,61e7c0e8ca2682cb606c7604b26f433daf6d95c358be5879e2fdbc06135604fd
session_indy_nxt_2025_6448,event_indy_nxt_2025_5490,2025,2025 INDY NXT by Firestone at the Milwaukee Mile,The Milwaukee Mile,oval,18,9.0,9.0,0.0,-2.0,18,0.5294,green,complete_validated_against_result_lap_counts,official_lap_chart,61e7c0e8ca2682cb606c7604b26f433daf6d95c358be5879e2fdbc06135604fd
session_indy_nxt_2025_6448,event_indy_nxt_2025_5490,2025,2025 INDY NXT by Firestone at the Milwaukee Mile,The Milwaukee Mile,oval,19,9.0,9.0,0.0,-2.0,18,0.5294,green,complete_validated_against_result_lap_counts,official_lap_chart,61e7c0e8ca2682cb606c7604b26f433daf6d95c358be5879e2fdbc06135604fd
session_indy_nxt_2025_6448,event_indy_nxt_2025_5490,2025,2025 INDY NXT by Firestone at the Milwaukee Mile,The Milwaukee Mile,oval,20,9.0,9.0,0.0,-2.0,18,0.5294,green,complete_validated_against_result_lap_counts,official_lap_chart,61e7c0e8ca2682cb606c7604b26f433daf6d95c358be5879e2fdbc06135604fd
session_indy_nxt_2025_6448,event_indy_nxt_2025_5490,2025,2025 INDY NXT by Firestone at the Milwaukee Mile,The Milwaukee Mile,oval,21,9.0,9.0,0.0,-2.0,18,0.5294,green,complete_validated_against_result_lap_counts,official_lap_chart,61e7c0e8ca2682cb606c7604b26f433daf6d95c358be5879e2fdbc06135604fd
session_indy_nxt_2025_6448,event_indy_nxt_2025_5490,2025,2025 INDY NXT by Firestone at the Milwaukee Mile,The Milwaukee Mile,oval,22,9.0,9.0,0.0,-2.0,18,0.5294,green,complete_validated_against_result_lap_counts,official_lap_chart,61e7c0e8ca2682cb606c7604b26f433daf6d95c358be5879e2fdbc06135604fd
session_indy_nxt_2025_6448,event_indy_nxt_2025_5490,2025,2025 INDY NXT by Firestone at the Milwaukee Mile,The Milwaukee Mile,oval,23,9.0,9.0,0.0,-2.0,18,0.5294,green,complete_validated_against_result_lap_counts,official_lap_chart,61e7c0e8ca2682cb606c7604b26f433daf6d95c358be5879e2fdbc06135604fd
session_indy_nxt_2025_6448,event_indy_nxt_2025_5490,2025,2025 INDY NXT by Firestone at the Milwaukee Mile,The Milwaukee Mile,oval,24,9.0,9.0,0.0,-2.0,18,0.5294,green,complete_validated_against_result_lap_counts,official_lap_chart,61e7c0e8ca2682cb606c7604b26f433daf6d95c358be5879e2fdbc06135604fd
session_indy_nxt_2025_6448,event_indy_nxt_2025_5490,2025,2025 INDY NXT by Firestone at the Milwaukee Mile,The Milwaukee Mile,oval,25,9.0,9.0,0.0,-2.0,18,0.5294,green,complete_validated_against_result_lap_counts,official_lap_chart,61e7c0e8ca2682cb606c7604b26f433daf6d95c358be5879e2fdbc06135604fd
session_indy_nxt_2025_6448,event_indy_nxt_2025_5490,2025,2025 INDY NXT by Firestone at the Milwaukee Mile,The Milwaukee Mile,oval,26,9.0,9.0,0.0,-2.0,18,0.5294,green,complete_validated_against_result_lap_counts,official_lap_chart,61e7c0e8ca2682cb606c7604b26f433daf6d95c358be5879e2fdbc06135604fd
session_indy_nxt_2025_6448,event_indy_nxt_2025_5490,2025,2025 INDY NXT by Firestone at the Milwaukee Mile,The Milwaukee Mile,oval,27,9.0,9.0,0.0,-2.0,18,0.5294,green,complete_validated_against_result_lap_counts,official_lap_chart,61e7c0e8ca2682cb606c7604b26f433daf6d95c358be5879e2fdbc06135604fd
session_indy_nxt_2025_6448,event_indy_nxt_2025_5490,2025,2025 INDY NXT by Firestone at the Milwaukee Mile,The Milwaukee Mile,oval,28,9.0,9.0,0.0,-2.0,18,0.5294,green,complete_validated_against_result_lap_counts,official_lap_chart,61e7c0e8ca2682cb606c7604b26f433daf6d95c358be5879e2fdbc06135604fd
session_indy_nxt_2025_6448,event_indy_nxt_2025_5490,2025,2025 INDY NXT by Firestone at the Milwaukee Mile,The Milwaukee Mile,oval,29,9.0,9.0,0.0,-2.0,18,0.5294,green,complete_validated_against_result_lap_counts,official_lap_chart,61e7c0e8ca2682cb606c7604b26f433daf6d95c358be5879e2fdbc06135604fd
session_indy_nxt_2025_6448,event_indy_nxt_2025_5490,2025,2025 INDY NXT by Firestone at the Milwaukee Mile,The Milwaukee Mile,oval,30,9.0,9.0,0.0,-2.0,18,0.5294,green,complete_validated_against_result_lap_counts,official_lap_chart,61e7c0e8ca2682cb606c7604b26f433daf6d95c358be5879e2fdbc06135604fd
session_indy_nxt_2025_6448,event_indy_nxt_2025_5490,2025,2025 INDY NXT by Firestone at the Milwaukee Mile,The Milwaukee Mile,oval,31,9.0,9.0,0.0,-2.0,18,0.5294,green,complete_validated_against_result_lap_counts,official_lap_chart,61e7c0e8ca2682cb606c7604b26f433daf6d95c358be5879e2fdbc06135604fd
session_indy_nxt_2025_6448,event_indy_nxt_2025_5490,2025,2025 INDY NXT by Firestone at the Milwaukee Mile,The Milwaukee Mile,oval,32,9.0,9.0,0.0,-2.0,18,0.5294,green,complete_validated_against_result_lap_counts,official_lap_chart,61e7c0e8ca2682cb606c7604b26f433daf6d95c358be5879e2fdbc06135604fd
session_indy_nxt_2025_6448,event_indy_nxt_2025_5490,2025,2025 INDY NXT by Firestone at the Milwaukee Mile,The Milwaukee Mile,oval,33,9.0,9.0,0.0,-2.0,18,0.5294,green,complete_validated_against_result_lap_counts,official_lap_chart,61e7c0e8ca2682cb606c7604b26f433daf6d95c358be5879e2fdbc06135604fd
session_indy_nxt_2025_6448,event_indy_nxt_2025_5490,2025,2025 INDY NXT by Firestone at the Milwaukee Mile,The Milwaukee Mile,oval,34,9.0,9.0,0.0,-2.0,18,0.5294,green,complete_validated_against_result_lap_counts,official_lap_chart,61e7c0e8ca2682cb606c7604b26f433daf6d95c358be5879e2fdbc06135604fd
session_indy_nxt_2025_6448,event_indy_nxt_2025_5490,2025,2025 INDY NXT by Firestone at the Milwaukee Mile,The Milwaukee Mile,oval,35,9.0,9.0,0.0,-2.0,18,0.5294,green,complete_validated_against_result_lap_counts,official_lap_chart,61e7c0e8ca2682cb606c7604b26f433daf6d95c358be5879e2fdbc06135604fd
session_indy_nxt_2025_6448,event_indy_nxt_2025_5490,2025,2025 INDY NXT by Firestone at the Milwaukee Mile,The Milwaukee Mile,oval,36,9.0,9.0,0.0,-2.0,18,0.5294,green,complete_validated_against_result_lap_counts,official_lap_chart,61e7c0e8ca2682cb606c7604b26f433daf6d95c358be5879e2fdbc06135604fd
session_indy_nxt_2025_6448,event_indy_nxt_2025_5490,2025,2025 INDY NXT by Firestone at the Milwaukee Mile,The Milwaukee Mile,oval,37,9.0,9.0,0.0,-2.0,18,0.5294,green,complete_validated_against_result_lap_counts,official_lap_chart,61e7c0e8ca2682cb606c7604b26f433daf6d95c358be5879e2fdbc06135604fd
session_indy_nxt_2025_6448,event_indy_nxt_2025_5490,2025,2025 INDY NXT by Firestone at the Milwaukee Mile,The Milwaukee Mile,oval,38,9.0,9.0,0.0,-2.0,18,0.5294,green,complete_validated_against_result_lap_counts,official_lap_chart,61e7c0e8ca2682cb606c7604b26f433daf6d95c358be5879e2fdbc06135604fd
session_indy_nxt_2025_6448,event_indy_nxt_2025_5490,2025,2025 INDY NXT by Firestone at the Milwaukee Mile,The Milwaukee Mile,oval,39,9.0,9.0,0.0,-2.0,18,0.5294,green,complete_validated_against_result_lap_counts,official_lap_chart,61e7c0e8ca2682cb606c7604b26f433daf6d95c358be5879e2fdbc06135604fd
session_indy_nxt_2025_6448,event_indy_nxt_2025_5490,2025,2025 INDY NXT by Firestone at the Milwaukee Mile,The Milwaukee Mile,oval,40,8.0,9.0,1.0,-1.0,17,0.5625,green,complete_validated_against_result_lap_counts,official_lap_chart,61e7c0e8ca2682cb606c7604b26f433daf6d95c358be5879e2fdbc06135604fd
session_indy_nxt_2025_6448,event_indy_nxt_2025_5490,2025,2025 INDY NXT by Firestone at the Milwaukee Mile,The Milwaukee Mile,oval,41,8.0,8.0,0.0,-1.0,17,0.5625,green,complete_validated_against_result_lap_counts,official_lap_chart,61e7c0e8ca2682cb606c7604b26f433daf6d95c358be5879e2fdbc06135604fd
session_indy_nxt_2025_6448,event_indy_nxt_2025_5490,2025,2025 INDY NXT by Firestone at the Milwaukee Mile,The Milwaukee Mile,oval,42,8.0,8.0,0.0,-1.0,17,0.5625,green,complete_validated_against_result_lap_counts,official_lap_chart,61e7c0e8ca2682cb606c7604b26f433daf6d95c358be5879e2fdbc06135604fd
session_indy_nxt_2025_6448,event_indy_nxt_2025_5490,2025,2025 INDY NXT by Firestone at the Milwaukee Mile,The Milwaukee Mile,oval,43,8.0,8.0,0.0,-1.0,17,0.5625,green,complete_validated_against_result_lap_counts,official_lap_chart,61e7c0e8ca2682cb606c7604b26f433daf6d95c358be5879e2fdbc06135604fd
session_indy_nxt_2025_6448,event_indy_nxt_2025_5490,2025,2025 INDY NXT by Firestone at the Milwaukee Mile,The Milwaukee Mile,oval,44,8.0,8.0,0.0,-1.0,17,0.5625,green,complete_validated_against_result_lap_counts,official_lap_chart,61e7c0e8ca2682cb606c7604b26f433daf6d95c358be5879e2fdbc06135604fd
session_indy_nxt_2025_6448,event_indy_nxt_2025_5490,2025,2025 INDY NXT by Firestone at the Milwaukee Mile,The Milwaukee Mile,oval,45,8.0,8.0,0.0,-1.0,17,0.5625,green,complete_validated_against_result_lap_counts,official_lap_chart,61e7c0e8ca2682cb606c7604b26f433daf6d95c358be5879e2fdbc06135604fd
session_indy_nxt_2025_6448,event_indy_nxt_2025_5490,2025,2025 INDY NXT by Firestone at the Milwaukee Mile,The Milwaukee Mile,oval,46,8.0,8.0,0.0,-1.0,17,0.5625,green,complete_validated_against_result_lap_counts,official_lap_chart,61e7c0e8ca2682cb606c7604b26f433daf6d95c358be5879e2fdbc06135604fd
session_indy_nxt_2025_6448,event_indy_nxt_2025_5490,2025,2025 INDY NXT by Firestone at the Milwaukee Mile,The Milwaukee Mile,oval,47,8.0,8.0,0.0,-1.0,16,0.5333,caution,complete_validated_against_result_lap_counts,official_lap_chart,61e7c0e8ca2682cb606c7604b26f433daf6d95c358be5879e2fdbc06135604fd
session_indy_nxt_2025_6448,event_indy_nxt_2025_5490,2025,2025 INDY NXT by Firestone at the Milwaukee Mile,The Milwaukee Mile,oval,48,8.0,8.0,0.0,-1.0,16,0.5333,caution,complete_validated_against_result_lap_counts,official_lap_chart,61e7c0e8ca2682cb606c7604b26f433daf6d95c358be5879e2fdbc06135604fd
session_indy_nxt_2025_6448,event_indy_nxt_2025_5490,2025,2025 INDY NXT by Firestone at the Milwaukee Mile,The Milwaukee Mile,oval,49,8.0,8.0,0.0,-1.0,16,0.5333,caution,complete_validated_against_result_lap_counts,official_lap_chart,61e7c0e8ca2682cb606c7604b26f433daf6d95c358be5879e2fdbc06135604fd
session_indy_nxt_2025_6448,event_indy_nxt_2025_5490,2025,2025 INDY NXT by Firestone at the Milwaukee Mile,The Milwaukee Mile,oval,50,8.0,8.0,0.0,-1.0,16,0.5333,caution,complete_validated_against_result_lap_counts,official_lap_chart,61e7c0e8ca2682cb606c7604b26f433daf6d95c358be5879e2fdbc06135604fd
session_indy_nxt_2025_6448,event_indy_nxt_2025_5490,2025,2025 INDY NXT by Firestone at the Milwaukee Mile,The Milwaukee Mile,oval,51,8.0,8.0,0.0,-1.0,16,0.5333,caution,complete_validated_against_result_lap_counts,official_lap_chart,61e7c0e8ca2682cb606c7604b26f433daf6d95c358be5879e2fdbc06135604fd
session_indy_nxt_2025_6448,event_indy_nxt_2025_5490,2025,2025 INDY NXT by Firestone at the Milwaukee Mile,The Milwaukee Mile,oval,52,8.0,8.0,0.0,-1.0,16,0.5333,caution,complete_validated_against_result_lap_counts,official_lap_chart,61e7c0e8ca2682cb606c7604b26f433daf6d95c358be5879e2fdbc06135604fd
session_indy_nxt_2025_6448,event_indy_nxt_2025_5490,2025,2025 INDY NXT by Firestone at the Milwaukee Mile,The Milwaukee Mile,oval,53,7.0,8.0,1.0,0.0,16,0.6,restart_lap,complete_validated_against_result_lap_counts,official_lap_chart,61e7c0e8ca2682cb606c7604b26f433daf6d95c358be5879e2fdbc06135604fd
session_indy_nxt_2025_6448,event_indy_nxt_2025_5490,2025,2025 INDY NXT by Firestone at the Milwaukee Mile,The Milwaukee Mile,oval,54,6.0,7.0,1.0,1.0,16,0.6667,green,complete_validated_against_result_lap_counts,official_lap_chart,61e7c0e8ca2682cb606c7604b26f433daf6d95c358be5879e2fdbc06135604fd
session_indy_nxt_2025_6448,event_indy_nxt_2025_5490,2025,2025 INDY NXT by Firestone at the Milwaukee Mile,The Milwaukee Mile,oval,55,5.0,6.0,1.0,2.0,16,0.7333,green,complete_validated_against_result_lap_counts,official_lap_chart,61e7c0e8ca2682cb606c7604b26f433daf6d95c358be5879e2fdbc06135604fd
session_indy_nxt_2025_6448,event_indy_nxt_2025_5490,2025,2025 INDY NXT by Firestone at the Milwaukee Mile,The Milwaukee Mile,oval,56,5.0,5.0,0.0,2.0,16,0.7333,green,complete_validated_against_result_lap_counts,official_lap_chart,61e7c0e8ca2682cb606c7604b26f433daf6d95c358be5879e2fdbc06135604fd
session_indy_nxt_2025_6448,event_indy_nxt_2025_5490,2025,2025 INDY NXT by Firestone at the Milwaukee Mile,The Milwaukee Mile,oval,57,5.0,5.0,0.0,2.0,16,0.7333,green,complete_validated_against_result_lap_counts,official_lap_chart,61e7c0e8ca2682cb606c7604b26f433daf6d95c358be5879e2fdbc06135604fd
session_indy_nxt_2025_6448,event_indy_nxt_2025_5490,2025,2025 INDY NXT by Firestone at the Milwaukee Mile,The Milwaukee Mile,oval,58,5.0,5.0,0.0,2.0,16,0.7333,green,complete_validated_against_result_lap_counts,official_lap_chart,61e7c0e8ca2682cb606c7604b26f433daf6d95c358be5879e2fdbc06135604fd
session_indy_nxt_2025_6448,event_indy_nxt_2025_5490,2025,2025 INDY NXT by Firestone at the Milwaukee Mile,The Milwaukee Mile,oval,59,5.0,5.0,0.0,2.0,16,0.7333,green,complete_validated_against_result_lap_counts,official_lap_chart,61e7c0e8ca2682cb606c7604b26f433daf6d95c358be5879e2fdbc06135604fd
session_indy_nxt_2025_6448,event_indy_nxt_2025_5490,2025,2025 INDY NXT by Firestone at the Milwaukee Mile,The Milwaukee Mile,oval,60,5.0,5.0,0.0,2.0,16,0.7333,green,complete_validated_against_result_lap_counts,official_lap_chart,61e7c0e8ca2682cb606c7604b26f433daf6d95c358be5879e2fdbc06135604fd
session_indy_nxt_2025_6448,event_indy_nxt_2025_5490,2025,2025 INDY NXT by Firestone at the Milwaukee Mile,The Milwaukee Mile,oval,61,5.0,5.0,0.0,2.0,16,0.7333,green,complete_validated_against_result_lap_counts,official_lap_chart,61e7c0e8ca2682cb606c7604b26f433daf6d95c358be5879e2fdbc06135604fd
session_indy_nxt_2025_6448,event_indy_nxt_2025_5490,2025,2025 INDY NXT by Firestone at the Milwaukee Mile,The Milwaukee Mile,oval,62,5.0,5.0,0.0,2.0,16,0.7333,green,complete_validated_against_result_lap_counts,official_lap_chart,61e7c0e8ca2682cb606c7604b26f433daf6d95c358be5879e2fdbc06135604fd
session_indy_nxt_2025_6448,event_indy_nxt_2025_5490,2025,2025 INDY NXT by Firestone at the Milwaukee Mile,The Milwaukee Mile,oval,63,5.0,5.0,0.0,2.0,16,0.7333,green,complete_validated_against_result_lap_counts,official_lap_chart,61e7c0e8ca2682cb606c7604b26f433daf6d95c358be5879e2fdbc06135604fd
session_indy_nxt_2025_6448,event_indy_nxt_2025_5490,2025,2025 INDY NXT by Firestone at the Milwaukee Mile,The Milwaukee Mile,oval,64,5.0,5.0,0.0,2.0,16,0.7333,green,complete_validated_against_result_lap_counts,official_lap_chart,61e7c0e8ca2682cb606c7604b26f433daf6d95c358be5879e2fdbc06135604fd
session_indy_nxt_2025_6448,event_indy_nxt_2025_5490,2025,2025 INDY NXT by Firestone at the Milwaukee Mile,The Milwaukee Mile,oval,65,5.0,5.0,0.0,2.0,15,0.7143,green,complete_validated_against_result_lap_counts,official_lap_chart,61e7c0e8ca2682cb606c7604b26f433daf6d95c358be5879e2fdbc06135604fd
session_indy_nxt_2025_6448,event_indy_nxt_2025_5490,2025,2025 INDY NXT by Firestone at the Milwaukee Mile,The Milwaukee Mile,oval,66,5.0,5.0,0.0,2.0,15,0.7143,green,complete_validated_against_result_lap_counts,official_lap_chart,61e7c0e8ca2682cb606c7604b26f433daf6d95c358be5879e2fdbc06135604fd
session_indy_nxt_2025_6448,event_indy_nxt_2025_5490,2025,2025 INDY NXT by Firestone at the Milwaukee Mile,The Milwaukee Mile,oval,67,5.0,5.0,0.0,2.0,15,0.7143,green,complete_validated_against_result_lap_counts,official_lap_chart,61e7c0e8ca2682cb606c7604b26f433daf6d95c358be5879e2fdbc06135604fd
session_indy_nxt_2025_6448,event_indy_nxt_2025_5490,2025,2025 INDY NXT by Firestone at the Milwaukee Mile,The Milwaukee Mile,oval,68,5.0,5.0,0.0,2.0,15,0.7143,green,complete_validated_against_result_lap_counts,official_lap_chart,61e7c0e8ca2682cb606c7604b26f433daf6d95c358be5879e2fdbc06135604fd
session_indy_nxt_2025_6448,event_indy_nxt_2025_5490,2025,2025 INDY NXT by Firestone at the Milwaukee Mile,The Milwaukee Mile,oval,69,5.0,5.0,0.0,2.0,15,0.7143,green,complete_validated_against_result_lap_counts,official_lap_chart,61e7c0e8ca2682cb606c7604b26f433daf6d95c358be5879e2fdbc06135604fd
session_indy_nxt_2025_6448,event_indy_nxt_2025_5490,2025,2025 INDY NXT by Firestone at the Milwaukee Mile,The Milwaukee Mile,oval,70,5.0,5.0,0.0,2.0,15,0.7143,green,complete_validated_against_result_lap_counts,official_lap_chart,61e7c0e8ca2682cb606c7604b26f433daf6d95c358be5879e2fdbc06135604fd
session_indy_nxt_2025_6448,event_indy_nxt_2025_5490,2025,2025 INDY NXT by Firestone at the Milwaukee Mile,The Milwaukee Mile,oval,71,5.0,5.0,0.0,2.0,15,0.7143,green,complete_validated_against_result_lap_counts,official_lap_chart,61e7c0e8ca2682cb606c7604b26f433daf6d95c358be5879e2fdbc06135604fd
session_indy_nxt_2025_6448,event_indy_nxt_2025_5490,2025,2025 INDY NXT by Firestone at the Milwaukee Mile,The Milwaukee Mile,oval,72,5.0,5.0,0.0,2.0,15,0.7143,green,complete_validated_against_result_lap_counts,official_lap_chart,61e7c0e8ca2682cb606c7604b26f433daf6d95c358be5879e2fdbc06135604fd
session_indy_nxt_2025_6448,event_indy_nxt_2025_5490,2025,2025 INDY NXT by Firestone at the Milwaukee Mile,The Milwaukee Mile,oval,73,5.0,5.0,0.0,2.0,15,0.7143,green,complete_validated_against_result_lap_counts,official_lap_chart,61e7c0e8ca2682cb606c7604b26f433daf6d95c358be5879e2fdbc06135604fd
session_indy_nxt_2025_6448,event_indy_nxt_2025_5490,2025,2025 INDY NXT by Firestone at the Milwaukee Mile,The Milwaukee Mile,oval,74,5.0,5.0,0.0,2.0,15,0.7143,green,complete_validated_against_result_lap_counts,official_lap_chart,61e7c0e8ca2682cb606c7604b26f433daf6d95c358be5879e2fdbc06135604fd
session_indy_nxt_2025_6448,event_indy_nxt_2025_5490,2025,2025 INDY NXT by Firestone at the Milwaukee Mile,The Milwaukee Mile,oval,75,5.0,5.0,0.0,2.0,15,0.7143,green,complete_validated_against_result_lap_counts,official_lap_chart,61e7c0e8ca2682cb606c7604b26f433daf6d95c358be5879e2fdbc06135604fd
session_indy_nxt_2025_6448,event_indy_nxt_2025_5490,2025,2025 INDY NXT by Firestone at the Milwaukee Mile,The Milwaukee Mile,oval,76,5.0,5.0,0.0,2.0,15,0.7143,green,complete_validated_against_result_lap_counts,official_lap_chart,61e7c0e8ca2682cb606c7604b26f433daf6d95c358be5879e2fdbc06135604fd
session_indy_nxt_2025_6448,event_indy_nxt_2025_5490,2025,2025 INDY NXT by Firestone at the Milwaukee Mile,The Milwaukee Mile,oval,77,5.0,5.0,0.0,2.0,15,0.7143,green,complete_validated_against_result_lap_counts,official_lap_chart,61e7c0e8ca2682cb606c7604b26f433daf6d95c358be5879e2fdbc06135604fd
session_indy_nxt_2025_6448,event_indy_nxt_2025_5490,2025,2025 INDY NXT by Firestone at the Milwaukee Mile,The Milwaukee Mile,oval,78,5.0,5.0,0.0,2.0,14,0.6923,green,complete_validated_against_result_lap_counts,official_lap_chart,61e7c0e8ca2682cb606c7604b26f433daf6d95c358be5879e2fdbc06135604fd
session_indy_nxt_2025_6448,event_indy_nxt_2025_5490,2025,2025 INDY NXT by Firestone at the Milwaukee Mile,The Milwaukee Mile,oval,79,5.0,5.0,0.0,2.0,14,0.6923,green,complete_validated_against_result_lap_counts,official_lap_chart,61e7c0e8ca2682cb606c7604b26f433daf6d95c358be5879e2fdbc06135604fd
session_indy_nxt_2025_6448,event_indy_nxt_2025_5490,2025,2025 INDY NXT by Firestone at the Milwaukee Mile,The Milwaukee Mile,oval,80,5.0,5.0,0.0,2.0,14,0.6923,green,complete_validated_against_result_lap_counts,official_lap_chart,61e7c0e8ca2682cb606c7604b26f433daf6d95c358be5879e2fdbc06135604fd
session_indy_nxt_2025_6448,event_indy_nxt_2025_5490,2025,2025 INDY NXT by Firestone at the Milwaukee Mile,The Milwaukee Mile,oval,81,5.0,5.0,0.0,2.0,14,0.6923,green,complete_validated_against_result_lap_counts,official_lap_chart,61e7c0e8ca2682cb606c7604b26f433daf6d95c358be5879e2fdbc06135604fd
session_indy_nxt_2025_6448,event_indy_nxt_2025_5490,2025,2025 INDY NXT by Firestone at the Milwaukee Mile,The Milwaukee Mile,oval,82,5.0,5.0,0.0,2.0,14,0.6923,green,complete_validated_against_result_lap_counts,official_lap_chart,61e7c0e8ca2682cb606c7604b26f433daf6d95c358be5879e2fdbc06135604fd
session_indy_nxt_2025_6448,event_indy_nxt_2025_5490,2025,2025 INDY NXT by Firestone at the Milwaukee Mile,The Milwaukee Mile,oval,83,5.0,5.0,0.0,2.0,14,0.6923,green,complete_validated_against_result_lap_counts,official_lap_chart,61e7c0e8ca2682cb606c7604b26f433daf6d95c358be5879e2fdbc06135604fd
session_indy_nxt_2025_6448,event_indy_nxt_2025_5490,2025,2025 INDY NXT by Firestone at the Milwaukee Mile,The Milwaukee Mile,oval,84,5.0,5.0,0.0,2.0,14,0.6923,green,complete_validated_against_result_lap_counts,official_lap_chart,61e7c0e8ca2682cb606c7604b26f433daf6d95c358be5879e2fdbc06135604fd
session_indy_nxt_2025_6448,event_indy_nxt_2025_5490,2025,2025 INDY NXT by Firestone at the Milwaukee Mile,The Milwaukee Mile,oval,85,5.0,5.0,0.0,2.0,14,0.6923,green,complete_validated_against_result_lap_counts,official_lap_chart,61e7c0e8ca2682cb606c7604b26f433daf6d95c358be5879e2fdbc06135604fd
session_indy_nxt_2025_6448,event_indy_nxt_2025_5490,2025,2025 INDY NXT by Firestone at the Milwaukee Mile,The Milwaukee Mile,oval,86,5.0,5.0,0.0,2.0,14,0.6923,green,complete_validated_against_result_lap_counts,official_lap_chart,61e7c0e8ca2682cb606c7604b26f433daf6d95c358be5879e2fdbc06135604fd
session_indy_nxt_2025_6448,event_indy_nxt_2025_5490,2025,2025 INDY NXT by Firestone at the Milwaukee Mile,The Milwaukee Mile,oval,87,5.0,5.0,0.0,2.0,14,0.6923,green,complete_validated_against_result_lap_counts,official_lap_chart,61e7c0e8ca2682cb606c7604b26f433daf6d95c358be5879e2fdbc06135604fd
session_indy_nxt_2025_6448,event_indy_nxt_2025_5490,2025,2025 INDY NXT by Firestone at the Milwaukee Mile,The Milwaukee Mile,oval,88,5.0,5.0,0.0,2.0,14,0.6923,green,complete_validated_against_result_lap_counts,official_lap_chart,61e7c0e8ca2682cb606c7604b26f433daf6d95c358be5879e2fdbc06135604fd
session_indy_nxt_2025_6448,event_indy_nxt_2025_5490,2025,2025 INDY NXT by Firestone at the Milwaukee Mile,The Milwaukee Mile,oval,89,5.0,5.0,0.0,2.0,14,0.6923,green,complete_validated_against_result_lap_counts,official_lap_chart,61e7c0e8ca2682cb606c7604b26f433daf6d95c358be5879e2fdbc06135604fd
session_indy_nxt_2025_6448,event_indy_nxt_2025_5490,2025,2025 INDY NXT by Firestone at the Milwaukee Mile,The Milwaukee Mile,oval,90,5.0,5.0,0.0,2.0,11,0.6,green,complete_validated_against_result_lap_counts,official_lap_chart,61e7c0e8ca2682cb606c7604b26f433daf6d95c358be5879e2fdbc06135604fd
session_indy_nxt_2025_6451,event_indy_nxt_2025_5493,2025,2025 INDY NXT by Firestone at Iowa Speedway,Iowa Speedway,oval,1,14.0,,,0.0,19,0.2778,green,partial_visible_laps_only,official_lap_chart,61e7c0e8ca2682cb606c7604b26f433daf6d95c358be5879e2fdbc06135604fd
session_indy_nxt_2025_6451,event_indy_nxt_2025_5493,2025,2025 INDY NXT by Firestone at Iowa Speedway,Iowa Speedway,oval,2,13.0,14.0,1.0,1.0,19,0.3333,green,partial_visible_laps_only,official_lap_chart,61e7c0e8ca2682cb606c7604b26f433daf6d95c358be5879e2fdbc06135604fd
session_indy_nxt_2025_6451,event_indy_nxt_2025_5493,2025,2025 INDY NXT by Firestone at Iowa Speedway,Iowa Speedway,oval,3,13.0,13.0,0.0,1.0,19,0.3333,green,partial_visible_laps_only,official_lap_chart,61e7c0e8ca2682cb606c7604b26f433daf6d95c358be5879e2fdbc06135604fd
session_indy_nxt_2025_6451,event_indy_nxt_2025_5493,2025,2025 INDY NXT by Firestone at Iowa Speedway,Iowa Speedway,oval,4,13.0,13.0,0.0,1.0,19,0.3333,green,partial_visible_laps_only,official_lap_chart,61e7c0e8ca2682cb606c7604b26f433daf6d95c358be5879e2fdbc06135604fd
session_indy_nxt_2025_6451,event_indy_nxt_2025_5493,2025,2025 INDY NXT by Firestone at Iowa Speedway,Iowa Speedway,oval,5,13.0,13.0,0.0,1.0,19,0.3333,green,partial_visible_laps_only,official_lap_chart,61e7c0e8ca2682cb606c7604b26f433daf6d95c358be5879e2fdbc06135604fd
session_indy_nxt_2025_6451,event_indy_nxt_2025_5493,2025,2025 INDY NXT by Firestone at Iowa Speedway,Iowa Speedway,oval,6,13.0,13.0,0.0,1.0,19,0.3333,green,partial_visible_laps_only,official_lap_chart,61e7c0e8ca2682cb606c7604b26f433daf6d95c358be5879e2fdbc06135604fd
session_indy_nxt_2025_6451,event_indy_nxt_2025_5493,2025,2025 INDY NXT by Firestone at Iowa Speedway,Iowa Speedway,oval,7,13.0,13.0,0.0,1.0,19,0.3333,green,partial_visible_laps_only,official_lap_chart,61e7c0e8ca2682cb606c7604b26f433daf6d95c358be5879e2fdbc06135604fd
session_indy_nxt_2025_6451,event_indy_nxt_2025_5493,2025,2025 INDY NXT by Firestone at Iowa Speedway,Iowa Speedway,oval,8,13.0,13.0,0.0,1.0,19,0.3333,green,partial_visible_laps_only,official_lap_chart,61e7c0e8ca2682cb606c7604b26f433daf6d95c358be5879e2fdbc06135604fd
session_indy_nxt_2025_6451,event_indy_nxt_2025_5493,2025,2025 INDY NXT by Firestone at Iowa Speedway,Iowa Speedway,oval,9,13.0,13.0,0.0,1.0,19,0.3333,green,partial_visible_laps_only,official_lap_chart,61e7c0e8ca2682cb606c7604b26f433daf6d95c358be5879e2fdbc06135604fd
session_indy_nxt_2025_6451,event_indy_nxt_2025_5493,2025,2025 INDY NXT by Firestone at Iowa Speedway,Iowa Speedway,oval,10,13.0,13.0,0.0,1.0,19,0.3333,green,partial_visible_laps_only,official_lap_chart,61e7c0e8ca2682cb606c7604b26f433daf6d95c358be5879e2fdbc06135604fd
session_indy_nxt_2025_6451,event_indy_nxt_2025_5493,2025,2025 INDY NXT by Firestone at Iowa Speedway,Iowa Speedway,oval,11,13.0,13.0,0.0,1.0,19,0.3333,green,partial_visible_laps_only,official_lap_chart,61e7c0e8ca2682cb606c7604b26f433daf6d95c358be5879e2fdbc06135604fd
session_indy_nxt_2025_6451,event_indy_nxt_2025_5493,2025,2025 INDY NXT by Firestone at Iowa Speedway,Iowa Speedway,oval,12,12.0,13.0,1.0,2.0,19,0.3889,green,partial_visible_laps_only,official_lap_chart,61e7c0e8ca2682cb606c7604b26f433daf6d95c358be5879e2fdbc06135604fd
session_indy_nxt_2025_6451,event_indy_nxt_2025_5493,2025,2025 INDY NXT by Firestone at Iowa Speedway,Iowa Speedway,oval,13,12.0,12.0,0.0,2.0,19,0.3889,green,partial_visible_laps_only,official_lap_chart,61e7c0e8ca2682cb606c7604b26f433daf6d95c358be5879e2fdbc06135604fd
session_indy_nxt_2025_6451,event_indy_nxt_2025_5493,2025,2025 INDY NXT by Firestone at Iowa Speedway,Iowa Speedway,oval,14,12.0,12.0,0.0,2.0,19,0.3889,green,partial_visible_laps_only,official_lap_chart,61e7c0e8ca2682cb606c7604b26f433daf6d95c358be5879e2fdbc06135604fd
session_indy_nxt_2025_6451,event_indy_nxt_2025_5493,2025,2025 INDY NXT by Firestone at Iowa Speedway,Iowa Speedway,oval,15,12.0,12.0,0.0,2.0,19,0.3889,green,partial_visible_laps_only,official_lap_chart,61e7c0e8ca2682cb606c7604b26f433daf6d95c358be5879e2fdbc06135604fd
session_indy_nxt_2025_6451,event_indy_nxt_2025_5493,2025,2025 INDY NXT by Firestone at Iowa Speedway,Iowa Speedway,oval,16,12.0,12.0,0.0,2.0,19,0.3889,green,partial_visible_laps_only,official_lap_chart,61e7c0e8ca2682cb606c7604b26f433daf6d95c358be5879e2fdbc06135604fd
session_indy_nxt_2025_6451,event_indy_nxt_2025_5493,2025,2025 INDY NXT by Firestone at Iowa Speedway,Iowa Speedway,oval,17,12.0,12.0,0.0,2.0,19,0.3889,green,partial_visible_laps_only,official_lap_chart,61e7c0e8ca2682cb606c7604b26f433daf6d95c358be5879e2fdbc06135604fd
session_indy_nxt_2025_6451,event_indy_nxt_2025_5493,2025,2025 INDY NXT by Firestone at Iowa Speedway,Iowa Speedway,oval,18,12.0,12.0,0.0,2.0,19,0.3889,green,partial_visible_laps_only,official_lap_chart,61e7c0e8ca2682cb606c7604b26f433daf6d95c358be5879e2fdbc06135604fd
session_indy_nxt_2025_6451,event_indy_nxt_2025_5493,2025,2025 INDY NXT by Firestone at Iowa Speedway,Iowa Speedway,oval,19,12.0,12.0,0.0,2.0,19,0.3889,green,partial_visible_laps_only,official_lap_chart,61e7c0e8ca2682cb606c7604b26f433daf6d95c358be5879e2fdbc06135604fd
session_indy_nxt_2025_6451,event_indy_nxt_2025_5493,2025,2025 INDY NXT by Firestone at Iowa Speedway,Iowa Speedway,oval,20,12.0,12.0,0.0,2.0,19,0.3889,green,partial_visible_laps_only,official_lap_chart,61e7c0e8ca2682cb606c7604b26f433daf6d95c358be5879e2fdbc06135604fd
session_indy_nxt_2025_6451,event_indy_nxt_2025_5493,2025,2025 INDY NXT by Firestone at Iowa Speedway,Iowa Speedway,oval,21,12.0,12.0,0.0,2.0,19,0.3889,green,partial_visible_laps_only,official_lap_chart,61e7c0e8ca2682cb606c7604b26f433daf6d95c358be5879e2fdbc06135604fd
session_indy_nxt_2025_6451,event_indy_nxt_2025_5493,2025,2025 INDY NXT by Firestone at Iowa Speedway,Iowa Speedway,oval,22,12.0,12.0,0.0,2.0,19,0.3889,green,partial_visible_laps_only,official_lap_chart,61e7c0e8ca2682cb606c7604b26f433daf6d95c358be5879e2fdbc06135604fd
session_indy_nxt_2025_6451,event_indy_nxt_2025_5493,2025,2025 INDY NXT by Firestone at Iowa Speedway,Iowa Speedway,oval,23,12.0,12.0,0.0,2.0,19,0.3889,green,partial_visible_laps_only,official_lap_chart,61e7c0e8ca2682cb606c7604b26f433daf6d95c358be5879e2fdbc06135604fd
session_indy_nxt_2025_6451,event_indy_nxt_2025_5493,2025,2025 INDY NXT by Firestone at Iowa Speedway,Iowa Speedway,oval,24,12.0,12.0,0.0,2.0,19,0.3889,green,partial_visible_laps_only,official_lap_chart,61e7c0e8ca2682cb606c7604b26f433daf6d95c358be5879e2fdbc06135604fd
session_indy_nxt_2025_6451,event_indy_nxt_2025_5493,2025,2025 INDY NXT by Firestone at Iowa Speedway,Iowa Speedway,oval,25,11.0,12.0,1.0,3.0,18,0.4118,green,partial_visible_laps_only,official_lap_chart,61e7c0e8ca2682cb606c7604b26f433daf6d95c358be5879e2fdbc06135604fd
session_indy_nxt_2025_6451,event_indy_nxt_2025_5493,2025,2025 INDY NXT by Firestone at Iowa Speedway,Iowa Speedway,oval,26,11.0,11.0,0.0,3.0,19,0.4444,caution,partial_visible_laps_only,official_lap_chart,61e7c0e8ca2682cb606c7604b26f433daf6d95c358be5879e2fdbc06135604fd
session_indy_nxt_2025_6451,event_indy_nxt_2025_5493,2025,2025 INDY NXT by Firestone at Iowa Speedway,Iowa Speedway,oval,27,11.0,11.0,0.0,3.0,19,0.4444,caution,partial_visible_laps_only,official_lap_chart,61e7c0e8ca2682cb606c7604b26f433daf6d95c358be5879e2fdbc06135604fd
session_indy_nxt_2025_6451,event_indy_nxt_2025_5493,2025,2025 INDY NXT by Firestone at Iowa Speedway,Iowa Speedway,oval,28,11.0,11.0,0.0,3.0,19,0.4444,caution,partial_visible_laps_only,official_lap_chart,61e7c0e8ca2682cb606c7604b26f433daf6d95c358be5879e2fdbc06135604fd
session_indy_nxt_2025_6451,event_indy_nxt_2025_5493,2025,2025 INDY NXT by Firestone at Iowa Speedway,Iowa Speedway,oval,29,10.0,11.0,1.0,4.0,19,0.5,caution,partial_visible_laps_only,official_lap_chart,61e7c0e8ca2682cb606c7604b26f433daf6d95c358be5879e2fdbc06135604fd
session_indy_nxt_2025_6451,event_indy_nxt_2025_5493,2025,2025 INDY NXT by Firestone at Iowa Speedway,Iowa Speedway,oval,30,10.0,10.0,0.0,4.0,19,0.5,caution,partial_visible_laps_only,official_lap_chart,61e7c0e8ca2682cb606c7604b26f433daf6d95c358be5879e2fdbc06135604fd
session_indy_nxt_2025_6451,event_indy_nxt_2025_5493,2025,2025 INDY NXT by Firestone at Iowa Speedway,Iowa Speedway,oval,31,10.0,10.0,0.0,4.0,19,0.5,caution,partial_visible_laps_only,official_lap_chart,61e7c0e8ca2682cb606c7604b26f433daf6d95c358be5879e2fdbc06135604fd
session_indy_nxt_2025_6451,event_indy_nxt_2025_5493,2025,2025 INDY NXT by Firestone at Iowa Speedway,Iowa Speedway,oval,32,10.0,10.0,0.0,4.0,19,0.5,caution,partial_visible_laps_only,official_lap_chart,61e7c0e8ca2682cb606c7604b26f433daf6d95c358be5879e2fdbc06135604fd
session_indy_nxt_2025_6451,event_indy_nxt_2025_5493,2025,2025 INDY NXT by Firestone at Iowa Speedway,Iowa Speedway,oval,33,10.0,10.0,0.0,4.0,19,0.5,restart_lap,partial_visible_laps_only,official_lap_chart,61e7c0e8ca2682cb606c7604b26f433daf6d95c358be5879e2fdbc06135604fd
session_indy_nxt_2025_6451,event_indy_nxt_2025_5493,2025,2025 INDY NXT by Firestone at Iowa Speedway,Iowa Speedway,oval,34,9.0,10.0,1.0,5.0,19,0.5556,caution,partial_visible_laps_only,official_lap_chart,61e7c0e8ca2682cb606c7604b26f433daf6d95c358be5879e2fdbc06135604fd
session_indy_nxt_2025_6451,event_indy_nxt_2025_5493,2025,2025 INDY NXT by Firestone at Iowa Speedway,Iowa Speedway,oval,35,9.0,9.0,0.0,5.0,19,0.5556,caution,partial_visible_laps_only,official_lap_chart,61e7c0e8ca2682cb606c7604b26f433daf6d95c358be5879e2fdbc06135604fd
session_indy_nxt_2025_6451,event_indy_nxt_2025_5493,2025,2025 INDY NXT by Firestone at Iowa Speedway,Iowa Speedway,oval,36,10.0,9.0,-1.0,4.0,19,0.5,caution,partial_visible_laps_only,official_lap_chart,61e7c0e8ca2682cb606c7604b26f433daf6d95c358be5879e2fdbc06135604fd
session_indy_nxt_2025_6451,event_indy_nxt_2025_5493,2025,2025 INDY NXT by Firestone at Iowa Speedway,Iowa Speedway,oval,37,10.0,10.0,0.0,4.0,19,0.5,restart_lap,partial_visible_laps_only,official_lap_chart,61e7c0e8ca2682cb606c7604b26f433daf6d95c358be5879e2fdbc06135604fd
session_indy_nxt_2025_6451,event_indy_nxt_2025_5493,2025,2025 INDY NXT by Firestone at Iowa Speedway,Iowa Speedway,oval,38,10.0,10.0,0.0,4.0,19,0.5,green,partial_visible_laps_only,official_lap_chart,61e7c0e8ca2682cb606c7604b26f433daf6d95c358be5879e2fdbc06135604fd
session_indy_nxt_2025_6451,event_indy_nxt_2025_5493,2025,2025 INDY NXT by Firestone at Iowa Speedway,Iowa Speedway,oval,39,10.0,10.0,0.0,4.0,19,0.5,green,partial_visible_laps_only,official_lap_chart,61e7c0e8ca2682cb606c7604b26f433daf6d95c358be5879e2fdbc06135604fd
session_indy_nxt_2025_6451,event_indy_nxt_2025_5493,2025,2025 INDY NXT by Firestone at Iowa Speedway,Iowa Speedway,oval,40,9.0,10.0,1.0,5.0,19,0.5556,green,partial_visible_laps_only,official_lap_chart,61e7c0e8ca2682cb606c7604b26f433daf6d95c358be5879e2fdbc06135604fd
session_indy_nxt_2025_6451,event_indy_nxt_2025_5493,2025,2025 INDY NXT by Firestone at Iowa Speedway,Iowa Speedway,oval,41,9.0,9.0,0.0,5.0,19,0.5556,green,partial_visible_laps_only,official_lap_chart,61e7c0e8ca2682cb606c7604b26f433daf6d95c358be5879e2fdbc06135604fd
session_indy_nxt_2025_6451,event_indy_nxt_2025_5493,2025,2025 INDY NXT by Firestone at Iowa Speedway,Iowa Speedway,oval,42,9.0,9.0,0.0,5.0,19,0.5556,green,partial_visible_laps_only,official_lap_chart,61e7c0e8ca2682cb606c7604b26f433daf6d95c358be5879e2fdbc06135604fd
session_indy_nxt_2025_6451,event_indy_nxt_2025_5493,2025,2025 INDY NXT by Firestone at Iowa Speedway,Iowa Speedway,oval,43,9.0,9.0,0.0,5.0,19,0.5556,green,partial_visible_laps_only,official_lap_chart,61e7c0e8ca2682cb606c7604b26f433daf6d95c358be5879e2fdbc06135604fd
session_indy_nxt_2025_6451,event_indy_nxt_2025_5493,2025,2025 INDY NXT by Firestone at Iowa Speedway,Iowa Speedway,oval,44,9.0,9.0,0.0,5.0,19,0.5556,green,partial_visible_laps_only,official_lap_chart,61e7c0e8ca2682cb606c7604b26f433daf6d95c358be5879e2fdbc06135604fd
session_indy_nxt_2025_6451,event_indy_nxt_2025_5493,2025,2025 INDY NXT by Firestone at Iowa Speedway,Iowa Speedway,oval,45,9.0,9.0,0.0,5.0,19,0.5556,green,partial_visible_laps_only,official_lap_chart,61e7c0e8ca2682cb606c7604b26f433daf6d95c358be5879e2fdbc06135604fd
session_indy_nxt_2025_6451,event_indy_nxt_2025_5493,2025,2025 INDY NXT by Firestone at Iowa Speedway,Iowa Speedway,oval,46,9.0,9.0,0.0,5.0,19,0.5556,green,partial_visible_laps_only,official_lap_chart,61e7c0e8ca2682cb606c7604b26f433daf6d95c358be5879e2fdbc06135604fd
session_indy_nxt_2025_6451,event_indy_nxt_2025_5493,2025,2025 INDY NXT by Firestone at Iowa Speedway,Iowa Speedway,oval,47,9.0,9.0,0.0,5.0,19,0.5556,green,partial_visible_laps_only,official_lap_chart,61e7c0e8ca2682cb606c7604b26f433daf6d95c358be5879e2fdbc06135604fd
session_indy_nxt_2025_6451,event_indy_nxt_2025_5493,2025,2025 INDY NXT by Firestone at Iowa Speedway,Iowa Speedway,oval,48,9.0,9.0,0.0,5.0,19,0.5556,green,partial_visible_laps_only,official_lap_chart,61e7c0e8ca2682cb606c7604b26f433daf6d95c358be5879e2fdbc06135604fd
session_indy_nxt_2025_6451,event_indy_nxt_2025_5493,2025,2025 INDY NXT by Firestone at Iowa Speedway,Iowa Speedway,oval,49,9.0,9.0,0.0,5.0,19,0.5556,green,partial_visible_laps_only,official_lap_chart,61e7c0e8ca2682cb606c7604b26f433daf6d95c358be5879e2fdbc06135604fd
session_indy_nxt_2025_6451,event_indy_nxt_2025_5493,2025,2025 INDY NXT by Firestone at Iowa Speedway,Iowa Speedway,oval,50,9.0,9.0,0.0,5.0,19,0.5556,green,partial_visible_laps_only,official_lap_chart,61e7c0e8ca2682cb606c7604b26f433daf6d95c358be5879e2fdbc06135604fd
session_indy_nxt_2025_6451,event_indy_nxt_2025_5493,2025,2025 INDY NXT by Firestone at Iowa Speedway,Iowa Speedway,oval,51,9.0,9.0,0.0,5.0,19,0.5556,green,partial_visible_laps_only,official_lap_chart,61e7c0e8ca2682cb606c7604b26f433daf6d95c358be5879e2fdbc06135604fd
session_indy_nxt_2025_6451,event_indy_nxt_2025_5493,2025,2025 INDY NXT by Firestone at Iowa Speedway,Iowa Speedway,oval,52,9.0,9.0,0.0,5.0,19,0.5556,green,partial_visible_laps_only,official_lap_chart,61e7c0e8ca2682cb606c7604b26f433daf6d95c358be5879e2fdbc06135604fd
session_indy_nxt_2025_6451,event_indy_nxt_2025_5493,2025,2025 INDY NXT by Firestone at Iowa Speedway,Iowa Speedway,oval,53,9.0,9.0,0.0,5.0,19,0.5556,green,partial_visible_laps_only,official_lap_chart,61e7c0e8ca2682cb606c7604b26f433daf6d95c358be5879e2fdbc06135604fd
session_indy_nxt_2025_6451,event_indy_nxt_2025_5493,2025,2025 INDY NXT by Firestone at Iowa Speedway,Iowa Speedway,oval,54,9.0,9.0,0.0,5.0,19,0.5556,green,partial_visible_laps_only,official_lap_chart,61e7c0e8ca2682cb606c7604b26f433daf6d95c358be5879e2fdbc06135604fd
session_indy_nxt_2025_6451,event_indy_nxt_2025_5493,2025,2025 INDY NXT by Firestone at Iowa Speedway,Iowa Speedway,oval,55,9.0,9.0,0.0,5.0,19,0.5556,green,partial_visible_laps_only,official_lap_chart,61e7c0e8ca2682cb606c7604b26f433daf6d95c358be5879e2fdbc06135604fd
session_indy_nxt_2025_6451,event_indy_nxt_2025_5493,2025,2025 INDY NXT by Firestone at Iowa Speedway,Iowa Speedway,oval,56,9.0,9.0,0.0,5.0,19,0.5556,green,partial_visible_laps_only,official_lap_chart,61e7c0e8ca2682cb606c7604b26f433daf6d95c358be5879e2fdbc06135604fd
session_indy_nxt_2025_6451,event_indy_nxt_2025_5493,2025,2025 INDY NXT by Firestone at Iowa Speedway,Iowa Speedway,oval,57,9.0,9.0,0.0,5.0,19,0.5556,green,partial_visible_laps_only,official_lap_chart,61e7c0e8ca2682cb606c7604b26f433daf6d95c358be5879e2fdbc06135604fd
session_indy_nxt_2025_6451,event_indy_nxt_2025_5493,2025,2025 INDY NXT by Firestone at Iowa Speedway,Iowa Speedway,oval,58,9.0,9.0,0.0,5.0,19,0.5556,green,partial_visible_laps_only,official_lap_chart,61e7c0e8ca2682cb606c7604b26f433daf6d95c358be5879e2fdbc06135604fd
session_indy_nxt_2025_6451,event_indy_nxt_2025_5493,2025,2025 INDY NXT by Firestone at Iowa Speedway,Iowa Speedway,oval,59,9.0,9.0,0.0,5.0,19,0.5556,green,partial_visible_laps_only,official_lap_chart,61e7c0e8ca2682cb606c7604b26f433daf6d95c358be5879e2fdbc06135604fd
session_indy_nxt_2025_6451,event_indy_nxt_2025_5493,2025,2025 INDY NXT by Firestone at Iowa Speedway,Iowa Speedway,oval,60,9.0,9.0,0.0,5.0,19,0.5556,green,partial_visible_laps_only,official_lap_chart,61e7c0e8ca2682cb606c7604b26f433daf6d95c358be5879e2fdbc06135604fd
session_indy_nxt_2025_6451,event_indy_nxt_2025_5493,2025,2025 INDY NXT by Firestone at Iowa Speedway,Iowa Speedway,oval,61,9.0,9.0,0.0,5.0,19,0.5556,green,partial_visible_laps_only,official_lap_chart,61e7c0e8ca2682cb606c7604b26f433daf6d95c358be5879e2fdbc06135604fd
session_indy_nxt_2025_6451,event_indy_nxt_2025_5493,2025,2025 INDY NXT by Firestone at Iowa Speedway,Iowa Speedway,oval,62,9.0,9.0,0.0,5.0,19,0.5556,green,partial_visible_laps_only,official_lap_chart,61e7c0e8ca2682cb606c7604b26f433daf6d95c358be5879e2fdbc06135604fd
session_indy_nxt_2025_6451,event_indy_nxt_2025_5493,2025,2025 INDY NXT by Firestone at Iowa Speedway,Iowa Speedway,oval,63,9.0,9.0,0.0,5.0,19,0.5556,green,partial_visible_laps_only,official_lap_chart,61e7c0e8ca2682cb606c7604b26f433daf6d95c358be5879e2fdbc06135604fd
session_indy_nxt_2025_6451,event_indy_nxt_2025_5493,2025,2025 INDY NXT by Firestone at Iowa Speedway,Iowa Speedway,oval,64,9.0,9.0,0.0,5.0,19,0.5556,green,partial_visible_laps_only,official_lap_chart,61e7c0e8ca2682cb606c7604b26f433daf6d95c358be5879e2fdbc06135604fd
session_indy_nxt_2025_6451,event_indy_nxt_2025_5493,2025,2025 INDY NXT by Firestone at Iowa Speedway,Iowa Speedway,oval,65,9.0,9.0,0.0,5.0,19,0.5556,green,partial_visible_laps_only,official_lap_chart,61e7c0e8ca2682cb606c7604b26f433daf6d95c358be5879e2fdbc06135604fd
session_indy_nxt_2025_6451,event_indy_nxt_2025_5493,2025,2025 INDY NXT by Firestone at Iowa Speedway,Iowa Speedway,oval,66,9.0,9.0,0.0,5.0,19,0.5556,green,partial_visible_laps_only,official_lap_chart,61e7c0e8ca2682cb606c7604b26f433daf6d95c358be5879e2fdbc06135604fd
session_indy_nxt_2025_6451,event_indy_nxt_2025_5493,2025,2025 INDY NXT by Firestone at Iowa Speedway,Iowa Speedway,oval,67,9.0,9.0,0.0,5.0,19,0.5556,green,partial_visible_laps_only,official_lap_chart,61e7c0e8ca2682cb606c7604b26f433daf6d95c358be5879e2fdbc06135604fd
session_indy_nxt_2025_6451,event_indy_nxt_2025_5493,2025,2025 INDY NXT by Firestone at Iowa Speedway,Iowa Speedway,oval,68,9.0,9.0,0.0,5.0,19,0.5556,green,partial_visible_laps_only,official_lap_chart,61e7c0e8ca2682cb606c7604b26f433daf6d95c358be5879e2fdbc06135604fd
session_indy_nxt_2025_6451,event_indy_nxt_2025_5493,2025,2025 INDY NXT by Firestone at Iowa Speedway,Iowa Speedway,oval,69,9.0,9.0,0.0,5.0,19,0.5556,green,partial_visible_laps_only,official_lap_chart,61e7c0e8ca2682cb606c7604b26f433daf6d95c358be5879e2fdbc06135604fd
session_indy_nxt_2025_6451,event_indy_nxt_2025_5493,2025,2025 INDY NXT by Firestone at Iowa Speedway,Iowa Speedway,oval,70,9.0,9.0,0.0,5.0,19,0.5556,green,partial_visible_laps_only,official_lap_chart,61e7c0e8ca2682cb606c7604b26f433daf6d95c358be5879e2fdbc06135604fd
session_indy_nxt_2025_6451,event_indy_nxt_2025_5493,2025,2025 INDY NXT by Firestone at Iowa Speedway,Iowa Speedway,oval,71,9.0,9.0,0.0,5.0,19,0.5556,green,partial_visible_laps_only,official_lap_chart,61e7c0e8ca2682cb606c7604b26f433daf6d95c358be5879e2fdbc06135604fd
session_indy_nxt_2025_6451,event_indy_nxt_2025_5493,2025,2025 INDY NXT by Firestone at Iowa Speedway,Iowa Speedway,oval,72,9.0,9.0,0.0,5.0,19,0.5556,green,partial_visible_laps_only,official_lap_chart,61e7c0e8ca2682cb606c7604b26f433daf6d95c358be5879e2fdbc06135604fd
session_indy_nxt_2025_6451,event_indy_nxt_2025_5493,2025,2025 INDY NXT by Firestone at Iowa Speedway,Iowa Speedway,oval,73,9.0,9.0,0.0,5.0,18,0.5294,green,partial_visible_laps_only,official_lap_chart,61e7c0e8ca2682cb606c7604b26f433daf6d95c358be5879e2fdbc06135604fd
session_indy_nxt_2025_6451,event_indy_nxt_2025_5493,2025,2025 INDY NXT by Firestone at Iowa Speedway,Iowa Speedway,oval,74,9.0,9.0,0.0,5.0,17,0.5,green,partial_visible_laps_only,official_lap_chart,61e7c0e8ca2682cb606c7604b26f433daf6d95c358be5879e2fdbc06135604fd
session_indy_nxt_2025_6451,event_indy_nxt_2025_5493,2025,2025 INDY NXT by Firestone at Iowa Speedway,Iowa Speedway,oval,75,9.0,9.0,0.0,5.0,10,0.1111,green,partial_visible_laps_only,official_lap_chart,61e7c0e8ca2682cb606c7604b26f433daf6d95c358be5879e2fdbc06135604fd
session_indy_nxt_2025_6452,event_indy_nxt_2025_5494,2025,2025 Grand Prix at Mid-Ohio,Mid-Ohio Sports Car Course,road,1,9.0,,,0.0,19,0.5556,green,complete_validated_against_result_lap_counts,official_lap_chart,61e7c0e8ca2682cb606c7604b26f433daf6d95c358be5879e2fdbc06135604fd
session_indy_nxt_2025_6452,event_indy_nxt_2025_5494,2025,2025 Grand Prix at Mid-Ohio,Mid-Ohio Sports Car Course,road,2,9.0,9.0,0.0,0.0,19,0.5556,green,complete_validated_against_result_lap_counts,official_lap_chart,61e7c0e8ca2682cb606c7604b26f433daf6d95c358be5879e2fdbc06135604fd
session_indy_nxt_2025_6452,event_indy_nxt_2025_5494,2025,2025 Grand Prix at Mid-Ohio,Mid-Ohio Sports Car Course,road,3,11.0,9.0,-2.0,-2.0,19,0.4444,green,complete_validated_against_result_lap_counts,official_lap_chart,61e7c0e8ca2682cb606c7604b26f433daf6d95c358be5879e2fdbc06135604fd
session_indy_nxt_2025_6452,event_indy_nxt_2025_5494,2025,2025 Grand Prix at Mid-Ohio,Mid-Ohio Sports Car Course,road,4,11.0,11.0,0.0,-2.0,17,0.375,caution,complete_validated_against_result_lap_counts,official_lap_chart,61e7c0e8ca2682cb606c7604b26f433daf6d95c358be5879e2fdbc06135604fd
session_indy_nxt_2025_6452,event_indy_nxt_2025_5494,2025,2025 Grand Prix at Mid-Ohio,Mid-Ohio Sports Car Course,road,5,11.0,11.0,0.0,-2.0,17,0.375,caution,complete_validated_against_result_lap_counts,official_lap_chart,61e7c0e8ca2682cb606c7604b26f433daf6d95c358be5879e2fdbc06135604fd
session_indy_nxt_2025_6452,event_indy_nxt_2025_5494,2025,2025 Grand Prix at Mid-Ohio,Mid-Ohio Sports Car Course,road,6,11.0,11.0,0.0,-2.0,17,0.375,restart_lap,complete_validated_against_result_lap_counts,official_lap_chart,61e7c0e8ca2682cb606c7604b26f433daf6d95c358be5879e2fdbc06135604fd
session_indy_nxt_2025_6452,event_indy_nxt_2025_5494,2025,2025 Grand Prix at Mid-Ohio,Mid-Ohio Sports Car Course,road,7,11.0,11.0,0.0,-2.0,17,0.375,green,complete_validated_against_result_lap_counts,official_lap_chart,61e7c0e8ca2682cb606c7604b26f433daf6d95c358be5879e2fdbc06135604fd
session_indy_nxt_2025_6452,event_indy_nxt_2025_5494,2025,2025 Grand Prix at Mid-Ohio,Mid-Ohio Sports Car Course,road,8,11.0,11.0,0.0,-2.0,17,0.375,green,complete_validated_against_result_lap_counts,official_lap_chart,61e7c0e8ca2682cb606c7604b26f433daf6d95c358be5879e2fdbc06135604fd
session_indy_nxt_2025_6452,event_indy_nxt_2025_5494,2025,2025 Grand Prix at Mid-Ohio,Mid-Ohio Sports Car Course,road,9,11.0,11.0,0.0,-2.0,17,0.375,green,complete_validated_against_result_lap_counts,official_lap_chart,61e7c0e8ca2682cb606c7604b26f433daf6d95c358be5879e2fdbc06135604fd
session_indy_nxt_2025_6452,event_indy_nxt_2025_5494,2025,2025 Grand Prix at Mid-Ohio,Mid-Ohio Sports Car Course,road,10,12.0,11.0,-1.0,-3.0,17,0.3125,green,complete_validated_against_result_lap_counts,official_lap_chart,61e7c0e8ca2682cb606c7604b26f433daf6d95c358be5879e2fdbc06135604fd
session_indy_nxt_2025_6452,event_indy_nxt_2025_5494,2025,2025 Grand Prix at Mid-Ohio,Mid-Ohio Sports Car Course,road,11,12.0,12.0,0.0,-3.0,17,0.3125,green,complete_validated_against_result_lap_counts,official_lap_chart,61e7c0e8ca2682cb606c7604b26f433daf6d95c358be5879e2fdbc06135604fd
session_indy_nxt_2025_6452,event_indy_nxt_2025_5494,2025,2025 Grand Prix at Mid-Ohio,Mid-Ohio Sports Car Course,road,12,12.0,12.0,0.0,-3.0,17,0.3125,green,complete_validated_against_result_lap_counts,official_lap_chart,61e7c0e8ca2682cb606c7604b26f433daf6d95c358be5879e2fdbc06135604fd
session_indy_nxt_2025_6452,event_indy_nxt_2025_5494,2025,2025 Grand Prix at Mid-Ohio,Mid-Ohio Sports Car Course,road,13,12.0,12.0,0.0,-3.0,17,0.3125,green,complete_validated_against_result_lap_counts,official_lap_chart,61e7c0e8ca2682cb606c7604b26f433daf6d95c358be5879e2fdbc06135604fd
session_indy_nxt_2025_6452,event_indy_nxt_2025_5494,2025,2025 Grand Prix at Mid-Ohio,Mid-Ohio Sports Car Course,road,14,12.0,12.0,0.0,-3.0,17,0.3125,green,complete_validated_against_result_lap_counts,official_lap_chart,61e7c0e8ca2682cb606c7604b26f433daf6d95c358be5879e2fdbc06135604fd
session_indy_nxt_2025_6452,event_indy_nxt_2025_5494,2025,2025 Grand Prix at Mid-Ohio,Mid-Ohio Sports Car Course,road,15,12.0,12.0,0.0,-3.0,17,0.3125,green,complete_validated_against_result_lap_counts,official_lap_chart,61e7c0e8ca2682cb606c7604b26f433daf6d95c358be5879e2fdbc06135604fd
session_indy_nxt_2025_6452,event_indy_nxt_2025_5494,2025,2025 Grand Prix at Mid-Ohio,Mid-Ohio Sports Car Course,road,16,12.0,12.0,0.0,-3.0,17,0.3125,green,complete_validated_against_result_lap_counts,official_lap_chart,61e7c0e8ca2682cb606c7604b26f433daf6d95c358be5879e2fdbc06135604fd
session_indy_nxt_2025_6452,event_indy_nxt_2025_5494,2025,2025 Grand Prix at Mid-Ohio,Mid-Ohio Sports Car Course,road,17,12.0,12.0,0.0,-3.0,17,0.3125,green,complete_validated_against_result_lap_counts,official_lap_chart,61e7c0e8ca2682cb606c7604b26f433daf6d95c358be5879e2fdbc06135604fd
session_indy_nxt_2025_6452,event_indy_nxt_2025_5494,2025,2025 Grand Prix at Mid-Ohio,Mid-Ohio Sports Car Course,road,18,12.0,12.0,0.0,-3.0,17,0.3125,green,complete_validated_against_result_lap_counts,official_lap_chart,61e7c0e8ca2682cb606c7604b26f433daf6d95c358be5879e2fdbc06135604fd
session_indy_nxt_2025_6452,event_indy_nxt_2025_5494,2025,2025 Grand Prix at Mid-Ohio,Mid-Ohio Sports Car Course,road,19,12.0,12.0,0.0,-3.0,17,0.3125,green,complete_validated_against_result_lap_counts,official_lap_chart,61e7c0e8ca2682cb606c7604b26f433daf6d95c358be5879e2fdbc06135604fd
session_indy_nxt_2025_6452,event_indy_nxt_2025_5494,2025,2025 Grand Prix at Mid-Ohio,Mid-Ohio Sports Car Course,road,20,12.0,12.0,0.0,-3.0,17,0.3125,green,complete_validated_against_result_lap_counts,official_lap_chart,61e7c0e8ca2682cb606c7604b26f433daf6d95c358be5879e2fdbc06135604fd
session_indy_nxt_2025_6452,event_indy_nxt_2025_5494,2025,2025 Grand Prix at Mid-Ohio,Mid-Ohio Sports Car Course,road,21,12.0,12.0,0.0,-3.0,17,0.3125,green,complete_validated_against_result_lap_counts,official_lap_chart,61e7c0e8ca2682cb606c7604b26f433daf6d95c358be5879e2fdbc06135604fd
session_indy_nxt_2025_6452,event_indy_nxt_2025_5494,2025,2025 Grand Prix at Mid-Ohio,Mid-Ohio Sports Car Course,road,22,12.0,12.0,0.0,-3.0,17,0.3125,green,complete_validated_against_result_lap_counts,official_lap_chart,61e7c0e8ca2682cb606c7604b26f433daf6d95c358be5879e2fdbc06135604fd
session_indy_nxt_2025_6452,event_indy_nxt_2025_5494,2025,2025 Grand Prix at Mid-Ohio,Mid-Ohio Sports Car Course,road,23,12.0,12.0,0.0,-3.0,17,0.3125,green,complete_validated_against_result_lap_counts,official_lap_chart,61e7c0e8ca2682cb606c7604b26f433daf6d95c358be5879e2fdbc06135604fd
session_indy_nxt_2025_6452,event_indy_nxt_2025_5494,2025,2025 Grand Prix at Mid-Ohio,Mid-Ohio Sports Car Course,road,24,12.0,12.0,0.0,-3.0,17,0.3125,green,complete_validated_against_result_lap_counts,official_lap_chart,61e7c0e8ca2682cb606c7604b26f433daf6d95c358be5879e2fdbc06135604fd
session_indy_nxt_2025_6452,event_indy_nxt_2025_5494,2025,2025 Grand Prix at Mid-Ohio,Mid-Ohio Sports Car Course,road,25,12.0,12.0,0.0,-3.0,17,0.3125,green,complete_validated_against_result_lap_counts,official_lap_chart,61e7c0e8ca2682cb606c7604b26f433daf6d95c358be5879e2fdbc06135604fd
session_indy_nxt_2025_6452,event_indy_nxt_2025_5494,2025,2025 Grand Prix at Mid-Ohio,Mid-Ohio Sports Car Course,road,26,12.0,12.0,0.0,-3.0,17,0.3125,green,complete_validated_against_result_lap_counts,official_lap_chart,61e7c0e8ca2682cb606c7604b26f433daf6d95c358be5879e2fdbc06135604fd
session_indy_nxt_2025_6452,event_indy_nxt_2025_5494,2025,2025 Grand Prix at Mid-Ohio,Mid-Ohio Sports Car Course,road,27,12.0,12.0,0.0,-3.0,17,0.3125,green,complete_validated_against_result_lap_counts,official_lap_chart,61e7c0e8ca2682cb606c7604b26f433daf6d95c358be5879e2fdbc06135604fd
session_indy_nxt_2025_6452,event_indy_nxt_2025_5494,2025,2025 Grand Prix at Mid-Ohio,Mid-Ohio Sports Car Course,road,28,12.0,12.0,0.0,-3.0,17,0.3125,green,complete_validated_against_result_lap_counts,official_lap_chart,61e7c0e8ca2682cb606c7604b26f433daf6d95c358be5879e2fdbc06135604fd
session_indy_nxt_2025_6452,event_indy_nxt_2025_5494,2025,2025 Grand Prix at Mid-Ohio,Mid-Ohio Sports Car Course,road,29,12.0,12.0,0.0,-3.0,17,0.3125,green,complete_validated_against_result_lap_counts,official_lap_chart,61e7c0e8ca2682cb606c7604b26f433daf6d95c358be5879e2fdbc06135604fd
session_indy_nxt_2025_6452,event_indy_nxt_2025_5494,2025,2025 Grand Prix at Mid-Ohio,Mid-Ohio Sports Car Course,road,30,12.0,12.0,0.0,-3.0,17,0.3125,green,complete_validated_against_result_lap_counts,official_lap_chart,61e7c0e8ca2682cb606c7604b26f433daf6d95c358be5879e2fdbc06135604fd
session_indy_nxt_2025_6452,event_indy_nxt_2025_5494,2025,2025 Grand Prix at Mid-Ohio,Mid-Ohio Sports Car Course,road,31,12.0,12.0,0.0,-3.0,17,0.3125,green,complete_validated_against_result_lap_counts,official_lap_chart,61e7c0e8ca2682cb606c7604b26f433daf6d95c358be5879e2fdbc06135604fd
session_indy_nxt_2025_6452,event_indy_nxt_2025_5494,2025,2025 Grand Prix at Mid-Ohio,Mid-Ohio Sports Car Course,road,32,12.0,12.0,0.0,-3.0,17,0.3125,green,complete_validated_against_result_lap_counts,official_lap_chart,61e7c0e8ca2682cb606c7604b26f433daf6d95c358be5879e2fdbc06135604fd
session_indy_nxt_2025_6452,event_indy_nxt_2025_5494,2025,2025 Grand Prix at Mid-Ohio,Mid-Ohio Sports Car Course,road,33,12.0,12.0,0.0,-3.0,17,0.3125,green,complete_validated_against_result_lap_counts,official_lap_chart,61e7c0e8ca2682cb606c7604b26f433daf6d95c358be5879e2fdbc06135604fd
session_indy_nxt_2025_6453,event_indy_nxt_2025_5495,2025,2025 Grand Prix at Road America,Road America,road,1,10.0,,,0.0,19,0.5,green,complete_validated_against_result_lap_counts,official_lap_chart,61e7c0e8ca2682cb606c7604b26f433daf6d95c358be5879e2fdbc06135604fd
session_indy_nxt_2025_6453,event_indy_nxt_2025_5495,2025,2025 Grand Prix at Road America,Road America,road,2,9.0,10.0,1.0,1.0,19,0.5556,green,complete_validated_against_result_lap_counts,official_lap_chart,61e7c0e8ca2682cb606c7604b26f433daf6d95c358be5879e2fdbc06135604fd
session_indy_nxt_2025_6453,event_indy_nxt_2025_5495,2025,2025 Grand Prix at Road America,Road America,road,3,9.0,9.0,0.0,1.0,19,0.5556,green,complete_validated_against_result_lap_counts,official_lap_chart,61e7c0e8ca2682cb606c7604b26f433daf6d95c358be5879e2fdbc06135604fd
session_indy_nxt_2025_6453,event_indy_nxt_2025_5495,2025,2025 Grand Prix at Road America,Road America,road,4,9.0,9.0,0.0,1.0,19,0.5556,green,complete_validated_against_result_lap_counts,official_lap_chart,61e7c0e8ca2682cb606c7604b26f433daf6d95c358be5879e2fdbc06135604fd
session_indy_nxt_2025_6453,event_indy_nxt_2025_5495,2025,2025 Grand Prix at Road America,Road America,road,5,9.0,9.0,0.0,1.0,19,0.5556,green,complete_validated_against_result_lap_counts,official_lap_chart,61e7c0e8ca2682cb606c7604b26f433daf6d95c358be5879e2fdbc06135604fd
session_indy_nxt_2025_6453,event_indy_nxt_2025_5495,2025,2025 Grand Prix at Road America,Road America,road,6,9.0,9.0,0.0,1.0,19,0.5556,green,complete_validated_against_result_lap_counts,official_lap_chart,61e7c0e8ca2682cb606c7604b26f433daf6d95c358be5879e2fdbc06135604fd
session_indy_nxt_2025_6453,event_indy_nxt_2025_5495,2025,2025 Grand Prix at Road America,Road America,road,7,9.0,9.0,0.0,1.0,19,0.5556,green,complete_validated_against_result_lap_counts,official_lap_chart,61e7c0e8ca2682cb606c7604b26f433daf6d95c358be5879e2fdbc06135604fd
session_indy_nxt_2025_6453,event_indy_nxt_2025_5495,2025,2025 Grand Prix at Road America,Road America,road,8,9.0,9.0,0.0,1.0,19,0.5556,green,complete_validated_against_result_lap_counts,official_lap_chart,61e7c0e8ca2682cb606c7604b26f433daf6d95c358be5879e2fdbc06135604fd
session_indy_nxt_2025_6453,event_indy_nxt_2025_5495,2025,2025 Grand Prix at Road America,Road America,road,9,9.0,9.0,0.0,1.0,19,0.5556,green,complete_validated_against_result_lap_counts,official_lap_chart,61e7c0e8ca2682cb606c7604b26f433daf6d95c358be5879e2fdbc06135604fd
session_indy_nxt_2025_6453,event_indy_nxt_2025_5495,2025,2025 Grand Prix at Road America,Road America,road,10,9.0,9.0,0.0,1.0,19,0.5556,green,complete_validated_against_result_lap_counts,official_lap_chart,61e7c0e8ca2682cb606c7604b26f433daf6d95c358be5879e2fdbc06135604fd
session_indy_nxt_2025_6453,event_indy_nxt_2025_5495,2025,2025 Grand Prix at Road America,Road America,road,11,9.0,9.0,0.0,1.0,19,0.5556,green,complete_validated_against_result_lap_counts,official_lap_chart,61e7c0e8ca2682cb606c7604b26f433daf6d95c358be5879e2fdbc06135604fd
session_indy_nxt_2025_6453,event_indy_nxt_2025_5495,2025,2025 Grand Prix at Road America,Road America,road,12,9.0,9.0,0.0,1.0,19,0.5556,green,complete_validated_against_result_lap_counts,official_lap_chart,61e7c0e8ca2682cb606c7604b26f433daf6d95c358be5879e2fdbc06135604fd
session_indy_nxt_2025_6453,event_indy_nxt_2025_5495,2025,2025 Grand Prix at Road America,Road America,road,13,9.0,9.0,0.0,1.0,19,0.5556,green,complete_validated_against_result_lap_counts,official_lap_chart,61e7c0e8ca2682cb606c7604b26f433daf6d95c358be5879e2fdbc06135604fd
session_indy_nxt_2025_6453,event_indy_nxt_2025_5495,2025,2025 Grand Prix at Road America,Road America,road,14,9.0,9.0,0.0,1.0,19,0.5556,green,complete_validated_against_result_lap_counts,official_lap_chart,61e7c0e8ca2682cb606c7604b26f433daf6d95c358be5879e2fdbc06135604fd
session_indy_nxt_2025_6453,event_indy_nxt_2025_5495,2025,2025 Grand Prix at Road America,Road America,road,15,9.0,9.0,0.0,1.0,19,0.5556,green,complete_validated_against_result_lap_counts,official_lap_chart,61e7c0e8ca2682cb606c7604b26f433daf6d95c358be5879e2fdbc06135604fd
session_indy_nxt_2025_6453,event_indy_nxt_2025_5495,2025,2025 Grand Prix at Road America,Road America,road,16,9.0,9.0,0.0,1.0,19,0.5556,green,complete_validated_against_result_lap_counts,official_lap_chart,61e7c0e8ca2682cb606c7604b26f433daf6d95c358be5879e2fdbc06135604fd
session_indy_nxt_2025_6453,event_indy_nxt_2025_5495,2025,2025 Grand Prix at Road America,Road America,road,17,9.0,9.0,0.0,1.0,19,0.5556,green,complete_validated_against_result_lap_counts,official_lap_chart,61e7c0e8ca2682cb606c7604b26f433daf6d95c358be5879e2fdbc06135604fd
session_indy_nxt_2025_6453,event_indy_nxt_2025_5495,2025,2025 Grand Prix at Road America,Road America,road,18,9.0,9.0,0.0,1.0,19,0.5556,green,complete_validated_against_result_lap_counts,official_lap_chart,61e7c0e8ca2682cb606c7604b26f433daf6d95c358be5879e2fdbc06135604fd
session_indy_nxt_2025_6453,event_indy_nxt_2025_5495,2025,2025 Grand Prix at Road America,Road America,road,19,9.0,9.0,0.0,1.0,19,0.5556,green,complete_validated_against_result_lap_counts,official_lap_chart,61e7c0e8ca2682cb606c7604b26f433daf6d95c358be5879e2fdbc06135604fd
session_indy_nxt_2025_6453,event_indy_nxt_2025_5495,2025,2025 Grand Prix at Road America,Road America,road,20,9.0,9.0,0.0,1.0,19,0.5556,green,complete_validated_against_result_lap_counts,official_lap_chart,61e7c0e8ca2682cb606c7604b26f433daf6d95c358be5879e2fdbc06135604fd
session_indy_nxt_2025_6454,event_indy_nxt_2025_5496,2025,2025 INDY NXT by Firestone at World Wide Technology Raceway,World Wide Technology Raceway,oval,1,14.0,,,0.0,19,0.2778,green,complete_validated_against_result_lap_counts,official_lap_chart,61e7c0e8ca2682cb606c7604b26f433daf6d95c358be5879e2fdbc06135604fd
session_indy_nxt_2025_6454,event_indy_nxt_2025_5496,2025,2025 INDY NXT by Firestone at World Wide Technology Raceway,World Wide Technology Raceway,oval,2,14.0,14.0,0.0,0.0,19,0.2778,green,complete_validated_against_result_lap_counts,official_lap_chart,61e7c0e8ca2682cb606c7604b26f433daf6d95c358be5879e2fdbc06135604fd
session_indy_nxt_2025_6454,event_indy_nxt_2025_5496,2025,2025 INDY NXT by Firestone at World Wide Technology Raceway,World Wide Technology Raceway,oval,3,13.0,14.0,1.0,1.0,19,0.3333,green,complete_validated_against_result_lap_counts,official_lap_chart,61e7c0e8ca2682cb606c7604b26f433daf6d95c358be5879e2fdbc06135604fd
session_indy_nxt_2025_6454,event_indy_nxt_2025_5496,2025,2025 INDY NXT by Firestone at World Wide Technology Raceway,World Wide Technology Raceway,oval,4,13.0,13.0,0.0,1.0,19,0.3333,green,complete_validated_against_result_lap_counts,official_lap_chart,61e7c0e8ca2682cb606c7604b26f433daf6d95c358be5879e2fdbc06135604fd
session_indy_nxt_2025_6454,event_indy_nxt_2025_5496,2025,2025 INDY NXT by Firestone at World Wide Technology Raceway,World Wide Technology Raceway,oval,5,13.0,13.0,0.0,1.0,19,0.3333,green,complete_validated_against_result_lap_counts,official_lap_chart,61e7c0e8ca2682cb606c7604b26f433daf6d95c358be5879e2fdbc06135604fd
session_indy_nxt_2025_6454,event_indy_nxt_2025_5496,2025,2025 INDY NXT by Firestone at World Wide Technology Raceway,World Wide Technology Raceway,oval,6,13.0,13.0,0.0,1.0,19,0.3333,green,complete_validated_against_result_lap_counts,official_lap_chart,61e7c0e8ca2682cb606c7604b26f433daf6d95c358be5879e2fdbc06135604fd
session_indy_nxt_2025_6454,event_indy_nxt_2025_5496,2025,2025 INDY NXT by Firestone at World Wide Technology Raceway,World Wide Technology Raceway,oval,7,13.0,13.0,0.0,1.0,19,0.3333,green,complete_validated_against_result_lap_counts,official_lap_chart,61e7c0e8ca2682cb606c7604b26f433daf6d95c358be5879e2fdbc06135604fd
session_indy_nxt_2025_6454,event_indy_nxt_2025_5496,2025,2025 INDY NXT by Firestone at World Wide Technology Raceway,World Wide Technology Raceway,oval,8,13.0,13.0,0.0,1.0,19,0.3333,green,complete_validated_against_result_lap_counts,official_lap_chart,61e7c0e8ca2682cb606c7604b26f433daf6d95c358be5879e2fdbc06135604fd
session_indy_nxt_2025_6454,event_indy_nxt_2025_5496,2025,2025 INDY NXT by Firestone at World Wide Technology Raceway,World Wide Technology Raceway,oval,9,13.0,13.0,0.0,1.0,19,0.3333,green,complete_validated_against_result_lap_counts,official_lap_chart,61e7c0e8ca2682cb606c7604b26f433daf6d95c358be5879e2fdbc06135604fd
session_indy_nxt_2025_6454,event_indy_nxt_2025_5496,2025,2025 INDY NXT by Firestone at World Wide Technology Raceway,World Wide Technology Raceway,oval,10,13.0,13.0,0.0,1.0,19,0.3333,green,complete_validated_against_result_lap_counts,official_lap_chart,61e7c0e8ca2682cb606c7604b26f433daf6d95c358be5879e2fdbc06135604fd
session_indy_nxt_2025_6454,event_indy_nxt_2025_5496,2025,2025 INDY NXT by Firestone at World Wide Technology Raceway,World Wide Technology Raceway,oval,11,13.0,13.0,0.0,1.0,19,0.3333,green,complete_validated_against_result_lap_counts,official_lap_chart,61e7c0e8ca2682cb606c7604b26f433daf6d95c358be5879e2fdbc06135604fd
session_indy_nxt_2025_6454,event_indy_nxt_2025_5496,2025,2025 INDY NXT by Firestone at World Wide Technology Raceway,World Wide Technology Raceway,oval,12,13.0,13.0,0.0,1.0,19,0.3333,green,complete_validated_against_result_lap_counts,official_lap_chart,61e7c0e8ca2682cb606c7604b26f433daf6d95c358be5879e2fdbc06135604fd
session_indy_nxt_2025_6454,event_indy_nxt_2025_5496,2025,2025 INDY NXT by Firestone at World Wide Technology Raceway,World Wide Technology Raceway,oval,13,13.0,13.0,0.0,1.0,19,0.3333,green,complete_validated_against_result_lap_counts,official_lap_chart,61e7c0e8ca2682cb606c7604b26f433daf6d95c358be5879e2fdbc06135604fd
session_indy_nxt_2025_6454,event_indy_nxt_2025_5496,2025,2025 INDY NXT by Firestone at World Wide Technology Raceway,World Wide Technology Raceway,oval,14,13.0,13.0,0.0,1.0,19,0.3333,green,complete_validated_against_result_lap_counts,official_lap_chart,61e7c0e8ca2682cb606c7604b26f433daf6d95c358be5879e2fdbc06135604fd
session_indy_nxt_2025_6454,event_indy_nxt_2025_5496,2025,2025 INDY NXT by Firestone at World Wide Technology Raceway,World Wide Technology Raceway,oval,15,13.0,13.0,0.0,1.0,19,0.3333,green,complete_validated_against_result_lap_counts,official_lap_chart,61e7c0e8ca2682cb606c7604b26f433daf6d95c358be5879e2fdbc06135604fd
session_indy_nxt_2025_6454,event_indy_nxt_2025_5496,2025,2025 INDY NXT by Firestone at World Wide Technology Raceway,World Wide Technology Raceway,oval,16,13.0,13.0,0.0,1.0,19,0.3333,green,complete_validated_against_result_lap_counts,official_lap_chart,61e7c0e8ca2682cb606c7604b26f433daf6d95c358be5879e2fdbc06135604fd
session_indy_nxt_2025_6454,event_indy_nxt_2025_5496,2025,2025 INDY NXT by Firestone at World Wide Technology Raceway,World Wide Technology Raceway,oval,17,13.0,13.0,0.0,1.0,19,0.3333,green,complete_validated_against_result_lap_counts,official_lap_chart,61e7c0e8ca2682cb606c7604b26f433daf6d95c358be5879e2fdbc06135604fd
session_indy_nxt_2025_6454,event_indy_nxt_2025_5496,2025,2025 INDY NXT by Firestone at World Wide Technology Raceway,World Wide Technology Raceway,oval,18,14.0,13.0,-1.0,0.0,19,0.2778,green,complete_validated_against_result_lap_counts,official_lap_chart,61e7c0e8ca2682cb606c7604b26f433daf6d95c358be5879e2fdbc06135604fd
session_indy_nxt_2025_6454,event_indy_nxt_2025_5496,2025,2025 INDY NXT by Firestone at World Wide Technology Raceway,World Wide Technology Raceway,oval,19,14.0,14.0,0.0,0.0,19,0.2778,green,complete_validated_against_result_lap_counts,official_lap_chart,61e7c0e8ca2682cb606c7604b26f433daf6d95c358be5879e2fdbc06135604fd
session_indy_nxt_2025_6454,event_indy_nxt_2025_5496,2025,2025 INDY NXT by Firestone at World Wide Technology Raceway,World Wide Technology Raceway,oval,20,14.0,14.0,0.0,0.0,19,0.2778,green,complete_validated_against_result_lap_counts,official_lap_chart,61e7c0e8ca2682cb606c7604b26f433daf6d95c358be5879e2fdbc06135604fd
session_indy_nxt_2025_6454,event_indy_nxt_2025_5496,2025,2025 INDY NXT by Firestone at World Wide Technology Raceway,World Wide Technology Raceway,oval,21,14.0,14.0,0.0,0.0,19,0.2778,green,complete_validated_against_result_lap_counts,official_lap_chart,61e7c0e8ca2682cb606c7604b26f433daf6d95c358be5879e2fdbc06135604fd
session_indy_nxt_2025_6454,event_indy_nxt_2025_5496,2025,2025 INDY NXT by Firestone at World Wide Technology Raceway,World Wide Technology Raceway,oval,22,14.0,14.0,0.0,0.0,19,0.2778,green,complete_validated_against_result_lap_counts,official_lap_chart,61e7c0e8ca2682cb606c7604b26f433daf6d95c358be5879e2fdbc06135604fd
session_indy_nxt_2025_6454,event_indy_nxt_2025_5496,2025,2025 INDY NXT by Firestone at World Wide Technology Raceway,World Wide Technology Raceway,oval,23,14.0,14.0,0.0,0.0,19,0.2778,green,complete_validated_against_result_lap_counts,official_lap_chart,61e7c0e8ca2682cb606c7604b26f433daf6d95c358be5879e2fdbc06135604fd
session_indy_nxt_2025_6454,event_indy_nxt_2025_5496,2025,2025 INDY NXT by Firestone at World Wide Technology Raceway,World Wide Technology Raceway,oval,24,14.0,14.0,0.0,0.0,19,0.2778,green,complete_validated_against_result_lap_counts,official_lap_chart,61e7c0e8ca2682cb606c7604b26f433daf6d95c358be5879e2fdbc06135604fd
session_indy_nxt_2025_6454,event_indy_nxt_2025_5496,2025,2025 INDY NXT by Firestone at World Wide Technology Raceway,World Wide Technology Raceway,oval,25,14.0,14.0,0.0,0.0,19,0.2778,green,complete_validated_against_result_lap_counts,official_lap_chart,61e7c0e8ca2682cb606c7604b26f433daf6d95c358be5879e2fdbc06135604fd
session_indy_nxt_2025_6454,event_indy_nxt_2025_5496,2025,2025 INDY NXT by Firestone at World Wide Technology Raceway,World Wide Technology Raceway,oval,26,14.0,14.0,0.0,0.0,19,0.2778,green,complete_validated_against_result_lap_counts,official_lap_chart,61e7c0e8ca2682cb606c7604b26f433daf6d95c358be5879e2fdbc06135604fd
session_indy_nxt_2025_6454,event_indy_nxt_2025_5496,2025,2025 INDY NXT by Firestone at World Wide Technology Raceway,World Wide Technology Raceway,oval,27,14.0,14.0,0.0,0.0,19,0.2778,green,complete_validated_against_result_lap_counts,official_lap_chart,61e7c0e8ca2682cb606c7604b26f433daf6d95c358be5879e2fdbc06135604fd
session_indy_nxt_2025_6454,event_indy_nxt_2025_5496,2025,2025 INDY NXT by Firestone at World Wide Technology Raceway,World Wide Technology Raceway,oval,28,14.0,14.0,0.0,0.0,19,0.2778,green,complete_validated_against_result_lap_counts,official_lap_chart,61e7c0e8ca2682cb606c7604b26f433daf6d95c358be5879e2fdbc06135604fd
session_indy_nxt_2025_6454,event_indy_nxt_2025_5496,2025,2025 INDY NXT by Firestone at World Wide Technology Raceway,World Wide Technology Raceway,oval,29,14.0,14.0,0.0,0.0,19,0.2778,green,complete_validated_against_result_lap_counts,official_lap_chart,61e7c0e8ca2682cb606c7604b26f433daf6d95c358be5879e2fdbc06135604fd
session_indy_nxt_2025_6454,event_indy_nxt_2025_5496,2025,2025 INDY NXT by Firestone at World Wide Technology Raceway,World Wide Technology Raceway,oval,30,14.0,14.0,0.0,0.0,19,0.2778,green,complete_validated_against_result_lap_counts,official_lap_chart,61e7c0e8ca2682cb606c7604b26f433daf6d95c358be5879e2fdbc06135604fd
session_indy_nxt_2025_6454,event_indy_nxt_2025_5496,2025,2025 INDY NXT by Firestone at World Wide Technology Raceway,World Wide Technology Raceway,oval,31,14.0,14.0,0.0,0.0,19,0.2778,green,complete_validated_against_result_lap_counts,official_lap_chart,61e7c0e8ca2682cb606c7604b26f433daf6d95c358be5879e2fdbc06135604fd
session_indy_nxt_2025_6454,event_indy_nxt_2025_5496,2025,2025 INDY NXT by Firestone at World Wide Technology Raceway,World Wide Technology Raceway,oval,32,14.0,14.0,0.0,0.0,19,0.2778,green,complete_validated_against_result_lap_counts,official_lap_chart,61e7c0e8ca2682cb606c7604b26f433daf6d95c358be5879e2fdbc06135604fd
session_indy_nxt_2025_6454,event_indy_nxt_2025_5496,2025,2025 INDY NXT by Firestone at World Wide Technology Raceway,World Wide Technology Raceway,oval,33,14.0,14.0,0.0,0.0,19,0.2778,green,complete_validated_against_result_lap_counts,official_lap_chart,61e7c0e8ca2682cb606c7604b26f433daf6d95c358be5879e2fdbc06135604fd
session_indy_nxt_2025_6454,event_indy_nxt_2025_5496,2025,2025 INDY NXT by Firestone at World Wide Technology Raceway,World Wide Technology Raceway,oval,34,14.0,14.0,0.0,0.0,19,0.2778,green,complete_validated_against_result_lap_counts,official_lap_chart,61e7c0e8ca2682cb606c7604b26f433daf6d95c358be5879e2fdbc06135604fd
session_indy_nxt_2025_6454,event_indy_nxt_2025_5496,2025,2025 INDY NXT by Firestone at World Wide Technology Raceway,World Wide Technology Raceway,oval,35,14.0,14.0,0.0,0.0,18,0.2353,green,complete_validated_against_result_lap_counts,official_lap_chart,61e7c0e8ca2682cb606c7604b26f433daf6d95c358be5879e2fdbc06135604fd
session_indy_nxt_2025_6454,event_indy_nxt_2025_5496,2025,2025 INDY NXT by Firestone at World Wide Technology Raceway,World Wide Technology Raceway,oval,36,14.0,14.0,0.0,0.0,18,0.2353,green,complete_validated_against_result_lap_counts,official_lap_chart,61e7c0e8ca2682cb606c7604b26f433daf6d95c358be5879e2fdbc06135604fd
session_indy_nxt_2025_6454,event_indy_nxt_2025_5496,2025,2025 INDY NXT by Firestone at World Wide Technology Raceway,World Wide Technology Raceway,oval,37,14.0,14.0,0.0,0.0,18,0.2353,green,complete_validated_against_result_lap_counts,official_lap_chart,61e7c0e8ca2682cb606c7604b26f433daf6d95c358be5879e2fdbc06135604fd
session_indy_nxt_2025_6454,event_indy_nxt_2025_5496,2025,2025 INDY NXT by Firestone at World Wide Technology Raceway,World Wide Technology Raceway,oval,38,14.0,14.0,0.0,0.0,18,0.2353,green,complete_validated_against_result_lap_counts,official_lap_chart,61e7c0e8ca2682cb606c7604b26f433daf6d95c358be5879e2fdbc06135604fd
session_indy_nxt_2025_6454,event_indy_nxt_2025_5496,2025,2025 INDY NXT by Firestone at World Wide Technology Raceway,World Wide Technology Raceway,oval,39,14.0,14.0,0.0,0.0,18,0.2353,green,complete_validated_against_result_lap_counts,official_lap_chart,61e7c0e8ca2682cb606c7604b26f433daf6d95c358be5879e2fdbc06135604fd
session_indy_nxt_2025_6454,event_indy_nxt_2025_5496,2025,2025 INDY NXT by Firestone at World Wide Technology Raceway,World Wide Technology Raceway,oval,40,14.0,14.0,0.0,0.0,18,0.2353,green,complete_validated_against_result_lap_counts,official_lap_chart,61e7c0e8ca2682cb606c7604b26f433daf6d95c358be5879e2fdbc06135604fd
session_indy_nxt_2025_6454,event_indy_nxt_2025_5496,2025,2025 INDY NXT by Firestone at World Wide Technology Raceway,World Wide Technology Raceway,oval,41,14.0,14.0,0.0,0.0,18,0.2353,green,complete_validated_against_result_lap_counts,official_lap_chart,61e7c0e8ca2682cb606c7604b26f433daf6d95c358be5879e2fdbc06135604fd
session_indy_nxt_2025_6454,event_indy_nxt_2025_5496,2025,2025 INDY NXT by Firestone at World Wide Technology Raceway,World Wide Technology Raceway,oval,42,14.0,14.0,0.0,0.0,18,0.2353,green,complete_validated_against_result_lap_counts,official_lap_chart,61e7c0e8ca2682cb606c7604b26f433daf6d95c358be5879e2fdbc06135604fd
session_indy_nxt_2025_6454,event_indy_nxt_2025_5496,2025,2025 INDY NXT by Firestone at World Wide Technology Raceway,World Wide Technology Raceway,oval,43,14.0,14.0,0.0,0.0,18,0.2353,green,complete_validated_against_result_lap_counts,official_lap_chart,61e7c0e8ca2682cb606c7604b26f433daf6d95c358be5879e2fdbc06135604fd
session_indy_nxt_2025_6454,event_indy_nxt_2025_5496,2025,2025 INDY NXT by Firestone at World Wide Technology Raceway,World Wide Technology Raceway,oval,44,14.0,14.0,0.0,0.0,18,0.2353,green,complete_validated_against_result_lap_counts,official_lap_chart,61e7c0e8ca2682cb606c7604b26f433daf6d95c358be5879e2fdbc06135604fd
session_indy_nxt_2025_6454,event_indy_nxt_2025_5496,2025,2025 INDY NXT by Firestone at World Wide Technology Raceway,World Wide Technology Raceway,oval,45,14.0,14.0,0.0,0.0,18,0.2353,green,complete_validated_against_result_lap_counts,official_lap_chart,61e7c0e8ca2682cb606c7604b26f433daf6d95c358be5879e2fdbc06135604fd
session_indy_nxt_2025_6454,event_indy_nxt_2025_5496,2025,2025 INDY NXT by Firestone at World Wide Technology Raceway,World Wide Technology Raceway,oval,46,14.0,14.0,0.0,0.0,18,0.2353,green,complete_validated_against_result_lap_counts,official_lap_chart,61e7c0e8ca2682cb606c7604b26f433daf6d95c358be5879e2fdbc06135604fd
session_indy_nxt_2025_6454,event_indy_nxt_2025_5496,2025,2025 INDY NXT by Firestone at World Wide Technology Raceway,World Wide Technology Raceway,oval,47,14.0,14.0,0.0,0.0,18,0.2353,green,complete_validated_against_result_lap_counts,official_lap_chart,61e7c0e8ca2682cb606c7604b26f433daf6d95c358be5879e2fdbc06135604fd
session_indy_nxt_2025_6454,event_indy_nxt_2025_5496,2025,2025 INDY NXT by Firestone at World Wide Technology Raceway,World Wide Technology Raceway,oval,48,14.0,14.0,0.0,0.0,18,0.2353,green,complete_validated_against_result_lap_counts,official_lap_chart,61e7c0e8ca2682cb606c7604b26f433daf6d95c358be5879e2fdbc06135604fd
session_indy_nxt_2025_6454,event_indy_nxt_2025_5496,2025,2025 INDY NXT by Firestone at World Wide Technology Raceway,World Wide Technology Raceway,oval,49,14.0,14.0,0.0,0.0,18,0.2353,green,complete_validated_against_result_lap_counts,official_lap_chart,61e7c0e8ca2682cb606c7604b26f433daf6d95c358be5879e2fdbc06135604fd
session_indy_nxt_2025_6454,event_indy_nxt_2025_5496,2025,2025 INDY NXT by Firestone at World Wide Technology Raceway,World Wide Technology Raceway,oval,50,14.0,14.0,0.0,0.0,18,0.2353,green,complete_validated_against_result_lap_counts,official_lap_chart,61e7c0e8ca2682cb606c7604b26f433daf6d95c358be5879e2fdbc06135604fd
session_indy_nxt_2025_6454,event_indy_nxt_2025_5496,2025,2025 INDY NXT by Firestone at World Wide Technology Raceway,World Wide Technology Raceway,oval,51,14.0,14.0,0.0,0.0,18,0.2353,green,complete_validated_against_result_lap_counts,official_lap_chart,61e7c0e8ca2682cb606c7604b26f433daf6d95c358be5879e2fdbc06135604fd
session_indy_nxt_2025_6454,event_indy_nxt_2025_5496,2025,2025 INDY NXT by Firestone at World Wide Technology Raceway,World Wide Technology Raceway,oval,52,14.0,14.0,0.0,0.0,18,0.2353,green,complete_validated_against_result_lap_counts,official_lap_chart,61e7c0e8ca2682cb606c7604b26f433daf6d95c358be5879e2fdbc06135604fd
session_indy_nxt_2025_6454,event_indy_nxt_2025_5496,2025,2025 INDY NXT by Firestone at World Wide Technology Raceway,World Wide Technology Raceway,oval,53,14.0,14.0,0.0,0.0,18,0.2353,green,complete_validated_against_result_lap_counts,official_lap_chart,61e7c0e8ca2682cb606c7604b26f433daf6d95c358be5879e2fdbc06135604fd
session_indy_nxt_2025_6454,event_indy_nxt_2025_5496,2025,2025 INDY NXT by Firestone at World Wide Technology Raceway,World Wide Technology Raceway,oval,54,14.0,14.0,0.0,0.0,18,0.2353,green,complete_validated_against_result_lap_counts,official_lap_chart,61e7c0e8ca2682cb606c7604b26f433daf6d95c358be5879e2fdbc06135604fd
session_indy_nxt_2025_6454,event_indy_nxt_2025_5496,2025,2025 INDY NXT by Firestone at World Wide Technology Raceway,World Wide Technology Raceway,oval,55,14.0,14.0,0.0,0.0,18,0.2353,green,complete_validated_against_result_lap_counts,official_lap_chart,61e7c0e8ca2682cb606c7604b26f433daf6d95c358be5879e2fdbc06135604fd
session_indy_nxt_2025_6454,event_indy_nxt_2025_5496,2025,2025 INDY NXT by Firestone at World Wide Technology Raceway,World Wide Technology Raceway,oval,56,14.0,14.0,0.0,0.0,18,0.2353,green,complete_validated_against_result_lap_counts,official_lap_chart,61e7c0e8ca2682cb606c7604b26f433daf6d95c358be5879e2fdbc06135604fd
session_indy_nxt_2025_6454,event_indy_nxt_2025_5496,2025,2025 INDY NXT by Firestone at World Wide Technology Raceway,World Wide Technology Raceway,oval,57,14.0,14.0,0.0,0.0,18,0.2353,green,complete_validated_against_result_lap_counts,official_lap_chart,61e7c0e8ca2682cb606c7604b26f433daf6d95c358be5879e2fdbc06135604fd
session_indy_nxt_2025_6454,event_indy_nxt_2025_5496,2025,2025 INDY NXT by Firestone at World Wide Technology Raceway,World Wide Technology Raceway,oval,58,14.0,14.0,0.0,0.0,18,0.2353,green,complete_validated_against_result_lap_counts,official_lap_chart,61e7c0e8ca2682cb606c7604b26f433daf6d95c358be5879e2fdbc06135604fd
session_indy_nxt_2025_6454,event_indy_nxt_2025_5496,2025,2025 INDY NXT by Firestone at World Wide Technology Raceway,World Wide Technology Raceway,oval,59,14.0,14.0,0.0,0.0,18,0.2353,green,complete_validated_against_result_lap_counts,official_lap_chart,61e7c0e8ca2682cb606c7604b26f433daf6d95c358be5879e2fdbc06135604fd
session_indy_nxt_2025_6454,event_indy_nxt_2025_5496,2025,2025 INDY NXT by Firestone at World Wide Technology Raceway,World Wide Technology Raceway,oval,60,14.0,14.0,0.0,0.0,18,0.2353,green,complete_validated_against_result_lap_counts,official_lap_chart,61e7c0e8ca2682cb606c7604b26f433daf6d95c358be5879e2fdbc06135604fd
session_indy_nxt_2025_6454,event_indy_nxt_2025_5496,2025,2025 INDY NXT by Firestone at World Wide Technology Raceway,World Wide Technology Raceway,oval,61,14.0,14.0,0.0,0.0,18,0.2353,green,complete_validated_against_result_lap_counts,official_lap_chart,61e7c0e8ca2682cb606c7604b26f433daf6d95c358be5879e2fdbc06135604fd
session_indy_nxt_2025_6454,event_indy_nxt_2025_5496,2025,2025 INDY NXT by Firestone at World Wide Technology Raceway,World Wide Technology Raceway,oval,62,14.0,14.0,0.0,0.0,18,0.2353,green,complete_validated_against_result_lap_counts,official_lap_chart,61e7c0e8ca2682cb606c7604b26f433daf6d95c358be5879e2fdbc06135604fd
session_indy_nxt_2025_6454,event_indy_nxt_2025_5496,2025,2025 INDY NXT by Firestone at World Wide Technology Raceway,World Wide Technology Raceway,oval,63,14.0,14.0,0.0,0.0,18,0.2353,green,complete_validated_against_result_lap_counts,official_lap_chart,61e7c0e8ca2682cb606c7604b26f433daf6d95c358be5879e2fdbc06135604fd
session_indy_nxt_2025_6454,event_indy_nxt_2025_5496,2025,2025 INDY NXT by Firestone at World Wide Technology Raceway,World Wide Technology Raceway,oval,64,14.0,14.0,0.0,0.0,18,0.2353,green,complete_validated_against_result_lap_counts,official_lap_chart,61e7c0e8ca2682cb606c7604b26f433daf6d95c358be5879e2fdbc06135604fd
session_indy_nxt_2025_6454,event_indy_nxt_2025_5496,2025,2025 INDY NXT by Firestone at World Wide Technology Raceway,World Wide Technology Raceway,oval,65,14.0,14.0,0.0,0.0,18,0.2353,green,complete_validated_against_result_lap_counts,official_lap_chart,61e7c0e8ca2682cb606c7604b26f433daf6d95c358be5879e2fdbc06135604fd
session_indy_nxt_2025_6454,event_indy_nxt_2025_5496,2025,2025 INDY NXT by Firestone at World Wide Technology Raceway,World Wide Technology Raceway,oval,66,14.0,14.0,0.0,0.0,18,0.2353,green,complete_validated_against_result_lap_counts,official_lap_chart,61e7c0e8ca2682cb606c7604b26f433daf6d95c358be5879e2fdbc06135604fd
session_indy_nxt_2025_6454,event_indy_nxt_2025_5496,2025,2025 INDY NXT by Firestone at World Wide Technology Raceway,World Wide Technology Raceway,oval,67,14.0,14.0,0.0,0.0,18,0.2353,green,complete_validated_against_result_lap_counts,official_lap_chart,61e7c0e8ca2682cb606c7604b26f433daf6d95c358be5879e2fdbc06135604fd
session_indy_nxt_2025_6454,event_indy_nxt_2025_5496,2025,2025 INDY NXT by Firestone at World Wide Technology Raceway,World Wide Technology Raceway,oval,68,14.0,14.0,0.0,0.0,18,0.2353,green,complete_validated_against_result_lap_counts,official_lap_chart,61e7c0e8ca2682cb606c7604b26f433daf6d95c358be5879e2fdbc06135604fd
session_indy_nxt_2025_6454,event_indy_nxt_2025_5496,2025,2025 INDY NXT by Firestone at World Wide Technology Raceway,World Wide Technology Raceway,oval,69,14.0,14.0,0.0,0.0,18,0.2353,green,complete_validated_against_result_lap_counts,official_lap_chart,61e7c0e8ca2682cb606c7604b26f433daf6d95c358be5879e2fdbc06135604fd
session_indy_nxt_2025_6454,event_indy_nxt_2025_5496,2025,2025 INDY NXT by Firestone at World Wide Technology Raceway,World Wide Technology Raceway,oval,70,14.0,14.0,0.0,0.0,18,0.2353,green,complete_validated_against_result_lap_counts,official_lap_chart,61e7c0e8ca2682cb606c7604b26f433daf6d95c358be5879e2fdbc06135604fd
session_indy_nxt_2025_6454,event_indy_nxt_2025_5496,2025,2025 INDY NXT by Firestone at World Wide Technology Raceway,World Wide Technology Raceway,oval,71,14.0,14.0,0.0,0.0,18,0.2353,green,complete_validated_against_result_lap_counts,official_lap_chart,61e7c0e8ca2682cb606c7604b26f433daf6d95c358be5879e2fdbc06135604fd
session_indy_nxt_2025_6454,event_indy_nxt_2025_5496,2025,2025 INDY NXT by Firestone at World Wide Technology Raceway,World Wide Technology Raceway,oval,72,14.0,14.0,0.0,0.0,18,0.2353,green,complete_validated_against_result_lap_counts,official_lap_chart,61e7c0e8ca2682cb606c7604b26f433daf6d95c358be5879e2fdbc06135604fd
session_indy_nxt_2025_6454,event_indy_nxt_2025_5496,2025,2025 INDY NXT by Firestone at World Wide Technology Raceway,World Wide Technology Raceway,oval,73,14.0,14.0,0.0,0.0,17,0.1875,green,complete_validated_against_result_lap_counts,official_lap_chart,61e7c0e8ca2682cb606c7604b26f433daf6d95c358be5879e2fdbc06135604fd
session_indy_nxt_2025_6454,event_indy_nxt_2025_5496,2025,2025 INDY NXT by Firestone at World Wide Technology Raceway,World Wide Technology Raceway,oval,74,14.0,14.0,0.0,0.0,15,0.0714,green,complete_validated_against_result_lap_counts,official_lap_chart,61e7c0e8ca2682cb606c7604b26f433daf6d95c358be5879e2fdbc06135604fd
session_indy_nxt_2025_6455,event_indy_nxt_2025_5497,2025,2025 Detroit Grand Prix,Streets of Detroit,street,1,11.0,,,0.0,18,0.4118,caution,complete_validated_against_result_lap_counts,official_lap_chart,61e7c0e8ca2682cb606c7604b26f433daf6d95c358be5879e2fdbc06135604fd
session_indy_nxt_2025_6455,event_indy_nxt_2025_5497,2025,2025 Detroit Grand Prix,Streets of Detroit,street,2,10.0,11.0,1.0,1.0,18,0.4706,caution,complete_validated_against_result_lap_counts,official_lap_chart,61e7c0e8ca2682cb606c7604b26f433daf6d95c358be5879e2fdbc06135604fd
session_indy_nxt_2025_6455,event_indy_nxt_2025_5497,2025,2025 Detroit Grand Prix,Streets of Detroit,street,3,10.0,10.0,0.0,1.0,18,0.4706,restart_lap,complete_validated_against_result_lap_counts,official_lap_chart,61e7c0e8ca2682cb606c7604b26f433daf6d95c358be5879e2fdbc06135604fd
session_indy_nxt_2025_6455,event_indy_nxt_2025_5497,2025,2025 Detroit Grand Prix,Streets of Detroit,street,4,9.0,10.0,1.0,2.0,18,0.5294,green,complete_validated_against_result_lap_counts,official_lap_chart,61e7c0e8ca2682cb606c7604b26f433daf6d95c358be5879e2fdbc06135604fd
session_indy_nxt_2025_6455,event_indy_nxt_2025_5497,2025,2025 Detroit Grand Prix,Streets of Detroit,street,5,9.0,9.0,0.0,2.0,18,0.5294,green,complete_validated_against_result_lap_counts,official_lap_chart,61e7c0e8ca2682cb606c7604b26f433daf6d95c358be5879e2fdbc06135604fd
session_indy_nxt_2025_6455,event_indy_nxt_2025_5497,2025,2025 Detroit Grand Prix,Streets of Detroit,street,6,9.0,9.0,0.0,2.0,18,0.5294,green,complete_validated_against_result_lap_counts,official_lap_chart,61e7c0e8ca2682cb606c7604b26f433daf6d95c358be5879e2fdbc06135604fd
session_indy_nxt_2025_6455,event_indy_nxt_2025_5497,2025,2025 Detroit Grand Prix,Streets of Detroit,street,7,9.0,9.0,0.0,2.0,18,0.5294,green,complete_validated_against_result_lap_counts,official_lap_chart,61e7c0e8ca2682cb606c7604b26f433daf6d95c358be5879e2fdbc06135604fd
session_indy_nxt_2025_6455,event_indy_nxt_2025_5497,2025,2025 Detroit Grand Prix,Streets of Detroit,street,8,9.0,9.0,0.0,2.0,18,0.5294,green,complete_validated_against_result_lap_counts,official_lap_chart,61e7c0e8ca2682cb606c7604b26f433daf6d95c358be5879e2fdbc06135604fd
session_indy_nxt_2025_6455,event_indy_nxt_2025_5497,2025,2025 Detroit Grand Prix,Streets of Detroit,street,9,9.0,9.0,0.0,2.0,18,0.5294,green,complete_validated_against_result_lap_counts,official_lap_chart,61e7c0e8ca2682cb606c7604b26f433daf6d95c358be5879e2fdbc06135604fd
session_indy_nxt_2025_6455,event_indy_nxt_2025_5497,2025,2025 Detroit Grand Prix,Streets of Detroit,street,10,9.0,9.0,0.0,2.0,17,0.5,green,complete_validated_against_result_lap_counts,official_lap_chart,61e7c0e8ca2682cb606c7604b26f433daf6d95c358be5879e2fdbc06135604fd
session_indy_nxt_2025_6455,event_indy_nxt_2025_5497,2025,2025 Detroit Grand Prix,Streets of Detroit,street,11,9.0,9.0,0.0,2.0,17,0.5,green,complete_validated_against_result_lap_counts,official_lap_chart,61e7c0e8ca2682cb606c7604b26f433daf6d95c358be5879e2fdbc06135604fd
session_indy_nxt_2025_6455,event_indy_nxt_2025_5497,2025,2025 Detroit Grand Prix,Streets of Detroit,street,12,9.0,9.0,0.0,2.0,17,0.5,green,complete_validated_against_result_lap_counts,official_lap_chart,61e7c0e8ca2682cb606c7604b26f433daf6d95c358be5879e2fdbc06135604fd
session_indy_nxt_2025_6455,event_indy_nxt_2025_5497,2025,2025 Detroit Grand Prix,Streets of Detroit,street,13,9.0,9.0,0.0,2.0,17,0.5,green,complete_validated_against_result_lap_counts,official_lap_chart,61e7c0e8ca2682cb606c7604b26f433daf6d95c358be5879e2fdbc06135604fd
session_indy_nxt_2025_6455,event_indy_nxt_2025_5497,2025,2025 Detroit Grand Prix,Streets of Detroit,street,14,9.0,9.0,0.0,2.0,17,0.5,green,complete_validated_against_result_lap_counts,official_lap_chart,61e7c0e8ca2682cb606c7604b26f433daf6d95c358be5879e2fdbc06135604fd
session_indy_nxt_2025_6455,event_indy_nxt_2025_5497,2025,2025 Detroit Grand Prix,Streets of Detroit,street,15,9.0,9.0,0.0,2.0,17,0.5,green,complete_validated_against_result_lap_counts,official_lap_chart,61e7c0e8ca2682cb606c7604b26f433daf6d95c358be5879e2fdbc06135604fd
session_indy_nxt_2025_6455,event_indy_nxt_2025_5497,2025,2025 Detroit Grand Prix,Streets of Detroit,street,16,9.0,9.0,0.0,2.0,17,0.5,green,complete_validated_against_result_lap_counts,official_lap_chart,61e7c0e8ca2682cb606c7604b26f433daf6d95c358be5879e2fdbc06135604fd
session_indy_nxt_2025_6455,event_indy_nxt_2025_5497,2025,2025 Detroit Grand Prix,Streets of Detroit,street,17,9.0,9.0,0.0,2.0,17,0.5,green,complete_validated_against_result_lap_counts,official_lap_chart,61e7c0e8ca2682cb606c7604b26f433daf6d95c358be5879e2fdbc06135604fd
session_indy_nxt_2025_6455,event_indy_nxt_2025_5497,2025,2025 Detroit Grand Prix,Streets of Detroit,street,18,9.0,9.0,0.0,2.0,17,0.5,green,complete_validated_against_result_lap_counts,official_lap_chart,61e7c0e8ca2682cb606c7604b26f433daf6d95c358be5879e2fdbc06135604fd
session_indy_nxt_2025_6455,event_indy_nxt_2025_5497,2025,2025 Detroit Grand Prix,Streets of Detroit,street,19,9.0,9.0,0.0,2.0,17,0.5,green,complete_validated_against_result_lap_counts,official_lap_chart,61e7c0e8ca2682cb606c7604b26f433daf6d95c358be5879e2fdbc06135604fd
session_indy_nxt_2025_6455,event_indy_nxt_2025_5497,2025,2025 Detroit Grand Prix,Streets of Detroit,street,20,9.0,9.0,0.0,2.0,17,0.5,green,complete_validated_against_result_lap_counts,official_lap_chart,61e7c0e8ca2682cb606c7604b26f433daf6d95c358be5879e2fdbc06135604fd
session_indy_nxt_2025_6455,event_indy_nxt_2025_5497,2025,2025 Detroit Grand Prix,Streets of Detroit,street,21,9.0,9.0,0.0,2.0,17,0.5,green,complete_validated_against_result_lap_counts,official_lap_chart,61e7c0e8ca2682cb606c7604b26f433daf6d95c358be5879e2fdbc06135604fd
session_indy_nxt_2025_6455,event_indy_nxt_2025_5497,2025,2025 Detroit Grand Prix,Streets of Detroit,street,22,9.0,9.0,0.0,2.0,17,0.5,green,complete_validated_against_result_lap_counts,official_lap_chart,61e7c0e8ca2682cb606c7604b26f433daf6d95c358be5879e2fdbc06135604fd
session_indy_nxt_2025_6455,event_indy_nxt_2025_5497,2025,2025 Detroit Grand Prix,Streets of Detroit,street,23,11.0,9.0,-2.0,0.0,17,0.375,green,complete_validated_against_result_lap_counts,official_lap_chart,61e7c0e8ca2682cb606c7604b26f433daf6d95c358be5879e2fdbc06135604fd
session_indy_nxt_2025_6455,event_indy_nxt_2025_5497,2025,2025 Detroit Grand Prix,Streets of Detroit,street,24,10.0,11.0,1.0,1.0,17,0.4375,green,complete_validated_against_result_lap_counts,official_lap_chart,61e7c0e8ca2682cb606c7604b26f433daf6d95c358be5879e2fdbc06135604fd
session_indy_nxt_2025_6455,event_indy_nxt_2025_5497,2025,2025 Detroit Grand Prix,Streets of Detroit,street,25,10.0,10.0,0.0,1.0,17,0.4375,green,complete_validated_against_result_lap_counts,official_lap_chart,61e7c0e8ca2682cb606c7604b26f433daf6d95c358be5879e2fdbc06135604fd
session_indy_nxt_2025_6455,event_indy_nxt_2025_5497,2025,2025 Detroit Grand Prix,Streets of Detroit,street,26,10.0,10.0,0.0,1.0,17,0.4375,green,complete_validated_against_result_lap_counts,official_lap_chart,61e7c0e8ca2682cb606c7604b26f433daf6d95c358be5879e2fdbc06135604fd
session_indy_nxt_2025_6455,event_indy_nxt_2025_5497,2025,2025 Detroit Grand Prix,Streets of Detroit,street,27,10.0,10.0,0.0,1.0,17,0.4375,green,complete_validated_against_result_lap_counts,official_lap_chart,61e7c0e8ca2682cb606c7604b26f433daf6d95c358be5879e2fdbc06135604fd
session_indy_nxt_2025_6455,event_indy_nxt_2025_5497,2025,2025 Detroit Grand Prix,Streets of Detroit,street,28,10.0,10.0,0.0,1.0,17,0.4375,green,complete_validated_against_result_lap_counts,official_lap_chart,61e7c0e8ca2682cb606c7604b26f433daf6d95c358be5879e2fdbc06135604fd
session_indy_nxt_2025_6455,event_indy_nxt_2025_5497,2025,2025 Detroit Grand Prix,Streets of Detroit,street,29,11.0,10.0,-1.0,0.0,17,0.375,green,complete_validated_against_result_lap_counts,official_lap_chart,61e7c0e8ca2682cb606c7604b26f433daf6d95c358be5879e2fdbc06135604fd
session_indy_nxt_2025_6455,event_indy_nxt_2025_5497,2025,2025 Detroit Grand Prix,Streets of Detroit,street,30,12.0,11.0,-1.0,-1.0,17,0.3125,green,complete_validated_against_result_lap_counts,official_lap_chart,61e7c0e8ca2682cb606c7604b26f433daf6d95c358be5879e2fdbc06135604fd
session_indy_nxt_2025_6455,event_indy_nxt_2025_5497,2025,2025 Detroit Grand Prix,Streets of Detroit,street,31,12.0,12.0,0.0,-1.0,17,0.3125,green,complete_validated_against_result_lap_counts,official_lap_chart,61e7c0e8ca2682cb606c7604b26f433daf6d95c358be5879e2fdbc06135604fd
session_indy_nxt_2025_6455,event_indy_nxt_2025_5497,2025,2025 Detroit Grand Prix,Streets of Detroit,street,32,12.0,12.0,0.0,-1.0,17,0.3125,green,complete_validated_against_result_lap_counts,official_lap_chart,61e7c0e8ca2682cb606c7604b26f433daf6d95c358be5879e2fdbc06135604fd
session_indy_nxt_2025_6455,event_indy_nxt_2025_5497,2025,2025 Detroit Grand Prix,Streets of Detroit,street,33,12.0,12.0,0.0,-1.0,17,0.3125,green,complete_validated_against_result_lap_counts,official_lap_chart,61e7c0e8ca2682cb606c7604b26f433daf6d95c358be5879e2fdbc06135604fd
session_indy_nxt_2025_6455,event_indy_nxt_2025_5497,2025,2025 Detroit Grand Prix,Streets of Detroit,street,34,12.0,12.0,0.0,-1.0,17,0.3125,green,complete_validated_against_result_lap_counts,official_lap_chart,61e7c0e8ca2682cb606c7604b26f433daf6d95c358be5879e2fdbc06135604fd
session_indy_nxt_2025_6455,event_indy_nxt_2025_5497,2025,2025 Detroit Grand Prix,Streets of Detroit,street,35,12.0,12.0,0.0,-1.0,17,0.3125,green,complete_validated_against_result_lap_counts,official_lap_chart,61e7c0e8ca2682cb606c7604b26f433daf6d95c358be5879e2fdbc06135604fd
session_indy_nxt_2025_6455,event_indy_nxt_2025_5497,2025,2025 Detroit Grand Prix,Streets of Detroit,street,36,12.0,12.0,0.0,-1.0,17,0.3125,green,complete_validated_against_result_lap_counts,official_lap_chart,61e7c0e8ca2682cb606c7604b26f433daf6d95c358be5879e2fdbc06135604fd
session_indy_nxt_2025_6455,event_indy_nxt_2025_5497,2025,2025 Detroit Grand Prix,Streets of Detroit,street,37,12.0,12.0,0.0,-1.0,17,0.3125,green,complete_validated_against_result_lap_counts,official_lap_chart,61e7c0e8ca2682cb606c7604b26f433daf6d95c358be5879e2fdbc06135604fd
session_indy_nxt_2025_6455,event_indy_nxt_2025_5497,2025,2025 Detroit Grand Prix,Streets of Detroit,street,38,12.0,12.0,0.0,-1.0,17,0.3125,green,complete_validated_against_result_lap_counts,official_lap_chart,61e7c0e8ca2682cb606c7604b26f433daf6d95c358be5879e2fdbc06135604fd
session_indy_nxt_2025_6455,event_indy_nxt_2025_5497,2025,2025 Detroit Grand Prix,Streets of Detroit,street,39,12.0,12.0,0.0,-1.0,16,0.2667,green,complete_validated_against_result_lap_counts,official_lap_chart,61e7c0e8ca2682cb606c7604b26f433daf6d95c358be5879e2fdbc06135604fd
session_indy_nxt_2025_6455,event_indy_nxt_2025_5497,2025,2025 Detroit Grand Prix,Streets of Detroit,street,40,12.0,12.0,0.0,-1.0,16,0.2667,green,complete_validated_against_result_lap_counts,official_lap_chart,61e7c0e8ca2682cb606c7604b26f433daf6d95c358be5879e2fdbc06135604fd
session_indy_nxt_2025_6455,event_indy_nxt_2025_5497,2025,2025 Detroit Grand Prix,Streets of Detroit,street,41,11.0,12.0,1.0,0.0,15,0.2857,caution,complete_validated_against_result_lap_counts,official_lap_chart,61e7c0e8ca2682cb606c7604b26f433daf6d95c358be5879e2fdbc06135604fd
session_indy_nxt_2025_6455,event_indy_nxt_2025_5497,2025,2025 Detroit Grand Prix,Streets of Detroit,street,42,11.0,11.0,0.0,0.0,14,0.2308,caution,complete_validated_against_result_lap_counts,official_lap_chart,61e7c0e8ca2682cb606c7604b26f433daf6d95c358be5879e2fdbc06135604fd
session_indy_nxt_2025_6455,event_indy_nxt_2025_5497,2025,2025 Detroit Grand Prix,Streets of Detroit,street,43,10.0,11.0,1.0,1.0,14,0.3077,caution,complete_validated_against_result_lap_counts,official_lap_chart,61e7c0e8ca2682cb606c7604b26f433daf6d95c358be5879e2fdbc06135604fd
session_indy_nxt_2025_6455,event_indy_nxt_2025_5497,2025,2025 Detroit Grand Prix,Streets of Detroit,street,44,10.0,10.0,0.0,1.0,13,0.25,restart_lap,complete_validated_against_result_lap_counts,official_lap_chart,61e7c0e8ca2682cb606c7604b26f433daf6d95c358be5879e2fdbc06135604fd
session_indy_nxt_2026_6749,event_indy_nxt_2026_5532,2026,2026 Detroit Grand Prix,Streets of Detroit,street,1,7.0,,,0.0,23,0.7273,caution,partial_visible_laps_only,official_lap_chart,61e7c0e8ca2682cb606c7604b26f433daf6d95c358be5879e2fdbc06135604fd
session_indy_nxt_2026_6749,event_indy_nxt_2026_5532,2026,2026 Detroit Grand Prix,Streets of Detroit,street,2,8.0,7.0,-1.0,-1.0,24,0.6957,caution,partial_visible_laps_only,official_lap_chart,61e7c0e8ca2682cb606c7604b26f433daf6d95c358be5879e2fdbc06135604fd
session_indy_nxt_2026_6749,event_indy_nxt_2026_5532,2026,2026 Detroit Grand Prix,Streets of Detroit,street,3,8.0,8.0,0.0,-1.0,24,0.6957,caution,partial_visible_laps_only,official_lap_chart,61e7c0e8ca2682cb606c7604b26f433daf6d95c358be5879e2fdbc06135604fd
session_indy_nxt_2026_6749,event_indy_nxt_2026_5532,2026,2026 Detroit Grand Prix,Streets of Detroit,street,4,8.0,8.0,0.0,-1.0,24,0.6957,caution,partial_visible_laps_only,official_lap_chart,61e7c0e8ca2682cb606c7604b26f433daf6d95c358be5879e2fdbc06135604fd
session_indy_nxt_2026_6749,event_indy_nxt_2026_5532,2026,2026 Detroit Grand Prix,Streets of Detroit,street,5,8.0,8.0,0.0,-1.0,24,0.6957,caution,partial_visible_laps_only,official_lap_chart,61e7c0e8ca2682cb606c7604b26f433daf6d95c358be5879e2fdbc06135604fd
session_indy_nxt_2026_6749,event_indy_nxt_2026_5532,2026,2026 Detroit Grand Prix,Streets of Detroit,street,6,8.0,8.0,0.0,-1.0,24,0.6957,caution,partial_visible_laps_only,official_lap_chart,61e7c0e8ca2682cb606c7604b26f433daf6d95c358be5879e2fdbc06135604fd
session_indy_nxt_2026_6749,event_indy_nxt_2026_5532,2026,2026 Detroit Grand Prix,Streets of Detroit,street,7,8.0,8.0,0.0,-1.0,24,0.6957,caution,partial_visible_laps_only,official_lap_chart,61e7c0e8ca2682cb606c7604b26f433daf6d95c358be5879e2fdbc06135604fd
session_indy_nxt_2026_6749,event_indy_nxt_2026_5532,2026,2026 Detroit Grand Prix,Streets of Detroit,street,8,8.0,8.0,0.0,-1.0,24,0.6957,restart_lap,partial_visible_laps_only,official_lap_chart,61e7c0e8ca2682cb606c7604b26f433daf6d95c358be5879e2fdbc06135604fd
session_indy_nxt_2026_6749,event_indy_nxt_2026_5532,2026,2026 Detroit Grand Prix,Streets of Detroit,street,9,8.0,8.0,0.0,-1.0,24,0.6957,green,partial_visible_laps_only,official_lap_chart,61e7c0e8ca2682cb606c7604b26f433daf6d95c358be5879e2fdbc06135604fd
session_indy_nxt_2026_6749,event_indy_nxt_2026_5532,2026,2026 Detroit Grand Prix,Streets of Detroit,street,10,7.0,8.0,1.0,0.0,24,0.7391,green,partial_visible_laps_only,official_lap_chart,61e7c0e8ca2682cb606c7604b26f433daf6d95c358be5879e2fdbc06135604fd
session_indy_nxt_2026_6749,event_indy_nxt_2026_5532,2026,2026 Detroit Grand Prix,Streets of Detroit,street,11,7.0,7.0,0.0,0.0,24,0.7391,green,partial_visible_laps_only,official_lap_chart,61e7c0e8ca2682cb606c7604b26f433daf6d95c358be5879e2fdbc06135604fd
session_indy_nxt_2026_6749,event_indy_nxt_2026_5532,2026,2026 Detroit Grand Prix,Streets of Detroit,street,12,7.0,7.0,0.0,0.0,24,0.7391,green,partial_visible_laps_only,official_lap_chart,61e7c0e8ca2682cb606c7604b26f433daf6d95c358be5879e2fdbc06135604fd
session_indy_nxt_2026_6749,event_indy_nxt_2026_5532,2026,2026 Detroit Grand Prix,Streets of Detroit,street,13,7.0,7.0,0.0,0.0,24,0.7391,green,partial_visible_laps_only,official_lap_chart,61e7c0e8ca2682cb606c7604b26f433daf6d95c358be5879e2fdbc06135604fd
session_indy_nxt_2026_6749,event_indy_nxt_2026_5532,2026,2026 Detroit Grand Prix,Streets of Detroit,street,14,7.0,7.0,0.0,0.0,24,0.7391,green,partial_visible_laps_only,official_lap_chart,61e7c0e8ca2682cb606c7604b26f433daf6d95c358be5879e2fdbc06135604fd
session_indy_nxt_2026_6749,event_indy_nxt_2026_5532,2026,2026 Detroit Grand Prix,Streets of Detroit,street,15,7.0,7.0,0.0,0.0,24,0.7391,green,partial_visible_laps_only,official_lap_chart,61e7c0e8ca2682cb606c7604b26f433daf6d95c358be5879e2fdbc06135604fd
session_indy_nxt_2026_6749,event_indy_nxt_2026_5532,2026,2026 Detroit Grand Prix,Streets of Detroit,street,16,7.0,7.0,0.0,0.0,24,0.7391,green,partial_visible_laps_only,official_lap_chart,61e7c0e8ca2682cb606c7604b26f433daf6d95c358be5879e2fdbc06135604fd
session_indy_nxt_2026_6749,event_indy_nxt_2026_5532,2026,2026 Detroit Grand Prix,Streets of Detroit,street,17,7.0,7.0,0.0,0.0,24,0.7391,green,partial_visible_laps_only,official_lap_chart,61e7c0e8ca2682cb606c7604b26f433daf6d95c358be5879e2fdbc06135604fd
session_indy_nxt_2026_6749,event_indy_nxt_2026_5532,2026,2026 Detroit Grand Prix,Streets of Detroit,street,18,7.0,7.0,0.0,0.0,24,0.7391,green,partial_visible_laps_only,official_lap_chart,61e7c0e8ca2682cb606c7604b26f433daf6d95c358be5879e2fdbc06135604fd
session_indy_nxt_2026_6749,event_indy_nxt_2026_5532,2026,2026 Detroit Grand Prix,Streets of Detroit,street,19,7.0,7.0,0.0,0.0,24,0.7391,green,partial_visible_laps_only,official_lap_chart,61e7c0e8ca2682cb606c7604b26f433daf6d95c358be5879e2fdbc06135604fd
session_indy_nxt_2026_6749,event_indy_nxt_2026_5532,2026,2026 Detroit Grand Prix,Streets of Detroit,street,20,7.0,7.0,0.0,0.0,24,0.7391,green,partial_visible_laps_only,official_lap_chart,61e7c0e8ca2682cb606c7604b26f433daf6d95c358be5879e2fdbc06135604fd
session_indy_nxt_2026_6749,event_indy_nxt_2026_5532,2026,2026 Detroit Grand Prix,Streets of Detroit,street,21,7.0,7.0,0.0,0.0,23,0.7273,green,partial_visible_laps_only,official_lap_chart,61e7c0e8ca2682cb606c7604b26f433daf6d95c358be5879e2fdbc06135604fd
session_indy_nxt_2026_6749,event_indy_nxt_2026_5532,2026,2026 Detroit Grand Prix,Streets of Detroit,street,22,6.0,7.0,1.0,1.0,23,0.7727,green,partial_visible_laps_only,official_lap_chart,61e7c0e8ca2682cb606c7604b26f433daf6d95c358be5879e2fdbc06135604fd
session_indy_nxt_2026_6749,event_indy_nxt_2026_5532,2026,2026 Detroit Grand Prix,Streets of Detroit,street,23,6.0,6.0,0.0,1.0,23,0.7727,green,partial_visible_laps_only,official_lap_chart,61e7c0e8ca2682cb606c7604b26f433daf6d95c358be5879e2fdbc06135604fd
session_indy_nxt_2026_6749,event_indy_nxt_2026_5532,2026,2026 Detroit Grand Prix,Streets of Detroit,street,24,6.0,6.0,0.0,1.0,23,0.7727,green,partial_visible_laps_only,official_lap_chart,61e7c0e8ca2682cb606c7604b26f433daf6d95c358be5879e2fdbc06135604fd
session_indy_nxt_2026_6749,event_indy_nxt_2026_5532,2026,2026 Detroit Grand Prix,Streets of Detroit,street,25,6.0,6.0,0.0,1.0,23,0.7727,green,partial_visible_laps_only,official_lap_chart,61e7c0e8ca2682cb606c7604b26f433daf6d95c358be5879e2fdbc06135604fd
session_indy_nxt_2026_6749,event_indy_nxt_2026_5532,2026,2026 Detroit Grand Prix,Streets of Detroit,street,26,6.0,6.0,0.0,1.0,23,0.7727,caution,partial_visible_laps_only,official_lap_chart,61e7c0e8ca2682cb606c7604b26f433daf6d95c358be5879e2fdbc06135604fd
session_indy_nxt_2026_6749,event_indy_nxt_2026_5532,2026,2026 Detroit Grand Prix,Streets of Detroit,street,27,6.0,6.0,0.0,1.0,23,0.7727,caution,partial_visible_laps_only,official_lap_chart,61e7c0e8ca2682cb606c7604b26f433daf6d95c358be5879e2fdbc06135604fd
session_indy_nxt_2026_6749,event_indy_nxt_2026_5532,2026,2026 Detroit Grand Prix,Streets of Detroit,street,28,6.0,6.0,0.0,1.0,23,0.7727,restart_lap,partial_visible_laps_only,official_lap_chart,61e7c0e8ca2682cb606c7604b26f433daf6d95c358be5879e2fdbc06135604fd
session_indy_nxt_2026_6749,event_indy_nxt_2026_5532,2026,2026 Detroit Grand Prix,Streets of Detroit,street,29,6.0,6.0,0.0,1.0,23,0.7727,green,partial_visible_laps_only,official_lap_chart,61e7c0e8ca2682cb606c7604b26f433daf6d95c358be5879e2fdbc06135604fd
session_indy_nxt_2026_6749,event_indy_nxt_2026_5532,2026,2026 Detroit Grand Prix,Streets of Detroit,street,30,6.0,6.0,0.0,1.0,22,0.7619,green,partial_visible_laps_only,official_lap_chart,61e7c0e8ca2682cb606c7604b26f433daf6d95c358be5879e2fdbc06135604fd
session_indy_nxt_2026_6749,event_indy_nxt_2026_5532,2026,2026 Detroit Grand Prix,Streets of Detroit,street,31,6.0,6.0,0.0,1.0,22,0.7619,caution,partial_visible_laps_only,official_lap_chart,61e7c0e8ca2682cb606c7604b26f433daf6d95c358be5879e2fdbc06135604fd
session_indy_nxt_2026_6749,event_indy_nxt_2026_5532,2026,2026 Detroit Grand Prix,Streets of Detroit,street,32,6.0,6.0,0.0,1.0,22,0.7619,caution,partial_visible_laps_only,official_lap_chart,61e7c0e8ca2682cb606c7604b26f433daf6d95c358be5879e2fdbc06135604fd
session_indy_nxt_2026_6749,event_indy_nxt_2026_5532,2026,2026 Detroit Grand Prix,Streets of Detroit,street,33,6.0,6.0,0.0,1.0,22,0.7619,caution,partial_visible_laps_only,official_lap_chart,61e7c0e8ca2682cb606c7604b26f433daf6d95c358be5879e2fdbc06135604fd
session_indy_nxt_2026_6749,event_indy_nxt_2026_5532,2026,2026 Detroit Grand Prix,Streets of Detroit,street,34,6.0,6.0,0.0,1.0,22,0.7619,restart_lap,partial_visible_laps_only,official_lap_chart,61e7c0e8ca2682cb606c7604b26f433daf6d95c358be5879e2fdbc06135604fd
session_indy_nxt_2026_6749,event_indy_nxt_2026_5532,2026,2026 Detroit Grand Prix,Streets of Detroit,street,35,6.0,6.0,0.0,1.0,22,0.7619,green,partial_visible_laps_only,official_lap_chart,61e7c0e8ca2682cb606c7604b26f433daf6d95c358be5879e2fdbc06135604fd
session_indy_nxt_2026_6749,event_indy_nxt_2026_5532,2026,2026 Detroit Grand Prix,Streets of Detroit,street,36,6.0,6.0,0.0,1.0,22,0.7619,green,partial_visible_laps_only,official_lap_chart,61e7c0e8ca2682cb606c7604b26f433daf6d95c358be5879e2fdbc06135604fd
session_indy_nxt_2026_6749,event_indy_nxt_2026_5532,2026,2026 Detroit Grand Prix,Streets of Detroit,street,37,7.0,6.0,-1.0,0.0,22,0.7143,green,partial_visible_laps_only,official_lap_chart,61e7c0e8ca2682cb606c7604b26f433daf6d95c358be5879e2fdbc06135604fd
session_indy_nxt_2026_6749,event_indy_nxt_2026_5532,2026,2026 Detroit Grand Prix,Streets of Detroit,street,38,9.0,7.0,-2.0,-2.0,22,0.619,green,partial_visible_laps_only,official_lap_chart,61e7c0e8ca2682cb606c7604b26f433daf6d95c358be5879e2fdbc06135604fd
session_indy_nxt_2026_6749,event_indy_nxt_2026_5532,2026,2026 Detroit Grand Prix,Streets of Detroit,street,39,9.0,9.0,0.0,-2.0,21,0.6,green,partial_visible_laps_only,official_lap_chart,61e7c0e8ca2682cb606c7604b26f433daf6d95c358be5879e2fdbc06135604fd
session_indy_nxt_2026_6749,event_indy_nxt_2026_5532,2026,2026 Detroit Grand Prix,Streets of Detroit,street,40,8.0,9.0,1.0,-1.0,19,0.6111,caution,partial_visible_laps_only,official_lap_chart,61e7c0e8ca2682cb606c7604b26f433daf6d95c358be5879e2fdbc06135604fd
session_indy_nxt_2026_6749,event_indy_nxt_2026_5532,2026,2026 Detroit Grand Prix,Streets of Detroit,street,41,8.0,8.0,0.0,-1.0,19,0.6111,caution,partial_visible_laps_only,official_lap_chart,61e7c0e8ca2682cb606c7604b26f433daf6d95c358be5879e2fdbc06135604fd
session_indy_nxt_2026_6749,event_indy_nxt_2026_5532,2026,2026 Detroit Grand Prix,Streets of Detroit,street,42,8.0,8.0,0.0,-1.0,19,0.6111,caution,partial_visible_laps_only,official_lap_chart,61e7c0e8ca2682cb606c7604b26f433daf6d95c358be5879e2fdbc06135604fd
session_indy_nxt_2026_6750,event_indy_nxt_2026_5533,2026,2026 Grand Prix of Alabama Race 1,Barber Motorsports Park,road,1,7.0,,,0.0,23,0.7273,caution,complete_validated_against_result_lap_counts,official_lap_chart,61e7c0e8ca2682cb606c7604b26f433daf6d95c358be5879e2fdbc06135604fd
session_indy_nxt_2026_6750,event_indy_nxt_2026_5533,2026,2026 Grand Prix of Alabama Race 1,Barber Motorsports Park,road,2,7.0,7.0,0.0,0.0,23,0.7273,caution,complete_validated_against_result_lap_counts,official_lap_chart,61e7c0e8ca2682cb606c7604b26f433daf6d95c358be5879e2fdbc06135604fd
session_indy_nxt_2026_6750,event_indy_nxt_2026_5533,2026,2026 Grand Prix of Alabama Race 1,Barber Motorsports Park,road,3,7.0,7.0,0.0,0.0,23,0.7273,caution,complete_validated_against_result_lap_counts,official_lap_chart,61e7c0e8ca2682cb606c7604b26f433daf6d95c358be5879e2fdbc06135604fd
session_indy_nxt_2026_6750,event_indy_nxt_2026_5533,2026,2026 Grand Prix of Alabama Race 1,Barber Motorsports Park,road,4,7.0,7.0,0.0,0.0,23,0.7273,restart_lap,complete_validated_against_result_lap_counts,official_lap_chart,61e7c0e8ca2682cb606c7604b26f433daf6d95c358be5879e2fdbc06135604fd
session_indy_nxt_2026_6750,event_indy_nxt_2026_5533,2026,2026 Grand Prix of Alabama Race 1,Barber Motorsports Park,road,5,10.0,7.0,-3.0,-3.0,23,0.5909,green,complete_validated_against_result_lap_counts,official_lap_chart,61e7c0e8ca2682cb606c7604b26f433daf6d95c358be5879e2fdbc06135604fd
session_indy_nxt_2026_6750,event_indy_nxt_2026_5533,2026,2026 Grand Prix of Alabama Race 1,Barber Motorsports Park,road,6,10.0,10.0,0.0,-3.0,23,0.5909,green,complete_validated_against_result_lap_counts,official_lap_chart,61e7c0e8ca2682cb606c7604b26f433daf6d95c358be5879e2fdbc06135604fd
session_indy_nxt_2026_6750,event_indy_nxt_2026_5533,2026,2026 Grand Prix of Alabama Race 1,Barber Motorsports Park,road,7,10.0,10.0,0.0,-3.0,23,0.5909,green,complete_validated_against_result_lap_counts,official_lap_chart,61e7c0e8ca2682cb606c7604b26f433daf6d95c358be5879e2fdbc06135604fd
session_indy_nxt_2026_6750,event_indy_nxt_2026_5533,2026,2026 Grand Prix of Alabama Race 1,Barber Motorsports Park,road,8,10.0,10.0,0.0,-3.0,23,0.5909,green,complete_validated_against_result_lap_counts,official_lap_chart,61e7c0e8ca2682cb606c7604b26f433daf6d95c358be5879e2fdbc06135604fd
session_indy_nxt_2026_6750,event_indy_nxt_2026_5533,2026,2026 Grand Prix of Alabama Race 1,Barber Motorsports Park,road,9,10.0,10.0,0.0,-3.0,23,0.5909,green,complete_validated_against_result_lap_counts,official_lap_chart,61e7c0e8ca2682cb606c7604b26f433daf6d95c358be5879e2fdbc06135604fd
session_indy_nxt_2026_6750,event_indy_nxt_2026_5533,2026,2026 Grand Prix of Alabama Race 1,Barber Motorsports Park,road,10,10.0,10.0,0.0,-3.0,23,0.5909,green,complete_validated_against_result_lap_counts,official_lap_chart,61e7c0e8ca2682cb606c7604b26f433daf6d95c358be5879e2fdbc06135604fd
session_indy_nxt_2026_6750,event_indy_nxt_2026_5533,2026,2026 Grand Prix of Alabama Race 1,Barber Motorsports Park,road,11,10.0,10.0,0.0,-3.0,23,0.5909,green,complete_validated_against_result_lap_counts,official_lap_chart,61e7c0e8ca2682cb606c7604b26f433daf6d95c358be5879e2fdbc06135604fd
session_indy_nxt_2026_6750,event_indy_nxt_2026_5533,2026,2026 Grand Prix of Alabama Race 1,Barber Motorsports Park,road,12,10.0,10.0,0.0,-3.0,23,0.5909,green,complete_validated_against_result_lap_counts,official_lap_chart,61e7c0e8ca2682cb606c7604b26f433daf6d95c358be5879e2fdbc06135604fd
session_indy_nxt_2026_6750,event_indy_nxt_2026_5533,2026,2026 Grand Prix of Alabama Race 1,Barber Motorsports Park,road,13,10.0,10.0,0.0,-3.0,23,0.5909,green,complete_validated_against_result_lap_counts,official_lap_chart,61e7c0e8ca2682cb606c7604b26f433daf6d95c358be5879e2fdbc06135604fd
session_indy_nxt_2026_6750,event_indy_nxt_2026_5533,2026,2026 Grand Prix of Alabama Race 1,Barber Motorsports Park,road,14,10.0,10.0,0.0,-3.0,23,0.5909,green,complete_validated_against_result_lap_counts,official_lap_chart,61e7c0e8ca2682cb606c7604b26f433daf6d95c358be5879e2fdbc06135604fd
session_indy_nxt_2026_6750,event_indy_nxt_2026_5533,2026,2026 Grand Prix of Alabama Race 1,Barber Motorsports Park,road,15,10.0,10.0,0.0,-3.0,23,0.5909,green,complete_validated_against_result_lap_counts,official_lap_chart,61e7c0e8ca2682cb606c7604b26f433daf6d95c358be5879e2fdbc06135604fd
session_indy_nxt_2026_6750,event_indy_nxt_2026_5533,2026,2026 Grand Prix of Alabama Race 1,Barber Motorsports Park,road,16,10.0,10.0,0.0,-3.0,23,0.5909,green,complete_validated_against_result_lap_counts,official_lap_chart,61e7c0e8ca2682cb606c7604b26f433daf6d95c358be5879e2fdbc06135604fd
session_indy_nxt_2026_6750,event_indy_nxt_2026_5533,2026,2026 Grand Prix of Alabama Race 1,Barber Motorsports Park,road,17,10.0,10.0,0.0,-3.0,23,0.5909,green,complete_validated_against_result_lap_counts,official_lap_chart,61e7c0e8ca2682cb606c7604b26f433daf6d95c358be5879e2fdbc06135604fd
session_indy_nxt_2026_6750,event_indy_nxt_2026_5533,2026,2026 Grand Prix of Alabama Race 1,Barber Motorsports Park,road,18,10.0,10.0,0.0,-3.0,23,0.5909,green,complete_validated_against_result_lap_counts,official_lap_chart,61e7c0e8ca2682cb606c7604b26f433daf6d95c358be5879e2fdbc06135604fd
session_indy_nxt_2026_6750,event_indy_nxt_2026_5533,2026,2026 Grand Prix of Alabama Race 1,Barber Motorsports Park,road,19,10.0,10.0,0.0,-3.0,23,0.5909,green,complete_validated_against_result_lap_counts,official_lap_chart,61e7c0e8ca2682cb606c7604b26f433daf6d95c358be5879e2fdbc06135604fd
session_indy_nxt_2026_6750,event_indy_nxt_2026_5533,2026,2026 Grand Prix of Alabama Race 1,Barber Motorsports Park,road,20,10.0,10.0,0.0,-3.0,23,0.5909,green,complete_validated_against_result_lap_counts,official_lap_chart,61e7c0e8ca2682cb606c7604b26f433daf6d95c358be5879e2fdbc06135604fd
session_indy_nxt_2026_6750,event_indy_nxt_2026_5533,2026,2026 Grand Prix of Alabama Race 1,Barber Motorsports Park,road,21,10.0,10.0,0.0,-3.0,23,0.5909,green,complete_validated_against_result_lap_counts,official_lap_chart,61e7c0e8ca2682cb606c7604b26f433daf6d95c358be5879e2fdbc06135604fd
session_indy_nxt_2026_6750,event_indy_nxt_2026_5533,2026,2026 Grand Prix of Alabama Race 1,Barber Motorsports Park,road,22,10.0,10.0,0.0,-3.0,23,0.5909,green,complete_validated_against_result_lap_counts,official_lap_chart,61e7c0e8ca2682cb606c7604b26f433daf6d95c358be5879e2fdbc06135604fd
session_indy_nxt_2026_6750,event_indy_nxt_2026_5533,2026,2026 Grand Prix of Alabama Race 1,Barber Motorsports Park,road,23,10.0,10.0,0.0,-3.0,23,0.5909,green,complete_validated_against_result_lap_counts,official_lap_chart,61e7c0e8ca2682cb606c7604b26f433daf6d95c358be5879e2fdbc06135604fd
session_indy_nxt_2026_6750,event_indy_nxt_2026_5533,2026,2026 Grand Prix of Alabama Race 1,Barber Motorsports Park,road,24,10.0,10.0,0.0,-3.0,23,0.5909,green,complete_validated_against_result_lap_counts,official_lap_chart,61e7c0e8ca2682cb606c7604b26f433daf6d95c358be5879e2fdbc06135604fd
session_indy_nxt_2026_6750,event_indy_nxt_2026_5533,2026,2026 Grand Prix of Alabama Race 1,Barber Motorsports Park,road,25,10.0,10.0,0.0,-3.0,23,0.5909,green,complete_validated_against_result_lap_counts,official_lap_chart,61e7c0e8ca2682cb606c7604b26f433daf6d95c358be5879e2fdbc06135604fd
session_indy_nxt_2026_6750,event_indy_nxt_2026_5533,2026,2026 Grand Prix of Alabama Race 1,Barber Motorsports Park,road,26,10.0,10.0,0.0,-3.0,23,0.5909,green,complete_validated_against_result_lap_counts,official_lap_chart,61e7c0e8ca2682cb606c7604b26f433daf6d95c358be5879e2fdbc06135604fd
session_indy_nxt_2026_6750,event_indy_nxt_2026_5533,2026,2026 Grand Prix of Alabama Race 1,Barber Motorsports Park,road,27,9.0,10.0,1.0,-2.0,23,0.6364,green,complete_validated_against_result_lap_counts,official_lap_chart,61e7c0e8ca2682cb606c7604b26f433daf6d95c358be5879e2fdbc06135604fd
session_indy_nxt_2026_6750,event_indy_nxt_2026_5533,2026,2026 Grand Prix of Alabama Race 1,Barber Motorsports Park,road,28,9.0,9.0,0.0,-2.0,23,0.6364,caution,complete_validated_against_result_lap_counts,official_lap_chart,61e7c0e8ca2682cb606c7604b26f433daf6d95c358be5879e2fdbc06135604fd
session_indy_nxt_2026_6750,event_indy_nxt_2026_5533,2026,2026 Grand Prix of Alabama Race 1,Barber Motorsports Park,road,29,9.0,9.0,0.0,-2.0,23,0.6364,caution,complete_validated_against_result_lap_counts,official_lap_chart,61e7c0e8ca2682cb606c7604b26f433daf6d95c358be5879e2fdbc06135604fd
session_indy_nxt_2026_6750,event_indy_nxt_2026_5533,2026,2026 Grand Prix of Alabama Race 1,Barber Motorsports Park,road,30,9.0,9.0,0.0,-2.0,23,0.6364,restart_lap,complete_validated_against_result_lap_counts,official_lap_chart,61e7c0e8ca2682cb606c7604b26f433daf6d95c358be5879e2fdbc06135604fd
session_indy_nxt_2026_6750,event_indy_nxt_2026_5533,2026,2026 Grand Prix of Alabama Race 1,Barber Motorsports Park,road,31,8.0,9.0,1.0,-1.0,23,0.6818,green,complete_validated_against_result_lap_counts,official_lap_chart,61e7c0e8ca2682cb606c7604b26f433daf6d95c358be5879e2fdbc06135604fd
session_indy_nxt_2026_6750,event_indy_nxt_2026_5533,2026,2026 Grand Prix of Alabama Race 1,Barber Motorsports Park,road,32,8.0,8.0,0.0,-1.0,23,0.6818,green,complete_validated_against_result_lap_counts,official_lap_chart,61e7c0e8ca2682cb606c7604b26f433daf6d95c358be5879e2fdbc06135604fd
session_indy_nxt_2026_6750,event_indy_nxt_2026_5533,2026,2026 Grand Prix of Alabama Race 1,Barber Motorsports Park,road,33,8.0,8.0,0.0,-1.0,23,0.6818,green,complete_validated_against_result_lap_counts,official_lap_chart,61e7c0e8ca2682cb606c7604b26f433daf6d95c358be5879e2fdbc06135604fd
session_indy_nxt_2026_6750,event_indy_nxt_2026_5533,2026,2026 Grand Prix of Alabama Race 1,Barber Motorsports Park,road,34,8.0,8.0,0.0,-1.0,23,0.6818,green,complete_validated_against_result_lap_counts,official_lap_chart,61e7c0e8ca2682cb606c7604b26f433daf6d95c358be5879e2fdbc06135604fd
session_indy_nxt_2026_6750,event_indy_nxt_2026_5533,2026,2026 Grand Prix of Alabama Race 1,Barber Motorsports Park,road,35,8.0,8.0,0.0,-1.0,19,0.6111,green,complete_validated_against_result_lap_counts,official_lap_chart,61e7c0e8ca2682cb606c7604b26f433daf6d95c358be5879e2fdbc06135604fd
session_indy_nxt_2026_6751,event_indy_nxt_2026_5534,2026,2026 Grand Prix of St. Petersburg,Streets of St. Petersburg,street,1,17.0,,,0.0,24,0.3043,caution,complete_validated_against_result_lap_counts,official_lap_chart,61e7c0e8ca2682cb606c7604b26f433daf6d95c358be5879e2fdbc06135604fd
session_indy_nxt_2026_6751,event_indy_nxt_2026_5534,2026,2026 Grand Prix of St. Petersburg,Streets of St. Petersburg,street,2,17.0,17.0,0.0,0.0,24,0.3043,caution,complete_validated_against_result_lap_counts,official_lap_chart,61e7c0e8ca2682cb606c7604b26f433daf6d95c358be5879e2fdbc06135604fd
session_indy_nxt_2026_6751,event_indy_nxt_2026_5534,2026,2026 Grand Prix of St. Petersburg,Streets of St. Petersburg,street,3,17.0,17.0,0.0,0.0,24,0.3043,restart_lap,complete_validated_against_result_lap_counts,official_lap_chart,61e7c0e8ca2682cb606c7604b26f433daf6d95c358be5879e2fdbc06135604fd
session_indy_nxt_2026_6751,event_indy_nxt_2026_5534,2026,2026 Grand Prix of St. Petersburg,Streets of St. Petersburg,street,4,17.0,17.0,0.0,0.0,24,0.3043,green,complete_validated_against_result_lap_counts,official_lap_chart,61e7c0e8ca2682cb606c7604b26f433daf6d95c358be5879e2fdbc06135604fd
session_indy_nxt_2026_6751,event_indy_nxt_2026_5534,2026,2026 Grand Prix of St. Petersburg,Streets of St. Petersburg,street,5,17.0,17.0,0.0,0.0,24,0.3043,green,complete_validated_against_result_lap_counts,official_lap_chart,61e7c0e8ca2682cb606c7604b26f433daf6d95c358be5879e2fdbc06135604fd
session_indy_nxt_2026_6751,event_indy_nxt_2026_5534,2026,2026 Grand Prix of St. Petersburg,Streets of St. Petersburg,street,6,17.0,17.0,0.0,0.0,23,0.2727,caution,complete_validated_against_result_lap_counts,official_lap_chart,61e7c0e8ca2682cb606c7604b26f433daf6d95c358be5879e2fdbc06135604fd
session_indy_nxt_2026_6751,event_indy_nxt_2026_5534,2026,2026 Grand Prix of St. Petersburg,Streets of St. Petersburg,street,7,17.0,17.0,0.0,0.0,23,0.2727,caution,complete_validated_against_result_lap_counts,official_lap_chart,61e7c0e8ca2682cb606c7604b26f433daf6d95c358be5879e2fdbc06135604fd
session_indy_nxt_2026_6751,event_indy_nxt_2026_5534,2026,2026 Grand Prix of St. Petersburg,Streets of St. Petersburg,street,8,17.0,17.0,0.0,0.0,23,0.2727,caution,complete_validated_against_result_lap_counts,official_lap_chart,61e7c0e8ca2682cb606c7604b26f433daf6d95c358be5879e2fdbc06135604fd
session_indy_nxt_2026_6751,event_indy_nxt_2026_5534,2026,2026 Grand Prix of St. Petersburg,Streets of St. Petersburg,street,9,17.0,17.0,0.0,0.0,23,0.2727,restart_lap,complete_validated_against_result_lap_counts,official_lap_chart,61e7c0e8ca2682cb606c7604b26f433daf6d95c358be5879e2fdbc06135604fd
session_indy_nxt_2026_6751,event_indy_nxt_2026_5534,2026,2026 Grand Prix of St. Petersburg,Streets of St. Petersburg,street,10,18.0,17.0,-1.0,-1.0,23,0.2273,green,complete_validated_against_result_lap_counts,official_lap_chart,61e7c0e8ca2682cb606c7604b26f433daf6d95c358be5879e2fdbc06135604fd
session_indy_nxt_2026_6751,event_indy_nxt_2026_5534,2026,2026 Grand Prix of St. Petersburg,Streets of St. Petersburg,street,11,18.0,18.0,0.0,-1.0,23,0.2273,green,complete_validated_against_result_lap_counts,official_lap_chart,61e7c0e8ca2682cb606c7604b26f433daf6d95c358be5879e2fdbc06135604fd
session_indy_nxt_2026_6751,event_indy_nxt_2026_5534,2026,2026 Grand Prix of St. Petersburg,Streets of St. Petersburg,street,12,18.0,18.0,0.0,-1.0,23,0.2273,green,complete_validated_against_result_lap_counts,official_lap_chart,61e7c0e8ca2682cb606c7604b26f433daf6d95c358be5879e2fdbc06135604fd
session_indy_nxt_2026_6751,event_indy_nxt_2026_5534,2026,2026 Grand Prix of St. Petersburg,Streets of St. Petersburg,street,13,18.0,18.0,0.0,-1.0,23,0.2273,green,complete_validated_against_result_lap_counts,official_lap_chart,61e7c0e8ca2682cb606c7604b26f433daf6d95c358be5879e2fdbc06135604fd
session_indy_nxt_2026_6751,event_indy_nxt_2026_5534,2026,2026 Grand Prix of St. Petersburg,Streets of St. Petersburg,street,14,18.0,18.0,0.0,-1.0,23,0.2273,green,complete_validated_against_result_lap_counts,official_lap_chart,61e7c0e8ca2682cb606c7604b26f433daf6d95c358be5879e2fdbc06135604fd
session_indy_nxt_2026_6751,event_indy_nxt_2026_5534,2026,2026 Grand Prix of St. Petersburg,Streets of St. Petersburg,street,15,18.0,18.0,0.0,-1.0,23,0.2273,green,complete_validated_against_result_lap_counts,official_lap_chart,61e7c0e8ca2682cb606c7604b26f433daf6d95c358be5879e2fdbc06135604fd
session_indy_nxt_2026_6751,event_indy_nxt_2026_5534,2026,2026 Grand Prix of St. Petersburg,Streets of St. Petersburg,street,16,17.0,18.0,1.0,0.0,23,0.2727,green,complete_validated_against_result_lap_counts,official_lap_chart,61e7c0e8ca2682cb606c7604b26f433daf6d95c358be5879e2fdbc06135604fd
session_indy_nxt_2026_6751,event_indy_nxt_2026_5534,2026,2026 Grand Prix of St. Petersburg,Streets of St. Petersburg,street,17,16.0,17.0,1.0,1.0,22,0.2857,caution,complete_validated_against_result_lap_counts,official_lap_chart,61e7c0e8ca2682cb606c7604b26f433daf6d95c358be5879e2fdbc06135604fd
session_indy_nxt_2026_6751,event_indy_nxt_2026_5534,2026,2026 Grand Prix of St. Petersburg,Streets of St. Petersburg,street,18,16.0,16.0,0.0,1.0,22,0.2857,caution,complete_validated_against_result_lap_counts,official_lap_chart,61e7c0e8ca2682cb606c7604b26f433daf6d95c358be5879e2fdbc06135604fd
session_indy_nxt_2026_6751,event_indy_nxt_2026_5534,2026,2026 Grand Prix of St. Petersburg,Streets of St. Petersburg,street,19,16.0,16.0,0.0,1.0,22,0.2857,caution,complete_validated_against_result_lap_counts,official_lap_chart,61e7c0e8ca2682cb606c7604b26f433daf6d95c358be5879e2fdbc06135604fd
session_indy_nxt_2026_6751,event_indy_nxt_2026_5534,2026,2026 Grand Prix of St. Petersburg,Streets of St. Petersburg,street,20,17.0,16.0,-1.0,0.0,22,0.2381,restart_lap,complete_validated_against_result_lap_counts,official_lap_chart,61e7c0e8ca2682cb606c7604b26f433daf6d95c358be5879e2fdbc06135604fd
session_indy_nxt_2026_6751,event_indy_nxt_2026_5534,2026,2026 Grand Prix of St. Petersburg,Streets of St. Petersburg,street,21,18.0,17.0,-1.0,-1.0,20,0.1053,caution,complete_validated_against_result_lap_counts,official_lap_chart,61e7c0e8ca2682cb606c7604b26f433daf6d95c358be5879e2fdbc06135604fd
session_indy_nxt_2026_6751,event_indy_nxt_2026_5534,2026,2026 Grand Prix of St. Petersburg,Streets of St. Petersburg,street,22,17.0,18.0,1.0,0.0,20,0.1579,caution,complete_validated_against_result_lap_counts,official_lap_chart,61e7c0e8ca2682cb606c7604b26f433daf6d95c358be5879e2fdbc06135604fd
session_indy_nxt_2026_6751,event_indy_nxt_2026_5534,2026,2026 Grand Prix of St. Petersburg,Streets of St. Petersburg,street,23,16.0,17.0,1.0,1.0,20,0.2105,caution,complete_validated_against_result_lap_counts,official_lap_chart,61e7c0e8ca2682cb606c7604b26f433daf6d95c358be5879e2fdbc06135604fd
session_indy_nxt_2026_6751,event_indy_nxt_2026_5534,2026,2026 Grand Prix of St. Petersburg,Streets of St. Petersburg,street,24,16.0,16.0,0.0,1.0,20,0.2105,caution,complete_validated_against_result_lap_counts,official_lap_chart,61e7c0e8ca2682cb606c7604b26f433daf6d95c358be5879e2fdbc06135604fd
session_indy_nxt_2026_6751,event_indy_nxt_2026_5534,2026,2026 Grand Prix of St. Petersburg,Streets of St. Petersburg,street,25,16.0,16.0,0.0,1.0,20,0.2105,restart_lap,complete_validated_against_result_lap_counts,official_lap_chart,61e7c0e8ca2682cb606c7604b26f433daf6d95c358be5879e2fdbc06135604fd
session_indy_nxt_2026_6751,event_indy_nxt_2026_5534,2026,2026 Grand Prix of St. Petersburg,Streets of St. Petersburg,street,26,18.0,16.0,-2.0,-1.0,20,0.1053,green,complete_validated_against_result_lap_counts,official_lap_chart,61e7c0e8ca2682cb606c7604b26f433daf6d95c358be5879e2fdbc06135604fd
session_indy_nxt_2026_6751,event_indy_nxt_2026_5534,2026,2026 Grand Prix of St. Petersburg,Streets of St. Petersburg,street,27,18.0,18.0,0.0,-1.0,20,0.1053,green,complete_validated_against_result_lap_counts,official_lap_chart,61e7c0e8ca2682cb606c7604b26f433daf6d95c358be5879e2fdbc06135604fd
session_indy_nxt_2026_6751,event_indy_nxt_2026_5534,2026,2026 Grand Prix of St. Petersburg,Streets of St. Petersburg,street,28,18.0,18.0,0.0,-1.0,20,0.1053,green,complete_validated_against_result_lap_counts,official_lap_chart,61e7c0e8ca2682cb606c7604b26f433daf6d95c358be5879e2fdbc06135604fd
session_indy_nxt_2026_6751,event_indy_nxt_2026_5534,2026,2026 Grand Prix of St. Petersburg,Streets of St. Petersburg,street,29,18.0,18.0,0.0,-1.0,20,0.1053,green,complete_validated_against_result_lap_counts,official_lap_chart,61e7c0e8ca2682cb606c7604b26f433daf6d95c358be5879e2fdbc06135604fd
session_indy_nxt_2026_6751,event_indy_nxt_2026_5534,2026,2026 Grand Prix of St. Petersburg,Streets of St. Petersburg,street,30,18.0,18.0,0.0,-1.0,20,0.1053,green,complete_validated_against_result_lap_counts,official_lap_chart,61e7c0e8ca2682cb606c7604b26f433daf6d95c358be5879e2fdbc06135604fd
session_indy_nxt_2026_6751,event_indy_nxt_2026_5534,2026,2026 Grand Prix of St. Petersburg,Streets of St. Petersburg,street,31,18.0,18.0,0.0,-1.0,20,0.1053,green,complete_validated_against_result_lap_counts,official_lap_chart,61e7c0e8ca2682cb606c7604b26f433daf6d95c358be5879e2fdbc06135604fd
session_indy_nxt_2026_6751,event_indy_nxt_2026_5534,2026,2026 Grand Prix of St. Petersburg,Streets of St. Petersburg,street,32,18.0,18.0,0.0,-1.0,20,0.1053,green,complete_validated_against_result_lap_counts,official_lap_chart,61e7c0e8ca2682cb606c7604b26f433daf6d95c358be5879e2fdbc06135604fd
session_indy_nxt_2026_6751,event_indy_nxt_2026_5534,2026,2026 Grand Prix of St. Petersburg,Streets of St. Petersburg,street,33,18.0,18.0,0.0,-1.0,20,0.1053,green,complete_validated_against_result_lap_counts,official_lap_chart,61e7c0e8ca2682cb606c7604b26f433daf6d95c358be5879e2fdbc06135604fd
session_indy_nxt_2026_6751,event_indy_nxt_2026_5534,2026,2026 Grand Prix of St. Petersburg,Streets of St. Petersburg,street,34,18.0,18.0,0.0,-1.0,20,0.1053,green,complete_validated_against_result_lap_counts,official_lap_chart,61e7c0e8ca2682cb606c7604b26f433daf6d95c358be5879e2fdbc06135604fd
session_indy_nxt_2026_6751,event_indy_nxt_2026_5534,2026,2026 Grand Prix of St. Petersburg,Streets of St. Petersburg,street,35,18.0,18.0,0.0,-1.0,20,0.1053,green,complete_validated_against_result_lap_counts,official_lap_chart,61e7c0e8ca2682cb606c7604b26f433daf6d95c358be5879e2fdbc06135604fd
session_indy_nxt_2026_6751,event_indy_nxt_2026_5534,2026,2026 Grand Prix of St. Petersburg,Streets of St. Petersburg,street,36,18.0,18.0,0.0,-1.0,20,0.1053,green,complete_validated_against_result_lap_counts,official_lap_chart,61e7c0e8ca2682cb606c7604b26f433daf6d95c358be5879e2fdbc06135604fd
session_indy_nxt_2026_6751,event_indy_nxt_2026_5534,2026,2026 Grand Prix of St. Petersburg,Streets of St. Petersburg,street,37,18.0,18.0,0.0,-1.0,20,0.1053,green,complete_validated_against_result_lap_counts,official_lap_chart,61e7c0e8ca2682cb606c7604b26f433daf6d95c358be5879e2fdbc06135604fd
session_indy_nxt_2026_6751,event_indy_nxt_2026_5534,2026,2026 Grand Prix of St. Petersburg,Streets of St. Petersburg,street,38,18.0,18.0,0.0,-1.0,20,0.1053,green,complete_validated_against_result_lap_counts,official_lap_chart,61e7c0e8ca2682cb606c7604b26f433daf6d95c358be5879e2fdbc06135604fd
session_indy_nxt_2026_6751,event_indy_nxt_2026_5534,2026,2026 Grand Prix of St. Petersburg,Streets of St. Petersburg,street,39,18.0,18.0,0.0,-1.0,20,0.1053,green,complete_validated_against_result_lap_counts,official_lap_chart,61e7c0e8ca2682cb606c7604b26f433daf6d95c358be5879e2fdbc06135604fd
session_indy_nxt_2026_6751,event_indy_nxt_2026_5534,2026,2026 Grand Prix of St. Petersburg,Streets of St. Petersburg,street,40,18.0,18.0,0.0,-1.0,20,0.1053,green,complete_validated_against_result_lap_counts,official_lap_chart,61e7c0e8ca2682cb606c7604b26f433daf6d95c358be5879e2fdbc06135604fd
session_indy_nxt_2026_6751,event_indy_nxt_2026_5534,2026,2026 Grand Prix of St. Petersburg,Streets of St. Petersburg,street,41,18.0,18.0,0.0,-1.0,20,0.1053,green,complete_validated_against_result_lap_counts,official_lap_chart,61e7c0e8ca2682cb606c7604b26f433daf6d95c358be5879e2fdbc06135604fd
session_indy_nxt_2026_6751,event_indy_nxt_2026_5534,2026,2026 Grand Prix of St. Petersburg,Streets of St. Petersburg,street,42,18.0,18.0,0.0,-1.0,20,0.1053,green,complete_validated_against_result_lap_counts,official_lap_chart,61e7c0e8ca2682cb606c7604b26f433daf6d95c358be5879e2fdbc06135604fd
session_indy_nxt_2026_6752,event_indy_nxt_2026_5535,2026,2026 Grand Prix of Alabama Race 2,Barber Motorsports Park,road,1,7.0,,,0.0,24,0.7391,green,complete_validated_against_result_lap_counts,official_lap_chart,61e7c0e8ca2682cb606c7604b26f433daf6d95c358be5879e2fdbc06135604fd
session_indy_nxt_2026_6752,event_indy_nxt_2026_5535,2026,2026 Grand Prix of Alabama Race 2,Barber Motorsports Park,road,2,7.0,7.0,0.0,0.0,24,0.7391,green,complete_validated_against_result_lap_counts,official_lap_chart,61e7c0e8ca2682cb606c7604b26f433daf6d95c358be5879e2fdbc06135604fd
session_indy_nxt_2026_6752,event_indy_nxt_2026_5535,2026,2026 Grand Prix of Alabama Race 2,Barber Motorsports Park,road,3,7.0,7.0,0.0,0.0,24,0.7391,green,complete_validated_against_result_lap_counts,official_lap_chart,61e7c0e8ca2682cb606c7604b26f433daf6d95c358be5879e2fdbc06135604fd
session_indy_nxt_2026_6752,event_indy_nxt_2026_5535,2026,2026 Grand Prix of Alabama Race 2,Barber Motorsports Park,road,4,7.0,7.0,0.0,0.0,24,0.7391,green,complete_validated_against_result_lap_counts,official_lap_chart,61e7c0e8ca2682cb606c7604b26f433daf6d95c358be5879e2fdbc06135604fd
session_indy_nxt_2026_6752,event_indy_nxt_2026_5535,2026,2026 Grand Prix of Alabama Race 2,Barber Motorsports Park,road,5,7.0,7.0,0.0,0.0,24,0.7391,green,complete_validated_against_result_lap_counts,official_lap_chart,61e7c0e8ca2682cb606c7604b26f433daf6d95c358be5879e2fdbc06135604fd
session_indy_nxt_2026_6752,event_indy_nxt_2026_5535,2026,2026 Grand Prix of Alabama Race 2,Barber Motorsports Park,road,6,7.0,7.0,0.0,0.0,24,0.7391,green,complete_validated_against_result_lap_counts,official_lap_chart,61e7c0e8ca2682cb606c7604b26f433daf6d95c358be5879e2fdbc06135604fd
session_indy_nxt_2026_6752,event_indy_nxt_2026_5535,2026,2026 Grand Prix of Alabama Race 2,Barber Motorsports Park,road,7,7.0,7.0,0.0,0.0,24,0.7391,green,complete_validated_against_result_lap_counts,official_lap_chart,61e7c0e8ca2682cb606c7604b26f433daf6d95c358be5879e2fdbc06135604fd
session_indy_nxt_2026_6752,event_indy_nxt_2026_5535,2026,2026 Grand Prix of Alabama Race 2,Barber Motorsports Park,road,8,7.0,7.0,0.0,0.0,24,0.7391,green,complete_validated_against_result_lap_counts,official_lap_chart,61e7c0e8ca2682cb606c7604b26f433daf6d95c358be5879e2fdbc06135604fd
session_indy_nxt_2026_6752,event_indy_nxt_2026_5535,2026,2026 Grand Prix of Alabama Race 2,Barber Motorsports Park,road,9,7.0,7.0,0.0,0.0,24,0.7391,green,complete_validated_against_result_lap_counts,official_lap_chart,61e7c0e8ca2682cb606c7604b26f433daf6d95c358be5879e2fdbc06135604fd
session_indy_nxt_2026_6752,event_indy_nxt_2026_5535,2026,2026 Grand Prix of Alabama Race 2,Barber Motorsports Park,road,10,7.0,7.0,0.0,0.0,24,0.7391,green,complete_validated_against_result_lap_counts,official_lap_chart,61e7c0e8ca2682cb606c7604b26f433daf6d95c358be5879e2fdbc06135604fd
session_indy_nxt_2026_6752,event_indy_nxt_2026_5535,2026,2026 Grand Prix of Alabama Race 2,Barber Motorsports Park,road,11,7.0,7.0,0.0,0.0,24,0.7391,green,complete_validated_against_result_lap_counts,official_lap_chart,61e7c0e8ca2682cb606c7604b26f433daf6d95c358be5879e2fdbc06135604fd
session_indy_nxt_2026_6752,event_indy_nxt_2026_5535,2026,2026 Grand Prix of Alabama Race 2,Barber Motorsports Park,road,12,7.0,7.0,0.0,0.0,24,0.7391,green,complete_validated_against_result_lap_counts,official_lap_chart,61e7c0e8ca2682cb606c7604b26f433daf6d95c358be5879e2fdbc06135604fd
session_indy_nxt_2026_6752,event_indy_nxt_2026_5535,2026,2026 Grand Prix of Alabama Race 2,Barber Motorsports Park,road,13,7.0,7.0,0.0,0.0,23,0.7273,green,complete_validated_against_result_lap_counts,official_lap_chart,61e7c0e8ca2682cb606c7604b26f433daf6d95c358be5879e2fdbc06135604fd
session_indy_nxt_2026_6752,event_indy_nxt_2026_5535,2026,2026 Grand Prix of Alabama Race 2,Barber Motorsports Park,road,14,7.0,7.0,0.0,0.0,23,0.7273,green,complete_validated_against_result_lap_counts,official_lap_chart,61e7c0e8ca2682cb606c7604b26f433daf6d95c358be5879e2fdbc06135604fd
session_indy_nxt_2026_6752,event_indy_nxt_2026_5535,2026,2026 Grand Prix of Alabama Race 2,Barber Motorsports Park,road,15,7.0,7.0,0.0,0.0,23,0.7273,green,complete_validated_against_result_lap_counts,official_lap_chart,61e7c0e8ca2682cb606c7604b26f433daf6d95c358be5879e2fdbc06135604fd
session_indy_nxt_2026_6752,event_indy_nxt_2026_5535,2026,2026 Grand Prix of Alabama Race 2,Barber Motorsports Park,road,16,7.0,7.0,0.0,0.0,23,0.7273,green,complete_validated_against_result_lap_counts,official_lap_chart,61e7c0e8ca2682cb606c7604b26f433daf6d95c358be5879e2fdbc06135604fd
session_indy_nxt_2026_6752,event_indy_nxt_2026_5535,2026,2026 Grand Prix of Alabama Race 2,Barber Motorsports Park,road,17,7.0,7.0,0.0,0.0,23,0.7273,green,complete_validated_against_result_lap_counts,official_lap_chart,61e7c0e8ca2682cb606c7604b26f433daf6d95c358be5879e2fdbc06135604fd
session_indy_nxt_2026_6752,event_indy_nxt_2026_5535,2026,2026 Grand Prix of Alabama Race 2,Barber Motorsports Park,road,18,7.0,7.0,0.0,0.0,23,0.7273,green,complete_validated_against_result_lap_counts,official_lap_chart,61e7c0e8ca2682cb606c7604b26f433daf6d95c358be5879e2fdbc06135604fd
session_indy_nxt_2026_6752,event_indy_nxt_2026_5535,2026,2026 Grand Prix of Alabama Race 2,Barber Motorsports Park,road,19,7.0,7.0,0.0,0.0,23,0.7273,green,complete_validated_against_result_lap_counts,official_lap_chart,61e7c0e8ca2682cb606c7604b26f433daf6d95c358be5879e2fdbc06135604fd
session_indy_nxt_2026_6752,event_indy_nxt_2026_5535,2026,2026 Grand Prix of Alabama Race 2,Barber Motorsports Park,road,20,7.0,7.0,0.0,0.0,23,0.7273,green,complete_validated_against_result_lap_counts,official_lap_chart,61e7c0e8ca2682cb606c7604b26f433daf6d95c358be5879e2fdbc06135604fd
session_indy_nxt_2026_6752,event_indy_nxt_2026_5535,2026,2026 Grand Prix of Alabama Race 2,Barber Motorsports Park,road,21,7.0,7.0,0.0,0.0,22,0.7143,green,complete_validated_against_result_lap_counts,official_lap_chart,61e7c0e8ca2682cb606c7604b26f433daf6d95c358be5879e2fdbc06135604fd
session_indy_nxt_2026_6752,event_indy_nxt_2026_5535,2026,2026 Grand Prix of Alabama Race 2,Barber Motorsports Park,road,22,7.0,7.0,0.0,0.0,22,0.7143,green,complete_validated_against_result_lap_counts,official_lap_chart,61e7c0e8ca2682cb606c7604b26f433daf6d95c358be5879e2fdbc06135604fd
session_indy_nxt_2026_6752,event_indy_nxt_2026_5535,2026,2026 Grand Prix of Alabama Race 2,Barber Motorsports Park,road,23,7.0,7.0,0.0,0.0,22,0.7143,green,complete_validated_against_result_lap_counts,official_lap_chart,61e7c0e8ca2682cb606c7604b26f433daf6d95c358be5879e2fdbc06135604fd
session_indy_nxt_2026_6752,event_indy_nxt_2026_5535,2026,2026 Grand Prix of Alabama Race 2,Barber Motorsports Park,road,24,7.0,7.0,0.0,0.0,22,0.7143,green,complete_validated_against_result_lap_counts,official_lap_chart,61e7c0e8ca2682cb606c7604b26f433daf6d95c358be5879e2fdbc06135604fd
session_indy_nxt_2026_6752,event_indy_nxt_2026_5535,2026,2026 Grand Prix of Alabama Race 2,Barber Motorsports Park,road,25,7.0,7.0,0.0,0.0,22,0.7143,green,complete_validated_against_result_lap_counts,official_lap_chart,61e7c0e8ca2682cb606c7604b26f433daf6d95c358be5879e2fdbc06135604fd
session_indy_nxt_2026_6752,event_indy_nxt_2026_5535,2026,2026 Grand Prix of Alabama Race 2,Barber Motorsports Park,road,26,7.0,7.0,0.0,0.0,22,0.7143,green,complete_validated_against_result_lap_counts,official_lap_chart,61e7c0e8ca2682cb606c7604b26f433daf6d95c358be5879e2fdbc06135604fd
session_indy_nxt_2026_6752,event_indy_nxt_2026_5535,2026,2026 Grand Prix of Alabama Race 2,Barber Motorsports Park,road,27,7.0,7.0,0.0,0.0,22,0.7143,green,complete_validated_against_result_lap_counts,official_lap_chart,61e7c0e8ca2682cb606c7604b26f433daf6d95c358be5879e2fdbc06135604fd
session_indy_nxt_2026_6752,event_indy_nxt_2026_5535,2026,2026 Grand Prix of Alabama Race 2,Barber Motorsports Park,road,28,7.0,7.0,0.0,0.0,22,0.7143,green,complete_validated_against_result_lap_counts,official_lap_chart,61e7c0e8ca2682cb606c7604b26f433daf6d95c358be5879e2fdbc06135604fd
session_indy_nxt_2026_6752,event_indy_nxt_2026_5535,2026,2026 Grand Prix of Alabama Race 2,Barber Motorsports Park,road,29,7.0,7.0,0.0,0.0,22,0.7143,green,complete_validated_against_result_lap_counts,official_lap_chart,61e7c0e8ca2682cb606c7604b26f433daf6d95c358be5879e2fdbc06135604fd
session_indy_nxt_2026_6752,event_indy_nxt_2026_5535,2026,2026 Grand Prix of Alabama Race 2,Barber Motorsports Park,road,30,7.0,7.0,0.0,0.0,22,0.7143,green,complete_validated_against_result_lap_counts,official_lap_chart,61e7c0e8ca2682cb606c7604b26f433daf6d95c358be5879e2fdbc06135604fd
session_indy_nxt_2026_6753,event_indy_nxt_2026_5536,2026,2026 Grand Prix of Arlington,Streets of Arlington,street,1,20.0,,,0.0,23,0.1364,caution,complete_validated_against_result_lap_counts,official_lap_chart,61e7c0e8ca2682cb606c7604b26f433daf6d95c358be5879e2fdbc06135604fd
session_indy_nxt_2026_6753,event_indy_nxt_2026_5536,2026,2026 Grand Prix of Arlington,Streets of Arlington,street,2,19.0,20.0,1.0,1.0,23,0.1818,caution,complete_validated_against_result_lap_counts,official_lap_chart,61e7c0e8ca2682cb606c7604b26f433daf6d95c358be5879e2fdbc06135604fd
session_indy_nxt_2026_6753,event_indy_nxt_2026_5536,2026,2026 Grand Prix of Arlington,Streets of Arlington,street,3,19.0,19.0,0.0,1.0,23,0.1818,caution,complete_validated_against_result_lap_counts,official_lap_chart,61e7c0e8ca2682cb606c7604b26f433daf6d95c358be5879e2fdbc06135604fd
session_indy_nxt_2026_6753,event_indy_nxt_2026_5536,2026,2026 Grand Prix of Arlington,Streets of Arlington,street,4,19.0,19.0,0.0,1.0,23,0.1818,caution,complete_validated_against_result_lap_counts,official_lap_chart,61e7c0e8ca2682cb606c7604b26f433daf6d95c358be5879e2fdbc06135604fd
session_indy_nxt_2026_6753,event_indy_nxt_2026_5536,2026,2026 Grand Prix of Arlington,Streets of Arlington,street,5,19.0,19.0,0.0,1.0,23,0.1818,restart_lap,complete_validated_against_result_lap_counts,official_lap_chart,61e7c0e8ca2682cb606c7604b26f433daf6d95c358be5879e2fdbc06135604fd
session_indy_nxt_2026_6753,event_indy_nxt_2026_5536,2026,2026 Grand Prix of Arlington,Streets of Arlington,street,6,20.0,19.0,-1.0,0.0,23,0.1364,green,complete_validated_against_result_lap_counts,official_lap_chart,61e7c0e8ca2682cb606c7604b26f433daf6d95c358be5879e2fdbc06135604fd
session_indy_nxt_2026_6753,event_indy_nxt_2026_5536,2026,2026 Grand Prix of Arlington,Streets of Arlington,street,7,21.0,20.0,-1.0,-1.0,23,0.0909,green,complete_validated_against_result_lap_counts,official_lap_chart,61e7c0e8ca2682cb606c7604b26f433daf6d95c358be5879e2fdbc06135604fd
session_indy_nxt_2026_6753,event_indy_nxt_2026_5536,2026,2026 Grand Prix of Arlington,Streets of Arlington,street,8,21.0,21.0,0.0,-1.0,23,0.0909,green,complete_validated_against_result_lap_counts,official_lap_chart,61e7c0e8ca2682cb606c7604b26f433daf6d95c358be5879e2fdbc06135604fd
session_indy_nxt_2026_6753,event_indy_nxt_2026_5536,2026,2026 Grand Prix of Arlington,Streets of Arlington,street,9,21.0,21.0,0.0,-1.0,23,0.0909,green,complete_validated_against_result_lap_counts,official_lap_chart,61e7c0e8ca2682cb606c7604b26f433daf6d95c358be5879e2fdbc06135604fd
session_indy_nxt_2026_6753,event_indy_nxt_2026_5536,2026,2026 Grand Prix of Arlington,Streets of Arlington,street,10,20.0,21.0,1.0,0.0,23,0.1364,green,complete_validated_against_result_lap_counts,official_lap_chart,61e7c0e8ca2682cb606c7604b26f433daf6d95c358be5879e2fdbc06135604fd
session_indy_nxt_2026_6753,event_indy_nxt_2026_5536,2026,2026 Grand Prix of Arlington,Streets of Arlington,street,11,20.0,20.0,0.0,0.0,22,0.0952,caution,complete_validated_against_result_lap_counts,official_lap_chart,61e7c0e8ca2682cb606c7604b26f433daf6d95c358be5879e2fdbc06135604fd
session_indy_nxt_2026_6753,event_indy_nxt_2026_5536,2026,2026 Grand Prix of Arlington,Streets of Arlington,street,12,20.0,20.0,0.0,0.0,22,0.0952,restart_lap,complete_validated_against_result_lap_counts,official_lap_chart,61e7c0e8ca2682cb606c7604b26f433daf6d95c358be5879e2fdbc06135604fd
session_indy_nxt_2026_6753,event_indy_nxt_2026_5536,2026,2026 Grand Prix of Arlington,Streets of Arlington,street,13,20.0,20.0,0.0,0.0,22,0.0952,green,complete_validated_against_result_lap_counts,official_lap_chart,61e7c0e8ca2682cb606c7604b26f433daf6d95c358be5879e2fdbc06135604fd
session_indy_nxt_2026_6753,event_indy_nxt_2026_5536,2026,2026 Grand Prix of Arlington,Streets of Arlington,street,14,20.0,20.0,0.0,0.0,22,0.0952,green,complete_validated_against_result_lap_counts,official_lap_chart,61e7c0e8ca2682cb606c7604b26f433daf6d95c358be5879e2fdbc06135604fd
session_indy_nxt_2026_6753,event_indy_nxt_2026_5536,2026,2026 Grand Prix of Arlington,Streets of Arlington,street,15,18.0,20.0,2.0,2.0,20,0.1053,green,complete_validated_against_result_lap_counts,official_lap_chart,61e7c0e8ca2682cb606c7604b26f433daf6d95c358be5879e2fdbc06135604fd
session_indy_nxt_2026_6754,event_indy_nxt_2026_5537,2026,2026 Grand Prix at Road America Race 2,Road America,road,1,12.0,,,0.0,24,0.5217,green,complete_validated_against_result_lap_counts,official_lap_chart,61e7c0e8ca2682cb606c7604b26f433daf6d95c358be5879e2fdbc06135604fd
session_indy_nxt_2026_6754,event_indy_nxt_2026_5537,2026,2026 Grand Prix at Road America Race 2,Road America,road,2,12.0,12.0,0.0,0.0,24,0.5217,green,complete_validated_against_result_lap_counts,official_lap_chart,61e7c0e8ca2682cb606c7604b26f433daf6d95c358be5879e2fdbc06135604fd
session_indy_nxt_2026_6754,event_indy_nxt_2026_5537,2026,2026 Grand Prix at Road America Race 2,Road America,road,3,11.0,12.0,1.0,1.0,24,0.5652,green,complete_validated_against_result_lap_counts,official_lap_chart,61e7c0e8ca2682cb606c7604b26f433daf6d95c358be5879e2fdbc06135604fd
session_indy_nxt_2026_6754,event_indy_nxt_2026_5537,2026,2026 Grand Prix at Road America Race 2,Road America,road,4,11.0,11.0,0.0,1.0,24,0.5652,green,complete_validated_against_result_lap_counts,official_lap_chart,61e7c0e8ca2682cb606c7604b26f433daf6d95c358be5879e2fdbc06135604fd
session_indy_nxt_2026_6754,event_indy_nxt_2026_5537,2026,2026 Grand Prix at Road America Race 2,Road America,road,5,11.0,11.0,0.0,1.0,24,0.5652,green,complete_validated_against_result_lap_counts,official_lap_chart,61e7c0e8ca2682cb606c7604b26f433daf6d95c358be5879e2fdbc06135604fd
session_indy_nxt_2026_6754,event_indy_nxt_2026_5537,2026,2026 Grand Prix at Road America Race 2,Road America,road,6,11.0,11.0,0.0,1.0,24,0.5652,caution,complete_validated_against_result_lap_counts,official_lap_chart,61e7c0e8ca2682cb606c7604b26f433daf6d95c358be5879e2fdbc06135604fd
session_indy_nxt_2026_6754,event_indy_nxt_2026_5537,2026,2026 Grand Prix at Road America Race 2,Road America,road,7,11.0,11.0,0.0,1.0,24,0.5652,restart_lap,complete_validated_against_result_lap_counts,official_lap_chart,61e7c0e8ca2682cb606c7604b26f433daf6d95c358be5879e2fdbc06135604fd
session_indy_nxt_2026_6754,event_indy_nxt_2026_5537,2026,2026 Grand Prix at Road America Race 2,Road America,road,8,15.0,11.0,-4.0,-3.0,24,0.3913,green,complete_validated_against_result_lap_counts,official_lap_chart,61e7c0e8ca2682cb606c7604b26f433daf6d95c358be5879e2fdbc06135604fd
session_indy_nxt_2026_6754,event_indy_nxt_2026_5537,2026,2026 Grand Prix at Road America Race 2,Road America,road,9,15.0,15.0,0.0,-3.0,24,0.3913,green,complete_validated_against_result_lap_counts,official_lap_chart,61e7c0e8ca2682cb606c7604b26f433daf6d95c358be5879e2fdbc06135604fd
session_indy_nxt_2026_6754,event_indy_nxt_2026_5537,2026,2026 Grand Prix at Road America Race 2,Road America,road,10,14.0,15.0,1.0,-2.0,23,0.4091,green,complete_validated_against_result_lap_counts,official_lap_chart,61e7c0e8ca2682cb606c7604b26f433daf6d95c358be5879e2fdbc06135604fd
session_indy_nxt_2026_6754,event_indy_nxt_2026_5537,2026,2026 Grand Prix at Road America Race 2,Road America,road,11,14.0,14.0,0.0,-2.0,23,0.4091,green,complete_validated_against_result_lap_counts,official_lap_chart,61e7c0e8ca2682cb606c7604b26f433daf6d95c358be5879e2fdbc06135604fd
session_indy_nxt_2026_6754,event_indy_nxt_2026_5537,2026,2026 Grand Prix at Road America Race 2,Road America,road,12,14.0,14.0,0.0,-2.0,23,0.4091,green,complete_validated_against_result_lap_counts,official_lap_chart,61e7c0e8ca2682cb606c7604b26f433daf6d95c358be5879e2fdbc06135604fd
session_indy_nxt_2026_6754,event_indy_nxt_2026_5537,2026,2026 Grand Prix at Road America Race 2,Road America,road,13,14.0,14.0,0.0,-2.0,23,0.4091,green,complete_validated_against_result_lap_counts,official_lap_chart,61e7c0e8ca2682cb606c7604b26f433daf6d95c358be5879e2fdbc06135604fd
session_indy_nxt_2026_6754,event_indy_nxt_2026_5537,2026,2026 Grand Prix at Road America Race 2,Road America,road,14,14.0,14.0,0.0,-2.0,23,0.4091,green,complete_validated_against_result_lap_counts,official_lap_chart,61e7c0e8ca2682cb606c7604b26f433daf6d95c358be5879e2fdbc06135604fd
session_indy_nxt_2026_6754,event_indy_nxt_2026_5537,2026,2026 Grand Prix at Road America Race 2,Road America,road,15,13.0,14.0,1.0,-1.0,22,0.4286,caution,complete_validated_against_result_lap_counts,official_lap_chart,61e7c0e8ca2682cb606c7604b26f433daf6d95c358be5879e2fdbc06135604fd
session_indy_nxt_2026_6754,event_indy_nxt_2026_5537,2026,2026 Grand Prix at Road America Race 2,Road America,road,16,13.0,13.0,0.0,-1.0,21,0.4,caution,complete_validated_against_result_lap_counts,official_lap_chart,61e7c0e8ca2682cb606c7604b26f433daf6d95c358be5879e2fdbc06135604fd
session_indy_nxt_2026_6754,event_indy_nxt_2026_5537,2026,2026 Grand Prix at Road America Race 2,Road America,road,17,13.0,13.0,0.0,-1.0,21,0.4,restart_lap,complete_validated_against_result_lap_counts,official_lap_chart,61e7c0e8ca2682cb606c7604b26f433daf6d95c358be5879e2fdbc06135604fd
session_indy_nxt_2026_6754,event_indy_nxt_2026_5537,2026,2026 Grand Prix at Road America Race 2,Road America,road,18,11.0,13.0,2.0,1.0,19,0.4444,green,complete_validated_against_result_lap_counts,official_lap_chart,61e7c0e8ca2682cb606c7604b26f433daf6d95c358be5879e2fdbc06135604fd
session_indy_nxt_2026_6755,event_indy_nxt_2026_5538,2026,2026 Music City Grand Prix,Nashville Superspeedway,oval,1,5.0,,,0.0,23,0.8182,green,complete_validated_against_result_lap_counts,official_lap_chart,61e7c0e8ca2682cb606c7604b26f433daf6d95c358be5879e2fdbc06135604fd
session_indy_nxt_2026_6755,event_indy_nxt_2026_5538,2026,2026 Music City Grand Prix,Nashville Superspeedway,oval,2,5.0,5.0,0.0,0.0,23,0.8182,green,complete_validated_against_result_lap_counts,official_lap_chart,61e7c0e8ca2682cb606c7604b26f433daf6d95c358be5879e2fdbc06135604fd
session_indy_nxt_2026_6755,event_indy_nxt_2026_5538,2026,2026 Music City Grand Prix,Nashville Superspeedway,oval,3,6.0,5.0,-1.0,-1.0,23,0.7727,green,complete_validated_against_result_lap_counts,official_lap_chart,61e7c0e8ca2682cb606c7604b26f433daf6d95c358be5879e2fdbc06135604fd
session_indy_nxt_2026_6755,event_indy_nxt_2026_5538,2026,2026 Music City Grand Prix,Nashville Superspeedway,oval,4,5.0,6.0,1.0,0.0,23,0.8182,green,complete_validated_against_result_lap_counts,official_lap_chart,61e7c0e8ca2682cb606c7604b26f433daf6d95c358be5879e2fdbc06135604fd
session_indy_nxt_2026_6755,event_indy_nxt_2026_5538,2026,2026 Music City Grand Prix,Nashville Superspeedway,oval,5,5.0,5.0,0.0,0.0,21,0.8,caution,complete_validated_against_result_lap_counts,official_lap_chart,61e7c0e8ca2682cb606c7604b26f433daf6d95c358be5879e2fdbc06135604fd
session_indy_nxt_2026_6755,event_indy_nxt_2026_5538,2026,2026 Music City Grand Prix,Nashville Superspeedway,oval,6,5.0,5.0,0.0,0.0,21,0.8,caution,complete_validated_against_result_lap_counts,official_lap_chart,61e7c0e8ca2682cb606c7604b26f433daf6d95c358be5879e2fdbc06135604fd
session_indy_nxt_2026_6755,event_indy_nxt_2026_5538,2026,2026 Music City Grand Prix,Nashville Superspeedway,oval,7,6.0,5.0,-1.0,-1.0,21,0.75,caution,complete_validated_against_result_lap_counts,official_lap_chart,61e7c0e8ca2682cb606c7604b26f433daf6d95c358be5879e2fdbc06135604fd
session_indy_nxt_2026_6755,event_indy_nxt_2026_5538,2026,2026 Music City Grand Prix,Nashville Superspeedway,oval,8,6.0,6.0,0.0,-1.0,21,0.75,caution,complete_validated_against_result_lap_counts,official_lap_chart,61e7c0e8ca2682cb606c7604b26f433daf6d95c358be5879e2fdbc06135604fd
session_indy_nxt_2026_6755,event_indy_nxt_2026_5538,2026,2026 Music City Grand Prix,Nashville Superspeedway,oval,9,6.0,6.0,0.0,-1.0,21,0.75,caution,complete_validated_against_result_lap_counts,official_lap_chart,61e7c0e8ca2682cb606c7604b26f433daf6d95c358be5879e2fdbc06135604fd
session_indy_nxt_2026_6755,event_indy_nxt_2026_5538,2026,2026 Music City Grand Prix,Nashville Superspeedway,oval,10,6.0,6.0,0.0,-1.0,21,0.75,caution,complete_validated_against_result_lap_counts,official_lap_chart,61e7c0e8ca2682cb606c7604b26f433daf6d95c358be5879e2fdbc06135604fd
session_indy_nxt_2026_6755,event_indy_nxt_2026_5538,2026,2026 Music City Grand Prix,Nashville Superspeedway,oval,11,6.0,6.0,0.0,-1.0,21,0.75,caution,complete_validated_against_result_lap_counts,official_lap_chart,61e7c0e8ca2682cb606c7604b26f433daf6d95c358be5879e2fdbc06135604fd
session_indy_nxt_2026_6755,event_indy_nxt_2026_5538,2026,2026 Music City Grand Prix,Nashville Superspeedway,oval,12,6.0,6.0,0.0,-1.0,21,0.75,caution,complete_validated_against_result_lap_counts,official_lap_chart,61e7c0e8ca2682cb606c7604b26f433daf6d95c358be5879e2fdbc06135604fd
session_indy_nxt_2026_6755,event_indy_nxt_2026_5538,2026,2026 Music City Grand Prix,Nashville Superspeedway,oval,13,6.0,6.0,0.0,-1.0,21,0.75,caution,complete_validated_against_result_lap_counts,official_lap_chart,61e7c0e8ca2682cb606c7604b26f433daf6d95c358be5879e2fdbc06135604fd
session_indy_nxt_2026_6755,event_indy_nxt_2026_5538,2026,2026 Music City Grand Prix,Nashville Superspeedway,oval,14,6.0,6.0,0.0,-1.0,21,0.75,restart_lap,complete_validated_against_result_lap_counts,official_lap_chart,61e7c0e8ca2682cb606c7604b26f433daf6d95c358be5879e2fdbc06135604fd
session_indy_nxt_2026_6755,event_indy_nxt_2026_5538,2026,2026 Music City Grand Prix,Nashville Superspeedway,oval,15,7.0,6.0,-1.0,-2.0,21,0.7,green,complete_validated_against_result_lap_counts,official_lap_chart,61e7c0e8ca2682cb606c7604b26f433daf6d95c358be5879e2fdbc06135604fd
session_indy_nxt_2026_6755,event_indy_nxt_2026_5538,2026,2026 Music City Grand Prix,Nashville Superspeedway,oval,16,9.0,7.0,-2.0,-4.0,21,0.6,green,complete_validated_against_result_lap_counts,official_lap_chart,61e7c0e8ca2682cb606c7604b26f433daf6d95c358be5879e2fdbc06135604fd
session_indy_nxt_2026_6755,event_indy_nxt_2026_5538,2026,2026 Music City Grand Prix,Nashville Superspeedway,oval,17,9.0,9.0,0.0,-4.0,21,0.6,green,complete_validated_against_result_lap_counts,official_lap_chart,61e7c0e8ca2682cb606c7604b26f433daf6d95c358be5879e2fdbc06135604fd
session_indy_nxt_2026_6755,event_indy_nxt_2026_5538,2026,2026 Music City Grand Prix,Nashville Superspeedway,oval,18,9.0,9.0,0.0,-4.0,21,0.6,caution,complete_validated_against_result_lap_counts,official_lap_chart,61e7c0e8ca2682cb606c7604b26f433daf6d95c358be5879e2fdbc06135604fd
session_indy_nxt_2026_6755,event_indy_nxt_2026_5538,2026,2026 Music City Grand Prix,Nashville Superspeedway,oval,19,9.0,9.0,0.0,-4.0,21,0.6,caution,complete_validated_against_result_lap_counts,official_lap_chart,61e7c0e8ca2682cb606c7604b26f433daf6d95c358be5879e2fdbc06135604fd
session_indy_nxt_2026_6755,event_indy_nxt_2026_5538,2026,2026 Music City Grand Prix,Nashville Superspeedway,oval,20,9.0,9.0,0.0,-4.0,21,0.6,restart_lap,complete_validated_against_result_lap_counts,official_lap_chart,61e7c0e8ca2682cb606c7604b26f433daf6d95c358be5879e2fdbc06135604fd
session_indy_nxt_2026_6755,event_indy_nxt_2026_5538,2026,2026 Music City Grand Prix,Nashville Superspeedway,oval,21,9.0,9.0,0.0,-4.0,21,0.6,green,complete_validated_against_result_lap_counts,official_lap_chart,61e7c0e8ca2682cb606c7604b26f433daf6d95c358be5879e2fdbc06135604fd
session_indy_nxt_2026_6755,event_indy_nxt_2026_5538,2026,2026 Music City Grand Prix,Nashville Superspeedway,oval,22,9.0,9.0,0.0,-4.0,20,0.5789,green,complete_validated_against_result_lap_counts,official_lap_chart,61e7c0e8ca2682cb606c7604b26f433daf6d95c358be5879e2fdbc06135604fd
session_indy_nxt_2026_6755,event_indy_nxt_2026_5538,2026,2026 Music City Grand Prix,Nashville Superspeedway,oval,23,9.0,9.0,0.0,-4.0,20,0.5789,green,complete_validated_against_result_lap_counts,official_lap_chart,61e7c0e8ca2682cb606c7604b26f433daf6d95c358be5879e2fdbc06135604fd
session_indy_nxt_2026_6755,event_indy_nxt_2026_5538,2026,2026 Music City Grand Prix,Nashville Superspeedway,oval,24,9.0,9.0,0.0,-4.0,20,0.5789,green,complete_validated_against_result_lap_counts,official_lap_chart,61e7c0e8ca2682cb606c7604b26f433daf6d95c358be5879e2fdbc06135604fd
session_indy_nxt_2026_6755,event_indy_nxt_2026_5538,2026,2026 Music City Grand Prix,Nashville Superspeedway,oval,25,9.0,9.0,0.0,-4.0,20,0.5789,green,complete_validated_against_result_lap_counts,official_lap_chart,61e7c0e8ca2682cb606c7604b26f433daf6d95c358be5879e2fdbc06135604fd
session_indy_nxt_2026_6755,event_indy_nxt_2026_5538,2026,2026 Music City Grand Prix,Nashville Superspeedway,oval,26,9.0,9.0,0.0,-4.0,20,0.5789,green,complete_validated_against_result_lap_counts,official_lap_chart,61e7c0e8ca2682cb606c7604b26f433daf6d95c358be5879e2fdbc06135604fd
session_indy_nxt_2026_6755,event_indy_nxt_2026_5538,2026,2026 Music City Grand Prix,Nashville Superspeedway,oval,27,9.0,9.0,0.0,-4.0,20,0.5789,green,complete_validated_against_result_lap_counts,official_lap_chart,61e7c0e8ca2682cb606c7604b26f433daf6d95c358be5879e2fdbc06135604fd
session_indy_nxt_2026_6755,event_indy_nxt_2026_5538,2026,2026 Music City Grand Prix,Nashville Superspeedway,oval,28,9.0,9.0,0.0,-4.0,20,0.5789,green,complete_validated_against_result_lap_counts,official_lap_chart,61e7c0e8ca2682cb606c7604b26f433daf6d95c358be5879e2fdbc06135604fd
session_indy_nxt_2026_6755,event_indy_nxt_2026_5538,2026,2026 Music City Grand Prix,Nashville Superspeedway,oval,29,9.0,9.0,0.0,-4.0,20,0.5789,green,complete_validated_against_result_lap_counts,official_lap_chart,61e7c0e8ca2682cb606c7604b26f433daf6d95c358be5879e2fdbc06135604fd
session_indy_nxt_2026_6755,event_indy_nxt_2026_5538,2026,2026 Music City Grand Prix,Nashville Superspeedway,oval,30,9.0,9.0,0.0,-4.0,20,0.5789,green,complete_validated_against_result_lap_counts,official_lap_chart,61e7c0e8ca2682cb606c7604b26f433daf6d95c358be5879e2fdbc06135604fd
session_indy_nxt_2026_6755,event_indy_nxt_2026_5538,2026,2026 Music City Grand Prix,Nashville Superspeedway,oval,31,9.0,9.0,0.0,-4.0,20,0.5789,green,complete_validated_against_result_lap_counts,official_lap_chart,61e7c0e8ca2682cb606c7604b26f433daf6d95c358be5879e2fdbc06135604fd
session_indy_nxt_2026_6755,event_indy_nxt_2026_5538,2026,2026 Music City Grand Prix,Nashville Superspeedway,oval,32,9.0,9.0,0.0,-4.0,20,0.5789,green,complete_validated_against_result_lap_counts,official_lap_chart,61e7c0e8ca2682cb606c7604b26f433daf6d95c358be5879e2fdbc06135604fd
session_indy_nxt_2026_6755,event_indy_nxt_2026_5538,2026,2026 Music City Grand Prix,Nashville Superspeedway,oval,33,9.0,9.0,0.0,-4.0,20,0.5789,green,complete_validated_against_result_lap_counts,official_lap_chart,61e7c0e8ca2682cb606c7604b26f433daf6d95c358be5879e2fdbc06135604fd
session_indy_nxt_2026_6755,event_indy_nxt_2026_5538,2026,2026 Music City Grand Prix,Nashville Superspeedway,oval,34,9.0,9.0,0.0,-4.0,20,0.5789,green,complete_validated_against_result_lap_counts,official_lap_chart,61e7c0e8ca2682cb606c7604b26f433daf6d95c358be5879e2fdbc06135604fd
session_indy_nxt_2026_6755,event_indy_nxt_2026_5538,2026,2026 Music City Grand Prix,Nashville Superspeedway,oval,35,9.0,9.0,0.0,-4.0,20,0.5789,green,complete_validated_against_result_lap_counts,official_lap_chart,61e7c0e8ca2682cb606c7604b26f433daf6d95c358be5879e2fdbc06135604fd
session_indy_nxt_2026_6755,event_indy_nxt_2026_5538,2026,2026 Music City Grand Prix,Nashville Superspeedway,oval,36,9.0,9.0,0.0,-4.0,20,0.5789,green,complete_validated_against_result_lap_counts,official_lap_chart,61e7c0e8ca2682cb606c7604b26f433daf6d95c358be5879e2fdbc06135604fd
session_indy_nxt_2026_6755,event_indy_nxt_2026_5538,2026,2026 Music City Grand Prix,Nashville Superspeedway,oval,37,9.0,9.0,0.0,-4.0,20,0.5789,green,complete_validated_against_result_lap_counts,official_lap_chart,61e7c0e8ca2682cb606c7604b26f433daf6d95c358be5879e2fdbc06135604fd
session_indy_nxt_2026_6755,event_indy_nxt_2026_5538,2026,2026 Music City Grand Prix,Nashville Superspeedway,oval,38,9.0,9.0,0.0,-4.0,20,0.5789,green,complete_validated_against_result_lap_counts,official_lap_chart,61e7c0e8ca2682cb606c7604b26f433daf6d95c358be5879e2fdbc06135604fd
session_indy_nxt_2026_6755,event_indy_nxt_2026_5538,2026,2026 Music City Grand Prix,Nashville Superspeedway,oval,39,9.0,9.0,0.0,-4.0,20,0.5789,green,complete_validated_against_result_lap_counts,official_lap_chart,61e7c0e8ca2682cb606c7604b26f433daf6d95c358be5879e2fdbc06135604fd
session_indy_nxt_2026_6755,event_indy_nxt_2026_5538,2026,2026 Music City Grand Prix,Nashville Superspeedway,oval,40,9.0,9.0,0.0,-4.0,19,0.5556,green,complete_validated_against_result_lap_counts,official_lap_chart,61e7c0e8ca2682cb606c7604b26f433daf6d95c358be5879e2fdbc06135604fd
session_indy_nxt_2026_6755,event_indy_nxt_2026_5538,2026,2026 Music City Grand Prix,Nashville Superspeedway,oval,41,10.0,9.0,-1.0,-5.0,19,0.5,green,complete_validated_against_result_lap_counts,official_lap_chart,61e7c0e8ca2682cb606c7604b26f433daf6d95c358be5879e2fdbc06135604fd
session_indy_nxt_2026_6755,event_indy_nxt_2026_5538,2026,2026 Music City Grand Prix,Nashville Superspeedway,oval,42,10.0,10.0,0.0,-5.0,19,0.5,green,complete_validated_against_result_lap_counts,official_lap_chart,61e7c0e8ca2682cb606c7604b26f433daf6d95c358be5879e2fdbc06135604fd
session_indy_nxt_2026_6755,event_indy_nxt_2026_5538,2026,2026 Music City Grand Prix,Nashville Superspeedway,oval,43,10.0,10.0,0.0,-5.0,19,0.5,green,complete_validated_against_result_lap_counts,official_lap_chart,61e7c0e8ca2682cb606c7604b26f433daf6d95c358be5879e2fdbc06135604fd
session_indy_nxt_2026_6755,event_indy_nxt_2026_5538,2026,2026 Music City Grand Prix,Nashville Superspeedway,oval,44,10.0,10.0,0.0,-5.0,19,0.5,green,complete_validated_against_result_lap_counts,official_lap_chart,61e7c0e8ca2682cb606c7604b26f433daf6d95c358be5879e2fdbc06135604fd
session_indy_nxt_2026_6755,event_indy_nxt_2026_5538,2026,2026 Music City Grand Prix,Nashville Superspeedway,oval,45,10.0,10.0,0.0,-5.0,19,0.5,green,complete_validated_against_result_lap_counts,official_lap_chart,61e7c0e8ca2682cb606c7604b26f433daf6d95c358be5879e2fdbc06135604fd
session_indy_nxt_2026_6755,event_indy_nxt_2026_5538,2026,2026 Music City Grand Prix,Nashville Superspeedway,oval,46,10.0,10.0,0.0,-5.0,19,0.5,green,complete_validated_against_result_lap_counts,official_lap_chart,61e7c0e8ca2682cb606c7604b26f433daf6d95c358be5879e2fdbc06135604fd
session_indy_nxt_2026_6755,event_indy_nxt_2026_5538,2026,2026 Music City Grand Prix,Nashville Superspeedway,oval,47,10.0,10.0,0.0,-5.0,19,0.5,green,complete_validated_against_result_lap_counts,official_lap_chart,61e7c0e8ca2682cb606c7604b26f433daf6d95c358be5879e2fdbc06135604fd
session_indy_nxt_2026_6755,event_indy_nxt_2026_5538,2026,2026 Music City Grand Prix,Nashville Superspeedway,oval,48,10.0,10.0,0.0,-5.0,19,0.5,green,complete_validated_against_result_lap_counts,official_lap_chart,61e7c0e8ca2682cb606c7604b26f433daf6d95c358be5879e2fdbc06135604fd
session_indy_nxt_2026_6755,event_indy_nxt_2026_5538,2026,2026 Music City Grand Prix,Nashville Superspeedway,oval,49,10.0,10.0,0.0,-5.0,19,0.5,green,complete_validated_against_result_lap_counts,official_lap_chart,61e7c0e8ca2682cb606c7604b26f433daf6d95c358be5879e2fdbc06135604fd
session_indy_nxt_2026_6755,event_indy_nxt_2026_5538,2026,2026 Music City Grand Prix,Nashville Superspeedway,oval,50,10.0,10.0,0.0,-5.0,19,0.5,green,complete_validated_against_result_lap_counts,official_lap_chart,61e7c0e8ca2682cb606c7604b26f433daf6d95c358be5879e2fdbc06135604fd
session_indy_nxt_2026_6755,event_indy_nxt_2026_5538,2026,2026 Music City Grand Prix,Nashville Superspeedway,oval,51,10.0,10.0,0.0,-5.0,19,0.5,green,complete_validated_against_result_lap_counts,official_lap_chart,61e7c0e8ca2682cb606c7604b26f433daf6d95c358be5879e2fdbc06135604fd
session_indy_nxt_2026_6755,event_indy_nxt_2026_5538,2026,2026 Music City Grand Prix,Nashville Superspeedway,oval,52,10.0,10.0,0.0,-5.0,19,0.5,green,complete_validated_against_result_lap_counts,official_lap_chart,61e7c0e8ca2682cb606c7604b26f433daf6d95c358be5879e2fdbc06135604fd
session_indy_nxt_2026_6755,event_indy_nxt_2026_5538,2026,2026 Music City Grand Prix,Nashville Superspeedway,oval,53,10.0,10.0,0.0,-5.0,18,0.4706,green,complete_validated_against_result_lap_counts,official_lap_chart,61e7c0e8ca2682cb606c7604b26f433daf6d95c358be5879e2fdbc06135604fd
session_indy_nxt_2026_6755,event_indy_nxt_2026_5538,2026,2026 Music City Grand Prix,Nashville Superspeedway,oval,54,10.0,10.0,0.0,-5.0,18,0.4706,green,complete_validated_against_result_lap_counts,official_lap_chart,61e7c0e8ca2682cb606c7604b26f433daf6d95c358be5879e2fdbc06135604fd
session_indy_nxt_2026_6755,event_indy_nxt_2026_5538,2026,2026 Music City Grand Prix,Nashville Superspeedway,oval,55,10.0,10.0,0.0,-5.0,18,0.4706,green,complete_validated_against_result_lap_counts,official_lap_chart,61e7c0e8ca2682cb606c7604b26f433daf6d95c358be5879e2fdbc06135604fd
session_indy_nxt_2026_6755,event_indy_nxt_2026_5538,2026,2026 Music City Grand Prix,Nashville Superspeedway,oval,56,10.0,10.0,0.0,-5.0,18,0.4706,green,complete_validated_against_result_lap_counts,official_lap_chart,61e7c0e8ca2682cb606c7604b26f433daf6d95c358be5879e2fdbc06135604fd
session_indy_nxt_2026_6755,event_indy_nxt_2026_5538,2026,2026 Music City Grand Prix,Nashville Superspeedway,oval,57,10.0,10.0,0.0,-5.0,18,0.4706,green,complete_validated_against_result_lap_counts,official_lap_chart,61e7c0e8ca2682cb606c7604b26f433daf6d95c358be5879e2fdbc06135604fd
session_indy_nxt_2026_6755,event_indy_nxt_2026_5538,2026,2026 Music City Grand Prix,Nashville Superspeedway,oval,58,10.0,10.0,0.0,-5.0,18,0.4706,green,complete_validated_against_result_lap_counts,official_lap_chart,61e7c0e8ca2682cb606c7604b26f433daf6d95c358be5879e2fdbc06135604fd
session_indy_nxt_2026_6755,event_indy_nxt_2026_5538,2026,2026 Music City Grand Prix,Nashville Superspeedway,oval,59,10.0,10.0,0.0,-5.0,18,0.4706,green,complete_validated_against_result_lap_counts,official_lap_chart,61e7c0e8ca2682cb606c7604b26f433daf6d95c358be5879e2fdbc06135604fd
session_indy_nxt_2026_6755,event_indy_nxt_2026_5538,2026,2026 Music City Grand Prix,Nashville Superspeedway,oval,60,10.0,10.0,0.0,-5.0,18,0.4706,green,complete_validated_against_result_lap_counts,official_lap_chart,61e7c0e8ca2682cb606c7604b26f433daf6d95c358be5879e2fdbc06135604fd
session_indy_nxt_2026_6755,event_indy_nxt_2026_5538,2026,2026 Music City Grand Prix,Nashville Superspeedway,oval,61,10.0,10.0,0.0,-5.0,18,0.4706,green,complete_validated_against_result_lap_counts,official_lap_chart,61e7c0e8ca2682cb606c7604b26f433daf6d95c358be5879e2fdbc06135604fd
session_indy_nxt_2026_6755,event_indy_nxt_2026_5538,2026,2026 Music City Grand Prix,Nashville Superspeedway,oval,62,10.0,10.0,0.0,-5.0,18,0.4706,green,complete_validated_against_result_lap_counts,official_lap_chart,61e7c0e8ca2682cb606c7604b26f433daf6d95c358be5879e2fdbc06135604fd
session_indy_nxt_2026_6755,event_indy_nxt_2026_5538,2026,2026 Music City Grand Prix,Nashville Superspeedway,oval,63,10.0,10.0,0.0,-5.0,17,0.4375,green,complete_validated_against_result_lap_counts,official_lap_chart,61e7c0e8ca2682cb606c7604b26f433daf6d95c358be5879e2fdbc06135604fd
session_indy_nxt_2026_6755,event_indy_nxt_2026_5538,2026,2026 Music City Grand Prix,Nashville Superspeedway,oval,64,10.0,10.0,0.0,-5.0,17,0.4375,green,complete_validated_against_result_lap_counts,official_lap_chart,61e7c0e8ca2682cb606c7604b26f433daf6d95c358be5879e2fdbc06135604fd
session_indy_nxt_2026_6755,event_indy_nxt_2026_5538,2026,2026 Music City Grand Prix,Nashville Superspeedway,oval,65,10.0,10.0,0.0,-5.0,17,0.4375,green,complete_validated_against_result_lap_counts,official_lap_chart,61e7c0e8ca2682cb606c7604b26f433daf6d95c358be5879e2fdbc06135604fd
session_indy_nxt_2026_6756,event_indy_nxt_2026_5539,2026,2026 Indianapolis Grand Prix Race 1,Indianapolis Motor Speedway Road Course,road,1,14.0,,,0.0,24,0.4348,green,complete_validated_against_result_lap_counts,official_lap_chart,61e7c0e8ca2682cb606c7604b26f433daf6d95c358be5879e2fdbc06135604fd
session_indy_nxt_2026_6756,event_indy_nxt_2026_5539,2026,2026 Indianapolis Grand Prix Race 1,Indianapolis Motor Speedway Road Course,road,2,13.0,14.0,1.0,1.0,24,0.4783,green,complete_validated_against_result_lap_counts,official_lap_chart,61e7c0e8ca2682cb606c7604b26f433daf6d95c358be5879e2fdbc06135604fd
session_indy_nxt_2026_6756,event_indy_nxt_2026_5539,2026,2026 Indianapolis Grand Prix Race 1,Indianapolis Motor Speedway Road Course,road,3,13.0,13.0,0.0,1.0,24,0.4783,green,complete_validated_against_result_lap_counts,official_lap_chart,61e7c0e8ca2682cb606c7604b26f433daf6d95c358be5879e2fdbc06135604fd
session_indy_nxt_2026_6756,event_indy_nxt_2026_5539,2026,2026 Indianapolis Grand Prix Race 1,Indianapolis Motor Speedway Road Course,road,4,13.0,13.0,0.0,1.0,24,0.4783,green,complete_validated_against_result_lap_counts,official_lap_chart,61e7c0e8ca2682cb606c7604b26f433daf6d95c358be5879e2fdbc06135604fd
session_indy_nxt_2026_6756,event_indy_nxt_2026_5539,2026,2026 Indianapolis Grand Prix Race 1,Indianapolis Motor Speedway Road Course,road,5,13.0,13.0,0.0,1.0,24,0.4783,green,complete_validated_against_result_lap_counts,official_lap_chart,61e7c0e8ca2682cb606c7604b26f433daf6d95c358be5879e2fdbc06135604fd
session_indy_nxt_2026_6756,event_indy_nxt_2026_5539,2026,2026 Indianapolis Grand Prix Race 1,Indianapolis Motor Speedway Road Course,road,6,13.0,13.0,0.0,1.0,24,0.4783,green,complete_validated_against_result_lap_counts,official_lap_chart,61e7c0e8ca2682cb606c7604b26f433daf6d95c358be5879e2fdbc06135604fd
session_indy_nxt_2026_6756,event_indy_nxt_2026_5539,2026,2026 Indianapolis Grand Prix Race 1,Indianapolis Motor Speedway Road Course,road,7,13.0,13.0,0.0,1.0,24,0.4783,green,complete_validated_against_result_lap_counts,official_lap_chart,61e7c0e8ca2682cb606c7604b26f433daf6d95c358be5879e2fdbc06135604fd
session_indy_nxt_2026_6756,event_indy_nxt_2026_5539,2026,2026 Indianapolis Grand Prix Race 1,Indianapolis Motor Speedway Road Course,road,8,13.0,13.0,0.0,1.0,24,0.4783,green,complete_validated_against_result_lap_counts,official_lap_chart,61e7c0e8ca2682cb606c7604b26f433daf6d95c358be5879e2fdbc06135604fd
session_indy_nxt_2026_6756,event_indy_nxt_2026_5539,2026,2026 Indianapolis Grand Prix Race 1,Indianapolis Motor Speedway Road Course,road,9,13.0,13.0,0.0,1.0,24,0.4783,green,complete_validated_against_result_lap_counts,official_lap_chart,61e7c0e8ca2682cb606c7604b26f433daf6d95c358be5879e2fdbc06135604fd
session_indy_nxt_2026_6756,event_indy_nxt_2026_5539,2026,2026 Indianapolis Grand Prix Race 1,Indianapolis Motor Speedway Road Course,road,10,13.0,13.0,0.0,1.0,24,0.4783,green,complete_validated_against_result_lap_counts,official_lap_chart,61e7c0e8ca2682cb606c7604b26f433daf6d95c358be5879e2fdbc06135604fd
session_indy_nxt_2026_6756,event_indy_nxt_2026_5539,2026,2026 Indianapolis Grand Prix Race 1,Indianapolis Motor Speedway Road Course,road,11,13.0,13.0,0.0,1.0,24,0.4783,caution,complete_validated_against_result_lap_counts,official_lap_chart,61e7c0e8ca2682cb606c7604b26f433daf6d95c358be5879e2fdbc06135604fd
session_indy_nxt_2026_6756,event_indy_nxt_2026_5539,2026,2026 Indianapolis Grand Prix Race 1,Indianapolis Motor Speedway Road Course,road,12,16.0,13.0,-3.0,-2.0,24,0.3478,caution,complete_validated_against_result_lap_counts,official_lap_chart,61e7c0e8ca2682cb606c7604b26f433daf6d95c358be5879e2fdbc06135604fd
session_indy_nxt_2026_6756,event_indy_nxt_2026_5539,2026,2026 Indianapolis Grand Prix Race 1,Indianapolis Motor Speedway Road Course,road,13,13.0,16.0,3.0,1.0,24,0.4783,caution,complete_validated_against_result_lap_counts,official_lap_chart,61e7c0e8ca2682cb606c7604b26f433daf6d95c358be5879e2fdbc06135604fd
session_indy_nxt_2026_6756,event_indy_nxt_2026_5539,2026,2026 Indianapolis Grand Prix Race 1,Indianapolis Motor Speedway Road Course,road,14,13.0,13.0,0.0,1.0,24,0.4783,caution,complete_validated_against_result_lap_counts,official_lap_chart,61e7c0e8ca2682cb606c7604b26f433daf6d95c358be5879e2fdbc06135604fd
session_indy_nxt_2026_6756,event_indy_nxt_2026_5539,2026,2026 Indianapolis Grand Prix Race 1,Indianapolis Motor Speedway Road Course,road,15,13.0,13.0,0.0,1.0,24,0.4783,caution,complete_validated_against_result_lap_counts,official_lap_chart,61e7c0e8ca2682cb606c7604b26f433daf6d95c358be5879e2fdbc06135604fd
session_indy_nxt_2026_6756,event_indy_nxt_2026_5539,2026,2026 Indianapolis Grand Prix Race 1,Indianapolis Motor Speedway Road Course,road,16,13.0,13.0,0.0,1.0,24,0.4783,restart_lap,complete_validated_against_result_lap_counts,official_lap_chart,61e7c0e8ca2682cb606c7604b26f433daf6d95c358be5879e2fdbc06135604fd
session_indy_nxt_2026_6756,event_indy_nxt_2026_5539,2026,2026 Indianapolis Grand Prix Race 1,Indianapolis Motor Speedway Road Course,road,17,10.0,13.0,3.0,4.0,24,0.6087,green,complete_validated_against_result_lap_counts,official_lap_chart,61e7c0e8ca2682cb606c7604b26f433daf6d95c358be5879e2fdbc06135604fd
session_indy_nxt_2026_6756,event_indy_nxt_2026_5539,2026,2026 Indianapolis Grand Prix Race 1,Indianapolis Motor Speedway Road Course,road,18,10.0,10.0,0.0,4.0,24,0.6087,green,complete_validated_against_result_lap_counts,official_lap_chart,61e7c0e8ca2682cb606c7604b26f433daf6d95c358be5879e2fdbc06135604fd
session_indy_nxt_2026_6756,event_indy_nxt_2026_5539,2026,2026 Indianapolis Grand Prix Race 1,Indianapolis Motor Speedway Road Course,road,19,11.0,10.0,-1.0,3.0,24,0.5652,green,complete_validated_against_result_lap_counts,official_lap_chart,61e7c0e8ca2682cb606c7604b26f433daf6d95c358be5879e2fdbc06135604fd
session_indy_nxt_2026_6756,event_indy_nxt_2026_5539,2026,2026 Indianapolis Grand Prix Race 1,Indianapolis Motor Speedway Road Course,road,20,12.0,11.0,-1.0,2.0,24,0.5217,green,complete_validated_against_result_lap_counts,official_lap_chart,61e7c0e8ca2682cb606c7604b26f433daf6d95c358be5879e2fdbc06135604fd
session_indy_nxt_2026_6756,event_indy_nxt_2026_5539,2026,2026 Indianapolis Grand Prix Race 1,Indianapolis Motor Speedway Road Course,road,21,12.0,12.0,0.0,2.0,24,0.5217,green,complete_validated_against_result_lap_counts,official_lap_chart,61e7c0e8ca2682cb606c7604b26f433daf6d95c358be5879e2fdbc06135604fd
session_indy_nxt_2026_6756,event_indy_nxt_2026_5539,2026,2026 Indianapolis Grand Prix Race 1,Indianapolis Motor Speedway Road Course,road,22,11.0,12.0,1.0,3.0,23,0.5455,green,complete_validated_against_result_lap_counts,official_lap_chart,61e7c0e8ca2682cb606c7604b26f433daf6d95c358be5879e2fdbc06135604fd
session_indy_nxt_2026_6756,event_indy_nxt_2026_5539,2026,2026 Indianapolis Grand Prix Race 1,Indianapolis Motor Speedway Road Course,road,23,11.0,11.0,0.0,3.0,23,0.5455,green,complete_validated_against_result_lap_counts,official_lap_chart,61e7c0e8ca2682cb606c7604b26f433daf6d95c358be5879e2fdbc06135604fd
session_indy_nxt_2026_6756,event_indy_nxt_2026_5539,2026,2026 Indianapolis Grand Prix Race 1,Indianapolis Motor Speedway Road Course,road,24,11.0,11.0,0.0,3.0,23,0.5455,green,complete_validated_against_result_lap_counts,official_lap_chart,61e7c0e8ca2682cb606c7604b26f433daf6d95c358be5879e2fdbc06135604fd
session_indy_nxt_2026_6756,event_indy_nxt_2026_5539,2026,2026 Indianapolis Grand Prix Race 1,Indianapolis Motor Speedway Road Course,road,25,11.0,11.0,0.0,3.0,23,0.5455,green,complete_validated_against_result_lap_counts,official_lap_chart,61e7c0e8ca2682cb606c7604b26f433daf6d95c358be5879e2fdbc06135604fd
session_indy_nxt_2026_6756,event_indy_nxt_2026_5539,2026,2026 Indianapolis Grand Prix Race 1,Indianapolis Motor Speedway Road Course,road,26,11.0,11.0,0.0,3.0,23,0.5455,green,complete_validated_against_result_lap_counts,official_lap_chart,61e7c0e8ca2682cb606c7604b26f433daf6d95c358be5879e2fdbc06135604fd
session_indy_nxt_2026_6756,event_indy_nxt_2026_5539,2026,2026 Indianapolis Grand Prix Race 1,Indianapolis Motor Speedway Road Course,road,27,11.0,11.0,0.0,3.0,23,0.5455,green,complete_validated_against_result_lap_counts,official_lap_chart,61e7c0e8ca2682cb606c7604b26f433daf6d95c358be5879e2fdbc06135604fd
session_indy_nxt_2026_6756,event_indy_nxt_2026_5539,2026,2026 Indianapolis Grand Prix Race 1,Indianapolis Motor Speedway Road Course,road,28,22.0,11.0,-11.0,-8.0,22,0.0,green,complete_validated_against_result_lap_counts,official_lap_chart,61e7c0e8ca2682cb606c7604b26f433daf6d95c358be5879e2fdbc06135604fd
session_indy_nxt_2026_6757,event_indy_nxt_2026_5540,2026,2026 INDY NXT by Firestone at Milwaukee Mile,The Milwaukee Mile,oval,1,14.0,,,0.0,23,0.4091,green,partial_visible_laps_only,official_lap_chart,61e7c0e8ca2682cb606c7604b26f433daf6d95c358be5879e2fdbc06135604fd
session_indy_nxt_2026_6757,event_indy_nxt_2026_5540,2026,2026 INDY NXT by Firestone at Milwaukee Mile,The Milwaukee Mile,oval,2,15.0,14.0,-1.0,-1.0,23,0.3636,green,partial_visible_laps_only,official_lap_chart,61e7c0e8ca2682cb606c7604b26f433daf6d95c358be5879e2fdbc06135604fd
session_indy_nxt_2026_6757,event_indy_nxt_2026_5540,2026,2026 INDY NXT by Firestone at Milwaukee Mile,The Milwaukee Mile,oval,3,15.0,15.0,0.0,-1.0,23,0.3636,green,partial_visible_laps_only,official_lap_chart,61e7c0e8ca2682cb606c7604b26f433daf6d95c358be5879e2fdbc06135604fd
session_indy_nxt_2026_6757,event_indy_nxt_2026_5540,2026,2026 INDY NXT by Firestone at Milwaukee Mile,The Milwaukee Mile,oval,4,15.0,15.0,0.0,-1.0,23,0.3636,green,partial_visible_laps_only,official_lap_chart,61e7c0e8ca2682cb606c7604b26f433daf6d95c358be5879e2fdbc06135604fd
session_indy_nxt_2026_6757,event_indy_nxt_2026_5540,2026,2026 INDY NXT by Firestone at Milwaukee Mile,The Milwaukee Mile,oval,5,15.0,15.0,0.0,-1.0,23,0.3636,green,partial_visible_laps_only,official_lap_chart,61e7c0e8ca2682cb606c7604b26f433daf6d95c358be5879e2fdbc06135604fd
session_indy_nxt_2026_6757,event_indy_nxt_2026_5540,2026,2026 INDY NXT by Firestone at Milwaukee Mile,The Milwaukee Mile,oval,6,15.0,15.0,0.0,-1.0,23,0.3636,green,partial_visible_laps_only,official_lap_chart,61e7c0e8ca2682cb606c7604b26f433daf6d95c358be5879e2fdbc06135604fd
session_indy_nxt_2026_6757,event_indy_nxt_2026_5540,2026,2026 INDY NXT by Firestone at Milwaukee Mile,The Milwaukee Mile,oval,7,15.0,15.0,0.0,-1.0,23,0.3636,green,partial_visible_laps_only,official_lap_chart,61e7c0e8ca2682cb606c7604b26f433daf6d95c358be5879e2fdbc06135604fd
session_indy_nxt_2026_6757,event_indy_nxt_2026_5540,2026,2026 INDY NXT by Firestone at Milwaukee Mile,The Milwaukee Mile,oval,8,15.0,15.0,0.0,-1.0,23,0.3636,green,partial_visible_laps_only,official_lap_chart,61e7c0e8ca2682cb606c7604b26f433daf6d95c358be5879e2fdbc06135604fd
session_indy_nxt_2026_6757,event_indy_nxt_2026_5540,2026,2026 INDY NXT by Firestone at Milwaukee Mile,The Milwaukee Mile,oval,9,15.0,15.0,0.0,-1.0,23,0.3636,green,partial_visible_laps_only,official_lap_chart,61e7c0e8ca2682cb606c7604b26f433daf6d95c358be5879e2fdbc06135604fd
session_indy_nxt_2026_6757,event_indy_nxt_2026_5540,2026,2026 INDY NXT by Firestone at Milwaukee Mile,The Milwaukee Mile,oval,10,15.0,15.0,0.0,-1.0,23,0.3636,green,partial_visible_laps_only,official_lap_chart,61e7c0e8ca2682cb606c7604b26f433daf6d95c358be5879e2fdbc06135604fd
session_indy_nxt_2026_6757,event_indy_nxt_2026_5540,2026,2026 INDY NXT by Firestone at Milwaukee Mile,The Milwaukee Mile,oval,11,15.0,15.0,0.0,-1.0,23,0.3636,green,partial_visible_laps_only,official_lap_chart,61e7c0e8ca2682cb606c7604b26f433daf6d95c358be5879e2fdbc06135604fd
session_indy_nxt_2026_6757,event_indy_nxt_2026_5540,2026,2026 INDY NXT by Firestone at Milwaukee Mile,The Milwaukee Mile,oval,12,15.0,15.0,0.0,-1.0,23,0.3636,green,partial_visible_laps_only,official_lap_chart,61e7c0e8ca2682cb606c7604b26f433daf6d95c358be5879e2fdbc06135604fd
session_indy_nxt_2026_6757,event_indy_nxt_2026_5540,2026,2026 INDY NXT by Firestone at Milwaukee Mile,The Milwaukee Mile,oval,13,15.0,15.0,0.0,-1.0,23,0.3636,green,partial_visible_laps_only,official_lap_chart,61e7c0e8ca2682cb606c7604b26f433daf6d95c358be5879e2fdbc06135604fd
session_indy_nxt_2026_6757,event_indy_nxt_2026_5540,2026,2026 INDY NXT by Firestone at Milwaukee Mile,The Milwaukee Mile,oval,14,15.0,15.0,0.0,-1.0,23,0.3636,green,partial_visible_laps_only,official_lap_chart,61e7c0e8ca2682cb606c7604b26f433daf6d95c358be5879e2fdbc06135604fd
session_indy_nxt_2026_6757,event_indy_nxt_2026_5540,2026,2026 INDY NXT by Firestone at Milwaukee Mile,The Milwaukee Mile,oval,15,15.0,15.0,0.0,-1.0,23,0.3636,green,partial_visible_laps_only,official_lap_chart,61e7c0e8ca2682cb606c7604b26f433daf6d95c358be5879e2fdbc06135604fd
session_indy_nxt_2026_6757,event_indy_nxt_2026_5540,2026,2026 INDY NXT by Firestone at Milwaukee Mile,The Milwaukee Mile,oval,16,15.0,15.0,0.0,-1.0,23,0.3636,green,partial_visible_laps_only,official_lap_chart,61e7c0e8ca2682cb606c7604b26f433daf6d95c358be5879e2fdbc06135604fd
session_indy_nxt_2026_6757,event_indy_nxt_2026_5540,2026,2026 INDY NXT by Firestone at Milwaukee Mile,The Milwaukee Mile,oval,17,15.0,15.0,0.0,-1.0,23,0.3636,green,partial_visible_laps_only,official_lap_chart,61e7c0e8ca2682cb606c7604b26f433daf6d95c358be5879e2fdbc06135604fd
session_indy_nxt_2026_6757,event_indy_nxt_2026_5540,2026,2026 INDY NXT by Firestone at Milwaukee Mile,The Milwaukee Mile,oval,18,15.0,15.0,0.0,-1.0,23,0.3636,green,partial_visible_laps_only,official_lap_chart,61e7c0e8ca2682cb606c7604b26f433daf6d95c358be5879e2fdbc06135604fd
session_indy_nxt_2026_6757,event_indy_nxt_2026_5540,2026,2026 INDY NXT by Firestone at Milwaukee Mile,The Milwaukee Mile,oval,19,15.0,15.0,0.0,-1.0,23,0.3636,green,partial_visible_laps_only,official_lap_chart,61e7c0e8ca2682cb606c7604b26f433daf6d95c358be5879e2fdbc06135604fd
session_indy_nxt_2026_6757,event_indy_nxt_2026_5540,2026,2026 INDY NXT by Firestone at Milwaukee Mile,The Milwaukee Mile,oval,20,15.0,15.0,0.0,-1.0,23,0.3636,green,partial_visible_laps_only,official_lap_chart,61e7c0e8ca2682cb606c7604b26f433daf6d95c358be5879e2fdbc06135604fd
session_indy_nxt_2026_6757,event_indy_nxt_2026_5540,2026,2026 INDY NXT by Firestone at Milwaukee Mile,The Milwaukee Mile,oval,21,15.0,15.0,0.0,-1.0,23,0.3636,green,partial_visible_laps_only,official_lap_chart,61e7c0e8ca2682cb606c7604b26f433daf6d95c358be5879e2fdbc06135604fd
session_indy_nxt_2026_6757,event_indy_nxt_2026_5540,2026,2026 INDY NXT by Firestone at Milwaukee Mile,The Milwaukee Mile,oval,22,15.0,15.0,0.0,-1.0,23,0.3636,green,partial_visible_laps_only,official_lap_chart,61e7c0e8ca2682cb606c7604b26f433daf6d95c358be5879e2fdbc06135604fd
session_indy_nxt_2026_6757,event_indy_nxt_2026_5540,2026,2026 INDY NXT by Firestone at Milwaukee Mile,The Milwaukee Mile,oval,23,15.0,15.0,0.0,-1.0,23,0.3636,green,partial_visible_laps_only,official_lap_chart,61e7c0e8ca2682cb606c7604b26f433daf6d95c358be5879e2fdbc06135604fd
session_indy_nxt_2026_6757,event_indy_nxt_2026_5540,2026,2026 INDY NXT by Firestone at Milwaukee Mile,The Milwaukee Mile,oval,24,15.0,15.0,0.0,-1.0,23,0.3636,green,partial_visible_laps_only,official_lap_chart,61e7c0e8ca2682cb606c7604b26f433daf6d95c358be5879e2fdbc06135604fd
session_indy_nxt_2026_6757,event_indy_nxt_2026_5540,2026,2026 INDY NXT by Firestone at Milwaukee Mile,The Milwaukee Mile,oval,25,15.0,15.0,0.0,-1.0,23,0.3636,green,partial_visible_laps_only,official_lap_chart,61e7c0e8ca2682cb606c7604b26f433daf6d95c358be5879e2fdbc06135604fd
session_indy_nxt_2026_6757,event_indy_nxt_2026_5540,2026,2026 INDY NXT by Firestone at Milwaukee Mile,The Milwaukee Mile,oval,26,15.0,15.0,0.0,-1.0,23,0.3636,green,partial_visible_laps_only,official_lap_chart,61e7c0e8ca2682cb606c7604b26f433daf6d95c358be5879e2fdbc06135604fd
session_indy_nxt_2026_6757,event_indy_nxt_2026_5540,2026,2026 INDY NXT by Firestone at Milwaukee Mile,The Milwaukee Mile,oval,27,15.0,15.0,0.0,-1.0,23,0.3636,green,partial_visible_laps_only,official_lap_chart,61e7c0e8ca2682cb606c7604b26f433daf6d95c358be5879e2fdbc06135604fd
session_indy_nxt_2026_6757,event_indy_nxt_2026_5540,2026,2026 INDY NXT by Firestone at Milwaukee Mile,The Milwaukee Mile,oval,28,15.0,15.0,0.0,-1.0,23,0.3636,green,partial_visible_laps_only,official_lap_chart,61e7c0e8ca2682cb606c7604b26f433daf6d95c358be5879e2fdbc06135604fd
session_indy_nxt_2026_6757,event_indy_nxt_2026_5540,2026,2026 INDY NXT by Firestone at Milwaukee Mile,The Milwaukee Mile,oval,29,15.0,15.0,0.0,-1.0,23,0.3636,green,partial_visible_laps_only,official_lap_chart,61e7c0e8ca2682cb606c7604b26f433daf6d95c358be5879e2fdbc06135604fd
session_indy_nxt_2026_6757,event_indy_nxt_2026_5540,2026,2026 INDY NXT by Firestone at Milwaukee Mile,The Milwaukee Mile,oval,30,15.0,15.0,0.0,-1.0,23,0.3636,green,partial_visible_laps_only,official_lap_chart,61e7c0e8ca2682cb606c7604b26f433daf6d95c358be5879e2fdbc06135604fd
session_indy_nxt_2026_6757,event_indy_nxt_2026_5540,2026,2026 INDY NXT by Firestone at Milwaukee Mile,The Milwaukee Mile,oval,31,15.0,15.0,0.0,-1.0,23,0.3636,green,partial_visible_laps_only,official_lap_chart,61e7c0e8ca2682cb606c7604b26f433daf6d95c358be5879e2fdbc06135604fd
session_indy_nxt_2026_6757,event_indy_nxt_2026_5540,2026,2026 INDY NXT by Firestone at Milwaukee Mile,The Milwaukee Mile,oval,32,15.0,15.0,0.0,-1.0,23,0.3636,green,partial_visible_laps_only,official_lap_chart,61e7c0e8ca2682cb606c7604b26f433daf6d95c358be5879e2fdbc06135604fd
session_indy_nxt_2026_6757,event_indy_nxt_2026_5540,2026,2026 INDY NXT by Firestone at Milwaukee Mile,The Milwaukee Mile,oval,33,15.0,15.0,0.0,-1.0,23,0.3636,green,partial_visible_laps_only,official_lap_chart,61e7c0e8ca2682cb606c7604b26f433daf6d95c358be5879e2fdbc06135604fd
session_indy_nxt_2026_6757,event_indy_nxt_2026_5540,2026,2026 INDY NXT by Firestone at Milwaukee Mile,The Milwaukee Mile,oval,34,15.0,15.0,0.0,-1.0,23,0.3636,green,partial_visible_laps_only,official_lap_chart,61e7c0e8ca2682cb606c7604b26f433daf6d95c358be5879e2fdbc06135604fd
session_indy_nxt_2026_6757,event_indy_nxt_2026_5540,2026,2026 INDY NXT by Firestone at Milwaukee Mile,The Milwaukee Mile,oval,35,15.0,15.0,0.0,-1.0,23,0.3636,green,partial_visible_laps_only,official_lap_chart,61e7c0e8ca2682cb606c7604b26f433daf6d95c358be5879e2fdbc06135604fd
session_indy_nxt_2026_6757,event_indy_nxt_2026_5540,2026,2026 INDY NXT by Firestone at Milwaukee Mile,The Milwaukee Mile,oval,36,15.0,15.0,0.0,-1.0,23,0.3636,green,partial_visible_laps_only,official_lap_chart,61e7c0e8ca2682cb606c7604b26f433daf6d95c358be5879e2fdbc06135604fd
session_indy_nxt_2026_6757,event_indy_nxt_2026_5540,2026,2026 INDY NXT by Firestone at Milwaukee Mile,The Milwaukee Mile,oval,37,14.0,15.0,1.0,0.0,23,0.4091,green,partial_visible_laps_only,official_lap_chart,61e7c0e8ca2682cb606c7604b26f433daf6d95c358be5879e2fdbc06135604fd
session_indy_nxt_2026_6757,event_indy_nxt_2026_5540,2026,2026 INDY NXT by Firestone at Milwaukee Mile,The Milwaukee Mile,oval,38,14.0,14.0,0.0,0.0,22,0.381,green,partial_visible_laps_only,official_lap_chart,61e7c0e8ca2682cb606c7604b26f433daf6d95c358be5879e2fdbc06135604fd
session_indy_nxt_2026_6757,event_indy_nxt_2026_5540,2026,2026 INDY NXT by Firestone at Milwaukee Mile,The Milwaukee Mile,oval,39,14.0,14.0,0.0,0.0,22,0.381,green,partial_visible_laps_only,official_lap_chart,61e7c0e8ca2682cb606c7604b26f433daf6d95c358be5879e2fdbc06135604fd
session_indy_nxt_2026_6757,event_indy_nxt_2026_5540,2026,2026 INDY NXT by Firestone at Milwaukee Mile,The Milwaukee Mile,oval,40,14.0,14.0,0.0,0.0,22,0.381,green,partial_visible_laps_only,official_lap_chart,61e7c0e8ca2682cb606c7604b26f433daf6d95c358be5879e2fdbc06135604fd
session_indy_nxt_2026_6757,event_indy_nxt_2026_5540,2026,2026 INDY NXT by Firestone at Milwaukee Mile,The Milwaukee Mile,oval,41,14.0,14.0,0.0,0.0,22,0.381,green,partial_visible_laps_only,official_lap_chart,61e7c0e8ca2682cb606c7604b26f433daf6d95c358be5879e2fdbc06135604fd
session_indy_nxt_2026_6757,event_indy_nxt_2026_5540,2026,2026 INDY NXT by Firestone at Milwaukee Mile,The Milwaukee Mile,oval,42,14.0,14.0,0.0,0.0,22,0.381,green,partial_visible_laps_only,official_lap_chart,61e7c0e8ca2682cb606c7604b26f433daf6d95c358be5879e2fdbc06135604fd
session_indy_nxt_2026_6757,event_indy_nxt_2026_5540,2026,2026 INDY NXT by Firestone at Milwaukee Mile,The Milwaukee Mile,oval,43,14.0,14.0,0.0,0.0,22,0.381,green,partial_visible_laps_only,official_lap_chart,61e7c0e8ca2682cb606c7604b26f433daf6d95c358be5879e2fdbc06135604fd
session_indy_nxt_2026_6757,event_indy_nxt_2026_5540,2026,2026 INDY NXT by Firestone at Milwaukee Mile,The Milwaukee Mile,oval,44,14.0,14.0,0.0,0.0,22,0.381,green,partial_visible_laps_only,official_lap_chart,61e7c0e8ca2682cb606c7604b26f433daf6d95c358be5879e2fdbc06135604fd
session_indy_nxt_2026_6757,event_indy_nxt_2026_5540,2026,2026 INDY NXT by Firestone at Milwaukee Mile,The Milwaukee Mile,oval,45,14.0,14.0,0.0,0.0,22,0.381,green,partial_visible_laps_only,official_lap_chart,61e7c0e8ca2682cb606c7604b26f433daf6d95c358be5879e2fdbc06135604fd
session_indy_nxt_2026_6757,event_indy_nxt_2026_5540,2026,2026 INDY NXT by Firestone at Milwaukee Mile,The Milwaukee Mile,oval,46,14.0,14.0,0.0,0.0,22,0.381,green,partial_visible_laps_only,official_lap_chart,61e7c0e8ca2682cb606c7604b26f433daf6d95c358be5879e2fdbc06135604fd
session_indy_nxt_2026_6757,event_indy_nxt_2026_5540,2026,2026 INDY NXT by Firestone at Milwaukee Mile,The Milwaukee Mile,oval,47,14.0,14.0,0.0,0.0,22,0.381,green,partial_visible_laps_only,official_lap_chart,61e7c0e8ca2682cb606c7604b26f433daf6d95c358be5879e2fdbc06135604fd
session_indy_nxt_2026_6757,event_indy_nxt_2026_5540,2026,2026 INDY NXT by Firestone at Milwaukee Mile,The Milwaukee Mile,oval,48,14.0,14.0,0.0,0.0,22,0.381,green,partial_visible_laps_only,official_lap_chart,61e7c0e8ca2682cb606c7604b26f433daf6d95c358be5879e2fdbc06135604fd
session_indy_nxt_2026_6757,event_indy_nxt_2026_5540,2026,2026 INDY NXT by Firestone at Milwaukee Mile,The Milwaukee Mile,oval,49,14.0,14.0,0.0,0.0,22,0.381,green,partial_visible_laps_only,official_lap_chart,61e7c0e8ca2682cb606c7604b26f433daf6d95c358be5879e2fdbc06135604fd
session_indy_nxt_2026_6757,event_indy_nxt_2026_5540,2026,2026 INDY NXT by Firestone at Milwaukee Mile,The Milwaukee Mile,oval,50,14.0,14.0,0.0,0.0,22,0.381,green,partial_visible_laps_only,official_lap_chart,61e7c0e8ca2682cb606c7604b26f433daf6d95c358be5879e2fdbc06135604fd
session_indy_nxt_2026_6757,event_indy_nxt_2026_5540,2026,2026 INDY NXT by Firestone at Milwaukee Mile,The Milwaukee Mile,oval,51,14.0,14.0,0.0,0.0,22,0.381,green,partial_visible_laps_only,official_lap_chart,61e7c0e8ca2682cb606c7604b26f433daf6d95c358be5879e2fdbc06135604fd
session_indy_nxt_2026_6757,event_indy_nxt_2026_5540,2026,2026 INDY NXT by Firestone at Milwaukee Mile,The Milwaukee Mile,oval,52,14.0,14.0,0.0,0.0,22,0.381,green,partial_visible_laps_only,official_lap_chart,61e7c0e8ca2682cb606c7604b26f433daf6d95c358be5879e2fdbc06135604fd
session_indy_nxt_2026_6757,event_indy_nxt_2026_5540,2026,2026 INDY NXT by Firestone at Milwaukee Mile,The Milwaukee Mile,oval,53,14.0,14.0,0.0,0.0,22,0.381,green,partial_visible_laps_only,official_lap_chart,61e7c0e8ca2682cb606c7604b26f433daf6d95c358be5879e2fdbc06135604fd
session_indy_nxt_2026_6757,event_indy_nxt_2026_5540,2026,2026 INDY NXT by Firestone at Milwaukee Mile,The Milwaukee Mile,oval,54,13.0,14.0,1.0,1.0,21,0.4,caution,partial_visible_laps_only,official_lap_chart,61e7c0e8ca2682cb606c7604b26f433daf6d95c358be5879e2fdbc06135604fd
session_indy_nxt_2026_6757,event_indy_nxt_2026_5540,2026,2026 INDY NXT by Firestone at Milwaukee Mile,The Milwaukee Mile,oval,55,13.0,13.0,0.0,1.0,21,0.4,caution,partial_visible_laps_only,official_lap_chart,61e7c0e8ca2682cb606c7604b26f433daf6d95c358be5879e2fdbc06135604fd
session_indy_nxt_2026_6757,event_indy_nxt_2026_5540,2026,2026 INDY NXT by Firestone at Milwaukee Mile,The Milwaukee Mile,oval,56,13.0,13.0,0.0,1.0,21,0.4,caution,partial_visible_laps_only,official_lap_chart,61e7c0e8ca2682cb606c7604b26f433daf6d95c358be5879e2fdbc06135604fd
session_indy_nxt_2026_6757,event_indy_nxt_2026_5540,2026,2026 INDY NXT by Firestone at Milwaukee Mile,The Milwaukee Mile,oval,57,13.0,13.0,0.0,1.0,21,0.4,caution,partial_visible_laps_only,official_lap_chart,61e7c0e8ca2682cb606c7604b26f433daf6d95c358be5879e2fdbc06135604fd
session_indy_nxt_2026_6757,event_indy_nxt_2026_5540,2026,2026 INDY NXT by Firestone at Milwaukee Mile,The Milwaukee Mile,oval,58,13.0,13.0,0.0,1.0,21,0.4,caution,partial_visible_laps_only,official_lap_chart,61e7c0e8ca2682cb606c7604b26f433daf6d95c358be5879e2fdbc06135604fd
session_indy_nxt_2026_6757,event_indy_nxt_2026_5540,2026,2026 INDY NXT by Firestone at Milwaukee Mile,The Milwaukee Mile,oval,59,13.0,13.0,0.0,1.0,21,0.4,caution,partial_visible_laps_only,official_lap_chart,61e7c0e8ca2682cb606c7604b26f433daf6d95c358be5879e2fdbc06135604fd
session_indy_nxt_2026_6757,event_indy_nxt_2026_5540,2026,2026 INDY NXT by Firestone at Milwaukee Mile,The Milwaukee Mile,oval,60,13.0,13.0,0.0,1.0,21,0.4,caution,partial_visible_laps_only,official_lap_chart,61e7c0e8ca2682cb606c7604b26f433daf6d95c358be5879e2fdbc06135604fd
session_indy_nxt_2026_6757,event_indy_nxt_2026_5540,2026,2026 INDY NXT by Firestone at Milwaukee Mile,The Milwaukee Mile,oval,61,13.0,13.0,0.0,1.0,21,0.4,caution,partial_visible_laps_only,official_lap_chart,61e7c0e8ca2682cb606c7604b26f433daf6d95c358be5879e2fdbc06135604fd
session_indy_nxt_2026_6757,event_indy_nxt_2026_5540,2026,2026 INDY NXT by Firestone at Milwaukee Mile,The Milwaukee Mile,oval,62,13.0,13.0,0.0,1.0,21,0.4,caution,partial_visible_laps_only,official_lap_chart,61e7c0e8ca2682cb606c7604b26f433daf6d95c358be5879e2fdbc06135604fd
session_indy_nxt_2026_6757,event_indy_nxt_2026_5540,2026,2026 INDY NXT by Firestone at Milwaukee Mile,The Milwaukee Mile,oval,63,13.0,13.0,0.0,1.0,21,0.4,caution,partial_visible_laps_only,official_lap_chart,61e7c0e8ca2682cb606c7604b26f433daf6d95c358be5879e2fdbc06135604fd
session_indy_nxt_2026_6757,event_indy_nxt_2026_5540,2026,2026 INDY NXT by Firestone at Milwaukee Mile,The Milwaukee Mile,oval,64,13.0,13.0,0.0,1.0,21,0.4,restart_lap,partial_visible_laps_only,official_lap_chart,61e7c0e8ca2682cb606c7604b26f433daf6d95c358be5879e2fdbc06135604fd
session_indy_nxt_2026_6757,event_indy_nxt_2026_5540,2026,2026 INDY NXT by Firestone at Milwaukee Mile,The Milwaukee Mile,oval,65,12.0,13.0,1.0,2.0,21,0.45,green,partial_visible_laps_only,official_lap_chart,61e7c0e8ca2682cb606c7604b26f433daf6d95c358be5879e2fdbc06135604fd
session_indy_nxt_2026_6757,event_indy_nxt_2026_5540,2026,2026 INDY NXT by Firestone at Milwaukee Mile,The Milwaukee Mile,oval,66,11.0,12.0,1.0,3.0,21,0.5,green,partial_visible_laps_only,official_lap_chart,61e7c0e8ca2682cb606c7604b26f433daf6d95c358be5879e2fdbc06135604fd
session_indy_nxt_2026_6757,event_indy_nxt_2026_5540,2026,2026 INDY NXT by Firestone at Milwaukee Mile,The Milwaukee Mile,oval,67,11.0,11.0,0.0,3.0,21,0.5,green,partial_visible_laps_only,official_lap_chart,61e7c0e8ca2682cb606c7604b26f433daf6d95c358be5879e2fdbc06135604fd
session_indy_nxt_2026_6757,event_indy_nxt_2026_5540,2026,2026 INDY NXT by Firestone at Milwaukee Mile,The Milwaukee Mile,oval,68,11.0,11.0,0.0,3.0,21,0.5,green,partial_visible_laps_only,official_lap_chart,61e7c0e8ca2682cb606c7604b26f433daf6d95c358be5879e2fdbc06135604fd
session_indy_nxt_2026_6757,event_indy_nxt_2026_5540,2026,2026 INDY NXT by Firestone at Milwaukee Mile,The Milwaukee Mile,oval,69,10.0,11.0,1.0,4.0,21,0.55,caution,partial_visible_laps_only,official_lap_chart,61e7c0e8ca2682cb606c7604b26f433daf6d95c358be5879e2fdbc06135604fd
session_indy_nxt_2026_6757,event_indy_nxt_2026_5540,2026,2026 INDY NXT by Firestone at Milwaukee Mile,The Milwaukee Mile,oval,70,10.0,10.0,0.0,4.0,21,0.55,caution,partial_visible_laps_only,official_lap_chart,61e7c0e8ca2682cb606c7604b26f433daf6d95c358be5879e2fdbc06135604fd
session_indy_nxt_2026_6757,event_indy_nxt_2026_5540,2026,2026 INDY NXT by Firestone at Milwaukee Mile,The Milwaukee Mile,oval,71,10.0,10.0,0.0,4.0,21,0.55,caution,partial_visible_laps_only,official_lap_chart,61e7c0e8ca2682cb606c7604b26f433daf6d95c358be5879e2fdbc06135604fd
session_indy_nxt_2026_6757,event_indy_nxt_2026_5540,2026,2026 INDY NXT by Firestone at Milwaukee Mile,The Milwaukee Mile,oval,72,10.0,10.0,0.0,4.0,21,0.55,caution,partial_visible_laps_only,official_lap_chart,61e7c0e8ca2682cb606c7604b26f433daf6d95c358be5879e2fdbc06135604fd
session_indy_nxt_2026_6757,event_indy_nxt_2026_5540,2026,2026 INDY NXT by Firestone at Milwaukee Mile,The Milwaukee Mile,oval,73,9.0,10.0,1.0,5.0,21,0.6,restart_lap,partial_visible_laps_only,official_lap_chart,61e7c0e8ca2682cb606c7604b26f433daf6d95c358be5879e2fdbc06135604fd
session_indy_nxt_2026_6757,event_indy_nxt_2026_5540,2026,2026 INDY NXT by Firestone at Milwaukee Mile,The Milwaukee Mile,oval,74,8.0,9.0,1.0,6.0,21,0.65,green,partial_visible_laps_only,official_lap_chart,61e7c0e8ca2682cb606c7604b26f433daf6d95c358be5879e2fdbc06135604fd
session_indy_nxt_2026_6757,event_indy_nxt_2026_5540,2026,2026 INDY NXT by Firestone at Milwaukee Mile,The Milwaukee Mile,oval,75,7.0,8.0,1.0,7.0,21,0.7,green,partial_visible_laps_only,official_lap_chart,61e7c0e8ca2682cb606c7604b26f433daf6d95c358be5879e2fdbc06135604fd
session_indy_nxt_2026_6757,event_indy_nxt_2026_5540,2026,2026 INDY NXT by Firestone at Milwaukee Mile,The Milwaukee Mile,oval,76,7.0,7.0,0.0,7.0,21,0.7,green,partial_visible_laps_only,official_lap_chart,61e7c0e8ca2682cb606c7604b26f433daf6d95c358be5879e2fdbc06135604fd
session_indy_nxt_2026_6757,event_indy_nxt_2026_5540,2026,2026 INDY NXT by Firestone at Milwaukee Mile,The Milwaukee Mile,oval,77,7.0,7.0,0.0,7.0,21,0.7,green,partial_visible_laps_only,official_lap_chart,61e7c0e8ca2682cb606c7604b26f433daf6d95c358be5879e2fdbc06135604fd
session_indy_nxt_2026_6757,event_indy_nxt_2026_5540,2026,2026 INDY NXT by Firestone at Milwaukee Mile,The Milwaukee Mile,oval,78,7.0,7.0,0.0,7.0,20,0.6842,caution,partial_visible_laps_only,official_lap_chart,61e7c0e8ca2682cb606c7604b26f433daf6d95c358be5879e2fdbc06135604fd
session_indy_nxt_2026_6757,event_indy_nxt_2026_5540,2026,2026 INDY NXT by Firestone at Milwaukee Mile,The Milwaukee Mile,oval,79,7.0,7.0,0.0,7.0,20,0.6842,caution,partial_visible_laps_only,official_lap_chart,61e7c0e8ca2682cb606c7604b26f433daf6d95c358be5879e2fdbc06135604fd
session_indy_nxt_2026_6757,event_indy_nxt_2026_5540,2026,2026 INDY NXT by Firestone at Milwaukee Mile,The Milwaukee Mile,oval,80,7.0,7.0,0.0,7.0,20,0.6842,caution,partial_visible_laps_only,official_lap_chart,61e7c0e8ca2682cb606c7604b26f433daf6d95c358be5879e2fdbc06135604fd
session_indy_nxt_2026_6757,event_indy_nxt_2026_5540,2026,2026 INDY NXT by Firestone at Milwaukee Mile,The Milwaukee Mile,oval,81,7.0,7.0,0.0,7.0,20,0.6842,caution,partial_visible_laps_only,official_lap_chart,61e7c0e8ca2682cb606c7604b26f433daf6d95c358be5879e2fdbc06135604fd
session_indy_nxt_2026_6757,event_indy_nxt_2026_5540,2026,2026 INDY NXT by Firestone at Milwaukee Mile,The Milwaukee Mile,oval,82,8.0,7.0,-1.0,6.0,20,0.6316,restart_lap,partial_visible_laps_only,official_lap_chart,61e7c0e8ca2682cb606c7604b26f433daf6d95c358be5879e2fdbc06135604fd
session_indy_nxt_2026_6757,event_indy_nxt_2026_5540,2026,2026 INDY NXT by Firestone at Milwaukee Mile,The Milwaukee Mile,oval,83,7.0,8.0,1.0,7.0,20,0.6842,caution,partial_visible_laps_only,official_lap_chart,61e7c0e8ca2682cb606c7604b26f433daf6d95c358be5879e2fdbc06135604fd
session_indy_nxt_2026_6757,event_indy_nxt_2026_5540,2026,2026 INDY NXT by Firestone at Milwaukee Mile,The Milwaukee Mile,oval,84,7.0,7.0,0.0,7.0,20,0.6842,caution,partial_visible_laps_only,official_lap_chart,61e7c0e8ca2682cb606c7604b26f433daf6d95c358be5879e2fdbc06135604fd
session_indy_nxt_2026_6757,event_indy_nxt_2026_5540,2026,2026 INDY NXT by Firestone at Milwaukee Mile,The Milwaukee Mile,oval,85,7.0,7.0,0.0,7.0,20,0.6842,caution,partial_visible_laps_only,official_lap_chart,61e7c0e8ca2682cb606c7604b26f433daf6d95c358be5879e2fdbc06135604fd
session_indy_nxt_2026_6757,event_indy_nxt_2026_5540,2026,2026 INDY NXT by Firestone at Milwaukee Mile,The Milwaukee Mile,oval,86,7.0,7.0,0.0,7.0,20,0.6842,restart_lap,partial_visible_laps_only,official_lap_chart,61e7c0e8ca2682cb606c7604b26f433daf6d95c358be5879e2fdbc06135604fd
session_indy_nxt_2026_6757,event_indy_nxt_2026_5540,2026,2026 INDY NXT by Firestone at Milwaukee Mile,The Milwaukee Mile,oval,87,7.0,7.0,0.0,7.0,20,0.6842,green,partial_visible_laps_only,official_lap_chart,61e7c0e8ca2682cb606c7604b26f433daf6d95c358be5879e2fdbc06135604fd
session_indy_nxt_2026_6757,event_indy_nxt_2026_5540,2026,2026 INDY NXT by Firestone at Milwaukee Mile,The Milwaukee Mile,oval,88,7.0,7.0,0.0,7.0,20,0.6842,green,partial_visible_laps_only,official_lap_chart,61e7c0e8ca2682cb606c7604b26f433daf6d95c358be5879e2fdbc06135604fd
session_indy_nxt_2026_6757,event_indy_nxt_2026_5540,2026,2026 INDY NXT by Firestone at Milwaukee Mile,The Milwaukee Mile,oval,89,7.0,7.0,0.0,7.0,18,0.6471,green,partial_visible_laps_only,official_lap_chart,61e7c0e8ca2682cb606c7604b26f433daf6d95c358be5879e2fdbc06135604fd
session_indy_nxt_2026_6757,event_indy_nxt_2026_5540,2026,2026 INDY NXT by Firestone at Milwaukee Mile,The Milwaukee Mile,oval,90,8.0,7.0,-1.0,6.0,14,0.4615,green,partial_visible_laps_only,official_lap_chart,61e7c0e8ca2682cb606c7604b26f433daf6d95c358be5879e2fdbc06135604fd
session_indy_nxt_2026_6758,event_indy_nxt_2026_5541,2026,2026 Grand Prix of Monterey Race 2,WeatherTech Raceway Laguna Seca,road,1,7.0,,,0.0,22,0.7143,caution,complete_validated_against_result_lap_counts,official_lap_chart,61e7c0e8ca2682cb606c7604b26f433daf6d95c358be5879e2fdbc06135604fd
session_indy_nxt_2026_6758,event_indy_nxt_2026_5541,2026,2026 Grand Prix of Monterey Race 2,WeatherTech Raceway Laguna Seca,road,2,7.0,7.0,0.0,0.0,22,0.7143,caution,complete_validated_against_result_lap_counts,official_lap_chart,61e7c0e8ca2682cb606c7604b26f433daf6d95c358be5879e2fdbc06135604fd
session_indy_nxt_2026_6758,event_indy_nxt_2026_5541,2026,2026 Grand Prix of Monterey Race 2,WeatherTech Raceway Laguna Seca,road,3,7.0,7.0,0.0,0.0,22,0.7143,caution,complete_validated_against_result_lap_counts,official_lap_chart,61e7c0e8ca2682cb606c7604b26f433daf6d95c358be5879e2fdbc06135604fd
session_indy_nxt_2026_6758,event_indy_nxt_2026_5541,2026,2026 Grand Prix of Monterey Race 2,WeatherTech Raceway Laguna Seca,road,4,7.0,7.0,0.0,0.0,22,0.7143,caution,complete_validated_against_result_lap_counts,official_lap_chart,61e7c0e8ca2682cb606c7604b26f433daf6d95c358be5879e2fdbc06135604fd
session_indy_nxt_2026_6758,event_indy_nxt_2026_5541,2026,2026 Grand Prix of Monterey Race 2,WeatherTech Raceway Laguna Seca,road,5,7.0,7.0,0.0,0.0,22,0.7143,restart_lap,complete_validated_against_result_lap_counts,official_lap_chart,61e7c0e8ca2682cb606c7604b26f433daf6d95c358be5879e2fdbc06135604fd
session_indy_nxt_2026_6758,event_indy_nxt_2026_5541,2026,2026 Grand Prix of Monterey Race 2,WeatherTech Raceway Laguna Seca,road,6,7.0,7.0,0.0,0.0,22,0.7143,green,complete_validated_against_result_lap_counts,official_lap_chart,61e7c0e8ca2682cb606c7604b26f433daf6d95c358be5879e2fdbc06135604fd
session_indy_nxt_2026_6758,event_indy_nxt_2026_5541,2026,2026 Grand Prix of Monterey Race 2,WeatherTech Raceway Laguna Seca,road,7,7.0,7.0,0.0,0.0,22,0.7143,green,complete_validated_against_result_lap_counts,official_lap_chart,61e7c0e8ca2682cb606c7604b26f433daf6d95c358be5879e2fdbc06135604fd
session_indy_nxt_2026_6758,event_indy_nxt_2026_5541,2026,2026 Grand Prix of Monterey Race 2,WeatherTech Raceway Laguna Seca,road,8,8.0,7.0,-1.0,-1.0,22,0.6667,green,complete_validated_against_result_lap_counts,official_lap_chart,61e7c0e8ca2682cb606c7604b26f433daf6d95c358be5879e2fdbc06135604fd
session_indy_nxt_2026_6758,event_indy_nxt_2026_5541,2026,2026 Grand Prix of Monterey Race 2,WeatherTech Raceway Laguna Seca,road,9,9.0,8.0,-1.0,-2.0,22,0.619,green,complete_validated_against_result_lap_counts,official_lap_chart,61e7c0e8ca2682cb606c7604b26f433daf6d95c358be5879e2fdbc06135604fd
session_indy_nxt_2026_6758,event_indy_nxt_2026_5541,2026,2026 Grand Prix of Monterey Race 2,WeatherTech Raceway Laguna Seca,road,10,9.0,9.0,0.0,-2.0,22,0.619,green,complete_validated_against_result_lap_counts,official_lap_chart,61e7c0e8ca2682cb606c7604b26f433daf6d95c358be5879e2fdbc06135604fd
session_indy_nxt_2026_6758,event_indy_nxt_2026_5541,2026,2026 Grand Prix of Monterey Race 2,WeatherTech Raceway Laguna Seca,road,11,9.0,9.0,0.0,-2.0,22,0.619,green,complete_validated_against_result_lap_counts,official_lap_chart,61e7c0e8ca2682cb606c7604b26f433daf6d95c358be5879e2fdbc06135604fd
session_indy_nxt_2026_6758,event_indy_nxt_2026_5541,2026,2026 Grand Prix of Monterey Race 2,WeatherTech Raceway Laguna Seca,road,12,9.0,9.0,0.0,-2.0,22,0.619,green,complete_validated_against_result_lap_counts,official_lap_chart,61e7c0e8ca2682cb606c7604b26f433daf6d95c358be5879e2fdbc06135604fd
session_indy_nxt_2026_6758,event_indy_nxt_2026_5541,2026,2026 Grand Prix of Monterey Race 2,WeatherTech Raceway Laguna Seca,road,13,9.0,9.0,0.0,-2.0,22,0.619,green,complete_validated_against_result_lap_counts,official_lap_chart,61e7c0e8ca2682cb606c7604b26f433daf6d95c358be5879e2fdbc06135604fd
session_indy_nxt_2026_6758,event_indy_nxt_2026_5541,2026,2026 Grand Prix of Monterey Race 2,WeatherTech Raceway Laguna Seca,road,14,9.0,9.0,0.0,-2.0,22,0.619,green,complete_validated_against_result_lap_counts,official_lap_chart,61e7c0e8ca2682cb606c7604b26f433daf6d95c358be5879e2fdbc06135604fd
session_indy_nxt_2026_6758,event_indy_nxt_2026_5541,2026,2026 Grand Prix of Monterey Race 2,WeatherTech Raceway Laguna Seca,road,15,9.0,9.0,0.0,-2.0,22,0.619,green,complete_validated_against_result_lap_counts,official_lap_chart,61e7c0e8ca2682cb606c7604b26f433daf6d95c358be5879e2fdbc06135604fd
session_indy_nxt_2026_6758,event_indy_nxt_2026_5541,2026,2026 Grand Prix of Monterey Race 2,WeatherTech Raceway Laguna Seca,road,16,9.0,9.0,0.0,-2.0,22,0.619,green,complete_validated_against_result_lap_counts,official_lap_chart,61e7c0e8ca2682cb606c7604b26f433daf6d95c358be5879e2fdbc06135604fd
session_indy_nxt_2026_6758,event_indy_nxt_2026_5541,2026,2026 Grand Prix of Monterey Race 2,WeatherTech Raceway Laguna Seca,road,17,9.0,9.0,0.0,-2.0,22,0.619,green,complete_validated_against_result_lap_counts,official_lap_chart,61e7c0e8ca2682cb606c7604b26f433daf6d95c358be5879e2fdbc06135604fd
session_indy_nxt_2026_6758,event_indy_nxt_2026_5541,2026,2026 Grand Prix of Monterey Race 2,WeatherTech Raceway Laguna Seca,road,18,9.0,9.0,0.0,-2.0,22,0.619,green,complete_validated_against_result_lap_counts,official_lap_chart,61e7c0e8ca2682cb606c7604b26f433daf6d95c358be5879e2fdbc06135604fd
session_indy_nxt_2026_6758,event_indy_nxt_2026_5541,2026,2026 Grand Prix of Monterey Race 2,WeatherTech Raceway Laguna Seca,road,19,9.0,9.0,0.0,-2.0,22,0.619,green,complete_validated_against_result_lap_counts,official_lap_chart,61e7c0e8ca2682cb606c7604b26f433daf6d95c358be5879e2fdbc06135604fd
session_indy_nxt_2026_6758,event_indy_nxt_2026_5541,2026,2026 Grand Prix of Monterey Race 2,WeatherTech Raceway Laguna Seca,road,20,9.0,9.0,0.0,-2.0,22,0.619,green,complete_validated_against_result_lap_counts,official_lap_chart,61e7c0e8ca2682cb606c7604b26f433daf6d95c358be5879e2fdbc06135604fd
session_indy_nxt_2026_6758,event_indy_nxt_2026_5541,2026,2026 Grand Prix of Monterey Race 2,WeatherTech Raceway Laguna Seca,road,21,9.0,9.0,0.0,-2.0,22,0.619,green,complete_validated_against_result_lap_counts,official_lap_chart,61e7c0e8ca2682cb606c7604b26f433daf6d95c358be5879e2fdbc06135604fd
session_indy_nxt_2026_6758,event_indy_nxt_2026_5541,2026,2026 Grand Prix of Monterey Race 2,WeatherTech Raceway Laguna Seca,road,22,9.0,9.0,0.0,-2.0,22,0.619,green,complete_validated_against_result_lap_counts,official_lap_chart,61e7c0e8ca2682cb606c7604b26f433daf6d95c358be5879e2fdbc06135604fd
session_indy_nxt_2026_6758,event_indy_nxt_2026_5541,2026,2026 Grand Prix of Monterey Race 2,WeatherTech Raceway Laguna Seca,road,23,9.0,9.0,0.0,-2.0,22,0.619,green,complete_validated_against_result_lap_counts,official_lap_chart,61e7c0e8ca2682cb606c7604b26f433daf6d95c358be5879e2fdbc06135604fd
session_indy_nxt_2026_6758,event_indy_nxt_2026_5541,2026,2026 Grand Prix of Monterey Race 2,WeatherTech Raceway Laguna Seca,road,24,9.0,9.0,0.0,-2.0,22,0.619,green,complete_validated_against_result_lap_counts,official_lap_chart,61e7c0e8ca2682cb606c7604b26f433daf6d95c358be5879e2fdbc06135604fd
session_indy_nxt_2026_6758,event_indy_nxt_2026_5541,2026,2026 Grand Prix of Monterey Race 2,WeatherTech Raceway Laguna Seca,road,25,9.0,9.0,0.0,-2.0,22,0.619,green,complete_validated_against_result_lap_counts,official_lap_chart,61e7c0e8ca2682cb606c7604b26f433daf6d95c358be5879e2fdbc06135604fd
session_indy_nxt_2026_6758,event_indy_nxt_2026_5541,2026,2026 Grand Prix of Monterey Race 2,WeatherTech Raceway Laguna Seca,road,26,9.0,9.0,0.0,-2.0,22,0.619,green,complete_validated_against_result_lap_counts,official_lap_chart,61e7c0e8ca2682cb606c7604b26f433daf6d95c358be5879e2fdbc06135604fd
session_indy_nxt_2026_6758,event_indy_nxt_2026_5541,2026,2026 Grand Prix of Monterey Race 2,WeatherTech Raceway Laguna Seca,road,27,9.0,9.0,0.0,-2.0,22,0.619,green,complete_validated_against_result_lap_counts,official_lap_chart,61e7c0e8ca2682cb606c7604b26f433daf6d95c358be5879e2fdbc06135604fd
session_indy_nxt_2026_6758,event_indy_nxt_2026_5541,2026,2026 Grand Prix of Monterey Race 2,WeatherTech Raceway Laguna Seca,road,28,9.0,9.0,0.0,-2.0,22,0.619,green,complete_validated_against_result_lap_counts,official_lap_chart,61e7c0e8ca2682cb606c7604b26f433daf6d95c358be5879e2fdbc06135604fd
session_indy_nxt_2026_6758,event_indy_nxt_2026_5541,2026,2026 Grand Prix of Monterey Race 2,WeatherTech Raceway Laguna Seca,road,29,9.0,9.0,0.0,-2.0,22,0.619,green,complete_validated_against_result_lap_counts,official_lap_chart,61e7c0e8ca2682cb606c7604b26f433daf6d95c358be5879e2fdbc06135604fd
session_indy_nxt_2026_6758,event_indy_nxt_2026_5541,2026,2026 Grand Prix of Monterey Race 2,WeatherTech Raceway Laguna Seca,road,30,9.0,9.0,0.0,-2.0,22,0.619,green,complete_validated_against_result_lap_counts,official_lap_chart,61e7c0e8ca2682cb606c7604b26f433daf6d95c358be5879e2fdbc06135604fd
session_indy_nxt_2026_6759,event_indy_nxt_2026_5542,2026,2026 Grand Prix of Monterey Race 1,WeatherTech Raceway Laguna Seca,road,1,6.0,,,0.0,24,0.7826,green,complete_validated_against_result_lap_counts,official_lap_chart,61e7c0e8ca2682cb606c7604b26f433daf6d95c358be5879e2fdbc06135604fd
session_indy_nxt_2026_6759,event_indy_nxt_2026_5542,2026,2026 Grand Prix of Monterey Race 1,WeatherTech Raceway Laguna Seca,road,2,6.0,6.0,0.0,0.0,24,0.7826,green,complete_validated_against_result_lap_counts,official_lap_chart,61e7c0e8ca2682cb606c7604b26f433daf6d95c358be5879e2fdbc06135604fd
session_indy_nxt_2026_6759,event_indy_nxt_2026_5542,2026,2026 Grand Prix of Monterey Race 1,WeatherTech Raceway Laguna Seca,road,3,6.0,6.0,0.0,0.0,24,0.7826,green,complete_validated_against_result_lap_counts,official_lap_chart,61e7c0e8ca2682cb606c7604b26f433daf6d95c358be5879e2fdbc06135604fd
session_indy_nxt_2026_6759,event_indy_nxt_2026_5542,2026,2026 Grand Prix of Monterey Race 1,WeatherTech Raceway Laguna Seca,road,4,6.0,6.0,0.0,0.0,24,0.7826,green,complete_validated_against_result_lap_counts,official_lap_chart,61e7c0e8ca2682cb606c7604b26f433daf6d95c358be5879e2fdbc06135604fd
session_indy_nxt_2026_6759,event_indy_nxt_2026_5542,2026,2026 Grand Prix of Monterey Race 1,WeatherTech Raceway Laguna Seca,road,5,6.0,6.0,0.0,0.0,24,0.7826,green,complete_validated_against_result_lap_counts,official_lap_chart,61e7c0e8ca2682cb606c7604b26f433daf6d95c358be5879e2fdbc06135604fd
session_indy_nxt_2026_6759,event_indy_nxt_2026_5542,2026,2026 Grand Prix of Monterey Race 1,WeatherTech Raceway Laguna Seca,road,6,6.0,6.0,0.0,0.0,24,0.7826,green,complete_validated_against_result_lap_counts,official_lap_chart,61e7c0e8ca2682cb606c7604b26f433daf6d95c358be5879e2fdbc06135604fd
session_indy_nxt_2026_6759,event_indy_nxt_2026_5542,2026,2026 Grand Prix of Monterey Race 1,WeatherTech Raceway Laguna Seca,road,7,6.0,6.0,0.0,0.0,24,0.7826,green,complete_validated_against_result_lap_counts,official_lap_chart,61e7c0e8ca2682cb606c7604b26f433daf6d95c358be5879e2fdbc06135604fd
session_indy_nxt_2026_6759,event_indy_nxt_2026_5542,2026,2026 Grand Prix of Monterey Race 1,WeatherTech Raceway Laguna Seca,road,8,6.0,6.0,0.0,0.0,24,0.7826,green,complete_validated_against_result_lap_counts,official_lap_chart,61e7c0e8ca2682cb606c7604b26f433daf6d95c358be5879e2fdbc06135604fd
session_indy_nxt_2026_6759,event_indy_nxt_2026_5542,2026,2026 Grand Prix of Monterey Race 1,WeatherTech Raceway Laguna Seca,road,9,6.0,6.0,0.0,0.0,24,0.7826,green,complete_validated_against_result_lap_counts,official_lap_chart,61e7c0e8ca2682cb606c7604b26f433daf6d95c358be5879e2fdbc06135604fd
session_indy_nxt_2026_6759,event_indy_nxt_2026_5542,2026,2026 Grand Prix of Monterey Race 1,WeatherTech Raceway Laguna Seca,road,10,6.0,6.0,0.0,0.0,24,0.7826,green,complete_validated_against_result_lap_counts,official_lap_chart,61e7c0e8ca2682cb606c7604b26f433daf6d95c358be5879e2fdbc06135604fd
session_indy_nxt_2026_6759,event_indy_nxt_2026_5542,2026,2026 Grand Prix of Monterey Race 1,WeatherTech Raceway Laguna Seca,road,11,6.0,6.0,0.0,0.0,24,0.7826,green,complete_validated_against_result_lap_counts,official_lap_chart,61e7c0e8ca2682cb606c7604b26f433daf6d95c358be5879e2fdbc06135604fd
session_indy_nxt_2026_6759,event_indy_nxt_2026_5542,2026,2026 Grand Prix of Monterey Race 1,WeatherTech Raceway Laguna Seca,road,12,6.0,6.0,0.0,0.0,24,0.7826,green,complete_validated_against_result_lap_counts,official_lap_chart,61e7c0e8ca2682cb606c7604b26f433daf6d95c358be5879e2fdbc06135604fd
session_indy_nxt_2026_6759,event_indy_nxt_2026_5542,2026,2026 Grand Prix of Monterey Race 1,WeatherTech Raceway Laguna Seca,road,13,6.0,6.0,0.0,0.0,24,0.7826,caution,complete_validated_against_result_lap_counts,official_lap_chart,61e7c0e8ca2682cb606c7604b26f433daf6d95c358be5879e2fdbc06135604fd
session_indy_nxt_2026_6759,event_indy_nxt_2026_5542,2026,2026 Grand Prix of Monterey Race 1,WeatherTech Raceway Laguna Seca,road,14,6.0,6.0,0.0,0.0,24,0.7826,caution,complete_validated_against_result_lap_counts,official_lap_chart,61e7c0e8ca2682cb606c7604b26f433daf6d95c358be5879e2fdbc06135604fd
session_indy_nxt_2026_6759,event_indy_nxt_2026_5542,2026,2026 Grand Prix of Monterey Race 1,WeatherTech Raceway Laguna Seca,road,15,6.0,6.0,0.0,0.0,24,0.7826,restart_lap,complete_validated_against_result_lap_counts,official_lap_chart,61e7c0e8ca2682cb606c7604b26f433daf6d95c358be5879e2fdbc06135604fd
session_indy_nxt_2026_6759,event_indy_nxt_2026_5542,2026,2026 Grand Prix of Monterey Race 1,WeatherTech Raceway Laguna Seca,road,16,6.0,6.0,0.0,0.0,24,0.7826,green,complete_validated_against_result_lap_counts,official_lap_chart,61e7c0e8ca2682cb606c7604b26f433daf6d95c358be5879e2fdbc06135604fd
session_indy_nxt_2026_6759,event_indy_nxt_2026_5542,2026,2026 Grand Prix of Monterey Race 1,WeatherTech Raceway Laguna Seca,road,17,6.0,6.0,0.0,0.0,22,0.7619,caution,complete_validated_against_result_lap_counts,official_lap_chart,61e7c0e8ca2682cb606c7604b26f433daf6d95c358be5879e2fdbc06135604fd
session_indy_nxt_2026_6759,event_indy_nxt_2026_5542,2026,2026 Grand Prix of Monterey Race 1,WeatherTech Raceway Laguna Seca,road,18,6.0,6.0,0.0,0.0,22,0.7619,caution,complete_validated_against_result_lap_counts,official_lap_chart,61e7c0e8ca2682cb606c7604b26f433daf6d95c358be5879e2fdbc06135604fd
session_indy_nxt_2026_6759,event_indy_nxt_2026_5542,2026,2026 Grand Prix of Monterey Race 1,WeatherTech Raceway Laguna Seca,road,19,6.0,6.0,0.0,0.0,22,0.7619,caution,complete_validated_against_result_lap_counts,official_lap_chart,61e7c0e8ca2682cb606c7604b26f433daf6d95c358be5879e2fdbc06135604fd
session_indy_nxt_2026_6759,event_indy_nxt_2026_5542,2026,2026 Grand Prix of Monterey Race 1,WeatherTech Raceway Laguna Seca,road,20,6.0,6.0,0.0,0.0,22,0.7619,restart_lap,complete_validated_against_result_lap_counts,official_lap_chart,61e7c0e8ca2682cb606c7604b26f433daf6d95c358be5879e2fdbc06135604fd
session_indy_nxt_2026_6759,event_indy_nxt_2026_5542,2026,2026 Grand Prix of Monterey Race 1,WeatherTech Raceway Laguna Seca,road,21,6.0,6.0,0.0,0.0,22,0.7619,green,complete_validated_against_result_lap_counts,official_lap_chart,61e7c0e8ca2682cb606c7604b26f433daf6d95c358be5879e2fdbc06135604fd
session_indy_nxt_2026_6759,event_indy_nxt_2026_5542,2026,2026 Grand Prix of Monterey Race 1,WeatherTech Raceway Laguna Seca,road,22,6.0,6.0,0.0,0.0,21,0.75,caution,complete_validated_against_result_lap_counts,official_lap_chart,61e7c0e8ca2682cb606c7604b26f433daf6d95c358be5879e2fdbc06135604fd
session_indy_nxt_2026_6759,event_indy_nxt_2026_5542,2026,2026 Grand Prix of Monterey Race 1,WeatherTech Raceway Laguna Seca,road,23,6.0,6.0,0.0,0.0,21,0.75,caution,complete_validated_against_result_lap_counts,official_lap_chart,61e7c0e8ca2682cb606c7604b26f433daf6d95c358be5879e2fdbc06135604fd
session_indy_nxt_2026_6759,event_indy_nxt_2026_5542,2026,2026 Grand Prix of Monterey Race 1,WeatherTech Raceway Laguna Seca,road,24,6.0,6.0,0.0,0.0,21,0.75,caution,complete_validated_against_result_lap_counts,official_lap_chart,61e7c0e8ca2682cb606c7604b26f433daf6d95c358be5879e2fdbc06135604fd
session_indy_nxt_2026_6759,event_indy_nxt_2026_5542,2026,2026 Grand Prix of Monterey Race 1,WeatherTech Raceway Laguna Seca,road,25,6.0,6.0,0.0,0.0,21,0.75,caution,complete_validated_against_result_lap_counts,official_lap_chart,61e7c0e8ca2682cb606c7604b26f433daf6d95c358be5879e2fdbc06135604fd
session_indy_nxt_2026_6759,event_indy_nxt_2026_5542,2026,2026 Grand Prix of Monterey Race 1,WeatherTech Raceway Laguna Seca,road,26,6.0,6.0,0.0,0.0,21,0.75,caution,complete_validated_against_result_lap_counts,official_lap_chart,61e7c0e8ca2682cb606c7604b26f433daf6d95c358be5879e2fdbc06135604fd
session_indy_nxt_2026_6759,event_indy_nxt_2026_5542,2026,2026 Grand Prix of Monterey Race 1,WeatherTech Raceway Laguna Seca,road,27,6.0,6.0,0.0,0.0,21,0.75,restart_lap,complete_validated_against_result_lap_counts,official_lap_chart,61e7c0e8ca2682cb606c7604b26f433daf6d95c358be5879e2fdbc06135604fd
session_indy_nxt_2026_6759,event_indy_nxt_2026_5542,2026,2026 Grand Prix of Monterey Race 1,WeatherTech Raceway Laguna Seca,road,28,6.0,6.0,0.0,0.0,21,0.75,green,complete_validated_against_result_lap_counts,official_lap_chart,61e7c0e8ca2682cb606c7604b26f433daf6d95c358be5879e2fdbc06135604fd
session_indy_nxt_2026_6759,event_indy_nxt_2026_5542,2026,2026 Grand Prix of Monterey Race 1,WeatherTech Raceway Laguna Seca,road,29,6.0,6.0,0.0,0.0,21,0.75,green,complete_validated_against_result_lap_counts,official_lap_chart,61e7c0e8ca2682cb606c7604b26f433daf6d95c358be5879e2fdbc06135604fd
session_indy_nxt_2026_6759,event_indy_nxt_2026_5542,2026,2026 Grand Prix of Monterey Race 1,WeatherTech Raceway Laguna Seca,road,30,6.0,6.0,0.0,0.0,21,0.75,green,complete_validated_against_result_lap_counts,official_lap_chart,61e7c0e8ca2682cb606c7604b26f433daf6d95c358be5879e2fdbc06135604fd
session_indy_nxt_2026_6759,event_indy_nxt_2026_5542,2026,2026 Grand Prix of Monterey Race 1,WeatherTech Raceway Laguna Seca,road,31,6.0,6.0,0.0,0.0,21,0.75,green,complete_validated_against_result_lap_counts,official_lap_chart,61e7c0e8ca2682cb606c7604b26f433daf6d95c358be5879e2fdbc06135604fd
session_indy_nxt_2026_6759,event_indy_nxt_2026_5542,2026,2026 Grand Prix of Monterey Race 1,WeatherTech Raceway Laguna Seca,road,32,6.0,6.0,0.0,0.0,21,0.75,green,complete_validated_against_result_lap_counts,official_lap_chart,61e7c0e8ca2682cb606c7604b26f433daf6d95c358be5879e2fdbc06135604fd
session_indy_nxt_2026_6759,event_indy_nxt_2026_5542,2026,2026 Grand Prix of Monterey Race 1,WeatherTech Raceway Laguna Seca,road,33,6.0,6.0,0.0,0.0,21,0.75,green,complete_validated_against_result_lap_counts,official_lap_chart,61e7c0e8ca2682cb606c7604b26f433daf6d95c358be5879e2fdbc06135604fd
session_indy_nxt_2026_6759,event_indy_nxt_2026_5542,2026,2026 Grand Prix of Monterey Race 1,WeatherTech Raceway Laguna Seca,road,34,6.0,6.0,0.0,0.0,21,0.75,green,complete_validated_against_result_lap_counts,official_lap_chart,61e7c0e8ca2682cb606c7604b26f433daf6d95c358be5879e2fdbc06135604fd
session_indy_nxt_2026_6759,event_indy_nxt_2026_5542,2026,2026 Grand Prix of Monterey Race 1,WeatherTech Raceway Laguna Seca,road,35,6.0,6.0,0.0,0.0,18,0.7059,green,complete_validated_against_result_lap_counts,official_lap_chart,61e7c0e8ca2682cb606c7604b26f433daf6d95c358be5879e2fdbc06135604fd
session_indy_nxt_2026_6760,event_indy_nxt_2026_5543,2026,2026 Grand Prix at Mid-Ohio Race 2,Mid-Ohio Sports Car Course,road,1,16.0,,,0.0,24,0.3478,green,complete_validated_against_result_lap_counts,official_lap_chart,61e7c0e8ca2682cb606c7604b26f433daf6d95c358be5879e2fdbc06135604fd
session_indy_nxt_2026_6760,event_indy_nxt_2026_5543,2026,2026 Grand Prix at Mid-Ohio Race 2,Mid-Ohio Sports Car Course,road,2,15.0,16.0,1.0,1.0,24,0.3913,green,complete_validated_against_result_lap_counts,official_lap_chart,61e7c0e8ca2682cb606c7604b26f433daf6d95c358be5879e2fdbc06135604fd
session_indy_nxt_2026_6760,event_indy_nxt_2026_5543,2026,2026 Grand Prix at Mid-Ohio Race 2,Mid-Ohio Sports Car Course,road,3,15.0,15.0,0.0,1.0,24,0.3913,green,complete_validated_against_result_lap_counts,official_lap_chart,61e7c0e8ca2682cb606c7604b26f433daf6d95c358be5879e2fdbc06135604fd
session_indy_nxt_2026_6760,event_indy_nxt_2026_5543,2026,2026 Grand Prix at Mid-Ohio Race 2,Mid-Ohio Sports Car Course,road,4,15.0,15.0,0.0,1.0,24,0.3913,green,complete_validated_against_result_lap_counts,official_lap_chart,61e7c0e8ca2682cb606c7604b26f433daf6d95c358be5879e2fdbc06135604fd
session_indy_nxt_2026_6760,event_indy_nxt_2026_5543,2026,2026 Grand Prix at Mid-Ohio Race 2,Mid-Ohio Sports Car Course,road,5,15.0,15.0,0.0,1.0,24,0.3913,green,complete_validated_against_result_lap_counts,official_lap_chart,61e7c0e8ca2682cb606c7604b26f433daf6d95c358be5879e2fdbc06135604fd
session_indy_nxt_2026_6760,event_indy_nxt_2026_5543,2026,2026 Grand Prix at Mid-Ohio Race 2,Mid-Ohio Sports Car Course,road,6,15.0,15.0,0.0,1.0,24,0.3913,green,complete_validated_against_result_lap_counts,official_lap_chart,61e7c0e8ca2682cb606c7604b26f433daf6d95c358be5879e2fdbc06135604fd
session_indy_nxt_2026_6760,event_indy_nxt_2026_5543,2026,2026 Grand Prix at Mid-Ohio Race 2,Mid-Ohio Sports Car Course,road,7,15.0,15.0,0.0,1.0,24,0.3913,green,complete_validated_against_result_lap_counts,official_lap_chart,61e7c0e8ca2682cb606c7604b26f433daf6d95c358be5879e2fdbc06135604fd
session_indy_nxt_2026_6760,event_indy_nxt_2026_5543,2026,2026 Grand Prix at Mid-Ohio Race 2,Mid-Ohio Sports Car Course,road,8,15.0,15.0,0.0,1.0,24,0.3913,green,complete_validated_against_result_lap_counts,official_lap_chart,61e7c0e8ca2682cb606c7604b26f433daf6d95c358be5879e2fdbc06135604fd
session_indy_nxt_2026_6760,event_indy_nxt_2026_5543,2026,2026 Grand Prix at Mid-Ohio Race 2,Mid-Ohio Sports Car Course,road,9,15.0,15.0,0.0,1.0,24,0.3913,green,complete_validated_against_result_lap_counts,official_lap_chart,61e7c0e8ca2682cb606c7604b26f433daf6d95c358be5879e2fdbc06135604fd
session_indy_nxt_2026_6760,event_indy_nxt_2026_5543,2026,2026 Grand Prix at Mid-Ohio Race 2,Mid-Ohio Sports Car Course,road,10,15.0,15.0,0.0,1.0,24,0.3913,green,complete_validated_against_result_lap_counts,official_lap_chart,61e7c0e8ca2682cb606c7604b26f433daf6d95c358be5879e2fdbc06135604fd
session_indy_nxt_2026_6760,event_indy_nxt_2026_5543,2026,2026 Grand Prix at Mid-Ohio Race 2,Mid-Ohio Sports Car Course,road,11,15.0,15.0,0.0,1.0,24,0.3913,green,complete_validated_against_result_lap_counts,official_lap_chart,61e7c0e8ca2682cb606c7604b26f433daf6d95c358be5879e2fdbc06135604fd
session_indy_nxt_2026_6760,event_indy_nxt_2026_5543,2026,2026 Grand Prix at Mid-Ohio Race 2,Mid-Ohio Sports Car Course,road,12,15.0,15.0,0.0,1.0,24,0.3913,green,complete_validated_against_result_lap_counts,official_lap_chart,61e7c0e8ca2682cb606c7604b26f433daf6d95c358be5879e2fdbc06135604fd
session_indy_nxt_2026_6760,event_indy_nxt_2026_5543,2026,2026 Grand Prix at Mid-Ohio Race 2,Mid-Ohio Sports Car Course,road,13,15.0,15.0,0.0,1.0,24,0.3913,green,complete_validated_against_result_lap_counts,official_lap_chart,61e7c0e8ca2682cb606c7604b26f433daf6d95c358be5879e2fdbc06135604fd
session_indy_nxt_2026_6760,event_indy_nxt_2026_5543,2026,2026 Grand Prix at Mid-Ohio Race 2,Mid-Ohio Sports Car Course,road,14,15.0,15.0,0.0,1.0,24,0.3913,green,complete_validated_against_result_lap_counts,official_lap_chart,61e7c0e8ca2682cb606c7604b26f433daf6d95c358be5879e2fdbc06135604fd
session_indy_nxt_2026_6760,event_indy_nxt_2026_5543,2026,2026 Grand Prix at Mid-Ohio Race 2,Mid-Ohio Sports Car Course,road,15,15.0,15.0,0.0,1.0,24,0.3913,green,complete_validated_against_result_lap_counts,official_lap_chart,61e7c0e8ca2682cb606c7604b26f433daf6d95c358be5879e2fdbc06135604fd
session_indy_nxt_2026_6760,event_indy_nxt_2026_5543,2026,2026 Grand Prix at Mid-Ohio Race 2,Mid-Ohio Sports Car Course,road,16,15.0,15.0,0.0,1.0,24,0.3913,green,complete_validated_against_result_lap_counts,official_lap_chart,61e7c0e8ca2682cb606c7604b26f433daf6d95c358be5879e2fdbc06135604fd
session_indy_nxt_2026_6760,event_indy_nxt_2026_5543,2026,2026 Grand Prix at Mid-Ohio Race 2,Mid-Ohio Sports Car Course,road,17,15.0,15.0,0.0,1.0,24,0.3913,green,complete_validated_against_result_lap_counts,official_lap_chart,61e7c0e8ca2682cb606c7604b26f433daf6d95c358be5879e2fdbc06135604fd
session_indy_nxt_2026_6760,event_indy_nxt_2026_5543,2026,2026 Grand Prix at Mid-Ohio Race 2,Mid-Ohio Sports Car Course,road,18,15.0,15.0,0.0,1.0,24,0.3913,green,complete_validated_against_result_lap_counts,official_lap_chart,61e7c0e8ca2682cb606c7604b26f433daf6d95c358be5879e2fdbc06135604fd
session_indy_nxt_2026_6760,event_indy_nxt_2026_5543,2026,2026 Grand Prix at Mid-Ohio Race 2,Mid-Ohio Sports Car Course,road,19,15.0,15.0,0.0,1.0,24,0.3913,green,complete_validated_against_result_lap_counts,official_lap_chart,61e7c0e8ca2682cb606c7604b26f433daf6d95c358be5879e2fdbc06135604fd
session_indy_nxt_2026_6760,event_indy_nxt_2026_5543,2026,2026 Grand Prix at Mid-Ohio Race 2,Mid-Ohio Sports Car Course,road,20,15.0,15.0,0.0,1.0,24,0.3913,green,complete_validated_against_result_lap_counts,official_lap_chart,61e7c0e8ca2682cb606c7604b26f433daf6d95c358be5879e2fdbc06135604fd
session_indy_nxt_2026_6760,event_indy_nxt_2026_5543,2026,2026 Grand Prix at Mid-Ohio Race 2,Mid-Ohio Sports Car Course,road,21,15.0,15.0,0.0,1.0,24,0.3913,green,complete_validated_against_result_lap_counts,official_lap_chart,61e7c0e8ca2682cb606c7604b26f433daf6d95c358be5879e2fdbc06135604fd
session_indy_nxt_2026_6760,event_indy_nxt_2026_5543,2026,2026 Grand Prix at Mid-Ohio Race 2,Mid-Ohio Sports Car Course,road,22,15.0,15.0,0.0,1.0,24,0.3913,green,complete_validated_against_result_lap_counts,official_lap_chart,61e7c0e8ca2682cb606c7604b26f433daf6d95c358be5879e2fdbc06135604fd
session_indy_nxt_2026_6760,event_indy_nxt_2026_5543,2026,2026 Grand Prix at Mid-Ohio Race 2,Mid-Ohio Sports Car Course,road,23,15.0,15.0,0.0,1.0,24,0.3913,green,complete_validated_against_result_lap_counts,official_lap_chart,61e7c0e8ca2682cb606c7604b26f433daf6d95c358be5879e2fdbc06135604fd
session_indy_nxt_2026_6760,event_indy_nxt_2026_5543,2026,2026 Grand Prix at Mid-Ohio Race 2,Mid-Ohio Sports Car Course,road,24,15.0,15.0,0.0,1.0,24,0.3913,green,complete_validated_against_result_lap_counts,official_lap_chart,61e7c0e8ca2682cb606c7604b26f433daf6d95c358be5879e2fdbc06135604fd
session_indy_nxt_2026_6760,event_indy_nxt_2026_5543,2026,2026 Grand Prix at Mid-Ohio Race 2,Mid-Ohio Sports Car Course,road,25,15.0,15.0,0.0,1.0,24,0.3913,green,complete_validated_against_result_lap_counts,official_lap_chart,61e7c0e8ca2682cb606c7604b26f433daf6d95c358be5879e2fdbc06135604fd
session_indy_nxt_2026_6760,event_indy_nxt_2026_5543,2026,2026 Grand Prix at Mid-Ohio Race 2,Mid-Ohio Sports Car Course,road,26,14.0,15.0,1.0,2.0,24,0.4348,green,complete_validated_against_result_lap_counts,official_lap_chart,61e7c0e8ca2682cb606c7604b26f433daf6d95c358be5879e2fdbc06135604fd
session_indy_nxt_2026_6760,event_indy_nxt_2026_5543,2026,2026 Grand Prix at Mid-Ohio Race 2,Mid-Ohio Sports Car Course,road,27,14.0,14.0,0.0,2.0,24,0.4348,green,complete_validated_against_result_lap_counts,official_lap_chart,61e7c0e8ca2682cb606c7604b26f433daf6d95c358be5879e2fdbc06135604fd
session_indy_nxt_2026_6760,event_indy_nxt_2026_5543,2026,2026 Grand Prix at Mid-Ohio Race 2,Mid-Ohio Sports Car Course,road,28,14.0,14.0,0.0,2.0,24,0.4348,green,complete_validated_against_result_lap_counts,official_lap_chart,61e7c0e8ca2682cb606c7604b26f433daf6d95c358be5879e2fdbc06135604fd
session_indy_nxt_2026_6760,event_indy_nxt_2026_5543,2026,2026 Grand Prix at Mid-Ohio Race 2,Mid-Ohio Sports Car Course,road,29,14.0,14.0,0.0,2.0,24,0.4348,green,complete_validated_against_result_lap_counts,official_lap_chart,61e7c0e8ca2682cb606c7604b26f433daf6d95c358be5879e2fdbc06135604fd
session_indy_nxt_2026_6760,event_indy_nxt_2026_5543,2026,2026 Grand Prix at Mid-Ohio Race 2,Mid-Ohio Sports Car Course,road,30,14.0,14.0,0.0,2.0,23,0.4091,green,complete_validated_against_result_lap_counts,official_lap_chart,61e7c0e8ca2682cb606c7604b26f433daf6d95c358be5879e2fdbc06135604fd
session_indy_nxt_2026_6761,event_indy_nxt_2026_5544,2026,2026 Grand Prix at Mid-Ohio Race 1,Mid-Ohio Sports Car Course,road,1,14.0,,,0.0,24,0.4348,green,complete_validated_against_result_lap_counts,official_lap_chart,61e7c0e8ca2682cb606c7604b26f433daf6d95c358be5879e2fdbc06135604fd
session_indy_nxt_2026_6761,event_indy_nxt_2026_5544,2026,2026 Grand Prix at Mid-Ohio Race 1,Mid-Ohio Sports Car Course,road,2,15.0,14.0,-1.0,-1.0,24,0.3913,green,complete_validated_against_result_lap_counts,official_lap_chart,61e7c0e8ca2682cb606c7604b26f433daf6d95c358be5879e2fdbc06135604fd
session_indy_nxt_2026_6761,event_indy_nxt_2026_5544,2026,2026 Grand Prix at Mid-Ohio Race 1,Mid-Ohio Sports Car Course,road,3,15.0,15.0,0.0,-1.0,24,0.3913,green,complete_validated_against_result_lap_counts,official_lap_chart,61e7c0e8ca2682cb606c7604b26f433daf6d95c358be5879e2fdbc06135604fd
session_indy_nxt_2026_6761,event_indy_nxt_2026_5544,2026,2026 Grand Prix at Mid-Ohio Race 1,Mid-Ohio Sports Car Course,road,4,15.0,15.0,0.0,-1.0,24,0.3913,green,complete_validated_against_result_lap_counts,official_lap_chart,61e7c0e8ca2682cb606c7604b26f433daf6d95c358be5879e2fdbc06135604fd
session_indy_nxt_2026_6761,event_indy_nxt_2026_5544,2026,2026 Grand Prix at Mid-Ohio Race 1,Mid-Ohio Sports Car Course,road,5,15.0,15.0,0.0,-1.0,24,0.3913,caution,complete_validated_against_result_lap_counts,official_lap_chart,61e7c0e8ca2682cb606c7604b26f433daf6d95c358be5879e2fdbc06135604fd
session_indy_nxt_2026_6761,event_indy_nxt_2026_5544,2026,2026 Grand Prix at Mid-Ohio Race 1,Mid-Ohio Sports Car Course,road,6,15.0,15.0,0.0,-1.0,24,0.3913,caution,complete_validated_against_result_lap_counts,official_lap_chart,61e7c0e8ca2682cb606c7604b26f433daf6d95c358be5879e2fdbc06135604fd
session_indy_nxt_2026_6761,event_indy_nxt_2026_5544,2026,2026 Grand Prix at Mid-Ohio Race 1,Mid-Ohio Sports Car Course,road,7,15.0,15.0,0.0,-1.0,24,0.3913,restart_lap,complete_validated_against_result_lap_counts,official_lap_chart,61e7c0e8ca2682cb606c7604b26f433daf6d95c358be5879e2fdbc06135604fd
session_indy_nxt_2026_6761,event_indy_nxt_2026_5544,2026,2026 Grand Prix at Mid-Ohio Race 1,Mid-Ohio Sports Car Course,road,8,15.0,15.0,0.0,-1.0,24,0.3913,green,complete_validated_against_result_lap_counts,official_lap_chart,61e7c0e8ca2682cb606c7604b26f433daf6d95c358be5879e2fdbc06135604fd
session_indy_nxt_2026_6761,event_indy_nxt_2026_5544,2026,2026 Grand Prix at Mid-Ohio Race 1,Mid-Ohio Sports Car Course,road,9,17.0,15.0,-2.0,-3.0,24,0.3043,green,complete_validated_against_result_lap_counts,official_lap_chart,61e7c0e8ca2682cb606c7604b26f433daf6d95c358be5879e2fdbc06135604fd
session_indy_nxt_2026_6761,event_indy_nxt_2026_5544,2026,2026 Grand Prix at Mid-Ohio Race 1,Mid-Ohio Sports Car Course,road,10,18.0,17.0,-1.0,-4.0,24,0.2609,green,complete_validated_against_result_lap_counts,official_lap_chart,61e7c0e8ca2682cb606c7604b26f433daf6d95c358be5879e2fdbc06135604fd
session_indy_nxt_2026_6761,event_indy_nxt_2026_5544,2026,2026 Grand Prix at Mid-Ohio Race 1,Mid-Ohio Sports Car Course,road,11,17.0,18.0,1.0,-3.0,23,0.2727,green,complete_validated_against_result_lap_counts,official_lap_chart,61e7c0e8ca2682cb606c7604b26f433daf6d95c358be5879e2fdbc06135604fd
session_indy_nxt_2026_6761,event_indy_nxt_2026_5544,2026,2026 Grand Prix at Mid-Ohio Race 1,Mid-Ohio Sports Car Course,road,12,17.0,17.0,0.0,-3.0,23,0.2727,caution,complete_validated_against_result_lap_counts,official_lap_chart,61e7c0e8ca2682cb606c7604b26f433daf6d95c358be5879e2fdbc06135604fd
session_indy_nxt_2026_6761,event_indy_nxt_2026_5544,2026,2026 Grand Prix at Mid-Ohio Race 1,Mid-Ohio Sports Car Course,road,13,17.0,17.0,0.0,-3.0,23,0.2727,caution,complete_validated_against_result_lap_counts,official_lap_chart,61e7c0e8ca2682cb606c7604b26f433daf6d95c358be5879e2fdbc06135604fd
session_indy_nxt_2026_6761,event_indy_nxt_2026_5544,2026,2026 Grand Prix at Mid-Ohio Race 1,Mid-Ohio Sports Car Course,road,14,17.0,17.0,0.0,-3.0,23,0.2727,restart_lap,complete_validated_against_result_lap_counts,official_lap_chart,61e7c0e8ca2682cb606c7604b26f433daf6d95c358be5879e2fdbc06135604fd
session_indy_nxt_2026_6761,event_indy_nxt_2026_5544,2026,2026 Grand Prix at Mid-Ohio Race 1,Mid-Ohio Sports Car Course,road,15,17.0,17.0,0.0,-3.0,23,0.2727,green,complete_validated_against_result_lap_counts,official_lap_chart,61e7c0e8ca2682cb606c7604b26f433daf6d95c358be5879e2fdbc06135604fd
session_indy_nxt_2026_6761,event_indy_nxt_2026_5544,2026,2026 Grand Prix at Mid-Ohio Race 1,Mid-Ohio Sports Car Course,road,16,17.0,17.0,0.0,-3.0,23,0.2727,green,complete_validated_against_result_lap_counts,official_lap_chart,61e7c0e8ca2682cb606c7604b26f433daf6d95c358be5879e2fdbc06135604fd
session_indy_nxt_2026_6761,event_indy_nxt_2026_5544,2026,2026 Grand Prix at Mid-Ohio Race 1,Mid-Ohio Sports Car Course,road,17,17.0,17.0,0.0,-3.0,23,0.2727,green,complete_validated_against_result_lap_counts,official_lap_chart,61e7c0e8ca2682cb606c7604b26f433daf6d95c358be5879e2fdbc06135604fd
session_indy_nxt_2026_6761,event_indy_nxt_2026_5544,2026,2026 Grand Prix at Mid-Ohio Race 1,Mid-Ohio Sports Car Course,road,18,17.0,17.0,0.0,-3.0,23,0.2727,green,complete_validated_against_result_lap_counts,official_lap_chart,61e7c0e8ca2682cb606c7604b26f433daf6d95c358be5879e2fdbc06135604fd
session_indy_nxt_2026_6761,event_indy_nxt_2026_5544,2026,2026 Grand Prix at Mid-Ohio Race 1,Mid-Ohio Sports Car Course,road,19,17.0,17.0,0.0,-3.0,23,0.2727,green,complete_validated_against_result_lap_counts,official_lap_chart,61e7c0e8ca2682cb606c7604b26f433daf6d95c358be5879e2fdbc06135604fd
session_indy_nxt_2026_6761,event_indy_nxt_2026_5544,2026,2026 Grand Prix at Mid-Ohio Race 1,Mid-Ohio Sports Car Course,road,20,17.0,17.0,0.0,-3.0,23,0.2727,green,complete_validated_against_result_lap_counts,official_lap_chart,61e7c0e8ca2682cb606c7604b26f433daf6d95c358be5879e2fdbc06135604fd
session_indy_nxt_2026_6761,event_indy_nxt_2026_5544,2026,2026 Grand Prix at Mid-Ohio Race 1,Mid-Ohio Sports Car Course,road,21,16.0,17.0,1.0,-2.0,23,0.3182,green,complete_validated_against_result_lap_counts,official_lap_chart,61e7c0e8ca2682cb606c7604b26f433daf6d95c358be5879e2fdbc06135604fd
session_indy_nxt_2026_6761,event_indy_nxt_2026_5544,2026,2026 Grand Prix at Mid-Ohio Race 1,Mid-Ohio Sports Car Course,road,22,16.0,16.0,0.0,-2.0,23,0.3182,caution,complete_validated_against_result_lap_counts,official_lap_chart,61e7c0e8ca2682cb606c7604b26f433daf6d95c358be5879e2fdbc06135604fd
session_indy_nxt_2026_6761,event_indy_nxt_2026_5544,2026,2026 Grand Prix at Mid-Ohio Race 1,Mid-Ohio Sports Car Course,road,23,16.0,16.0,0.0,-2.0,23,0.3182,caution,complete_validated_against_result_lap_counts,official_lap_chart,61e7c0e8ca2682cb606c7604b26f433daf6d95c358be5879e2fdbc06135604fd
session_indy_nxt_2026_6761,event_indy_nxt_2026_5544,2026,2026 Grand Prix at Mid-Ohio Race 1,Mid-Ohio Sports Car Course,road,24,16.0,16.0,0.0,-2.0,23,0.3182,restart_lap,complete_validated_against_result_lap_counts,official_lap_chart,61e7c0e8ca2682cb606c7604b26f433daf6d95c358be5879e2fdbc06135604fd
session_indy_nxt_2026_6761,event_indy_nxt_2026_5544,2026,2026 Grand Prix at Mid-Ohio Race 1,Mid-Ohio Sports Car Course,road,25,16.0,16.0,0.0,-2.0,23,0.3182,green,complete_validated_against_result_lap_counts,official_lap_chart,61e7c0e8ca2682cb606c7604b26f433daf6d95c358be5879e2fdbc06135604fd
session_indy_nxt_2026_6761,event_indy_nxt_2026_5544,2026,2026 Grand Prix at Mid-Ohio Race 1,Mid-Ohio Sports Car Course,road,26,16.0,16.0,0.0,-2.0,23,0.3182,green,complete_validated_against_result_lap_counts,official_lap_chart,61e7c0e8ca2682cb606c7604b26f433daf6d95c358be5879e2fdbc06135604fd
session_indy_nxt_2026_6761,event_indy_nxt_2026_5544,2026,2026 Grand Prix at Mid-Ohio Race 1,Mid-Ohio Sports Car Course,road,27,16.0,16.0,0.0,-2.0,23,0.3182,green,complete_validated_against_result_lap_counts,official_lap_chart,61e7c0e8ca2682cb606c7604b26f433daf6d95c358be5879e2fdbc06135604fd
session_indy_nxt_2026_6761,event_indy_nxt_2026_5544,2026,2026 Grand Prix at Mid-Ohio Race 1,Mid-Ohio Sports Car Course,road,28,16.0,16.0,0.0,-2.0,23,0.3182,green,complete_validated_against_result_lap_counts,official_lap_chart,61e7c0e8ca2682cb606c7604b26f433daf6d95c358be5879e2fdbc06135604fd
session_indy_nxt_2026_6761,event_indy_nxt_2026_5544,2026,2026 Grand Prix at Mid-Ohio Race 1,Mid-Ohio Sports Car Course,road,29,16.0,16.0,0.0,-2.0,23,0.3182,green,complete_validated_against_result_lap_counts,official_lap_chart,61e7c0e8ca2682cb606c7604b26f433daf6d95c358be5879e2fdbc06135604fd
session_indy_nxt_2026_6761,event_indy_nxt_2026_5544,2026,2026 Grand Prix at Mid-Ohio Race 1,Mid-Ohio Sports Car Course,road,30,16.0,16.0,0.0,-2.0,23,0.3182,green,complete_validated_against_result_lap_counts,official_lap_chart,61e7c0e8ca2682cb606c7604b26f433daf6d95c358be5879e2fdbc06135604fd
session_indy_nxt_2026_6761,event_indy_nxt_2026_5544,2026,2026 Grand Prix at Mid-Ohio Race 1,Mid-Ohio Sports Car Course,road,31,16.0,16.0,0.0,-2.0,22,0.2857,green,complete_validated_against_result_lap_counts,official_lap_chart,61e7c0e8ca2682cb606c7604b26f433daf6d95c358be5879e2fdbc06135604fd
session_indy_nxt_2026_6761,event_indy_nxt_2026_5544,2026,2026 Grand Prix at Mid-Ohio Race 1,Mid-Ohio Sports Car Course,road,32,16.0,16.0,0.0,-2.0,22,0.2857,green,complete_validated_against_result_lap_counts,official_lap_chart,61e7c0e8ca2682cb606c7604b26f433daf6d95c358be5879e2fdbc06135604fd
session_indy_nxt_2026_6761,event_indy_nxt_2026_5544,2026,2026 Grand Prix at Mid-Ohio Race 1,Mid-Ohio Sports Car Course,road,33,16.0,16.0,0.0,-2.0,22,0.2857,green,complete_validated_against_result_lap_counts,official_lap_chart,61e7c0e8ca2682cb606c7604b26f433daf6d95c358be5879e2fdbc06135604fd
session_indy_nxt_2026_6761,event_indy_nxt_2026_5544,2026,2026 Grand Prix at Mid-Ohio Race 1,Mid-Ohio Sports Car Course,road,34,16.0,16.0,0.0,-2.0,22,0.2857,green,complete_validated_against_result_lap_counts,official_lap_chart,61e7c0e8ca2682cb606c7604b26f433daf6d95c358be5879e2fdbc06135604fd
session_indy_nxt_2026_6761,event_indy_nxt_2026_5544,2026,2026 Grand Prix at Mid-Ohio Race 1,Mid-Ohio Sports Car Course,road,35,16.0,16.0,0.0,-2.0,21,0.25,green,complete_validated_against_result_lap_counts,official_lap_chart,61e7c0e8ca2682cb606c7604b26f433daf6d95c358be5879e2fdbc06135604fd
session_indy_nxt_2026_6762,event_indy_nxt_2026_5545,2026,2026 Grand Prix at Road America Race 1,Road America,road,1,16.0,,,0.0,23,0.3182,caution,complete_validated_against_result_lap_counts,official_lap_chart,61e7c0e8ca2682cb606c7604b26f433daf6d95c358be5879e2fdbc06135604fd
session_indy_nxt_2026_6762,event_indy_nxt_2026_5545,2026,2026 Grand Prix at Road America Race 1,Road America,road,2,16.0,16.0,0.0,0.0,23,0.3182,caution,complete_validated_against_result_lap_counts,official_lap_chart,61e7c0e8ca2682cb606c7604b26f433daf6d95c358be5879e2fdbc06135604fd
session_indy_nxt_2026_6762,event_indy_nxt_2026_5545,2026,2026 Grand Prix at Road America Race 1,Road America,road,3,16.0,16.0,0.0,0.0,23,0.3182,caution,complete_validated_against_result_lap_counts,official_lap_chart,61e7c0e8ca2682cb606c7604b26f433daf6d95c358be5879e2fdbc06135604fd
session_indy_nxt_2026_6762,event_indy_nxt_2026_5545,2026,2026 Grand Prix at Road America Race 1,Road America,road,4,16.0,16.0,0.0,0.0,23,0.3182,restart_lap,complete_validated_against_result_lap_counts,official_lap_chart,61e7c0e8ca2682cb606c7604b26f433daf6d95c358be5879e2fdbc06135604fd
session_indy_nxt_2026_6762,event_indy_nxt_2026_5545,2026,2026 Grand Prix at Road America Race 1,Road America,road,5,16.0,16.0,0.0,0.0,22,0.2857,caution,complete_validated_against_result_lap_counts,official_lap_chart,61e7c0e8ca2682cb606c7604b26f433daf6d95c358be5879e2fdbc06135604fd
session_indy_nxt_2026_6762,event_indy_nxt_2026_5545,2026,2026 Grand Prix at Road America Race 1,Road America,road,6,16.0,16.0,0.0,0.0,22,0.2857,caution,complete_validated_against_result_lap_counts,official_lap_chart,61e7c0e8ca2682cb606c7604b26f433daf6d95c358be5879e2fdbc06135604fd
session_indy_nxt_2026_6762,event_indy_nxt_2026_5545,2026,2026 Grand Prix at Road America Race 1,Road America,road,7,16.0,16.0,0.0,0.0,22,0.2857,caution,complete_validated_against_result_lap_counts,official_lap_chart,61e7c0e8ca2682cb606c7604b26f433daf6d95c358be5879e2fdbc06135604fd
session_indy_nxt_2026_6762,event_indy_nxt_2026_5545,2026,2026 Grand Prix at Road America Race 1,Road America,road,8,16.0,16.0,0.0,0.0,22,0.2857,restart_lap,complete_validated_against_result_lap_counts,official_lap_chart,61e7c0e8ca2682cb606c7604b26f433daf6d95c358be5879e2fdbc06135604fd
session_indy_nxt_2026_6762,event_indy_nxt_2026_5545,2026,2026 Grand Prix at Road America Race 1,Road America,road,9,21.0,16.0,-5.0,-5.0,22,0.0476,caution,complete_validated_against_result_lap_counts,official_lap_chart,61e7c0e8ca2682cb606c7604b26f433daf6d95c358be5879e2fdbc06135604fd
session_indy_nxt_2026_6762,event_indy_nxt_2026_5545,2026,2026 Grand Prix at Road America Race 1,Road America,road,10,21.0,21.0,0.0,-5.0,21,0.0,caution,complete_validated_against_result_lap_counts,official_lap_chart,61e7c0e8ca2682cb606c7604b26f433daf6d95c358be5879e2fdbc06135604fd
session_indy_nxt_2026_6762,event_indy_nxt_2026_5545,2026,2026 Grand Prix at Road America Race 1,Road America,road,11,21.0,21.0,0.0,-5.0,21,0.0,restart_lap,complete_validated_against_result_lap_counts,official_lap_chart,61e7c0e8ca2682cb606c7604b26f433daf6d95c358be5879e2fdbc06135604fd
session_indy_nxt_2026_6762,event_indy_nxt_2026_5545,2026,2026 Grand Prix at Road America Race 1,Road America,road,12,21.0,21.0,0.0,-5.0,21,0.0,green,complete_validated_against_result_lap_counts,official_lap_chart,61e7c0e8ca2682cb606c7604b26f433daf6d95c358be5879e2fdbc06135604fd
session_indy_nxt_2026_6762,event_indy_nxt_2026_5545,2026,2026 Grand Prix at Road America Race 1,Road America,road,13,21.0,21.0,0.0,-5.0,21,0.0,green,complete_validated_against_result_lap_counts,official_lap_chart,61e7c0e8ca2682cb606c7604b26f433daf6d95c358be5879e2fdbc06135604fd
session_indy_nxt_2026_6762,event_indy_nxt_2026_5545,2026,2026 Grand Prix at Road America Race 1,Road America,road,14,21.0,21.0,0.0,-5.0,21,0.0,green,complete_validated_against_result_lap_counts,official_lap_chart,61e7c0e8ca2682cb606c7604b26f433daf6d95c358be5879e2fdbc06135604fd
session_indy_nxt_2026_6762,event_indy_nxt_2026_5545,2026,2026 Grand Prix at Road America Race 1,Road America,road,15,21.0,21.0,0.0,-5.0,21,0.0,green,complete_validated_against_result_lap_counts,official_lap_chart,61e7c0e8ca2682cb606c7604b26f433daf6d95c358be5879e2fdbc06135604fd
session_indy_nxt_2026_6762,event_indy_nxt_2026_5545,2026,2026 Grand Prix at Road America Race 1,Road America,road,16,21.0,21.0,0.0,-5.0,21,0.0,green,complete_validated_against_result_lap_counts,official_lap_chart,61e7c0e8ca2682cb606c7604b26f433daf6d95c358be5879e2fdbc06135604fd
session_indy_nxt_2026_6762,event_indy_nxt_2026_5545,2026,2026 Grand Prix at Road America Race 1,Road America,road,17,21.0,21.0,0.0,-5.0,21,0.0,green,complete_validated_against_result_lap_counts,official_lap_chart,61e7c0e8ca2682cb606c7604b26f433daf6d95c358be5879e2fdbc06135604fd
session_indy_nxt_2026_6762,event_indy_nxt_2026_5545,2026,2026 Grand Prix at Road America Race 1,Road America,road,18,21.0,21.0,0.0,-5.0,21,0.0,green,complete_validated_against_result_lap_counts,official_lap_chart,61e7c0e8ca2682cb606c7604b26f433daf6d95c358be5879e2fdbc06135604fd
session_indy_nxt_2026_6762,event_indy_nxt_2026_5545,2026,2026 Grand Prix at Road America Race 1,Road America,road,19,21.0,21.0,0.0,-5.0,21,0.0,green,complete_validated_against_result_lap_counts,official_lap_chart,61e7c0e8ca2682cb606c7604b26f433daf6d95c358be5879e2fdbc06135604fd
session_indy_nxt_2026_6762,event_indy_nxt_2026_5545,2026,2026 Grand Prix at Road America Race 1,Road America,road,20,21.0,21.0,0.0,-5.0,21,0.0,green,complete_validated_against_result_lap_counts,official_lap_chart,61e7c0e8ca2682cb606c7604b26f433daf6d95c358be5879e2fdbc06135604fd
session_indy_nxt_2026_6763,event_indy_nxt_2026_5546,2026,2026 INDY NXT by Firestone at World Wide Technology Raceway,World Wide Technology Raceway,oval,1,21.0,,,0.0,24,0.1304,green,complete_validated_against_result_lap_counts,official_lap_chart,61e7c0e8ca2682cb606c7604b26f433daf6d95c358be5879e2fdbc06135604fd
session_indy_nxt_2026_6763,event_indy_nxt_2026_5546,2026,2026 INDY NXT by Firestone at World Wide Technology Raceway,World Wide Technology Raceway,oval,2,22.0,21.0,-1.0,-1.0,24,0.087,green,complete_validated_against_result_lap_counts,official_lap_chart,61e7c0e8ca2682cb606c7604b26f433daf6d95c358be5879e2fdbc06135604fd
session_indy_nxt_2026_6763,event_indy_nxt_2026_5546,2026,2026 INDY NXT by Firestone at World Wide Technology Raceway,World Wide Technology Raceway,oval,3,22.0,22.0,0.0,-1.0,24,0.087,green,complete_validated_against_result_lap_counts,official_lap_chart,61e7c0e8ca2682cb606c7604b26f433daf6d95c358be5879e2fdbc06135604fd
session_indy_nxt_2026_6763,event_indy_nxt_2026_5546,2026,2026 INDY NXT by Firestone at World Wide Technology Raceway,World Wide Technology Raceway,oval,4,22.0,22.0,0.0,-1.0,24,0.087,green,complete_validated_against_result_lap_counts,official_lap_chart,61e7c0e8ca2682cb606c7604b26f433daf6d95c358be5879e2fdbc06135604fd
session_indy_nxt_2026_6763,event_indy_nxt_2026_5546,2026,2026 INDY NXT by Firestone at World Wide Technology Raceway,World Wide Technology Raceway,oval,5,21.0,22.0,1.0,0.0,23,0.0909,caution,complete_validated_against_result_lap_counts,official_lap_chart,61e7c0e8ca2682cb606c7604b26f433daf6d95c358be5879e2fdbc06135604fd
session_indy_nxt_2026_6764,event_indy_nxt_2026_5547,2026,2026 Grand Prix of Portland,Portland International Raceway,road,1,22.0,,,0.0,24,0.087,green,partial_visible_laps_only,official_lap_chart,61e7c0e8ca2682cb606c7604b26f433daf6d95c358be5879e2fdbc06135604fd
session_indy_nxt_2026_6764,event_indy_nxt_2026_5547,2026,2026 Grand Prix of Portland,Portland International Raceway,road,2,21.0,22.0,1.0,1.0,24,0.1304,green,partial_visible_laps_only,official_lap_chart,61e7c0e8ca2682cb606c7604b26f433daf6d95c358be5879e2fdbc06135604fd
session_indy_nxt_2026_6764,event_indy_nxt_2026_5547,2026,2026 Grand Prix of Portland,Portland International Raceway,road,3,21.0,21.0,0.0,1.0,24,0.1304,caution,partial_visible_laps_only,official_lap_chart,61e7c0e8ca2682cb606c7604b26f433daf6d95c358be5879e2fdbc06135604fd
session_indy_nxt_2026_6764,event_indy_nxt_2026_5547,2026,2026 Grand Prix of Portland,Portland International Raceway,road,4,20.0,21.0,1.0,2.0,24,0.1739,caution,partial_visible_laps_only,official_lap_chart,61e7c0e8ca2682cb606c7604b26f433daf6d95c358be5879e2fdbc06135604fd
session_indy_nxt_2026_6764,event_indy_nxt_2026_5547,2026,2026 Grand Prix of Portland,Portland International Raceway,road,5,20.0,20.0,0.0,2.0,24,0.1739,restart_lap,partial_visible_laps_only,official_lap_chart,61e7c0e8ca2682cb606c7604b26f433daf6d95c358be5879e2fdbc06135604fd
session_indy_nxt_2026_6764,event_indy_nxt_2026_5547,2026,2026 Grand Prix of Portland,Portland International Raceway,road,6,20.0,20.0,0.0,2.0,24,0.1739,green,partial_visible_laps_only,official_lap_chart,61e7c0e8ca2682cb606c7604b26f433daf6d95c358be5879e2fdbc06135604fd
session_indy_nxt_2026_6764,event_indy_nxt_2026_5547,2026,2026 Grand Prix of Portland,Portland International Raceway,road,7,19.0,20.0,1.0,3.0,24,0.2174,green,partial_visible_laps_only,official_lap_chart,61e7c0e8ca2682cb606c7604b26f433daf6d95c358be5879e2fdbc06135604fd
session_indy_nxt_2026_6764,event_indy_nxt_2026_5547,2026,2026 Grand Prix of Portland,Portland International Raceway,road,8,19.0,19.0,0.0,3.0,24,0.2174,green,partial_visible_laps_only,official_lap_chart,61e7c0e8ca2682cb606c7604b26f433daf6d95c358be5879e2fdbc06135604fd
session_indy_nxt_2026_6764,event_indy_nxt_2026_5547,2026,2026 Grand Prix of Portland,Portland International Raceway,road,9,19.0,19.0,0.0,3.0,24,0.2174,green,partial_visible_laps_only,official_lap_chart,61e7c0e8ca2682cb606c7604b26f433daf6d95c358be5879e2fdbc06135604fd
session_indy_nxt_2026_6764,event_indy_nxt_2026_5547,2026,2026 Grand Prix of Portland,Portland International Raceway,road,10,19.0,19.0,0.0,3.0,24,0.2174,green,partial_visible_laps_only,official_lap_chart,61e7c0e8ca2682cb606c7604b26f433daf6d95c358be5879e2fdbc06135604fd
session_indy_nxt_2026_6764,event_indy_nxt_2026_5547,2026,2026 Grand Prix of Portland,Portland International Raceway,road,11,17.0,19.0,2.0,5.0,24,0.3043,green,partial_visible_laps_only,official_lap_chart,61e7c0e8ca2682cb606c7604b26f433daf6d95c358be5879e2fdbc06135604fd
session_indy_nxt_2026_6764,event_indy_nxt_2026_5547,2026,2026 Grand Prix of Portland,Portland International Raceway,road,12,17.0,17.0,0.0,5.0,24,0.3043,green,partial_visible_laps_only,official_lap_chart,61e7c0e8ca2682cb606c7604b26f433daf6d95c358be5879e2fdbc06135604fd
session_indy_nxt_2026_6764,event_indy_nxt_2026_5547,2026,2026 Grand Prix of Portland,Portland International Raceway,road,13,16.0,17.0,1.0,6.0,24,0.3478,green,partial_visible_laps_only,official_lap_chart,61e7c0e8ca2682cb606c7604b26f433daf6d95c358be5879e2fdbc06135604fd
session_indy_nxt_2026_6764,event_indy_nxt_2026_5547,2026,2026 Grand Prix of Portland,Portland International Raceway,road,14,16.0,16.0,0.0,6.0,24,0.3478,green,partial_visible_laps_only,official_lap_chart,61e7c0e8ca2682cb606c7604b26f433daf6d95c358be5879e2fdbc06135604fd
session_indy_nxt_2026_6764,event_indy_nxt_2026_5547,2026,2026 Grand Prix of Portland,Portland International Raceway,road,15,16.0,16.0,0.0,6.0,24,0.3478,green,partial_visible_laps_only,official_lap_chart,61e7c0e8ca2682cb606c7604b26f433daf6d95c358be5879e2fdbc06135604fd
session_indy_nxt_2026_6764,event_indy_nxt_2026_5547,2026,2026 Grand Prix of Portland,Portland International Raceway,road,16,16.0,16.0,0.0,6.0,24,0.3478,green,partial_visible_laps_only,official_lap_chart,61e7c0e8ca2682cb606c7604b26f433daf6d95c358be5879e2fdbc06135604fd
session_indy_nxt_2026_6764,event_indy_nxt_2026_5547,2026,2026 Grand Prix of Portland,Portland International Raceway,road,17,16.0,16.0,0.0,6.0,24,0.3478,green,partial_visible_laps_only,official_lap_chart,61e7c0e8ca2682cb606c7604b26f433daf6d95c358be5879e2fdbc06135604fd
session_indy_nxt_2026_6764,event_indy_nxt_2026_5547,2026,2026 Grand Prix of Portland,Portland International Raceway,road,18,16.0,16.0,0.0,6.0,24,0.3478,green,partial_visible_laps_only,official_lap_chart,61e7c0e8ca2682cb606c7604b26f433daf6d95c358be5879e2fdbc06135604fd
session_indy_nxt_2026_6764,event_indy_nxt_2026_5547,2026,2026 Grand Prix of Portland,Portland International Raceway,road,19,16.0,16.0,0.0,6.0,24,0.3478,green,partial_visible_laps_only,official_lap_chart,61e7c0e8ca2682cb606c7604b26f433daf6d95c358be5879e2fdbc06135604fd
session_indy_nxt_2026_6764,event_indy_nxt_2026_5547,2026,2026 Grand Prix of Portland,Portland International Raceway,road,20,16.0,16.0,0.0,6.0,24,0.3478,green,partial_visible_laps_only,official_lap_chart,61e7c0e8ca2682cb606c7604b26f433daf6d95c358be5879e2fdbc06135604fd
session_indy_nxt_2026_6764,event_indy_nxt_2026_5547,2026,2026 Grand Prix of Portland,Portland International Raceway,road,21,16.0,16.0,0.0,6.0,24,0.3478,green,partial_visible_laps_only,official_lap_chart,61e7c0e8ca2682cb606c7604b26f433daf6d95c358be5879e2fdbc06135604fd
session_indy_nxt_2026_6764,event_indy_nxt_2026_5547,2026,2026 Grand Prix of Portland,Portland International Raceway,road,22,16.0,16.0,0.0,6.0,24,0.3478,green,partial_visible_laps_only,official_lap_chart,61e7c0e8ca2682cb606c7604b26f433daf6d95c358be5879e2fdbc06135604fd
session_indy_nxt_2026_6764,event_indy_nxt_2026_5547,2026,2026 Grand Prix of Portland,Portland International Raceway,road,23,16.0,16.0,0.0,6.0,24,0.3478,green,partial_visible_laps_only,official_lap_chart,61e7c0e8ca2682cb606c7604b26f433daf6d95c358be5879e2fdbc06135604fd
session_indy_nxt_2026_6764,event_indy_nxt_2026_5547,2026,2026 Grand Prix of Portland,Portland International Raceway,road,24,16.0,16.0,0.0,6.0,24,0.3478,green,partial_visible_laps_only,official_lap_chart,61e7c0e8ca2682cb606c7604b26f433daf6d95c358be5879e2fdbc06135604fd
session_indy_nxt_2026_6764,event_indy_nxt_2026_5547,2026,2026 Grand Prix of Portland,Portland International Raceway,road,25,16.0,16.0,0.0,6.0,24,0.3478,green,partial_visible_laps_only,official_lap_chart,61e7c0e8ca2682cb606c7604b26f433daf6d95c358be5879e2fdbc06135604fd
session_indy_nxt_2026_6764,event_indy_nxt_2026_5547,2026,2026 Grand Prix of Portland,Portland International Raceway,road,26,16.0,16.0,0.0,6.0,24,0.3478,green,partial_visible_laps_only,official_lap_chart,61e7c0e8ca2682cb606c7604b26f433daf6d95c358be5879e2fdbc06135604fd
session_indy_nxt_2026_6764,event_indy_nxt_2026_5547,2026,2026 Grand Prix of Portland,Portland International Raceway,road,27,16.0,16.0,0.0,6.0,24,0.3478,green,partial_visible_laps_only,official_lap_chart,61e7c0e8ca2682cb606c7604b26f433daf6d95c358be5879e2fdbc06135604fd
session_indy_nxt_2026_6764,event_indy_nxt_2026_5547,2026,2026 Grand Prix of Portland,Portland International Raceway,road,28,16.0,16.0,0.0,6.0,24,0.3478,green,partial_visible_laps_only,official_lap_chart,61e7c0e8ca2682cb606c7604b26f433daf6d95c358be5879e2fdbc06135604fd
session_indy_nxt_2026_6764,event_indy_nxt_2026_5547,2026,2026 Grand Prix of Portland,Portland International Raceway,road,29,16.0,16.0,0.0,6.0,24,0.3478,green,partial_visible_laps_only,official_lap_chart,61e7c0e8ca2682cb606c7604b26f433daf6d95c358be5879e2fdbc06135604fd
session_indy_nxt_2026_6764,event_indy_nxt_2026_5547,2026,2026 Grand Prix of Portland,Portland International Raceway,road,30,16.0,16.0,0.0,6.0,24,0.3478,green,partial_visible_laps_only,official_lap_chart,61e7c0e8ca2682cb606c7604b26f433daf6d95c358be5879e2fdbc06135604fd
session_indy_nxt_2026_6764,event_indy_nxt_2026_5547,2026,2026 Grand Prix of Portland,Portland International Raceway,road,31,16.0,16.0,0.0,6.0,24,0.3478,green,partial_visible_laps_only,official_lap_chart,61e7c0e8ca2682cb606c7604b26f433daf6d95c358be5879e2fdbc06135604fd
session_indy_nxt_2026_6764,event_indy_nxt_2026_5547,2026,2026 Grand Prix of Portland,Portland International Raceway,road,32,16.0,16.0,0.0,6.0,24,0.3478,green,partial_visible_laps_only,official_lap_chart,61e7c0e8ca2682cb606c7604b26f433daf6d95c358be5879e2fdbc06135604fd
session_indy_nxt_2026_6764,event_indy_nxt_2026_5547,2026,2026 Grand Prix of Portland,Portland International Raceway,road,33,16.0,16.0,0.0,6.0,24,0.3478,green,partial_visible_laps_only,official_lap_chart,61e7c0e8ca2682cb606c7604b26f433daf6d95c358be5879e2fdbc06135604fd
session_indy_nxt_2026_6764,event_indy_nxt_2026_5547,2026,2026 Grand Prix of Portland,Portland International Raceway,road,34,16.0,16.0,0.0,6.0,24,0.3478,green,partial_visible_laps_only,official_lap_chart,61e7c0e8ca2682cb606c7604b26f433daf6d95c358be5879e2fdbc06135604fd
session_indy_nxt_2026_6764,event_indy_nxt_2026_5547,2026,2026 Grand Prix of Portland,Portland International Raceway,road,35,16.0,16.0,0.0,6.0,21,0.25,green,partial_visible_laps_only,official_lap_chart,61e7c0e8ca2682cb606c7604b26f433daf6d95c358be5879e2fdbc06135604fd
session_indy_nxt_2026_6765,event_indy_nxt_2026_5548,2026,2026 Indianapolis Grand Prix Race 2,Indianapolis Motor Speedway Road Course,road,1,22.0,,,0.0,24,0.087,green,complete_validated_against_result_lap_counts,official_lap_chart,61e7c0e8ca2682cb606c7604b26f433daf6d95c358be5879e2fdbc06135604fd
session_indy_nxt_2026_6765,event_indy_nxt_2026_5548,2026,2026 Indianapolis Grand Prix Race 2,Indianapolis Motor Speedway Road Course,road,2,19.0,22.0,3.0,3.0,24,0.2174,green,complete_validated_against_result_lap_counts,official_lap_chart,61e7c0e8ca2682cb606c7604b26f433daf6d95c358be5879e2fdbc06135604fd
session_indy_nxt_2026_6765,event_indy_nxt_2026_5548,2026,2026 Indianapolis Grand Prix Race 2,Indianapolis Motor Speedway Road Course,road,3,17.0,19.0,2.0,5.0,24,0.3043,green,complete_validated_against_result_lap_counts,official_lap_chart,61e7c0e8ca2682cb606c7604b26f433daf6d95c358be5879e2fdbc06135604fd
session_indy_nxt_2026_6765,event_indy_nxt_2026_5548,2026,2026 Indianapolis Grand Prix Race 2,Indianapolis Motor Speedway Road Course,road,4,17.0,17.0,0.0,5.0,24,0.3043,green,complete_validated_against_result_lap_counts,official_lap_chart,61e7c0e8ca2682cb606c7604b26f433daf6d95c358be5879e2fdbc06135604fd
session_indy_nxt_2026_6765,event_indy_nxt_2026_5548,2026,2026 Indianapolis Grand Prix Race 2,Indianapolis Motor Speedway Road Course,road,5,17.0,17.0,0.0,5.0,24,0.3043,green,complete_validated_against_result_lap_counts,official_lap_chart,61e7c0e8ca2682cb606c7604b26f433daf6d95c358be5879e2fdbc06135604fd
session_indy_nxt_2026_6765,event_indy_nxt_2026_5548,2026,2026 Indianapolis Grand Prix Race 2,Indianapolis Motor Speedway Road Course,road,6,17.0,17.0,0.0,5.0,24,0.3043,green,complete_validated_against_result_lap_counts,official_lap_chart,61e7c0e8ca2682cb606c7604b26f433daf6d95c358be5879e2fdbc06135604fd
session_indy_nxt_2026_6765,event_indy_nxt_2026_5548,2026,2026 Indianapolis Grand Prix Race 2,Indianapolis Motor Speedway Road Course,road,7,17.0,17.0,0.0,5.0,24,0.3043,green,complete_validated_against_result_lap_counts,official_lap_chart,61e7c0e8ca2682cb606c7604b26f433daf6d95c358be5879e2fdbc06135604fd
session_indy_nxt_2026_6765,event_indy_nxt_2026_5548,2026,2026 Indianapolis Grand Prix Race 2,Indianapolis Motor Speedway Road Course,road,8,17.0,17.0,0.0,5.0,24,0.3043,green,complete_validated_against_result_lap_counts,official_lap_chart,61e7c0e8ca2682cb606c7604b26f433daf6d95c358be5879e2fdbc06135604fd
session_indy_nxt_2026_6765,event_indy_nxt_2026_5548,2026,2026 Indianapolis Grand Prix Race 2,Indianapolis Motor Speedway Road Course,road,9,16.0,17.0,1.0,6.0,24,0.3478,green,complete_validated_against_result_lap_counts,official_lap_chart,61e7c0e8ca2682cb606c7604b26f433daf6d95c358be5879e2fdbc06135604fd
session_indy_nxt_2026_6765,event_indy_nxt_2026_5548,2026,2026 Indianapolis Grand Prix Race 2,Indianapolis Motor Speedway Road Course,road,10,16.0,16.0,0.0,6.0,23,0.3182,green,complete_validated_against_result_lap_counts,official_lap_chart,61e7c0e8ca2682cb606c7604b26f433daf6d95c358be5879e2fdbc06135604fd
session_indy_nxt_2026_6765,event_indy_nxt_2026_5548,2026,2026 Indianapolis Grand Prix Race 2,Indianapolis Motor Speedway Road Course,road,11,14.0,16.0,2.0,8.0,23,0.4091,green,complete_validated_against_result_lap_counts,official_lap_chart,61e7c0e8ca2682cb606c7604b26f433daf6d95c358be5879e2fdbc06135604fd
session_indy_nxt_2026_6765,event_indy_nxt_2026_5548,2026,2026 Indianapolis Grand Prix Race 2,Indianapolis Motor Speedway Road Course,road,12,14.0,14.0,0.0,8.0,23,0.4091,green,complete_validated_against_result_lap_counts,official_lap_chart,61e7c0e8ca2682cb606c7604b26f433daf6d95c358be5879e2fdbc06135604fd
session_indy_nxt_2026_6765,event_indy_nxt_2026_5548,2026,2026 Indianapolis Grand Prix Race 2,Indianapolis Motor Speedway Road Course,road,13,14.0,14.0,0.0,8.0,23,0.4091,green,complete_validated_against_result_lap_counts,official_lap_chart,61e7c0e8ca2682cb606c7604b26f433daf6d95c358be5879e2fdbc06135604fd
session_indy_nxt_2026_6765,event_indy_nxt_2026_5548,2026,2026 Indianapolis Grand Prix Race 2,Indianapolis Motor Speedway Road Course,road,14,14.0,14.0,0.0,8.0,23,0.4091,green,complete_validated_against_result_lap_counts,official_lap_chart,61e7c0e8ca2682cb606c7604b26f433daf6d95c358be5879e2fdbc06135604fd
session_indy_nxt_2026_6765,event_indy_nxt_2026_5548,2026,2026 Indianapolis Grand Prix Race 2,Indianapolis Motor Speedway Road Course,road,15,14.0,14.0,0.0,8.0,23,0.4091,green,complete_validated_against_result_lap_counts,official_lap_chart,61e7c0e8ca2682cb606c7604b26f433daf6d95c358be5879e2fdbc06135604fd
session_indy_nxt_2026_6765,event_indy_nxt_2026_5548,2026,2026 Indianapolis Grand Prix Race 2,Indianapolis Motor Speedway Road Course,road,16,14.0,14.0,0.0,8.0,23,0.4091,green,complete_validated_against_result_lap_counts,official_lap_chart,61e7c0e8ca2682cb606c7604b26f433daf6d95c358be5879e2fdbc06135604fd
session_indy_nxt_2026_6765,event_indy_nxt_2026_5548,2026,2026 Indianapolis Grand Prix Race 2,Indianapolis Motor Speedway Road Course,road,17,13.0,14.0,1.0,9.0,23,0.4545,green,complete_validated_against_result_lap_counts,official_lap_chart,61e7c0e8ca2682cb606c7604b26f433daf6d95c358be5879e2fdbc06135604fd
session_indy_nxt_2026_6765,event_indy_nxt_2026_5548,2026,2026 Indianapolis Grand Prix Race 2,Indianapolis Motor Speedway Road Course,road,18,13.0,13.0,0.0,9.0,23,0.4545,green,complete_validated_against_result_lap_counts,official_lap_chart,61e7c0e8ca2682cb606c7604b26f433daf6d95c358be5879e2fdbc06135604fd
session_indy_nxt_2026_6765,event_indy_nxt_2026_5548,2026,2026 Indianapolis Grand Prix Race 2,Indianapolis Motor Speedway Road Course,road,19,13.0,13.0,0.0,9.0,23,0.4545,green,complete_validated_against_result_lap_counts,official_lap_chart,61e7c0e8ca2682cb606c7604b26f433daf6d95c358be5879e2fdbc06135604fd
session_indy_nxt_2026_6765,event_indy_nxt_2026_5548,2026,2026 Indianapolis Grand Prix Race 2,Indianapolis Motor Speedway Road Course,road,20,13.0,13.0,0.0,9.0,23,0.4545,green,complete_validated_against_result_lap_counts,official_lap_chart,61e7c0e8ca2682cb606c7604b26f433daf6d95c358be5879e2fdbc06135604fd
session_indy_nxt_2026_6765,event_indy_nxt_2026_5548,2026,2026 Indianapolis Grand Prix Race 2,Indianapolis Motor Speedway Road Course,road,21,13.0,13.0,0.0,9.0,23,0.4545,green,complete_validated_against_result_lap_counts,official_lap_chart,61e7c0e8ca2682cb606c7604b26f433daf6d95c358be5879e2fdbc06135604fd
session_indy_nxt_2026_6765,event_indy_nxt_2026_5548,2026,2026 Indianapolis Grand Prix Race 2,Indianapolis Motor Speedway Road Course,road,22,13.0,13.0,0.0,9.0,23,0.4545,green,complete_validated_against_result_lap_counts,official_lap_chart,61e7c0e8ca2682cb606c7604b26f433daf6d95c358be5879e2fdbc06135604fd
session_indy_nxt_2026_6765,event_indy_nxt_2026_5548,2026,2026 Indianapolis Grand Prix Race 2,Indianapolis Motor Speedway Road Course,road,23,13.0,13.0,0.0,9.0,23,0.4545,green,complete_validated_against_result_lap_counts,official_lap_chart,61e7c0e8ca2682cb606c7604b26f433daf6d95c358be5879e2fdbc06135604fd
session_indy_nxt_2026_6765,event_indy_nxt_2026_5548,2026,2026 Indianapolis Grand Prix Race 2,Indianapolis Motor Speedway Road Course,road,24,13.0,13.0,0.0,9.0,23,0.4545,green,complete_validated_against_result_lap_counts,official_lap_chart,61e7c0e8ca2682cb606c7604b26f433daf6d95c358be5879e2fdbc06135604fd
session_indy_nxt_2026_6765,event_indy_nxt_2026_5548,2026,2026 Indianapolis Grand Prix Race 2,Indianapolis Motor Speedway Road Course,road,25,13.0,13.0,0.0,9.0,23,0.4545,green,complete_validated_against_result_lap_counts,official_lap_chart,61e7c0e8ca2682cb606c7604b26f433daf6d95c358be5879e2fdbc06135604fd
session_indy_nxt_2026_6765,event_indy_nxt_2026_5548,2026,2026 Indianapolis Grand Prix Race 2,Indianapolis Motor Speedway Road Course,road,26,13.0,13.0,0.0,9.0,22,0.4286,green,complete_validated_against_result_lap_counts,official_lap_chart,61e7c0e8ca2682cb606c7604b26f433daf6d95c358be5879e2fdbc06135604fd
session_indy_nxt_2026_6765,event_indy_nxt_2026_5548,2026,2026 Indianapolis Grand Prix Race 2,Indianapolis Motor Speedway Road Course,road,27,13.0,13.0,0.0,9.0,21,0.4,green,complete_validated_against_result_lap_counts,official_lap_chart,61e7c0e8ca2682cb606c7604b26f433daf6d95c358be5879e2fdbc06135604fd
session_indy_nxt_2026_6765,event_indy_nxt_2026_5548,2026,2026 Indianapolis Grand Prix Race 2,Indianapolis Motor Speedway Road Course,road,28,12.0,13.0,1.0,10.0,21,0.45,green,complete_validated_against_result_lap_counts,official_lap_chart,61e7c0e8ca2682cb606c7604b26f433daf6d95c358be5879e2fdbc06135604fd
session_indy_nxt_2026_6765,event_indy_nxt_2026_5548,2026,2026 Indianapolis Grand Prix Race 2,Indianapolis Motor Speedway Road Course,road,29,12.0,12.0,0.0,10.0,21,0.45,green,complete_validated_against_result_lap_counts,official_lap_chart,61e7c0e8ca2682cb606c7604b26f433daf6d95c358be5879e2fdbc06135604fd
session_indy_nxt_2026_6765,event_indy_nxt_2026_5548,2026,2026 Indianapolis Grand Prix Race 2,Indianapolis Motor Speedway Road Course,road,30,12.0,12.0,0.0,10.0,20,0.4211,green,complete_validated_against_result_lap_counts,official_lap_chart,61e7c0e8ca2682cb606c7604b26f433daf6d95c358be5879e2fdbc06135604fd
