sessionId,stintId,carId,carNumber,class,driverId,driverName,stintIndexForCar,driverStintIndex,startLap,endLap,lapCount,validLapCount,validNonPitLapCount,pitInLapCount,pitOutLapCount,startSessionHour,endSessionHour,medianValidLapSeconds,medianValidNonPitLapSeconds,bestValidLapSeconds,best20LapAverageSeconds,medianDeltaToClassHourSeconds,medianDeltaToOverallHourSeconds,medianSector1Seconds,medianSector2Seconds,medianSector3Seconds,sourceState,sourceHash
session_imsa_2025_daytona_rolex_24_race,imsa_2025_daytona_75_stint_001,car_imsa_2025_75_express_75,75,GTDPRO,driver_maro_engel,Maro Engel,1,1,1,32,32,30,30,1,0,0,0,109.344,109.344,108.408,109.1446,-0.189,0.18,25.856,50.9125,32.4975,official_alkamel_time_cards_driver_stint,64c2452b244d1c2ecb1db01df0735b1a0f631db0d4e74397ed7fa3a89b845978
session_imsa_2025_daytona_rolex_24_race,imsa_2025_daytona_75_stint_002,car_imsa_2025_75_express_75,75,GTDPRO,driver_kenny_habul,Kenny Habul,2,1,33,48,16,14,14,1,0,1,1,110.4895,110.4895,109.823,,0.6085,0.9235,25.97,51.38,33.007,official_alkamel_time_cards_driver_stint,64c2452b244d1c2ecb1db01df0735b1a0f631db0d4e74397ed7fa3a89b845978
session_imsa_2025_daytona_rolex_24_race,imsa_2025_daytona_75_stint_003,car_imsa_2025_75_express_75,75,GTDPRO,driver_mikael_grenier,Mikael Grenier,3,1,49,51,3,1,1,1,0,1,1,110.463,110.463,110.463,,0.582,0.897,25.971,51.644,32.848,official_alkamel_time_cards_driver_stint,64c2452b244d1c2ecb1db01df0735b1a0f631db0d4e74397ed7fa3a89b845978
session_imsa_2025_daytona_rolex_24_race,imsa_2025_daytona_75_stint_004,car_imsa_2025_75_express_75,75,GTDPRO,driver_mikael_grenier,Mikael Grenier,4,2,52,67,16,14,14,1,0,1,2,111.0725,111.0725,109.878,,1.2155,1.201,26.131,51.6425,33.1265,official_alkamel_time_cards_driver_stint,64c2452b244d1c2ecb1db01df0735b1a0f631db0d4e74397ed7fa3a89b845978
session_imsa_2025_daytona_rolex_24_race,imsa_2025_daytona_75_stint_005,car_imsa_2025_75_express_75,75,GTDPRO,driver_mikael_grenier,Mikael Grenier,5,3,68,98,31,29,29,1,0,2,3,109.769,109.769,109.132,109.7184,-0.007,0.214,26.015,51.097,32.7,official_alkamel_time_cards_driver_stint,64c2452b244d1c2ecb1db01df0735b1a0f631db0d4e74397ed7fa3a89b845978
session_imsa_2025_daytona_rolex_24_race,imsa_2025_daytona_75_stint_006,car_imsa_2025_75_express_75,75,GTDPRO,driver_mikael_grenier,Mikael Grenier,6,4,99,125,27,25,25,1,0,3,4,109.325,109.325,107.824,109.1033,-0.328,-0.198,25.576,51.109,32.616,official_alkamel_time_cards_driver_stint,64c2452b244d1c2ecb1db01df0735b1a0f631db0d4e74397ed7fa3a89b845978
session_imsa_2025_daytona_rolex_24_race,imsa_2025_daytona_75_stint_007,car_imsa_2025_75_express_75,75,GTDPRO,driver_jules_gounon,Jules Gounon,7,1,126,150,25,24,24,0,0,4,5,108.988,108.988,107.765,108.8202,-0.8165,-0.868,25.7345,50.755,32.463,official_alkamel_time_cards_driver_stint,64c2452b244d1c2ecb1db01df0735b1a0f631db0d4e74397ed7fa3a89b845978
session_imsa_2025_daytona_rolex_24_race,imsa_2025_daytona_60_stint_001,car_imsa_2025_acura_meyer_shank_racing_w_curb_agajanian_60,60,GTP,driver_tom_blomqvist,Tom Blomqvist,1,1,1,30,30,28,28,1,0,0,0,98.6345,98.6345,97.324,98.8359,-0.2685,-10.5295,24.1505,46.1475,28.3375,official_alkamel_time_cards_driver_stint,64c2452b244d1c2ecb1db01df0735b1a0f631db0d4e74397ed7fa3a89b845978
session_imsa_2025_daytona_rolex_24_race,imsa_2025_daytona_60_stint_002,car_imsa_2025_acura_meyer_shank_racing_w_curb_agajanian_60,60,GTP,driver_tom_blomqvist,Tom Blomqvist,2,2,31,60,30,28,28,1,0,0,1,99.6095,99.6095,98.771,99.7248,0.4865,-9.8235,24.443,46.519,28.4515,official_alkamel_time_cards_driver_stint,64c2452b244d1c2ecb1db01df0735b1a0f631db0d4e74397ed7fa3a89b845978
session_imsa_2025_daytona_rolex_24_race,imsa_2025_daytona_60_stint_003,car_imsa_2025_acura_meyer_shank_racing_w_curb_agajanian_60,60,GTP,driver_felix_rosenqvist,Felix Rosenqvist,3,1,61,78,18,16,16,1,0,1,2,99.6625,99.6625,97.332,,0.2715,-10.149,24.2555,46.5785,28.4015,official_alkamel_time_cards_driver_stint,64c2452b244d1c2ecb1db01df0735b1a0f631db0d4e74397ed7fa3a89b845978
session_imsa_2025_daytona_rolex_24_race,imsa_2025_daytona_60_stint_004,car_imsa_2025_acura_meyer_shank_racing_w_curb_agajanian_60,60,GTP,driver_felix_rosenqvist,Felix Rosenqvist,4,2,79,110,32,30,30,1,0,2,3,99.76,99.76,98.519,99.877,0.317,-10.1035,24.553,46.434,28.5615,official_alkamel_time_cards_driver_stint,64c2452b244d1c2ecb1db01df0735b1a0f631db0d4e74397ed7fa3a89b845978
session_imsa_2025_daytona_rolex_24_race,imsa_2025_daytona_60_stint_005,car_imsa_2025_acura_meyer_shank_racing_w_curb_agajanian_60,60,GTP,driver_scott_dixon,Scott Dixon,5,1,111,140,30,28,28,1,0,3,4,98.676,98.676,97.3,98.5299,-0.3545,-10.6095,24.118,46.0605,28.4395,official_alkamel_time_cards_driver_stint,64c2452b244d1c2ecb1db01df0735b1a0f631db0d4e74397ed7fa3a89b845978
session_imsa_2025_daytona_rolex_24_race,imsa_2025_daytona_60_stint_006,car_imsa_2025_acura_meyer_shank_racing_w_curb_agajanian_60,60,GTP,driver_scott_dixon,Scott Dixon,6,2,141,142,2,0,0,1,0,4,4,,,,,,,,,,official_alkamel_time_cards_driver_stint,64c2452b244d1c2ecb1db01df0735b1a0f631db0d4e74397ed7fa3a89b845978
session_imsa_2025_daytona_rolex_24_race,imsa_2025_daytona_60_stint_007,car_imsa_2025_acura_meyer_shank_racing_w_curb_agajanian_60,60,GTP,driver_scott_dixon,Scott Dixon,7,3,143,144,2,0,0,1,0,4,4,,,,,,,,,,official_alkamel_time_cards_driver_stint,64c2452b244d1c2ecb1db01df0735b1a0f631db0d4e74397ed7fa3a89b845978
session_imsa_2025_daytona_rolex_24_race,imsa_2025_daytona_60_stint_008,car_imsa_2025_acura_meyer_shank_racing_w_curb_agajanian_60,60,GTP,driver_scott_dixon,Scott Dixon,8,4,145,175,31,29,29,1,0,4,5,99.54,99.54,98.341,99.5957,0.111,-10.316,24.441,46.444,28.575,official_alkamel_time_cards_driver_stint,64c2452b244d1c2ecb1db01df0735b1a0f631db0d4e74397ed7fa3a89b845978
session_imsa_2025_daytona_rolex_24_race,imsa_2025_daytona_60_stint_009,car_imsa_2025_acura_meyer_shank_racing_w_curb_agajanian_60,60,GTP,driver_colin_braun,Colin Braun,9,1,176,190,15,13,13,1,0,5,5,98.626,98.626,97.411,,-0.923,-11.156,24.223,45.875,28.451,official_alkamel_time_cards_driver_stint,64c2452b244d1c2ecb1db01df0735b1a0f631db0d4e74397ed7fa3a89b845978
session_imsa_2025_daytona_rolex_24_race,imsa_2025_daytona_60_stint_010,car_imsa_2025_acura_meyer_shank_racing_w_curb_agajanian_60,60,GTP,driver_colin_braun,Colin Braun,10,2,191,221,31,29,29,1,0,5,6,99.775,99.775,98.453,99.7515,0.711,-9.269,24.531,46.74,28.713,official_alkamel_time_cards_driver_stint,64c2452b244d1c2ecb1db01df0735b1a0f631db0d4e74397ed7fa3a89b845978
session_imsa_2025_daytona_rolex_24_race,imsa_2025_daytona_60_stint_011,car_imsa_2025_acura_meyer_shank_racing_w_curb_agajanian_60,60,GTP,driver_tom_blomqvist,Tom Blomqvist,11,3,222,240,19,17,17,1,0,6,7,98.496,98.496,96.578,,-1.273,-11.253,23.952,45.82,28.327,official_alkamel_time_cards_driver_stint,64c2452b244d1c2ecb1db01df0735b1a0f631db0d4e74397ed7fa3a89b845978
session_imsa_2025_daytona_rolex_24_race,imsa_2025_daytona_60_stint_012,car_imsa_2025_acura_meyer_shank_racing_w_curb_agajanian_60,60,GTP,driver_tom_blomqvist,Tom Blomqvist,12,4,241,277,37,35,35,1,0,7,8,99.595,99.595,97.485,98.8116,0.435,-9.64,24.343,46.248,28.965,official_alkamel_time_cards_driver_stint,64c2452b244d1c2ecb1db01df0735b1a0f631db0d4e74397ed7fa3a89b845978
session_imsa_2025_daytona_rolex_24_race,imsa_2025_daytona_60_stint_013,car_imsa_2025_acura_meyer_shank_racing_w_curb_agajanian_60,60,GTP,driver_felix_rosenqvist,Felix Rosenqvist,13,3,278,307,30,28,28,1,0,8,9,99.181,99.181,97.583,98.8919,0.1375,-10.0345,24.2565,46.186,28.6175,official_alkamel_time_cards_driver_stint,64c2452b244d1c2ecb1db01df0735b1a0f631db0d4e74397ed7fa3a89b845978
session_imsa_2025_daytona_rolex_24_race,imsa_2025_daytona_60_stint_014,car_imsa_2025_acura_meyer_shank_racing_w_curb_agajanian_60,60,GTP,driver_felix_rosenqvist,Felix Rosenqvist,14,4,308,315,8,6,6,1,0,9,9,99.9585,99.9585,99.29,,0.4405,-9.7315,24.506,46.7055,28.6515,official_alkamel_time_cards_driver_stint,64c2452b244d1c2ecb1db01df0735b1a0f631db0d4e74397ed7fa3a89b845978
session_imsa_2025_daytona_rolex_24_race,imsa_2025_daytona_60_stint_015,car_imsa_2025_acura_meyer_shank_racing_w_curb_agajanian_60,60,GTP,driver_felix_rosenqvist,Felix Rosenqvist,15,5,316,333,18,16,16,1,0,9,10,100.343,100.343,98.996,,1.4825,-8.8505,24.6225,46.8615,28.7795,official_alkamel_time_cards_driver_stint,64c2452b244d1c2ecb1db01df0735b1a0f631db0d4e74397ed7fa3a89b845978
session_imsa_2025_daytona_rolex_24_race,imsa_2025_daytona_60_stint_016,car_imsa_2025_acura_meyer_shank_racing_w_curb_agajanian_60,60,GTP,driver_scott_dixon,Scott Dixon,16,5,334,335,2,0,0,1,0,10,10,,,,,,,,,,official_alkamel_time_cards_driver_stint,64c2452b244d1c2ecb1db01df0735b1a0f631db0d4e74397ed7fa3a89b845978
session_imsa_2025_daytona_rolex_24_race,imsa_2025_daytona_60_stint_017,car_imsa_2025_acura_meyer_shank_racing_w_curb_agajanian_60,60,GTP,driver_scott_dixon,Scott Dixon,17,6,336,365,30,28,28,1,0,10,11,98.148,98.148,97.039,98.5439,-0.7127,-10.8305,23.985,45.7535,28.4705,official_alkamel_time_cards_driver_stint,64c2452b244d1c2ecb1db01df0735b1a0f631db0d4e74397ed7fa3a89b845978
session_imsa_2025_daytona_rolex_24_race,imsa_2025_daytona_60_stint_018,car_imsa_2025_acura_meyer_shank_racing_w_curb_agajanian_60,60,GTP,driver_scott_dixon,Scott Dixon,18,7,366,393,28,26,26,1,0,11,12,99.266,99.266,98.405,99.3529,0.386,-9.5915,24.322,46.296,28.553,official_alkamel_time_cards_driver_stint,64c2452b244d1c2ecb1db01df0735b1a0f631db0d4e74397ed7fa3a89b845978
session_imsa_2025_daytona_rolex_24_race,imsa_2025_daytona_60_stint_019,car_imsa_2025_acura_meyer_shank_racing_w_curb_agajanian_60,60,GTP,driver_colin_braun,Colin Braun,19,3,394,426,33,31,31,1,0,12,13,98.562,98.562,96.433,98.0421,-0.977,-10.6655,24.031,45.682,28.576,official_alkamel_time_cards_driver_stint,64c2452b244d1c2ecb1db01df0735b1a0f631db0d4e74397ed7fa3a89b845978
session_imsa_2025_daytona_rolex_24_race,imsa_2025_daytona_60_stint_020,car_imsa_2025_acura_meyer_shank_racing_w_curb_agajanian_60,60,GTP,driver_colin_braun,Colin Braun,20,4,427,444,18,16,16,1,0,13,13,99.3655,99.3655,98.564,,0.1925,-9.461,24.2935,46.4315,28.7015,official_alkamel_time_cards_driver_stint,64c2452b244d1c2ecb1db01df0735b1a0f631db0d4e74397ed7fa3a89b845978
session_imsa_2025_daytona_rolex_24_race,imsa_2025_daytona_60_stint_021,car_imsa_2025_acura_meyer_shank_racing_w_curb_agajanian_60,60,GTP,driver_tom_blomqvist,Tom Blomqvist,21,5,445,476,32,30,30,1,0,13,14,97.9195,97.9195,96.678,98.0791,-0.5695,-11.316,24.032,45.4845,28.361,official_alkamel_time_cards_driver_stint,64c2452b244d1c2ecb1db01df0735b1a0f631db0d4e74397ed7fa3a89b845978
session_imsa_2025_daytona_rolex_24_race,imsa_2025_daytona_60_stint_022,car_imsa_2025_acura_meyer_shank_racing_w_curb_agajanian_60,60,GTP,driver_tom_blomqvist,Tom Blomqvist,22,6,477,506,30,28,28,1,0,14,15,98.53,98.53,98.077,98.786,-0.143,-10.026,24.243,45.87,28.4235,official_alkamel_time_cards_driver_stint,64c2452b244d1c2ecb1db01df0735b1a0f631db0d4e74397ed7fa3a89b845978
session_imsa_2025_daytona_rolex_24_race,imsa_2025_daytona_60_stint_023,car_imsa_2025_acura_meyer_shank_racing_w_curb_agajanian_60,60,GTP,driver_felix_rosenqvist,Felix Rosenqvist,23,6,507,536,30,28,28,1,0,15,16,98.9305,98.9305,97.293,98.6783,0.3405,-9.5475,24.251,45.9035,28.621,official_alkamel_time_cards_driver_stint,64c2452b244d1c2ecb1db01df0735b1a0f631db0d4e74397ed7fa3a89b845978
session_imsa_2025_daytona_rolex_24_race,imsa_2025_daytona_60_stint_024,car_imsa_2025_acura_meyer_shank_racing_w_curb_agajanian_60,60,GTP,driver_scott_dixon,Scott Dixon,24,8,537,566,30,28,28,1,0,16,17,98.4075,98.4075,96.522,98.2526,-0.2005,-9.989,23.9925,45.823,28.434,official_alkamel_time_cards_driver_stint,64c2452b244d1c2ecb1db01df0735b1a0f631db0d4e74397ed7fa3a89b845978
session_imsa_2025_daytona_rolex_24_race,imsa_2025_daytona_60_stint_025,car_imsa_2025_acura_meyer_shank_racing_w_curb_agajanian_60,60,GTP,driver_scott_dixon,Scott Dixon,25,9,567,596,30,28,28,1,0,17,18,98.2895,98.2895,96.423,97.8975,-1.5395,-10.9015,24.0425,45.697,28.426,official_alkamel_time_cards_driver_stint,64c2452b244d1c2ecb1db01df0735b1a0f631db0d4e74397ed7fa3a89b845978
session_imsa_2025_daytona_rolex_24_race,imsa_2025_daytona_60_stint_026,car_imsa_2025_acura_meyer_shank_racing_w_curb_agajanian_60,60,GTP,driver_scott_dixon,Scott Dixon,26,10,597,599,3,1,1,1,0,18,18,167.478,167.478,167.478,,65.569,57.283,32.183,83.393,51.902,official_alkamel_time_cards_driver_stint,64c2452b244d1c2ecb1db01df0735b1a0f631db0d4e74397ed7fa3a89b845978
session_imsa_2025_daytona_rolex_24_race,imsa_2025_daytona_60_stint_027,car_imsa_2025_acura_meyer_shank_racing_w_curb_agajanian_60,60,GTP,driver_scott_dixon,Scott Dixon,27,11,600,609,10,8,8,1,0,18,18,177.7685,177.7685,105.547,,75.8595,67.5735,36.615,85.179,53.376,official_alkamel_time_cards_driver_stint,64c2452b244d1c2ecb1db01df0735b1a0f631db0d4e74397ed7fa3a89b845978
session_imsa_2025_daytona_rolex_24_race,imsa_2025_daytona_60_stint_028,car_imsa_2025_acura_meyer_shank_racing_w_curb_agajanian_60,60,GTP,driver_scott_dixon,Scott Dixon,28,12,610,632,23,21,21,1,0,18,19,98.653,98.653,96.868,98.5081,0.016,-9.9125,23.95,45.937,28.276,official_alkamel_time_cards_driver_stint,64c2452b244d1c2ecb1db01df0735b1a0f631db0d4e74397ed7fa3a89b845978
session_imsa_2025_daytona_rolex_24_race,imsa_2025_daytona_60_stint_029,car_imsa_2025_acura_meyer_shank_racing_w_curb_agajanian_60,60,GTP,driver_colin_braun,Colin Braun,29,5,633,662,30,28,28,1,0,19,20,98.846,98.846,96.233,98.3629,0.394,-9.5553,24.2025,46.2075,28.3185,official_alkamel_time_cards_driver_stint,64c2452b244d1c2ecb1db01df0735b1a0f631db0d4e74397ed7fa3a89b845978
session_imsa_2025_daytona_rolex_24_race,imsa_2025_daytona_60_stint_030,car_imsa_2025_acura_meyer_shank_racing_w_curb_agajanian_60,60,GTP,driver_colin_braun,Colin Braun,30,6,663,683,21,19,19,1,0,20,21,98.798,98.798,97.516,,0.182,-9.818,24.194,46.006,28.397,official_alkamel_time_cards_driver_stint,64c2452b244d1c2ecb1db01df0735b1a0f631db0d4e74397ed7fa3a89b845978
session_imsa_2025_daytona_rolex_24_race,imsa_2025_daytona_60_stint_031,car_imsa_2025_acura_meyer_shank_racing_w_curb_agajanian_60,60,GTP,driver_colin_braun,Colin Braun,31,7,684,712,29,27,27,1,0,21,21,98.381,98.381,97.481,98.4778,-0.19,-10.444,24.074,45.996,28.301,official_alkamel_time_cards_driver_stint,64c2452b244d1c2ecb1db01df0735b1a0f631db0d4e74397ed7fa3a89b845978
session_imsa_2025_daytona_rolex_24_race,imsa_2025_daytona_60_stint_032,car_imsa_2025_acura_meyer_shank_racing_w_curb_agajanian_60,60,GTP,driver_tom_blomqvist,Tom Blomqvist,32,7,713,718,6,4,4,1,0,21,22,153.8405,153.8405,150.134,,55.314,44.8238,34.8905,72.3195,51.013,official_alkamel_time_cards_driver_stint,64c2452b244d1c2ecb1db01df0735b1a0f631db0d4e74397ed7fa3a89b845978
session_imsa_2025_daytona_rolex_24_race,imsa_2025_daytona_60_stint_033,car_imsa_2025_acura_meyer_shank_racing_w_curb_agajanian_60,60,GTP,driver_tom_blomqvist,Tom Blomqvist,33,8,719,744,26,24,24,1,0,22,22,98.2485,98.2485,97.014,98.452,-0.2335,-10.96,24.086,45.8755,28.1485,official_alkamel_time_cards_driver_stint,64c2452b244d1c2ecb1db01df0735b1a0f631db0d4e74397ed7fa3a89b845978
session_imsa_2025_daytona_rolex_24_race,imsa_2025_daytona_60_stint_034,car_imsa_2025_acura_meyer_shank_racing_w_curb_agajanian_60,60,GTP,driver_tom_blomqvist,Tom Blomqvist,34,9,745,753,9,7,7,1,0,22,23,99.134,99.134,97.158,,0.755,-9.9715,23.996,46.342,28.606,official_alkamel_time_cards_driver_stint,64c2452b244d1c2ecb1db01df0735b1a0f631db0d4e74397ed7fa3a89b845978
session_imsa_2025_daytona_rolex_24_race,imsa_2025_daytona_60_stint_035,car_imsa_2025_acura_meyer_shank_racing_w_curb_agajanian_60,60,GTP,driver_tom_blomqvist,Tom Blomqvist,35,10,754,781,28,27,27,0,0,23,24,97.798,97.798,96.188,97.7975,-0.444,-11.089,24.126,45.67,27.933,official_alkamel_time_cards_driver_stint,64c2452b244d1c2ecb1db01df0735b1a0f631db0d4e74397ed7fa3a89b845978
session_imsa_2025_daytona_rolex_24_race,imsa_2025_daytona_93_stint_001,car_imsa_2025_acura_meyer_shank_racing_w_curb_agajanian_93,93,GTP,driver_nick_yelloly,Nick Yelloly,1,1,1,29,29,27,27,1,0,0,0,97.964,97.964,96.695,98.2745,-0.939,-11.2,23.962,45.743,28.24,official_alkamel_time_cards_driver_stint,64c2452b244d1c2ecb1db01df0735b1a0f631db0d4e74397ed7fa3a89b845978
session_imsa_2025_daytona_rolex_24_race,imsa_2025_daytona_93_stint_002,car_imsa_2025_acura_meyer_shank_racing_w_curb_agajanian_93,93,GTP,driver_nick_yelloly,Nick Yelloly,2,2,30,50,21,19,19,1,0,0,1,99.351,99.351,97.956,,0.139,-10.215,24.201,46.226,28.284,official_alkamel_time_cards_driver_stint,64c2452b244d1c2ecb1db01df0735b1a0f631db0d4e74397ed7fa3a89b845978
session_imsa_2025_daytona_rolex_24_race,imsa_2025_daytona_93_stint_003,car_imsa_2025_acura_meyer_shank_racing_w_curb_agajanian_93,93,GTP,driver_kaku_ohta,Kaku Ohta,3,1,51,78,28,26,26,1,0,1,2,99.4495,99.4495,97.988,99.4351,0.2125,-10.1747,24.475,46.3065,28.5735,official_alkamel_time_cards_driver_stint,64c2452b244d1c2ecb1db01df0735b1a0f631db0d4e74397ed7fa3a89b845978
session_imsa_2025_daytona_rolex_24_race,imsa_2025_daytona_93_stint_004,car_imsa_2025_acura_meyer_shank_racing_w_curb_agajanian_93,93,GTP,driver_kaku_ohta,Kaku Ohta,4,2,79,81,3,1,1,1,0,2,2,161.872,161.872,161.872,,62.421,52.0005,29.835,74.74,57.297,official_alkamel_time_cards_driver_stint,64c2452b244d1c2ecb1db01df0735b1a0f631db0d4e74397ed7fa3a89b845978
session_imsa_2025_daytona_rolex_24_race,imsa_2025_daytona_93_stint_005,car_imsa_2025_acura_meyer_shank_racing_w_curb_agajanian_93,93,GTP,driver_kaku_ohta,Kaku Ohta,5,3,82,112,31,29,29,1,0,2,3,99.515,99.515,98.516,99.9611,0.406,-9.88,24.512,46.412,28.553,official_alkamel_time_cards_driver_stint,64c2452b244d1c2ecb1db01df0735b1a0f631db0d4e74397ed7fa3a89b845978
session_imsa_2025_daytona_rolex_24_race,imsa_2025_daytona_93_stint_006,car_imsa_2025_acura_meyer_shank_racing_w_curb_agajanian_93,93,GTP,driver_alex_palou,Alex Palou,6,1,113,141,29,27,27,1,0,3,5,98.645,98.645,97.285,98.4951,-0.369,-10.576,24.296,46.027,28.293,official_alkamel_time_cards_driver_stint,64c2452b244d1c2ecb1db01df0735b1a0f631db0d4e74397ed7fa3a89b845978
session_imsa_2025_daytona_rolex_24_race,imsa_2025_daytona_93_stint_007,car_imsa_2025_acura_meyer_shank_racing_w_curb_agajanian_93,93,GTP,driver_alex_palou,Alex Palou,7,2,142,152,11,9,9,1,0,5,5,123.679,123.679,98.378,,24.13,13.897,24.923,58.307,31.046,official_alkamel_time_cards_driver_stint,64c2452b244d1c2ecb1db01df0735b1a0f631db0d4e74397ed7fa3a89b845978
session_imsa_2025_daytona_rolex_24_race,imsa_2025_daytona_93_stint_008,car_imsa_2025_acura_meyer_shank_racing_w_curb_agajanian_93,93,GTP,driver_alex_palou,Alex Palou,8,3,153,183,31,29,29,1,0,5,6,99.467,99.467,98.146,99.537,0.403,-9.577,24.325,46.435,28.565,official_alkamel_time_cards_driver_stint,64c2452b244d1c2ecb1db01df0735b1a0f631db0d4e74397ed7fa3a89b845978
session_imsa_2025_daytona_rolex_24_race,imsa_2025_daytona_93_stint_009,car_imsa_2025_acura_meyer_shank_racing_w_curb_agajanian_93,93,GTP,driver_alex_palou,Alex Palou,9,4,184,202,19,17,17,1,0,6,7,100.056,100.056,99.265,,0.63,-9.041,24.576,46.615,28.914,official_alkamel_time_cards_driver_stint,64c2452b244d1c2ecb1db01df0735b1a0f631db0d4e74397ed7fa3a89b845978
session_imsa_2025_daytona_rolex_24_race,imsa_2025_daytona_93_stint_010,car_imsa_2025_acura_meyer_shank_racing_w_curb_agajanian_93,93,GTP,driver_renger_van_der_zande,Renger van der Zande,10,1,203,235,33,31,31,1,0,7,8,99.66,99.66,97.056,98.7868,0.119,-9.779,24.414,46.119,28.759,official_alkamel_time_cards_driver_stint,64c2452b244d1c2ecb1db01df0735b1a0f631db0d4e74397ed7fa3a89b845978
session_imsa_2025_daytona_rolex_24_race,imsa_2025_daytona_93_stint_011,car_imsa_2025_acura_meyer_shank_racing_w_curb_agajanian_93,93,GTP,driver_renger_van_der_zande,Renger van der Zande,11,2,236,265,30,28,28,1,0,8,9,99.2755,99.2755,98.527,99.2745,0.294,-9.879,24.132,46.409,28.6685,official_alkamel_time_cards_driver_stint,64c2452b244d1c2ecb1db01df0735b1a0f631db0d4e74397ed7fa3a89b845978
session_imsa_2025_daytona_rolex_24_race,imsa_2025_daytona_93_stint_012,car_imsa_2025_acura_meyer_shank_racing_w_curb_agajanian_93,93,GTP,driver_nick_yelloly,Nick Yelloly,12,3,266,296,31,29,29,1,0,9,10,99.748,99.748,96.877,128.6342,0.8875,-9.4455,24.515,46.343,28.702,official_alkamel_time_cards_driver_stint,64c2452b244d1c2ecb1db01df0735b1a0f631db0d4e74397ed7fa3a89b845978
session_imsa_2025_daytona_rolex_24_race,imsa_2025_daytona_93_stint_013,car_imsa_2025_acura_meyer_shank_racing_w_curb_agajanian_93,93,GTP,driver_nick_yelloly,Nick Yelloly,13,4,297,325,29,27,27,1,0,10,11,98.07,98.07,96.628,97.9453,-0.7905,-10.9655,23.976,45.622,28.497,official_alkamel_time_cards_driver_stint,64c2452b244d1c2ecb1db01df0735b1a0f631db0d4e74397ed7fa3a89b845978
session_imsa_2025_daytona_rolex_24_race,imsa_2025_daytona_93_stint_014,car_imsa_2025_acura_meyer_shank_racing_w_curb_agajanian_93,93,GTP,driver_kaku_ohta,Kaku Ohta,14,4,326,357,32,30,30,1,0,11,12,99.009,99.009,96.574,98.6754,-0.044,-10.0215,24.1725,46.125,28.6765,official_alkamel_time_cards_driver_stint,64c2452b244d1c2ecb1db01df0735b1a0f631db0d4e74397ed7fa3a89b845978
session_imsa_2025_daytona_rolex_24_race,imsa_2025_daytona_93_stint_015,car_imsa_2025_acura_meyer_shank_racing_w_curb_agajanian_93,93,GTP,driver_kaku_ohta,Kaku Ohta,15,5,358,387,30,28,28,1,0,12,13,99.249,99.249,97.892,99.0799,-0.3205,-10.073,24.3925,45.9095,28.7265,official_alkamel_time_cards_driver_stint,64c2452b244d1c2ecb1db01df0735b1a0f631db0d4e74397ed7fa3a89b845978
session_imsa_2025_daytona_rolex_24_race,imsa_2025_daytona_93_stint_016,car_imsa_2025_acura_meyer_shank_racing_w_curb_agajanian_93,93,GTP,driver_alex_palou,Alex Palou,16,5,388,406,19,16,16,1,0,13,13,97.654,97.654,96.739,,-1.519,-11.1725,23.7265,45.549,28.452,official_alkamel_time_cards_driver_stint,64c2452b244d1c2ecb1db01df0735b1a0f631db0d4e74397ed7fa3a89b845978
session_imsa_2025_daytona_rolex_24_race,imsa_2025_daytona_93_stint_017,car_imsa_2025_acura_meyer_shank_racing_w_curb_agajanian_93,93,GTP,driver_alex_palou,Alex Palou,17,6,407,416,10,8,8,1,0,13,14,138.072,138.072,98.022,,39.241,29.041,28.5665,61.1355,42.15,official_alkamel_time_cards_driver_stint,64c2452b244d1c2ecb1db01df0735b1a0f631db0d4e74397ed7fa3a89b845978
session_imsa_2025_daytona_rolex_24_race,imsa_2025_daytona_93_stint_018,car_imsa_2025_acura_meyer_shank_racing_w_curb_agajanian_93,93,GTP,driver_alex_palou,Alex Palou,18,7,417,438,22,20,20,1,0,14,14,98.508,98.508,97.44,98.9208,0.019,-10.7275,24.0795,45.836,28.633,official_alkamel_time_cards_driver_stint,64c2452b244d1c2ecb1db01df0735b1a0f631db0d4e74397ed7fa3a89b845978
session_imsa_2025_daytona_rolex_24_race,imsa_2025_daytona_93_stint_019,car_imsa_2025_acura_meyer_shank_racing_w_curb_agajanian_93,93,GTP,driver_renger_van_der_zande,Renger van der Zande,19,3,439,469,31,29,29,1,0,14,15,99.021,99.021,97.12,99.0656,0.348,-9.499,24.256,46.123,28.615,official_alkamel_time_cards_driver_stint,64c2452b244d1c2ecb1db01df0735b1a0f631db0d4e74397ed7fa3a89b845978
session_imsa_2025_daytona_rolex_24_race,imsa_2025_daytona_93_stint_020,car_imsa_2025_acura_meyer_shank_racing_w_curb_agajanian_93,93,GTP,driver_renger_van_der_zande,Renger van der Zande,20,4,470,491,22,20,20,1,0,15,16,99.1055,99.1055,98.259,99.2644,0.474,-9.3935,24.199,46.1195,28.703,official_alkamel_time_cards_driver_stint,64c2452b244d1c2ecb1db01df0735b1a0f631db0d4e74397ed7fa3a89b845978
session_imsa_2025_daytona_rolex_24_race,imsa_2025_daytona_93_stint_021,car_imsa_2025_acura_meyer_shank_racing_w_curb_agajanian_93,93,GTP,driver_nick_yelloly,Nick Yelloly,21,5,492,521,30,28,28,1,0,16,17,98.783,98.783,97.851,98.5719,0.1625,-9.6345,24.211,45.993,28.4435,official_alkamel_time_cards_driver_stint,64c2452b244d1c2ecb1db01df0735b1a0f631db0d4e74397ed7fa3a89b845978
session_imsa_2025_daytona_rolex_24_race,imsa_2025_daytona_93_stint_022,car_imsa_2025_acura_meyer_shank_racing_w_curb_agajanian_93,93,GTP,driver_nick_yelloly,Nick Yelloly,22,6,522,539,18,16,16,1,0,17,17,99.2465,99.2465,98.542,,0.5955,-9.0195,24.454,46.1085,28.601,official_alkamel_time_cards_driver_stint,64c2452b244d1c2ecb1db01df0735b1a0f631db0d4e74397ed7fa3a89b845978
session_imsa_2025_daytona_rolex_24_race,imsa_2025_daytona_93_stint_023,car_imsa_2025_acura_meyer_shank_racing_w_curb_agajanian_93,93,GTP,driver_kaku_ohta,Kaku Ohta,23,6,540,544,5,3,3,1,0,17,17,97.945,97.945,97.606,,-0.706,-10.321,24.115,45.291,28.647,official_alkamel_time_cards_driver_stint,64c2452b244d1c2ecb1db01df0735b1a0f631db0d4e74397ed7fa3a89b845978
session_imsa_2025_daytona_rolex_24_race,imsa_2025_daytona_93_stint_024,car_imsa_2025_acura_meyer_shank_racing_w_curb_agajanian_93,93,GTP,driver_kaku_ohta,Kaku Ohta,24,7,545,548,4,2,2,1,0,17,18,97.5845,97.5845,97.448,,-4.3245,-12.6105,23.8255,45.1685,28.5905,official_alkamel_time_cards_driver_stint,64c2452b244d1c2ecb1db01df0735b1a0f631db0d4e74397ed7fa3a89b845978
session_imsa_2025_daytona_rolex_24_race,imsa_2025_daytona_93_stint_025,car_imsa_2025_acura_meyer_shank_racing_w_curb_agajanian_93,93,GTP,driver_kaku_ohta,Kaku Ohta,25,8,549,562,14,12,12,1,0,18,18,101.176,101.176,99.25,,-0.733,-9.019,24.6545,47.3575,29.4845,official_alkamel_time_cards_driver_stint,64c2452b244d1c2ecb1db01df0735b1a0f631db0d4e74397ed7fa3a89b845978
session_imsa_2025_daytona_rolex_24_race,imsa_2025_daytona_93_stint_026,car_imsa_2025_acura_meyer_shank_racing_w_curb_agajanian_93,93,GTP,driver_kaku_ohta,Kaku Ohta,26,9,563,594,32,30,30,1,0,18,19,98.271,98.271,96.204,98.1629,-0.097,-10.0255,24.026,45.9565,28.306,official_alkamel_time_cards_driver_stint,64c2452b244d1c2ecb1db01df0735b1a0f631db0d4e74397ed7fa3a89b845978
session_imsa_2025_daytona_rolex_24_race,imsa_2025_daytona_93_stint_027,car_imsa_2025_acura_meyer_shank_racing_w_curb_agajanian_93,93,GTP,driver_alex_palou,Alex Palou,27,8,595,624,30,28,28,1,0,19,20,98.3125,98.3125,96.168,98.0305,-0.21,-10.1742,23.974,46.01,28.2685,official_alkamel_time_cards_driver_stint,64c2452b244d1c2ecb1db01df0735b1a0f631db0d4e74397ed7fa3a89b845978
session_imsa_2025_daytona_rolex_24_race,imsa_2025_daytona_93_stint_028,car_imsa_2025_acura_meyer_shank_racing_w_curb_agajanian_93,93,GTP,driver_alex_palou,Alex Palou,28,9,625,654,30,28,28,1,0,20,21,98.471,98.471,97.45,98.4197,-0.1225,-10.148,24.0045,46.1535,28.246,official_alkamel_time_cards_driver_stint,64c2452b244d1c2ecb1db01df0735b1a0f631db0d4e74397ed7fa3a89b845978
session_imsa_2025_daytona_rolex_24_race,imsa_2025_daytona_93_stint_029,car_imsa_2025_acura_meyer_shank_racing_w_curb_agajanian_93,93,GTP,driver_renger_van_der_zande,Renger van der Zande,29,5,655,674,20,18,18,1,0,21,21,98.371,98.371,97.61,,-0.2,-10.454,24.0875,46.0015,28.2495,official_alkamel_time_cards_driver_stint,64c2452b244d1c2ecb1db01df0735b1a0f631db0d4e74397ed7fa3a89b845978
session_imsa_2025_daytona_rolex_24_race,imsa_2025_daytona_93_stint_030,car_imsa_2025_acura_meyer_shank_racing_w_curb_agajanian_93,93,GTP,driver_renger_van_der_zande,Renger van der Zande,30,6,675,676,2,0,0,1,0,21,21,,,,,,,,,,official_alkamel_time_cards_driver_stint,64c2452b244d1c2ecb1db01df0735b1a0f631db0d4e74397ed7fa3a89b845978
session_imsa_2025_daytona_rolex_24_race,imsa_2025_daytona_93_stint_031,car_imsa_2025_acura_meyer_shank_racing_w_curb_agajanian_93,93,GTP,driver_renger_van_der_zande,Renger van der Zande,31,7,677,678,2,0,0,1,0,22,22,,,,,,,,,,official_alkamel_time_cards_driver_stint,64c2452b244d1c2ecb1db01df0735b1a0f631db0d4e74397ed7fa3a89b845978
session_imsa_2025_daytona_rolex_24_race,imsa_2025_daytona_93_stint_032,car_imsa_2025_acura_meyer_shank_racing_w_curb_agajanian_93,93,GTP,driver_renger_van_der_zande,Renger van der Zande,32,8,679,706,28,26,26,1,0,22,22,98.793,98.793,97.982,98.7282,0.311,-10.4155,24.4225,46.0605,28.1585,official_alkamel_time_cards_driver_stint,64c2452b244d1c2ecb1db01df0735b1a0f631db0d4e74397ed7fa3a89b845978
session_imsa_2025_daytona_rolex_24_race,imsa_2025_daytona_93_stint_033,car_imsa_2025_acura_meyer_shank_racing_w_curb_agajanian_93,93,GTP,driver_renger_van_der_zande,Renger van der Zande,33,9,707,711,5,3,3,1,0,22,23,98.995,98.995,98.818,,0.513,-10.2135,24.286,46.21,28.755,official_alkamel_time_cards_driver_stint,64c2452b244d1c2ecb1db01df0735b1a0f631db0d4e74397ed7fa3a89b845978
session_imsa_2025_daytona_rolex_24_race,imsa_2025_daytona_93_stint_034,car_imsa_2025_acura_meyer_shank_racing_w_curb_agajanian_93,93,GTP,driver_renger_van_der_zande,Renger van der Zande,34,10,712,713,2,0,0,1,0,23,23,,,,,,,,,,official_alkamel_time_cards_driver_stint,64c2452b244d1c2ecb1db01df0735b1a0f631db0d4e74397ed7fa3a89b845978
session_imsa_2025_daytona_rolex_24_race,imsa_2025_daytona_93_stint_035,car_imsa_2025_acura_meyer_shank_racing_w_curb_agajanian_93,93,GTP,driver_renger_van_der_zande,Renger van der Zande,35,11,714,714,1,0,0,1,0,23,23,,,,,,,,,,official_alkamel_time_cards_driver_stint,64c2452b244d1c2ecb1db01df0735b1a0f631db0d4e74397ed7fa3a89b845978
session_imsa_2025_daytona_rolex_24_race,imsa_2025_daytona_93_stint_036,car_imsa_2025_acura_meyer_shank_racing_w_curb_agajanian_93,93,GTP,driver_renger_van_der_zande,Renger van der Zande,36,12,715,715,1,0,0,1,0,23,23,,,,,,,,,,official_alkamel_time_cards_driver_stint,64c2452b244d1c2ecb1db01df0735b1a0f631db0d4e74397ed7fa3a89b845978
session_imsa_2025_daytona_rolex_24_race,imsa_2025_daytona_93_stint_037,car_imsa_2025_acura_meyer_shank_racing_w_curb_agajanian_93,93,GTP,driver_renger_van_der_zande,Renger van der Zande,37,13,716,741,26,25,25,0,0,23,24,98.242,98.242,97.211,98.4874,0.0,-10.645,24.057,45.944,28.205,official_alkamel_time_cards_driver_stint,64c2452b244d1c2ecb1db01df0735b1a0f631db0d4e74397ed7fa3a89b845978
session_imsa_2025_daytona_rolex_24_race,imsa_2025_daytona_21_stint_001,car_imsa_2025_af_corse_21,21,GTD,driver_simon_mann,Simon Mann,1,1,1,29,29,27,27,1,0,0,0,110.218,110.218,109.149,110.1181,-0.0485,1.054,26.1,51.355,32.782,official_alkamel_time_cards_driver_stint,64c2452b244d1c2ecb1db01df0735b1a0f631db0d4e74397ed7fa3a89b845978
session_imsa_2025_daytona_rolex_24_race,imsa_2025_daytona_21_stint_002,car_imsa_2025_af_corse_21,21,GTD,driver_simon_mann,Simon Mann,2,2,30,58,29,27,27,1,0,0,1,110.515,110.515,109.768,110.4342,0.049,0.949,26.021,51.459,32.944,official_alkamel_time_cards_driver_stint,64c2452b244d1c2ecb1db01df0735b1a0f631db0d4e74397ed7fa3a89b845978
session_imsa_2025_daytona_rolex_24_race,imsa_2025_daytona_21_stint_003,car_imsa_2025_af_corse_21,21,GTD,driver_lilou_wadoux_ducellier,Lilou Wadoux Ducellier,3,1,59,72,14,12,12,1,0,1,2,109.134,109.134,108.306,,-1.8265,-0.7375,25.4915,50.927,32.719,official_alkamel_time_cards_driver_stint,64c2452b244d1c2ecb1db01df0735b1a0f631db0d4e74397ed7fa3a89b845978
session_imsa_2025_daytona_rolex_24_race,imsa_2025_daytona_21_stint_004,car_imsa_2025_af_corse_21,21,GTD,driver_lilou_wadoux_ducellier,Lilou Wadoux Ducellier,4,2,73,77,5,3,3,1,0,2,2,203.037,203.037,171.843,,92.035,93.1655,39.201,91.793,68.713,official_alkamel_time_cards_driver_stint,64c2452b244d1c2ecb1db01df0735b1a0f631db0d4e74397ed7fa3a89b845978
session_imsa_2025_daytona_rolex_24_race,imsa_2025_daytona_21_stint_005,car_imsa_2025_af_corse_21,21,GTD,driver_lilou_wadoux_ducellier,Lilou Wadoux Ducellier,5,3,78,103,26,24,24,1,0,2,3,109.989,109.989,108.968,110.1474,-0.35,0.7018,25.8395,51.2905,32.857,official_alkamel_time_cards_driver_stint,64c2452b244d1c2ecb1db01df0735b1a0f631db0d4e74397ed7fa3a89b845978
session_imsa_2025_daytona_rolex_24_race,imsa_2025_daytona_21_stint_006,car_imsa_2025_af_corse_21,21,GTD,driver_lilou_wadoux_ducellier,Lilou Wadoux Ducellier,6,4,104,131,28,26,26,1,0,3,4,110.012,110.012,109.268,109.9799,-0.065,0.703,25.8415,51.2585,32.8585,official_alkamel_time_cards_driver_stint,64c2452b244d1c2ecb1db01df0735b1a0f631db0d4e74397ed7fa3a89b845978
session_imsa_2025_daytona_rolex_24_race,imsa_2025_daytona_21_stint_007,car_imsa_2025_af_corse_21,21,GTD,driver_kei_cozzolino,Kei Cozzolino,7,1,132,161,30,28,28,1,0,4,5,110.043,110.043,108.33,109.8788,-0.4868,0.261,25.844,51.273,32.8455,official_alkamel_time_cards_driver_stint,64c2452b244d1c2ecb1db01df0735b1a0f631db0d4e74397ed7fa3a89b845978
session_imsa_2025_daytona_rolex_24_race,imsa_2025_daytona_21_stint_008,car_imsa_2025_af_corse_21,21,GTD,driver_kei_cozzolino,Kei Cozzolino,8,2,162,174,13,11,11,1,0,5,5,109.701,109.701,109.234,,-0.821,-0.081,25.965,51.112,32.855,official_alkamel_time_cards_driver_stint,64c2452b244d1c2ecb1db01df0735b1a0f631db0d4e74397ed7fa3a89b845978
session_imsa_2025_daytona_rolex_24_race,imsa_2025_daytona_21_stint_009,car_imsa_2025_af_corse_21,21,GTD,driver_kei_cozzolino,Kei Cozzolino,9,3,175,204,30,28,28,1,0,5,6,110.058,110.058,108.847,110.1098,-0.201,1.014,26.005,51.406,32.758,official_alkamel_time_cards_driver_stint,64c2452b244d1c2ecb1db01df0735b1a0f631db0d4e74397ed7fa3a89b845978
session_imsa_2025_daytona_rolex_24_race,imsa_2025_daytona_21_stint_010,car_imsa_2025_af_corse_21,21,GTD,driver_alessandro_pier_guidi,Alessandro Pier Guidi,10,1,205,222,18,16,16,1,0,6,7,109.107,109.107,107.859,,-2.1765,-0.818,25.537,51.0295,32.63,official_alkamel_time_cards_driver_stint,64c2452b244d1c2ecb1db01df0735b1a0f631db0d4e74397ed7fa3a89b845978
session_imsa_2025_daytona_rolex_24_race,imsa_2025_daytona_21_stint_011,car_imsa_2025_af_corse_21,21,GTD,driver_alessandro_pier_guidi,Alessandro Pier Guidi,11,2,223,249,27,25,25,1,0,7,8,109.822,109.822,108.846,124.4678,-0.3855,0.459,25.883,51.247,32.733,official_alkamel_time_cards_driver_stint,64c2452b244d1c2ecb1db01df0735b1a0f631db0d4e74397ed7fa3a89b845978
session_imsa_2025_daytona_rolex_24_race,imsa_2025_daytona_21_stint_012,car_imsa_2025_af_corse_21,21,GTD,driver_simon_mann,Simon Mann,12,3,250,279,30,28,28,1,0,8,9,109.862,109.862,108.846,109.7349,-0.047,0.7285,25.7005,51.195,32.823,official_alkamel_time_cards_driver_stint,64c2452b244d1c2ecb1db01df0735b1a0f631db0d4e74397ed7fa3a89b845978
session_imsa_2025_daytona_rolex_24_race,imsa_2025_daytona_21_stint_013,car_imsa_2025_af_corse_21,21,GTD,driver_simon_mann,Simon Mann,13,4,280,290,11,9,9,1,0,9,9,109.809,109.809,108.155,,-0.5345,0.119,25.935,51.096,33.143,official_alkamel_time_cards_driver_stint,64c2452b244d1c2ecb1db01df0735b1a0f631db0d4e74397ed7fa3a89b845978
session_imsa_2025_daytona_rolex_24_race,imsa_2025_daytona_21_stint_014,car_imsa_2025_af_corse_21,21,GTD,driver_simon_mann,Simon Mann,14,5,291,307,17,15,15,1,0,9,10,110.956,110.956,108.868,,0.7785,1.7625,26.005,51.529,33.037,official_alkamel_time_cards_driver_stint,64c2452b244d1c2ecb1db01df0735b1a0f631db0d4e74397ed7fa3a89b845978
session_imsa_2025_daytona_rolex_24_race,imsa_2025_daytona_21_stint_015,car_imsa_2025_af_corse_21,21,GTD,driver_simon_mann,Simon Mann,15,6,308,335,28,26,26,1,0,10,11,110.0165,110.0165,109.485,110.0263,0.2135,1.048,25.8215,51.276,32.932,official_alkamel_time_cards_driver_stint,64c2452b244d1c2ecb1db01df0735b1a0f631db0d4e74397ed7fa3a89b845978
session_imsa_2025_daytona_rolex_24_race,imsa_2025_daytona_21_stint_016,car_imsa_2025_af_corse_21,21,GTD,driver_lilou_wadoux_ducellier,Lilou Wadoux Ducellier,16,5,336,362,27,25,25,1,0,11,12,109.64,109.64,108.851,109.4359,-0.148,0.6805,25.763,50.992,32.885,official_alkamel_time_cards_driver_stint,64c2452b244d1c2ecb1db01df0735b1a0f631db0d4e74397ed7fa3a89b845978
session_imsa_2025_daytona_rolex_24_race,imsa_2025_daytona_21_stint_017,car_imsa_2025_af_corse_21,21,GTD,driver_lilou_wadoux_ducellier,Lilou Wadoux Ducellier,17,6,363,394,32,30,30,1,0,12,13,109.993,109.993,108.665,109.9086,0.353,0.9975,25.974,51.1875,32.9365,official_alkamel_time_cards_driver_stint,64c2452b244d1c2ecb1db01df0735b1a0f631db0d4e74397ed7fa3a89b845978
session_imsa_2025_daytona_rolex_24_race,imsa_2025_daytona_21_stint_018,car_imsa_2025_af_corse_21,21,GTD,driver_kei_cozzolino,Kei Cozzolino,18,4,395,410,16,14,14,1,0,13,13,109.641,109.641,108.765,,0.001,0.8145,25.835,51.019,32.8565,official_alkamel_time_cards_driver_stint,64c2452b244d1c2ecb1db01df0735b1a0f631db0d4e74397ed7fa3a89b845978
session_imsa_2025_daytona_rolex_24_race,imsa_2025_daytona_21_stint_019,car_imsa_2025_af_corse_21,21,GTD,driver_kei_cozzolino,Kei Cozzolino,19,5,411,417,7,5,5,1,0,13,14,156.637,156.637,110.88,,46.819,47.4015,42.961,76.724,36.801,official_alkamel_time_cards_driver_stint,64c2452b244d1c2ecb1db01df0735b1a0f631db0d4e74397ed7fa3a89b845978
session_imsa_2025_daytona_rolex_24_race,imsa_2025_daytona_21_stint_020,car_imsa_2025_af_corse_21,21,GTD,driver_kei_cozzolino,Kei Cozzolino,20,6,418,440,23,21,21,1,0,14,14,109.658,109.658,109.306,109.6744,-0.16,0.4225,25.654,51.143,32.83,official_alkamel_time_cards_driver_stint,64c2452b244d1c2ecb1db01df0735b1a0f631db0d4e74397ed7fa3a89b845978
session_imsa_2025_daytona_rolex_24_race,imsa_2025_daytona_21_stint_021,car_imsa_2025_af_corse_21,21,GTD,driver_alessandro_pier_guidi,Alessandro Pier Guidi,21,3,441,469,29,27,27,1,0,15,15,109.367,109.367,108.033,108.9635,-0.101,0.847,25.593,50.902,32.69,official_alkamel_time_cards_driver_stint,64c2452b244d1c2ecb1db01df0735b1a0f631db0d4e74397ed7fa3a89b845978
session_imsa_2025_daytona_rolex_24_race,imsa_2025_daytona_21_stint_022,car_imsa_2025_af_corse_21,21,GTD,driver_alessandro_pier_guidi,Alessandro Pier Guidi,22,4,470,498,29,27,27,1,0,15,16,109.052,109.052,107.917,108.7547,-0.197,0.574,25.564,50.756,32.617,official_alkamel_time_cards_driver_stint,64c2452b244d1c2ecb1db01df0735b1a0f631db0d4e74397ed7fa3a89b845978
session_imsa_2025_daytona_rolex_24_race,imsa_2025_daytona_21_stint_023,car_imsa_2025_af_corse_21,21,GTD,driver_simon_mann,Simon Mann,23,7,499,527,29,27,27,1,0,16,17,109.641,109.641,108.065,109.3045,0.383,1.375,25.606,51.069,32.761,official_alkamel_time_cards_driver_stint,64c2452b244d1c2ecb1db01df0735b1a0f631db0d4e74397ed7fa3a89b845978
session_imsa_2025_daytona_rolex_24_race,imsa_2025_daytona_21_stint_024,car_imsa_2025_af_corse_21,21,GTD,driver_lilou_wadoux_ducellier,Lilou Wadoux Ducellier,24,7,528,552,25,23,23,1,0,17,18,109.345,109.345,108.166,110.2909,-0.942,-0.1,25.724,50.943,32.72,official_alkamel_time_cards_driver_stint,64c2452b244d1c2ecb1db01df0735b1a0f631db0d4e74397ed7fa3a89b845978
session_imsa_2025_daytona_rolex_24_race,imsa_2025_daytona_21_stint_025,car_imsa_2025_af_corse_21,21,GTD,driver_alessandro_pier_guidi,Alessandro Pier Guidi,25,5,553,555,3,2,2,0,0,18,18,134.572,134.572,117.165,,23.849,24.377,30.511,66.351,37.71,official_alkamel_time_cards_driver_stint,64c2452b244d1c2ecb1db01df0735b1a0f631db0d4e74397ed7fa3a89b845978
session_imsa_2025_daytona_rolex_24_race,imsa_2025_daytona_50_stint_001,car_imsa_2025_af_corse_50,50,GTD,driver_custodio_toledo,Custodio Toledo,1,1,1,29,29,27,27,1,0,0,0,112.126,112.126,110.317,111.917,1.8595,2.962,26.428,52.269,33.501,official_alkamel_time_cards_driver_stint,64c2452b244d1c2ecb1db01df0735b1a0f631db0d4e74397ed7fa3a89b845978
session_imsa_2025_daytona_rolex_24_race,imsa_2025_daytona_50_stint_002,car_imsa_2025_af_corse_50,50,GTD,driver_custodio_toledo,Custodio Toledo,2,2,30,58,29,27,27,1,0,0,1,112.057,112.057,110.99,112.1418,1.591,2.491,26.263,52.061,33.525,official_alkamel_time_cards_driver_stint,64c2452b244d1c2ecb1db01df0735b1a0f631db0d4e74397ed7fa3a89b845978
session_imsa_2025_daytona_rolex_24_race,imsa_2025_daytona_50_stint_003,car_imsa_2025_af_corse_50,50,GTD,driver_custodio_toledo,Custodio Toledo,3,3,59,89,31,29,29,1,0,1,2,112.866,112.866,109.955,127.5356,1.864,2.9945,26.842,52.32,33.383,official_alkamel_time_cards_driver_stint,64c2452b244d1c2ecb1db01df0735b1a0f631db0d4e74397ed7fa3a89b845978
session_imsa_2025_daytona_rolex_24_race,imsa_2025_daytona_50_stint_004,car_imsa_2025_af_corse_50,50,GTD,driver_conrad_laursen,Conrad Laursen,4,1,90,118,29,27,27,1,0,2,3,109.732,109.732,108.905,109.9346,-0.257,0.511,25.612,51.184,32.747,official_alkamel_time_cards_driver_stint,64c2452b244d1c2ecb1db01df0735b1a0f631db0d4e74397ed7fa3a89b845978
session_imsa_2025_daytona_rolex_24_race,imsa_2025_daytona_50_stint_005,car_imsa_2025_af_corse_50,50,GTD,driver_conrad_laursen,Conrad Laursen,5,2,119,132,14,12,12,1,0,3,4,115.3995,115.3995,108.245,,4.9292,5.7325,26.1155,51.7895,34.906,official_alkamel_time_cards_driver_stint,64c2452b244d1c2ecb1db01df0735b1a0f631db0d4e74397ed7fa3a89b845978
session_imsa_2025_daytona_rolex_24_race,imsa_2025_daytona_50_stint_006,car_imsa_2025_af_corse_50,50,GTD,driver_conrad_laursen,Conrad Laursen,6,3,133,162,30,28,28,1,0,4,5,109.54,109.54,108.924,109.5434,-1.0315,-0.279,25.703,51.227,32.684,official_alkamel_time_cards_driver_stint,64c2452b244d1c2ecb1db01df0735b1a0f631db0d4e74397ed7fa3a89b845978
session_imsa_2025_daytona_rolex_24_race,imsa_2025_daytona_50_stint_007,car_imsa_2025_af_corse_50,50,GTD,driver_custodio_toledo,Custodio Toledo,7,4,163,194,32,30,30,1,0,5,6,112.861,112.861,111.085,125.6987,2.543,3.758,26.84,52.6305,33.577,official_alkamel_time_cards_driver_stint,64c2452b244d1c2ecb1db01df0735b1a0f631db0d4e74397ed7fa3a89b845978
session_imsa_2025_daytona_rolex_24_race,imsa_2025_daytona_50_stint_008,car_imsa_2025_af_corse_50,50,GTD,driver_custodio_toledo,Custodio Toledo,8,5,195,222,28,26,26,1,0,6,7,112.561,112.561,111.438,113.0771,1.92,3.2225,26.472,52.5555,33.618,official_alkamel_time_cards_driver_stint,64c2452b244d1c2ecb1db01df0735b1a0f631db0d4e74397ed7fa3a89b845978
session_imsa_2025_daytona_rolex_24_race,imsa_2025_daytona_50_stint_009,car_imsa_2025_af_corse_50,50,GTD,driver_arthur_leclerc,Arthur Leclerc,9,1,223,255,33,31,31,1,0,7,8,109.728,109.728,108.643,109.4345,-0.2465,0.598,25.993,51.32,32.704,official_alkamel_time_cards_driver_stint,64c2452b244d1c2ecb1db01df0735b1a0f631db0d4e74397ed7fa3a89b845978
session_imsa_2025_daytona_rolex_24_race,imsa_2025_daytona_50_stint_010,car_imsa_2025_af_corse_50,50,GTD,driver_arthur_leclerc,Arthur Leclerc,10,2,256,285,30,28,28,1,0,8,9,109.3545,109.3545,108.361,109.102,-0.856,-0.2025,25.696,51.054,32.56,official_alkamel_time_cards_driver_stint,64c2452b244d1c2ecb1db01df0735b1a0f631db0d4e74397ed7fa3a89b845978
session_imsa_2025_daytona_rolex_24_race,imsa_2025_daytona_50_stint_011,car_imsa_2025_af_corse_50,50,GTD,driver_riccardo_agostini,Riccardo Agostini,11,1,286,308,23,21,21,1,0,9,10,124.319,124.319,108.608,141.4827,14.1415,15.1255,28.225,56.182,33.802,official_alkamel_time_cards_driver_stint,64c2452b244d1c2ecb1db01df0735b1a0f631db0d4e74397ed7fa3a89b845978
session_imsa_2025_daytona_rolex_24_race,imsa_2025_daytona_50_stint_012,car_imsa_2025_af_corse_50,50,GTD,driver_riccardo_agostini,Riccardo Agostini,12,2,309,336,28,26,26,1,0,10,11,110.121,110.121,108.959,110.1375,0.273,1.1075,25.8965,51.251,32.897,official_alkamel_time_cards_driver_stint,64c2452b244d1c2ecb1db01df0735b1a0f631db0d4e74397ed7fa3a89b845978
session_imsa_2025_daytona_rolex_24_race,imsa_2025_daytona_50_stint_013,car_imsa_2025_af_corse_50,50,GTD,driver_riccardo_agostini,Riccardo Agostini,13,3,337,362,26,24,24,1,0,11,12,109.188,109.188,107.777,109.0439,-0.558,0.2765,25.423,50.939,32.753,official_alkamel_time_cards_driver_stint,64c2452b244d1c2ecb1db01df0735b1a0f631db0d4e74397ed7fa3a89b845978
session_imsa_2025_daytona_rolex_24_race,imsa_2025_daytona_50_stint_014,car_imsa_2025_af_corse_50,50,GTD,driver_conrad_laursen,Conrad Laursen,14,4,363,393,31,29,29,1,0,12,13,109.385,109.385,108.379,109.0785,-0.5365,0.1385,25.717,50.902,32.593,official_alkamel_time_cards_driver_stint,64c2452b244d1c2ecb1db01df0735b1a0f631db0d4e74397ed7fa3a89b845978
session_imsa_2025_daytona_rolex_24_race,imsa_2025_daytona_50_stint_015,car_imsa_2025_af_corse_50,50,GTD,driver_conrad_laursen,Conrad Laursen,15,5,394,410,17,15,15,1,0,13,13,110.195,110.195,108.482,,0.555,1.3685,25.568,51.37,32.903,official_alkamel_time_cards_driver_stint,64c2452b244d1c2ecb1db01df0735b1a0f631db0d4e74397ed7fa3a89b845978
session_imsa_2025_daytona_rolex_24_race,imsa_2025_daytona_50_stint_016,car_imsa_2025_af_corse_50,50,GTD,driver_conrad_laursen,Conrad Laursen,16,6,411,439,29,27,27,1,0,14,14,110.032,110.032,109.028,109.9254,0.214,0.7965,25.922,51.366,32.807,official_alkamel_time_cards_driver_stint,64c2452b244d1c2ecb1db01df0735b1a0f631db0d4e74397ed7fa3a89b845978
session_imsa_2025_daytona_rolex_24_race,imsa_2025_daytona_50_stint_017,car_imsa_2025_af_corse_50,50,GTD,driver_arthur_leclerc,Arthur Leclerc,17,3,440,468,29,27,27,1,0,14,15,109.512,109.512,108.706,109.54,0.044,0.992,25.707,51.099,32.674,official_alkamel_time_cards_driver_stint,64c2452b244d1c2ecb1db01df0735b1a0f631db0d4e74397ed7fa3a89b845978
session_imsa_2025_daytona_rolex_24_race,imsa_2025_daytona_50_stint_018,car_imsa_2025_af_corse_50,50,GTD,driver_arthur_leclerc,Arthur Leclerc,18,4,469,493,25,23,23,1,0,15,16,109.456,109.456,108.398,109.5397,0.208,0.978,25.544,51.156,32.714,official_alkamel_time_cards_driver_stint,64c2452b244d1c2ecb1db01df0735b1a0f631db0d4e74397ed7fa3a89b845978
session_imsa_2025_daytona_rolex_24_race,imsa_2025_daytona_50_stint_019,car_imsa_2025_af_corse_50,50,GTD,driver_arthur_leclerc,Arthur Leclerc,19,5,494,522,29,27,27,1,0,16,17,109.615,109.615,108.751,109.504,0.357,1.313,25.722,51.175,32.65,official_alkamel_time_cards_driver_stint,64c2452b244d1c2ecb1db01df0735b1a0f631db0d4e74397ed7fa3a89b845978
session_imsa_2025_daytona_rolex_24_race,imsa_2025_daytona_50_stint_020,car_imsa_2025_af_corse_50,50,GTD,driver_conrad_laursen,Conrad Laursen,20,7,523,552,30,28,28,1,0,17,18,110.1935,110.1935,108.114,109.7123,-0.016,0.8605,25.7695,51.3675,32.8645,official_alkamel_time_cards_driver_stint,64c2452b244d1c2ecb1db01df0735b1a0f631db0d4e74397ed7fa3a89b845978
session_imsa_2025_daytona_rolex_24_race,imsa_2025_daytona_50_stint_021,car_imsa_2025_af_corse_50,50,GTD,driver_conrad_laursen,Conrad Laursen,21,8,553,582,30,28,28,1,0,18,19,110.1125,110.1125,108.393,109.7137,0.646,1.5902,26.1685,51.387,32.627,official_alkamel_time_cards_driver_stint,64c2452b244d1c2ecb1db01df0735b1a0f631db0d4e74397ed7fa3a89b845978
session_imsa_2025_daytona_rolex_24_race,imsa_2025_daytona_50_stint_022,car_imsa_2025_af_corse_50,50,GTD,driver_riccardo_agostini,Riccardo Agostini,22,4,583,611,29,27,27,1,0,19,20,109.582,109.582,108.24,109.3243,0.0745,0.966,25.681,51.169,32.691,official_alkamel_time_cards_driver_stint,64c2452b244d1c2ecb1db01df0735b1a0f631db0d4e74397ed7fa3a89b845978
session_imsa_2025_daytona_rolex_24_race,imsa_2025_daytona_50_stint_023,car_imsa_2025_af_corse_50,50,GTD,driver_riccardo_agostini,Riccardo Agostini,23,5,612,640,29,27,27,1,0,20,21,109.428,109.428,108.483,109.534,-0.1525,0.722,25.759,51.155,32.558,official_alkamel_time_cards_driver_stint,64c2452b244d1c2ecb1db01df0735b1a0f631db0d4e74397ed7fa3a89b845978
session_imsa_2025_daytona_rolex_24_race,imsa_2025_daytona_50_stint_024,car_imsa_2025_af_corse_50,50,GTD,driver_arthur_leclerc,Arthur Leclerc,24,6,641,659,19,17,17,1,0,21,22,109.417,109.417,108.415,,-0.1635,0.592,25.663,51.308,32.49,official_alkamel_time_cards_driver_stint,64c2452b244d1c2ecb1db01df0735b1a0f631db0d4e74397ed7fa3a89b845978
session_imsa_2025_daytona_rolex_24_race,imsa_2025_daytona_50_stint_025,car_imsa_2025_af_corse_50,50,GTD,driver_arthur_leclerc,Arthur Leclerc,25,7,660,687,28,26,26,1,0,22,22,109.73,109.73,108.981,109.7292,-0.008,0.5215,26.0905,51.2485,32.433,official_alkamel_time_cards_driver_stint,64c2452b244d1c2ecb1db01df0735b1a0f631db0d4e74397ed7fa3a89b845978
session_imsa_2025_daytona_rolex_24_race,imsa_2025_daytona_50_stint_026,car_imsa_2025_af_corse_50,50,GTD,driver_riccardo_agostini,Riccardo Agostini,26,6,688,694,7,5,5,1,0,22,23,149.115,149.115,109.31,,39.5105,40.228,26.366,64.623,36.753,official_alkamel_time_cards_driver_stint,64c2452b244d1c2ecb1db01df0735b1a0f631db0d4e74397ed7fa3a89b845978
session_imsa_2025_daytona_rolex_24_race,imsa_2025_daytona_50_stint_027,car_imsa_2025_af_corse_50,50,GTD,driver_riccardo_agostini,Riccardo Agostini,27,7,695,719,25,24,24,0,0,23,24,109.6135,109.6135,108.637,109.5727,-0.208,0.5605,25.8175,51.148,32.547,official_alkamel_time_cards_driver_stint,64c2452b244d1c2ecb1db01df0735b1a0f631db0d4e74397ed7fa3a89b845978
session_imsa_2025_daytona_rolex_24_race,imsa_2025_daytona_88_stint_001,car_imsa_2025_af_corse_88,88,LMP2,driver_luis_perez_companc,Luis Perez Companc,1,1,1,21,21,19,19,1,0,0,0,102.516,102.516,101.306,,-0.983,-6.648,24.487,47.656,30.157,official_alkamel_time_cards_driver_stint,64c2452b244d1c2ecb1db01df0735b1a0f631db0d4e74397ed7fa3a89b845978
session_imsa_2025_daytona_rolex_24_race,imsa_2025_daytona_88_stint_002,car_imsa_2025_af_corse_88,88,LMP2,driver_luis_perez_companc,Luis Perez Companc,2,2,22,44,23,21,21,1,0,0,1,103.151,103.151,102.35,103.4893,-0.002,-6.251,24.67,48.119,30.263,official_alkamel_time_cards_driver_stint,64c2452b244d1c2ecb1db01df0735b1a0f631db0d4e74397ed7fa3a89b845978
session_imsa_2025_daytona_rolex_24_race,imsa_2025_daytona_88_stint_003,car_imsa_2025_af_corse_88,88,LMP2,driver_luis_perez_companc,Luis Perez Companc,3,3,45,67,23,21,21,1,0,1,1,102.648,102.648,101.787,102.742,-0.334,-6.918,24.273,48.151,30.158,official_alkamel_time_cards_driver_stint,64c2452b244d1c2ecb1db01df0735b1a0f631db0d4e74397ed7fa3a89b845978
session_imsa_2025_daytona_rolex_24_race,imsa_2025_daytona_88_stint_004,car_imsa_2025_af_corse_88,88,LMP2,driver_dylan_murry,Dylan Murry,4,1,68,75,8,6,6,1,0,2,2,102.856,102.856,101.235,,-0.834,-7.0155,24.2035,48.067,30.6175,official_alkamel_time_cards_driver_stint,64c2452b244d1c2ecb1db01df0735b1a0f631db0d4e74397ed7fa3a89b845978
session_imsa_2025_daytona_rolex_24_race,imsa_2025_daytona_88_stint_005,car_imsa_2025_af_corse_88,88,LMP2,driver_dylan_murry,Dylan Murry,5,2,76,101,26,24,24,1,0,2,3,101.7035,101.7035,100.83,101.888,-1.3675,-8.106,24.315,47.4565,29.7065,official_alkamel_time_cards_driver_stint,64c2452b244d1c2ecb1db01df0735b1a0f631db0d4e74397ed7fa3a89b845978
session_imsa_2025_daytona_rolex_24_race,imsa_2025_daytona_88_stint_006,car_imsa_2025_af_corse_88,88,LMP2,driver_dylan_murry,Dylan Murry,6,3,102,124,23,21,21,1,0,3,3,102.178,102.178,101.25,102.317,-0.157,-7.043,24.513,47.921,29.61,official_alkamel_time_cards_driver_stint,64c2452b244d1c2ecb1db01df0735b1a0f631db0d4e74397ed7fa3a89b845978
session_imsa_2025_daytona_rolex_24_race,imsa_2025_daytona_88_stint_007,car_imsa_2025_af_corse_88,88,LMP2,driver_luis_perez_companc,Luis Perez Companc,7,4,125,137,13,11,11,1,0,3,4,103.064,103.064,101.746,,0.11,-6.647,24.456,48.148,30.261,official_alkamel_time_cards_driver_stint,64c2452b244d1c2ecb1db01df0735b1a0f631db0d4e74397ed7fa3a89b845978
session_imsa_2025_daytona_rolex_24_race,imsa_2025_daytona_88_stint_008,car_imsa_2025_af_corse_88,88,LMP2,driver_luis_perez_companc,Luis Perez Companc,8,5,138,162,25,23,23,1,0,4,5,103.592,103.592,102.028,107.5834,0.323,-6.264,24.582,48.233,30.318,official_alkamel_time_cards_driver_stint,64c2452b244d1c2ecb1db01df0735b1a0f631db0d4e74397ed7fa3a89b845978
session_imsa_2025_daytona_rolex_24_race,imsa_2025_daytona_88_stint_009,car_imsa_2025_af_corse_88,88,LMP2,driver_luis_perez_companc,Luis Perez Companc,9,6,163,184,22,20,20,1,0,5,5,103.286,103.286,102.052,105.9961,1.2215,-6.496,24.771,48.234,30.3205,official_alkamel_time_cards_driver_stint,64c2452b244d1c2ecb1db01df0735b1a0f631db0d4e74397ed7fa3a89b845978
session_imsa_2025_daytona_rolex_24_race,imsa_2025_daytona_88_stint_010,car_imsa_2025_af_corse_88,88,LMP2,driver_nicklas_nielsen,Nicklas Nielsen,10,1,185,209,25,23,23,1,0,5,6,101.307,101.307,100.156,103.5628,-0.345,-7.737,24.221,47.133,29.801,official_alkamel_time_cards_driver_stint,64c2452b244d1c2ecb1db01df0735b1a0f631db0d4e74397ed7fa3a89b845978
session_imsa_2025_daytona_rolex_24_race,imsa_2025_daytona_88_stint_011,car_imsa_2025_af_corse_88,88,LMP2,driver_nicklas_nielsen,Nicklas Nielsen,11,2,210,234,25,23,23,1,0,6,7,100.205,100.205,99.034,101.0018,-1.844,-9.24,23.723,46.887,29.534,official_alkamel_time_cards_driver_stint,64c2452b244d1c2ecb1db01df0735b1a0f631db0d4e74397ed7fa3a89b845978
session_imsa_2025_daytona_rolex_24_race,imsa_2025_daytona_88_stint_012,car_imsa_2025_af_corse_88,88,LMP2,driver_dylan_murry,Dylan Murry,12,4,235,260,26,24,24,1,0,7,8,114.9325,114.9325,100.709,134.0555,1.2135,-5.9075,25.907,52.7675,35.481,official_alkamel_time_cards_driver_stint,64c2452b244d1c2ecb1db01df0735b1a0f631db0d4e74397ed7fa3a89b845978
session_imsa_2025_daytona_rolex_24_race,imsa_2025_daytona_88_stint_013,car_imsa_2025_af_corse_88,88,LMP2,driver_dylan_murry,Dylan Murry,13,5,261,284,24,22,22,1,0,8,8,101.4965,101.4965,99.689,101.7765,-0.3205,-7.4415,24.3255,47.5055,29.668,official_alkamel_time_cards_driver_stint,64c2452b244d1c2ecb1db01df0735b1a0f631db0d4e74397ed7fa3a89b845978
session_imsa_2025_daytona_rolex_24_race,imsa_2025_daytona_88_stint_014,car_imsa_2025_af_corse_88,88,LMP2,driver_dylan_murry,Dylan Murry,14,6,285,308,24,22,22,1,0,9,9,102.8085,102.8085,101.846,103.3975,0.06,-6.8815,24.625,47.8515,30.044,official_alkamel_time_cards_driver_stint,64c2452b244d1c2ecb1db01df0735b1a0f631db0d4e74397ed7fa3a89b845978
session_imsa_2025_daytona_rolex_24_race,imsa_2025_daytona_88_stint_015,car_imsa_2025_af_corse_88,88,LMP2,driver_luis_perez_companc,Luis Perez Companc,15,7,309,329,21,19,19,1,0,9,10,105.447,105.447,102.499,,3.1585,-4.033,25.15,49.018,31.419,official_alkamel_time_cards_driver_stint,64c2452b244d1c2ecb1db01df0735b1a0f631db0d4e74397ed7fa3a89b845978
session_imsa_2025_daytona_rolex_24_race,imsa_2025_daytona_88_stint_016,car_imsa_2025_af_corse_88,88,LMP2,driver_matthieu_vaxiviere,Matthieu Vaxiviere,16,1,330,353,24,22,22,1,0,10,11,101.571,101.571,100.682,101.6774,0.1915,-7.56,24.11,47.2805,29.8865,official_alkamel_time_cards_driver_stint,64c2452b244d1c2ecb1db01df0735b1a0f631db0d4e74397ed7fa3a89b845978
session_imsa_2025_daytona_rolex_24_race,imsa_2025_daytona_88_stint_017,car_imsa_2025_af_corse_88,88,LMP2,driver_matthieu_vaxiviere,Matthieu Vaxiviere,17,2,354,376,23,21,21,1,0,11,11,101.19,101.19,99.44,101.3852,-0.022,-7.6485,24.03,47.06,30.006,official_alkamel_time_cards_driver_stint,64c2452b244d1c2ecb1db01df0735b1a0f631db0d4e74397ed7fa3a89b845978
session_imsa_2025_daytona_rolex_24_race,imsa_2025_daytona_88_stint_018,car_imsa_2025_af_corse_88,88,LMP2,driver_matthieu_vaxiviere,Matthieu Vaxiviere,18,3,377,385,9,7,7,1,0,11,12,102.139,102.139,101.502,,0.33,-7.2965,24.087,47.714,30.837,official_alkamel_time_cards_driver_stint,64c2452b244d1c2ecb1db01df0735b1a0f631db0d4e74397ed7fa3a89b845978
session_imsa_2025_daytona_rolex_24_race,imsa_2025_daytona_88_stint_019,car_imsa_2025_af_corse_88,88,LMP2,driver_nicklas_nielsen,Nicklas Nielsen,19,3,386,387,2,0,0,1,0,12,12,,,,,,,,,,official_alkamel_time_cards_driver_stint,64c2452b244d1c2ecb1db01df0735b1a0f631db0d4e74397ed7fa3a89b845978
session_imsa_2025_daytona_rolex_24_race,imsa_2025_daytona_88_stint_020,car_imsa_2025_af_corse_88,88,LMP2,driver_nicklas_nielsen,Nicklas Nielsen,20,4,388,412,25,23,23,1,0,12,13,100.452,100.452,98.881,109.0538,-1.668,-8.9655,23.919,46.781,29.542,official_alkamel_time_cards_driver_stint,64c2452b244d1c2ecb1db01df0735b1a0f631db0d4e74397ed7fa3a89b845978
session_imsa_2025_daytona_rolex_24_race,imsa_2025_daytona_88_stint_021,car_imsa_2025_af_corse_88,88,LMP2,driver_nicklas_nielsen,Nicklas Nielsen,21,5,413,436,24,22,22,1,0,13,13,101.7185,101.7185,100.251,102.3457,0.1415,-7.108,23.9855,47.443,29.6985,official_alkamel_time_cards_driver_stint,64c2452b244d1c2ecb1db01df0735b1a0f631db0d4e74397ed7fa3a89b845978
session_imsa_2025_daytona_rolex_24_race,imsa_2025_daytona_88_stint_022,car_imsa_2025_af_corse_88,88,LMP2,driver_dylan_murry,Dylan Murry,22,7,437,461,25,22,22,1,0,13,14,101.4145,101.4145,100.102,110.8936,0.1675,-7.821,24.2875,47.4695,29.7845,official_alkamel_time_cards_driver_stint,64c2452b244d1c2ecb1db01df0735b1a0f631db0d4e74397ed7fa3a89b845978
session_imsa_2025_daytona_rolex_24_race,imsa_2025_daytona_88_stint_023,car_imsa_2025_af_corse_88,88,LMP2,driver_matthieu_vaxiviere,Matthieu Vaxiviere,23,4,462,483,22,20,20,1,0,14,15,101.9165,101.9165,100.962,102.3098,0.785,-6.7643,24.173,47.549,29.885,official_alkamel_time_cards_driver_stint,64c2452b244d1c2ecb1db01df0735b1a0f631db0d4e74397ed7fa3a89b845978
session_imsa_2025_daytona_rolex_24_race,imsa_2025_daytona_88_stint_024,car_imsa_2025_af_corse_88,88,LMP2,driver_matthieu_vaxiviere,Matthieu Vaxiviere,24,5,484,505,22,20,20,1,0,15,16,100.4425,100.4425,98.932,100.6656,-0.689,-8.0775,23.871,46.828,29.5645,official_alkamel_time_cards_driver_stint,64c2452b244d1c2ecb1db01df0735b1a0f631db0d4e74397ed7fa3a89b845978
session_imsa_2025_daytona_rolex_24_race,imsa_2025_daytona_88_stint_025,car_imsa_2025_af_corse_88,88,LMP2,driver_matthieu_vaxiviere,Matthieu Vaxiviere,25,6,506,528,23,21,21,1,0,16,16,101.785,101.785,100.879,101.8336,0.747,-6.693,24.26,47.334,29.9,official_alkamel_time_cards_driver_stint,64c2452b244d1c2ecb1db01df0735b1a0f631db0d4e74397ed7fa3a89b845978
session_imsa_2025_daytona_rolex_24_race,imsa_2025_daytona_88_stint_026,car_imsa_2025_af_corse_88,88,LMP2,driver_nicklas_nielsen,Nicklas Nielsen,26,6,529,551,23,21,21,1,0,16,17,100.553,100.553,99.138,100.4218,-0.357,-7.797,24.0,46.895,29.535,official_alkamel_time_cards_driver_stint,64c2452b244d1c2ecb1db01df0735b1a0f631db0d4e74397ed7fa3a89b845978
session_imsa_2025_daytona_rolex_24_race,imsa_2025_daytona_88_stint_027,car_imsa_2025_af_corse_88,88,LMP2,driver_nicklas_nielsen,Nicklas Nielsen,27,7,552,575,24,22,22,1,0,17,18,100.372,100.372,98.537,100.3124,-0.358,-7.894,23.918,46.777,29.4495,official_alkamel_time_cards_driver_stint,64c2452b244d1c2ecb1db01df0735b1a0f631db0d4e74397ed7fa3a89b845978
session_imsa_2025_daytona_rolex_24_race,imsa_2025_daytona_88_stint_028,car_imsa_2025_af_corse_88,88,LMP2,driver_matthieu_vaxiviere,Matthieu Vaxiviere,28,7,576,587,12,10,10,1,0,18,18,100.9025,100.9025,98.879,,-3.6675,-9.2925,24.327,46.9295,30.1345,official_alkamel_time_cards_driver_stint,64c2452b244d1c2ecb1db01df0735b1a0f631db0d4e74397ed7fa3a89b845978
session_imsa_2025_daytona_rolex_24_race,imsa_2025_daytona_88_stint_029,car_imsa_2025_af_corse_88,88,LMP2,driver_matthieu_vaxiviere,Matthieu Vaxiviere,29,8,588,589,2,0,0,1,0,18,18,,,,,,,,,,official_alkamel_time_cards_driver_stint,64c2452b244d1c2ecb1db01df0735b1a0f631db0d4e74397ed7fa3a89b845978
session_imsa_2025_daytona_rolex_24_race,imsa_2025_daytona_88_stint_030,car_imsa_2025_af_corse_88,88,LMP2,driver_matthieu_vaxiviere,Matthieu Vaxiviere,30,9,590,614,25,23,23,1,0,18,19,100.911,100.911,99.399,112.9705,0.04,-7.3295,23.968,47.2,29.974,official_alkamel_time_cards_driver_stint,64c2452b244d1c2ecb1db01df0735b1a0f631db0d4e74397ed7fa3a89b845978
session_imsa_2025_daytona_rolex_24_race,imsa_2025_daytona_88_stint_031,car_imsa_2025_af_corse_88,88,LMP2,driver_nicklas_nielsen,Nicklas Nielsen,31,8,615,638,24,22,22,1,0,19,20,100.5925,100.5925,99.387,100.539,-0.2105,-7.648,24.029,47.023,29.3885,official_alkamel_time_cards_driver_stint,64c2452b244d1c2ecb1db01df0735b1a0f631db0d4e74397ed7fa3a89b845978
session_imsa_2025_daytona_rolex_24_race,imsa_2025_daytona_88_stint_032,car_imsa_2025_af_corse_88,88,LMP2,driver_nicklas_nielsen,Nicklas Nielsen,32,9,639,662,24,22,22,1,0,20,20,100.542,100.542,99.396,100.5945,-0.296,-8.074,23.7745,47.111,29.619,official_alkamel_time_cards_driver_stint,64c2452b244d1c2ecb1db01df0735b1a0f631db0d4e74397ed7fa3a89b845978
session_imsa_2025_daytona_rolex_24_race,imsa_2025_daytona_88_stint_033,car_imsa_2025_af_corse_88,88,LMP2,driver_nicklas_nielsen,Nicklas Nielsen,33,10,663,684,22,20,20,1,0,20,21,100.701,100.701,99.294,100.8862,-0.7055,-8.124,23.876,47.2025,29.579,official_alkamel_time_cards_driver_stint,64c2452b244d1c2ecb1db01df0735b1a0f631db0d4e74397ed7fa3a89b845978
session_imsa_2025_daytona_rolex_24_race,imsa_2025_daytona_88_stint_034,car_imsa_2025_af_corse_88,88,LMP2,driver_matthieu_vaxiviere,Matthieu Vaxiviere,34,10,685,697,13,12,12,0,0,21,21,101.5115,101.5115,99.517,,0.0065,-7.3135,24.1425,47.3975,29.7715,official_alkamel_time_cards_driver_stint,64c2452b244d1c2ecb1db01df0735b1a0f631db0d4e74397ed7fa3a89b845978
session_imsa_2025_daytona_rolex_24_race,imsa_2025_daytona_77_stint_001,car_imsa_2025_ao_racing_77,77,GTDPRO,driver_laurin_heinrich,Laurin Heinrich,1,1,1,32,32,30,30,1,0,0,0,109.4375,109.4375,108.476,109.3084,-0.0955,0.2735,25.9485,51.0135,32.4365,official_alkamel_time_cards_driver_stint,64c2452b244d1c2ecb1db01df0735b1a0f631db0d4e74397ed7fa3a89b845978
session_imsa_2025_daytona_rolex_24_race,imsa_2025_daytona_77_stint_002,car_imsa_2025_ao_racing_77,77,GTDPRO,driver_laurin_heinrich,Laurin Heinrich,2,2,33,37,5,3,3,1,0,1,1,109.11,109.11,108.804,,-0.771,-0.456,25.622,50.82,32.995,official_alkamel_time_cards_driver_stint,64c2452b244d1c2ecb1db01df0735b1a0f631db0d4e74397ed7fa3a89b845978
session_imsa_2025_daytona_rolex_24_race,imsa_2025_daytona_77_stint_003,car_imsa_2025_ao_racing_77,77,GTDPRO,driver_laurin_heinrich,Laurin Heinrich,3,3,38,69,32,30,30,1,0,1,2,109.569,109.569,109.041,109.5187,-0.312,-0.0262,25.8245,51.114,32.596,official_alkamel_time_cards_driver_stint,64c2452b244d1c2ecb1db01df0735b1a0f631db0d4e74397ed7fa3a89b845978
session_imsa_2025_daytona_rolex_24_race,imsa_2025_daytona_77_stint_004,car_imsa_2025_ao_racing_77,77,GTDPRO,driver_laurin_heinrich,Laurin Heinrich,4,4,70,72,3,1,1,1,0,2,2,191.368,191.368,191.368,,81.511,81.4965,39.134,90.744,61.49,official_alkamel_time_cards_driver_stint,64c2452b244d1c2ecb1db01df0735b1a0f631db0d4e74397ed7fa3a89b845978
session_imsa_2025_daytona_rolex_24_race,imsa_2025_daytona_77_stint_005,car_imsa_2025_ao_racing_77,77,GTDPRO,driver_klaus_bachler,Klaus Bachler,5,1,73,77,5,3,3,1,0,2,2,180.288,180.288,176.142,,70.431,70.4165,38.884,91.184,58.717,official_alkamel_time_cards_driver_stint,64c2452b244d1c2ecb1db01df0735b1a0f631db0d4e74397ed7fa3a89b845978
session_imsa_2025_daytona_rolex_24_race,imsa_2025_daytona_77_stint_006,car_imsa_2025_ao_racing_77,77,GTDPRO,driver_klaus_bachler,Klaus Bachler,6,2,78,105,28,26,26,1,0,2,3,109.9125,109.9125,108.852,109.8484,0.183,0.4935,25.781,51.241,32.86,official_alkamel_time_cards_driver_stint,64c2452b244d1c2ecb1db01df0735b1a0f631db0d4e74397ed7fa3a89b845978
session_imsa_2025_daytona_rolex_24_race,imsa_2025_daytona_77_stint_007,car_imsa_2025_ao_racing_77,77,GTDPRO,driver_klaus_bachler,Klaus Bachler,7,3,106,131,26,24,24,1,0,3,4,109.8505,109.8505,108.575,109.6385,0.136,0.4445,25.739,51.267,32.7605,official_alkamel_time_cards_driver_stint,64c2452b244d1c2ecb1db01df0735b1a0f631db0d4e74397ed7fa3a89b845978
session_imsa_2025_daytona_rolex_24_race,imsa_2025_daytona_77_stint_008,car_imsa_2025_ao_racing_77,77,GTDPRO,driver_alessio_picariello,Alessio Picariello,8,1,132,164,33,31,31,1,0,4,5,109.606,109.606,108.702,109.4136,-0.223,-0.176,25.805,51.105,32.686,official_alkamel_time_cards_driver_stint,64c2452b244d1c2ecb1db01df0735b1a0f631db0d4e74397ed7fa3a89b845978
session_imsa_2025_daytona_rolex_24_race,imsa_2025_daytona_77_stint_009,car_imsa_2025_ao_racing_77,77,GTDPRO,driver_alessio_picariello,Alessio Picariello,9,2,165,176,12,10,10,1,0,5,5,109.706,109.706,109.358,,-0.168,-0.076,25.867,51.139,32.9055,official_alkamel_time_cards_driver_stint,64c2452b244d1c2ecb1db01df0735b1a0f631db0d4e74397ed7fa3a89b845978
session_imsa_2025_daytona_rolex_24_race,imsa_2025_daytona_77_stint_010,car_imsa_2025_ao_racing_77,77,GTDPRO,driver_alessio_picariello,Alessio Picariello,10,3,177,208,32,30,30,1,0,5,6,109.733,109.733,109.118,109.6679,0.182,0.679,25.9385,51.115,32.641,official_alkamel_time_cards_driver_stint,64c2452b244d1c2ecb1db01df0735b1a0f631db0d4e74397ed7fa3a89b845978
session_imsa_2025_daytona_rolex_24_race,imsa_2025_daytona_77_stint_011,car_imsa_2025_ao_racing_77,77,GTDPRO,driver_laurin_heinrich,Laurin Heinrich,11,5,209,223,15,13,13,1,0,6,7,109.06,109.06,107.786,,-22.278,-28.1365,25.54,51.014,32.632,official_alkamel_time_cards_driver_stint,64c2452b244d1c2ecb1db01df0735b1a0f631db0d4e74397ed7fa3a89b845978
session_imsa_2025_daytona_rolex_24_race,imsa_2025_daytona_77_stint_012,car_imsa_2025_ao_racing_77,77,GTDPRO,driver_laurin_heinrich,Laurin Heinrich,12,6,224,259,36,34,34,1,0,7,8,109.439,109.439,108.69,109.2563,0.209,0.424,26.003,51.0695,32.568,official_alkamel_time_cards_driver_stint,64c2452b244d1c2ecb1db01df0735b1a0f631db0d4e74397ed7fa3a89b845978
session_imsa_2025_daytona_rolex_24_race,imsa_2025_daytona_77_stint_013,car_imsa_2025_ao_racing_77,77,GTDPRO,driver_laurin_heinrich,Laurin Heinrich,13,7,260,293,34,32,32,1,0,8,9,109.2015,109.2015,107.895,108.675,-0.5225,-0.461,25.723,50.904,32.4735,official_alkamel_time_cards_driver_stint,64c2452b244d1c2ecb1db01df0735b1a0f631db0d4e74397ed7fa3a89b845978
session_imsa_2025_daytona_rolex_24_race,imsa_2025_daytona_77_stint_014,car_imsa_2025_ao_racing_77,77,GTDPRO,driver_klaus_bachler,Klaus Bachler,14,4,294,310,17,15,15,1,0,9,10,108.732,108.732,107.802,,-0.538,-0.4615,25.369,50.817,32.55,official_alkamel_time_cards_driver_stint,64c2452b244d1c2ecb1db01df0735b1a0f631db0d4e74397ed7fa3a89b845978
session_imsa_2025_daytona_rolex_24_race,imsa_2025_daytona_77_stint_015,car_imsa_2025_ao_racing_77,77,GTDPRO,driver_klaus_bachler,Klaus Bachler,15,5,311,342,32,30,30,1,0,10,11,109.4115,109.4115,107.918,109.3502,0.1505,0.4535,25.854,50.952,32.64,official_alkamel_time_cards_driver_stint,64c2452b244d1c2ecb1db01df0735b1a0f631db0d4e74397ed7fa3a89b845978
session_imsa_2025_daytona_rolex_24_race,imsa_2025_daytona_77_stint_016,car_imsa_2025_ao_racing_77,77,GTDPRO,driver_klaus_bachler,Klaus Bachler,16,6,343,366,24,22,22,1,0,11,12,109.156,109.156,108.346,113.7206,-0.16,0.1405,25.7275,50.7725,32.6395,official_alkamel_time_cards_driver_stint,64c2452b244d1c2ecb1db01df0735b1a0f631db0d4e74397ed7fa3a89b845978
session_imsa_2025_daytona_rolex_24_race,imsa_2025_daytona_77_stint_017,car_imsa_2025_ao_racing_77,77,GTDPRO,driver_alessio_picariello,Alessio Picariello,17,4,367,399,33,31,31,1,0,12,13,108.773,108.773,107.92,108.5464,-0.284,-0.0995,25.554,50.642,32.507,official_alkamel_time_cards_driver_stint,64c2452b244d1c2ecb1db01df0735b1a0f631db0d4e74397ed7fa3a89b845978
session_imsa_2025_daytona_rolex_24_race,imsa_2025_daytona_77_stint_018,car_imsa_2025_ao_racing_77,77,GTDPRO,driver_alessio_picariello,Alessio Picariello,18,5,400,414,15,13,13,1,0,13,13,108.972,108.972,108.29,,-0.039,0.1455,25.506,50.85,32.712,official_alkamel_time_cards_driver_stint,64c2452b244d1c2ecb1db01df0735b1a0f631db0d4e74397ed7fa3a89b845978
session_imsa_2025_daytona_rolex_24_race,imsa_2025_daytona_77_stint_019,car_imsa_2025_ao_racing_77,77,GTDPRO,driver_alessio_picariello,Alessio Picariello,19,6,415,447,33,31,31,1,0,13,15,109.24,109.24,108.728,109.2109,-0.267,0.0045,25.804,50.832,32.72,official_alkamel_time_cards_driver_stint,64c2452b244d1c2ecb1db01df0735b1a0f631db0d4e74397ed7fa3a89b845978
session_imsa_2025_daytona_rolex_24_race,imsa_2025_daytona_77_stint_020,car_imsa_2025_ao_racing_77,77,GTDPRO,driver_laurin_heinrich,Laurin Heinrich,20,8,448,478,31,29,29,1,0,15,16,108.751,108.751,108.033,108.5975,-0.4055,0.231,25.543,50.688,32.553,official_alkamel_time_cards_driver_stint,64c2452b244d1c2ecb1db01df0735b1a0f631db0d4e74397ed7fa3a89b845978
session_imsa_2025_daytona_rolex_24_race,imsa_2025_daytona_77_stint_021,car_imsa_2025_ao_racing_77,77,GTDPRO,driver_laurin_heinrich,Laurin Heinrich,21,9,479,509,31,29,29,1,0,16,16,108.62,108.62,107.793,108.4127,-0.385,0.142,25.5,50.673,32.459,official_alkamel_time_cards_driver_stint,64c2452b244d1c2ecb1db01df0735b1a0f631db0d4e74397ed7fa3a89b845978
session_imsa_2025_daytona_rolex_24_race,imsa_2025_daytona_77_stint_022,car_imsa_2025_ao_racing_77,77,GTDPRO,driver_klaus_bachler,Klaus Bachler,22,7,510,539,30,28,28,1,0,17,17,109.211,109.211,107.872,108.9923,0.173,0.945,25.781,50.9155,32.586,official_alkamel_time_cards_driver_stint,64c2452b244d1c2ecb1db01df0735b1a0f631db0d4e74397ed7fa3a89b845978
session_imsa_2025_daytona_rolex_24_race,imsa_2025_daytona_77_stint_023,car_imsa_2025_ao_racing_77,77,GTDPRO,driver_klaus_bachler,Klaus Bachler,23,8,540,556,17,15,15,1,0,17,18,108.924,108.924,108.013,,-1.297,-1.271,25.666,50.823,32.573,official_alkamel_time_cards_driver_stint,64c2452b244d1c2ecb1db01df0735b1a0f631db0d4e74397ed7fa3a89b845978
session_imsa_2025_daytona_rolex_24_race,imsa_2025_daytona_77_stint_024,car_imsa_2025_ao_racing_77,77,GTDPRO,driver_alessio_picariello,Alessio Picariello,24,7,557,558,2,0,0,1,0,18,18,,,,,,,,,,official_alkamel_time_cards_driver_stint,64c2452b244d1c2ecb1db01df0735b1a0f631db0d4e74397ed7fa3a89b845978
session_imsa_2025_daytona_rolex_24_race,imsa_2025_daytona_77_stint_025,car_imsa_2025_ao_racing_77,77,GTDPRO,driver_alessio_picariello,Alessio Picariello,25,8,559,589,31,29,29,1,0,18,19,109.377,109.377,107.991,109.0002,0.3195,1.1365,25.857,51.039,32.547,official_alkamel_time_cards_driver_stint,64c2452b244d1c2ecb1db01df0735b1a0f631db0d4e74397ed7fa3a89b845978
session_imsa_2025_daytona_rolex_24_race,imsa_2025_daytona_77_stint_026,car_imsa_2025_ao_racing_77,77,GTDPRO,driver_alessio_picariello,Alessio Picariello,26,9,590,619,30,28,28,1,0,19,20,109.4185,109.4185,108.473,109.2117,0.0515,0.822,25.833,51.11,32.5275,official_alkamel_time_cards_driver_stint,64c2452b244d1c2ecb1db01df0735b1a0f631db0d4e74397ed7fa3a89b845978
session_imsa_2025_daytona_rolex_24_race,imsa_2025_daytona_77_stint_027,car_imsa_2025_ao_racing_77,77,GTDPRO,driver_klaus_bachler,Klaus Bachler,27,9,620,649,30,28,28,1,0,20,21,109.581,109.581,108.679,109.5188,0.1625,0.841,25.8315,51.245,32.5685,official_alkamel_time_cards_driver_stint,64c2452b244d1c2ecb1db01df0735b1a0f631db0d4e74397ed7fa3a89b845978
session_imsa_2025_daytona_rolex_24_race,imsa_2025_daytona_77_stint_028,car_imsa_2025_ao_racing_77,77,GTDPRO,driver_laurin_heinrich,Laurin Heinrich,28,10,650,664,15,13,13,1,0,21,22,109.124,109.124,107.653,,-0.309,0.299,25.592,50.791,32.439,official_alkamel_time_cards_driver_stint,64c2452b244d1c2ecb1db01df0735b1a0f631db0d4e74397ed7fa3a89b845978
session_imsa_2025_daytona_rolex_24_race,imsa_2025_daytona_77_stint_029,car_imsa_2025_ao_racing_77,77,GTDPRO,driver_laurin_heinrich,Laurin Heinrich,29,11,665,698,34,32,32,1,0,22,23,109.5875,109.5875,107.924,109.053,-0.1205,0.379,25.952,51.133,32.3485,official_alkamel_time_cards_driver_stint,64c2452b244d1c2ecb1db01df0735b1a0f631db0d4e74397ed7fa3a89b845978
session_imsa_2025_daytona_rolex_24_race,imsa_2025_daytona_77_stint_030,car_imsa_2025_ao_racing_77,77,GTDPRO,driver_laurin_heinrich,Laurin Heinrich,30,12,699,705,7,5,5,1,0,23,23,111.015,111.015,108.74,,1.606,2.128,26.428,51.639,33.573,official_alkamel_time_cards_driver_stint,64c2452b244d1c2ecb1db01df0735b1a0f631db0d4e74397ed7fa3a89b845978
session_imsa_2025_daytona_rolex_24_race,imsa_2025_daytona_77_stint_031,car_imsa_2025_ao_racing_77,77,GTDPRO,driver_laurin_heinrich,Laurin Heinrich,31,13,706,722,17,16,16,0,0,23,24,108.678,108.678,108.114,,-0.731,-0.209,25.5895,50.7555,32.312,official_alkamel_time_cards_driver_stint,64c2452b244d1c2ecb1db01df0735b1a0f631db0d4e74397ed7fa3a89b845978
session_imsa_2025_daytona_rolex_24_race,imsa_2025_daytona_99_stint_001,car_imsa_2025_ao_racing_99,99,LMP2,driver_pj_hyett,PJ Hyett,1,1,1,22,22,20,20,1,0,0,0,101.157,101.157,100.613,101.5486,-2.342,-8.007,24.0665,47.384,29.7065,official_alkamel_time_cards_driver_stint,64c2452b244d1c2ecb1db01df0735b1a0f631db0d4e74397ed7fa3a89b845978
session_imsa_2025_daytona_rolex_24_race,imsa_2025_daytona_99_stint_002,car_imsa_2025_ao_racing_99,99,LMP2,driver_pj_hyett,PJ Hyett,2,2,23,46,24,22,22,1,0,0,1,102.5935,102.5935,101.042,102.6801,-0.462,-6.8085,24.418,48.175,29.8255,official_alkamel_time_cards_driver_stint,64c2452b244d1c2ecb1db01df0735b1a0f631db0d4e74397ed7fa3a89b845978
session_imsa_2025_daytona_rolex_24_race,imsa_2025_daytona_99_stint_003,car_imsa_2025_ao_racing_99,99,LMP2,driver_pj_hyett,PJ Hyett,3,3,47,70,24,22,22,1,0,1,2,102.199,102.199,100.807,102.1902,-0.783,-7.367,24.4325,47.645,29.853,official_alkamel_time_cards_driver_stint,64c2452b244d1c2ecb1db01df0735b1a0f631db0d4e74397ed7fa3a89b845978
session_imsa_2025_daytona_rolex_24_race,imsa_2025_daytona_99_stint_004,car_imsa_2025_ao_racing_99,99,LMP2,driver_pj_hyett,PJ Hyett,4,4,71,75,5,3,3,1,0,2,2,105.255,105.255,101.968,,1.565,-4.6165,24.499,47.845,32.921,official_alkamel_time_cards_driver_stint,64c2452b244d1c2ecb1db01df0735b1a0f631db0d4e74397ed7fa3a89b845978
session_imsa_2025_daytona_rolex_24_race,imsa_2025_daytona_99_stint_005,car_imsa_2025_ao_racing_99,99,LMP2,driver_pj_hyett,PJ Hyett,5,5,76,100,25,23,23,1,0,2,3,102.24,102.24,100.98,106.6268,-1.09,-7.6135,24.407,47.739,29.697,official_alkamel_time_cards_driver_stint,64c2452b244d1c2ecb1db01df0735b1a0f631db0d4e74397ed7fa3a89b845978
session_imsa_2025_daytona_rolex_24_race,imsa_2025_daytona_99_stint_006,car_imsa_2025_ao_racing_99,99,LMP2,driver_dane_cameron,Dane Cameron,6,1,101,124,24,22,22,1,0,3,3,100.5585,100.5585,99.578,100.7789,-1.7765,-8.6625,23.8585,47.0665,29.641,official_alkamel_time_cards_driver_stint,64c2452b244d1c2ecb1db01df0735b1a0f631db0d4e74397ed7fa3a89b845978
session_imsa_2025_daytona_rolex_24_race,imsa_2025_daytona_99_stint_007,car_imsa_2025_ao_racing_99,99,LMP2,driver_dane_cameron,Dane Cameron,7,2,125,137,13,11,11,1,0,3,4,101.919,101.919,100.421,,-0.987,-7.574,24.408,47.443,29.936,official_alkamel_time_cards_driver_stint,64c2452b244d1c2ecb1db01df0735b1a0f631db0d4e74397ed7fa3a89b845978
session_imsa_2025_daytona_rolex_24_race,imsa_2025_daytona_99_stint_008,car_imsa_2025_ao_racing_99,99,LMP2,driver_dane_cameron,Dane Cameron,8,3,138,162,25,23,23,1,0,4,5,100.713,100.713,99.423,105.5884,-2.1175,-9.143,23.81,47.266,29.662,official_alkamel_time_cards_driver_stint,64c2452b244d1c2ecb1db01df0735b1a0f631db0d4e74397ed7fa3a89b845978
session_imsa_2025_daytona_rolex_24_race,imsa_2025_daytona_99_stint_009,car_imsa_2025_ao_racing_99,99,LMP2,driver_dane_cameron,Dane Cameron,9,4,163,184,22,20,20,1,0,5,5,101.2255,101.2255,100.279,105.3647,-0.839,-8.5565,23.9845,47.472,29.6715,official_alkamel_time_cards_driver_stint,64c2452b244d1c2ecb1db01df0735b1a0f631db0d4e74397ed7fa3a89b845978
session_imsa_2025_daytona_rolex_24_race,imsa_2025_daytona_99_stint_010,car_imsa_2025_ao_racing_99,99,LMP2,driver_pj_hyett,PJ Hyett,10,6,185,187,3,1,1,1,0,5,5,142.849,142.849,142.849,,40.7845,33.067,30.651,71.7,40.498,official_alkamel_time_cards_driver_stint,64c2452b244d1c2ecb1db01df0735b1a0f631db0d4e74397ed7fa3a89b845978
session_imsa_2025_daytona_rolex_24_race,imsa_2025_daytona_99_stint_011,car_imsa_2025_ao_racing_99,99,LMP2,driver_pj_hyett,PJ Hyett,11,7,188,211,24,22,22,1,0,5,6,102.188,102.188,100.698,102.1626,0.536,-6.856,24.5435,47.663,29.901,official_alkamel_time_cards_driver_stint,64c2452b244d1c2ecb1db01df0735b1a0f631db0d4e74397ed7fa3a89b845978
session_imsa_2025_daytona_rolex_24_race,imsa_2025_daytona_99_stint_012,car_imsa_2025_ao_racing_99,99,LMP2,driver_pj_hyett,PJ Hyett,12,8,212,236,25,23,23,1,0,6,7,103.087,103.087,101.137,106.9378,0.265,-7.536,24.655,48.353,30.145,official_alkamel_time_cards_driver_stint,64c2452b244d1c2ecb1db01df0735b1a0f631db0d4e74397ed7fa3a89b845978
session_imsa_2025_daytona_rolex_24_race,imsa_2025_daytona_99_stint_013,car_imsa_2025_ao_racing_99,99,LMP2,driver_jonny_edgar,Jonny Edgar,13,1,237,264,28,26,26,1,0,7,8,102.0195,102.0195,99.334,115.4137,-0.5215,-8.037,24.713,47.455,30.2635,official_alkamel_time_cards_driver_stint,64c2452b244d1c2ecb1db01df0735b1a0f631db0d4e74397ed7fa3a89b845978
session_imsa_2025_daytona_rolex_24_race,imsa_2025_daytona_99_stint_014,car_imsa_2025_ao_racing_99,99,LMP2,driver_jonny_edgar,Jonny Edgar,14,2,265,288,24,22,22,1,0,8,9,101.1725,101.1725,99.743,101.1061,-0.7345,-7.8555,23.958,47.116,29.6755,official_alkamel_time_cards_driver_stint,64c2452b244d1c2ecb1db01df0735b1a0f631db0d4e74397ed7fa3a89b845978
session_imsa_2025_daytona_rolex_24_race,imsa_2025_daytona_99_stint_015,car_imsa_2025_ao_racing_99,99,LMP2,driver_christian_rasmussen,Christian Rasmussen,15,1,289,308,20,18,18,1,0,9,9,100.2895,100.2895,99.357,,-2.459,-9.4005,24.019,46.9175,29.3165,official_alkamel_time_cards_driver_stint,64c2452b244d1c2ecb1db01df0735b1a0f631db0d4e74397ed7fa3a89b845978
session_imsa_2025_daytona_rolex_24_race,imsa_2025_daytona_99_stint_016,car_imsa_2025_ao_racing_99,99,LMP2,driver_christian_rasmussen,Christian Rasmussen,16,2,309,326,18,16,16,1,0,9,10,100.981,100.981,100.312,,-0.3985,-8.2125,24.1225,47.3555,29.735,official_alkamel_time_cards_driver_stint,64c2452b244d1c2ecb1db01df0735b1a0f631db0d4e74397ed7fa3a89b845978
session_imsa_2025_daytona_rolex_24_race,imsa_2025_daytona_99_stint_017,car_imsa_2025_ao_racing_99,99,LMP2,driver_christian_rasmussen,Christian Rasmussen,17,3,327,352,26,24,24,1,0,10,11,100.8525,100.8525,100.107,100.9667,-0.527,-8.2905,24.206,47.1945,29.3675,official_alkamel_time_cards_driver_stint,64c2452b244d1c2ecb1db01df0735b1a0f631db0d4e74397ed7fa3a89b845978
session_imsa_2025_daytona_rolex_24_race,imsa_2025_daytona_99_stint_018,car_imsa_2025_ao_racing_99,99,LMP2,driver_dane_cameron,Dane Cameron,18,5,353,375,23,21,21,1,0,11,11,100.769,100.769,99.097,100.8198,-0.443,-8.0695,24.027,46.98,29.527,official_alkamel_time_cards_driver_stint,64c2452b244d1c2ecb1db01df0735b1a0f631db0d4e74397ed7fa3a89b845978
session_imsa_2025_daytona_rolex_24_race,imsa_2025_daytona_99_stint_019,car_imsa_2025_ao_racing_99,99,LMP2,driver_dane_cameron,Dane Cameron,19,6,376,385,10,8,8,1,0,11,12,101.9145,101.9145,100.538,,-0.2055,-7.757,24.212,47.8165,30.2285,official_alkamel_time_cards_driver_stint,64c2452b244d1c2ecb1db01df0735b1a0f631db0d4e74397ed7fa3a89b845978
session_imsa_2025_daytona_rolex_24_race,imsa_2025_daytona_99_stint_020,car_imsa_2025_ao_racing_99,99,LMP2,driver_dane_cameron,Dane Cameron,20,7,386,411,26,24,24,1,0,12,13,101.8945,101.8945,99.885,109.9751,0.1545,-7.095,24.377,47.224,30.0595,official_alkamel_time_cards_driver_stint,64c2452b244d1c2ecb1db01df0735b1a0f631db0d4e74397ed7fa3a89b845978
session_imsa_2025_daytona_rolex_24_race,imsa_2025_daytona_99_stint_021,car_imsa_2025_ao_racing_99,99,LMP2,driver_jonny_edgar,Jonny Edgar,21,3,412,433,22,20,20,1,0,13,13,100.107,100.107,98.734,100.3882,-1.47,-8.7195,23.748,46.73,29.459,official_alkamel_time_cards_driver_stint,64c2452b244d1c2ecb1db01df0735b1a0f631db0d4e74397ed7fa3a89b845978
session_imsa_2025_daytona_rolex_24_race,imsa_2025_daytona_99_stint_022,car_imsa_2025_ao_racing_99,99,LMP2,driver_jonny_edgar,Jonny Edgar,22,4,434,436,3,1,1,1,0,13,13,116.495,116.495,116.495,,14.918,7.6685,27.243,55.083,34.169,official_alkamel_time_cards_driver_stint,64c2452b244d1c2ecb1db01df0735b1a0f631db0d4e74397ed7fa3a89b845978
session_imsa_2025_daytona_rolex_24_race,imsa_2025_daytona_99_stint_023,car_imsa_2025_ao_racing_99,99,LMP2,driver_jonny_edgar,Jonny Edgar,23,5,437,443,7,5,5,1,0,13,14,175.073,175.073,105.878,,73.826,65.8375,43.809,82.048,64.088,official_alkamel_time_cards_driver_stint,64c2452b244d1c2ecb1db01df0735b1a0f631db0d4e74397ed7fa3a89b845978
session_imsa_2025_daytona_rolex_24_race,imsa_2025_daytona_99_stint_024,car_imsa_2025_ao_racing_99,99,LMP2,driver_jonny_edgar,Jonny Edgar,24,6,444,462,19,17,17,1,0,14,14,100.601,100.601,99.588,,-0.646,-8.6345,23.758,46.952,29.526,official_alkamel_time_cards_driver_stint,64c2452b244d1c2ecb1db01df0735b1a0f631db0d4e74397ed7fa3a89b845978
session_imsa_2025_daytona_rolex_24_race,imsa_2025_daytona_99_stint_025,car_imsa_2025_ao_racing_99,99,LMP2,driver_jonny_edgar,Jonny Edgar,25,7,463,486,24,22,22,1,0,14,15,100.3765,100.3765,98.964,100.5366,-0.755,-8.3033,23.94,46.718,29.505,official_alkamel_time_cards_driver_stint,64c2452b244d1c2ecb1db01df0735b1a0f631db0d4e74397ed7fa3a89b845978
session_imsa_2025_daytona_rolex_24_race,imsa_2025_daytona_99_stint_026,car_imsa_2025_ao_racing_99,99,LMP2,driver_jonny_edgar,Jonny Edgar,26,8,487,509,23,21,21,1,0,15,16,100.715,100.715,99.62,100.9173,-0.4165,-7.805,24.046,47.049,29.571,official_alkamel_time_cards_driver_stint,64c2452b244d1c2ecb1db01df0735b1a0f631db0d4e74397ed7fa3a89b845978
session_imsa_2025_daytona_rolex_24_race,imsa_2025_daytona_99_stint_027,car_imsa_2025_ao_racing_99,99,LMP2,driver_christian_rasmussen,Christian Rasmussen,27,4,510,532,23,21,21,1,0,16,16,99.762,99.762,98.688,99.9978,-1.276,-8.716,23.715,46.849,29.343,official_alkamel_time_cards_driver_stint,64c2452b244d1c2ecb1db01df0735b1a0f631db0d4e74397ed7fa3a89b845978
session_imsa_2025_daytona_rolex_24_race,imsa_2025_daytona_99_stint_028,car_imsa_2025_ao_racing_99,99,LMP2,driver_christian_rasmussen,Christian Rasmussen,28,5,533,556,24,22,22,1,0,16,17,100.0165,100.0165,99.008,99.9266,-0.833,-8.321,23.811,46.7435,29.3075,official_alkamel_time_cards_driver_stint,64c2452b244d1c2ecb1db01df0735b1a0f631db0d4e74397ed7fa3a89b845978
session_imsa_2025_daytona_rolex_24_race,imsa_2025_daytona_99_stint_029,car_imsa_2025_ao_racing_99,99,LMP2,driver_christian_rasmussen,Christian Rasmussen,29,6,557,580,24,22,22,1,0,17,18,100.1275,100.1275,98.802,100.1409,-0.8285,-8.3645,23.755,46.9185,29.3125,official_alkamel_time_cards_driver_stint,64c2452b244d1c2ecb1db01df0735b1a0f631db0d4e74397ed7fa3a89b845978
session_imsa_2025_daytona_rolex_24_race,imsa_2025_daytona_99_stint_030,car_imsa_2025_ao_racing_99,99,LMP2,driver_dane_cameron,Dane Cameron,30,8,581,587,7,5,5,1,0,18,18,104.714,104.714,100.407,,0.144,-5.481,24.748,47.886,31.056,official_alkamel_time_cards_driver_stint,64c2452b244d1c2ecb1db01df0735b1a0f631db0d4e74397ed7fa3a89b845978
session_imsa_2025_daytona_rolex_24_race,imsa_2025_daytona_99_stint_031,car_imsa_2025_ao_racing_99,99,LMP2,driver_dane_cameron,Dane Cameron,31,9,588,613,26,24,24,1,0,18,19,101.9795,101.9795,99.572,117.8453,-0.003,-6.7702,24.365,47.412,29.9905,official_alkamel_time_cards_driver_stint,64c2452b244d1c2ecb1db01df0735b1a0f631db0d4e74397ed7fa3a89b845978
session_imsa_2025_daytona_rolex_24_race,imsa_2025_daytona_99_stint_032,car_imsa_2025_ao_racing_99,99,LMP2,driver_dane_cameron,Dane Cameron,32,10,614,637,24,22,22,1,0,19,20,100.396,100.396,99.294,100.3556,-0.407,-7.8445,23.8325,47.0135,29.3635,official_alkamel_time_cards_driver_stint,64c2452b244d1c2ecb1db01df0735b1a0f631db0d4e74397ed7fa3a89b845978
session_imsa_2025_daytona_rolex_24_race,imsa_2025_daytona_99_stint_033,car_imsa_2025_ao_racing_99,99,LMP2,driver_dane_cameron,Dane Cameron,33,11,638,645,8,6,6,1,0,20,20,100.3005,100.3005,99.625,,-0.5375,-8.3155,23.8645,46.839,29.4255,official_alkamel_time_cards_driver_stint,64c2452b244d1c2ecb1db01df0735b1a0f631db0d4e74397ed7fa3a89b845978
session_imsa_2025_daytona_rolex_24_race,imsa_2025_daytona_99_stint_034,car_imsa_2025_ao_racing_99,99,LMP2,driver_dane_cameron,Dane Cameron,34,12,646,661,16,14,14,1,0,20,20,100.722,100.722,99.911,,-0.116,-7.894,23.9245,47.2685,29.4125,official_alkamel_time_cards_driver_stint,64c2452b244d1c2ecb1db01df0735b1a0f631db0d4e74397ed7fa3a89b845978
session_imsa_2025_daytona_rolex_24_race,imsa_2025_daytona_99_stint_035,car_imsa_2025_ao_racing_99,99,LMP2,driver_jonny_edgar,Jonny Edgar,35,9,662,685,24,22,22,1,0,20,21,101.4085,101.4085,100.243,101.3023,0.104,-7.3335,24.0655,47.606,29.662,official_alkamel_time_cards_driver_stint,64c2452b244d1c2ecb1db01df0735b1a0f631db0d4e74397ed7fa3a89b845978
session_imsa_2025_daytona_rolex_24_race,imsa_2025_daytona_99_stint_036,car_imsa_2025_ao_racing_99,99,LMP2,driver_jonny_edgar,Jonny Edgar,36,10,686,701,16,14,14,1,0,21,21,101.7465,101.7465,99.791,,0.2415,-7.0785,24.0925,47.7095,29.793,official_alkamel_time_cards_driver_stint,64c2452b244d1c2ecb1db01df0735b1a0f631db0d4e74397ed7fa3a89b845978
session_imsa_2025_daytona_rolex_24_race,imsa_2025_daytona_99_stint_037,car_imsa_2025_ao_racing_99,99,LMP2,driver_christian_rasmussen,Christian Rasmussen,37,7,702,721,20,18,18,1,0,22,22,100.655,100.655,99.735,,-0.872,-8.5535,23.834,47.3915,29.264,official_alkamel_time_cards_driver_stint,64c2452b244d1c2ecb1db01df0735b1a0f631db0d4e74397ed7fa3a89b845978
session_imsa_2025_daytona_rolex_24_race,imsa_2025_daytona_99_stint_038,car_imsa_2025_ao_racing_99,99,LMP2,driver_christian_rasmussen,Christian Rasmussen,38,8,722,734,13,11,11,1,0,22,23,122.806,122.806,100.756,,19.8405,13.919,25.974,52.744,32.798,official_alkamel_time_cards_driver_stint,64c2452b244d1c2ecb1db01df0735b1a0f631db0d4e74397ed7fa3a89b845978
session_imsa_2025_daytona_rolex_24_race,imsa_2025_daytona_99_stint_039,car_imsa_2025_ao_racing_99,99,LMP2,driver_christian_rasmussen,Christian Rasmussen,39,9,735,757,23,22,22,0,0,23,24,100.6275,100.6275,99.145,100.8696,-2.338,-8.2595,23.997,47.381,29.2305,official_alkamel_time_cards_driver_stint,64c2452b244d1c2ecb1db01df0735b1a0f631db0d4e74397ed7fa3a89b845978
session_imsa_2025_daytona_rolex_24_race,imsa_2025_daytona_63_stint_001,car_imsa_2025_automobili_lamborghini_squadra_corse_63,63,GTP,driver_mirko_bortolotti,Mirko Bortolotti,1,1,1,29,29,27,27,1,0,0,0,99.372,99.372,98.196,99.6887,0.469,-9.792,24.394,46.262,28.775,official_alkamel_time_cards_driver_stint,64c2452b244d1c2ecb1db01df0735b1a0f631db0d4e74397ed7fa3a89b845978
session_imsa_2025_daytona_rolex_24_race,imsa_2025_daytona_63_stint_002,car_imsa_2025_automobili_lamborghini_squadra_corse_63,63,GTP,driver_mirko_bortolotti,Mirko Bortolotti,2,2,30,34,5,3,3,1,0,0,0,100.487,100.487,100.257,,1.584,-8.677,24.795,47.227,28.885,official_alkamel_time_cards_driver_stint,64c2452b244d1c2ecb1db01df0735b1a0f631db0d4e74397ed7fa3a89b845978
session_imsa_2025_daytona_rolex_24_race,imsa_2025_daytona_13_stint_001,car_imsa_2025_awa_13,13,GTD,driver_orey_fidani,Orey Fidani,1,1,1,30,30,28,28,1,0,0,0,111.7805,111.7805,109.852,111.6352,1.514,2.6165,26.372,51.8165,33.4555,official_alkamel_time_cards_driver_stint,64c2452b244d1c2ecb1db01df0735b1a0f631db0d4e74397ed7fa3a89b845978
session_imsa_2025_daytona_rolex_24_race,imsa_2025_daytona_13_stint_002,car_imsa_2025_awa_13,13,GTD,driver_orey_fidani,Orey Fidani,2,2,31,31,1,0,0,1,0,0,0,,,,,,,,,,official_alkamel_time_cards_driver_stint,64c2452b244d1c2ecb1db01df0735b1a0f631db0d4e74397ed7fa3a89b845978
session_imsa_2025_daytona_rolex_24_race,imsa_2025_daytona_13_stint_003,car_imsa_2025_awa_13,13,GTD,driver_orey_fidani,Orey Fidani,3,3,32,60,29,27,27,1,0,1,1,110.794,110.794,110.083,110.8683,0.328,1.228,26.057,51.364,33.249,official_alkamel_time_cards_driver_stint,64c2452b244d1c2ecb1db01df0735b1a0f631db0d4e74397ed7fa3a89b845978
session_imsa_2025_daytona_rolex_24_race,imsa_2025_daytona_13_stint_004,car_imsa_2025_awa_13,13,GTD,driver_lars_kern,Lars Kern,4,1,61,73,13,11,11,1,0,1,2,112.339,112.339,109.143,,1.873,2.773,26.142,51.824,33.638,official_alkamel_time_cards_driver_stint,64c2452b244d1c2ecb1db01df0735b1a0f631db0d4e74397ed7fa3a89b845978
session_imsa_2025_daytona_rolex_24_race,imsa_2025_daytona_13_stint_005,car_imsa_2025_awa_13,13,GTD,driver_lars_kern,Lars Kern,5,2,74,103,30,28,28,1,0,2,3,110.4055,110.4055,109.604,110.2345,0.0125,0.8532,25.9235,51.48,33.0195,official_alkamel_time_cards_driver_stint,64c2452b244d1c2ecb1db01df0735b1a0f631db0d4e74397ed7fa3a89b845978
session_imsa_2025_daytona_rolex_24_race,imsa_2025_daytona_13_stint_006,car_imsa_2025_awa_13,13,GTD,driver_marvin_kirchh_fer,Marvin Kirchhöfer,6,1,104,131,28,26,26,1,0,3,4,109.169,109.169,108.036,109.0248,-0.839,-0.071,25.675,50.8335,32.6865,official_alkamel_time_cards_driver_stint,64c2452b244d1c2ecb1db01df0735b1a0f631db0d4e74397ed7fa3a89b845978
session_imsa_2025_daytona_rolex_24_race,imsa_2025_daytona_13_stint_007,car_imsa_2025_awa_13,13,GTD,driver_orey_fidani,Orey Fidani,7,4,132,163,32,30,30,1,0,4,5,110.758,110.758,109.218,110.4445,0.2275,0.9675,26.053,51.418,33.184,official_alkamel_time_cards_driver_stint,64c2452b244d1c2ecb1db01df0735b1a0f631db0d4e74397ed7fa3a89b845978
session_imsa_2025_daytona_rolex_24_race,imsa_2025_daytona_13_stint_008,car_imsa_2025_awa_13,13,GTD,driver_orey_fidani,Orey Fidani,8,5,164,165,2,0,0,1,0,5,5,,,,,,,,,,official_alkamel_time_cards_driver_stint,64c2452b244d1c2ecb1db01df0735b1a0f631db0d4e74397ed7fa3a89b845978
session_imsa_2025_daytona_rolex_24_race,imsa_2025_daytona_13_stint_009,car_imsa_2025_awa_13,13,GTD,driver_orey_fidani,Orey Fidani,9,6,166,175,10,8,8,1,0,5,5,112.6145,112.6145,110.406,,2.0925,2.8325,26.545,52.5465,33.8055,official_alkamel_time_cards_driver_stint,64c2452b244d1c2ecb1db01df0735b1a0f631db0d4e74397ed7fa3a89b845978
session_imsa_2025_daytona_rolex_24_race,imsa_2025_daytona_13_stint_010,car_imsa_2025_awa_13,13,GTD,driver_orey_fidani,Orey Fidani,10,7,176,176,1,0,0,1,0,5,5,,,,,,,,,,official_alkamel_time_cards_driver_stint,64c2452b244d1c2ecb1db01df0735b1a0f631db0d4e74397ed7fa3a89b845978
session_imsa_2025_daytona_rolex_24_race,imsa_2025_daytona_13_stint_011,car_imsa_2025_awa_13,13,GTD,driver_orey_fidani,Orey Fidani,11,8,177,206,30,28,28,1,0,5,6,110.8785,110.8785,109.887,110.7957,0.6195,1.8345,26.0595,51.5385,33.291,official_alkamel_time_cards_driver_stint,64c2452b244d1c2ecb1db01df0735b1a0f631db0d4e74397ed7fa3a89b845978
session_imsa_2025_daytona_rolex_24_race,imsa_2025_daytona_13_stint_012,car_imsa_2025_awa_13,13,GTD,driver_orey_fidani,Orey Fidani,12,9,207,223,17,15,15,1,0,6,7,111.531,111.531,109.587,,-13.079,-7.1855,26.573,52.102,33.652,official_alkamel_time_cards_driver_stint,64c2452b244d1c2ecb1db01df0735b1a0f631db0d4e74397ed7fa3a89b845978
session_imsa_2025_daytona_rolex_24_race,imsa_2025_daytona_13_stint_013,car_imsa_2025_awa_13,13,GTD,driver_lars_kern,Lars Kern,13,3,224,257,34,32,32,1,0,7,8,110.955,110.955,108.759,110.6259,1.0175,1.862,26.3475,51.658,33.136,official_alkamel_time_cards_driver_stint,64c2452b244d1c2ecb1db01df0735b1a0f631db0d4e74397ed7fa3a89b845978
session_imsa_2025_daytona_rolex_24_race,imsa_2025_daytona_13_stint_014,car_imsa_2025_awa_13,13,GTD,driver_lars_kern,Lars Kern,14,4,258,287,30,28,28,1,0,8,9,109.4535,109.4535,108.134,109.189,-0.7655,-0.0165,25.561,50.9705,32.8255,official_alkamel_time_cards_driver_stint,64c2452b244d1c2ecb1db01df0735b1a0f631db0d4e74397ed7fa3a89b845978
session_imsa_2025_daytona_rolex_24_race,imsa_2025_daytona_13_stint_015,car_imsa_2025_awa_13,13,GTD,driver_lars_kern,Lars Kern,15,5,288,288,1,0,0,1,0,9,9,,,,,,,,,,official_alkamel_time_cards_driver_stint,64c2452b244d1c2ecb1db01df0735b1a0f631db0d4e74397ed7fa3a89b845978
session_imsa_2025_daytona_rolex_24_race,imsa_2025_daytona_13_stint_016,car_imsa_2025_awa_13,13,GTD,driver_lars_kern,Lars Kern,16,6,289,290,2,0,0,1,0,9,9,,,,,,,,,,official_alkamel_time_cards_driver_stint,64c2452b244d1c2ecb1db01df0735b1a0f631db0d4e74397ed7fa3a89b845978
session_imsa_2025_daytona_rolex_24_race,imsa_2025_daytona_13_stint_017,car_imsa_2025_awa_13,13,GTD,driver_lars_kern,Lars Kern,17,7,291,291,1,0,0,1,0,9,9,,,,,,,,,,official_alkamel_time_cards_driver_stint,64c2452b244d1c2ecb1db01df0735b1a0f631db0d4e74397ed7fa3a89b845978
session_imsa_2025_daytona_rolex_24_race,imsa_2025_daytona_13_stint_018,car_imsa_2025_awa_13,13,GTD,driver_lars_kern,Lars Kern,18,8,292,307,16,14,14,1,0,9,10,110.376,110.376,107.663,,0.1985,1.1825,25.9025,51.4795,33.1995,official_alkamel_time_cards_driver_stint,64c2452b244d1c2ecb1db01df0735b1a0f631db0d4e74397ed7fa3a89b845978
session_imsa_2025_daytona_rolex_24_race,imsa_2025_daytona_13_stint_019,car_imsa_2025_awa_13,13,GTD,driver_lars_kern,Lars Kern,19,9,308,332,25,23,23,1,0,10,11,109.511,109.511,108.774,109.5373,-0.231,0.6605,25.757,50.944,32.836,official_alkamel_time_cards_driver_stint,64c2452b244d1c2ecb1db01df0735b1a0f631db0d4e74397ed7fa3a89b845978
session_imsa_2025_daytona_rolex_24_race,imsa_2025_daytona_13_stint_020,car_imsa_2025_awa_13,13,GTD,driver_marvin_kirchh_fer,Marvin Kirchhöfer,20,2,333,362,30,28,28,1,0,11,12,109.1605,109.1605,107.486,108.73,-0.5233,0.2275,25.682,50.674,32.628,official_alkamel_time_cards_driver_stint,64c2452b244d1c2ecb1db01df0735b1a0f631db0d4e74397ed7fa3a89b845978
session_imsa_2025_daytona_rolex_24_race,imsa_2025_daytona_13_stint_021,car_imsa_2025_awa_13,13,GTD,driver_matthew_bell,Matthew Bell,21,1,363,395,33,31,31,1,0,12,13,109.161,109.161,108.137,108.9713,-0.586,0.2195,25.628,50.755,32.802,official_alkamel_time_cards_driver_stint,64c2452b244d1c2ecb1db01df0735b1a0f631db0d4e74397ed7fa3a89b845978
session_imsa_2025_daytona_rolex_24_race,imsa_2025_daytona_13_stint_022,car_imsa_2025_awa_13,13,GTD,driver_marvin_kirchh_fer,Marvin Kirchhöfer,22,3,396,410,15,13,13,1,0,13,13,109.324,109.324,107.681,,-0.316,0.4975,25.491,50.987,32.628,official_alkamel_time_cards_driver_stint,64c2452b244d1c2ecb1db01df0735b1a0f631db0d4e74397ed7fa3a89b845978
session_imsa_2025_daytona_rolex_24_race,imsa_2025_daytona_13_stint_023,car_imsa_2025_awa_13,13,GTD,driver_marvin_kirchh_fer,Marvin Kirchhöfer,23,4,411,442,32,30,30,1,0,14,15,109.4825,109.4825,108.794,109.3127,-0.3355,0.247,25.8725,50.9905,32.632,official_alkamel_time_cards_driver_stint,64c2452b244d1c2ecb1db01df0735b1a0f631db0d4e74397ed7fa3a89b845978
session_imsa_2025_daytona_rolex_24_race,imsa_2025_daytona_13_stint_024,car_imsa_2025_awa_13,13,GTD,driver_lars_kern,Lars Kern,24,10,443,472,30,28,28,1,0,15,15,109.3675,109.3675,107.85,109.3105,-0.1005,0.8475,25.7175,50.789,32.7895,official_alkamel_time_cards_driver_stint,64c2452b244d1c2ecb1db01df0735b1a0f631db0d4e74397ed7fa3a89b845978
session_imsa_2025_daytona_rolex_24_race,imsa_2025_daytona_13_stint_025,car_imsa_2025_awa_13,13,GTD,driver_matthew_bell,Matthew Bell,25,2,473,502,30,28,28,1,0,16,16,108.9675,108.9675,107.674,108.7623,-0.2805,0.4895,25.495,50.6795,32.807,official_alkamel_time_cards_driver_stint,64c2452b244d1c2ecb1db01df0735b1a0f631db0d4e74397ed7fa3a89b845978
session_imsa_2025_daytona_rolex_24_race,imsa_2025_daytona_13_stint_026,car_imsa_2025_awa_13,13,GTD,driver_matthew_bell,Matthew Bell,26,3,503,532,30,28,28,1,0,16,17,108.72,108.72,107.406,108.6178,-0.538,0.454,25.528,50.65,32.5445,official_alkamel_time_cards_driver_stint,64c2452b244d1c2ecb1db01df0735b1a0f631db0d4e74397ed7fa3a89b845978
session_imsa_2025_daytona_rolex_24_race,imsa_2025_daytona_13_stint_027,car_imsa_2025_awa_13,13,GTD,driver_matthew_bell,Matthew Bell,27,4,533,552,20,18,18,1,0,17,18,108.2735,108.2735,107.74,,-1.9845,-1.4565,25.331,50.6055,32.6225,official_alkamel_time_cards_driver_stint,64c2452b244d1c2ecb1db01df0735b1a0f631db0d4e74397ed7fa3a89b845978
session_imsa_2025_daytona_rolex_24_race,imsa_2025_daytona_13_stint_028,car_imsa_2025_awa_13,13,GTD,driver_marvin_kirchh_fer,Marvin Kirchhöfer,28,5,553,586,34,32,32,1,0,18,19,109.003,109.003,108.287,108.6994,-0.3465,0.6885,25.624,50.8505,32.5085,official_alkamel_time_cards_driver_stint,64c2452b244d1c2ecb1db01df0735b1a0f631db0d4e74397ed7fa3a89b845978
session_imsa_2025_daytona_rolex_24_race,imsa_2025_daytona_13_stint_029,car_imsa_2025_awa_13,13,GTD,driver_marvin_kirchh_fer,Marvin Kirchhöfer,29,6,587,617,31,29,29,1,0,19,20,109.251,109.251,107.217,109.0234,-0.2185,0.7095,25.644,50.976,32.544,official_alkamel_time_cards_driver_stint,64c2452b244d1c2ecb1db01df0735b1a0f631db0d4e74397ed7fa3a89b845978
session_imsa_2025_daytona_rolex_24_race,imsa_2025_daytona_13_stint_030,car_imsa_2025_awa_13,13,GTD,driver_marvin_kirchh_fer,Marvin Kirchhöfer,30,7,618,644,27,25,25,1,0,20,21,109.053,109.053,108.21,108.9861,-0.5115,0.28,25.614,50.929,32.492,official_alkamel_time_cards_driver_stint,64c2452b244d1c2ecb1db01df0735b1a0f631db0d4e74397ed7fa3a89b845978
session_imsa_2025_daytona_rolex_24_race,imsa_2025_daytona_13_stint_031,car_imsa_2025_awa_13,13,GTD,driver_matthew_bell,Matthew Bell,31,5,645,659,15,13,13,1,0,21,22,108.756,108.756,108.376,,-0.8245,-0.069,25.505,50.823,32.556,official_alkamel_time_cards_driver_stint,64c2452b244d1c2ecb1db01df0735b1a0f631db0d4e74397ed7fa3a89b845978
session_imsa_2025_daytona_rolex_24_race,imsa_2025_daytona_13_stint_032,car_imsa_2025_awa_13,13,GTD,driver_matthew_bell,Matthew Bell,32,6,660,694,35,33,33,1,0,22,23,109.778,109.778,108.322,109.4336,0.04,0.5695,26.045,51.156,32.514,official_alkamel_time_cards_driver_stint,64c2452b244d1c2ecb1db01df0735b1a0f631db0d4e74397ed7fa3a89b845978
session_imsa_2025_daytona_rolex_24_race,imsa_2025_daytona_13_stint_033,car_imsa_2025_awa_13,13,GTD,driver_matthew_bell,Matthew Bell,33,7,695,719,25,24,24,0,0,23,24,109.4105,109.4105,108.117,109.3047,-0.212,0.5055,25.8305,50.9535,32.5465,official_alkamel_time_cards_driver_stint,64c2452b244d1c2ecb1db01df0735b1a0f631db0d4e74397ed7fa3a89b845978
session_imsa_2025_daytona_rolex_24_race,imsa_2025_daytona_24_stint_001,car_imsa_2025_bmw_m_team_rll_24,24,GTP,driver_dries_vanthoor,Dries Vanthoor,1,1,1,29,29,27,27,1,0,0,0,97.912,97.912,95.977,97.8584,-0.991,-11.252,23.828,45.716,28.287,official_alkamel_time_cards_driver_stint,64c2452b244d1c2ecb1db01df0735b1a0f631db0d4e74397ed7fa3a89b845978
session_imsa_2025_daytona_rolex_24_race,imsa_2025_daytona_24_stint_002,car_imsa_2025_bmw_m_team_rll_24,24,GTP,driver_dries_vanthoor,Dries Vanthoor,2,2,30,59,30,28,28,1,0,0,1,98.7775,98.7775,97.924,98.8023,-0.3715,-10.7255,24.2895,46.047,28.3,official_alkamel_time_cards_driver_stint,64c2452b244d1c2ecb1db01df0735b1a0f631db0d4e74397ed7fa3a89b845978
session_imsa_2025_daytona_rolex_24_race,imsa_2025_daytona_24_stint_003,car_imsa_2025_bmw_m_team_rll_24,24,GTP,driver_philipp_eng,Philipp Eng,3,1,60,65,6,4,4,1,0,1,1,97.4635,97.4635,97.0,,-1.7485,-12.1025,23.877,45.292,28.324,official_alkamel_time_cards_driver_stint,64c2452b244d1c2ecb1db01df0735b1a0f631db0d4e74397ed7fa3a89b845978
session_imsa_2025_daytona_rolex_24_race,imsa_2025_daytona_24_stint_004,car_imsa_2025_bmw_m_team_rll_24,24,GTP,driver_philipp_eng,Philipp Eng,4,2,66,78,13,11,11,1,0,1,2,98.432,98.432,97.825,,-1.019,-11.4395,24.074,45.878,28.426,official_alkamel_time_cards_driver_stint,64c2452b244d1c2ecb1db01df0735b1a0f631db0d4e74397ed7fa3a89b845978
session_imsa_2025_daytona_rolex_24_race,imsa_2025_daytona_24_stint_005,car_imsa_2025_bmw_m_team_rll_24,24,GTP,driver_philipp_eng,Philipp Eng,5,3,79,110,32,30,30,1,0,2,3,99.1665,99.1665,98.093,99.2709,-0.153,-10.4793,24.332,46.3285,28.3375,official_alkamel_time_cards_driver_stint,64c2452b244d1c2ecb1db01df0735b1a0f631db0d4e74397ed7fa3a89b845978
session_imsa_2025_daytona_rolex_24_race,imsa_2025_daytona_24_stint_006,car_imsa_2025_bmw_m_team_rll_24,24,GTP,driver_kevin_magnussen,Kevin Magnussen,6,1,111,142,32,30,30,1,0,3,4,99.101,99.101,97.431,98.7185,0.087,-10.12,24.1305,46.2315,28.3805,official_alkamel_time_cards_driver_stint,64c2452b244d1c2ecb1db01df0735b1a0f631db0d4e74397ed7fa3a89b845978
session_imsa_2025_daytona_rolex_24_race,imsa_2025_daytona_24_stint_007,car_imsa_2025_bmw_m_team_rll_24,24,GTP,driver_kevin_magnussen,Kevin Magnussen,7,2,143,158,16,14,14,1,0,4,4,100.5195,100.5195,98.402,,1.0905,-9.3365,24.5145,47.0925,28.857,official_alkamel_time_cards_driver_stint,64c2452b244d1c2ecb1db01df0735b1a0f631db0d4e74397ed7fa3a89b845978
session_imsa_2025_daytona_rolex_24_race,imsa_2025_daytona_24_stint_008,car_imsa_2025_bmw_m_team_rll_24,24,GTP,driver_kevin_magnussen,Kevin Magnussen,8,3,159,187,29,27,27,1,0,4,5,98.882,98.882,96.097,98.8016,-0.547,-10.902,23.951,45.968,28.885,official_alkamel_time_cards_driver_stint,64c2452b244d1c2ecb1db01df0735b1a0f631db0d4e74397ed7fa3a89b845978
session_imsa_2025_daytona_rolex_24_race,imsa_2025_daytona_24_stint_009,car_imsa_2025_bmw_m_team_rll_24,24,GTP,driver_raffaele_marciello,Raffaele Marciello,9,1,188,218,31,29,29,1,0,5,6,98.957,98.957,97.744,98.9595,-0.107,-10.087,24.127,46.178,28.853,official_alkamel_time_cards_driver_stint,64c2452b244d1c2ecb1db01df0735b1a0f631db0d4e74397ed7fa3a89b845978
session_imsa_2025_daytona_rolex_24_race,imsa_2025_daytona_24_stint_010,car_imsa_2025_bmw_m_team_rll_24,24,GTP,driver_raffaele_marciello,Raffaele Marciello,10,2,219,240,22,20,20,1,0,6,7,99.329,99.329,98.323,107.9796,-0.106,-10.086,24.2015,46.4205,28.6815,official_alkamel_time_cards_driver_stint,64c2452b244d1c2ecb1db01df0735b1a0f631db0d4e74397ed7fa3a89b845978
session_imsa_2025_daytona_rolex_24_race,imsa_2025_daytona_24_stint_011,car_imsa_2025_bmw_m_team_rll_24,24,GTP,driver_dries_vanthoor,Dries Vanthoor,11,3,241,274,34,32,32,1,0,7,8,99.148,99.148,96.604,98.7421,-0.1,-10.171,24.5975,46.1435,29.088,official_alkamel_time_cards_driver_stint,64c2452b244d1c2ecb1db01df0735b1a0f631db0d4e74397ed7fa3a89b845978
session_imsa_2025_daytona_rolex_24_race,imsa_2025_daytona_24_stint_012,car_imsa_2025_bmw_m_team_rll_24,24,GTP,driver_dries_vanthoor,Dries Vanthoor,12,4,275,303,29,27,27,1,0,8,9,98.756,98.756,97.653,98.6022,-0.337,-10.51,24.2,45.992,28.459,official_alkamel_time_cards_driver_stint,64c2452b244d1c2ecb1db01df0735b1a0f631db0d4e74397ed7fa3a89b845978
session_imsa_2025_daytona_rolex_24_race,imsa_2025_daytona_24_stint_013,car_imsa_2025_bmw_m_team_rll_24,24,GTP,driver_philipp_eng,Philipp Eng,13,4,304,333,30,28,28,1,0,9,10,99.2885,99.2885,96.933,129.0487,0.3682,-9.905,24.1195,46.0615,29.0335,official_alkamel_time_cards_driver_stint,64c2452b244d1c2ecb1db01df0735b1a0f631db0d4e74397ed7fa3a89b845978
session_imsa_2025_daytona_rolex_24_race,imsa_2025_daytona_24_stint_014,car_imsa_2025_bmw_m_team_rll_24,24,GTP,driver_philipp_eng,Philipp Eng,14,5,334,365,32,30,30,1,0,10,11,98.421,98.421,97.874,98.6041,-0.4395,-10.593,24.0675,45.9315,28.46,official_alkamel_time_cards_driver_stint,64c2452b244d1c2ecb1db01df0735b1a0f631db0d4e74397ed7fa3a89b845978
session_imsa_2025_daytona_rolex_24_race,imsa_2025_daytona_24_stint_015,car_imsa_2025_bmw_m_team_rll_24,24,GTP,driver_kevin_magnussen,Kevin Magnussen,15,4,366,393,28,26,26,1,0,11,12,98.3,98.3,97.275,98.1165,-0.6755,-10.653,23.949,45.6925,28.5225,official_alkamel_time_cards_driver_stint,64c2452b244d1c2ecb1db01df0735b1a0f631db0d4e74397ed7fa3a89b845978
session_imsa_2025_daytona_rolex_24_race,imsa_2025_daytona_24_stint_016,car_imsa_2025_bmw_m_team_rll_24,24,GTP,driver_kevin_magnussen,Kevin Magnussen,16,5,394,426,33,31,31,1,0,12,13,99.335,99.335,97.929,98.8357,-0.154,-9.8075,24.215,45.874,28.665,official_alkamel_time_cards_driver_stint,64c2452b244d1c2ecb1db01df0735b1a0f631db0d4e74397ed7fa3a89b845978
session_imsa_2025_daytona_rolex_24_race,imsa_2025_daytona_24_stint_017,car_imsa_2025_bmw_m_team_rll_24,24,GTP,driver_raffaele_marciello,Raffaele Marciello,17,3,427,444,18,16,16,1,0,13,13,97.697,97.697,96.918,,-1.476,-11.1295,23.762,45.503,28.548,official_alkamel_time_cards_driver_stint,64c2452b244d1c2ecb1db01df0735b1a0f631db0d4e74397ed7fa3a89b845978
session_imsa_2025_daytona_rolex_24_race,imsa_2025_daytona_24_stint_018,car_imsa_2025_bmw_m_team_rll_24,24,GTP,driver_raffaele_marciello,Raffaele Marciello,18,4,445,475,31,29,29,1,0,13,14,99.036,99.036,97.887,99.0468,0.547,-10.1995,24.03,46.034,28.699,official_alkamel_time_cards_driver_stint,64c2452b244d1c2ecb1db01df0735b1a0f631db0d4e74397ed7fa3a89b845978
session_imsa_2025_daytona_rolex_24_race,imsa_2025_daytona_24_stint_019,car_imsa_2025_bmw_m_team_rll_24,24,GTP,driver_dries_vanthoor,Dries Vanthoor,19,5,476,505,30,28,28,1,0,14,15,98.1935,98.1935,96.815,97.9408,-0.4795,-10.417,23.941,45.586,28.485,official_alkamel_time_cards_driver_stint,64c2452b244d1c2ecb1db01df0735b1a0f631db0d4e74397ed7fa3a89b845978
session_imsa_2025_daytona_rolex_24_race,imsa_2025_daytona_24_stint_020,car_imsa_2025_bmw_m_team_rll_24,24,GTP,driver_dries_vanthoor,Dries Vanthoor,20,6,506,535,30,28,28,1,0,15,16,97.913,97.913,96.787,97.7019,-0.677,-10.565,23.89,45.53,28.28,official_alkamel_time_cards_driver_stint,64c2452b244d1c2ecb1db01df0735b1a0f631db0d4e74397ed7fa3a89b845978
session_imsa_2025_daytona_rolex_24_race,imsa_2025_daytona_24_stint_021,car_imsa_2025_bmw_m_team_rll_24,24,GTP,driver_philipp_eng,Philipp Eng,21,6,536,564,29,27,27,1,0,16,17,98.071,98.071,96.595,97.9585,-0.577,-10.262,23.954,45.409,28.518,official_alkamel_time_cards_driver_stint,64c2452b244d1c2ecb1db01df0735b1a0f631db0d4e74397ed7fa3a89b845978
session_imsa_2025_daytona_rolex_24_race,imsa_2025_daytona_24_stint_022,car_imsa_2025_bmw_m_team_rll_24,24,GTP,driver_philipp_eng,Philipp Eng,22,7,565,593,29,27,27,1,0,17,18,98.654,98.654,97.961,98.7148,-0.116,-9.731,24.127,45.936,28.431,official_alkamel_time_cards_driver_stint,64c2452b244d1c2ecb1db01df0735b1a0f631db0d4e74397ed7fa3a89b845978
session_imsa_2025_daytona_rolex_24_race,imsa_2025_daytona_24_stint_023,car_imsa_2025_bmw_m_team_rll_24,24,GTP,driver_kevin_magnussen,Kevin Magnussen,23,6,594,599,6,4,4,1,0,18,18,111.8235,111.8235,102.656,,9.9145,1.6285,28.2505,50.7985,33.9015,official_alkamel_time_cards_driver_stint,64c2452b244d1c2ecb1db01df0735b1a0f631db0d4e74397ed7fa3a89b845978
session_imsa_2025_daytona_rolex_24_race,imsa_2025_daytona_24_stint_024,car_imsa_2025_bmw_m_team_rll_24,24,GTP,driver_kevin_magnussen,Kevin Magnussen,24,7,600,631,32,30,30,1,0,18,19,97.9545,97.9545,96.402,97.6944,-0.3575,-10.286,23.9495,45.664,28.4635,official_alkamel_time_cards_driver_stint,64c2452b244d1c2ecb1db01df0735b1a0f631db0d4e74397ed7fa3a89b845978
session_imsa_2025_daytona_rolex_24_race,imsa_2025_daytona_24_stint_025,car_imsa_2025_bmw_m_team_rll_24,24,GTP,driver_kevin_magnussen,Kevin Magnussen,25,8,632,660,29,27,27,1,0,19,20,98.54,98.54,96.481,98.2011,0.04,-9.8885,24.03,46.026,28.374,official_alkamel_time_cards_driver_stint,64c2452b244d1c2ecb1db01df0735b1a0f631db0d4e74397ed7fa3a89b845978
session_imsa_2025_daytona_rolex_24_race,imsa_2025_daytona_24_stint_026,car_imsa_2025_bmw_m_team_rll_24,24,GTP,driver_philipp_eng,Philipp Eng,26,8,661,689,29,27,27,1,0,20,21,98.307,98.307,96.967,98.0806,-0.264,-10.518,23.997,45.881,28.15,official_alkamel_time_cards_driver_stint,64c2452b244d1c2ecb1db01df0735b1a0f631db0d4e74397ed7fa3a89b845978
session_imsa_2025_daytona_rolex_24_race,imsa_2025_daytona_24_stint_027,car_imsa_2025_bmw_m_team_rll_24,24,GTP,driver_philipp_eng,Philipp Eng,27,9,690,716,27,25,25,1,0,21,21,98.019,98.019,97.287,98.2039,-0.552,-10.806,24.052,45.892,28.167,official_alkamel_time_cards_driver_stint,64c2452b244d1c2ecb1db01df0735b1a0f631db0d4e74397ed7fa3a89b845978
session_imsa_2025_daytona_rolex_24_race,imsa_2025_daytona_24_stint_028,car_imsa_2025_bmw_m_team_rll_24,24,GTP,driver_dries_vanthoor,Dries Vanthoor,28,7,717,745,29,27,27,1,0,22,22,97.961,97.961,97.149,98.0569,-0.521,-11.2475,24.113,45.696,28.09,official_alkamel_time_cards_driver_stint,64c2452b244d1c2ecb1db01df0735b1a0f631db0d4e74397ed7fa3a89b845978
session_imsa_2025_daytona_rolex_24_race,imsa_2025_daytona_24_stint_029,car_imsa_2025_bmw_m_team_rll_24,24,GTP,driver_dries_vanthoor,Dries Vanthoor,29,8,746,753,8,6,6,1,0,22,23,100.182,100.182,96.482,,1.82,-8.8657,24.064,46.113,28.4105,official_alkamel_time_cards_driver_stint,64c2452b244d1c2ecb1db01df0735b1a0f631db0d4e74397ed7fa3a89b845978
session_imsa_2025_daytona_rolex_24_race,imsa_2025_daytona_24_stint_030,car_imsa_2025_bmw_m_team_rll_24,24,GTP,driver_dries_vanthoor,Dries Vanthoor,30,9,754,759,6,4,4,1,0,23,23,150.532,150.532,98.544,,52.29,41.645,30.732,68.4595,47.988,official_alkamel_time_cards_driver_stint,64c2452b244d1c2ecb1db01df0735b1a0f631db0d4e74397ed7fa3a89b845978
session_imsa_2025_daytona_rolex_24_race,imsa_2025_daytona_24_stint_031,car_imsa_2025_bmw_m_team_rll_24,24,GTP,driver_dries_vanthoor,Dries Vanthoor,31,10,760,780,21,20,20,0,0,23,24,97.4895,97.4895,96.144,97.5622,-0.7525,-11.3975,23.858,45.4195,28.023,official_alkamel_time_cards_driver_stint,64c2452b244d1c2ecb1db01df0735b1a0f631db0d4e74397ed7fa3a89b845978
session_imsa_2025_daytona_rolex_24_race,imsa_2025_daytona_25_stint_001,car_imsa_2025_bmw_m_team_rll_25,25,GTP,driver_sheldon_van_der_linde,Sheldon van der Linde,1,1,1,30,30,28,28,1,0,0,0,98.7955,98.7955,96.871,98.9505,-0.1075,-10.3685,24.232,46.0395,28.4705,official_alkamel_time_cards_driver_stint,64c2452b244d1c2ecb1db01df0735b1a0f631db0d4e74397ed7fa3a89b845978
session_imsa_2025_daytona_rolex_24_race,imsa_2025_daytona_25_stint_002,car_imsa_2025_bmw_m_team_rll_25,25,GTP,driver_sheldon_van_der_linde,Sheldon van der Linde,2,2,31,58,28,26,26,1,0,0,1,99.4085,99.4085,98.498,99.7068,0.235,-10.0725,24.387,46.3095,28.604,official_alkamel_time_cards_driver_stint,64c2452b244d1c2ecb1db01df0735b1a0f631db0d4e74397ed7fa3a89b845978
session_imsa_2025_daytona_rolex_24_race,imsa_2025_daytona_25_stint_003,car_imsa_2025_bmw_m_team_rll_25,25,GTP,driver_rene_rast,Rene Rast,3,1,59,78,20,18,18,1,0,1,2,98.7425,98.7425,97.161,,-0.5475,-10.9348,23.9995,45.97,28.676,official_alkamel_time_cards_driver_stint,64c2452b244d1c2ecb1db01df0735b1a0f631db0d4e74397ed7fa3a89b845978
session_imsa_2025_daytona_rolex_24_race,imsa_2025_daytona_25_stint_004,car_imsa_2025_bmw_m_team_rll_25,25,GTP,driver_rene_rast,Rene Rast,4,2,79,111,33,31,31,1,0,2,3,99.076,99.076,97.948,99.153,-0.326,-10.638,24.188,46.128,28.525,official_alkamel_time_cards_driver_stint,64c2452b244d1c2ecb1db01df0735b1a0f631db0d4e74397ed7fa3a89b845978
session_imsa_2025_daytona_rolex_24_race,imsa_2025_daytona_25_stint_005,car_imsa_2025_bmw_m_team_rll_25,25,GTP,driver_robin_frijns,Robin Frijns,5,1,112,142,31,29,29,1,0,3,4,98.746,98.746,96.958,98.7749,-0.272,-10.479,24.031,45.993,28.57,official_alkamel_time_cards_driver_stint,64c2452b244d1c2ecb1db01df0735b1a0f631db0d4e74397ed7fa3a89b845978
session_imsa_2025_daytona_rolex_24_race,imsa_2025_daytona_25_stint_006,car_imsa_2025_bmw_m_team_rll_25,25,GTP,driver_robin_frijns,Robin Frijns,6,2,143,173,31,29,29,1,0,4,5,99.081,99.081,98.219,99.0846,-0.389,-10.701,24.225,46.255,28.61,official_alkamel_time_cards_driver_stint,64c2452b244d1c2ecb1db01df0735b1a0f631db0d4e74397ed7fa3a89b845978
session_imsa_2025_daytona_rolex_24_race,imsa_2025_daytona_25_stint_007,car_imsa_2025_bmw_m_team_rll_25,25,GTP,driver_marco_wittmann,Marco Wittmann,7,1,174,190,17,15,15,1,0,5,5,99.011,99.011,97.281,,-0.538,-10.771,23.865,46.527,28.872,official_alkamel_time_cards_driver_stint,64c2452b244d1c2ecb1db01df0735b1a0f631db0d4e74397ed7fa3a89b845978
session_imsa_2025_daytona_rolex_24_race,imsa_2025_daytona_25_stint_008,car_imsa_2025_bmw_m_team_rll_25,25,GTP,driver_marco_wittmann,Marco Wittmann,8,2,191,221,31,29,29,1,0,5,6,99.68,99.68,98.772,99.7428,0.616,-9.364,24.358,46.499,28.774,official_alkamel_time_cards_driver_stint,64c2452b244d1c2ecb1db01df0735b1a0f631db0d4e74397ed7fa3a89b845978
session_imsa_2025_daytona_rolex_24_race,imsa_2025_daytona_25_stint_009,car_imsa_2025_bmw_m_team_rll_25,25,GTP,driver_sheldon_van_der_linde,Sheldon van der Linde,9,3,222,242,21,19,19,1,0,6,7,98.611,98.611,96.81,,-1.779,-10.784,23.85,46.228,28.544,official_alkamel_time_cards_driver_stint,64c2452b244d1c2ecb1db01df0735b1a0f631db0d4e74397ed7fa3a89b845978
session_imsa_2025_daytona_rolex_24_race,imsa_2025_daytona_25_stint_010,car_imsa_2025_bmw_m_team_rll_25,25,GTP,driver_sheldon_van_der_linde,Sheldon van der Linde,10,4,243,275,33,31,31,1,0,7,8,99.704,99.704,97.144,99.3783,-0.117,-10.141,24.443,46.133,28.636,official_alkamel_time_cards_driver_stint,64c2452b244d1c2ecb1db01df0735b1a0f631db0d4e74397ed7fa3a89b845978
session_imsa_2025_daytona_rolex_24_race,imsa_2025_daytona_25_stint_011,car_imsa_2025_bmw_m_team_rll_25,25,GTP,driver_rene_rast,Rene Rast,11,3,276,305,30,28,28,1,0,8,9,98.7805,98.7805,96.687,98.3153,-0.6705,-10.8425,24.0105,45.824,28.618,official_alkamel_time_cards_driver_stint,64c2452b244d1c2ecb1db01df0735b1a0f631db0d4e74397ed7fa3a89b845978
session_imsa_2025_daytona_rolex_24_race,imsa_2025_daytona_25_stint_012,car_imsa_2025_bmw_m_team_rll_25,25,GTP,driver_rene_rast,Rene Rast,12,4,306,315,10,8,8,1,0,9,9,99.3035,99.3035,98.64,,-0.2145,-10.3865,24.33,46.3765,28.724,official_alkamel_time_cards_driver_stint,64c2452b244d1c2ecb1db01df0735b1a0f631db0d4e74397ed7fa3a89b845978
session_imsa_2025_daytona_rolex_24_race,imsa_2025_daytona_25_stint_013,car_imsa_2025_bmw_m_team_rll_25,25,GTP,driver_robin_frijns,Robin Frijns,13,3,316,338,23,21,21,1,0,9,10,103.263,103.263,96.685,123.572,4.4025,-5.9305,24.539,47.579,29.698,official_alkamel_time_cards_driver_stint,64c2452b244d1c2ecb1db01df0735b1a0f631db0d4e74397ed7fa3a89b845978
session_imsa_2025_daytona_rolex_24_race,imsa_2025_daytona_25_stint_014,car_imsa_2025_bmw_m_team_rll_25,25,GTP,driver_robin_frijns,Robin Frijns,14,4,339,348,10,8,8,1,0,10,10,98.1795,98.1795,97.607,,-0.681,-11.014,23.7715,45.8365,28.5735,official_alkamel_time_cards_driver_stint,64c2452b244d1c2ecb1db01df0735b1a0f631db0d4e74397ed7fa3a89b845978
session_imsa_2025_daytona_rolex_24_race,imsa_2025_daytona_25_stint_015,car_imsa_2025_bmw_m_team_rll_25,25,GTP,driver_robin_frijns,Robin Frijns,15,5,349,377,29,27,27,1,0,11,11,98.983,98.983,97.96,99.0795,0.122,-9.8555,23.987,46.17,28.696,official_alkamel_time_cards_driver_stint,64c2452b244d1c2ecb1db01df0735b1a0f631db0d4e74397ed7fa3a89b845978
session_imsa_2025_daytona_rolex_24_race,imsa_2025_daytona_25_stint_016,car_imsa_2025_bmw_m_team_rll_25,25,GTP,driver_marco_wittmann,Marco Wittmann,16,3,378,392,15,13,13,1,0,11,12,98.9,98.9,96.801,,0.039,-9.9385,24.498,46.071,29.135,official_alkamel_time_cards_driver_stint,64c2452b244d1c2ecb1db01df0735b1a0f631db0d4e74397ed7fa3a89b845978
session_imsa_2025_daytona_rolex_24_race,imsa_2025_daytona_25_stint_017,car_imsa_2025_bmw_m_team_rll_25,25,GTP,driver_marco_wittmann,Marco Wittmann,17,4,393,422,30,28,28,1,0,12,13,98.5025,98.5025,96.926,98.2061,-1.0445,-10.838,23.859,45.897,28.5135,official_alkamel_time_cards_driver_stint,64c2452b244d1c2ecb1db01df0735b1a0f631db0d4e74397ed7fa3a89b845978
session_imsa_2025_daytona_rolex_24_race,imsa_2025_daytona_25_stint_018,car_imsa_2025_bmw_m_team_rll_25,25,GTP,driver_sheldon_van_der_linde,Sheldon van der Linde,18,5,423,444,22,20,20,1,0,13,14,98.5815,98.5815,96.156,116.9405,-0.5915,-10.245,23.886,46.1325,28.7795,official_alkamel_time_cards_driver_stint,64c2452b244d1c2ecb1db01df0735b1a0f631db0d4e74397ed7fa3a89b845978
session_imsa_2025_daytona_rolex_24_race,imsa_2025_daytona_25_stint_019,car_imsa_2025_bmw_m_team_rll_25,25,GTP,driver_sheldon_van_der_linde,Sheldon van der Linde,19,6,445,474,30,28,28,1,0,14,14,98.3345,98.3345,97.631,98.8482,-0.1545,-10.901,24.0005,45.833,28.5735,official_alkamel_time_cards_driver_stint,64c2452b244d1c2ecb1db01df0735b1a0f631db0d4e74397ed7fa3a89b845978
session_imsa_2025_daytona_rolex_24_race,imsa_2025_daytona_25_stint_020,car_imsa_2025_bmw_m_team_rll_25,25,GTP,driver_rene_rast,Rene Rast,20,5,475,503,29,27,27,1,0,14,15,98.238,98.238,96.233,97.8178,-0.435,-10.282,23.946,45.715,28.402,official_alkamel_time_cards_driver_stint,64c2452b244d1c2ecb1db01df0735b1a0f631db0d4e74397ed7fa3a89b845978
session_imsa_2025_daytona_rolex_24_race,imsa_2025_daytona_25_stint_021,car_imsa_2025_bmw_m_team_rll_25,25,GTP,driver_rene_rast,Rene Rast,21,6,504,532,29,27,27,1,0,15,16,98.627,98.627,97.873,98.8539,0.037,-9.851,24.114,45.813,28.714,official_alkamel_time_cards_driver_stint,64c2452b244d1c2ecb1db01df0735b1a0f631db0d4e74397ed7fa3a89b845978
session_imsa_2025_daytona_rolex_24_race,imsa_2025_daytona_25_stint_022,car_imsa_2025_bmw_m_team_rll_25,25,GTP,driver_robin_frijns,Robin Frijns,22,6,533,561,29,27,27,1,0,16,17,98.855,98.855,97.022,98.6306,0.204,-9.411,24.079,45.832,28.645,official_alkamel_time_cards_driver_stint,64c2452b244d1c2ecb1db01df0735b1a0f631db0d4e74397ed7fa3a89b845978
session_imsa_2025_daytona_rolex_24_race,imsa_2025_daytona_25_stint_023,car_imsa_2025_bmw_m_team_rll_25,25,GTP,driver_robin_frijns,Robin Frijns,23,7,562,590,29,27,27,1,0,17,18,98.409,98.409,96.176,98.0102,-1.02,-10.635,23.917,45.78,28.804,official_alkamel_time_cards_driver_stint,64c2452b244d1c2ecb1db01df0735b1a0f631db0d4e74397ed7fa3a89b845978
session_imsa_2025_daytona_rolex_24_race,imsa_2025_daytona_25_stint_024,car_imsa_2025_bmw_m_team_rll_25,25,GTP,driver_marco_wittmann,Marco Wittmann,24,5,591,606,16,14,14,1,0,18,18,174.7895,174.7895,101.077,,72.8805,64.5945,35.9995,82.9955,55.7985,official_alkamel_time_cards_driver_stint,64c2452b244d1c2ecb1db01df0735b1a0f631db0d4e74397ed7fa3a89b845978
session_imsa_2025_daytona_rolex_24_race,imsa_2025_daytona_25_stint_025,car_imsa_2025_bmw_m_team_rll_25,25,GTP,driver_marco_wittmann,Marco Wittmann,25,6,607,633,27,25,25,1,0,18,19,98.53,98.53,96.144,98.5359,0.218,-9.7105,24.007,46.038,28.494,official_alkamel_time_cards_driver_stint,64c2452b244d1c2ecb1db01df0735b1a0f631db0d4e74397ed7fa3a89b845978
session_imsa_2025_daytona_rolex_24_race,imsa_2025_daytona_25_stint_026,car_imsa_2025_bmw_m_team_rll_25,25,GTP,driver_sheldon_van_der_linde,Sheldon van der Linde,26,7,634,661,28,26,26,1,0,19,20,98.5445,98.5445,95.868,98.3515,-0.0715,-10.0715,23.9095,45.9945,28.4725,official_alkamel_time_cards_driver_stint,64c2452b244d1c2ecb1db01df0735b1a0f631db0d4e74397ed7fa3a89b845978
session_imsa_2025_daytona_rolex_24_race,imsa_2025_daytona_25_stint_027,car_imsa_2025_bmw_m_team_rll_25,25,GTP,driver_sheldon_van_der_linde,Sheldon van der Linde,27,8,662,690,29,27,27,1,0,20,21,98.494,98.494,97.066,98.3524,-0.122,-10.147,23.984,46.027,28.5,official_alkamel_time_cards_driver_stint,64c2452b244d1c2ecb1db01df0735b1a0f631db0d4e74397ed7fa3a89b845978
session_imsa_2025_daytona_rolex_24_race,imsa_2025_daytona_25_stint_028,car_imsa_2025_bmw_m_team_rll_25,25,GTP,driver_rene_rast,Rene Rast,28,7,691,713,23,21,21,1,0,21,22,98.932,98.932,97.974,108.0623,0.361,-9.893,24.186,46.013,28.599,official_alkamel_time_cards_driver_stint,64c2452b244d1c2ecb1db01df0735b1a0f631db0d4e74397ed7fa3a89b845978
session_imsa_2025_daytona_rolex_24_race,imsa_2025_daytona_25_stint_029,car_imsa_2025_bmw_m_team_rll_25,25,GTP,driver_rene_rast,Rene Rast,29,8,714,742,29,27,27,1,0,22,22,98.067,98.067,97.509,98.2687,-0.415,-11.1415,24.129,45.757,28.256,official_alkamel_time_cards_driver_stint,64c2452b244d1c2ecb1db01df0735b1a0f631db0d4e74397ed7fa3a89b845978
session_imsa_2025_daytona_rolex_24_race,imsa_2025_daytona_25_stint_030,car_imsa_2025_bmw_m_team_rll_25,25,GTP,driver_robin_frijns,Robin Frijns,30,8,743,752,10,8,8,1,0,22,23,157.5875,157.5875,98.654,,59.3455,48.7005,33.727,75.083,56.6765,official_alkamel_time_cards_driver_stint,64c2452b244d1c2ecb1db01df0735b1a0f631db0d4e74397ed7fa3a89b845978
session_imsa_2025_daytona_rolex_24_race,imsa_2025_daytona_25_stint_031,car_imsa_2025_bmw_m_team_rll_25,25,GTP,driver_robin_frijns,Robin Frijns,31,9,753,777,25,24,24,0,0,23,24,97.9765,97.9765,97.137,98.242,-0.2655,-10.9105,24.016,45.6735,28.362,official_alkamel_time_cards_driver_stint,64c2452b244d1c2ecb1db01df0735b1a0f631db0d4e74397ed7fa3a89b845978
session_imsa_2025_daytona_rolex_24_race,imsa_2025_daytona_10_stint_001,car_imsa_2025_cadillac_wayne_taylor_racing_10,10,GTP,driver_filipe_albuquerque,Filipe Albuquerque,1,1,1,28,28,26,26,1,0,0,0,98.711,98.711,97.731,99.0693,-0.192,-10.453,24.084,45.977,28.6405,official_alkamel_time_cards_driver_stint,64c2452b244d1c2ecb1db01df0735b1a0f631db0d4e74397ed7fa3a89b845978
session_imsa_2025_daytona_rolex_24_race,imsa_2025_daytona_10_stint_002,car_imsa_2025_cadillac_wayne_taylor_racing_10,10,GTP,driver_filipe_albuquerque,Filipe Albuquerque,2,2,29,56,28,26,26,1,0,0,1,99.07,99.07,97.243,98.9412,-0.142,-10.496,24.185,46.0495,28.7485,official_alkamel_time_cards_driver_stint,64c2452b244d1c2ecb1db01df0735b1a0f631db0d4e74397ed7fa3a89b845978
session_imsa_2025_daytona_rolex_24_race,imsa_2025_daytona_10_stint_003,car_imsa_2025_cadillac_wayne_taylor_racing_10,10,GTP,driver_filipe_albuquerque,Filipe Albuquerque,3,3,57,78,22,20,20,1,0,1,2,99.1535,99.1535,97.804,103.199,-0.187,-10.5742,24.028,46.275,28.6665,official_alkamel_time_cards_driver_stint,64c2452b244d1c2ecb1db01df0735b1a0f631db0d4e74397ed7fa3a89b845978
session_imsa_2025_daytona_rolex_24_race,imsa_2025_daytona_10_stint_004,car_imsa_2025_cadillac_wayne_taylor_racing_10,10,GTP,driver_will_stevens,Will Stevens,4,1,79,109,31,29,29,1,0,2,3,99.302,99.302,98.282,99.4215,-0.086,-10.4455,24.344,46.154,28.781,official_alkamel_time_cards_driver_stint,64c2452b244d1c2ecb1db01df0735b1a0f631db0d4e74397ed7fa3a89b845978
session_imsa_2025_daytona_rolex_24_race,imsa_2025_daytona_10_stint_005,car_imsa_2025_cadillac_wayne_taylor_racing_10,10,GTP,driver_will_stevens,Will Stevens,5,2,110,137,28,26,26,1,0,3,4,98.9515,98.9515,97.71,98.8295,-0.0625,-10.288,24.0895,46.1795,28.592,official_alkamel_time_cards_driver_stint,64c2452b244d1c2ecb1db01df0735b1a0f631db0d4e74397ed7fa3a89b845978
session_imsa_2025_daytona_rolex_24_race,imsa_2025_daytona_10_stint_006,car_imsa_2025_cadillac_wayne_taylor_racing_10,10,GTP,driver_ricky_taylor,Ricky Taylor,6,1,138,169,32,30,30,1,0,4,5,100.431,100.431,98.218,99.644,0.942,-9.388,24.6815,46.714,28.929,official_alkamel_time_cards_driver_stint,64c2452b244d1c2ecb1db01df0735b1a0f631db0d4e74397ed7fa3a89b845978
session_imsa_2025_daytona_rolex_24_race,imsa_2025_daytona_10_stint_007,car_imsa_2025_cadillac_wayne_taylor_racing_10,10,GTP,driver_ricky_taylor,Ricky Taylor,7,2,170,190,21,19,19,1,0,5,5,99.549,99.549,98.326,,0.0,-10.233,24.067,46.248,29.132,official_alkamel_time_cards_driver_stint,64c2452b244d1c2ecb1db01df0735b1a0f631db0d4e74397ed7fa3a89b845978
session_imsa_2025_daytona_rolex_24_race,imsa_2025_daytona_10_stint_008,car_imsa_2025_cadillac_wayne_taylor_racing_10,10,GTP,driver_brendon_hartley,Brendon Hartley,8,1,191,221,31,29,29,1,0,5,6,99.019,99.019,97.325,98.8992,-0.045,-10.025,24.061,46.019,28.707,official_alkamel_time_cards_driver_stint,64c2452b244d1c2ecb1db01df0735b1a0f631db0d4e74397ed7fa3a89b845978
session_imsa_2025_daytona_rolex_24_race,imsa_2025_daytona_10_stint_009,car_imsa_2025_cadillac_wayne_taylor_racing_10,10,GTP,driver_brendon_hartley,Brendon Hartley,9,2,222,240,19,17,17,1,0,6,7,99.261,99.261,98.778,,0.077,-9.903,24.307,46.16,28.805,official_alkamel_time_cards_driver_stint,64c2452b244d1c2ecb1db01df0735b1a0f631db0d4e74397ed7fa3a89b845978
session_imsa_2025_daytona_rolex_24_race,imsa_2025_daytona_10_stint_010,car_imsa_2025_cadillac_wayne_taylor_racing_10,10,GTP,driver_brendon_hartley,Brendon Hartley,10,3,241,276,36,34,34,1,0,7,8,99.831,99.831,97.045,98.6442,0.3595,-9.574,24.5965,46.222,29.102,official_alkamel_time_cards_driver_stint,64c2452b244d1c2ecb1db01df0735b1a0f631db0d4e74397ed7fa3a89b845978
session_imsa_2025_daytona_rolex_24_race,imsa_2025_daytona_10_stint_011,car_imsa_2025_cadillac_wayne_taylor_racing_10,10,GTP,driver_filipe_albuquerque,Filipe Albuquerque,11,4,277,304,28,26,26,1,0,8,9,99.0235,99.0235,98.399,99.0587,0.0665,-10.106,24.174,45.976,28.8135,official_alkamel_time_cards_driver_stint,64c2452b244d1c2ecb1db01df0735b1a0f631db0d4e74397ed7fa3a89b845978
session_imsa_2025_daytona_rolex_24_race,imsa_2025_daytona_10_stint_012,car_imsa_2025_cadillac_wayne_taylor_racing_10,10,GTP,driver_filipe_albuquerque,Filipe Albuquerque,12,5,305,315,11,9,9,1,0,9,9,98.345,98.345,96.682,,-1.173,-11.345,23.839,45.541,28.962,official_alkamel_time_cards_driver_stint,64c2452b244d1c2ecb1db01df0735b1a0f631db0d4e74397ed7fa3a89b845978
session_imsa_2025_daytona_rolex_24_race,imsa_2025_daytona_10_stint_013,car_imsa_2025_cadillac_wayne_taylor_racing_10,10,GTP,driver_filipe_albuquerque,Filipe Albuquerque,13,6,316,333,18,16,16,1,0,9,10,99.131,99.131,97.505,,0.2705,-10.0625,24.0295,46.004,28.7995,official_alkamel_time_cards_driver_stint,64c2452b244d1c2ecb1db01df0735b1a0f631db0d4e74397ed7fa3a89b845978
session_imsa_2025_daytona_rolex_24_race,imsa_2025_daytona_10_stint_014,car_imsa_2025_cadillac_wayne_taylor_racing_10,10,GTP,driver_filipe_albuquerque,Filipe Albuquerque,14,7,334,363,30,28,28,1,0,10,11,98.629,98.629,97.829,98.7462,-0.2315,-10.4615,24.0495,45.7805,28.758,official_alkamel_time_cards_driver_stint,64c2452b244d1c2ecb1db01df0735b1a0f631db0d4e74397ed7fa3a89b845978
session_imsa_2025_daytona_rolex_24_race,imsa_2025_daytona_10_stint_015,car_imsa_2025_cadillac_wayne_taylor_racing_10,10,GTP,driver_will_stevens,Will Stevens,15,3,364,393,30,28,28,1,0,11,12,99.082,99.082,97.776,98.804,0.1765,-9.801,24.1555,46.082,28.5975,official_alkamel_time_cards_driver_stint,64c2452b244d1c2ecb1db01df0735b1a0f631db0d4e74397ed7fa3a89b845978
session_imsa_2025_daytona_rolex_24_race,imsa_2025_daytona_10_stint_016,car_imsa_2025_cadillac_wayne_taylor_racing_10,10,GTP,driver_will_stevens,Will Stevens,16,4,394,425,32,30,30,1,0,12,13,98.8995,98.8995,96.449,97.9868,-0.643,-10.439,23.9875,45.817,28.6925,official_alkamel_time_cards_driver_stint,64c2452b244d1c2ecb1db01df0735b1a0f631db0d4e74397ed7fa3a89b845978
session_imsa_2025_daytona_rolex_24_race,imsa_2025_daytona_10_stint_017,car_imsa_2025_cadillac_wayne_taylor_racing_10,10,GTP,driver_will_stevens,Will Stevens,17,5,426,444,19,17,17,1,0,13,13,99.422,99.422,98.437,,0.249,-9.4045,24.083,46.381,29.169,official_alkamel_time_cards_driver_stint,64c2452b244d1c2ecb1db01df0735b1a0f631db0d4e74397ed7fa3a89b845978
session_imsa_2025_daytona_rolex_24_race,imsa_2025_daytona_10_stint_018,car_imsa_2025_cadillac_wayne_taylor_racing_10,10,GTP,driver_ricky_taylor,Ricky Taylor,18,3,445,475,31,29,29,1,0,13,14,98.623,98.623,97.427,98.7127,0.134,-10.6125,24.025,45.865,28.836,official_alkamel_time_cards_driver_stint,64c2452b244d1c2ecb1db01df0735b1a0f631db0d4e74397ed7fa3a89b845978
session_imsa_2025_daytona_rolex_24_race,imsa_2025_daytona_10_stint_019,car_imsa_2025_cadillac_wayne_taylor_racing_10,10,GTP,driver_ricky_taylor,Ricky Taylor,19,4,476,504,29,27,27,1,0,14,15,99.165,99.165,98.458,99.0902,0.492,-9.355,24.366,45.822,28.8,official_alkamel_time_cards_driver_stint,64c2452b244d1c2ecb1db01df0735b1a0f631db0d4e74397ed7fa3a89b845978
session_imsa_2025_daytona_rolex_24_race,imsa_2025_daytona_10_stint_020,car_imsa_2025_cadillac_wayne_taylor_racing_10,10,GTP,driver_brendon_hartley,Brendon Hartley,20,4,505,534,30,28,28,1,0,15,16,98.7585,98.7585,97.856,98.6898,0.1685,-9.7195,24.114,45.9155,28.6845,official_alkamel_time_cards_driver_stint,64c2452b244d1c2ecb1db01df0735b1a0f631db0d4e74397ed7fa3a89b845978
session_imsa_2025_daytona_rolex_24_race,imsa_2025_daytona_10_stint_021,car_imsa_2025_cadillac_wayne_taylor_racing_10,10,GTP,driver_brendon_hartley,Brendon Hartley,21,5,535,563,29,27,27,1,0,16,17,98.177,98.177,97.242,98.1174,-0.472,-10.146,23.904,45.65,28.489,official_alkamel_time_cards_driver_stint,64c2452b244d1c2ecb1db01df0735b1a0f631db0d4e74397ed7fa3a89b845978
session_imsa_2025_daytona_rolex_24_race,imsa_2025_daytona_10_stint_022,car_imsa_2025_cadillac_wayne_taylor_racing_10,10,GTP,driver_brendon_hartley,Brendon Hartley,22,6,564,592,29,27,27,1,0,17,18,99.116,99.116,98.191,99.1456,0.258,-9.357,24.256,45.925,28.691,official_alkamel_time_cards_driver_stint,64c2452b244d1c2ecb1db01df0735b1a0f631db0d4e74397ed7fa3a89b845978
session_imsa_2025_daytona_rolex_24_race,imsa_2025_daytona_10_stint_023,car_imsa_2025_cadillac_wayne_taylor_racing_10,10,GTP,driver_filipe_albuquerque,Filipe Albuquerque,23,8,593,613,21,19,19,1,0,18,19,164.869,164.869,96.952,,62.96,54.674,32.274,76.528,54.509,official_alkamel_time_cards_driver_stint,64c2452b244d1c2ecb1db01df0735b1a0f631db0d4e74397ed7fa3a89b845978
session_imsa_2025_daytona_rolex_24_race,imsa_2025_daytona_10_stint_024,car_imsa_2025_cadillac_wayne_taylor_racing_10,10,GTP,driver_filipe_albuquerque,Filipe Albuquerque,24,9,614,625,12,10,10,1,0,19,19,98.685,98.685,97.191,,0.373,-9.5555,24.0245,45.727,28.643,official_alkamel_time_cards_driver_stint,64c2452b244d1c2ecb1db01df0735b1a0f631db0d4e74397ed7fa3a89b845978
session_imsa_2025_daytona_rolex_24_race,imsa_2025_daytona_10_stint_025,car_imsa_2025_cadillac_wayne_taylor_racing_10,10,GTP,driver_will_stevens,Will Stevens,25,6,626,654,29,27,27,1,0,19,20,98.881,98.881,97.816,99.0342,0.422,-9.513,24.195,46.168,28.602,official_alkamel_time_cards_driver_stint,64c2452b244d1c2ecb1db01df0735b1a0f631db0d4e74397ed7fa3a89b845978
session_imsa_2025_daytona_rolex_24_race,imsa_2025_daytona_10_stint_026,car_imsa_2025_cadillac_wayne_taylor_racing_10,10,GTP,driver_will_stevens,Will Stevens,26,7,655,656,2,0,0,1,0,20,20,,,,,,,,,,official_alkamel_time_cards_driver_stint,64c2452b244d1c2ecb1db01df0735b1a0f631db0d4e74397ed7fa3a89b845978
session_imsa_2025_daytona_rolex_24_race,imsa_2025_daytona_10_stint_027,car_imsa_2025_cadillac_wayne_taylor_racing_10,10,GTP,driver_will_stevens,Will Stevens,27,8,657,683,27,25,25,1,0,20,21,98.913,98.913,97.575,99.0067,0.297,-9.703,24.053,46.309,28.492,official_alkamel_time_cards_driver_stint,64c2452b244d1c2ecb1db01df0735b1a0f631db0d4e74397ed7fa3a89b845978
session_imsa_2025_daytona_rolex_24_race,imsa_2025_daytona_10_stint_028,car_imsa_2025_cadillac_wayne_taylor_racing_10,10,GTP,driver_will_stevens,Will Stevens,28,9,684,714,31,29,29,1,0,21,21,98.728,98.728,97.312,98.91,0.157,-10.097,24.119,46.108,28.453,official_alkamel_time_cards_driver_stint,64c2452b244d1c2ecb1db01df0735b1a0f631db0d4e74397ed7fa3a89b845978
session_imsa_2025_daytona_rolex_24_race,imsa_2025_daytona_10_stint_029,car_imsa_2025_cadillac_wayne_taylor_racing_10,10,GTP,driver_filipe_albuquerque,Filipe Albuquerque,29,10,715,743,29,27,27,1,0,22,22,98.956,98.956,97.692,99.0071,0.474,-10.2525,24.237,46.108,28.58,official_alkamel_time_cards_driver_stint,64c2452b244d1c2ecb1db01df0735b1a0f631db0d4e74397ed7fa3a89b845978
session_imsa_2025_daytona_rolex_24_race,imsa_2025_daytona_10_stint_030,car_imsa_2025_cadillac_wayne_taylor_racing_10,10,GTP,driver_filipe_albuquerque,Filipe Albuquerque,30,11,744,755,12,10,10,1,0,22,23,131.2965,131.2965,97.429,,33.0545,22.4095,30.5415,63.2415,35.878,official_alkamel_time_cards_driver_stint,64c2452b244d1c2ecb1db01df0735b1a0f631db0d4e74397ed7fa3a89b845978
session_imsa_2025_daytona_rolex_24_race,imsa_2025_daytona_10_stint_031,car_imsa_2025_cadillac_wayne_taylor_racing_10,10,GTP,driver_filipe_albuquerque,Filipe Albuquerque,31,12,756,780,25,24,24,0,0,23,24,98.533,98.533,98.089,98.8461,0.291,-10.354,24.0595,46.0495,28.5135,official_alkamel_time_cards_driver_stint,64c2452b244d1c2ecb1db01df0735b1a0f631db0d4e74397ed7fa3a89b845978
session_imsa_2025_daytona_rolex_24_race,imsa_2025_daytona_40_stint_001,car_imsa_2025_cadillac_wayne_taylor_racing_40,40,GTP,driver_louis_deletraz,Louis Deletraz,1,1,1,28,28,26,26,1,0,0,0,98.9015,98.9015,97.543,99.3581,-0.0015,-10.2625,24.117,46.135,28.607,official_alkamel_time_cards_driver_stint,64c2452b244d1c2ecb1db01df0735b1a0f631db0d4e74397ed7fa3a89b845978
session_imsa_2025_daytona_rolex_24_race,imsa_2025_daytona_40_stint_002,car_imsa_2025_cadillac_wayne_taylor_racing_40,40,GTP,driver_louis_deletraz,Louis Deletraz,2,2,29,57,29,27,27,1,0,0,1,99.358,99.358,98.466,99.3973,0.289,-9.973,24.415,46.266,28.685,official_alkamel_time_cards_driver_stint,64c2452b244d1c2ecb1db01df0735b1a0f631db0d4e74397ed7fa3a89b845978
session_imsa_2025_daytona_rolex_24_race,imsa_2025_daytona_40_stint_003,car_imsa_2025_cadillac_wayne_taylor_racing_40,40,GTP,driver_jordan_taylor,Jordan Taylor,3,1,58,78,21,19,19,1,0,1,2,98.857,98.857,97.777,,-0.489,-10.843,23.995,46.075,28.748,official_alkamel_time_cards_driver_stint,64c2452b244d1c2ecb1db01df0735b1a0f631db0d4e74397ed7fa3a89b845978
session_imsa_2025_daytona_rolex_24_race,imsa_2025_daytona_40_stint_004,car_imsa_2025_cadillac_wayne_taylor_racing_40,40,GTP,driver_jordan_taylor,Jordan Taylor,4,2,79,110,32,30,30,1,0,2,3,99.5845,99.5845,98.569,99.7777,0.518,-9.689,24.4155,46.345,28.7785,official_alkamel_time_cards_driver_stint,64c2452b244d1c2ecb1db01df0735b1a0f631db0d4e74397ed7fa3a89b845978
session_imsa_2025_daytona_rolex_24_race,imsa_2025_daytona_40_stint_005,car_imsa_2025_cadillac_wayne_taylor_racing_40,40,GTP,driver_jordan_taylor,Jordan Taylor,5,3,111,138,28,26,26,1,0,3,4,98.8925,98.8925,97.442,98.835,-0.1215,-10.3655,24.004,46.174,28.5815,official_alkamel_time_cards_driver_stint,64c2452b244d1c2ecb1db01df0735b1a0f631db0d4e74397ed7fa3a89b845978
session_imsa_2025_daytona_rolex_24_race,imsa_2025_daytona_40_stint_006,car_imsa_2025_cadillac_wayne_taylor_racing_40,40,GTP,driver_kamui_kobayashi,Kamui Kobayashi,6,1,139,170,32,30,30,1,0,4,5,99.0645,99.0645,96.579,98.4276,-0.4245,-10.7545,24.2355,46.1865,28.612,official_alkamel_time_cards_driver_stint,64c2452b244d1c2ecb1db01df0735b1a0f631db0d4e74397ed7fa3a89b845978
session_imsa_2025_daytona_rolex_24_race,imsa_2025_daytona_40_stint_007,car_imsa_2025_cadillac_wayne_taylor_racing_40,40,GTP,driver_kamui_kobayashi,Kamui Kobayashi,7,2,171,190,20,18,18,1,0,5,5,99.6845,99.6845,98.719,,0.1355,-10.0975,24.2485,46.477,28.814,official_alkamel_time_cards_driver_stint,64c2452b244d1c2ecb1db01df0735b1a0f631db0d4e74397ed7fa3a89b845978
session_imsa_2025_daytona_rolex_24_race,imsa_2025_daytona_40_stint_008,car_imsa_2025_cadillac_wayne_taylor_racing_40,40,GTP,driver_kamui_kobayashi,Kamui Kobayashi,8,3,191,220,30,28,28,1,0,5,6,98.2145,98.2145,97.23,98.4442,-0.8495,-10.8295,23.9455,45.9185,28.425,official_alkamel_time_cards_driver_stint,64c2452b244d1c2ecb1db01df0735b1a0f631db0d4e74397ed7fa3a89b845978
session_imsa_2025_daytona_rolex_24_race,imsa_2025_daytona_40_stint_009,car_imsa_2025_cadillac_wayne_taylor_racing_40,40,GTP,driver_louis_deletraz,Louis Deletraz,9,3,221,240,20,18,18,1,0,6,7,100.1055,100.1055,98.466,,0.8185,-9.1615,24.7675,46.578,28.801,official_alkamel_time_cards_driver_stint,64c2452b244d1c2ecb1db01df0735b1a0f631db0d4e74397ed7fa3a89b845978
session_imsa_2025_daytona_rolex_24_race,imsa_2025_daytona_40_stint_010,car_imsa_2025_cadillac_wayne_taylor_racing_40,40,GTP,driver_louis_deletraz,Louis Deletraz,10,4,241,245,5,4,4,0,0,7,7,160.8415,160.8415,130.395,,0.7275,11.191,34.359,73.175,49.8315,official_alkamel_time_cards_driver_stint,64c2452b244d1c2ecb1db01df0735b1a0f631db0d4e74397ed7fa3a89b845978
session_imsa_2025_daytona_rolex_24_race,imsa_2025_daytona_31_stint_001,car_imsa_2025_cadillac_whelen_31,31,GTP,driver_jack_aitken,Jack Aitken,1,1,1,29,29,27,27,1,0,0,0,98.399,98.399,96.807,98.5166,-0.504,-10.765,24.099,45.895,28.32,official_alkamel_time_cards_driver_stint,64c2452b244d1c2ecb1db01df0735b1a0f631db0d4e74397ed7fa3a89b845978
session_imsa_2025_daytona_rolex_24_race,imsa_2025_daytona_31_stint_002,car_imsa_2025_cadillac_whelen_31,31,GTP,driver_jack_aitken,Jack Aitken,2,2,30,58,29,27,27,1,0,0,1,99.204,99.204,98.643,99.3869,0.08,-10.181,24.328,46.228,28.521,official_alkamel_time_cards_driver_stint,64c2452b244d1c2ecb1db01df0735b1a0f631db0d4e74397ed7fa3a89b845978
session_imsa_2025_daytona_rolex_24_race,imsa_2025_daytona_31_stint_003,car_imsa_2025_cadillac_whelen_31,31,GTP,driver_frederik_vesti,Frederik Vesti,3,1,59,78,20,18,18,1,0,1,2,99.5485,99.5485,97.016,,0.217,-10.1702,24.3195,46.4535,28.816,official_alkamel_time_cards_driver_stint,64c2452b244d1c2ecb1db01df0735b1a0f631db0d4e74397ed7fa3a89b845978
session_imsa_2025_daytona_rolex_24_race,imsa_2025_daytona_31_stint_004,car_imsa_2025_cadillac_whelen_31,31,GTP,driver_frederik_vesti,Frederik Vesti,4,2,79,109,31,29,29,1,0,2,3,99.603,99.603,98.169,99.4336,0.152,-10.1875,24.096,46.182,28.639,official_alkamel_time_cards_driver_stint,64c2452b244d1c2ecb1db01df0735b1a0f631db0d4e74397ed7fa3a89b845978
session_imsa_2025_daytona_rolex_24_race,imsa_2025_daytona_31_stint_005,car_imsa_2025_cadillac_whelen_31,31,GTP,driver_felipe_drugovich,Felipe Drugovich,5,1,110,137,28,26,26,1,0,3,4,99.07,99.07,96.498,98.7317,0.056,-10.151,24.0455,46.137,28.582,official_alkamel_time_cards_driver_stint,64c2452b244d1c2ecb1db01df0735b1a0f631db0d4e74397ed7fa3a89b845978
session_imsa_2025_daytona_rolex_24_race,imsa_2025_daytona_31_stint_006,car_imsa_2025_cadillac_whelen_31,31,GTP,driver_felipe_drugovich,Felipe Drugovich,6,2,138,170,33,31,31,1,0,4,5,99.043,99.043,97.753,98.8254,-0.386,-10.813,24.124,46.205,28.935,official_alkamel_time_cards_driver_stint,64c2452b244d1c2ecb1db01df0735b1a0f631db0d4e74397ed7fa3a89b845978
session_imsa_2025_daytona_rolex_24_race,imsa_2025_daytona_31_stint_007,car_imsa_2025_cadillac_whelen_31,31,GTP,driver_earl_bamber,Earl Bamber,7,1,171,190,20,18,18,1,0,5,5,98.6015,98.6015,96.914,,-0.9475,-11.1805,23.748,45.7285,28.714,official_alkamel_time_cards_driver_stint,64c2452b244d1c2ecb1db01df0735b1a0f631db0d4e74397ed7fa3a89b845978
session_imsa_2025_daytona_rolex_24_race,imsa_2025_daytona_31_stint_008,car_imsa_2025_cadillac_whelen_31,31,GTP,driver_earl_bamber,Earl Bamber,8,2,191,219,29,27,27,1,0,5,6,98.987,98.987,97.258,98.6146,-0.077,-10.057,24.003,45.894,28.632,official_alkamel_time_cards_driver_stint,64c2452b244d1c2ecb1db01df0735b1a0f631db0d4e74397ed7fa3a89b845978
session_imsa_2025_daytona_rolex_24_race,imsa_2025_daytona_31_stint_009,car_imsa_2025_cadillac_whelen_31,31,GTP,driver_jack_aitken,Jack Aitken,9,3,220,240,21,19,19,1,0,6,7,98.489,98.489,97.349,,-1.047,-11.027,24.176,45.773,28.494,official_alkamel_time_cards_driver_stint,64c2452b244d1c2ecb1db01df0735b1a0f631db0d4e74397ed7fa3a89b845978
session_imsa_2025_daytona_rolex_24_race,imsa_2025_daytona_31_stint_010,car_imsa_2025_cadillac_whelen_31,31,GTP,driver_jack_aitken,Jack Aitken,10,4,241,276,36,34,34,1,0,7,8,99.39,99.39,97.564,98.4521,-0.409,-10.092,24.4765,46.2025,28.575,official_alkamel_time_cards_driver_stint,64c2452b244d1c2ecb1db01df0735b1a0f631db0d4e74397ed7fa3a89b845978
session_imsa_2025_daytona_rolex_24_race,imsa_2025_daytona_31_stint_011,car_imsa_2025_cadillac_whelen_31,31,GTP,driver_jack_aitken,Jack Aitken,11,5,277,304,28,26,26,1,0,8,9,98.11,98.11,96.69,98.0867,-0.9565,-11.129,24.0115,45.669,28.3995,official_alkamel_time_cards_driver_stint,64c2452b244d1c2ecb1db01df0735b1a0f631db0d4e74397ed7fa3a89b845978
session_imsa_2025_daytona_rolex_24_race,imsa_2025_daytona_31_stint_012,car_imsa_2025_cadillac_whelen_31,31,GTP,driver_frederik_vesti,Frederik Vesti,12,3,305,331,27,25,25,1,0,9,11,99.361,99.361,97.574,130.4821,0.2405,-9.986,24.337,46.6,28.75,official_alkamel_time_cards_driver_stint,64c2452b244d1c2ecb1db01df0735b1a0f631db0d4e74397ed7fa3a89b845978
session_imsa_2025_daytona_rolex_24_race,imsa_2025_daytona_31_stint_013,car_imsa_2025_cadillac_whelen_31,31,GTP,driver_felipe_drugovich,Felipe Drugovich,13,3,332,343,12,10,10,1,0,11,12,109.5665,109.5665,97.248,,10.267,0.3115,26.0795,53.7095,30.3935,official_alkamel_time_cards_driver_stint,64c2452b244d1c2ecb1db01df0735b1a0f631db0d4e74397ed7fa3a89b845978
session_imsa_2025_daytona_rolex_24_race,imsa_2025_daytona_31_stint_014,car_imsa_2025_cadillac_whelen_31,31,GTP,driver_felipe_drugovich,Felipe Drugovich,14,4,344,373,30,28,28,1,0,12,13,98.8915,98.8915,96.59,98.2558,-0.476,-10.2045,23.9075,45.88,28.7635,official_alkamel_time_cards_driver_stint,64c2452b244d1c2ecb1db01df0735b1a0f631db0d4e74397ed7fa3a89b845978
session_imsa_2025_daytona_rolex_24_race,imsa_2025_daytona_31_stint_015,car_imsa_2025_cadillac_whelen_31,31,GTP,driver_felipe_drugovich,Felipe Drugovich,15,5,374,395,22,20,20,1,0,13,14,99.397,99.397,98.339,117.7903,0.224,-9.4295,24.193,46.1835,29.029,official_alkamel_time_cards_driver_stint,64c2452b244d1c2ecb1db01df0735b1a0f631db0d4e74397ed7fa3a89b845978
session_imsa_2025_daytona_rolex_24_race,imsa_2025_daytona_31_stint_016,car_imsa_2025_cadillac_whelen_31,31,GTP,driver_earl_bamber,Earl Bamber,16,3,396,425,30,28,28,1,0,14,14,98.368,98.368,97.722,98.4809,-0.121,-10.8675,24.0725,45.664,28.5635,official_alkamel_time_cards_driver_stint,64c2452b244d1c2ecb1db01df0735b1a0f631db0d4e74397ed7fa3a89b845978
session_imsa_2025_daytona_rolex_24_race,imsa_2025_daytona_31_stint_017,car_imsa_2025_cadillac_whelen_31,31,GTP,driver_earl_bamber,Earl Bamber,17,4,426,455,30,28,28,1,0,14,15,98.2775,98.2775,97.203,98.3411,-0.3955,-10.2425,23.9695,45.713,28.594,official_alkamel_time_cards_driver_stint,64c2452b244d1c2ecb1db01df0735b1a0f631db0d4e74397ed7fa3a89b845978
session_imsa_2025_daytona_rolex_24_race,imsa_2025_daytona_31_stint_018,car_imsa_2025_cadillac_whelen_31,31,GTP,driver_earl_bamber,Earl Bamber,18,5,456,484,29,27,27,1,0,15,16,98.658,98.658,97.726,98.4944,0.068,-9.82,24.086,45.769,28.613,official_alkamel_time_cards_driver_stint,64c2452b244d1c2ecb1db01df0735b1a0f631db0d4e74397ed7fa3a89b845978
session_imsa_2025_daytona_rolex_24_race,imsa_2025_daytona_31_stint_019,car_imsa_2025_cadillac_whelen_31,31,GTP,driver_jack_aitken,Jack Aitken,19,6,485,513,29,27,27,1,0,16,17,98.892,98.892,98.216,98.773,0.261,-9.482,24.36,45.957,28.449,official_alkamel_time_cards_driver_stint,64c2452b244d1c2ecb1db01df0735b1a0f631db0d4e74397ed7fa3a89b845978
session_imsa_2025_daytona_rolex_24_race,imsa_2025_daytona_31_stint_020,car_imsa_2025_cadillac_whelen_31,31,GTP,driver_jack_aitken,Jack Aitken,20,7,514,543,30,28,28,1,0,17,18,98.5235,98.5235,97.866,98.5144,-0.4995,-10.0575,24.267,45.7815,28.6955,official_alkamel_time_cards_driver_stint,64c2452b244d1c2ecb1db01df0735b1a0f631db0d4e74397ed7fa3a89b845978
session_imsa_2025_daytona_rolex_24_race,imsa_2025_daytona_31_stint_021,car_imsa_2025_cadillac_whelen_31,31,GTP,driver_frederik_vesti,Frederik Vesti,21,4,544,561,18,16,16,1,0,18,18,160.6885,160.6885,98.599,,58.7795,50.4935,33.0455,76.104,51.518,official_alkamel_time_cards_driver_stint,64c2452b244d1c2ecb1db01df0735b1a0f631db0d4e74397ed7fa3a89b845978
session_imsa_2025_daytona_rolex_24_race,imsa_2025_daytona_31_stint_022,car_imsa_2025_cadillac_whelen_31,31,GTP,driver_frederik_vesti,Frederik Vesti,22,5,562,591,30,28,28,1,0,19,19,98.7775,98.7775,96.764,98.4254,0.4655,-9.463,24.1665,46.027,28.335,official_alkamel_time_cards_driver_stint,64c2452b244d1c2ecb1db01df0735b1a0f631db0d4e74397ed7fa3a89b845978
session_imsa_2025_daytona_rolex_24_race,imsa_2025_daytona_31_stint_023,car_imsa_2025_cadillac_whelen_31,31,GTP,driver_frederik_vesti,Frederik Vesti,23,6,592,620,29,27,27,1,0,19,20,99.794,99.794,98.965,99.6402,1.178,-8.822,24.474,46.655,28.445,official_alkamel_time_cards_driver_stint,64c2452b244d1c2ecb1db01df0735b1a0f631db0d4e74397ed7fa3a89b845978
session_imsa_2025_daytona_rolex_24_race,imsa_2025_daytona_31_stint_024,car_imsa_2025_cadillac_whelen_31,31,GTP,driver_felipe_drugovich,Felipe Drugovich,24,6,621,650,30,28,28,1,0,20,21,99.1045,99.1045,97.657,98.9717,0.5335,-9.7005,24.0985,46.244,28.642,official_alkamel_time_cards_driver_stint,64c2452b244d1c2ecb1db01df0735b1a0f631db0d4e74397ed7fa3a89b845978
session_imsa_2025_daytona_rolex_24_race,imsa_2025_daytona_31_stint_025,car_imsa_2025_cadillac_whelen_31,31,GTP,driver_felipe_drugovich,Felipe Drugovich,25,7,651,684,34,32,32,1,0,21,22,98.898,98.898,97.032,115.7354,0.3715,-10.1187,24.211,46.043,28.486,official_alkamel_time_cards_driver_stint,64c2452b244d1c2ecb1db01df0735b1a0f631db0d4e74397ed7fa3a89b845978
session_imsa_2025_daytona_rolex_24_race,imsa_2025_daytona_31_stint_026,car_imsa_2025_cadillac_whelen_31,31,GTP,driver_earl_bamber,Earl Bamber,26,6,685,706,22,20,20,1,0,22,23,99.4365,99.4365,98.02,119.2812,0.9545,-9.772,24.499,46.3135,28.7615,official_alkamel_time_cards_driver_stint,64c2452b244d1c2ecb1db01df0735b1a0f631db0d4e74397ed7fa3a89b845978
session_imsa_2025_daytona_rolex_24_race,imsa_2025_daytona_31_stint_027,car_imsa_2025_cadillac_whelen_31,31,GTP,driver_earl_bamber,Earl Bamber,27,7,707,731,25,24,24,0,0,23,24,98.0125,98.0125,97.284,98.2345,-0.2295,-10.8745,23.912,45.688,28.3075,official_alkamel_time_cards_driver_stint,64c2452b244d1c2ecb1db01df0735b1a0f631db0d4e74397ed7fa3a89b845978
session_imsa_2025_daytona_rolex_24_race,imsa_2025_daytona_47_stint_001,car_imsa_2025_cetilar_racing_47,47,GTD,driver_roberto_lacorte,Roberto Lacorte,1,1,1,29,29,27,27,1,0,0,0,111.452,111.452,110.654,111.4556,1.1855,2.288,26.183,51.782,33.433,official_alkamel_time_cards_driver_stint,64c2452b244d1c2ecb1db01df0735b1a0f631db0d4e74397ed7fa3a89b845978
session_imsa_2025_daytona_rolex_24_race,imsa_2025_daytona_47_stint_002,car_imsa_2025_cetilar_racing_47,47,GTD,driver_roberto_lacorte,Roberto Lacorte,2,2,30,59,30,28,28,1,0,0,1,112.0255,112.0255,111.264,111.9918,1.5595,2.4595,26.327,51.957,33.6525,official_alkamel_time_cards_driver_stint,64c2452b244d1c2ecb1db01df0735b1a0f631db0d4e74397ed7fa3a89b845978
session_imsa_2025_daytona_rolex_24_race,imsa_2025_daytona_47_stint_003,car_imsa_2025_cetilar_racing_47,47,GTD,driver_nicola_lacorte,Nicola Lacorte,3,1,60,73,14,12,12,1,0,1,2,110.1885,110.1885,108.586,,-0.5455,0.4697,25.987,51.033,33.4925,official_alkamel_time_cards_driver_stint,64c2452b244d1c2ecb1db01df0735b1a0f631db0d4e74397ed7fa3a89b845978
session_imsa_2025_daytona_rolex_24_race,imsa_2025_daytona_47_stint_004,car_imsa_2025_cetilar_racing_47,47,GTD,driver_nicola_lacorte,Nicola Lacorte,4,2,74,103,30,28,28,1,0,2,3,110.433,110.433,109.456,110.2967,-0.04,0.9267,25.98,51.579,32.8815,official_alkamel_time_cards_driver_stint,64c2452b244d1c2ecb1db01df0735b1a0f631db0d4e74397ed7fa3a89b845978
session_imsa_2025_daytona_rolex_24_race,imsa_2025_daytona_47_stint_005,car_imsa_2025_cetilar_racing_47,47,GTD,driver_nicola_lacorte,Nicola Lacorte,5,3,104,131,28,26,26,1,0,3,4,109.9515,109.9515,109.374,109.9831,-0.067,0.701,25.7445,51.298,32.906,official_alkamel_time_cards_driver_stint,64c2452b244d1c2ecb1db01df0735b1a0f631db0d4e74397ed7fa3a89b845978
session_imsa_2025_daytona_rolex_24_race,imsa_2025_daytona_47_stint_006,car_imsa_2025_cetilar_racing_47,47,GTD,driver_roberto_lacorte,Roberto Lacorte,6,3,132,162,31,29,29,1,0,4,5,111.354,111.354,109.885,111.1997,0.832,1.572,26.297,51.753,33.277,official_alkamel_time_cards_driver_stint,64c2452b244d1c2ecb1db01df0735b1a0f631db0d4e74397ed7fa3a89b845978
session_imsa_2025_daytona_rolex_24_race,imsa_2025_daytona_47_stint_007,car_imsa_2025_cetilar_racing_47,47,GTD,driver_roberto_lacorte,Roberto Lacorte,7,4,163,175,13,11,11,1,0,5,5,111.947,111.947,111.0,,1.425,2.165,26.188,51.92,33.88,official_alkamel_time_cards_driver_stint,64c2452b244d1c2ecb1db01df0735b1a0f631db0d4e74397ed7fa3a89b845978
session_imsa_2025_daytona_rolex_24_race,imsa_2025_daytona_47_stint_008,car_imsa_2025_cetilar_racing_47,47,GTD,driver_roberto_lacorte,Roberto Lacorte,8,5,176,206,31,29,29,1,0,5,6,111.538,111.538,110.755,111.6102,1.236,2.451,26.213,51.833,33.432,official_alkamel_time_cards_driver_stint,64c2452b244d1c2ecb1db01df0735b1a0f631db0d4e74397ed7fa3a89b845978
session_imsa_2025_daytona_rolex_24_race,imsa_2025_daytona_47_stint_009,car_imsa_2025_cetilar_racing_47,47,GTD,driver_lorenzo_patrese,Lorenzo Patrese,9,1,207,221,15,13,13,1,0,6,7,111.729,111.729,108.873,,-27.672,-21.7785,25.698,51.548,33.005,official_alkamel_time_cards_driver_stint,64c2452b244d1c2ecb1db01df0735b1a0f631db0d4e74397ed7fa3a89b845978
session_imsa_2025_daytona_rolex_24_race,imsa_2025_daytona_47_stint_010,car_imsa_2025_cetilar_racing_47,47,GTD,driver_lorenzo_patrese,Lorenzo Patrese,10,2,222,254,33,31,31,1,0,7,8,110.592,110.592,108.689,109.8892,-0.0255,0.848,26.259,51.45,33.018,official_alkamel_time_cards_driver_stint,64c2452b244d1c2ecb1db01df0735b1a0f631db0d4e74397ed7fa3a89b845978
session_imsa_2025_daytona_rolex_24_race,imsa_2025_daytona_47_stint_011,car_imsa_2025_cetilar_racing_47,47,GTD,driver_lorenzo_patrese,Lorenzo Patrese,11,3,255,283,29,27,27,1,0,8,9,109.768,109.768,109.234,109.7382,-0.3925,0.363,25.757,51.047,32.86,official_alkamel_time_cards_driver_stint,64c2452b244d1c2ecb1db01df0735b1a0f631db0d4e74397ed7fa3a89b845978
session_imsa_2025_daytona_rolex_24_race,imsa_2025_daytona_47_stint_012,car_imsa_2025_cetilar_racing_47,47,GTD,driver_antonio_fuoco,Antonio Fuoco,12,1,284,307,24,22,22,1,0,9,10,110.899,110.899,108.364,136.0445,0.6385,1.4573,26.084,51.595,33.2995,official_alkamel_time_cards_driver_stint,64c2452b244d1c2ecb1db01df0735b1a0f631db0d4e74397ed7fa3a89b845978
session_imsa_2025_daytona_rolex_24_race,imsa_2025_daytona_47_stint_013,car_imsa_2025_cetilar_racing_47,47,GTD,driver_antonio_fuoco,Antonio Fuoco,13,2,308,330,23,21,21,1,0,10,11,109.284,109.284,108.619,115.0127,-0.6825,0.1975,25.629,50.913,32.643,official_alkamel_time_cards_driver_stint,64c2452b244d1c2ecb1db01df0735b1a0f631db0d4e74397ed7fa3a89b845978
session_imsa_2025_daytona_rolex_24_race,imsa_2025_daytona_47_stint_014,car_imsa_2025_cetilar_racing_47,47,GTD,driver_roberto_lacorte,Roberto Lacorte,14,6,331,334,4,2,2,1,0,11,11,114.6495,114.6495,112.893,,4.9765,5.811,27.4065,53.1575,34.0855,official_alkamel_time_cards_driver_stint,64c2452b244d1c2ecb1db01df0735b1a0f631db0d4e74397ed7fa3a89b845978
session_imsa_2025_daytona_rolex_24_race,imsa_2025_daytona_47_stint_015,car_imsa_2025_cetilar_racing_47,47,GTD,driver_roberto_lacorte,Roberto Lacorte,15,7,335,336,2,1,1,0,0,12,12,188.646,188.646,188.646,,78.5055,78.9745,29.016,85.239,74.391,official_alkamel_time_cards_driver_stint,64c2452b244d1c2ecb1db01df0735b1a0f631db0d4e74397ed7fa3a89b845978
session_imsa_2025_daytona_rolex_24_race,imsa_2025_daytona_34_stint_001,car_imsa_2025_conquest_racing_34,34,GTD,driver_daniel_serra,Daniel Serra,1,1,1,30,30,28,28,1,0,0,0,109.4565,109.4565,108.841,109.5033,-0.81,0.2925,25.848,51.029,32.5425,official_alkamel_time_cards_driver_stint,64c2452b244d1c2ecb1db01df0735b1a0f631db0d4e74397ed7fa3a89b845978
session_imsa_2025_daytona_rolex_24_race,imsa_2025_daytona_34_stint_002,car_imsa_2025_conquest_racing_34,34,GTD,driver_manny_franco,Manny Franco,2,1,31,59,29,27,27,1,0,0,1,110.244,110.244,109.215,110.1172,-0.222,0.678,25.834,51.369,32.952,official_alkamel_time_cards_driver_stint,64c2452b244d1c2ecb1db01df0735b1a0f631db0d4e74397ed7fa3a89b845978
session_imsa_2025_daytona_rolex_24_race,imsa_2025_daytona_34_stint_003,car_imsa_2025_conquest_racing_34,34,GTD,driver_manny_franco,Manny Franco,3,2,60,72,13,11,11,1,0,1,2,110.717,110.717,109.516,,-0.269,0.8455,25.927,51.267,33.267,official_alkamel_time_cards_driver_stint,64c2452b244d1c2ecb1db01df0735b1a0f631db0d4e74397ed7fa3a89b845978
session_imsa_2025_daytona_rolex_24_race,imsa_2025_daytona_34_stint_004,car_imsa_2025_conquest_racing_34,34,GTD,driver_manny_franco,Manny Franco,4,3,73,103,31,29,29,1,0,2,3,110.716,110.716,109.984,110.5019,0.489,1.257,26.042,51.629,33.03,official_alkamel_time_cards_driver_stint,64c2452b244d1c2ecb1db01df0735b1a0f631db0d4e74397ed7fa3a89b845978
session_imsa_2025_daytona_rolex_24_race,imsa_2025_daytona_34_stint_005,car_imsa_2025_conquest_racing_34,34,GTD,driver_giacomo_alto,Giacomo Altoè,5,1,104,131,28,26,26,1,0,3,4,109.7595,109.7595,109.002,109.6579,-0.3293,0.4865,25.723,51.303,32.7685,official_alkamel_time_cards_driver_stint,64c2452b244d1c2ecb1db01df0735b1a0f631db0d4e74397ed7fa3a89b845978
session_imsa_2025_daytona_rolex_24_race,imsa_2025_daytona_34_stint_006,car_imsa_2025_conquest_racing_34,34,GTD,driver_cedric_sbirrazzuoli,Cedric Sbirrazzuoli,6,1,132,162,31,29,29,1,0,4,5,110.101,110.101,109.129,110.1902,-0.535,0.245,25.964,51.237,32.942,official_alkamel_time_cards_driver_stint,64c2452b244d1c2ecb1db01df0735b1a0f631db0d4e74397ed7fa3a89b845978
session_imsa_2025_daytona_rolex_24_race,imsa_2025_daytona_34_stint_007,car_imsa_2025_conquest_racing_34,34,GTD,driver_cedric_sbirrazzuoli,Cedric Sbirrazzuoli,7,2,163,175,13,11,11,1,0,5,5,110.009,110.009,109.547,,-0.513,0.227,25.955,51.319,32.991,official_alkamel_time_cards_driver_stint,64c2452b244d1c2ecb1db01df0735b1a0f631db0d4e74397ed7fa3a89b845978
session_imsa_2025_daytona_rolex_24_race,imsa_2025_daytona_34_stint_008,car_imsa_2025_conquest_racing_34,34,GTD,driver_cedric_sbirrazzuoli,Cedric Sbirrazzuoli,8,3,176,206,31,29,29,1,0,5,6,110.012,110.012,109.213,109.9301,-0.297,0.918,25.898,51.192,32.804,official_alkamel_time_cards_driver_stint,64c2452b244d1c2ecb1db01df0735b1a0f631db0d4e74397ed7fa3a89b845978
session_imsa_2025_daytona_rolex_24_race,imsa_2025_daytona_34_stint_009,car_imsa_2025_conquest_racing_34,34,GTD,driver_daniel_serra,Daniel Serra,9,2,207,221,15,13,13,1,0,6,7,108.607,108.607,108.235,,-2.006,-0.791,25.292,50.777,32.613,official_alkamel_time_cards_driver_stint,64c2452b244d1c2ecb1db01df0735b1a0f631db0d4e74397ed7fa3a89b845978
session_imsa_2025_daytona_rolex_24_race,imsa_2025_daytona_34_stint_010,car_imsa_2025_conquest_racing_34,34,GTD,driver_manny_franco,Manny Franco,10,4,222,255,34,32,32,1,0,7,8,111.8175,111.8175,109.904,111.0723,1.5558,2.5135,26.4175,52.1165,33.2595,official_alkamel_time_cards_driver_stint,64c2452b244d1c2ecb1db01df0735b1a0f631db0d4e74397ed7fa3a89b845978
session_imsa_2025_daytona_rolex_24_race,imsa_2025_daytona_34_stint_011,car_imsa_2025_conquest_racing_34,34,GTD,driver_giacomo_alto,Giacomo Altoè,11,2,256,284,29,27,27,1,0,8,9,109.499,109.499,108.454,109.3705,-0.6535,0.005,25.594,51.066,32.769,official_alkamel_time_cards_driver_stint,64c2452b244d1c2ecb1db01df0735b1a0f631db0d4e74397ed7fa3a89b845978
session_imsa_2025_daytona_rolex_24_race,imsa_2025_daytona_34_stint_012,car_imsa_2025_conquest_racing_34,34,GTD,driver_giacomo_alto,Giacomo Altoè,12,3,285,307,23,21,21,1,0,9,10,113.595,113.595,108.262,136.0978,3.2515,3.905,26.571,51.801,35.223,official_alkamel_time_cards_driver_stint,64c2452b244d1c2ecb1db01df0735b1a0f631db0d4e74397ed7fa3a89b845978
session_imsa_2025_daytona_rolex_24_race,imsa_2025_daytona_34_stint_013,car_imsa_2025_conquest_racing_34,34,GTD,driver_cedric_sbirrazzuoli,Cedric Sbirrazzuoli,13,4,308,332,25,23,23,1,0,10,11,109.9,109.9,108.665,109.8624,-0.1405,0.8155,25.792,51.177,32.98,official_alkamel_time_cards_driver_stint,64c2452b244d1c2ecb1db01df0735b1a0f631db0d4e74397ed7fa3a89b845978
session_imsa_2025_daytona_rolex_24_race,imsa_2025_daytona_34_stint_014,car_imsa_2025_conquest_racing_34,34,GTD,driver_cedric_sbirrazzuoli,Cedric Sbirrazzuoli,14,5,333,336,4,2,2,1,0,11,11,116.4635,116.4635,112.55,,6.7905,7.625,26.5365,51.7085,38.2185,official_alkamel_time_cards_driver_stint,64c2452b244d1c2ecb1db01df0735b1a0f631db0d4e74397ed7fa3a89b845978
session_imsa_2025_daytona_rolex_24_race,imsa_2025_daytona_34_stint_015,car_imsa_2025_conquest_racing_34,34,GTD,driver_cedric_sbirrazzuoli,Cedric Sbirrazzuoli,15,6,337,337,1,0,0,1,0,11,11,,,,,,,,,,official_alkamel_time_cards_driver_stint,64c2452b244d1c2ecb1db01df0735b1a0f631db0d4e74397ed7fa3a89b845978
session_imsa_2025_daytona_rolex_24_race,imsa_2025_daytona_34_stint_016,car_imsa_2025_conquest_racing_34,34,GTD,driver_cedric_sbirrazzuoli,Cedric Sbirrazzuoli,16,7,338,369,32,30,30,1,0,11,13,109.8785,109.8785,108.502,132.3436,-0.0282,0.6015,25.721,51.1325,32.9475,official_alkamel_time_cards_driver_stint,64c2452b244d1c2ecb1db01df0735b1a0f631db0d4e74397ed7fa3a89b845978
session_imsa_2025_daytona_rolex_24_race,imsa_2025_daytona_34_stint_017,car_imsa_2025_conquest_racing_34,34,GTD,driver_daniel_serra,Daniel Serra,17,3,370,398,29,27,27,1,0,13,14,109.125,109.125,107.955,108.9861,-0.515,0.2985,25.551,50.825,32.697,official_alkamel_time_cards_driver_stint,64c2452b244d1c2ecb1db01df0735b1a0f631db0d4e74397ed7fa3a89b845978
session_imsa_2025_daytona_rolex_24_race,imsa_2025_daytona_34_stint_018,car_imsa_2025_conquest_racing_34,34,GTD,driver_daniel_serra,Daniel Serra,18,4,399,428,30,28,28,1,0,14,14,109.341,109.341,108.603,109.2887,-0.477,0.1055,25.7975,50.928,32.572,official_alkamel_time_cards_driver_stint,64c2452b244d1c2ecb1db01df0735b1a0f631db0d4e74397ed7fa3a89b845978
session_imsa_2025_daytona_rolex_24_race,imsa_2025_daytona_34_stint_019,car_imsa_2025_conquest_racing_34,34,GTD,driver_manny_franco,Manny Franco,19,5,429,432,4,2,2,1,0,15,15,111.707,111.707,110.22,,2.239,3.187,26.698,51.5405,33.4685,official_alkamel_time_cards_driver_stint,64c2452b244d1c2ecb1db01df0735b1a0f631db0d4e74397ed7fa3a89b845978
session_imsa_2025_daytona_rolex_24_race,imsa_2025_daytona_34_stint_020,car_imsa_2025_conquest_racing_34,34,GTD,driver_manny_franco,Manny Franco,20,6,433,433,1,0,0,1,0,16,16,,,,,,,,,,official_alkamel_time_cards_driver_stint,64c2452b244d1c2ecb1db01df0735b1a0f631db0d4e74397ed7fa3a89b845978
session_imsa_2025_daytona_rolex_24_race,imsa_2025_daytona_34_stint_021,car_imsa_2025_conquest_racing_34,34,GTD,driver_manny_franco,Manny Franco,21,7,434,434,1,0,0,1,0,16,16,,,,,,,,,,official_alkamel_time_cards_driver_stint,64c2452b244d1c2ecb1db01df0735b1a0f631db0d4e74397ed7fa3a89b845978
session_imsa_2025_daytona_rolex_24_race,imsa_2025_daytona_34_stint_022,car_imsa_2025_conquest_racing_34,34,GTD,driver_manny_franco,Manny Franco,22,8,435,435,1,0,0,1,0,16,16,,,,,,,,,,official_alkamel_time_cards_driver_stint,64c2452b244d1c2ecb1db01df0735b1a0f631db0d4e74397ed7fa3a89b845978
session_imsa_2025_daytona_rolex_24_race,imsa_2025_daytona_34_stint_023,car_imsa_2025_conquest_racing_34,34,GTD,driver_manny_franco,Manny Franco,23,9,436,459,24,22,22,1,0,16,17,109.769,109.769,108.967,109.8208,0.521,1.291,25.6285,51.142,32.929,official_alkamel_time_cards_driver_stint,64c2452b244d1c2ecb1db01df0735b1a0f631db0d4e74397ed7fa3a89b845978
session_imsa_2025_daytona_rolex_24_race,imsa_2025_daytona_34_stint_024,car_imsa_2025_conquest_racing_34,34,GTD,driver_giacomo_alto,Giacomo Altoè,24,4,460,488,29,27,27,1,0,17,17,108.953,108.953,107.983,108.6888,-0.305,0.687,25.463,50.726,32.702,official_alkamel_time_cards_driver_stint,64c2452b244d1c2ecb1db01df0735b1a0f631db0d4e74397ed7fa3a89b845978
session_imsa_2025_daytona_rolex_24_race,imsa_2025_daytona_34_stint_025,car_imsa_2025_conquest_racing_34,34,GTD,driver_giacomo_alto,Giacomo Altoè,25,5,489,507,19,17,17,1,0,17,18,109.164,109.164,107.906,,-1.559,-1.031,25.463,50.956,32.744,official_alkamel_time_cards_driver_stint,64c2452b244d1c2ecb1db01df0735b1a0f631db0d4e74397ed7fa3a89b845978
session_imsa_2025_daytona_rolex_24_race,imsa_2025_daytona_34_stint_026,car_imsa_2025_conquest_racing_34,34,GTD,driver_giacomo_alto,Giacomo Altoè,26,6,508,538,31,29,29,1,0,18,19,109.792,109.792,109.038,109.6348,0.396,1.3675,25.888,51.207,32.673,official_alkamel_time_cards_driver_stint,64c2452b244d1c2ecb1db01df0735b1a0f631db0d4e74397ed7fa3a89b845978
session_imsa_2025_daytona_rolex_24_race,imsa_2025_daytona_34_stint_027,car_imsa_2025_conquest_racing_34,34,GTD,driver_cedric_sbirrazzuoli,Cedric Sbirrazzuoli,27,8,539,567,29,27,27,1,0,19,20,109.837,109.837,108.495,109.4988,0.3295,1.221,25.908,51.154,32.662,official_alkamel_time_cards_driver_stint,64c2452b244d1c2ecb1db01df0735b1a0f631db0d4e74397ed7fa3a89b845978
session_imsa_2025_daytona_rolex_24_race,imsa_2025_daytona_34_stint_028,car_imsa_2025_conquest_racing_34,34,GTD,driver_daniel_serra,Daniel Serra,28,5,568,596,29,27,27,1,0,20,21,109.53,109.53,108.579,109.3821,-0.0505,0.758,25.761,51.265,32.457,official_alkamel_time_cards_driver_stint,64c2452b244d1c2ecb1db01df0735b1a0f631db0d4e74397ed7fa3a89b845978
session_imsa_2025_daytona_rolex_24_race,imsa_2025_daytona_34_stint_029,car_imsa_2025_conquest_racing_34,34,GTD,driver_daniel_serra,Daniel Serra,29,6,597,598,2,0,0,1,0,21,21,,,,,,,,,,official_alkamel_time_cards_driver_stint,64c2452b244d1c2ecb1db01df0735b1a0f631db0d4e74397ed7fa3a89b845978
session_imsa_2025_daytona_rolex_24_race,imsa_2025_daytona_34_stint_030,car_imsa_2025_conquest_racing_34,34,GTD,driver_daniel_serra,Daniel Serra,30,7,599,624,26,24,24,1,0,21,22,109.6905,109.6905,108.619,125.6213,0.0207,0.6475,25.989,51.157,32.6905,official_alkamel_time_cards_driver_stint,64c2452b244d1c2ecb1db01df0735b1a0f631db0d4e74397ed7fa3a89b845978
session_imsa_2025_daytona_rolex_24_race,imsa_2025_daytona_34_stint_031,car_imsa_2025_conquest_racing_34,34,GTD,driver_giacomo_alto,Giacomo Altoè,31,7,625,651,27,25,25,1,0,22,23,109.461,109.461,108.79,113.7696,-0.277,0.2525,25.69,51.093,32.628,official_alkamel_time_cards_driver_stint,64c2452b244d1c2ecb1db01df0735b1a0f631db0d4e74397ed7fa3a89b845978
session_imsa_2025_daytona_rolex_24_race,imsa_2025_daytona_34_stint_032,car_imsa_2025_conquest_racing_34,34,GTD,driver_giacomo_alto,Giacomo Altoè,32,8,652,673,22,21,21,0,0,23,24,109.286,109.286,108.333,109.4467,-0.3185,0.399,25.626,50.984,32.573,official_alkamel_time_cards_driver_stint,64c2452b244d1c2ecb1db01df0735b1a0f631db0d4e74397ed7fa3a89b845978
session_imsa_2025_daytona_rolex_24_race,imsa_2025_daytona_3_stint_001,car_imsa_2025_corvette_racing_by_pratt_miller_motorsports_3,3,GTDPRO,driver_alexander_sims,Alexander Sims,1,1,1,31,31,29,29,1,0,0,0,109.267,109.267,108.445,109.218,-0.266,0.103,25.887,50.966,32.454,official_alkamel_time_cards_driver_stint,64c2452b244d1c2ecb1db01df0735b1a0f631db0d4e74397ed7fa3a89b845978
session_imsa_2025_daytona_rolex_24_race,imsa_2025_daytona_3_stint_002,car_imsa_2025_corvette_racing_by_pratt_miller_motorsports_3,3,GTDPRO,driver_alexander_sims,Alexander Sims,2,2,32,61,30,28,28,1,0,0,1,109.756,109.756,109.041,109.7263,-0.125,0.19,25.8735,51.157,32.591,official_alkamel_time_cards_driver_stint,64c2452b244d1c2ecb1db01df0735b1a0f631db0d4e74397ed7fa3a89b845978
session_imsa_2025_daytona_rolex_24_race,imsa_2025_daytona_3_stint_003,car_imsa_2025_corvette_racing_by_pratt_miller_motorsports_3,3,GTDPRO,driver_antonio_garcia,Antonio Garcia,3,1,62,72,11,9,9,1,0,1,2,109.79,109.79,108.907,,-0.091,0.0405,25.574,51.1,32.899,official_alkamel_time_cards_driver_stint,64c2452b244d1c2ecb1db01df0735b1a0f631db0d4e74397ed7fa3a89b845978
session_imsa_2025_daytona_rolex_24_race,imsa_2025_daytona_3_stint_004,car_imsa_2025_corvette_racing_by_pratt_miller_motorsports_3,3,GTDPRO,driver_antonio_garcia,Antonio Garcia,4,2,73,104,32,30,30,1,0,2,3,109.504,109.504,108.724,109.4755,-0.251,-0.0018,25.736,51.053,32.6575,official_alkamel_time_cards_driver_stint,64c2452b244d1c2ecb1db01df0735b1a0f631db0d4e74397ed7fa3a89b845978
session_imsa_2025_daytona_rolex_24_race,imsa_2025_daytona_3_stint_005,car_imsa_2025_corvette_racing_by_pratt_miller_motorsports_3,3,GTDPRO,driver_antonio_garcia,Antonio Garcia,5,3,105,131,27,25,25,1,0,3,4,109.504,109.504,108.865,109.4273,-0.149,0.158,25.757,51.057,32.721,official_alkamel_time_cards_driver_stint,64c2452b244d1c2ecb1db01df0735b1a0f631db0d4e74397ed7fa3a89b845978
session_imsa_2025_daytona_rolex_24_race,imsa_2025_daytona_3_stint_006,car_imsa_2025_corvette_racing_by_pratt_miller_motorsports_3,3,GTDPRO,driver_daniel_juncadella,Daniel Juncadella,6,1,132,163,32,30,30,1,0,4,5,109.351,109.351,108.34,109.095,-0.454,-0.5035,25.5625,50.9705,32.733,official_alkamel_time_cards_driver_stint,64c2452b244d1c2ecb1db01df0735b1a0f631db0d4e74397ed7fa3a89b845978
session_imsa_2025_daytona_rolex_24_race,imsa_2025_daytona_3_stint_007,car_imsa_2025_corvette_racing_by_pratt_miller_motorsports_3,3,GTDPRO,driver_daniel_juncadella,Daniel Juncadella,7,2,164,176,13,11,11,1,0,5,5,109.393,109.393,108.663,,-0.481,-0.389,25.549,51.068,32.732,official_alkamel_time_cards_driver_stint,64c2452b244d1c2ecb1db01df0735b1a0f631db0d4e74397ed7fa3a89b845978
session_imsa_2025_daytona_rolex_24_race,imsa_2025_daytona_3_stint_008,car_imsa_2025_corvette_racing_by_pratt_miller_motorsports_3,3,GTDPRO,driver_daniel_juncadella,Daniel Juncadella,8,3,177,208,32,30,30,1,0,5,6,109.7755,109.7755,109.111,109.694,0.212,0.709,25.8135,51.2225,32.7525,official_alkamel_time_cards_driver_stint,64c2452b244d1c2ecb1db01df0735b1a0f631db0d4e74397ed7fa3a89b845978
session_imsa_2025_daytona_rolex_24_race,imsa_2025_daytona_3_stint_009,car_imsa_2025_corvette_racing_by_pratt_miller_motorsports_3,3,GTDPRO,driver_alexander_sims,Alexander Sims,9,3,209,223,15,13,13,1,0,6,7,109.435,109.435,108.432,,-21.92,-27.7785,25.641,51.027,32.842,official_alkamel_time_cards_driver_stint,64c2452b244d1c2ecb1db01df0735b1a0f631db0d4e74397ed7fa3a89b845978
session_imsa_2025_daytona_rolex_24_race,imsa_2025_daytona_3_stint_010,car_imsa_2025_corvette_racing_by_pratt_miller_motorsports_3,3,GTDPRO,driver_alexander_sims,Alexander Sims,10,4,224,258,35,33,33,1,0,7,8,109.322,109.322,108.487,109.1358,-0.008,0.201,25.887,50.991,32.668,official_alkamel_time_cards_driver_stint,64c2452b244d1c2ecb1db01df0735b1a0f631db0d4e74397ed7fa3a89b845978
session_imsa_2025_daytona_rolex_24_race,imsa_2025_daytona_3_stint_011,car_imsa_2025_corvette_racing_by_pratt_miller_motorsports_3,3,GTDPRO,driver_alexander_sims,Alexander Sims,11,5,259,288,30,28,28,1,0,8,9,109.414,109.414,108.795,109.359,-0.1525,-0.0075,25.6765,51.01,32.687,official_alkamel_time_cards_driver_stint,64c2452b244d1c2ecb1db01df0735b1a0f631db0d4e74397ed7fa3a89b845978
session_imsa_2025_daytona_rolex_24_race,imsa_2025_daytona_3_stint_012,car_imsa_2025_corvette_racing_by_pratt_miller_motorsports_3,3,GTDPRO,driver_antonio_garcia,Antonio Garcia,12,4,289,293,5,3,3,1,0,9,9,133.475,133.475,124.922,,23.738,23.785,28.967,59.934,47.356,official_alkamel_time_cards_driver_stint,64c2452b244d1c2ecb1db01df0735b1a0f631db0d4e74397ed7fa3a89b845978
session_imsa_2025_daytona_rolex_24_race,imsa_2025_daytona_3_stint_013,car_imsa_2025_corvette_racing_by_pratt_miller_motorsports_3,3,GTDPRO,driver_antonio_garcia,Antonio Garcia,13,5,294,312,19,17,17,1,0,9,10,109.003,109.003,108.22,,-0.267,-0.1905,25.526,50.819,32.729,official_alkamel_time_cards_driver_stint,64c2452b244d1c2ecb1db01df0735b1a0f631db0d4e74397ed7fa3a89b845978
session_imsa_2025_daytona_rolex_24_race,imsa_2025_daytona_3_stint_014,car_imsa_2025_corvette_racing_by_pratt_miller_motorsports_3,3,GTDPRO,driver_antonio_garcia,Antonio Garcia,14,6,313,315,3,1,1,1,0,10,10,120.64,120.64,120.64,,11.37,11.4465,29.431,57.536,33.673,official_alkamel_time_cards_driver_stint,64c2452b244d1c2ecb1db01df0735b1a0f631db0d4e74397ed7fa3a89b845978
session_imsa_2025_daytona_rolex_24_race,imsa_2025_daytona_3_stint_015,car_imsa_2025_corvette_racing_by_pratt_miller_motorsports_3,3,GTDPRO,driver_antonio_garcia,Antonio Garcia,15,7,316,342,27,25,25,1,0,10,11,108.835,108.835,108.158,108.8149,-0.425,-0.0125,25.501,50.751,32.642,official_alkamel_time_cards_driver_stint,64c2452b244d1c2ecb1db01df0735b1a0f631db0d4e74397ed7fa3a89b845978
session_imsa_2025_daytona_rolex_24_race,imsa_2025_daytona_3_stint_016,car_imsa_2025_corvette_racing_by_pratt_miller_motorsports_3,3,GTDPRO,driver_antonio_garcia,Antonio Garcia,16,8,343,366,24,22,22,1,0,11,12,108.7925,108.7925,107.824,112.3042,-0.7935,-0.409,25.515,50.6395,32.5745,official_alkamel_time_cards_driver_stint,64c2452b244d1c2ecb1db01df0735b1a0f631db0d4e74397ed7fa3a89b845978
session_imsa_2025_daytona_rolex_24_race,imsa_2025_daytona_3_stint_017,car_imsa_2025_corvette_racing_by_pratt_miller_motorsports_3,3,GTDPRO,driver_daniel_juncadella,Daniel Juncadella,17,4,367,399,33,31,31,1,0,12,13,108.847,108.847,108.15,108.6173,-0.413,-0.2285,25.692,50.615,32.51,official_alkamel_time_cards_driver_stint,64c2452b244d1c2ecb1db01df0735b1a0f631db0d4e74397ed7fa3a89b845978
session_imsa_2025_daytona_rolex_24_race,imsa_2025_daytona_3_stint_018,car_imsa_2025_corvette_racing_by_pratt_miller_motorsports_3,3,GTDPRO,driver_daniel_juncadella,Daniel Juncadella,18,5,400,414,15,13,13,1,0,13,13,108.582,108.582,108.287,,-0.429,-0.2445,25.453,50.754,32.5,official_alkamel_time_cards_driver_stint,64c2452b244d1c2ecb1db01df0735b1a0f631db0d4e74397ed7fa3a89b845978
session_imsa_2025_daytona_rolex_24_race,imsa_2025_daytona_3_stint_019,car_imsa_2025_corvette_racing_by_pratt_miller_motorsports_3,3,GTDPRO,driver_daniel_juncadella,Daniel Juncadella,19,6,415,447,33,31,31,1,0,13,15,109.574,109.574,108.448,109.4299,0.067,0.3385,25.83,51.031,32.666,official_alkamel_time_cards_driver_stint,64c2452b244d1c2ecb1db01df0735b1a0f631db0d4e74397ed7fa3a89b845978
session_imsa_2025_daytona_rolex_24_race,imsa_2025_daytona_3_stint_020,car_imsa_2025_corvette_racing_by_pratt_miller_motorsports_3,3,GTDPRO,driver_alexander_sims,Alexander Sims,20,6,448,478,31,29,29,1,0,15,16,108.953,108.953,107.984,108.7957,-0.2035,0.433,25.642,50.703,32.572,official_alkamel_time_cards_driver_stint,64c2452b244d1c2ecb1db01df0735b1a0f631db0d4e74397ed7fa3a89b845978
session_imsa_2025_daytona_rolex_24_race,imsa_2025_daytona_3_stint_021,car_imsa_2025_corvette_racing_by_pratt_miller_motorsports_3,3,GTDPRO,driver_alexander_sims,Alexander Sims,21,7,479,509,31,29,29,1,0,16,16,108.687,108.687,108.371,108.6658,-0.318,0.209,25.455,50.662,32.57,official_alkamel_time_cards_driver_stint,64c2452b244d1c2ecb1db01df0735b1a0f631db0d4e74397ed7fa3a89b845978
session_imsa_2025_daytona_rolex_24_race,imsa_2025_daytona_3_stint_022,car_imsa_2025_corvette_racing_by_pratt_miller_motorsports_3,3,GTDPRO,driver_antonio_garcia,Antonio Garcia,22,9,510,539,30,28,28,1,0,17,17,108.7825,108.7825,107.964,108.5053,-0.2555,0.5165,25.454,50.676,32.6085,official_alkamel_time_cards_driver_stint,64c2452b244d1c2ecb1db01df0735b1a0f631db0d4e74397ed7fa3a89b845978
session_imsa_2025_daytona_rolex_24_race,imsa_2025_daytona_3_stint_023,car_imsa_2025_corvette_racing_by_pratt_miller_motorsports_3,3,GTDPRO,driver_antonio_garcia,Antonio Garcia,23,10,540,556,17,15,15,1,0,17,18,108.233,108.233,108.003,,-1.988,-1.962,25.279,50.488,32.589,official_alkamel_time_cards_driver_stint,64c2452b244d1c2ecb1db01df0735b1a0f631db0d4e74397ed7fa3a89b845978
session_imsa_2025_daytona_rolex_24_race,imsa_2025_daytona_3_stint_024,car_imsa_2025_corvette_racing_by_pratt_miller_motorsports_3,3,GTDPRO,driver_antonio_garcia,Antonio Garcia,24,11,557,571,15,13,13,1,0,18,19,119.257,119.257,107.761,,9.036,9.062,27.435,51.215,42.381,official_alkamel_time_cards_driver_stint,64c2452b244d1c2ecb1db01df0735b1a0f631db0d4e74397ed7fa3a89b845978
session_imsa_2025_daytona_rolex_24_race,imsa_2025_daytona_3_stint_025,car_imsa_2025_corvette_racing_by_pratt_miller_motorsports_3,3,GTDPRO,driver_antonio_garcia,Antonio Garcia,25,12,572,590,19,17,17,1,0,19,19,109.46,109.46,108.649,,0.4025,1.2195,25.794,51.095,32.601,official_alkamel_time_cards_driver_stint,64c2452b244d1c2ecb1db01df0735b1a0f631db0d4e74397ed7fa3a89b845978
session_imsa_2025_daytona_rolex_24_race,imsa_2025_daytona_3_stint_026,car_imsa_2025_corvette_racing_by_pratt_miller_motorsports_3,3,GTDPRO,driver_daniel_juncadella,Daniel Juncadella,26,7,591,621,31,29,29,1,0,19,20,109.443,109.443,108.17,109.2129,0.076,0.827,25.792,51.137,32.503,official_alkamel_time_cards_driver_stint,64c2452b244d1c2ecb1db01df0735b1a0f631db0d4e74397ed7fa3a89b845978
session_imsa_2025_daytona_rolex_24_race,imsa_2025_daytona_3_stint_027,car_imsa_2025_corvette_racing_by_pratt_miller_motorsports_3,3,GTDPRO,driver_daniel_juncadella,Daniel Juncadella,27,8,622,651,30,28,28,1,0,20,21,109.369,109.369,108.584,109.2164,-0.064,0.544,25.771,51.0365,32.436,official_alkamel_time_cards_driver_stint,64c2452b244d1c2ecb1db01df0735b1a0f631db0d4e74397ed7fa3a89b845978
session_imsa_2025_daytona_rolex_24_race,imsa_2025_daytona_3_stint_028,car_imsa_2025_corvette_racing_by_pratt_miller_motorsports_3,3,GTDPRO,driver_alexander_sims,Alexander Sims,28,8,652,663,12,10,10,1,0,21,22,108.813,108.813,108.165,,-0.62,-0.012,25.663,50.7765,32.5045,official_alkamel_time_cards_driver_stint,64c2452b244d1c2ecb1db01df0735b1a0f631db0d4e74397ed7fa3a89b845978
session_imsa_2025_daytona_rolex_24_race,imsa_2025_daytona_3_stint_029,car_imsa_2025_corvette_racing_by_pratt_miller_motorsports_3,3,GTDPRO,driver_alexander_sims,Alexander Sims,29,9,664,698,35,33,33,1,0,22,23,109.62,109.62,108.182,109.1521,-0.088,0.4115,26.025,51.149,32.379,official_alkamel_time_cards_driver_stint,64c2452b244d1c2ecb1db01df0735b1a0f631db0d4e74397ed7fa3a89b845978
session_imsa_2025_daytona_rolex_24_race,imsa_2025_daytona_3_stint_030,car_imsa_2025_corvette_racing_by_pratt_miller_motorsports_3,3,GTDPRO,driver_alexander_sims,Alexander Sims,30,10,699,723,25,24,24,0,0,23,24,108.8705,108.8705,107.341,108.7956,-0.565,-0.043,25.8275,50.7605,32.2615,official_alkamel_time_cards_driver_stint,64c2452b244d1c2ecb1db01df0735b1a0f631db0d4e74397ed7fa3a89b845978
session_imsa_2025_daytona_rolex_24_race,imsa_2025_daytona_4_stint_001,car_imsa_2025_corvette_racing_by_pratt_miller_motorsports_4,4,GTDPRO,driver_tommy_milner,Tommy Milner,1,1,1,30,30,28,28,1,0,0,0,109.3815,109.3815,108.571,109.2823,-0.1515,0.2175,25.7045,51.049,32.619,official_alkamel_time_cards_driver_stint,64c2452b244d1c2ecb1db01df0735b1a0f631db0d4e74397ed7fa3a89b845978
session_imsa_2025_daytona_rolex_24_race,imsa_2025_daytona_4_stint_002,car_imsa_2025_corvette_racing_by_pratt_miller_motorsports_4,4,GTDPRO,driver_tommy_milner,Tommy Milner,2,2,31,60,30,28,28,1,0,0,1,109.7805,109.7805,109.434,109.8619,-0.1005,0.2145,25.808,51.23,32.733,official_alkamel_time_cards_driver_stint,64c2452b244d1c2ecb1db01df0735b1a0f631db0d4e74397ed7fa3a89b845978
session_imsa_2025_daytona_rolex_24_race,imsa_2025_daytona_4_stint_003,car_imsa_2025_corvette_racing_by_pratt_miller_motorsports_4,4,GTDPRO,driver_nicky_catsburg,Nicky Catsburg,3,1,61,72,12,10,10,1,0,1,2,109.2935,109.2935,108.459,,-0.5755,-0.4253,25.5255,51.1505,32.6335,official_alkamel_time_cards_driver_stint,64c2452b244d1c2ecb1db01df0735b1a0f631db0d4e74397ed7fa3a89b845978
session_imsa_2025_daytona_rolex_24_race,imsa_2025_daytona_4_stint_004,car_imsa_2025_corvette_racing_by_pratt_miller_motorsports_4,4,GTDPRO,driver_nicky_catsburg,Nicky Catsburg,4,2,73,102,30,28,28,1,0,2,3,109.4505,109.4505,108.83,109.4531,-0.231,-0.116,25.832,51.086,32.5705,official_alkamel_time_cards_driver_stint,64c2452b244d1c2ecb1db01df0735b1a0f631db0d4e74397ed7fa3a89b845978
session_imsa_2025_daytona_rolex_24_race,imsa_2025_daytona_4_stint_005,car_imsa_2025_corvette_racing_by_pratt_miller_motorsports_4,4,GTDPRO,driver_nicky_catsburg,Nicky Catsburg,5,3,103,131,29,27,27,1,0,3,4,109.76,109.76,108.653,109.5944,0.082,0.482,25.86,51.234,32.64,official_alkamel_time_cards_driver_stint,64c2452b244d1c2ecb1db01df0735b1a0f631db0d4e74397ed7fa3a89b845978
session_imsa_2025_daytona_rolex_24_race,imsa_2025_daytona_4_stint_006,car_imsa_2025_corvette_racing_by_pratt_miller_motorsports_4,4,GTDPRO,driver_nico_varrone,Nico Varrone,6,1,132,162,31,29,29,1,0,4,5,109.036,109.036,108.143,108.9152,-0.775,-0.771,25.514,50.906,32.594,official_alkamel_time_cards_driver_stint,64c2452b244d1c2ecb1db01df0735b1a0f631db0d4e74397ed7fa3a89b845978
session_imsa_2025_daytona_rolex_24_race,imsa_2025_daytona_4_stint_007,car_imsa_2025_corvette_racing_by_pratt_miller_motorsports_4,4,GTDPRO,driver_nico_varrone,Nico Varrone,7,2,163,196,34,32,32,1,0,5,6,109.2505,109.2505,108.315,122.5686,-0.3435,0.1535,25.778,50.9425,32.592,official_alkamel_time_cards_driver_stint,64c2452b244d1c2ecb1db01df0735b1a0f631db0d4e74397ed7fa3a89b845978
session_imsa_2025_daytona_rolex_24_race,imsa_2025_daytona_4_stint_008,car_imsa_2025_corvette_racing_by_pratt_miller_motorsports_4,4,GTDPRO,driver_tommy_milner,Tommy Milner,8,3,197,223,27,25,25,1,0,6,7,109.294,109.294,108.724,109.2428,-0.478,0.019,25.569,51.007,32.707,official_alkamel_time_cards_driver_stint,64c2452b244d1c2ecb1db01df0735b1a0f631db0d4e74397ed7fa3a89b845978
session_imsa_2025_daytona_rolex_24_race,imsa_2025_daytona_4_stint_009,car_imsa_2025_corvette_racing_by_pratt_miller_motorsports_4,4,GTDPRO,driver_tommy_milner,Tommy Milner,9,4,224,258,35,33,33,1,0,7,8,109.355,109.355,108.675,109.1631,0.202,0.351,25.707,51.004,32.698,official_alkamel_time_cards_driver_stint,64c2452b244d1c2ecb1db01df0735b1a0f631db0d4e74397ed7fa3a89b845978
session_imsa_2025_daytona_rolex_24_race,imsa_2025_daytona_4_stint_010,car_imsa_2025_corvette_racing_by_pratt_miller_motorsports_4,4,GTDPRO,driver_nicky_catsburg,Nicky Catsburg,10,4,259,289,31,29,29,1,0,8,9,109.069,109.069,108.115,109.0075,-0.438,-0.349,25.651,50.931,32.57,official_alkamel_time_cards_driver_stint,64c2452b244d1c2ecb1db01df0735b1a0f631db0d4e74397ed7fa3a89b845978
session_imsa_2025_daytona_rolex_24_race,imsa_2025_daytona_4_stint_011,car_imsa_2025_corvette_racing_by_pratt_miller_motorsports_4,4,GTDPRO,driver_nicky_catsburg,Nicky Catsburg,11,5,290,310,21,19,19,1,0,9,10,109.706,109.706,108.166,,0.436,0.5125,26.077,51.011,32.981,official_alkamel_time_cards_driver_stint,64c2452b244d1c2ecb1db01df0735b1a0f631db0d4e74397ed7fa3a89b845978
session_imsa_2025_daytona_rolex_24_race,imsa_2025_daytona_4_stint_012,car_imsa_2025_corvette_racing_by_pratt_miller_motorsports_4,4,GTDPRO,driver_nicky_catsburg,Nicky Catsburg,12,6,311,315,5,3,3,1,0,10,10,176.59,176.59,145.223,,67.32,67.3965,34.418,84.336,60.24,official_alkamel_time_cards_driver_stint,64c2452b244d1c2ecb1db01df0735b1a0f631db0d4e74397ed7fa3a89b845978
session_imsa_2025_daytona_rolex_24_race,imsa_2025_daytona_4_stint_013,car_imsa_2025_corvette_racing_by_pratt_miller_motorsports_4,4,GTDPRO,driver_nicky_catsburg,Nicky Catsburg,13,7,316,342,27,25,25,1,0,10,11,108.826,108.826,108.308,109.1319,-0.434,-0.0585,25.491,50.817,32.592,official_alkamel_time_cards_driver_stint,64c2452b244d1c2ecb1db01df0735b1a0f631db0d4e74397ed7fa3a89b845978
session_imsa_2025_daytona_rolex_24_race,imsa_2025_daytona_4_stint_014,car_imsa_2025_corvette_racing_by_pratt_miller_motorsports_4,4,GTDPRO,driver_nico_varrone,Nico Varrone,14,3,343,366,24,22,22,1,0,11,12,108.9915,108.9915,107.949,112.4391,-0.4855,-0.064,25.531,50.8665,32.6045,official_alkamel_time_cards_driver_stint,64c2452b244d1c2ecb1db01df0735b1a0f631db0d4e74397ed7fa3a89b845978
session_imsa_2025_daytona_rolex_24_race,imsa_2025_daytona_4_stint_015,car_imsa_2025_corvette_racing_by_pratt_miller_motorsports_4,4,GTDPRO,driver_nico_varrone,Nico Varrone,15,4,367,399,33,31,31,1,0,12,13,108.74,108.74,108.201,108.6469,-0.344,-0.1595,25.593,50.686,32.538,official_alkamel_time_cards_driver_stint,64c2452b244d1c2ecb1db01df0735b1a0f631db0d4e74397ed7fa3a89b845978
session_imsa_2025_daytona_rolex_24_race,imsa_2025_daytona_4_stint_016,car_imsa_2025_corvette_racing_by_pratt_miller_motorsports_4,4,GTDPRO,driver_tommy_milner,Tommy Milner,16,5,400,414,15,13,13,1,0,13,13,108.587,108.587,108.143,,-0.424,-0.2395,25.358,50.728,32.55,official_alkamel_time_cards_driver_stint,64c2452b244d1c2ecb1db01df0735b1a0f631db0d4e74397ed7fa3a89b845978
session_imsa_2025_daytona_rolex_24_race,imsa_2025_daytona_4_stint_017,car_imsa_2025_corvette_racing_by_pratt_miller_motorsports_4,4,GTDPRO,driver_tommy_milner,Tommy Milner,17,6,415,446,32,30,30,1,0,13,15,109.442,109.442,108.866,109.3089,-0.065,0.2065,25.751,50.963,32.6925,official_alkamel_time_cards_driver_stint,64c2452b244d1c2ecb1db01df0735b1a0f631db0d4e74397ed7fa3a89b845978
session_imsa_2025_daytona_rolex_24_race,imsa_2025_daytona_4_stint_018,car_imsa_2025_corvette_racing_by_pratt_miller_motorsports_4,4,GTDPRO,driver_nicky_catsburg,Nicky Catsburg,18,8,447,476,30,28,28,1,0,15,15,109.174,109.174,108.341,108.9479,0.0175,0.654,25.7215,50.847,32.584,official_alkamel_time_cards_driver_stint,64c2452b244d1c2ecb1db01df0735b1a0f631db0d4e74397ed7fa3a89b845978
session_imsa_2025_daytona_rolex_24_race,imsa_2025_daytona_4_stint_019,car_imsa_2025_corvette_racing_by_pratt_miller_motorsports_4,4,GTDPRO,driver_nicky_catsburg,Nicky Catsburg,19,9,477,507,31,29,29,1,0,16,16,108.904,108.904,108.164,108.7782,-0.101,0.426,25.511,50.88,32.445,official_alkamel_time_cards_driver_stint,64c2452b244d1c2ecb1db01df0735b1a0f631db0d4e74397ed7fa3a89b845978
session_imsa_2025_daytona_rolex_24_race,imsa_2025_daytona_4_stint_020,car_imsa_2025_corvette_racing_by_pratt_miller_motorsports_4,4,GTDPRO,driver_nico_varrone,Nico Varrone,20,5,508,537,30,28,28,1,0,16,17,108.8355,108.8355,108.2,108.6629,-0.2025,0.5695,25.616,50.663,32.556,official_alkamel_time_cards_driver_stint,64c2452b244d1c2ecb1db01df0735b1a0f631db0d4e74397ed7fa3a89b845978
session_imsa_2025_daytona_rolex_24_race,imsa_2025_daytona_4_stint_021,car_imsa_2025_corvette_racing_by_pratt_miller_motorsports_4,4,GTDPRO,driver_nico_varrone,Nico Varrone,21,6,538,556,19,17,17,1,0,17,18,108.367,108.367,107.955,,-1.669,-1.643,25.576,50.534,32.371,official_alkamel_time_cards_driver_stint,64c2452b244d1c2ecb1db01df0735b1a0f631db0d4e74397ed7fa3a89b845978
session_imsa_2025_daytona_rolex_24_race,imsa_2025_daytona_4_stint_022,car_imsa_2025_corvette_racing_by_pratt_miller_motorsports_4,4,GTDPRO,driver_nico_varrone,Nico Varrone,22,7,557,590,34,32,32,1,0,18,19,108.9735,108.9735,108.136,108.6856,-0.275,0.542,25.6385,50.7995,32.3925,official_alkamel_time_cards_driver_stint,64c2452b244d1c2ecb1db01df0735b1a0f631db0d4e74397ed7fa3a89b845978
session_imsa_2025_daytona_rolex_24_race,imsa_2025_daytona_4_stint_023,car_imsa_2025_corvette_racing_by_pratt_miller_motorsports_4,4,GTDPRO,driver_tommy_milner,Tommy Milner,23,7,591,620,30,28,28,1,0,19,20,108.667,108.667,107.829,108.5053,-0.64,0.111,25.567,50.751,32.3085,official_alkamel_time_cards_driver_stint,64c2452b244d1c2ecb1db01df0735b1a0f631db0d4e74397ed7fa3a89b845978
session_imsa_2025_daytona_rolex_24_race,imsa_2025_daytona_4_stint_024,car_imsa_2025_corvette_racing_by_pratt_miller_motorsports_4,4,GTDPRO,driver_tommy_milner,Tommy Milner,24,8,621,642,22,20,20,1,0,20,21,109.343,109.343,108.097,109.4331,-0.0425,0.637,25.749,50.946,32.492,official_alkamel_time_cards_driver_stint,64c2452b244d1c2ecb1db01df0735b1a0f631db0d4e74397ed7fa3a89b845978
session_imsa_2025_daytona_rolex_24_race,imsa_2025_daytona_4_stint_025,car_imsa_2025_corvette_racing_by_pratt_miller_motorsports_4,4,GTDPRO,driver_tommy_milner,Tommy Milner,25,9,643,657,15,13,13,1,0,21,21,108.564,108.564,108.132,,-0.869,-0.261,25.534,50.592,32.388,official_alkamel_time_cards_driver_stint,64c2452b244d1c2ecb1db01df0735b1a0f631db0d4e74397ed7fa3a89b845978
session_imsa_2025_daytona_rolex_24_race,imsa_2025_daytona_4_stint_026,car_imsa_2025_corvette_racing_by_pratt_miller_motorsports_4,4,GTDPRO,driver_nico_varrone,Nico Varrone,26,8,658,663,6,4,4,1,0,21,22,122.4615,122.4615,117.815,,13.0285,13.6365,28.4,55.516,40.689,official_alkamel_time_cards_driver_stint,64c2452b244d1c2ecb1db01df0735b1a0f631db0d4e74397ed7fa3a89b845978
session_imsa_2025_daytona_rolex_24_race,imsa_2025_daytona_4_stint_027,car_imsa_2025_corvette_racing_by_pratt_miller_motorsports_4,4,GTDPRO,driver_nico_varrone,Nico Varrone,27,9,664,698,35,33,33,1,0,22,23,109.444,109.444,107.688,109.1079,-0.264,0.2355,26.301,50.961,32.33,official_alkamel_time_cards_driver_stint,64c2452b244d1c2ecb1db01df0735b1a0f631db0d4e74397ed7fa3a89b845978
session_imsa_2025_daytona_rolex_24_race,imsa_2025_daytona_4_stint_028,car_imsa_2025_corvette_racing_by_pratt_miller_motorsports_4,4,GTDPRO,driver_nico_varrone,Nico Varrone,28,10,699,718,20,18,18,1,0,23,23,108.985,108.985,107.685,,-0.424,0.098,25.78,50.7045,32.2235,official_alkamel_time_cards_driver_stint,64c2452b244d1c2ecb1db01df0735b1a0f631db0d4e74397ed7fa3a89b845978
session_imsa_2025_daytona_rolex_24_race,imsa_2025_daytona_4_stint_029,car_imsa_2025_corvette_racing_by_pratt_miller_motorsports_4,4,GTDPRO,driver_nico_varrone,Nico Varrone,29,11,719,723,5,4,4,0,0,23,24,109.58,109.58,109.372,,-0.1057,0.4285,26.021,50.954,32.601,official_alkamel_time_cards_driver_stint,64c2452b244d1c2ecb1db01df0735b1a0f631db0d4e74397ed7fa3a89b845978
session_imsa_2025_daytona_rolex_24_race,imsa_2025_daytona_04_stint_001,car_imsa_2025_crowdstrike_racing_by_apr_04,04,LMP2,driver_george_kurtz,George Kurtz,1,1,1,22,22,20,20,1,0,0,0,102.918,102.918,101.263,103.1718,-0.581,-6.246,24.5535,47.7815,30.214,official_alkamel_time_cards_driver_stint,64c2452b244d1c2ecb1db01df0735b1a0f631db0d4e74397ed7fa3a89b845978
session_imsa_2025_daytona_rolex_24_race,imsa_2025_daytona_04_stint_002,car_imsa_2025_crowdstrike_racing_by_apr_04,04,LMP2,driver_george_kurtz,George Kurtz,2,2,23,46,24,22,22,1,0,0,1,104.458,104.458,103.195,104.3701,1.075,-4.9895,24.562,48.6015,30.779,official_alkamel_time_cards_driver_stint,64c2452b244d1c2ecb1db01df0735b1a0f631db0d4e74397ed7fa3a89b845978
session_imsa_2025_daytona_rolex_24_race,imsa_2025_daytona_04_stint_003,car_imsa_2025_crowdstrike_racing_by_apr_04,04,LMP2,driver_george_kurtz,George Kurtz,3,3,47,70,24,22,22,1,0,1,2,103.6055,103.6055,102.11,103.4467,0.412,-6.0942,24.6415,48.097,30.525,official_alkamel_time_cards_driver_stint,64c2452b244d1c2ecb1db01df0735b1a0f631db0d4e74397ed7fa3a89b845978
session_imsa_2025_daytona_rolex_24_race,imsa_2025_daytona_04_stint_004,car_imsa_2025_crowdstrike_racing_by_apr_04,04,LMP2,driver_george_kurtz,George Kurtz,4,4,71,75,5,3,3,1,0,2,2,118.182,118.182,105.056,,14.492,8.3105,26.474,56.016,34.37,official_alkamel_time_cards_driver_stint,64c2452b244d1c2ecb1db01df0735b1a0f631db0d4e74397ed7fa3a89b845978
session_imsa_2025_daytona_rolex_24_race,imsa_2025_daytona_04_stint_005,car_imsa_2025_crowdstrike_racing_by_apr_04,04,LMP2,driver_george_kurtz,George Kurtz,5,5,76,81,6,4,4,1,0,2,2,195.422,195.422,162.345,,91.732,85.5505,41.2415,90.775,62.0205,official_alkamel_time_cards_driver_stint,64c2452b244d1c2ecb1db01df0735b1a0f631db0d4e74397ed7fa3a89b845978
session_imsa_2025_daytona_rolex_24_race,imsa_2025_daytona_04_stint_006,car_imsa_2025_crowdstrike_racing_by_apr_04,04,LMP2,driver_george_kurtz,George Kurtz,6,6,82,100,19,17,17,1,0,2,3,103.806,103.806,102.224,,0.688,-5.5425,24.681,48.035,30.553,official_alkamel_time_cards_driver_stint,64c2452b244d1c2ecb1db01df0735b1a0f631db0d4e74397ed7fa3a89b845978
session_imsa_2025_daytona_rolex_24_race,imsa_2025_daytona_04_stint_007,car_imsa_2025_crowdstrike_racing_by_apr_04,04,LMP2,driver_toby_sowery,Toby Sowery,7,1,101,104,4,2,2,1,0,3,3,101.244,101.244,100.061,,-1.091,-7.977,24.279,47.322,29.643,official_alkamel_time_cards_driver_stint,64c2452b244d1c2ecb1db01df0735b1a0f631db0d4e74397ed7fa3a89b845978
session_imsa_2025_daytona_rolex_24_race,imsa_2025_daytona_04_stint_008,car_imsa_2025_crowdstrike_racing_by_apr_04,04,LMP2,driver_toby_sowery,Toby Sowery,8,2,105,125,21,19,19,1,0,3,3,100.427,100.427,99.945,,-1.908,-8.794,23.845,47.007,29.653,official_alkamel_time_cards_driver_stint,64c2452b244d1c2ecb1db01df0735b1a0f631db0d4e74397ed7fa3a89b845978
session_imsa_2025_daytona_rolex_24_race,imsa_2025_daytona_04_stint_009,car_imsa_2025_crowdstrike_racing_by_apr_04,04,LMP2,driver_toby_sowery,Toby Sowery,9,3,126,140,15,13,13,1,0,3,4,102.228,102.228,100.916,,-0.107,-6.993,24.422,47.993,30.49,official_alkamel_time_cards_driver_stint,64c2452b244d1c2ecb1db01df0735b1a0f631db0d4e74397ed7fa3a89b845978
session_imsa_2025_daytona_rolex_24_race,imsa_2025_daytona_04_stint_010,car_imsa_2025_crowdstrike_racing_by_apr_04,04,LMP2,driver_toby_sowery,Toby Sowery,10,4,141,165,25,23,23,1,0,4,5,101.182,101.182,100.578,101.435,-1.485,-8.6,24.059,47.331,29.699,official_alkamel_time_cards_driver_stint,64c2452b244d1c2ecb1db01df0735b1a0f631db0d4e74397ed7fa3a89b845978
session_imsa_2025_daytona_rolex_24_race,imsa_2025_daytona_04_stint_011,car_imsa_2025_crowdstrike_racing_by_apr_04,04,LMP2,driver_colton_herta,Colton Herta,11,1,166,184,19,17,17,1,0,5,5,101.401,101.401,99.448,,-0.6635,-8.381,23.886,47.143,29.757,official_alkamel_time_cards_driver_stint,64c2452b244d1c2ecb1db01df0735b1a0f631db0d4e74397ed7fa3a89b845978
session_imsa_2025_daytona_rolex_24_race,imsa_2025_daytona_04_stint_012,car_imsa_2025_crowdstrike_racing_by_apr_04,04,LMP2,driver_colton_herta,Colton Herta,12,2,185,207,23,21,21,1,0,5,6,101.495,101.495,100.475,110.989,-0.157,-7.549,24.307,47.257,29.895,official_alkamel_time_cards_driver_stint,64c2452b244d1c2ecb1db01df0735b1a0f631db0d4e74397ed7fa3a89b845978
session_imsa_2025_daytona_rolex_24_race,imsa_2025_daytona_04_stint_013,car_imsa_2025_crowdstrike_racing_by_apr_04,04,LMP2,driver_malthe_jakobsen,Malthe Jakobsen,13,1,208,234,27,25,25,1,0,6,7,100.471,100.471,99.161,100.3414,-1.67,-9.062,23.716,47.033,29.578,official_alkamel_time_cards_driver_stint,64c2452b244d1c2ecb1db01df0735b1a0f631db0d4e74397ed7fa3a89b845978
session_imsa_2025_daytona_rolex_24_race,imsa_2025_daytona_04_stint_014,car_imsa_2025_crowdstrike_racing_by_apr_04,04,LMP2,driver_george_kurtz,George Kurtz,14,7,235,261,27,25,25,1,0,7,8,107.918,107.918,102.508,131.6113,1.762,-5.359,26.054,50.588,31.276,official_alkamel_time_cards_driver_stint,64c2452b244d1c2ecb1db01df0735b1a0f631db0d4e74397ed7fa3a89b845978
session_imsa_2025_daytona_rolex_24_race,imsa_2025_daytona_04_stint_015,car_imsa_2025_crowdstrike_racing_by_apr_04,04,LMP2,driver_george_kurtz,George Kurtz,15,8,262,285,24,22,22,1,0,8,9,103.3885,103.3885,102.45,103.322,1.5715,-5.5495,24.6085,48.0625,30.572,official_alkamel_time_cards_driver_stint,64c2452b244d1c2ecb1db01df0735b1a0f631db0d4e74397ed7fa3a89b845978
session_imsa_2025_daytona_rolex_24_race,imsa_2025_daytona_04_stint_016,car_imsa_2025_crowdstrike_racing_by_apr_04,04,LMP2,driver_toby_sowery,Toby Sowery,16,5,286,308,23,21,21,1,0,9,9,100.669,100.669,99.314,104.2771,-2.0795,-9.021,23.98,47.011,29.757,official_alkamel_time_cards_driver_stint,64c2452b244d1c2ecb1db01df0735b1a0f631db0d4e74397ed7fa3a89b845978
session_imsa_2025_daytona_rolex_24_race,imsa_2025_daytona_04_stint_017,car_imsa_2025_crowdstrike_racing_by_apr_04,04,LMP2,driver_toby_sowery,Toby Sowery,17,6,309,326,18,16,16,1,0,9,10,101.033,101.033,100.245,,-0.3465,-8.1605,24.1235,47.103,29.9305,official_alkamel_time_cards_driver_stint,64c2452b244d1c2ecb1db01df0735b1a0f631db0d4e74397ed7fa3a89b845978
session_imsa_2025_daytona_rolex_24_race,imsa_2025_daytona_04_stint_018,car_imsa_2025_crowdstrike_racing_by_apr_04,04,LMP2,driver_toby_sowery,Toby Sowery,18,7,327,352,26,24,24,1,0,10,11,100.335,100.335,99.385,100.4775,-1.0445,-8.8425,23.822,46.6935,29.7055,official_alkamel_time_cards_driver_stint,64c2452b244d1c2ecb1db01df0735b1a0f631db0d4e74397ed7fa3a89b845978
session_imsa_2025_daytona_rolex_24_race,imsa_2025_daytona_04_stint_019,car_imsa_2025_crowdstrike_racing_by_apr_04,04,LMP2,driver_colton_herta,Colton Herta,19,3,353,376,24,22,22,1,0,11,11,101.086,101.086,100.668,103.1248,-0.126,-7.7525,24.1235,47.32,29.7005,official_alkamel_time_cards_driver_stint,64c2452b244d1c2ecb1db01df0735b1a0f631db0d4e74397ed7fa3a89b845978
session_imsa_2025_daytona_rolex_24_race,imsa_2025_daytona_04_stint_020,car_imsa_2025_crowdstrike_racing_by_apr_04,04,LMP2,driver_colton_herta,Colton Herta,20,4,377,385,9,7,7,1,0,11,12,101.152,101.152,100.21,,-0.06,-7.6865,24.642,47.072,29.905,official_alkamel_time_cards_driver_stint,64c2452b244d1c2ecb1db01df0735b1a0f631db0d4e74397ed7fa3a89b845978
session_imsa_2025_daytona_rolex_24_race,imsa_2025_daytona_04_stint_021,car_imsa_2025_crowdstrike_racing_by_apr_04,04,LMP2,driver_colton_herta,Colton Herta,21,5,386,387,2,0,0,1,0,12,12,,,,,,,,,,official_alkamel_time_cards_driver_stint,64c2452b244d1c2ecb1db01df0735b1a0f631db0d4e74397ed7fa3a89b845978
session_imsa_2025_daytona_rolex_24_race,imsa_2025_daytona_04_stint_022,car_imsa_2025_crowdstrike_racing_by_apr_04,04,LMP2,driver_colton_herta,Colton Herta,22,6,388,391,4,2,2,1,0,12,12,182.2675,182.2675,164.733,,80.1475,72.596,40.189,89.021,53.0575,official_alkamel_time_cards_driver_stint,64c2452b244d1c2ecb1db01df0735b1a0f631db0d4e74397ed7fa3a89b845978
session_imsa_2025_daytona_rolex_24_race,imsa_2025_daytona_04_stint_023,car_imsa_2025_crowdstrike_racing_by_apr_04,04,LMP2,driver_colton_herta,Colton Herta,23,7,392,413,22,20,20,1,0,12,13,101.123,101.123,99.857,108.0359,-0.7635,-8.315,24.384,46.919,29.5885,official_alkamel_time_cards_driver_stint,64c2452b244d1c2ecb1db01df0735b1a0f631db0d4e74397ed7fa3a89b845978
session_imsa_2025_daytona_rolex_24_race,imsa_2025_daytona_04_stint_024,car_imsa_2025_crowdstrike_racing_by_apr_04,04,LMP2,driver_malthe_jakobsen,Malthe Jakobsen,24,2,414,432,19,17,17,1,0,13,13,100.176,100.176,99.045,,-1.401,-8.6505,23.711,46.857,29.471,official_alkamel_time_cards_driver_stint,64c2452b244d1c2ecb1db01df0735b1a0f631db0d4e74397ed7fa3a89b845978
session_imsa_2025_daytona_rolex_24_race,imsa_2025_daytona_04_stint_025,car_imsa_2025_crowdstrike_racing_by_apr_04,04,LMP2,driver_malthe_jakobsen,Malthe Jakobsen,25,3,433,436,4,2,2,1,0,13,13,120.2605,120.2605,114.275,,18.6835,11.434,27.087,57.193,35.9805,official_alkamel_time_cards_driver_stint,64c2452b244d1c2ecb1db01df0735b1a0f631db0d4e74397ed7fa3a89b845978
session_imsa_2025_daytona_rolex_24_race,imsa_2025_daytona_04_stint_026,car_imsa_2025_crowdstrike_racing_by_apr_04,04,LMP2,driver_malthe_jakobsen,Malthe Jakobsen,26,4,437,461,25,23,23,1,0,13,14,101.162,101.162,100.133,105.0406,-0.085,-8.0735,24.107,47.138,29.607,official_alkamel_time_cards_driver_stint,64c2452b244d1c2ecb1db01df0735b1a0f631db0d4e74397ed7fa3a89b845978
session_imsa_2025_daytona_rolex_24_race,imsa_2025_daytona_04_stint_027,car_imsa_2025_crowdstrike_racing_by_apr_04,04,LMP2,driver_malthe_jakobsen,Malthe Jakobsen,27,5,462,485,24,22,22,1,0,14,15,100.2615,100.2615,98.636,100.1693,-0.87,-8.2818,24.011,46.741,29.406,official_alkamel_time_cards_driver_stint,64c2452b244d1c2ecb1db01df0735b1a0f631db0d4e74397ed7fa3a89b845978
session_imsa_2025_daytona_rolex_24_race,imsa_2025_daytona_04_stint_028,car_imsa_2025_crowdstrike_racing_by_apr_04,04,LMP2,driver_toby_sowery,Toby Sowery,28,8,486,509,24,22,22,1,0,15,16,101.109,101.109,99.778,100.9104,-0.012,-7.4005,24.031,47.056,29.664,official_alkamel_time_cards_driver_stint,64c2452b244d1c2ecb1db01df0735b1a0f631db0d4e74397ed7fa3a89b845978
session_imsa_2025_daytona_rolex_24_race,imsa_2025_daytona_04_stint_029,car_imsa_2025_crowdstrike_racing_by_apr_04,04,LMP2,driver_toby_sowery,Toby Sowery,29,9,510,533,24,22,22,1,0,16,16,100.9375,100.9375,100.231,100.9861,-0.1005,-7.5405,24.0335,47.1745,29.7665,official_alkamel_time_cards_driver_stint,64c2452b244d1c2ecb1db01df0735b1a0f631db0d4e74397ed7fa3a89b845978
session_imsa_2025_daytona_rolex_24_race,imsa_2025_daytona_04_stint_030,car_imsa_2025_crowdstrike_racing_by_apr_04,04,LMP2,driver_toby_sowery,Toby Sowery,30,10,534,557,24,22,22,1,0,16,17,100.3675,100.3675,99.443,100.3135,-0.3625,-7.8985,23.933,46.757,29.608,official_alkamel_time_cards_driver_stint,64c2452b244d1c2ecb1db01df0735b1a0f631db0d4e74397ed7fa3a89b845978
session_imsa_2025_daytona_rolex_24_race,imsa_2025_daytona_04_stint_031,car_imsa_2025_crowdstrike_racing_by_apr_04,04,LMP2,driver_colton_herta,Colton Herta,31,8,558,581,24,22,22,1,0,17,18,100.0815,100.0815,99.286,100.2389,-0.9095,-8.4455,23.871,46.679,29.3365,official_alkamel_time_cards_driver_stint,64c2452b244d1c2ecb1db01df0735b1a0f631db0d4e74397ed7fa3a89b845978
session_imsa_2025_daytona_rolex_24_race,imsa_2025_daytona_04_stint_032,car_imsa_2025_crowdstrike_racing_by_apr_04,04,LMP2,driver_colton_herta,Colton Herta,32,9,582,584,3,1,1,1,0,18,18,102.069,102.069,102.069,,-2.501,-8.126,24.578,47.316,30.175,official_alkamel_time_cards_driver_stint,64c2452b244d1c2ecb1db01df0735b1a0f631db0d4e74397ed7fa3a89b845978
session_imsa_2025_daytona_rolex_24_race,imsa_2025_daytona_04_stint_033,car_imsa_2025_crowdstrike_racing_by_apr_04,04,LMP2,driver_colton_herta,Colton Herta,33,10,585,606,22,20,20,1,0,18,19,101.2765,101.2765,100.081,106.6063,-0.064,-7.3185,23.9955,47.16,29.7415,official_alkamel_time_cards_driver_stint,64c2452b244d1c2ecb1db01df0735b1a0f631db0d4e74397ed7fa3a89b845978
session_imsa_2025_daytona_rolex_24_race,imsa_2025_daytona_04_stint_034,car_imsa_2025_crowdstrike_racing_by_apr_04,04,LMP2,driver_malthe_jakobsen,Malthe Jakobsen,34,6,607,612,6,4,4,1,0,19,19,99.912,99.912,99.203,,-0.891,-8.3285,23.844,46.769,29.323,official_alkamel_time_cards_driver_stint,64c2452b244d1c2ecb1db01df0735b1a0f631db0d4e74397ed7fa3a89b845978
session_imsa_2025_daytona_rolex_24_race,imsa_2025_daytona_04_stint_035,car_imsa_2025_crowdstrike_racing_by_apr_04,04,LMP2,driver_malthe_jakobsen,Malthe Jakobsen,35,7,613,630,18,16,16,1,0,19,20,100.4255,100.4255,99.211,,-0.395,-8.0192,23.7995,47.1745,29.3435,official_alkamel_time_cards_driver_stint,64c2452b244d1c2ecb1db01df0735b1a0f631db0d4e74397ed7fa3a89b845978
session_imsa_2025_daytona_rolex_24_race,imsa_2025_daytona_04_stint_036,car_imsa_2025_crowdstrike_racing_by_apr_04,04,LMP2,driver_malthe_jakobsen,Malthe Jakobsen,36,8,631,654,24,22,22,1,0,20,20,100.74,100.74,99.116,100.7289,-0.098,-7.876,23.9225,47.187,29.4635,official_alkamel_time_cards_driver_stint,64c2452b244d1c2ecb1db01df0735b1a0f631db0d4e74397ed7fa3a89b845978
session_imsa_2025_daytona_rolex_24_race,imsa_2025_daytona_04_stint_037,car_imsa_2025_crowdstrike_racing_by_apr_04,04,LMP2,driver_malthe_jakobsen,Malthe Jakobsen,37,9,655,669,15,13,13,1,0,20,21,101.07,101.07,100.485,,-0.174,-7.614,24.152,47.368,29.453,official_alkamel_time_cards_driver_stint,64c2452b244d1c2ecb1db01df0735b1a0f631db0d4e74397ed7fa3a89b845978
session_imsa_2025_daytona_rolex_24_race,imsa_2025_daytona_04_stint_038,car_imsa_2025_crowdstrike_racing_by_apr_04,04,LMP2,driver_malthe_jakobsen,Malthe Jakobsen,38,10,670,694,25,23,23,1,0,21,22,101.448,101.448,100.161,107.6658,-0.057,-7.377,24.241,47.143,30.199,official_alkamel_time_cards_driver_stint,64c2452b244d1c2ecb1db01df0735b1a0f631db0d4e74397ed7fa3a89b845978
session_imsa_2025_daytona_rolex_24_race,imsa_2025_daytona_04_stint_039,car_imsa_2025_crowdstrike_racing_by_apr_04,04,LMP2,driver_colton_herta,Colton Herta,39,11,695,713,19,17,17,1,0,22,22,101.191,101.191,100.218,,-0.336,-8.0175,24.184,47.414,29.594,official_alkamel_time_cards_driver_stint,64c2452b244d1c2ecb1db01df0735b1a0f631db0d4e74397ed7fa3a89b845978
session_imsa_2025_daytona_rolex_24_race,imsa_2025_daytona_04_stint_040,car_imsa_2025_crowdstrike_racing_by_apr_04,04,LMP2,driver_george_kurtz,George Kurtz,40,9,714,732,19,17,17,1,0,22,23,105.406,105.406,102.795,,3.879,-3.8025,25.372,49.181,31.007,official_alkamel_time_cards_driver_stint,64c2452b244d1c2ecb1db01df0735b1a0f631db0d4e74397ed7fa3a89b845978
session_imsa_2025_daytona_rolex_24_race,imsa_2025_daytona_04_stint_041,car_imsa_2025_crowdstrike_racing_by_apr_04,04,LMP2,driver_george_kurtz,George Kurtz,41,10,733,755,23,22,22,0,0,23,24,103.821,103.821,101.905,104.0436,0.8555,-5.066,24.63,48.198,30.632,official_alkamel_time_cards_driver_stint,64c2452b244d1c2ecb1db01df0735b1a0f631db0d4e74397ed7fa3a89b845978
session_imsa_2025_daytona_rolex_24_race,imsa_2025_daytona_81_stint_001,car_imsa_2025_dragonspeed_81,81,GTDPRO,driver_davide_rigon,Davide Rigon,1,1,1,29,29,27,27,1,0,0,0,109.693,109.693,109.129,109.6995,0.16,0.529,25.744,51.185,32.684,official_alkamel_time_cards_driver_stint,64c2452b244d1c2ecb1db01df0735b1a0f631db0d4e74397ed7fa3a89b845978
session_imsa_2025_daytona_rolex_24_race,imsa_2025_daytona_81_stint_002,car_imsa_2025_dragonspeed_81,81,GTDPRO,driver_thomas_neubauer,Thomas Neubauer,2,1,30,58,29,27,27,1,0,0,1,110.1,110.1,109.464,110.2202,0.219,0.534,25.865,51.321,32.937,official_alkamel_time_cards_driver_stint,64c2452b244d1c2ecb1db01df0735b1a0f631db0d4e74397ed7fa3a89b845978
session_imsa_2025_daytona_rolex_24_race,imsa_2025_daytona_81_stint_003,car_imsa_2025_dragonspeed_81,81,GTDPRO,driver_albert_costa,Albert Costa,3,1,59,71,13,11,11,1,0,1,2,109.094,109.094,108.844,,-0.787,-0.521,25.325,51.023,32.749,official_alkamel_time_cards_driver_stint,64c2452b244d1c2ecb1db01df0735b1a0f631db0d4e74397ed7fa3a89b845978
session_imsa_2025_daytona_rolex_24_race,imsa_2025_daytona_81_stint_004,car_imsa_2025_dragonspeed_81,81,GTDPRO,driver_albert_costa,Albert Costa,4,2,72,72,1,0,0,1,0,2,2,,,,,,,,,,official_alkamel_time_cards_driver_stint,64c2452b244d1c2ecb1db01df0735b1a0f631db0d4e74397ed7fa3a89b845978
session_imsa_2025_daytona_rolex_24_race,imsa_2025_daytona_81_stint_005,car_imsa_2025_dragonspeed_81,81,GTDPRO,driver_albert_costa,Albert Costa,5,3,73,103,31,29,29,1,0,2,3,109.707,109.707,108.572,109.7917,0.035,0.298,25.834,51.163,32.695,official_alkamel_time_cards_driver_stint,64c2452b244d1c2ecb1db01df0735b1a0f631db0d4e74397ed7fa3a89b845978
session_imsa_2025_daytona_rolex_24_race,imsa_2025_daytona_81_stint_006,car_imsa_2025_dragonspeed_81,81,GTDPRO,driver_miguel_molina,Miguel Molina,6,1,104,131,28,26,26,1,0,3,4,109.4745,109.4745,108.689,109.4099,-0.1935,0.1755,25.6165,51.209,32.6915,official_alkamel_time_cards_driver_stint,64c2452b244d1c2ecb1db01df0735b1a0f631db0d4e74397ed7fa3a89b845978
session_imsa_2025_daytona_rolex_24_race,imsa_2025_daytona_81_stint_007,car_imsa_2025_dragonspeed_81,81,GTDPRO,driver_miguel_molina,Miguel Molina,7,2,132,162,31,29,29,1,0,4,5,109.397,109.397,108.997,109.3613,-0.381,-0.456,25.637,51.063,32.698,official_alkamel_time_cards_driver_stint,64c2452b244d1c2ecb1db01df0735b1a0f631db0d4e74397ed7fa3a89b845978
session_imsa_2025_daytona_rolex_24_race,imsa_2025_daytona_81_stint_008,car_imsa_2025_dragonspeed_81,81,GTDPRO,driver_davide_rigon,Davide Rigon,8,2,163,176,14,12,12,1,0,5,5,109.7265,109.7265,108.615,,-0.1475,-0.0555,25.581,51.1785,32.964,official_alkamel_time_cards_driver_stint,64c2452b244d1c2ecb1db01df0735b1a0f631db0d4e74397ed7fa3a89b845978
session_imsa_2025_daytona_rolex_24_race,imsa_2025_daytona_81_stint_009,car_imsa_2025_dragonspeed_81,81,GTDPRO,driver_davide_rigon,Davide Rigon,9,3,177,207,31,29,29,1,0,5,6,109.909,109.909,108.978,109.7404,0.368,0.865,25.913,51.123,32.684,official_alkamel_time_cards_driver_stint,64c2452b244d1c2ecb1db01df0735b1a0f631db0d4e74397ed7fa3a89b845978
session_imsa_2025_daytona_rolex_24_race,imsa_2025_daytona_81_stint_010,car_imsa_2025_dragonspeed_81,81,GTDPRO,driver_davide_rigon,Davide Rigon,10,4,208,223,16,14,14,1,0,6,7,109.0845,109.0845,107.993,,-16.177,-22.0355,25.381,51.0115,32.9275,official_alkamel_time_cards_driver_stint,64c2452b244d1c2ecb1db01df0735b1a0f631db0d4e74397ed7fa3a89b845978
session_imsa_2025_daytona_rolex_24_race,imsa_2025_daytona_81_stint_011,car_imsa_2025_dragonspeed_81,81,GTDPRO,driver_davide_rigon,Davide Rigon,11,5,224,257,34,32,32,1,0,7,8,109.5725,109.5725,108.717,109.2555,0.4195,0.3465,25.714,51.1015,32.779,official_alkamel_time_cards_driver_stint,64c2452b244d1c2ecb1db01df0735b1a0f631db0d4e74397ed7fa3a89b845978
session_imsa_2025_daytona_rolex_24_race,imsa_2025_daytona_81_stint_012,car_imsa_2025_dragonspeed_81,81,GTDPRO,driver_thomas_neubauer,Thomas Neubauer,12,2,258,286,29,27,27,1,0,8,9,109.76,109.76,108.698,109.6724,0.267,0.376,25.736,51.153,32.8,official_alkamel_time_cards_driver_stint,64c2452b244d1c2ecb1db01df0735b1a0f631db0d4e74397ed7fa3a89b845978
session_imsa_2025_daytona_rolex_24_race,imsa_2025_daytona_81_stint_013,car_imsa_2025_dragonspeed_81,81,GTDPRO,driver_thomas_neubauer,Thomas Neubauer,13,3,287,292,6,4,4,1,0,9,9,159.0755,159.0755,109.311,,49.3385,49.3855,30.9345,73.7515,52.943,official_alkamel_time_cards_driver_stint,64c2452b244d1c2ecb1db01df0735b1a0f631db0d4e74397ed7fa3a89b845978
session_imsa_2025_daytona_rolex_24_race,imsa_2025_daytona_81_stint_014,car_imsa_2025_dragonspeed_81,81,GTDPRO,driver_albert_costa,Albert Costa,14,4,293,293,1,0,0,1,0,9,9,,,,,,,,,,official_alkamel_time_cards_driver_stint,64c2452b244d1c2ecb1db01df0735b1a0f631db0d4e74397ed7fa3a89b845978
session_imsa_2025_daytona_rolex_24_race,imsa_2025_daytona_81_stint_015,car_imsa_2025_dragonspeed_81,81,GTDPRO,driver_albert_costa,Albert Costa,15,5,294,311,18,16,16,1,0,9,10,109.348,109.348,107.878,,0.078,0.1545,25.4755,50.8235,32.99,official_alkamel_time_cards_driver_stint,64c2452b244d1c2ecb1db01df0735b1a0f631db0d4e74397ed7fa3a89b845978
session_imsa_2025_daytona_rolex_24_race,imsa_2025_daytona_81_stint_016,car_imsa_2025_dragonspeed_81,81,GTDPRO,driver_albert_costa,Albert Costa,16,6,312,317,6,4,4,1,0,10,10,118.203,118.203,109.493,,8.933,9.0095,26.3225,54.0195,33.2775,official_alkamel_time_cards_driver_stint,64c2452b244d1c2ecb1db01df0735b1a0f631db0d4e74397ed7fa3a89b845978
session_imsa_2025_daytona_rolex_24_race,imsa_2025_daytona_81_stint_017,car_imsa_2025_dragonspeed_81,81,GTDPRO,driver_albert_costa,Albert Costa,17,7,318,341,24,22,22,1,0,10,11,109.375,109.375,108.994,109.4328,0.115,0.497,25.7115,50.993,32.6305,official_alkamel_time_cards_driver_stint,64c2452b244d1c2ecb1db01df0735b1a0f631db0d4e74397ed7fa3a89b845978
session_imsa_2025_daytona_rolex_24_race,imsa_2025_daytona_81_stint_018,car_imsa_2025_dragonspeed_81,81,GTDPRO,driver_albert_costa,Albert Costa,18,8,342,366,25,23,23,1,0,11,12,109.291,109.291,107.807,109.405,-0.293,0.1285,25.521,50.976,32.685,official_alkamel_time_cards_driver_stint,64c2452b244d1c2ecb1db01df0735b1a0f631db0d4e74397ed7fa3a89b845978
session_imsa_2025_daytona_rolex_24_race,imsa_2025_daytona_81_stint_019,car_imsa_2025_dragonspeed_81,81,GTDPRO,driver_miguel_molina,Miguel Molina,19,3,367,398,32,30,30,1,0,12,13,109.1795,109.1795,108.159,108.9842,0.0115,0.196,25.768,50.838,32.6065,official_alkamel_time_cards_driver_stint,64c2452b244d1c2ecb1db01df0735b1a0f631db0d4e74397ed7fa3a89b845978
session_imsa_2025_daytona_rolex_24_race,imsa_2025_daytona_81_stint_020,car_imsa_2025_dragonspeed_81,81,GTDPRO,driver_miguel_molina,Miguel Molina,20,4,399,414,16,14,14,1,0,13,13,109.1005,109.1005,107.869,,0.0895,0.274,25.395,51.0355,32.8565,official_alkamel_time_cards_driver_stint,64c2452b244d1c2ecb1db01df0735b1a0f631db0d4e74397ed7fa3a89b845978
session_imsa_2025_daytona_rolex_24_race,imsa_2025_daytona_81_stint_021,car_imsa_2025_dragonspeed_81,81,GTDPRO,driver_miguel_molina,Miguel Molina,21,5,415,445,31,29,29,1,0,14,14,109.721,109.721,108.983,109.5462,0.214,0.4855,25.836,51.117,32.6,official_alkamel_time_cards_driver_stint,64c2452b244d1c2ecb1db01df0735b1a0f631db0d4e74397ed7fa3a89b845978
session_imsa_2025_daytona_rolex_24_race,imsa_2025_daytona_81_stint_022,car_imsa_2025_dragonspeed_81,81,GTDPRO,driver_davide_rigon,Davide Rigon,22,6,446,475,30,28,28,1,0,15,15,108.891,108.891,108.123,108.6609,-0.2655,0.371,25.4575,50.71,32.572,official_alkamel_time_cards_driver_stint,64c2452b244d1c2ecb1db01df0735b1a0f631db0d4e74397ed7fa3a89b845978
session_imsa_2025_daytona_rolex_24_race,imsa_2025_daytona_81_stint_023,car_imsa_2025_dragonspeed_81,81,GTDPRO,driver_davide_rigon,Davide Rigon,23,7,476,505,30,28,28,1,0,15,16,109.0395,109.0395,107.698,108.9283,0.0345,0.5615,25.5655,50.727,32.652,official_alkamel_time_cards_driver_stint,64c2452b244d1c2ecb1db01df0735b1a0f631db0d4e74397ed7fa3a89b845978
session_imsa_2025_daytona_rolex_24_race,imsa_2025_daytona_81_stint_024,car_imsa_2025_dragonspeed_81,81,GTDPRO,driver_albert_costa,Albert Costa,24,9,506,534,29,27,27,1,0,16,17,109.297,109.297,107.772,108.9679,0.259,1.031,25.62,50.961,32.698,official_alkamel_time_cards_driver_stint,64c2452b244d1c2ecb1db01df0735b1a0f631db0d4e74397ed7fa3a89b845978
session_imsa_2025_daytona_rolex_24_race,imsa_2025_daytona_81_stint_025,car_imsa_2025_dragonspeed_81,81,GTDPRO,driver_albert_costa,Albert Costa,25,10,535,556,22,20,20,1,0,17,18,109.0055,109.0055,107.49,115.047,-0.926,-0.5365,25.5095,50.815,32.6885,official_alkamel_time_cards_driver_stint,64c2452b244d1c2ecb1db01df0735b1a0f631db0d4e74397ed7fa3a89b845978
session_imsa_2025_daytona_rolex_24_race,imsa_2025_daytona_81_stint_026,car_imsa_2025_dragonspeed_81,81,GTDPRO,driver_miguel_molina,Miguel Molina,26,6,557,589,33,31,31,1,0,18,19,110.038,110.038,108.337,109.3545,0.7795,1.5965,25.815,51.205,32.616,official_alkamel_time_cards_driver_stint,64c2452b244d1c2ecb1db01df0735b1a0f631db0d4e74397ed7fa3a89b845978
session_imsa_2025_daytona_rolex_24_race,imsa_2025_daytona_81_stint_027,car_imsa_2025_dragonspeed_81,81,GTDPRO,driver_davide_rigon,Davide Rigon,27,8,590,619,30,28,28,1,0,19,20,109.352,109.352,108.027,109.1582,0.0055,0.7565,25.671,51.1475,32.492,official_alkamel_time_cards_driver_stint,64c2452b244d1c2ecb1db01df0735b1a0f631db0d4e74397ed7fa3a89b845978
session_imsa_2025_daytona_rolex_24_race,imsa_2025_daytona_81_stint_028,car_imsa_2025_dragonspeed_81,81,GTDPRO,driver_davide_rigon,Davide Rigon,28,9,620,649,30,28,28,1,0,20,21,109.3965,109.3965,108.375,109.2044,-0.0245,0.5835,25.6705,51.1955,32.482,official_alkamel_time_cards_driver_stint,64c2452b244d1c2ecb1db01df0735b1a0f631db0d4e74397ed7fa3a89b845978
session_imsa_2025_daytona_rolex_24_race,imsa_2025_daytona_81_stint_029,car_imsa_2025_dragonspeed_81,81,GTDPRO,driver_miguel_molina,Miguel Molina,29,7,650,665,16,14,14,1,0,21,22,110.002,110.002,108.731,,0.569,1.177,25.851,51.5545,32.7905,official_alkamel_time_cards_driver_stint,64c2452b244d1c2ecb1db01df0735b1a0f631db0d4e74397ed7fa3a89b845978
session_imsa_2025_daytona_rolex_24_race,imsa_2025_daytona_81_stint_030,car_imsa_2025_dragonspeed_81,81,GTDPRO,driver_miguel_molina,Miguel Molina,30,8,666,698,33,31,31,1,0,22,23,110.177,110.177,108.794,110.0006,0.469,0.9685,26.068,51.46,32.66,official_alkamel_time_cards_driver_stint,64c2452b244d1c2ecb1db01df0735b1a0f631db0d4e74397ed7fa3a89b845978
session_imsa_2025_daytona_rolex_24_race,imsa_2025_daytona_81_stint_031,car_imsa_2025_dragonspeed_81,81,GTDPRO,driver_miguel_molina,Miguel Molina,31,9,699,723,25,24,24,0,0,23,24,109.985,109.985,109.001,109.9391,0.467,0.989,26.0105,51.3485,32.578,official_alkamel_time_cards_driver_stint,64c2452b244d1c2ecb1db01df0735b1a0f631db0d4e74397ed7fa3a89b845978
session_imsa_2025_daytona_rolex_24_race,imsa_2025_daytona_36_stint_001,car_imsa_2025_dxdt_racing_36,36,GTD,driver_charlie_eastwood,Charlie Eastwood,1,1,1,30,30,28,28,1,0,0,0,110.6705,110.6705,109.898,110.4838,0.404,1.5065,26.0425,51.537,32.9455,official_alkamel_time_cards_driver_stint,64c2452b244d1c2ecb1db01df0735b1a0f631db0d4e74397ed7fa3a89b845978
session_imsa_2025_daytona_rolex_24_race,imsa_2025_daytona_36_stint_002,car_imsa_2025_dxdt_racing_36,36,GTD,driver_salih_yoluc,Salih Yoluc,2,1,31,59,29,27,27,1,0,0,1,110.497,110.497,109.977,110.5352,0.031,0.931,25.865,51.569,33.104,official_alkamel_time_cards_driver_stint,64c2452b244d1c2ecb1db01df0735b1a0f631db0d4e74397ed7fa3a89b845978
session_imsa_2025_daytona_rolex_24_race,imsa_2025_daytona_36_stint_003,car_imsa_2025_dxdt_racing_36,36,GTD,driver_salih_yoluc,Salih Yoluc,3,2,60,72,13,11,11,1,0,1,2,110.897,110.897,110.04,,0.431,1.331,25.93,51.798,33.348,official_alkamel_time_cards_driver_stint,64c2452b244d1c2ecb1db01df0735b1a0f631db0d4e74397ed7fa3a89b845978
session_imsa_2025_daytona_rolex_24_race,imsa_2025_daytona_36_stint_004,car_imsa_2025_dxdt_racing_36,36,GTD,driver_salih_yoluc,Salih Yoluc,4,3,73,103,31,29,29,1,0,2,3,111.485,111.485,110.68,111.4426,1.229,1.997,26.381,51.923,33.222,official_alkamel_time_cards_driver_stint,64c2452b244d1c2ecb1db01df0735b1a0f631db0d4e74397ed7fa3a89b845978
session_imsa_2025_daytona_rolex_24_race,imsa_2025_daytona_36_stint_005,car_imsa_2025_dxdt_racing_36,36,GTD,driver_alec_udell,Alec Udell,5,1,104,131,28,26,26,1,0,3,4,110.257,110.257,108.621,109.9268,0.1975,0.9655,25.953,51.4115,32.9235,official_alkamel_time_cards_driver_stint,64c2452b244d1c2ecb1db01df0735b1a0f631db0d4e74397ed7fa3a89b845978
session_imsa_2025_daytona_rolex_24_race,imsa_2025_daytona_36_stint_006,car_imsa_2025_dxdt_racing_36,36,GTD,driver_alec_udell,Alec Udell,6,2,132,163,32,30,30,1,0,4,5,110.705,110.705,109.856,110.5841,0.0968,0.886,26.1545,51.4875,32.9945,official_alkamel_time_cards_driver_stint,64c2452b244d1c2ecb1db01df0735b1a0f631db0d4e74397ed7fa3a89b845978
session_imsa_2025_daytona_rolex_24_race,imsa_2025_daytona_36_stint_007,car_imsa_2025_dxdt_racing_36,36,GTD,driver_pipo_derani,Pipo Derani,7,1,164,175,12,10,10,1,0,5,5,111.184,111.184,108.938,,0.662,1.402,25.712,52.0215,33.493,official_alkamel_time_cards_driver_stint,64c2452b244d1c2ecb1db01df0735b1a0f631db0d4e74397ed7fa3a89b845978
session_imsa_2025_daytona_rolex_24_race,imsa_2025_daytona_36_stint_008,car_imsa_2025_dxdt_racing_36,36,GTD,driver_pipo_derani,Pipo Derani,8,2,176,207,32,30,30,1,0,5,6,110.73,110.73,109.445,110.548,0.439,1.654,25.982,51.675,33.1055,official_alkamel_time_cards_driver_stint,64c2452b244d1c2ecb1db01df0735b1a0f631db0d4e74397ed7fa3a89b845978
session_imsa_2025_daytona_rolex_24_race,imsa_2025_daytona_36_stint_009,car_imsa_2025_dxdt_racing_36,36,GTD,driver_pipo_derani,Pipo Derani,9,3,208,221,14,12,12,1,0,6,7,110.881,110.881,110.212,,-3.8135,-0.2593,25.9665,51.712,33.318,official_alkamel_time_cards_driver_stint,64c2452b244d1c2ecb1db01df0735b1a0f631db0d4e74397ed7fa3a89b845978
session_imsa_2025_daytona_rolex_24_race,imsa_2025_daytona_36_stint_010,car_imsa_2025_dxdt_racing_36,36,GTD,driver_pipo_derani,Pipo Derani,10,4,222,254,33,31,31,1,0,7,8,110.406,110.406,108.922,109.8089,-0.0635,0.782,25.881,51.35,32.919,official_alkamel_time_cards_driver_stint,64c2452b244d1c2ecb1db01df0735b1a0f631db0d4e74397ed7fa3a89b845978
session_imsa_2025_daytona_rolex_24_race,imsa_2025_daytona_36_stint_011,car_imsa_2025_dxdt_racing_36,36,GTD,driver_salih_yoluc,Salih Yoluc,11,4,255,283,29,27,27,1,0,8,9,111.179,111.179,110.343,110.9466,1.0845,1.746,26.078,51.678,33.391,official_alkamel_time_cards_driver_stint,64c2452b244d1c2ecb1db01df0735b1a0f631db0d4e74397ed7fa3a89b845978
session_imsa_2025_daytona_rolex_24_race,imsa_2025_daytona_36_stint_012,car_imsa_2025_dxdt_racing_36,36,GTD,driver_salih_yoluc,Salih Yoluc,12,5,284,284,1,0,0,1,0,9,9,,,,,,,,,,official_alkamel_time_cards_driver_stint,64c2452b244d1c2ecb1db01df0735b1a0f631db0d4e74397ed7fa3a89b845978
session_imsa_2025_daytona_rolex_24_race,imsa_2025_daytona_36_stint_013,car_imsa_2025_dxdt_racing_36,36,GTD,driver_salih_yoluc,Salih Yoluc,13,6,285,290,6,4,4,1,0,9,9,178.068,178.068,143.861,,67.7245,68.378,41.1255,84.044,54.6765,official_alkamel_time_cards_driver_stint,64c2452b244d1c2ecb1db01df0735b1a0f631db0d4e74397ed7fa3a89b845978
session_imsa_2025_daytona_rolex_24_race,imsa_2025_daytona_36_stint_014,car_imsa_2025_dxdt_racing_36,36,GTD,driver_salih_yoluc,Salih Yoluc,14,7,291,322,32,30,30,1,0,9,10,111.1305,111.1305,110.103,125.9399,0.953,1.937,26.1145,51.4955,33.4955,official_alkamel_time_cards_driver_stint,64c2452b244d1c2ecb1db01df0735b1a0f631db0d4e74397ed7fa3a89b845978
session_imsa_2025_daytona_rolex_24_race,imsa_2025_daytona_36_stint_015,car_imsa_2025_dxdt_racing_36,36,GTD,driver_charlie_eastwood,Charlie Eastwood,15,2,323,351,29,27,27,1,0,11,11,110.013,110.013,109.43,110.025,0.34,1.1745,25.761,51.18,33.018,official_alkamel_time_cards_driver_stint,64c2452b244d1c2ecb1db01df0735b1a0f631db0d4e74397ed7fa3a89b845978
session_imsa_2025_daytona_rolex_24_race,imsa_2025_daytona_36_stint_016,car_imsa_2025_dxdt_racing_36,36,GTD,driver_charlie_eastwood,Charlie Eastwood,16,3,352,355,4,3,3,0,0,11,12,109.764,109.764,109.557,,-0.3765,0.0925,25.769,51.162,32.891,official_alkamel_time_cards_driver_stint,64c2452b244d1c2ecb1db01df0735b1a0f631db0d4e74397ed7fa3a89b845978
session_imsa_2025_daytona_rolex_24_race,imsa_2025_daytona_18_stint_001,car_imsa_2025_era_motorsport_18,18,LMP2,driver_tobi_lutke,Tobi Lutke,1,1,1,23,23,21,21,1,0,0,0,103.81,103.81,102.57,104.3472,0.311,-5.354,24.885,48.078,30.786,official_alkamel_time_cards_driver_stint,64c2452b244d1c2ecb1db01df0735b1a0f631db0d4e74397ed7fa3a89b845978
session_imsa_2025_daytona_rolex_24_race,imsa_2025_daytona_18_stint_002,car_imsa_2025_era_motorsport_18,18,LMP2,driver_tobi_lutke,Tobi Lutke,2,2,24,47,24,22,22,1,0,0,1,104.6435,104.6435,103.843,104.9884,1.6155,-4.7885,25.1225,48.4495,31.0055,official_alkamel_time_cards_driver_stint,64c2452b244d1c2ecb1db01df0735b1a0f631db0d4e74397ed7fa3a89b845978
session_imsa_2025_daytona_rolex_24_race,imsa_2025_daytona_18_stint_003,car_imsa_2025_era_motorsport_18,18,LMP2,driver_david_heinemeier_hansson,David Heinemeier Hansson,3,1,48,70,23,21,21,1,0,1,2,101.95,101.95,100.061,101.9846,-1.032,-7.616,24.277,47.467,29.919,official_alkamel_time_cards_driver_stint,64c2452b244d1c2ecb1db01df0735b1a0f631db0d4e74397ed7fa3a89b845978
session_imsa_2025_daytona_rolex_24_race,imsa_2025_daytona_18_stint_004,car_imsa_2025_era_motorsport_18,18,LMP2,driver_david_heinemeier_hansson,David Heinemeier Hansson,4,2,71,77,7,5,5,1,0,2,2,164.462,164.462,116.486,,60.772,54.5905,31.958,81.486,50.473,official_alkamel_time_cards_driver_stint,64c2452b244d1c2ecb1db01df0735b1a0f631db0d4e74397ed7fa3a89b845978
session_imsa_2025_daytona_rolex_24_race,imsa_2025_daytona_18_stint_005,car_imsa_2025_era_motorsport_18,18,LMP2,driver_david_heinemeier_hansson,David Heinemeier Hansson,5,3,78,92,15,13,13,1,0,2,2,102.74,102.74,101.521,,-0.95,-7.1315,24.972,47.824,29.948,official_alkamel_time_cards_driver_stint,64c2452b244d1c2ecb1db01df0735b1a0f631db0d4e74397ed7fa3a89b845978
session_imsa_2025_daytona_rolex_24_race,imsa_2025_daytona_18_stint_006,car_imsa_2025_era_motorsport_18,18,LMP2,driver_david_heinemeier_hansson,David Heinemeier Hansson,6,4,93,101,9,7,7,1,0,2,3,103.217,103.217,101.761,,0.12,-6.387,24.584,48.138,30.073,official_alkamel_time_cards_driver_stint,64c2452b244d1c2ecb1db01df0735b1a0f631db0d4e74397ed7fa3a89b845978
session_imsa_2025_daytona_rolex_24_race,imsa_2025_daytona_18_stint_007,car_imsa_2025_era_motorsport_18,18,LMP2,driver_ryan_dalziel,Ryan Dalziel,7,1,102,124,23,21,21,1,0,3,3,101.921,101.921,100.592,101.8019,-0.414,-7.3,23.992,47.591,29.875,official_alkamel_time_cards_driver_stint,64c2452b244d1c2ecb1db01df0735b1a0f631db0d4e74397ed7fa3a89b845978
session_imsa_2025_daytona_rolex_24_race,imsa_2025_daytona_18_stint_008,car_imsa_2025_era_motorsport_18,18,LMP2,driver_ryan_dalziel,Ryan Dalziel,8,2,125,137,13,11,11,1,0,3,4,102.429,102.429,101.231,,-0.84,-7.427,24.173,48.166,30.19,official_alkamel_time_cards_driver_stint,64c2452b244d1c2ecb1db01df0735b1a0f631db0d4e74397ed7fa3a89b845978
session_imsa_2025_daytona_rolex_24_race,imsa_2025_daytona_18_stint_009,car_imsa_2025_era_motorsport_18,18,LMP2,driver_tobi_lutke,Tobi Lutke,9,3,138,163,26,24,24,1,0,4,5,105.1285,105.1285,102.836,105.1906,1.8835,-4.7035,25.155,48.5385,31.0235,official_alkamel_time_cards_driver_stint,64c2452b244d1c2ecb1db01df0735b1a0f631db0d4e74397ed7fa3a89b845978
session_imsa_2025_daytona_rolex_24_race,imsa_2025_daytona_18_stint_010,car_imsa_2025_era_motorsport_18,18,LMP2,driver_tobi_lutke,Tobi Lutke,10,4,164,187,24,22,22,1,0,5,5,105.9095,105.9095,103.263,112.6334,3.845,-3.8725,25.704,49.0495,30.9815,official_alkamel_time_cards_driver_stint,64c2452b244d1c2ecb1db01df0735b1a0f631db0d4e74397ed7fa3a89b845978
session_imsa_2025_daytona_rolex_24_race,imsa_2025_daytona_18_stint_011,car_imsa_2025_era_motorsport_18,18,LMP2,driver_david_heinemeier_hansson,David Heinemeier Hansson,11,5,188,210,23,21,21,1,0,5,6,101.642,101.642,100.151,101.8439,-0.01,-7.402,24.148,47.289,29.814,official_alkamel_time_cards_driver_stint,64c2452b244d1c2ecb1db01df0735b1a0f631db0d4e74397ed7fa3a89b845978
session_imsa_2025_daytona_rolex_24_race,imsa_2025_daytona_18_stint_012,car_imsa_2025_era_motorsport_18,18,LMP2,driver_david_heinemeier_hansson,David Heinemeier Hansson,12,6,211,234,24,22,22,1,0,6,7,102.753,102.753,101.35,106.2083,0.769,-7.008,24.53,47.8935,30.349,official_alkamel_time_cards_driver_stint,64c2452b244d1c2ecb1db01df0735b1a0f631db0d4e74397ed7fa3a89b845978
session_imsa_2025_daytona_rolex_24_race,imsa_2025_daytona_18_stint_013,car_imsa_2025_era_motorsport_18,18,LMP2,driver_paul_loup_chatin,Paul-Loup Chatin,13,1,235,263,29,27,27,1,0,7,8,103.105,103.105,99.547,119.7019,-0.704,-7.825,24.701,47.897,30.506,official_alkamel_time_cards_driver_stint,64c2452b244d1c2ecb1db01df0735b1a0f631db0d4e74397ed7fa3a89b845978
session_imsa_2025_daytona_rolex_24_race,imsa_2025_daytona_18_stint_014,car_imsa_2025_era_motorsport_18,18,LMP2,driver_paul_loup_chatin,Paul-Loup Chatin,14,2,264,287,24,22,22,1,0,8,9,101.5365,101.5365,100.512,101.4578,-0.328,-7.449,24.019,47.372,29.7535,official_alkamel_time_cards_driver_stint,64c2452b244d1c2ecb1db01df0735b1a0f631db0d4e74397ed7fa3a89b845978
session_imsa_2025_daytona_rolex_24_race,imsa_2025_daytona_18_stint_015,car_imsa_2025_era_motorsport_18,18,LMP2,driver_tobi_lutke,Tobi Lutke,15,5,288,310,23,21,21,1,0,9,9,106.531,106.531,104.36,118.4301,3.7825,-3.159,25.793,49.753,31.051,official_alkamel_time_cards_driver_stint,64c2452b244d1c2ecb1db01df0735b1a0f631db0d4e74397ed7fa3a89b845978
session_imsa_2025_daytona_rolex_24_race,imsa_2025_daytona_18_stint_016,car_imsa_2025_era_motorsport_18,18,LMP2,driver_tobi_lutke,Tobi Lutke,16,6,311,328,18,16,16,1,0,9,10,108.8075,108.8075,105.658,,7.428,-0.386,26.186,50.236,32.0825,official_alkamel_time_cards_driver_stint,64c2452b244d1c2ecb1db01df0735b1a0f631db0d4e74397ed7fa3a89b845978
session_imsa_2025_daytona_rolex_24_race,imsa_2025_daytona_18_stint_017,car_imsa_2025_era_motorsport_18,18,LMP2,driver_tobi_lutke,Tobi Lutke,17,7,329,334,6,4,4,1,0,10,10,127.8895,127.8895,104.267,,26.51,18.696,31.9085,62.418,32.697,official_alkamel_time_cards_driver_stint,64c2452b244d1c2ecb1db01df0735b1a0f631db0d4e74397ed7fa3a89b845978
session_imsa_2025_daytona_rolex_24_race,imsa_2025_daytona_18_stint_018,car_imsa_2025_era_motorsport_18,18,LMP2,driver_david_heinemeier_hansson,David Heinemeier Hansson,18,7,335,357,23,21,21,1,0,10,11,101.826,101.826,100.83,101.8981,0.5405,-7.2735,24.088,47.332,30.186,official_alkamel_time_cards_driver_stint,64c2452b244d1c2ecb1db01df0735b1a0f631db0d4e74397ed7fa3a89b845978
session_imsa_2025_daytona_rolex_24_race,imsa_2025_daytona_18_stint_019,car_imsa_2025_era_motorsport_18,18,LMP2,driver_david_heinemeier_hansson,David Heinemeier Hansson,19,8,358,379,22,20,20,1,0,11,12,102.058,102.058,101.54,102.3007,0.846,-6.7805,24.1605,47.7025,30.164,official_alkamel_time_cards_driver_stint,64c2452b244d1c2ecb1db01df0735b1a0f631db0d4e74397ed7fa3a89b845978
session_imsa_2025_daytona_rolex_24_race,imsa_2025_daytona_18_stint_020,car_imsa_2025_era_motorsport_18,18,LMP2,driver_paul_loup_chatin,Paul-Loup Chatin,20,3,380,387,8,6,6,1,0,12,12,149.5505,149.5505,119.984,,47.4305,39.879,29.722,73.6485,40.7105,official_alkamel_time_cards_driver_stint,64c2452b244d1c2ecb1db01df0735b1a0f631db0d4e74397ed7fa3a89b845978
session_imsa_2025_daytona_rolex_24_race,imsa_2025_daytona_18_stint_021,car_imsa_2025_era_motorsport_18,18,LMP2,driver_paul_loup_chatin,Paul-Loup Chatin,21,4,388,412,25,23,23,1,0,12,13,101.566,101.566,99.889,109.9199,-0.011,-7.3335,24.319,47.152,30.037,official_alkamel_time_cards_driver_stint,64c2452b244d1c2ecb1db01df0735b1a0f631db0d4e74397ed7fa3a89b845978
session_imsa_2025_daytona_rolex_24_race,imsa_2025_daytona_18_stint_022,car_imsa_2025_era_motorsport_18,18,LMP2,driver_paul_loup_chatin,Paul-Loup Chatin,22,5,413,436,24,22,22,1,0,13,13,101.6645,101.6645,100.747,103.6348,0.0875,-7.162,24.164,47.229,30.0055,official_alkamel_time_cards_driver_stint,64c2452b244d1c2ecb1db01df0735b1a0f631db0d4e74397ed7fa3a89b845978
session_imsa_2025_daytona_rolex_24_race,imsa_2025_daytona_18_stint_023,car_imsa_2025_era_motorsport_18,18,LMP2,driver_ryan_dalziel,Ryan Dalziel,23,3,437,461,25,23,23,1,0,13,14,100.77,100.77,99.765,104.7553,-0.477,-8.4655,23.741,46.804,29.934,official_alkamel_time_cards_driver_stint,64c2452b244d1c2ecb1db01df0735b1a0f631db0d4e74397ed7fa3a89b845978
session_imsa_2025_daytona_rolex_24_race,imsa_2025_daytona_18_stint_024,car_imsa_2025_era_motorsport_18,18,LMP2,driver_ryan_dalziel,Ryan Dalziel,24,4,462,484,23,21,21,1,0,14,15,101.407,101.407,100.549,101.5322,0.1955,-7.193,24.18,47.211,29.848,official_alkamel_time_cards_driver_stint,64c2452b244d1c2ecb1db01df0735b1a0f631db0d4e74397ed7fa3a89b845978
session_imsa_2025_daytona_rolex_24_race,imsa_2025_daytona_18_stint_025,car_imsa_2025_era_motorsport_18,18,LMP2,driver_paul_loup_chatin,Paul-Loup Chatin,25,6,485,508,24,22,22,1,0,15,16,101.115,101.115,99.123,101.5747,-0.0165,-7.405,23.9535,46.8565,29.6425,official_alkamel_time_cards_driver_stint,64c2452b244d1c2ecb1db01df0735b1a0f631db0d4e74397ed7fa3a89b845978
session_imsa_2025_daytona_rolex_24_race,imsa_2025_daytona_18_stint_026,car_imsa_2025_era_motorsport_18,18,LMP2,driver_paul_loup_chatin,Paul-Loup Chatin,26,7,509,531,23,21,21,1,0,16,16,100.284,100.284,99.03,100.3541,-0.754,-8.194,23.844,46.868,29.522,official_alkamel_time_cards_driver_stint,64c2452b244d1c2ecb1db01df0735b1a0f631db0d4e74397ed7fa3a89b845978
session_imsa_2025_daytona_rolex_24_race,imsa_2025_daytona_18_stint_027,car_imsa_2025_era_motorsport_18,18,LMP2,driver_david_heinemeier_hansson,David Heinemeier Hansson,27,9,532,555,24,22,22,1,0,16,17,101.413,101.413,99.767,101.3462,0.586,-6.95,24.2815,47.1295,29.9335,official_alkamel_time_cards_driver_stint,64c2452b244d1c2ecb1db01df0735b1a0f631db0d4e74397ed7fa3a89b845978
session_imsa_2025_daytona_rolex_24_race,imsa_2025_daytona_18_stint_028,car_imsa_2025_era_motorsport_18,18,LMP2,driver_david_heinemeier_hansson,David Heinemeier Hansson,28,10,556,579,24,22,22,1,0,17,18,100.963,100.963,99.793,101.0239,-0.266,-7.802,23.8065,47.037,29.883,official_alkamel_time_cards_driver_stint,64c2452b244d1c2ecb1db01df0735b1a0f631db0d4e74397ed7fa3a89b845978
session_imsa_2025_daytona_rolex_24_race,imsa_2025_daytona_18_stint_029,car_imsa_2025_era_motorsport_18,18,LMP2,driver_ryan_dalziel,Ryan Dalziel,29,5,580,587,8,6,6,1,0,18,18,109.118,109.118,100.791,,4.548,-1.077,25.047,51.061,31.567,official_alkamel_time_cards_driver_stint,64c2452b244d1c2ecb1db01df0735b1a0f631db0d4e74397ed7fa3a89b845978
session_imsa_2025_daytona_rolex_24_race,imsa_2025_daytona_18_stint_030,car_imsa_2025_era_motorsport_18,18,LMP2,driver_ryan_dalziel,Ryan Dalziel,30,6,588,614,27,25,25,1,0,18,19,101.908,101.908,100.149,113.3565,0.342,-6.3325,24.507,47.362,29.835,official_alkamel_time_cards_driver_stint,64c2452b244d1c2ecb1db01df0735b1a0f631db0d4e74397ed7fa3a89b845978
session_imsa_2025_daytona_rolex_24_race,imsa_2025_daytona_18_stint_031,car_imsa_2025_era_motorsport_18,18,LMP2,driver_ryan_dalziel,Ryan Dalziel,31,7,615,638,24,22,22,1,0,19,20,101.026,101.026,100.385,101.3226,0.2055,-7.3138,23.9345,47.265,29.886,official_alkamel_time_cards_driver_stint,64c2452b244d1c2ecb1db01df0735b1a0f631db0d4e74397ed7fa3a89b845978
session_imsa_2025_daytona_rolex_24_race,imsa_2025_daytona_18_stint_032,car_imsa_2025_era_motorsport_18,18,LMP2,driver_paul_loup_chatin,Paul-Loup Chatin,32,8,639,662,24,22,22,1,0,20,20,100.7645,100.7645,99.74,100.9064,-0.0735,-7.8515,23.861,47.3275,29.5345,official_alkamel_time_cards_driver_stint,64c2452b244d1c2ecb1db01df0735b1a0f631db0d4e74397ed7fa3a89b845978
session_imsa_2025_daytona_rolex_24_race,imsa_2025_daytona_18_stint_033,car_imsa_2025_era_motorsport_18,18,LMP2,driver_paul_loup_chatin,Paul-Loup Chatin,33,9,663,686,24,22,22,1,0,20,21,101.306,101.306,100.119,101.2612,-0.176,-7.496,23.94,47.385,29.647,official_alkamel_time_cards_driver_stint,64c2452b244d1c2ecb1db01df0735b1a0f631db0d4e74397ed7fa3a89b845978
session_imsa_2025_daytona_rolex_24_race,imsa_2025_daytona_18_stint_034,car_imsa_2025_era_motorsport_18,18,LMP2,driver_ryan_dalziel,Ryan Dalziel,34,8,687,701,15,13,13,1,0,21,21,101.536,101.536,100.701,,0.031,-7.289,24.227,47.546,29.913,official_alkamel_time_cards_driver_stint,64c2452b244d1c2ecb1db01df0735b1a0f631db0d4e74397ed7fa3a89b845978
session_imsa_2025_daytona_rolex_24_race,imsa_2025_daytona_18_stint_035,car_imsa_2025_era_motorsport_18,18,LMP2,driver_ryan_dalziel,Ryan Dalziel,35,9,702,724,23,21,21,1,0,22,22,101.871,101.871,100.696,112.9633,0.344,-7.3375,24.222,47.642,29.834,official_alkamel_time_cards_driver_stint,64c2452b244d1c2ecb1db01df0735b1a0f631db0d4e74397ed7fa3a89b845978
session_imsa_2025_daytona_rolex_24_race,imsa_2025_daytona_18_stint_036,car_imsa_2025_era_motorsport_18,18,LMP2,driver_paul_loup_chatin,Paul-Loup Chatin,36,10,725,734,10,8,8,1,0,22,23,102.0985,102.0985,100.271,,0.5715,-7.11,24.123,47.508,30.3435,official_alkamel_time_cards_driver_stint,64c2452b244d1c2ecb1db01df0735b1a0f631db0d4e74397ed7fa3a89b845978
session_imsa_2025_daytona_rolex_24_race,imsa_2025_daytona_18_stint_037,car_imsa_2025_era_motorsport_18,18,LMP2,driver_paul_loup_chatin,Paul-Loup Chatin,37,11,735,738,4,2,2,1,0,23,23,116.543,116.543,108.594,,13.5775,7.656,30.8655,53.079,32.5985,official_alkamel_time_cards_driver_stint,64c2452b244d1c2ecb1db01df0735b1a0f631db0d4e74397ed7fa3a89b845978
session_imsa_2025_daytona_rolex_24_race,imsa_2025_daytona_18_stint_038,car_imsa_2025_era_motorsport_18,18,LMP2,driver_paul_loup_chatin,Paul-Loup Chatin,38,12,739,751,13,11,11,1,0,23,23,100.226,100.226,99.866,,-2.7395,-8.661,23.9,47.313,29.336,official_alkamel_time_cards_driver_stint,64c2452b244d1c2ecb1db01df0735b1a0f631db0d4e74397ed7fa3a89b845978
session_imsa_2025_daytona_rolex_24_race,imsa_2025_daytona_18_stint_039,car_imsa_2025_era_motorsport_18,18,LMP2,driver_paul_loup_chatin,Paul-Loup Chatin,39,13,752,764,13,12,12,0,0,23,24,104.402,104.402,102.363,,1.4365,-4.53,24.9995,48.7185,30.5065,official_alkamel_time_cards_driver_stint,64c2452b244d1c2ecb1db01df0735b1a0f631db0d4e74397ed7fa3a89b845978
session_imsa_2025_daytona_rolex_24_race,imsa_2025_daytona_64_stint_001,car_imsa_2025_ford_multimatic_motorsports_64,64,GTDPRO,driver_mike_rockenfeller,Mike Rockenfeller,1,1,1,31,31,29,29,1,0,0,0,109.393,109.393,108.264,109.2114,-0.14,0.229,25.978,50.934,32.434,official_alkamel_time_cards_driver_stint,64c2452b244d1c2ecb1db01df0735b1a0f631db0d4e74397ed7fa3a89b845978
session_imsa_2025_daytona_rolex_24_race,imsa_2025_daytona_64_stint_002,car_imsa_2025_ford_multimatic_motorsports_64,64,GTDPRO,driver_mike_rockenfeller,Mike Rockenfeller,2,2,32,62,31,29,29,1,0,0,1,109.957,109.957,108.98,109.917,0.076,0.391,26.191,51.165,32.545,official_alkamel_time_cards_driver_stint,64c2452b244d1c2ecb1db01df0735b1a0f631db0d4e74397ed7fa3a89b845978
session_imsa_2025_daytona_rolex_24_race,imsa_2025_daytona_64_stint_003,car_imsa_2025_ford_multimatic_motorsports_64,64,GTDPRO,driver_sebastian_priaulx,Sebastian Priaulx,3,1,63,72,10,8,8,1,0,1,2,108.86,108.86,108.136,,-0.997,-1.0115,25.697,50.755,32.4385,official_alkamel_time_cards_driver_stint,64c2452b244d1c2ecb1db01df0735b1a0f631db0d4e74397ed7fa3a89b845978
session_imsa_2025_daytona_rolex_24_race,imsa_2025_daytona_64_stint_004,car_imsa_2025_ford_multimatic_motorsports_64,64,GTDPRO,driver_sebastian_priaulx,Sebastian Priaulx,4,2,73,105,33,31,31,1,0,2,3,109.337,109.337,108.498,109.2458,-0.511,-0.3965,25.981,50.84,32.404,official_alkamel_time_cards_driver_stint,64c2452b244d1c2ecb1db01df0735b1a0f631db0d4e74397ed7fa3a89b845978
session_imsa_2025_daytona_rolex_24_race,imsa_2025_daytona_64_stint_005,car_imsa_2025_ford_multimatic_motorsports_64,64,GTDPRO,driver_sebastian_priaulx,Sebastian Priaulx,5,3,106,131,26,24,24,1,0,3,4,109.3065,109.3065,108.792,109.3121,-0.3465,-0.0265,25.8755,50.9965,32.459,official_alkamel_time_cards_driver_stint,64c2452b244d1c2ecb1db01df0735b1a0f631db0d4e74397ed7fa3a89b845978
session_imsa_2025_daytona_rolex_24_race,imsa_2025_daytona_64_stint_006,car_imsa_2025_ford_multimatic_motorsports_64,64,GTDPRO,driver_austin_cindric,Austin Cindric,6,1,132,162,31,29,29,1,0,4,5,109.541,109.541,108.466,109.373,-0.325,-0.241,25.87,51.194,32.506,official_alkamel_time_cards_driver_stint,64c2452b244d1c2ecb1db01df0735b1a0f631db0d4e74397ed7fa3a89b845978
session_imsa_2025_daytona_rolex_24_race,imsa_2025_daytona_64_stint_007,car_imsa_2025_ford_multimatic_motorsports_64,64,GTDPRO,driver_austin_cindric,Austin Cindric,7,2,163,176,14,12,12,1,0,5,5,110.0585,110.0585,109.29,,0.1845,0.2765,26.0755,51.2725,32.599,official_alkamel_time_cards_driver_stint,64c2452b244d1c2ecb1db01df0735b1a0f631db0d4e74397ed7fa3a89b845978
session_imsa_2025_daytona_rolex_24_race,imsa_2025_daytona_64_stint_008,car_imsa_2025_ford_multimatic_motorsports_64,64,GTDPRO,driver_austin_cindric,Austin Cindric,8,3,177,207,31,29,29,1,0,5,6,109.339,109.339,108.135,109.1816,-0.202,0.295,25.828,51.076,32.432,official_alkamel_time_cards_driver_stint,64c2452b244d1c2ecb1db01df0735b1a0f631db0d4e74397ed7fa3a89b845978
session_imsa_2025_daytona_rolex_24_race,imsa_2025_daytona_64_stint_009,car_imsa_2025_ford_multimatic_motorsports_64,64,GTDPRO,driver_mike_rockenfeller,Mike Rockenfeller,9,3,208,223,16,14,14,1,0,6,7,109.6905,109.6905,108.294,,-18.0195,-23.878,26.0835,50.912,32.505,official_alkamel_time_cards_driver_stint,64c2452b244d1c2ecb1db01df0735b1a0f631db0d4e74397ed7fa3a89b845978
session_imsa_2025_daytona_rolex_24_race,imsa_2025_daytona_64_stint_010,car_imsa_2025_ford_multimatic_motorsports_64,64,GTDPRO,driver_mike_rockenfeller,Mike Rockenfeller,10,4,224,258,35,33,33,1,0,7,8,109.457,109.457,108.846,109.2333,0.187,0.258,26.039,51.075,32.488,official_alkamel_time_cards_driver_stint,64c2452b244d1c2ecb1db01df0735b1a0f631db0d4e74397ed7fa3a89b845978
session_imsa_2025_daytona_rolex_24_race,imsa_2025_daytona_64_stint_011,car_imsa_2025_ford_multimatic_motorsports_64,64,GTDPRO,driver_mike_rockenfeller,Mike Rockenfeller,11,5,259,289,31,29,29,1,0,8,9,109.544,109.544,108.572,109.5213,-0.115,0.069,25.915,51.085,32.53,official_alkamel_time_cards_driver_stint,64c2452b244d1c2ecb1db01df0735b1a0f631db0d4e74397ed7fa3a89b845978
session_imsa_2025_daytona_rolex_24_race,imsa_2025_daytona_64_stint_012,car_imsa_2025_ford_multimatic_motorsports_64,64,GTDPRO,driver_sebastian_priaulx,Sebastian Priaulx,12,4,290,310,21,19,19,1,0,9,10,109.244,109.244,107.736,,-0.026,0.0505,26.349,50.734,32.94,official_alkamel_time_cards_driver_stint,64c2452b244d1c2ecb1db01df0735b1a0f631db0d4e74397ed7fa3a89b845978
session_imsa_2025_daytona_rolex_24_race,imsa_2025_daytona_64_stint_013,car_imsa_2025_ford_multimatic_motorsports_64,64,GTDPRO,driver_sebastian_priaulx,Sebastian Priaulx,13,5,311,342,32,30,30,1,0,10,11,109.402,109.402,108.845,109.37,0.137,0.4605,26.033,50.9325,32.453,official_alkamel_time_cards_driver_stint,64c2452b244d1c2ecb1db01df0735b1a0f631db0d4e74397ed7fa3a89b845978
session_imsa_2025_daytona_rolex_24_race,imsa_2025_daytona_64_stint_014,car_imsa_2025_ford_multimatic_motorsports_64,64,GTDPRO,driver_sebastian_priaulx,Sebastian Priaulx,14,6,343,366,24,22,22,1,0,11,12,109.2895,109.2895,107.832,113.619,-0.1545,0.1855,25.8975,50.816,32.4475,official_alkamel_time_cards_driver_stint,64c2452b244d1c2ecb1db01df0735b1a0f631db0d4e74397ed7fa3a89b845978
session_imsa_2025_daytona_rolex_24_race,imsa_2025_daytona_64_stint_015,car_imsa_2025_ford_multimatic_motorsports_64,64,GTDPRO,driver_austin_cindric,Austin Cindric,15,4,367,399,33,31,31,1,0,12,13,109.439,109.439,108.412,109.0519,0.361,0.5455,25.966,51.039,32.462,official_alkamel_time_cards_driver_stint,64c2452b244d1c2ecb1db01df0735b1a0f631db0d4e74397ed7fa3a89b845978
session_imsa_2025_daytona_rolex_24_race,imsa_2025_daytona_64_stint_016,car_imsa_2025_ford_multimatic_motorsports_64,64,GTDPRO,driver_austin_cindric,Austin Cindric,16,5,400,414,15,13,13,1,0,13,13,109.373,109.373,108.183,,0.362,0.5465,25.609,50.816,32.515,official_alkamel_time_cards_driver_stint,64c2452b244d1c2ecb1db01df0735b1a0f631db0d4e74397ed7fa3a89b845978
session_imsa_2025_daytona_rolex_24_race,imsa_2025_daytona_64_stint_017,car_imsa_2025_ford_multimatic_motorsports_64,64,GTDPRO,driver_austin_cindric,Austin Cindric,17,6,415,446,32,30,30,1,0,14,15,110.319,110.319,109.147,110.1641,0.812,1.0835,26.3045,51.2815,32.6325,official_alkamel_time_cards_driver_stint,64c2452b244d1c2ecb1db01df0735b1a0f631db0d4e74397ed7fa3a89b845978
session_imsa_2025_daytona_rolex_24_race,imsa_2025_daytona_64_stint_018,car_imsa_2025_ford_multimatic_motorsports_64,64,GTDPRO,driver_mike_rockenfeller,Mike Rockenfeller,18,6,447,477,31,29,29,1,0,15,15,109.16,109.16,108.023,108.9681,0.0035,0.64,25.936,50.881,32.376,official_alkamel_time_cards_driver_stint,64c2452b244d1c2ecb1db01df0735b1a0f631db0d4e74397ed7fa3a89b845978
session_imsa_2025_daytona_rolex_24_race,imsa_2025_daytona_64_stint_019,car_imsa_2025_ford_multimatic_motorsports_64,64,GTDPRO,driver_mike_rockenfeller,Mike Rockenfeller,19,7,478,508,31,29,29,1,0,16,16,109.327,109.327,108.206,109.0304,0.322,0.849,25.863,50.91,32.434,official_alkamel_time_cards_driver_stint,64c2452b244d1c2ecb1db01df0735b1a0f631db0d4e74397ed7fa3a89b845978
session_imsa_2025_daytona_rolex_24_race,imsa_2025_daytona_64_stint_020,car_imsa_2025_ford_multimatic_motorsports_64,64,GTDPRO,driver_sebastian_priaulx,Sebastian Priaulx,20,7,509,537,29,27,27,1,0,17,17,109.307,109.307,107.349,108.8002,0.269,1.041,25.845,50.846,32.476,official_alkamel_time_cards_driver_stint,64c2452b244d1c2ecb1db01df0735b1a0f631db0d4e74397ed7fa3a89b845978
session_imsa_2025_daytona_rolex_24_race,imsa_2025_daytona_64_stint_021,car_imsa_2025_ford_multimatic_motorsports_64,64,GTDPRO,driver_sebastian_priaulx,Sebastian Priaulx,21,8,538,556,19,17,17,1,0,17,18,108.461,108.461,107.882,,-1.514,-1.488,25.545,50.558,32.357,official_alkamel_time_cards_driver_stint,64c2452b244d1c2ecb1db01df0735b1a0f631db0d4e74397ed7fa3a89b845978
session_imsa_2025_daytona_rolex_24_race,imsa_2025_daytona_64_stint_022,car_imsa_2025_ford_multimatic_motorsports_64,64,GTDPRO,driver_austin_cindric,Austin Cindric,22,7,557,590,34,32,32,1,0,18,19,109.4595,109.4595,108.297,109.0804,0.402,1.1855,25.971,51.16,32.3685,official_alkamel_time_cards_driver_stint,64c2452b244d1c2ecb1db01df0735b1a0f631db0d4e74397ed7fa3a89b845978
session_imsa_2025_daytona_rolex_24_race,imsa_2025_daytona_64_stint_023,car_imsa_2025_ford_multimatic_motorsports_64,64,GTDPRO,driver_mike_rockenfeller,Mike Rockenfeller,23,8,591,621,31,29,29,1,0,19,20,109.298,109.298,108.045,109.1903,-0.0005,0.8165,26.013,51.014,32.293,official_alkamel_time_cards_driver_stint,64c2452b244d1c2ecb1db01df0735b1a0f631db0d4e74397ed7fa3a89b845978
session_imsa_2025_daytona_rolex_24_race,imsa_2025_daytona_64_stint_024,car_imsa_2025_ford_multimatic_motorsports_64,64,GTDPRO,driver_mike_rockenfeller,Mike Rockenfeller,24,9,622,644,23,21,21,1,0,20,21,109.163,109.163,107.946,108.9643,-0.254,0.354,25.882,50.951,32.217,official_alkamel_time_cards_driver_stint,64c2452b244d1c2ecb1db01df0735b1a0f631db0d4e74397ed7fa3a89b845978
session_imsa_2025_daytona_rolex_24_race,imsa_2025_daytona_64_stint_025,car_imsa_2025_ford_multimatic_motorsports_64,64,GTDPRO,driver_sebastian_priaulx,Sebastian Priaulx,25,9,645,663,19,17,17,1,0,21,22,108.92,108.92,108.391,,-0.513,0.095,25.783,50.794,32.217,official_alkamel_time_cards_driver_stint,64c2452b244d1c2ecb1db01df0735b1a0f631db0d4e74397ed7fa3a89b845978
session_imsa_2025_daytona_rolex_24_race,imsa_2025_daytona_64_stint_026,car_imsa_2025_ford_multimatic_motorsports_64,64,GTDPRO,driver_sebastian_priaulx,Sebastian Priaulx,26,10,664,682,19,17,17,1,0,22,22,109.069,109.069,107.747,,-0.639,-0.1395,26.243,50.714,32.273,official_alkamel_time_cards_driver_stint,64c2452b244d1c2ecb1db01df0735b1a0f631db0d4e74397ed7fa3a89b845978
session_imsa_2025_daytona_rolex_24_race,imsa_2025_daytona_64_stint_027,car_imsa_2025_ford_multimatic_motorsports_64,64,GTDPRO,driver_sebastian_priaulx,Sebastian Priaulx,27,11,683,698,16,14,14,1,0,22,23,108.9105,108.9105,108.351,,-0.7125,-0.213,25.7005,50.8585,32.325,official_alkamel_time_cards_driver_stint,64c2452b244d1c2ecb1db01df0735b1a0f631db0d4e74397ed7fa3a89b845978
session_imsa_2025_daytona_rolex_24_race,imsa_2025_daytona_64_stint_028,car_imsa_2025_ford_multimatic_motorsports_64,64,GTDPRO,driver_sebastian_priaulx,Sebastian Priaulx,28,12,699,723,25,24,24,0,0,23,24,108.9135,108.9135,107.976,108.8708,-0.4955,0.0265,25.916,50.8305,32.1845,official_alkamel_time_cards_driver_stint,64c2452b244d1c2ecb1db01df0735b1a0f631db0d4e74397ed7fa3a89b845978
session_imsa_2025_daytona_rolex_24_race,imsa_2025_daytona_65_stint_001,car_imsa_2025_ford_multimatic_motorsports_65,65,GTDPRO,driver_frederic_vervisch,Frederic Vervisch,1,1,1,30,30,28,28,1,0,0,0,109.2745,109.2745,108.483,109.2146,-0.2585,0.1105,26.0565,50.872,32.4105,official_alkamel_time_cards_driver_stint,64c2452b244d1c2ecb1db01df0735b1a0f631db0d4e74397ed7fa3a89b845978
session_imsa_2025_daytona_rolex_24_race,imsa_2025_daytona_65_stint_002,car_imsa_2025_ford_multimatic_motorsports_65,65,GTDPRO,driver_frederic_vervisch,Frederic Vervisch,2,2,31,61,31,29,29,1,0,0,1,109.778,109.778,108.311,109.6035,-0.103,0.212,26.11,51.101,32.435,official_alkamel_time_cards_driver_stint,64c2452b244d1c2ecb1db01df0735b1a0f631db0d4e74397ed7fa3a89b845978
session_imsa_2025_daytona_rolex_24_race,imsa_2025_daytona_65_stint_003,car_imsa_2025_ford_multimatic_motorsports_65,65,GTDPRO,driver_dennis_olsen,Dennis Olsen,3,1,62,72,11,9,9,1,0,1,2,109.688,109.688,109.177,,-0.193,-0.0195,25.731,51.303,32.537,official_alkamel_time_cards_driver_stint,64c2452b244d1c2ecb1db01df0735b1a0f631db0d4e74397ed7fa3a89b845978
session_imsa_2025_daytona_rolex_24_race,imsa_2025_daytona_65_stint_004,car_imsa_2025_ford_multimatic_motorsports_65,65,GTDPRO,driver_dennis_olsen,Dennis Olsen,4,2,73,104,32,30,30,1,0,2,3,109.267,109.267,108.65,109.1852,-0.552,-0.3957,25.9115,50.908,32.419,official_alkamel_time_cards_driver_stint,64c2452b244d1c2ecb1db01df0735b1a0f631db0d4e74397ed7fa3a89b845978
session_imsa_2025_daytona_rolex_24_race,imsa_2025_daytona_65_stint_005,car_imsa_2025_ford_multimatic_motorsports_65,65,GTDPRO,driver_dennis_olsen,Dennis Olsen,5,3,105,131,27,25,25,1,0,3,4,109.292,109.292,108.704,109.2657,-0.484,-0.115,25.856,50.837,32.404,official_alkamel_time_cards_driver_stint,64c2452b244d1c2ecb1db01df0735b1a0f631db0d4e74397ed7fa3a89b845978
session_imsa_2025_daytona_rolex_24_race,imsa_2025_daytona_65_stint_006,car_imsa_2025_ford_multimatic_motorsports_65,65,GTDPRO,driver_christopher_mies,Christopher Mies,6,1,132,162,31,29,29,1,0,4,5,109.066,109.066,107.797,108.8454,-0.734,-0.728,25.635,50.845,32.587,official_alkamel_time_cards_driver_stint,64c2452b244d1c2ecb1db01df0735b1a0f631db0d4e74397ed7fa3a89b845978
session_imsa_2025_daytona_rolex_24_race,imsa_2025_daytona_65_stint_007,car_imsa_2025_ford_multimatic_motorsports_65,65,GTDPRO,driver_christopher_mies,Christopher Mies,7,2,163,176,14,12,12,1,0,5,5,109.449,109.449,108.85,,-0.425,-0.333,25.9995,50.8985,32.7825,official_alkamel_time_cards_driver_stint,64c2452b244d1c2ecb1db01df0735b1a0f631db0d4e74397ed7fa3a89b845978
session_imsa_2025_daytona_rolex_24_race,imsa_2025_daytona_65_stint_008,car_imsa_2025_ford_multimatic_motorsports_65,65,GTDPRO,driver_christopher_mies,Christopher Mies,8,3,177,208,32,30,30,1,0,5,6,109.517,109.517,109.166,109.4924,-0.024,0.473,25.9675,50.9595,32.548,official_alkamel_time_cards_driver_stint,64c2452b244d1c2ecb1db01df0735b1a0f631db0d4e74397ed7fa3a89b845978
session_imsa_2025_daytona_rolex_24_race,imsa_2025_daytona_65_stint_009,car_imsa_2025_ford_multimatic_motorsports_65,65,GTDPRO,driver_frederic_vervisch,Frederic Vervisch,9,3,209,223,15,13,13,1,0,6,7,109.64,109.64,107.806,,-22.81,-28.6685,26.064,50.839,32.601,official_alkamel_time_cards_driver_stint,64c2452b244d1c2ecb1db01df0735b1a0f631db0d4e74397ed7fa3a89b845978
session_imsa_2025_daytona_rolex_24_race,imsa_2025_daytona_65_stint_010,car_imsa_2025_ford_multimatic_motorsports_65,65,GTDPRO,driver_frederic_vervisch,Frederic Vervisch,10,4,224,260,37,35,35,1,0,7,8,109.215,109.215,108.653,109.0851,0.001,0.191,25.964,50.933,32.507,official_alkamel_time_cards_driver_stint,64c2452b244d1c2ecb1db01df0735b1a0f631db0d4e74397ed7fa3a89b845978
session_imsa_2025_daytona_rolex_24_race,imsa_2025_daytona_65_stint_011,car_imsa_2025_ford_multimatic_motorsports_65,65,GTDPRO,driver_frederic_vervisch,Frederic Vervisch,11,5,261,293,33,31,31,1,0,8,9,109.227,109.227,107.878,109.0134,-0.467,-0.383,25.882,50.948,32.382,official_alkamel_time_cards_driver_stint,64c2452b244d1c2ecb1db01df0735b1a0f631db0d4e74397ed7fa3a89b845978
session_imsa_2025_daytona_rolex_24_race,imsa_2025_daytona_65_stint_012,car_imsa_2025_ford_multimatic_motorsports_65,65,GTDPRO,driver_dennis_olsen,Dennis Olsen,12,4,294,310,17,15,15,1,0,9,10,108.475,108.475,107.966,,-0.795,-0.7185,25.629,50.63,32.381,official_alkamel_time_cards_driver_stint,64c2452b244d1c2ecb1db01df0735b1a0f631db0d4e74397ed7fa3a89b845978
session_imsa_2025_daytona_rolex_24_race,imsa_2025_daytona_65_stint_013,car_imsa_2025_ford_multimatic_motorsports_65,65,GTDPRO,driver_dennis_olsen,Dennis Olsen,13,5,311,343,33,31,31,1,0,10,11,109.462,109.462,108.787,109.3685,0.202,0.4985,26.042,50.952,32.467,official_alkamel_time_cards_driver_stint,64c2452b244d1c2ecb1db01df0735b1a0f631db0d4e74397ed7fa3a89b845978
session_imsa_2025_daytona_rolex_24_race,imsa_2025_daytona_65_stint_014,car_imsa_2025_ford_multimatic_motorsports_65,65,GTDPRO,driver_dennis_olsen,Dennis Olsen,14,6,344,366,23,21,21,1,0,11,12,109.047,109.047,107.957,114.091,-0.251,0.1705,25.983,50.797,32.368,official_alkamel_time_cards_driver_stint,64c2452b244d1c2ecb1db01df0735b1a0f631db0d4e74397ed7fa3a89b845978
session_imsa_2025_daytona_rolex_24_race,imsa_2025_daytona_65_stint_015,car_imsa_2025_ford_multimatic_motorsports_65,65,GTDPRO,driver_christopher_mies,Christopher Mies,15,4,367,399,33,31,31,1,0,12,13,108.718,108.718,108.06,108.6064,-0.339,-0.1545,25.746,50.619,32.403,official_alkamel_time_cards_driver_stint,64c2452b244d1c2ecb1db01df0735b1a0f631db0d4e74397ed7fa3a89b845978
session_imsa_2025_daytona_rolex_24_race,imsa_2025_daytona_65_stint_016,car_imsa_2025_ford_multimatic_motorsports_65,65,GTDPRO,driver_christopher_mies,Christopher Mies,16,5,400,414,15,13,13,1,0,13,13,108.609,108.609,107.913,,-0.402,-0.2175,25.635,50.632,32.408,official_alkamel_time_cards_driver_stint,64c2452b244d1c2ecb1db01df0735b1a0f631db0d4e74397ed7fa3a89b845978
session_imsa_2025_daytona_rolex_24_race,imsa_2025_daytona_65_stint_017,car_imsa_2025_ford_multimatic_motorsports_65,65,GTDPRO,driver_christopher_mies,Christopher Mies,17,6,415,446,32,30,30,1,0,13,15,109.372,109.372,108.995,109.4014,-0.135,0.1365,26.035,50.9215,32.511,official_alkamel_time_cards_driver_stint,64c2452b244d1c2ecb1db01df0735b1a0f631db0d4e74397ed7fa3a89b845978
session_imsa_2025_daytona_rolex_24_race,imsa_2025_daytona_65_stint_018,car_imsa_2025_ford_multimatic_motorsports_65,65,GTDPRO,driver_frederic_vervisch,Frederic Vervisch,18,6,447,477,31,29,29,1,0,15,15,108.804,108.804,107.527,108.5844,-0.3525,0.284,25.81,50.7,32.273,official_alkamel_time_cards_driver_stint,64c2452b244d1c2ecb1db01df0735b1a0f631db0d4e74397ed7fa3a89b845978
session_imsa_2025_daytona_rolex_24_race,imsa_2025_daytona_65_stint_019,car_imsa_2025_ford_multimatic_motorsports_65,65,GTDPRO,driver_frederic_vervisch,Frederic Vervisch,19,7,478,508,31,29,29,1,0,16,16,109.005,109.005,107.711,108.5225,0.0,0.527,25.749,50.754,32.351,official_alkamel_time_cards_driver_stint,64c2452b244d1c2ecb1db01df0735b1a0f631db0d4e74397ed7fa3a89b845978
session_imsa_2025_daytona_rolex_24_race,imsa_2025_daytona_65_stint_020,car_imsa_2025_ford_multimatic_motorsports_65,65,GTDPRO,driver_dennis_olsen,Dennis Olsen,20,7,509,539,31,29,29,1,0,16,17,108.908,108.908,107.586,108.5889,-0.13,0.642,25.844,50.731,32.317,official_alkamel_time_cards_driver_stint,64c2452b244d1c2ecb1db01df0735b1a0f631db0d4e74397ed7fa3a89b845978
session_imsa_2025_daytona_rolex_24_race,imsa_2025_daytona_65_stint_021,car_imsa_2025_ford_multimatic_motorsports_65,65,GTDPRO,driver_dennis_olsen,Dennis Olsen,21,8,540,556,17,15,15,1,0,17,18,108.86,108.86,107.521,,-1.148,-1.122,25.704,50.656,32.482,official_alkamel_time_cards_driver_stint,64c2452b244d1c2ecb1db01df0735b1a0f631db0d4e74397ed7fa3a89b845978
session_imsa_2025_daytona_rolex_24_race,imsa_2025_daytona_65_stint_022,car_imsa_2025_ford_multimatic_motorsports_65,65,GTDPRO,driver_dennis_olsen,Dennis Olsen,22,9,557,591,35,33,33,1,0,18,19,108.981,108.981,107.987,108.7179,-0.1725,0.6445,25.922,50.755,32.211,official_alkamel_time_cards_driver_stint,64c2452b244d1c2ecb1db01df0735b1a0f631db0d4e74397ed7fa3a89b845978
session_imsa_2025_daytona_rolex_24_race,imsa_2025_daytona_65_stint_023,car_imsa_2025_ford_multimatic_motorsports_65,65,GTDPRO,driver_christopher_mies,Christopher Mies,23,7,592,621,30,28,28,1,0,19,20,109.564,109.564,108.342,109.2838,0.197,0.948,25.867,51.1035,32.449,official_alkamel_time_cards_driver_stint,64c2452b244d1c2ecb1db01df0735b1a0f631db0d4e74397ed7fa3a89b845978
session_imsa_2025_daytona_rolex_24_race,imsa_2025_daytona_65_stint_024,car_imsa_2025_ford_multimatic_motorsports_65,65,GTDPRO,driver_christopher_mies,Christopher Mies,24,8,622,651,30,28,28,1,0,20,21,108.8925,108.8925,107.833,108.7327,-0.5405,0.0945,25.8635,50.7595,32.2615,official_alkamel_time_cards_driver_stint,64c2452b244d1c2ecb1db01df0735b1a0f631db0d4e74397ed7fa3a89b845978
session_imsa_2025_daytona_rolex_24_race,imsa_2025_daytona_65_stint_025,car_imsa_2025_ford_multimatic_motorsports_65,65,GTDPRO,driver_christopher_mies,Christopher Mies,25,9,652,663,12,10,10,1,0,21,22,108.569,108.569,108.045,,-0.864,-0.256,25.583,50.6775,32.422,official_alkamel_time_cards_driver_stint,64c2452b244d1c2ecb1db01df0735b1a0f631db0d4e74397ed7fa3a89b845978
session_imsa_2025_daytona_rolex_24_race,imsa_2025_daytona_65_stint_026,car_imsa_2025_ford_multimatic_motorsports_65,65,GTDPRO,driver_christopher_mies,Christopher Mies,26,10,664,698,35,33,33,1,0,22,23,109.525,109.525,107.853,109.0959,-0.183,0.3165,26.22,50.906,32.293,official_alkamel_time_cards_driver_stint,64c2452b244d1c2ecb1db01df0735b1a0f631db0d4e74397ed7fa3a89b845978
session_imsa_2025_daytona_rolex_24_race,imsa_2025_daytona_65_stint_027,car_imsa_2025_ford_multimatic_motorsports_65,65,GTDPRO,driver_dennis_olsen,Dennis Olsen,27,10,699,723,25,24,24,0,0,23,24,108.866,108.866,107.648,108.7236,-0.5535,-0.0315,25.8915,50.868,32.1285,official_alkamel_time_cards_driver_stint,64c2452b244d1c2ecb1db01df0735b1a0f631db0d4e74397ed7fa3a89b845978
session_imsa_2025_daytona_rolex_24_race,imsa_2025_daytona_78_stint_001,car_imsa_2025_forte_racing_78,78,GTD,driver_franck_perera,Franck Perera,1,1,1,30,30,28,28,1,0,0,0,109.615,109.615,108.718,109.5264,-0.6515,0.451,25.8535,51.114,32.623,official_alkamel_time_cards_driver_stint,64c2452b244d1c2ecb1db01df0735b1a0f631db0d4e74397ed7fa3a89b845978
session_imsa_2025_daytona_rolex_24_race,imsa_2025_daytona_78_stint_002,car_imsa_2025_forte_racing_78,78,GTD,driver_misha_goikhberg,Misha Goikhberg,2,1,31,60,30,28,28,1,0,0,1,109.996,109.996,108.912,109.873,-0.47,0.43,26.087,51.091,32.669,official_alkamel_time_cards_driver_stint,64c2452b244d1c2ecb1db01df0735b1a0f631db0d4e74397ed7fa3a89b845978
session_imsa_2025_daytona_rolex_24_race,imsa_2025_daytona_78_stint_003,car_imsa_2025_forte_racing_78,78,GTD,driver_misha_goikhberg,Misha Goikhberg,3,2,61,72,12,10,10,1,0,1,2,109.6325,109.6325,109.142,,-1.1485,-0.1333,25.7375,51.0945,32.8475,official_alkamel_time_cards_driver_stint,64c2452b244d1c2ecb1db01df0735b1a0f631db0d4e74397ed7fa3a89b845978
session_imsa_2025_daytona_rolex_24_race,imsa_2025_daytona_78_stint_004,car_imsa_2025_forte_racing_78,78,GTD,driver_misha_goikhberg,Misha Goikhberg,4,3,73,104,32,30,30,1,0,2,3,109.7825,109.7825,108.899,109.7694,-0.5015,0.3385,25.8525,51.1965,32.7905,official_alkamel_time_cards_driver_stint,64c2452b244d1c2ecb1db01df0735b1a0f631db0d4e74397ed7fa3a89b845978
session_imsa_2025_daytona_rolex_24_race,imsa_2025_daytona_78_stint_005,car_imsa_2025_forte_racing_78,78,GTD,driver_parker_kligerman,Parker Kligerman,5,1,105,131,27,25,25,1,0,3,4,109.984,109.984,108.944,109.8243,-0.377,0.391,25.746,51.229,32.973,official_alkamel_time_cards_driver_stint,64c2452b244d1c2ecb1db01df0735b1a0f631db0d4e74397ed7fa3a89b845978
session_imsa_2025_daytona_rolex_24_race,imsa_2025_daytona_78_stint_006,car_imsa_2025_forte_racing_78,78,GTD,driver_parker_kligerman,Parker Kligerman,6,2,132,162,31,29,29,1,0,4,5,110.339,110.339,109.294,110.2449,-0.258,0.483,25.954,51.314,33.088,official_alkamel_time_cards_driver_stint,64c2452b244d1c2ecb1db01df0735b1a0f631db0d4e74397ed7fa3a89b845978
session_imsa_2025_daytona_rolex_24_race,imsa_2025_daytona_78_stint_007,car_imsa_2025_forte_racing_78,78,GTD,driver_mario_farnbacher,Mario Farnbacher,7,1,163,175,13,11,11,1,0,5,5,109.746,109.746,108.999,,-0.776,-0.036,25.884,50.989,32.894,official_alkamel_time_cards_driver_stint,64c2452b244d1c2ecb1db01df0735b1a0f631db0d4e74397ed7fa3a89b845978
session_imsa_2025_daytona_rolex_24_race,imsa_2025_daytona_78_stint_008,car_imsa_2025_forte_racing_78,78,GTD,driver_mario_farnbacher,Mario Farnbacher,8,2,176,206,31,29,29,1,0,5,6,109.93,109.93,109.193,109.742,-0.329,0.886,26.012,51.189,32.689,official_alkamel_time_cards_driver_stint,64c2452b244d1c2ecb1db01df0735b1a0f631db0d4e74397ed7fa3a89b845978
session_imsa_2025_daytona_rolex_24_race,imsa_2025_daytona_78_stint_009,car_imsa_2025_forte_racing_78,78,GTD,driver_franck_perera,Franck Perera,9,2,207,221,15,13,13,1,0,6,7,109.103,109.103,108.012,,-2.239,-1.024,25.518,51.009,32.818,official_alkamel_time_cards_driver_stint,64c2452b244d1c2ecb1db01df0735b1a0f631db0d4e74397ed7fa3a89b845978
session_imsa_2025_daytona_rolex_24_race,imsa_2025_daytona_78_stint_010,car_imsa_2025_forte_racing_78,78,GTD,driver_franck_perera,Franck Perera,10,3,222,256,35,33,33,1,0,7,8,109.315,109.315,108.836,109.2775,-0.4965,0.348,25.827,51.005,32.715,official_alkamel_time_cards_driver_stint,64c2452b244d1c2ecb1db01df0735b1a0f631db0d4e74397ed7fa3a89b845978
session_imsa_2025_daytona_rolex_24_race,imsa_2025_daytona_78_stint_011,car_imsa_2025_forte_racing_78,78,GTD,driver_misha_goikhberg,Misha Goikhberg,11,4,257,286,30,28,28,1,0,8,9,109.7015,109.7015,108.968,109.5524,-0.4715,0.207,25.722,51.057,32.861,official_alkamel_time_cards_driver_stint,64c2452b244d1c2ecb1db01df0735b1a0f631db0d4e74397ed7fa3a89b845978
session_imsa_2025_daytona_rolex_24_race,imsa_2025_daytona_78_stint_012,car_imsa_2025_forte_racing_78,78,GTD,driver_misha_goikhberg,Misha Goikhberg,12,5,287,307,21,19,19,1,0,9,10,111.691,111.691,109.641,,1.5135,2.4975,26.6,51.911,34.436,official_alkamel_time_cards_driver_stint,64c2452b244d1c2ecb1db01df0735b1a0f631db0d4e74397ed7fa3a89b845978
session_imsa_2025_daytona_rolex_24_race,imsa_2025_daytona_78_stint_013,car_imsa_2025_forte_racing_78,78,GTD,driver_parker_kligerman,Parker Kligerman,13,3,308,338,31,29,29,1,0,10,11,110.051,110.051,108.696,110.0245,0.0685,1.0525,25.802,51.076,33.03,official_alkamel_time_cards_driver_stint,64c2452b244d1c2ecb1db01df0735b1a0f631db0d4e74397ed7fa3a89b845978
session_imsa_2025_daytona_rolex_24_race,imsa_2025_daytona_78_stint_014,car_imsa_2025_forte_racing_78,78,GTD,driver_parker_kligerman,Parker Kligerman,14,4,339,362,24,22,22,1,0,11,12,109.5,109.5,108.821,110.6639,-0.2383,0.5845,25.7,50.978,32.888,official_alkamel_time_cards_driver_stint,64c2452b244d1c2ecb1db01df0735b1a0f631db0d4e74397ed7fa3a89b845978
session_imsa_2025_daytona_rolex_24_race,imsa_2025_daytona_78_stint_015,car_imsa_2025_forte_racing_78,78,GTD,driver_mario_farnbacher,Mario Farnbacher,15,3,363,395,33,31,31,1,0,12,13,109.405,109.405,108.761,109.3549,-0.395,0.3995,25.945,50.927,32.508,official_alkamel_time_cards_driver_stint,64c2452b244d1c2ecb1db01df0735b1a0f631db0d4e74397ed7fa3a89b845978
session_imsa_2025_daytona_rolex_24_race,imsa_2025_daytona_78_stint_016,car_imsa_2025_forte_racing_78,78,GTD,driver_parker_kligerman,Parker Kligerman,16,5,396,410,15,13,13,1,0,13,13,110.291,110.291,109.109,,0.651,1.4645,26.068,51.126,33.08,official_alkamel_time_cards_driver_stint,64c2452b244d1c2ecb1db01df0735b1a0f631db0d4e74397ed7fa3a89b845978
session_imsa_2025_daytona_rolex_24_race,imsa_2025_daytona_78_stint_017,car_imsa_2025_forte_racing_78,78,GTD,driver_parker_kligerman,Parker Kligerman,17,6,411,440,30,28,28,1,0,14,14,109.872,109.872,109.106,109.7752,0.054,0.6365,25.978,51.0705,32.8155,official_alkamel_time_cards_driver_stint,64c2452b244d1c2ecb1db01df0735b1a0f631db0d4e74397ed7fa3a89b845978
session_imsa_2025_daytona_rolex_24_race,imsa_2025_daytona_78_stint_018,car_imsa_2025_forte_racing_78,78,GTD,driver_mario_farnbacher,Mario Farnbacher,18,4,441,445,5,3,3,1,0,15,15,110.132,110.132,109.497,,0.664,1.612,26.04,51.121,32.944,official_alkamel_time_cards_driver_stint,64c2452b244d1c2ecb1db01df0735b1a0f631db0d4e74397ed7fa3a89b845978
session_imsa_2025_daytona_rolex_24_race,imsa_2025_daytona_78_stint_019,car_imsa_2025_forte_racing_78,78,GTD,driver_mario_farnbacher,Mario Farnbacher,19,5,446,474,29,27,27,1,0,15,16,109.203,109.203,108.711,109.1147,-0.265,0.683,25.679,50.801,32.679,official_alkamel_time_cards_driver_stint,64c2452b244d1c2ecb1db01df0735b1a0f631db0d4e74397ed7fa3a89b845978
session_imsa_2025_daytona_rolex_24_race,imsa_2025_daytona_78_stint_020,car_imsa_2025_forte_racing_78,78,GTD,driver_mario_farnbacher,Mario Farnbacher,20,6,475,502,28,26,26,1,0,16,16,109.005,109.005,107.904,108.8045,-0.243,0.527,25.6355,50.647,32.675,official_alkamel_time_cards_driver_stint,64c2452b244d1c2ecb1db01df0735b1a0f631db0d4e74397ed7fa3a89b845978
session_imsa_2025_daytona_rolex_24_race,imsa_2025_daytona_78_stint_021,car_imsa_2025_forte_racing_78,78,GTD,driver_franck_perera,Franck Perera,21,4,503,532,30,28,28,1,0,16,17,108.7575,108.7575,107.684,108.5758,-0.5005,0.4915,25.493,50.6395,32.5555,official_alkamel_time_cards_driver_stint,64c2452b244d1c2ecb1db01df0735b1a0f631db0d4e74397ed7fa3a89b845978
session_imsa_2025_daytona_rolex_24_race,imsa_2025_daytona_78_stint_022,car_imsa_2025_forte_racing_78,78,GTD,driver_franck_perera,Franck Perera,22,5,533,552,20,18,18,1,0,17,18,109.074,109.074,107.71,,-1.308,-0.687,25.3715,50.716,32.787,official_alkamel_time_cards_driver_stint,64c2452b244d1c2ecb1db01df0735b1a0f631db0d4e74397ed7fa3a89b845978
session_imsa_2025_daytona_rolex_24_race,imsa_2025_daytona_78_stint_023,car_imsa_2025_forte_racing_78,78,GTD,driver_misha_goikhberg,Misha Goikhberg,23,6,553,574,22,20,20,1,0,18,21,112.0255,112.0255,110.434,529.0408,2.445,3.2005,26.3525,52.186,33.452,official_alkamel_time_cards_driver_stint,64c2452b244d1c2ecb1db01df0735b1a0f631db0d4e74397ed7fa3a89b845978
session_imsa_2025_daytona_rolex_24_race,imsa_2025_daytona_78_stint_024,car_imsa_2025_forte_racing_78,78,GTD,driver_mario_farnbacher,Mario Farnbacher,24,7,575,581,7,5,5,1,0,21,21,111.321,111.321,109.847,,1.7405,2.496,26.74,51.338,32.977,official_alkamel_time_cards_driver_stint,64c2452b244d1c2ecb1db01df0735b1a0f631db0d4e74397ed7fa3a89b845978
session_imsa_2025_daytona_rolex_24_race,imsa_2025_daytona_78_stint_025,car_imsa_2025_forte_racing_78,78,GTD,driver_franck_perera,Franck Perera,25,6,582,591,10,9,9,0,0,21,22,146.086,146.086,114.105,,36.348,36.8775,30.349,70.379,43.362,official_alkamel_time_cards_driver_stint,64c2452b244d1c2ecb1db01df0735b1a0f631db0d4e74397ed7fa3a89b845978
session_imsa_2025_daytona_rolex_24_race,imsa_2025_daytona_69_stint_001,car_imsa_2025_getspeed_69,69,GTDPRO,driver_luca_stolz,Luca Stolz,1,1,1,31,31,29,29,1,0,0,0,109.441,109.441,108.526,109.3953,-0.092,0.277,25.868,50.962,32.548,official_alkamel_time_cards_driver_stint,64c2452b244d1c2ecb1db01df0735b1a0f631db0d4e74397ed7fa3a89b845978
session_imsa_2025_daytona_rolex_24_race,imsa_2025_daytona_69_stint_002,car_imsa_2025_getspeed_69,69,GTDPRO,driver_luca_stolz,Luca Stolz,2,2,32,62,31,29,29,1,0,1,1,109.855,109.855,108.048,109.6847,-0.026,0.289,25.86,51.152,32.769,official_alkamel_time_cards_driver_stint,64c2452b244d1c2ecb1db01df0735b1a0f631db0d4e74397ed7fa3a89b845978
session_imsa_2025_daytona_rolex_24_race,imsa_2025_daytona_69_stint_003,car_imsa_2025_getspeed_69,69,GTDPRO,driver_maxime_martin,Maxime Martin,3,1,63,72,10,8,8,1,0,1,2,109.598,109.598,108.802,,-0.259,-0.2735,25.6535,51.0245,32.9685,official_alkamel_time_cards_driver_stint,64c2452b244d1c2ecb1db01df0735b1a0f631db0d4e74397ed7fa3a89b845978
session_imsa_2025_daytona_rolex_24_race,imsa_2025_daytona_69_stint_004,car_imsa_2025_getspeed_69,69,GTDPRO,driver_maxime_martin,Maxime Martin,4,2,73,105,33,31,31,1,0,2,3,109.675,109.675,109.061,109.731,-0.012,0.2555,25.862,51.131,32.715,official_alkamel_time_cards_driver_stint,64c2452b244d1c2ecb1db01df0735b1a0f631db0d4e74397ed7fa3a89b845978
session_imsa_2025_daytona_rolex_24_race,imsa_2025_daytona_69_stint_005,car_imsa_2025_getspeed_69,69,GTDPRO,driver_anthony_bartone,Anthony Bartone,5,1,106,131,26,24,24,1,0,3,4,110.499,110.499,108.929,110.6573,0.7845,0.9995,26.036,51.433,33.0505,official_alkamel_time_cards_driver_stint,64c2452b244d1c2ecb1db01df0735b1a0f631db0d4e74397ed7fa3a89b845978
session_imsa_2025_daytona_rolex_24_race,imsa_2025_daytona_69_stint_006,car_imsa_2025_getspeed_69,69,GTDPRO,driver_anthony_bartone,Anthony Bartone,6,2,132,162,31,29,29,1,0,4,5,110.675,110.675,108.958,110.5858,0.801,0.893,26.133,51.445,33.091,official_alkamel_time_cards_driver_stint,64c2452b244d1c2ecb1db01df0735b1a0f631db0d4e74397ed7fa3a89b845978
session_imsa_2025_daytona_rolex_24_race,imsa_2025_daytona_69_stint_007,car_imsa_2025_getspeed_69,69,GTDPRO,driver_fabian_schiller,Fabian Schiller,7,1,163,176,14,12,12,1,0,5,5,109.93,109.93,108.11,,0.056,0.148,25.8665,51.43,32.871,official_alkamel_time_cards_driver_stint,64c2452b244d1c2ecb1db01df0735b1a0f631db0d4e74397ed7fa3a89b845978
session_imsa_2025_daytona_rolex_24_race,imsa_2025_daytona_69_stint_008,car_imsa_2025_getspeed_69,69,GTDPRO,driver_fabian_schiller,Fabian Schiller,8,2,177,207,31,29,29,1,0,5,6,109.65,109.65,108.865,109.5502,0.085,0.582,25.907,50.93,32.771,official_alkamel_time_cards_driver_stint,64c2452b244d1c2ecb1db01df0735b1a0f631db0d4e74397ed7fa3a89b845978
session_imsa_2025_daytona_rolex_24_race,imsa_2025_daytona_69_stint_009,car_imsa_2025_getspeed_69,69,GTDPRO,driver_fabian_schiller,Fabian Schiller,9,3,208,223,16,14,14,1,0,6,7,108.656,108.656,107.657,,-16.013,-21.8715,25.7175,50.6205,32.507,official_alkamel_time_cards_driver_stint,64c2452b244d1c2ecb1db01df0735b1a0f631db0d4e74397ed7fa3a89b845978
session_imsa_2025_daytona_rolex_24_race,imsa_2025_daytona_69_stint_010,car_imsa_2025_getspeed_69,69,GTDPRO,driver_fabian_schiller,Fabian Schiller,10,4,224,258,35,33,33,1,0,7,8,109.285,109.285,108.767,109.0978,0.06,0.229,25.744,50.944,32.724,official_alkamel_time_cards_driver_stint,64c2452b244d1c2ecb1db01df0735b1a0f631db0d4e74397ed7fa3a89b845978
session_imsa_2025_daytona_rolex_24_race,imsa_2025_daytona_69_stint_011,car_imsa_2025_getspeed_69,69,GTDPRO,driver_luca_stolz,Luca Stolz,11,3,259,288,30,28,28,1,0,8,9,109.0175,109.0175,108.077,108.7665,-0.5925,-0.4815,25.601,50.746,32.6465,official_alkamel_time_cards_driver_stint,64c2452b244d1c2ecb1db01df0735b1a0f631db0d4e74397ed7fa3a89b845978
session_imsa_2025_daytona_rolex_24_race,imsa_2025_daytona_69_stint_012,car_imsa_2025_getspeed_69,69,GTDPRO,driver_anthony_bartone,Anthony Bartone,12,3,289,294,6,4,4,1,0,9,9,158.4445,158.4445,122.143,,48.7075,48.7545,35.3745,71.026,47.9365,official_alkamel_time_cards_driver_stint,64c2452b244d1c2ecb1db01df0735b1a0f631db0d4e74397ed7fa3a89b845978
session_imsa_2025_daytona_rolex_24_race,imsa_2025_daytona_69_stint_013,car_imsa_2025_getspeed_69,69,GTDPRO,driver_luca_stolz,Luca Stolz,13,4,295,310,16,14,14,1,0,9,10,108.7355,108.7355,107.525,,-0.5345,-0.458,25.5815,50.5375,32.5845,official_alkamel_time_cards_driver_stint,64c2452b244d1c2ecb1db01df0735b1a0f631db0d4e74397ed7fa3a89b845978
session_imsa_2025_daytona_rolex_24_race,imsa_2025_daytona_69_stint_014,car_imsa_2025_getspeed_69,69,GTDPRO,driver_luca_stolz,Luca Stolz,14,5,311,343,33,31,31,1,0,10,11,109.497,109.497,108.35,109.3913,0.229,0.4355,25.875,50.889,32.671,official_alkamel_time_cards_driver_stint,64c2452b244d1c2ecb1db01df0735b1a0f631db0d4e74397ed7fa3a89b845978
session_imsa_2025_daytona_rolex_24_race,imsa_2025_daytona_69_stint_015,car_imsa_2025_getspeed_69,69,GTDPRO,driver_maxime_martin,Maxime Martin,15,3,344,366,23,21,21,1,0,11,12,108.904,108.904,107.447,114.0361,-0.436,-0.0145,25.639,50.749,32.611,official_alkamel_time_cards_driver_stint,64c2452b244d1c2ecb1db01df0735b1a0f631db0d4e74397ed7fa3a89b845978
session_imsa_2025_daytona_rolex_24_race,imsa_2025_daytona_69_stint_016,car_imsa_2025_getspeed_69,69,GTDPRO,driver_maxime_martin,Maxime Martin,16,4,367,398,32,30,30,1,0,12,13,109.688,109.688,108.1,109.3095,0.5125,0.697,25.811,51.01,32.6805,official_alkamel_time_cards_driver_stint,64c2452b244d1c2ecb1db01df0735b1a0f631db0d4e74397ed7fa3a89b845978
session_imsa_2025_daytona_rolex_24_race,imsa_2025_daytona_69_stint_017,car_imsa_2025_getspeed_69,69,GTDPRO,driver_fabian_schiller,Fabian Schiller,17,5,399,414,16,14,14,1,0,13,13,108.2765,108.2765,107.542,,-0.7345,-0.55,25.4185,50.3765,32.584,official_alkamel_time_cards_driver_stint,64c2452b244d1c2ecb1db01df0735b1a0f631db0d4e74397ed7fa3a89b845978
session_imsa_2025_daytona_rolex_24_race,imsa_2025_daytona_69_stint_018,car_imsa_2025_getspeed_69,69,GTDPRO,driver_fabian_schiller,Fabian Schiller,18,6,415,445,31,29,29,1,0,13,14,109.425,109.425,108.705,109.3063,-0.082,0.1895,25.928,50.792,32.694,official_alkamel_time_cards_driver_stint,64c2452b244d1c2ecb1db01df0735b1a0f631db0d4e74397ed7fa3a89b845978
session_imsa_2025_daytona_rolex_24_race,imsa_2025_daytona_69_stint_019,car_imsa_2025_getspeed_69,69,GTDPRO,driver_fabian_schiller,Fabian Schiller,19,7,446,476,31,29,29,1,0,15,15,109.047,109.047,107.718,108.7599,-0.1095,0.527,25.779,50.613,32.545,official_alkamel_time_cards_driver_stint,64c2452b244d1c2ecb1db01df0735b1a0f631db0d4e74397ed7fa3a89b845978
session_imsa_2025_daytona_rolex_24_race,imsa_2025_daytona_69_stint_020,car_imsa_2025_getspeed_69,69,GTDPRO,driver_luca_stolz,Luca Stolz,20,6,477,506,30,28,28,1,0,16,16,109.203,109.203,108.178,109.0495,0.198,0.725,25.707,50.7075,32.6845,official_alkamel_time_cards_driver_stint,64c2452b244d1c2ecb1db01df0735b1a0f631db0d4e74397ed7fa3a89b845978
session_imsa_2025_daytona_rolex_24_race,imsa_2025_daytona_69_stint_021,car_imsa_2025_getspeed_69,69,GTDPRO,driver_luca_stolz,Luca Stolz,21,7,507,536,30,28,28,1,0,16,17,109.0305,109.0305,107.456,108.5851,-0.0075,0.7645,25.6195,50.68,32.683,official_alkamel_time_cards_driver_stint,64c2452b244d1c2ecb1db01df0735b1a0f631db0d4e74397ed7fa3a89b845978
session_imsa_2025_daytona_rolex_24_race,imsa_2025_daytona_69_stint_022,car_imsa_2025_getspeed_69,69,GTDPRO,driver_maxime_martin,Maxime Martin,22,5,537,556,20,18,18,1,0,17,18,108.782,108.782,107.798,,-1.232,-0.53,25.5285,50.611,32.5385,official_alkamel_time_cards_driver_stint,64c2452b244d1c2ecb1db01df0735b1a0f631db0d4e74397ed7fa3a89b845978
session_imsa_2025_daytona_rolex_24_race,imsa_2025_daytona_69_stint_023,car_imsa_2025_getspeed_69,69,GTDPRO,driver_maxime_martin,Maxime Martin,23,6,557,588,32,30,30,1,0,18,19,109.18,109.18,107.939,108.8427,0.1225,0.875,25.8295,51.0585,32.497,official_alkamel_time_cards_driver_stint,64c2452b244d1c2ecb1db01df0735b1a0f631db0d4e74397ed7fa3a89b845978
session_imsa_2025_daytona_rolex_24_race,imsa_2025_daytona_69_stint_024,car_imsa_2025_getspeed_69,69,GTDPRO,driver_luca_stolz,Luca Stolz,24,8,589,618,30,28,28,1,0,19,20,109.198,109.198,107.787,108.88,-0.0795,0.6715,25.7125,50.9625,32.4905,official_alkamel_time_cards_driver_stint,64c2452b244d1c2ecb1db01df0735b1a0f631db0d4e74397ed7fa3a89b845978
session_imsa_2025_daytona_rolex_24_race,imsa_2025_daytona_69_stint_025,car_imsa_2025_getspeed_69,69,GTDPRO,driver_luca_stolz,Luca Stolz,25,9,619,643,25,23,23,1,0,20,21,109.466,109.466,108.437,109.3991,0.061,0.716,25.843,51.071,32.533,official_alkamel_time_cards_driver_stint,64c2452b244d1c2ecb1db01df0735b1a0f631db0d4e74397ed7fa3a89b845978
session_imsa_2025_daytona_rolex_24_race,imsa_2025_daytona_69_stint_026,car_imsa_2025_getspeed_69,69,GTDPRO,driver_fabian_schiller,Fabian Schiller,26,8,644,663,20,18,18,1,0,21,22,108.962,108.962,107.878,,-0.471,0.137,25.8305,50.8665,32.282,official_alkamel_time_cards_driver_stint,64c2452b244d1c2ecb1db01df0735b1a0f631db0d4e74397ed7fa3a89b845978
session_imsa_2025_daytona_rolex_24_race,imsa_2025_daytona_69_stint_027,car_imsa_2025_getspeed_69,69,GTDPRO,driver_fabian_schiller,Fabian Schiller,27,9,664,692,29,27,27,1,0,22,22,109.301,109.301,107.574,109.1799,-0.407,0.0925,26.109,51.077,32.341,official_alkamel_time_cards_driver_stint,64c2452b244d1c2ecb1db01df0735b1a0f631db0d4e74397ed7fa3a89b845978
session_imsa_2025_daytona_rolex_24_race,imsa_2025_daytona_69_stint_028,car_imsa_2025_getspeed_69,69,GTDPRO,driver_fabian_schiller,Fabian Schiller,28,10,693,723,31,30,30,0,0,23,24,110.123,110.123,108.503,109.581,0.714,1.236,26.2435,51.2455,32.4675,official_alkamel_time_cards_driver_stint,64c2452b244d1c2ecb1db01df0735b1a0f631db0d4e74397ed7fa3a89b845978
session_imsa_2025_daytona_rolex_24_race,imsa_2025_daytona_66_stint_001,car_imsa_2025_gradient_racing_66,66,GTD,driver_till_bechtolsheimer,Till Bechtolsheimer,1,1,1,29,29,27,27,1,0,0,0,110.64,110.64,109.505,110.3621,0.3735,1.476,26.369,51.46,32.728,official_alkamel_time_cards_driver_stint,64c2452b244d1c2ecb1db01df0735b1a0f631db0d4e74397ed7fa3a89b845978
session_imsa_2025_daytona_rolex_24_race,imsa_2025_daytona_66_stint_002,car_imsa_2025_gradient_racing_66,66,GTD,driver_till_bechtolsheimer,Till Bechtolsheimer,2,2,30,30,1,0,0,1,0,0,0,,,,,,,,,,official_alkamel_time_cards_driver_stint,64c2452b244d1c2ecb1db01df0735b1a0f631db0d4e74397ed7fa3a89b845978
session_imsa_2025_daytona_rolex_24_race,imsa_2025_daytona_66_stint_003,car_imsa_2025_gradient_racing_66,66,GTD,driver_till_bechtolsheimer,Till Bechtolsheimer,3,3,31,59,29,27,27,1,0,1,1,110.446,110.446,109.648,110.4501,-0.02,0.88,26.276,51.449,32.717,official_alkamel_time_cards_driver_stint,64c2452b244d1c2ecb1db01df0735b1a0f631db0d4e74397ed7fa3a89b845978
session_imsa_2025_daytona_rolex_24_race,imsa_2025_daytona_66_stint_004,car_imsa_2025_gradient_racing_66,66,GTD,driver_joey_hand,Joey Hand,4,1,60,71,12,10,10,1,0,1,2,109.102,109.102,108.605,,-1.5595,-0.6167,25.8115,50.854,32.5315,official_alkamel_time_cards_driver_stint,64c2452b244d1c2ecb1db01df0735b1a0f631db0d4e74397ed7fa3a89b845978
session_imsa_2025_daytona_rolex_24_race,imsa_2025_daytona_66_stint_005,car_imsa_2025_gradient_racing_66,66,GTD,driver_joey_hand,Joey Hand,5,2,72,102,31,29,29,1,0,2,3,109.699,109.699,109.039,109.5624,-0.883,0.082,26.201,51.032,32.401,official_alkamel_time_cards_driver_stint,64c2452b244d1c2ecb1db01df0735b1a0f631db0d4e74397ed7fa3a89b845978
session_imsa_2025_daytona_rolex_24_race,imsa_2025_daytona_66_stint_006,car_imsa_2025_gradient_racing_66,66,GTD,driver_harry_tincknell,Harry Tincknell,6,1,103,134,32,30,30,1,0,3,4,109.8635,109.8635,107.619,109.5127,-0.1475,0.6205,26.005,51.325,32.683,official_alkamel_time_cards_driver_stint,64c2452b244d1c2ecb1db01df0735b1a0f631db0d4e74397ed7fa3a89b845978
session_imsa_2025_daytona_rolex_24_race,imsa_2025_daytona_66_stint_007,car_imsa_2025_gradient_racing_66,66,GTD,driver_harry_tincknell,Harry Tincknell,7,2,135,163,29,27,27,1,0,4,5,109.887,109.887,108.052,109.5371,-0.6555,0.105,25.838,51.356,32.704,official_alkamel_time_cards_driver_stint,64c2452b244d1c2ecb1db01df0735b1a0f631db0d4e74397ed7fa3a89b845978
session_imsa_2025_daytona_rolex_24_race,imsa_2025_daytona_66_stint_008,car_imsa_2025_gradient_racing_66,66,GTD,driver_till_bechtolsheimer,Till Bechtolsheimer,8,4,164,195,32,30,30,1,0,5,6,111.1,111.1,109.805,124.5791,0.771,1.986,26.527,51.659,32.9775,official_alkamel_time_cards_driver_stint,64c2452b244d1c2ecb1db01df0735b1a0f631db0d4e74397ed7fa3a89b845978
session_imsa_2025_daytona_rolex_24_race,imsa_2025_daytona_66_stint_009,car_imsa_2025_gradient_racing_66,66,GTD,driver_till_bechtolsheimer,Till Bechtolsheimer,9,5,196,221,26,24,24,1,0,6,7,111.9105,111.9105,110.752,112.2053,0.9225,2.4635,26.726,51.994,33.151,official_alkamel_time_cards_driver_stint,64c2452b244d1c2ecb1db01df0735b1a0f631db0d4e74397ed7fa3a89b845978
session_imsa_2025_daytona_rolex_24_race,imsa_2025_daytona_66_stint_010,car_imsa_2025_gradient_racing_66,66,GTD,driver_tati_calderon,Tati Calderon,10,1,222,255,34,32,32,1,0,7,8,110.584,110.584,109.516,110.4418,0.5085,1.4445,26.2515,51.521,33.059,official_alkamel_time_cards_driver_stint,64c2452b244d1c2ecb1db01df0735b1a0f631db0d4e74397ed7fa3a89b845978
session_imsa_2025_daytona_rolex_24_race,imsa_2025_daytona_66_stint_011,car_imsa_2025_gradient_racing_66,66,GTD,driver_joey_hand,Joey Hand,11,3,256,287,32,30,30,1,0,8,9,110.4635,110.4635,109.683,110.3521,0.1845,0.838,26.1505,51.4575,32.769,official_alkamel_time_cards_driver_stint,64c2452b244d1c2ecb1db01df0735b1a0f631db0d4e74397ed7fa3a89b845978
session_imsa_2025_daytona_rolex_24_race,imsa_2025_daytona_66_stint_012,car_imsa_2025_gradient_racing_66,66,GTD,driver_joey_hand,Joey Hand,12,4,288,320,33,31,31,1,0,9,10,110.295,110.295,107.982,126.0842,0.1175,1.1015,26.374,51.366,33.031,official_alkamel_time_cards_driver_stint,64c2452b244d1c2ecb1db01df0735b1a0f631db0d4e74397ed7fa3a89b845978
session_imsa_2025_daytona_rolex_24_race,imsa_2025_daytona_66_stint_013,car_imsa_2025_gradient_racing_66,66,GTD,driver_tati_calderon,Tati Calderon,13,2,321,349,29,27,27,1,0,11,11,110.295,110.295,109.09,110.1585,0.622,1.4565,25.973,51.314,32.907,official_alkamel_time_cards_driver_stint,64c2452b244d1c2ecb1db01df0735b1a0f631db0d4e74397ed7fa3a89b845978
session_imsa_2025_daytona_rolex_24_race,imsa_2025_daytona_66_stint_014,car_imsa_2025_gradient_racing_66,66,GTD,driver_tati_calderon,Tati Calderon,14,3,350,359,10,8,8,1,0,11,12,115.8,115.8,110.042,,5.8932,6.545,26.4385,51.8465,35.4505,official_alkamel_time_cards_driver_stint,64c2452b244d1c2ecb1db01df0735b1a0f631db0d4e74397ed7fa3a89b845978
session_imsa_2025_daytona_rolex_24_race,imsa_2025_daytona_66_stint_015,car_imsa_2025_gradient_racing_66,66,GTD,driver_tati_calderon,Tati Calderon,15,4,360,391,32,30,30,1,0,12,13,110.811,110.811,109.846,110.5744,1.119,1.9325,26.3325,51.501,32.9245,official_alkamel_time_cards_driver_stint,64c2452b244d1c2ecb1db01df0735b1a0f631db0d4e74397ed7fa3a89b845978
session_imsa_2025_daytona_rolex_24_race,imsa_2025_daytona_66_stint_016,car_imsa_2025_gradient_racing_66,66,GTD,driver_till_bechtolsheimer,Till Bechtolsheimer,16,6,392,416,25,23,23,1,0,13,14,113.112,113.112,110.049,134.3177,3.472,4.0895,26.89,52.459,33.252,official_alkamel_time_cards_driver_stint,64c2452b244d1c2ecb1db01df0735b1a0f631db0d4e74397ed7fa3a89b845978
session_imsa_2025_daytona_rolex_24_race,imsa_2025_daytona_66_stint_017,car_imsa_2025_gradient_racing_66,66,GTD,driver_harry_tincknell,Harry Tincknell,17,3,417,425,9,8,8,0,0,14,14,112.7415,112.7415,111.247,,2.9235,3.506,26.8055,52.4015,33.3495,official_alkamel_time_cards_driver_stint,64c2452b244d1c2ecb1db01df0735b1a0f631db0d4e74397ed7fa3a89b845978
session_imsa_2025_daytona_rolex_24_race,imsa_2025_daytona_007_stint_001,car_imsa_2025_heart_of_racing_team_007,007,GTDPRO,driver_marco_sorensen,Marco Sorensen,1,1,1,31,31,29,29,1,0,0,0,109.48,109.48,108.602,109.4387,-0.053,0.316,26.03,51.118,32.389,official_alkamel_time_cards_driver_stint,64c2452b244d1c2ecb1db01df0735b1a0f631db0d4e74397ed7fa3a89b845978
session_imsa_2025_daytona_rolex_24_race,imsa_2025_daytona_007_stint_002,car_imsa_2025_heart_of_racing_team_007,007,GTDPRO,driver_marco_sorensen,Marco Sorensen,2,2,32,62,31,29,29,1,0,1,1,109.708,109.708,108.679,109.6116,-0.173,0.142,25.983,51.272,32.413,official_alkamel_time_cards_driver_stint,64c2452b244d1c2ecb1db01df0735b1a0f631db0d4e74397ed7fa3a89b845978
session_imsa_2025_daytona_rolex_24_race,imsa_2025_daytona_007_stint_003,car_imsa_2025_heart_of_racing_team_007,007,GTDPRO,driver_alex_riberas,Alex Riberas,3,1,63,72,10,8,8,1,0,1,2,110.0565,110.0565,108.487,,0.1995,0.185,25.9595,51.4805,32.6165,official_alkamel_time_cards_driver_stint,64c2452b244d1c2ecb1db01df0735b1a0f631db0d4e74397ed7fa3a89b845978
session_imsa_2025_daytona_rolex_24_race,imsa_2025_daytona_007_stint_004,car_imsa_2025_heart_of_racing_team_007,007,GTDPRO,driver_alex_riberas,Alex Riberas,4,2,73,103,31,29,29,1,0,2,3,109.372,109.372,108.803,109.5622,-0.289,0.043,25.971,51.133,32.313,official_alkamel_time_cards_driver_stint,64c2452b244d1c2ecb1db01df0735b1a0f631db0d4e74397ed7fa3a89b845978
session_imsa_2025_daytona_rolex_24_race,imsa_2025_daytona_007_stint_005,car_imsa_2025_heart_of_racing_team_007,007,GTDPRO,driver_alex_riberas,Alex Riberas,5,3,104,131,28,26,26,1,0,3,4,109.683,109.683,108.058,109.4147,-0.0365,0.2435,25.9565,51.332,32.406,official_alkamel_time_cards_driver_stint,64c2452b244d1c2ecb1db01df0735b1a0f631db0d4e74397ed7fa3a89b845978
session_imsa_2025_daytona_rolex_24_race,imsa_2025_daytona_007_stint_006,car_imsa_2025_heart_of_racing_team_007,007,GTDPRO,driver_ross_gunn,Ross Gunn,6,1,132,164,33,31,31,1,0,4,5,109.422,109.422,108.177,109.3167,-0.452,-0.36,25.723,51.148,32.561,official_alkamel_time_cards_driver_stint,64c2452b244d1c2ecb1db01df0735b1a0f631db0d4e74397ed7fa3a89b845978
session_imsa_2025_daytona_rolex_24_race,imsa_2025_daytona_007_stint_007,car_imsa_2025_heart_of_racing_team_007,007,GTDPRO,driver_ross_gunn,Ross Gunn,7,2,165,176,12,10,10,1,0,5,5,109.4985,109.4985,108.532,,-0.3755,-0.2835,25.6135,51.4205,32.7315,official_alkamel_time_cards_driver_stint,64c2452b244d1c2ecb1db01df0735b1a0f631db0d4e74397ed7fa3a89b845978
session_imsa_2025_daytona_rolex_24_race,imsa_2025_daytona_007_stint_008,car_imsa_2025_heart_of_racing_team_007,007,GTDPRO,driver_ross_gunn,Ross Gunn,8,3,177,208,32,30,30,1,0,5,6,109.703,109.703,108.865,109.6421,0.162,0.659,25.8945,51.121,32.463,official_alkamel_time_cards_driver_stint,64c2452b244d1c2ecb1db01df0735b1a0f631db0d4e74397ed7fa3a89b845978
session_imsa_2025_daytona_rolex_24_race,imsa_2025_daytona_007_stint_009,car_imsa_2025_heart_of_racing_team_007,007,GTDPRO,driver_roman_de_angelis,Roman De Angelis,9,1,209,217,9,8,8,0,0,6,7,109.0835,109.0835,108.157,,-17.684,-20.3648,25.786,50.919,32.413,official_alkamel_time_cards_driver_stint,64c2452b244d1c2ecb1db01df0735b1a0f631db0d4e74397ed7fa3a89b845978
session_imsa_2025_daytona_rolex_24_race,imsa_2025_daytona_27_stint_001,car_imsa_2025_heart_of_racing_team_27,27,GTD,driver_zacharie_robichon,Zacharie Robichon,1,1,1,31,31,29,29,1,0,0,0,110.285,110.285,108.882,110.0586,0.0185,1.121,26.174,51.417,32.627,official_alkamel_time_cards_driver_stint,64c2452b244d1c2ecb1db01df0735b1a0f631db0d4e74397ed7fa3a89b845978
session_imsa_2025_daytona_rolex_24_race,imsa_2025_daytona_27_stint_002,car_imsa_2025_heart_of_racing_team_27,27,GTD,driver_zacharie_robichon,Zacharie Robichon,2,2,32,62,31,29,29,1,0,1,1,109.827,109.827,108.862,109.903,-0.639,0.261,26.053,51.26,32.462,official_alkamel_time_cards_driver_stint,64c2452b244d1c2ecb1db01df0735b1a0f631db0d4e74397ed7fa3a89b845978
session_imsa_2025_daytona_rolex_24_race,imsa_2025_daytona_27_stint_003,car_imsa_2025_heart_of_racing_team_27,27,GTD,driver_casper_stevenson,Casper Stevenson,3,1,63,72,10,8,8,1,0,1,2,109.923,109.923,108.75,,-1.079,0.0515,26.219,51.1985,32.592,official_alkamel_time_cards_driver_stint,64c2452b244d1c2ecb1db01df0735b1a0f631db0d4e74397ed7fa3a89b845978
session_imsa_2025_daytona_rolex_24_race,imsa_2025_daytona_27_stint_004,car_imsa_2025_heart_of_racing_team_27,27,GTD,driver_casper_stevenson,Casper Stevenson,4,2,73,96,24,22,22,1,0,2,3,110.368,110.368,109.541,113.1463,-0.3155,0.815,26.358,51.41,32.683,official_alkamel_time_cards_driver_stint,64c2452b244d1c2ecb1db01df0735b1a0f631db0d4e74397ed7fa3a89b845978
session_imsa_2025_daytona_rolex_24_race,imsa_2025_daytona_27_stint_005,car_imsa_2025_heart_of_racing_team_27,27,GTD,driver_casper_stevenson,Casper Stevenson,5,3,97,128,32,30,30,1,0,3,4,109.6835,109.6835,108.683,109.6582,-0.361,0.407,25.932,51.2795,32.414,official_alkamel_time_cards_driver_stint,64c2452b244d1c2ecb1db01df0735b1a0f631db0d4e74397ed7fa3a89b845978
session_imsa_2025_daytona_rolex_24_race,imsa_2025_daytona_27_stint_006,car_imsa_2025_heart_of_racing_team_27,27,GTD,driver_casper_stevenson,Casper Stevenson,6,4,129,131,3,1,1,1,0,4,4,165.331,165.331,165.331,,54.6365,55.475,30.417,80.233,54.681,official_alkamel_time_cards_driver_stint,64c2452b244d1c2ecb1db01df0735b1a0f631db0d4e74397ed7fa3a89b845978
session_imsa_2025_daytona_rolex_24_race,imsa_2025_daytona_27_stint_007,car_imsa_2025_heart_of_racing_team_27,27,GTD,driver_tom_gamble,Tom Gamble,7,1,132,132,1,0,0,1,0,4,4,,,,,,,,,,official_alkamel_time_cards_driver_stint,64c2452b244d1c2ecb1db01df0735b1a0f631db0d4e74397ed7fa3a89b845978
session_imsa_2025_daytona_rolex_24_race,imsa_2025_daytona_27_stint_008,car_imsa_2025_heart_of_racing_team_27,27,GTD,driver_tom_gamble,Tom Gamble,8,2,133,163,31,29,29,1,0,4,5,110.025,110.025,108.808,109.9467,-0.601,0.169,26.091,51.39,32.465,official_alkamel_time_cards_driver_stint,64c2452b244d1c2ecb1db01df0735b1a0f631db0d4e74397ed7fa3a89b845978
session_imsa_2025_daytona_rolex_24_race,imsa_2025_daytona_27_stint_009,car_imsa_2025_heart_of_racing_team_27,27,GTD,driver_tom_gamble,Tom Gamble,9,3,164,175,12,10,10,1,0,5,5,110.999,110.999,110.289,,0.477,1.217,26.458,51.806,32.762,official_alkamel_time_cards_driver_stint,64c2452b244d1c2ecb1db01df0735b1a0f631db0d4e74397ed7fa3a89b845978
session_imsa_2025_daytona_rolex_24_race,imsa_2025_daytona_27_stint_010,car_imsa_2025_heart_of_racing_team_27,27,GTD,driver_tom_gamble,Tom Gamble,10,4,176,207,32,30,30,1,0,5,6,109.6705,109.6705,108.625,109.5195,-0.5885,0.6265,25.883,51.301,32.461,official_alkamel_time_cards_driver_stint,64c2452b244d1c2ecb1db01df0735b1a0f631db0d4e74397ed7fa3a89b845978
session_imsa_2025_daytona_rolex_24_race,imsa_2025_daytona_27_stint_011,car_imsa_2025_heart_of_racing_team_27,27,GTD,driver_mattia_drudi,Mattia Drudi,11,1,208,221,14,12,12,1,0,6,7,108.9005,108.9005,108.073,,-1.7885,-0.5735,25.55,50.914,32.4355,official_alkamel_time_cards_driver_stint,64c2452b244d1c2ecb1db01df0735b1a0f631db0d4e74397ed7fa3a89b845978
session_imsa_2025_daytona_rolex_24_race,imsa_2025_daytona_27_stint_012,car_imsa_2025_heart_of_racing_team_27,27,GTD,driver_mattia_drudi,Mattia Drudi,12,2,222,257,36,34,34,1,0,7,8,109.5355,109.5355,108.943,109.3718,-0.3685,0.476,25.8775,51.2025,32.4975,official_alkamel_time_cards_driver_stint,64c2452b244d1c2ecb1db01df0735b1a0f631db0d4e74397ed7fa3a89b845978
session_imsa_2025_daytona_rolex_24_race,imsa_2025_daytona_27_stint_013,car_imsa_2025_heart_of_racing_team_27,27,GTD,driver_mattia_drudi,Mattia Drudi,13,3,258,287,30,28,28,1,0,8,9,109.3705,109.3705,107.811,109.0717,-0.8315,-0.0615,25.811,51.1995,32.4385,official_alkamel_time_cards_driver_stint,64c2452b244d1c2ecb1db01df0735b1a0f631db0d4e74397ed7fa3a89b845978
session_imsa_2025_daytona_rolex_24_race,imsa_2025_daytona_27_stint_014,car_imsa_2025_heart_of_racing_team_27,27,GTD,driver_zacharie_robichon,Zacharie Robichon,14,3,288,307,20,18,18,1,0,9,10,110.5425,110.5425,108.617,,0.365,1.349,26.442,51.536,32.9825,official_alkamel_time_cards_driver_stint,64c2452b244d1c2ecb1db01df0735b1a0f631db0d4e74397ed7fa3a89b845978
session_imsa_2025_daytona_rolex_24_race,imsa_2025_daytona_27_stint_015,car_imsa_2025_heart_of_racing_team_27,27,GTD,driver_zacharie_robichon,Zacharie Robichon,15,4,308,338,31,29,29,1,0,10,11,110.714,110.714,109.837,110.6577,0.8435,1.7685,26.319,51.499,32.724,official_alkamel_time_cards_driver_stint,64c2452b244d1c2ecb1db01df0735b1a0f631db0d4e74397ed7fa3a89b845978
session_imsa_2025_daytona_rolex_24_race,imsa_2025_daytona_27_stint_016,car_imsa_2025_heart_of_racing_team_27,27,GTD,driver_zacharie_robichon,Zacharie Robichon,16,5,339,362,24,22,22,1,0,11,12,109.584,109.584,108.229,110.002,-0.143,0.5325,25.776,51.066,32.599,official_alkamel_time_cards_driver_stint,64c2452b244d1c2ecb1db01df0735b1a0f631db0d4e74397ed7fa3a89b845978
session_imsa_2025_daytona_rolex_24_race,imsa_2025_daytona_27_stint_017,car_imsa_2025_heart_of_racing_team_27,27,GTD,driver_casper_stevenson,Casper Stevenson,17,5,363,365,3,1,1,1,0,12,12,167.812,167.812,167.812,,57.6715,58.1405,28.387,69.708,69.717,official_alkamel_time_cards_driver_stint,64c2452b244d1c2ecb1db01df0735b1a0f631db0d4e74397ed7fa3a89b845978
session_imsa_2025_daytona_rolex_24_race,imsa_2025_daytona_27_stint_018,car_imsa_2025_heart_of_racing_team_27,27,GTD,driver_casper_stevenson,Casper Stevenson,18,6,366,395,30,28,28,1,0,12,13,109.659,109.659,108.35,109.6578,-0.069,0.6315,26.038,51.057,32.482,official_alkamel_time_cards_driver_stint,64c2452b244d1c2ecb1db01df0735b1a0f631db0d4e74397ed7fa3a89b845978
session_imsa_2025_daytona_rolex_24_race,imsa_2025_daytona_27_stint_019,car_imsa_2025_heart_of_racing_team_27,27,GTD,driver_casper_stevenson,Casper Stevenson,19,7,396,410,15,13,13,1,0,13,13,109.275,109.275,108.139,,-0.365,0.4485,25.661,50.902,32.596,official_alkamel_time_cards_driver_stint,64c2452b244d1c2ecb1db01df0735b1a0f631db0d4e74397ed7fa3a89b845978
session_imsa_2025_daytona_rolex_24_race,imsa_2025_daytona_27_stint_020,car_imsa_2025_heart_of_racing_team_27,27,GTD,driver_casper_stevenson,Casper Stevenson,20,8,411,441,31,29,29,1,0,13,15,109.255,109.255,108.744,109.394,-0.563,0.0195,26.002,50.953,32.463,official_alkamel_time_cards_driver_stint,64c2452b244d1c2ecb1db01df0735b1a0f631db0d4e74397ed7fa3a89b845978
session_imsa_2025_daytona_rolex_24_race,imsa_2025_daytona_27_stint_021,car_imsa_2025_heart_of_racing_team_27,27,GTD,driver_tom_gamble,Tom Gamble,21,5,442,471,30,28,28,1,0,15,15,109.9225,109.9225,107.915,109.5099,0.4545,1.4025,26.037,51.2785,32.578,official_alkamel_time_cards_driver_stint,64c2452b244d1c2ecb1db01df0735b1a0f631db0d4e74397ed7fa3a89b845978
session_imsa_2025_daytona_rolex_24_race,imsa_2025_daytona_27_stint_022,car_imsa_2025_heart_of_racing_team_27,27,GTD,driver_tom_gamble,Tom Gamble,22,6,472,501,30,28,28,1,0,15,16,109.4095,109.4095,108.389,109.2354,0.1615,0.9315,25.916,51.1535,32.429,official_alkamel_time_cards_driver_stint,64c2452b244d1c2ecb1db01df0735b1a0f631db0d4e74397ed7fa3a89b845978
session_imsa_2025_daytona_rolex_24_race,imsa_2025_daytona_27_stint_023,car_imsa_2025_heart_of_racing_team_27,27,GTD,driver_mattia_drudi,Mattia Drudi,23,4,502,531,30,28,28,1,0,16,17,109.671,109.671,108.277,109.4308,0.418,1.3625,25.9245,51.172,32.553,official_alkamel_time_cards_driver_stint,64c2452b244d1c2ecb1db01df0735b1a0f631db0d4e74397ed7fa3a89b845978
session_imsa_2025_daytona_rolex_24_race,imsa_2025_daytona_27_stint_024,car_imsa_2025_heart_of_racing_team_27,27,GTD,driver_mattia_drudi,Mattia Drudi,24,5,532,552,21,19,19,1,0,17,18,108.858,108.858,107.674,,-1.366,-0.592,25.564,50.728,32.418,official_alkamel_time_cards_driver_stint,64c2452b244d1c2ecb1db01df0735b1a0f631db0d4e74397ed7fa3a89b845978
session_imsa_2025_daytona_rolex_24_race,imsa_2025_daytona_27_stint_025,car_imsa_2025_heart_of_racing_team_27,27,GTD,driver_zacharie_robichon,Zacharie Robichon,25,6,553,584,32,30,30,1,0,18,19,109.619,109.619,108.035,109.185,0.268,1.3205,26.1085,51.14,32.3255,official_alkamel_time_cards_driver_stint,64c2452b244d1c2ecb1db01df0735b1a0f631db0d4e74397ed7fa3a89b845978
session_imsa_2025_daytona_rolex_24_race,imsa_2025_daytona_27_stint_026,car_imsa_2025_heart_of_racing_team_27,27,GTD,driver_tom_gamble,Tom Gamble,26,7,585,613,29,27,27,1,0,19,20,109.583,109.583,107.965,109.2779,0.1005,0.992,25.9,51.286,32.23,official_alkamel_time_cards_driver_stint,64c2452b244d1c2ecb1db01df0735b1a0f631db0d4e74397ed7fa3a89b845978
session_imsa_2025_daytona_rolex_24_race,imsa_2025_daytona_27_stint_027,car_imsa_2025_heart_of_racing_team_27,27,GTD,driver_mattia_drudi,Mattia Drudi,27,6,614,642,29,27,27,1,0,20,21,109.461,109.461,108.476,110.1089,-0.1195,0.712,25.885,51.18,32.302,official_alkamel_time_cards_driver_stint,64c2452b244d1c2ecb1db01df0735b1a0f631db0d4e74397ed7fa3a89b845978
session_imsa_2025_daytona_rolex_24_race,imsa_2025_daytona_27_stint_028,car_imsa_2025_heart_of_racing_team_27,27,GTD,driver_mattia_drudi,Mattia Drudi,28,7,643,659,17,15,15,1,0,21,22,109.328,109.328,108.437,,-0.2525,0.503,25.755,51.161,32.297,official_alkamel_time_cards_driver_stint,64c2452b244d1c2ecb1db01df0735b1a0f631db0d4e74397ed7fa3a89b845978
session_imsa_2025_daytona_rolex_24_race,imsa_2025_daytona_27_stint_029,car_imsa_2025_heart_of_racing_team_27,27,GTD,driver_mattia_drudi,Mattia Drudi,29,8,660,694,35,33,33,1,0,22,23,110.078,110.078,108.616,109.6836,0.34,0.8695,26.357,51.325,32.241,official_alkamel_time_cards_driver_stint,64c2452b244d1c2ecb1db01df0735b1a0f631db0d4e74397ed7fa3a89b845978
session_imsa_2025_daytona_rolex_24_race,imsa_2025_daytona_27_stint_030,car_imsa_2025_heart_of_racing_team_27,27,GTD,driver_mattia_drudi,Mattia Drudi,30,9,695,719,25,24,24,0,0,23,24,109.818,109.818,108.218,109.4764,0.073,0.826,26.313,51.198,32.1385,official_alkamel_time_cards_driver_stint,64c2452b244d1c2ecb1db01df0735b1a0f631db0d4e74397ed7fa3a89b845978
session_imsa_2025_daytona_rolex_24_race,imsa_2025_daytona_70_stint_001,car_imsa_2025_inception_racing_70,70,GTD,driver_frederik_schandorff,Frederik Schandorff,1,1,1,30,30,28,28,1,0,0,0,109.5285,109.5285,108.735,109.5495,-0.738,0.3645,25.9795,51.0605,32.483,official_alkamel_time_cards_driver_stint,64c2452b244d1c2ecb1db01df0735b1a0f631db0d4e74397ed7fa3a89b845978
session_imsa_2025_daytona_rolex_24_race,imsa_2025_daytona_70_stint_002,car_imsa_2025_inception_racing_70,70,GTD,driver_brendan_iribe,Brendan Iribe,2,1,31,60,30,28,28,1,0,0,1,110.8035,110.8035,109.58,110.7665,0.3375,1.2375,26.1305,51.597,32.9865,official_alkamel_time_cards_driver_stint,64c2452b244d1c2ecb1db01df0735b1a0f631db0d4e74397ed7fa3a89b845978
session_imsa_2025_daytona_rolex_24_race,imsa_2025_daytona_70_stint_003,car_imsa_2025_inception_racing_70,70,GTD,driver_brendan_iribe,Brendan Iribe,3,2,61,72,12,10,10,1,0,1,2,111.23,111.23,110.059,,0.496,1.5113,26.3335,51.6555,33.197,official_alkamel_time_cards_driver_stint,64c2452b244d1c2ecb1db01df0735b1a0f631db0d4e74397ed7fa3a89b845978
session_imsa_2025_daytona_rolex_24_race,imsa_2025_daytona_70_stint_004,car_imsa_2025_inception_racing_70,70,GTD,driver_brendan_iribe,Brendan Iribe,4,3,73,104,32,30,30,1,0,2,3,110.9535,110.9535,109.471,111.1213,0.3785,1.2677,26.243,51.5995,32.927,official_alkamel_time_cards_driver_stint,64c2452b244d1c2ecb1db01df0735b1a0f631db0d4e74397ed7fa3a89b845978
session_imsa_2025_daytona_rolex_24_race,imsa_2025_daytona_70_stint_005,car_imsa_2025_inception_racing_70,70,GTD,driver_ollie_millroy,Ollie Millroy,5,1,105,131,27,25,25,1,0,3,4,109.931,109.931,109.137,109.709,-0.338,0.43,25.828,51.223,32.837,official_alkamel_time_cards_driver_stint,64c2452b244d1c2ecb1db01df0735b1a0f631db0d4e74397ed7fa3a89b845978
session_imsa_2025_daytona_rolex_24_race,imsa_2025_daytona_70_stint_006,car_imsa_2025_inception_racing_70,70,GTD,driver_david_fumanelli,David Fumanelli,6,1,132,158,27,25,25,1,0,4,5,110.218,110.218,109.233,109.997,-0.4765,0.362,25.968,51.292,32.763,official_alkamel_time_cards_driver_stint,64c2452b244d1c2ecb1db01df0735b1a0f631db0d4e74397ed7fa3a89b845978
session_imsa_2025_daytona_rolex_24_race,imsa_2025_daytona_70_stint_007,car_imsa_2025_inception_racing_70,70,GTD,driver_frederik_schandorff,Frederik Schandorff,7,2,159,190,32,30,30,1,0,5,6,109.4995,109.4995,108.186,129.8759,-0.912,0.159,25.785,51.095,32.6215,official_alkamel_time_cards_driver_stint,64c2452b244d1c2ecb1db01df0735b1a0f631db0d4e74397ed7fa3a89b845978
session_imsa_2025_daytona_rolex_24_race,imsa_2025_daytona_70_stint_008,car_imsa_2025_inception_racing_70,70,GTD,driver_brendan_iribe,Brendan Iribe,8,4,191,221,31,29,29,1,0,6,7,110.893,110.893,109.967,110.832,0.417,1.78,26.296,51.594,33.015,official_alkamel_time_cards_driver_stint,64c2452b244d1c2ecb1db01df0735b1a0f631db0d4e74397ed7fa3a89b845978
session_imsa_2025_daytona_rolex_24_race,imsa_2025_daytona_70_stint_009,car_imsa_2025_inception_racing_70,70,GTD,driver_ollie_millroy,Ollie Millroy,9,2,222,255,34,32,32,1,0,7,8,109.6905,109.6905,108.923,109.6004,-0.1815,0.675,25.9355,51.1485,32.7945,official_alkamel_time_cards_driver_stint,64c2452b244d1c2ecb1db01df0735b1a0f631db0d4e74397ed7fa3a89b845978
session_imsa_2025_daytona_rolex_24_race,imsa_2025_daytona_70_stint_010,car_imsa_2025_inception_racing_70,70,GTD,driver_ollie_millroy,Ollie Millroy,10,3,256,283,28,26,26,1,0,8,9,109.942,109.942,109.185,109.8002,-0.262,0.3915,25.9065,51.1445,32.745,official_alkamel_time_cards_driver_stint,64c2452b244d1c2ecb1db01df0735b1a0f631db0d4e74397ed7fa3a89b845978
session_imsa_2025_daytona_rolex_24_race,imsa_2025_daytona_70_stint_011,car_imsa_2025_inception_racing_70,70,GTD,driver_david_fumanelli,David Fumanelli,11,2,284,307,24,22,22,1,0,9,10,111.145,111.145,108.891,136.8889,0.9145,1.8985,26.425,51.609,33.3495,official_alkamel_time_cards_driver_stint,64c2452b244d1c2ecb1db01df0735b1a0f631db0d4e74397ed7fa3a89b845978
session_imsa_2025_daytona_rolex_24_race,imsa_2025_daytona_70_stint_012,car_imsa_2025_inception_racing_70,70,GTD,driver_david_fumanelli,David Fumanelli,12,3,308,329,22,20,20,1,0,10,11,109.149,109.149,108.703,118.8853,-0.6465,0.2815,25.6265,50.9205,32.718,official_alkamel_time_cards_driver_stint,64c2452b244d1c2ecb1db01df0735b1a0f631db0d4e74397ed7fa3a89b845978
session_imsa_2025_daytona_rolex_24_race,imsa_2025_daytona_70_stint_013,car_imsa_2025_inception_racing_70,70,GTD,driver_frederik_schandorff,Frederik Schandorff,13,3,330,358,29,27,27,1,0,11,12,109.072,109.072,108.401,108.9439,-0.601,0.1975,25.563,50.924,32.565,official_alkamel_time_cards_driver_stint,64c2452b244d1c2ecb1db01df0735b1a0f631db0d4e74397ed7fa3a89b845978
session_imsa_2025_daytona_rolex_24_race,imsa_2025_daytona_70_stint_014,car_imsa_2025_inception_racing_70,70,GTD,driver_frederik_schandorff,Frederik Schandorff,14,4,359,390,32,30,30,1,0,12,13,108.9965,108.9965,107.848,114.4437,-0.7148,-0.1325,25.7315,50.9155,32.5545,official_alkamel_time_cards_driver_stint,64c2452b244d1c2ecb1db01df0735b1a0f631db0d4e74397ed7fa3a89b845978
session_imsa_2025_daytona_rolex_24_race,imsa_2025_daytona_70_stint_015,car_imsa_2025_inception_racing_70,70,GTD,driver_ollie_millroy,Ollie Millroy,15,4,391,392,2,0,0,1,0,13,13,,,,,,,,,,official_alkamel_time_cards_driver_stint,64c2452b244d1c2ecb1db01df0735b1a0f631db0d4e74397ed7fa3a89b845978
session_imsa_2025_daytona_rolex_24_race,imsa_2025_daytona_43_stint_001,car_imsa_2025_inter_europol_competition_43,43,LMP2,driver_jon_field,Jon Field,1,1,1,22,22,20,20,1,0,0,0,103.8115,103.8115,102.328,103.7911,0.3125,-5.3525,24.9475,48.0835,30.4245,official_alkamel_time_cards_driver_stint,64c2452b244d1c2ecb1db01df0735b1a0f631db0d4e74397ed7fa3a89b845978
session_imsa_2025_daytona_rolex_24_race,imsa_2025_daytona_43_stint_002,car_imsa_2025_inter_europol_competition_43,43,LMP2,driver_jon_field,Jon Field,2,2,23,46,24,22,22,1,0,0,1,104.3005,104.3005,103.058,104.3228,1.0805,-4.917,25.082,48.5295,30.411,official_alkamel_time_cards_driver_stint,64c2452b244d1c2ecb1db01df0735b1a0f631db0d4e74397ed7fa3a89b845978
session_imsa_2025_daytona_rolex_24_race,imsa_2025_daytona_43_stint_003,car_imsa_2025_inter_europol_competition_43,43,LMP2,driver_bijoy_garg,Bijoy Garg,3,1,47,70,24,22,22,1,0,1,2,101.986,101.986,100.512,102.1252,-1.135,-7.7003,24.3675,47.7735,29.6665,official_alkamel_time_cards_driver_stint,64c2452b244d1c2ecb1db01df0735b1a0f631db0d4e74397ed7fa3a89b845978
session_imsa_2025_daytona_rolex_24_race,imsa_2025_daytona_43_stint_004,car_imsa_2025_inter_europol_competition_43,43,LMP2,driver_bijoy_garg,Bijoy Garg,4,2,71,75,5,3,3,1,0,2,2,118.758,118.758,109.528,,15.068,8.8865,27.377,56.005,37.242,official_alkamel_time_cards_driver_stint,64c2452b244d1c2ecb1db01df0735b1a0f631db0d4e74397ed7fa3a89b845978
session_imsa_2025_daytona_rolex_24_race,imsa_2025_daytona_43_stint_005,car_imsa_2025_inter_europol_competition_43,43,LMP2,driver_jon_field,Jon Field,5,3,76,100,25,23,23,1,0,2,3,102.669,102.669,101.101,107.2238,-0.592,-7.045,24.566,47.763,30.202,official_alkamel_time_cards_driver_stint,64c2452b244d1c2ecb1db01df0735b1a0f631db0d4e74397ed7fa3a89b845978
session_imsa_2025_daytona_rolex_24_race,imsa_2025_daytona_43_stint_006,car_imsa_2025_inter_europol_competition_43,43,LMP2,driver_jon_field,Jon Field,6,4,101,124,24,22,22,1,0,3,3,103.85,103.85,102.224,103.7883,1.515,-5.371,24.817,48.298,30.144,official_alkamel_time_cards_driver_stint,64c2452b244d1c2ecb1db01df0735b1a0f631db0d4e74397ed7fa3a89b845978
session_imsa_2025_daytona_rolex_24_race,imsa_2025_daytona_43_stint_007,car_imsa_2025_inter_europol_competition_43,43,LMP2,driver_bijoy_garg,Bijoy Garg,7,3,125,139,15,13,13,1,0,3,4,102.269,102.269,100.427,,-0.384,-7.238,25.21,47.993,29.7,official_alkamel_time_cards_driver_stint,64c2452b244d1c2ecb1db01df0735b1a0f631db0d4e74397ed7fa3a89b845978
session_imsa_2025_daytona_rolex_24_race,imsa_2025_daytona_43_stint_008,car_imsa_2025_inter_europol_competition_43,43,LMP2,driver_bijoy_garg,Bijoy Garg,8,4,140,147,8,6,6,1,0,4,4,104.4855,104.4855,101.786,,1.2165,-5.3705,24.5675,48.1395,30.6655,official_alkamel_time_cards_driver_stint,64c2452b244d1c2ecb1db01df0735b1a0f631db0d4e74397ed7fa3a89b845978
session_imsa_2025_daytona_rolex_24_race,imsa_2025_daytona_43_stint_009,car_imsa_2025_inter_europol_competition_43,43,LMP2,driver_bijoy_garg,Bijoy Garg,9,5,148,161,14,12,12,1,0,4,5,101.849,101.849,100.691,,-1.42,-8.007,24.1475,47.412,29.6475,official_alkamel_time_cards_driver_stint,64c2452b244d1c2ecb1db01df0735b1a0f631db0d4e74397ed7fa3a89b845978
session_imsa_2025_daytona_rolex_24_race,imsa_2025_daytona_43_stint_010,car_imsa_2025_inter_europol_competition_43,43,LMP2,driver_antonio_felix_da_costa,Antonio Felix da Costa,10,1,162,186,25,23,23,1,0,5,5,100.673,100.673,99.037,102.5476,-1.3915,-9.109,24.081,47.179,29.731,official_alkamel_time_cards_driver_stint,64c2452b244d1c2ecb1db01df0735b1a0f631db0d4e74397ed7fa3a89b845978
session_imsa_2025_daytona_rolex_24_race,imsa_2025_daytona_43_stint_011,car_imsa_2025_inter_europol_competition_43,43,LMP2,driver_jon_field,Jon Field,11,5,187,210,24,22,22,1,0,5,6,104.6595,104.6595,103.033,104.4871,3.0075,-4.3845,25.245,48.5915,30.597,official_alkamel_time_cards_driver_stint,64c2452b244d1c2ecb1db01df0735b1a0f631db0d4e74397ed7fa3a89b845978
session_imsa_2025_daytona_rolex_24_race,imsa_2025_daytona_43_stint_012,car_imsa_2025_inter_europol_competition_43,43,LMP2,driver_jon_field,Jon Field,12,6,211,236,26,24,24,1,0,6,7,104.1525,104.1525,101.902,109.2297,1.455,-5.937,25.1335,48.726,30.5135,official_alkamel_time_cards_driver_stint,64c2452b244d1c2ecb1db01df0735b1a0f631db0d4e74397ed7fa3a89b845978
session_imsa_2025_daytona_rolex_24_race,imsa_2025_daytona_43_stint_013,car_imsa_2025_inter_europol_competition_43,43,LMP2,driver_jon_field,Jon Field,13,7,237,238,2,0,0,1,0,7,7,,,,,,,,,,official_alkamel_time_cards_driver_stint,64c2452b244d1c2ecb1db01df0735b1a0f631db0d4e74397ed7fa3a89b845978
session_imsa_2025_daytona_rolex_24_race,imsa_2025_daytona_43_stint_014,car_imsa_2025_inter_europol_competition_43,43,LMP2,driver_jon_field,Jon Field,14,8,239,247,9,7,7,1,0,7,7,177.196,177.196,166.215,,47.6935,27.5455,52.384,72.385,55.087,official_alkamel_time_cards_driver_stint,64c2452b244d1c2ecb1db01df0735b1a0f631db0d4e74397ed7fa3a89b845978
session_imsa_2025_daytona_rolex_24_race,imsa_2025_daytona_43_stint_015,car_imsa_2025_inter_europol_competition_43,43,LMP2,driver_bijoy_garg,Bijoy Garg,15,6,248,271,24,22,22,1,0,7,8,101.3905,101.3905,99.427,101.3223,-0.734,-7.855,24.0575,47.1175,29.6105,official_alkamel_time_cards_driver_stint,64c2452b244d1c2ecb1db01df0735b1a0f631db0d4e74397ed7fa3a89b845978
session_imsa_2025_daytona_rolex_24_race,imsa_2025_daytona_43_stint_016,car_imsa_2025_inter_europol_competition_43,43,LMP2,driver_bijoy_garg,Bijoy Garg,16,7,272,295,24,22,22,1,0,8,9,102.46,102.46,101.008,102.4165,0.2167,-6.828,24.7275,47.672,29.9355,official_alkamel_time_cards_driver_stint,64c2452b244d1c2ecb1db01df0735b1a0f631db0d4e74397ed7fa3a89b845978
session_imsa_2025_daytona_rolex_24_race,imsa_2025_daytona_43_stint_017,car_imsa_2025_inter_europol_competition_43,43,LMP2,driver_tom_dillmann,Tom Dillmann,17,1,296,310,15,13,13,1,0,9,9,102.656,102.656,99.113,,-0.0925,-7.034,25.13,47.277,30.146,official_alkamel_time_cards_driver_stint,64c2452b244d1c2ecb1db01df0735b1a0f631db0d4e74397ed7fa3a89b845978
session_imsa_2025_daytona_rolex_24_race,imsa_2025_daytona_43_stint_018,car_imsa_2025_inter_europol_competition_43,43,LMP2,driver_tom_dillmann,Tom Dillmann,18,2,311,326,16,14,14,1,0,9,10,100.93,100.93,99.973,,-0.4495,-8.2635,23.9765,46.994,29.579,official_alkamel_time_cards_driver_stint,64c2452b244d1c2ecb1db01df0735b1a0f631db0d4e74397ed7fa3a89b845978
session_imsa_2025_daytona_rolex_24_race,imsa_2025_daytona_43_stint_019,car_imsa_2025_inter_europol_competition_43,43,LMP2,driver_antonio_felix_da_costa,Antonio Felix da Costa,19,2,327,352,26,24,24,1,0,10,11,99.5565,99.5565,98.876,100.085,-1.7555,-9.382,23.8305,46.444,29.293,official_alkamel_time_cards_driver_stint,64c2452b244d1c2ecb1db01df0735b1a0f631db0d4e74397ed7fa3a89b845978
session_imsa_2025_daytona_rolex_24_race,imsa_2025_daytona_43_stint_020,car_imsa_2025_inter_europol_competition_43,43,LMP2,driver_antonio_felix_da_costa,Antonio Felix da Costa,20,3,353,377,25,23,23,1,0,11,11,100.86,100.86,100.109,101.0934,-0.352,-7.9785,24.267,47.118,29.386,official_alkamel_time_cards_driver_stint,64c2452b244d1c2ecb1db01df0735b1a0f631db0d4e74397ed7fa3a89b845978
session_imsa_2025_daytona_rolex_24_race,imsa_2025_daytona_43_stint_021,car_imsa_2025_inter_europol_competition_43,43,LMP2,driver_tom_dillmann,Tom Dillmann,21,3,378,385,8,6,6,1,0,11,12,106.98,106.98,99.055,,4.86,-2.6915,24.8025,47.1395,33.999,official_alkamel_time_cards_driver_stint,64c2452b244d1c2ecb1db01df0735b1a0f631db0d4e74397ed7fa3a89b845978
session_imsa_2025_daytona_rolex_24_race,imsa_2025_daytona_43_stint_022,car_imsa_2025_inter_europol_competition_43,43,LMP2,driver_tom_dillmann,Tom Dillmann,22,4,386,396,11,9,9,1,0,12,12,170.127,170.127,100.067,,68.007,60.4555,31.98,85.681,46.598,official_alkamel_time_cards_driver_stint,64c2452b244d1c2ecb1db01df0735b1a0f631db0d4e74397ed7fa3a89b845978
session_imsa_2025_daytona_rolex_24_race,imsa_2025_daytona_43_stint_023,car_imsa_2025_inter_europol_competition_43,43,LMP2,driver_tom_dillmann,Tom Dillmann,23,5,397,412,16,14,14,1,0,12,13,99.458,99.458,98.96,,-2.2605,-9.661,23.5585,46.4905,29.263,official_alkamel_time_cards_driver_stint,64c2452b244d1c2ecb1db01df0735b1a0f631db0d4e74397ed7fa3a89b845978
session_imsa_2025_daytona_rolex_24_race,imsa_2025_daytona_43_stint_024,car_imsa_2025_inter_europol_competition_43,43,LMP2,driver_tom_dillmann,Tom Dillmann,24,6,413,430,18,17,17,0,0,13,13,100.777,100.777,99.777,,-0.8,-8.0495,24.016,47.092,29.505,official_alkamel_time_cards_driver_stint,64c2452b244d1c2ecb1db01df0735b1a0f631db0d4e74397ed7fa3a89b845978
session_imsa_2025_daytona_rolex_24_race,imsa_2025_daytona_83_stint_001,car_imsa_2025_iron_dames_83,83,GTD,driver_michelle_gatting,Michelle Gatting,1,1,1,29,29,27,27,1,0,0,0,110.156,110.156,109.109,110.0695,-0.1105,0.992,25.904,51.477,32.734,official_alkamel_time_cards_driver_stint,64c2452b244d1c2ecb1db01df0735b1a0f631db0d4e74397ed7fa3a89b845978
session_imsa_2025_daytona_rolex_24_race,imsa_2025_daytona_83_stint_002,car_imsa_2025_iron_dames_83,83,GTD,driver_michelle_gatting,Michelle Gatting,2,2,30,58,29,27,27,1,0,0,1,110.249,110.249,109.439,110.2939,-0.217,0.683,25.97,51.471,32.755,official_alkamel_time_cards_driver_stint,64c2452b244d1c2ecb1db01df0735b1a0f631db0d4e74397ed7fa3a89b845978
session_imsa_2025_daytona_rolex_24_race,imsa_2025_daytona_83_stint_003,car_imsa_2025_iron_dames_83,83,GTD,driver_karen_gaillard,Karen Gaillard,3,1,59,72,14,12,12,1,0,1,2,110.409,110.409,109.043,,-0.057,0.843,25.943,51.4585,33.0955,official_alkamel_time_cards_driver_stint,64c2452b244d1c2ecb1db01df0735b1a0f631db0d4e74397ed7fa3a89b845978
session_imsa_2025_daytona_rolex_24_race,imsa_2025_daytona_83_stint_004,car_imsa_2025_iron_dames_83,83,GTD,driver_karen_gaillard,Karen Gaillard,4,2,73,103,31,29,29,1,0,2,3,110.741,110.741,109.41,110.5636,0.343,1.346,26.315,51.59,32.835,official_alkamel_time_cards_driver_stint,64c2452b244d1c2ecb1db01df0735b1a0f631db0d4e74397ed7fa3a89b845978
session_imsa_2025_daytona_rolex_24_race,imsa_2025_daytona_83_stint_005,car_imsa_2025_iron_dames_83,83,GTD,driver_rahel_frey,Rahel Frey,5,1,104,131,28,26,26,1,0,3,4,109.899,109.899,109.257,109.871,-0.152,0.616,25.7815,51.323,32.804,official_alkamel_time_cards_driver_stint,64c2452b244d1c2ecb1db01df0735b1a0f631db0d4e74397ed7fa3a89b845978
session_imsa_2025_daytona_rolex_24_race,imsa_2025_daytona_83_stint_006,car_imsa_2025_iron_dames_83,83,GTD,driver_rahel_frey,Rahel Frey,6,2,132,161,30,28,28,1,0,4,5,110.6985,110.6985,109.457,110.8367,0.0858,0.875,26.3015,51.361,33.0425,official_alkamel_time_cards_driver_stint,64c2452b244d1c2ecb1db01df0735b1a0f631db0d4e74397ed7fa3a89b845978
session_imsa_2025_daytona_rolex_24_race,imsa_2025_daytona_83_stint_007,car_imsa_2025_iron_dames_83,83,GTD,driver_sarah_bovy,Sarah Bovy,7,1,162,175,14,12,12,1,0,5,5,110.547,110.547,108.919,,0.025,0.765,25.8875,51.803,33.1085,official_alkamel_time_cards_driver_stint,64c2452b244d1c2ecb1db01df0735b1a0f631db0d4e74397ed7fa3a89b845978
session_imsa_2025_daytona_rolex_24_race,imsa_2025_daytona_83_stint_008,car_imsa_2025_iron_dames_83,83,GTD,driver_sarah_bovy,Sarah Bovy,8,2,176,206,31,29,29,1,0,5,6,110.259,110.259,109.333,110.147,0.0,1.215,26.033,51.372,32.891,official_alkamel_time_cards_driver_stint,64c2452b244d1c2ecb1db01df0735b1a0f631db0d4e74397ed7fa3a89b845978
session_imsa_2025_daytona_rolex_24_race,imsa_2025_daytona_83_stint_009,car_imsa_2025_iron_dames_83,83,GTD,driver_michelle_gatting,Michelle Gatting,9,3,207,221,15,13,13,1,0,6,7,109.763,109.763,107.987,,-2.091,-0.876,26.362,51.281,32.667,official_alkamel_time_cards_driver_stint,64c2452b244d1c2ecb1db01df0735b1a0f631db0d4e74397ed7fa3a89b845978
session_imsa_2025_daytona_rolex_24_race,imsa_2025_daytona_83_stint_010,car_imsa_2025_iron_dames_83,83,GTD,driver_michelle_gatting,Michelle Gatting,10,4,222,234,13,11,11,1,0,7,7,177.025,177.025,142.859,,21.481,27.3745,49.593,75.433,54.606,official_alkamel_time_cards_driver_stint,64c2452b244d1c2ecb1db01df0735b1a0f631db0d4e74397ed7fa3a89b845978
session_imsa_2025_daytona_rolex_24_race,imsa_2025_daytona_83_stint_011,car_imsa_2025_iron_dames_83,83,GTD,driver_michelle_gatting,Michelle Gatting,11,5,235,262,28,26,26,1,0,8,8,109.1935,109.1935,108.259,109.0884,-0.589,0.2555,25.7265,50.924,32.6165,official_alkamel_time_cards_driver_stint,64c2452b244d1c2ecb1db01df0735b1a0f631db0d4e74397ed7fa3a89b845978
session_imsa_2025_daytona_rolex_24_race,imsa_2025_daytona_83_stint_012,car_imsa_2025_iron_dames_83,83,GTD,driver_karen_gaillard,Karen Gaillard,12,3,263,287,25,23,23,1,0,8,9,109.968,109.968,108.825,110.1274,-0.3755,0.278,25.924,51.123,32.834,official_alkamel_time_cards_driver_stint,64c2452b244d1c2ecb1db01df0735b1a0f631db0d4e74397ed7fa3a89b845978
session_imsa_2025_daytona_rolex_24_race,imsa_2025_daytona_83_stint_013,car_imsa_2025_iron_dames_83,83,GTD,driver_karen_gaillard,Karen Gaillard,13,4,288,288,1,0,0,1,0,9,9,,,,,,,,,,official_alkamel_time_cards_driver_stint,64c2452b244d1c2ecb1db01df0735b1a0f631db0d4e74397ed7fa3a89b845978
session_imsa_2025_daytona_rolex_24_race,imsa_2025_daytona_83_stint_014,car_imsa_2025_iron_dames_83,83,GTD,driver_karen_gaillard,Karen Gaillard,14,5,289,306,18,16,16,1,0,9,10,111.589,111.589,109.372,,1.4115,2.3955,26.247,51.2645,33.5035,official_alkamel_time_cards_driver_stint,64c2452b244d1c2ecb1db01df0735b1a0f631db0d4e74397ed7fa3a89b845978
session_imsa_2025_daytona_rolex_24_race,imsa_2025_daytona_83_stint_015,car_imsa_2025_iron_dames_83,83,GTD,driver_rahel_frey,Rahel Frey,15,3,307,308,2,0,0,1,0,10,10,,,,,,,,,,official_alkamel_time_cards_driver_stint,64c2452b244d1c2ecb1db01df0735b1a0f631db0d4e74397ed7fa3a89b845978
session_imsa_2025_daytona_rolex_24_race,imsa_2025_daytona_83_stint_016,car_imsa_2025_iron_dames_83,83,GTD,driver_rahel_frey,Rahel Frey,16,4,309,337,29,27,27,1,0,10,11,109.652,109.652,109.192,109.7231,-0.036,0.7985,25.806,51.008,32.783,official_alkamel_time_cards_driver_stint,64c2452b244d1c2ecb1db01df0735b1a0f631db0d4e74397ed7fa3a89b845978
session_imsa_2025_daytona_rolex_24_race,imsa_2025_daytona_83_stint_017,car_imsa_2025_iron_dames_83,83,GTD,driver_rahel_frey,Rahel Frey,17,5,338,361,24,22,22,1,0,11,12,110.0265,110.0265,109.403,115.519,0.2595,1.094,26.015,51.2105,32.8545,official_alkamel_time_cards_driver_stint,64c2452b244d1c2ecb1db01df0735b1a0f631db0d4e74397ed7fa3a89b845978
session_imsa_2025_daytona_rolex_24_race,imsa_2025_daytona_83_stint_018,car_imsa_2025_iron_dames_83,83,GTD,driver_sarah_bovy,Sarah Bovy,18,3,362,393,32,30,30,1,0,12,13,109.7745,109.7745,108.564,109.7841,0.104,0.831,26.0745,51.119,32.6945,official_alkamel_time_cards_driver_stint,64c2452b244d1c2ecb1db01df0735b1a0f631db0d4e74397ed7fa3a89b845978
session_imsa_2025_daytona_rolex_24_race,imsa_2025_daytona_83_stint_019,car_imsa_2025_iron_dames_83,83,GTD,driver_sarah_bovy,Sarah Bovy,19,4,394,410,17,15,15,1,0,13,14,110.319,110.319,109.087,,0.679,1.4925,26.034,51.587,33.034,official_alkamel_time_cards_driver_stint,64c2452b244d1c2ecb1db01df0735b1a0f631db0d4e74397ed7fa3a89b845978
session_imsa_2025_daytona_rolex_24_race,imsa_2025_daytona_83_stint_020,car_imsa_2025_iron_dames_83,83,GTD,driver_michelle_gatting,Michelle Gatting,20,6,411,440,30,28,28,1,0,14,15,110.063,110.063,107.999,109.7794,0.245,0.8275,26.2065,51.1355,32.555,official_alkamel_time_cards_driver_stint,64c2452b244d1c2ecb1db01df0735b1a0f631db0d4e74397ed7fa3a89b845978
session_imsa_2025_daytona_rolex_24_race,imsa_2025_daytona_83_stint_021,car_imsa_2025_iron_dames_83,83,GTD,driver_michelle_gatting,Michelle Gatting,21,7,441,469,29,27,27,1,0,15,15,109.497,109.497,108.677,109.4534,0.029,0.977,25.891,51.012,32.612,official_alkamel_time_cards_driver_stint,64c2452b244d1c2ecb1db01df0735b1a0f631db0d4e74397ed7fa3a89b845978
session_imsa_2025_daytona_rolex_24_race,imsa_2025_daytona_83_stint_022,car_imsa_2025_iron_dames_83,83,GTD,driver_rahel_frey,Rahel Frey,22,6,470,498,29,27,27,1,0,15,16,109.085,109.085,108.66,109.3193,-0.163,0.607,25.625,50.763,32.717,official_alkamel_time_cards_driver_stint,64c2452b244d1c2ecb1db01df0735b1a0f631db0d4e74397ed7fa3a89b845978
session_imsa_2025_daytona_rolex_24_race,imsa_2025_daytona_83_stint_023,car_imsa_2025_iron_dames_83,83,GTD,driver_rahel_frey,Rahel Frey,23,7,499,527,29,27,27,1,0,16,17,109.656,109.656,109.163,109.7619,0.398,1.39,25.88,50.914,32.808,official_alkamel_time_cards_driver_stint,64c2452b244d1c2ecb1db01df0735b1a0f631db0d4e74397ed7fa3a89b845978
session_imsa_2025_daytona_rolex_24_race,imsa_2025_daytona_83_stint_024,car_imsa_2025_iron_dames_83,83,GTD,driver_karen_gaillard,Karen Gaillard,24,6,528,553,26,24,24,1,0,17,18,110.1115,110.1115,108.581,112.7591,-0.2855,0.465,26.0085,51.208,33.0205,official_alkamel_time_cards_driver_stint,64c2452b244d1c2ecb1db01df0735b1a0f631db0d4e74397ed7fa3a89b845978
session_imsa_2025_daytona_rolex_24_race,imsa_2025_daytona_83_stint_025,car_imsa_2025_iron_dames_83,83,GTD,driver_karen_gaillard,Karen Gaillard,25,7,554,584,31,29,29,1,0,18,19,110.718,110.718,109.614,110.5561,1.425,2.4775,26.255,51.492,32.96,official_alkamel_time_cards_driver_stint,64c2452b244d1c2ecb1db01df0735b1a0f631db0d4e74397ed7fa3a89b845978
session_imsa_2025_daytona_rolex_24_race,imsa_2025_daytona_83_stint_026,car_imsa_2025_iron_dames_83,83,GTD,driver_sarah_bovy,Sarah Bovy,26,5,585,613,29,27,27,1,0,19,20,109.472,109.472,108.414,109.3573,-0.0355,0.925,25.763,51.141,32.519,official_alkamel_time_cards_driver_stint,64c2452b244d1c2ecb1db01df0735b1a0f631db0d4e74397ed7fa3a89b845978
session_imsa_2025_daytona_rolex_24_race,imsa_2025_daytona_83_stint_027,car_imsa_2025_iron_dames_83,83,GTD,driver_sarah_bovy,Sarah Bovy,27,6,614,642,29,27,27,1,0,20,21,109.239,109.239,108.466,109.1716,-0.3395,0.472,25.768,51.201,32.351,official_alkamel_time_cards_driver_stint,64c2452b244d1c2ecb1db01df0735b1a0f631db0d4e74397ed7fa3a89b845978
session_imsa_2025_daytona_rolex_24_race,imsa_2025_daytona_83_stint_028,car_imsa_2025_iron_dames_83,83,GTD,driver_rahel_frey,Rahel Frey,28,8,643,661,19,17,17,1,0,21,22,110.37,110.37,109.208,,0.7895,1.545,25.917,51.639,33.202,official_alkamel_time_cards_driver_stint,64c2452b244d1c2ecb1db01df0735b1a0f631db0d4e74397ed7fa3a89b845978
session_imsa_2025_daytona_rolex_24_race,imsa_2025_daytona_83_stint_029,car_imsa_2025_iron_dames_83,83,GTD,driver_michelle_gatting,Michelle Gatting,29,8,662,694,33,31,31,1,0,22,23,109.999,109.999,108.035,109.7769,0.261,0.7905,26.193,51.405,32.462,official_alkamel_time_cards_driver_stint,64c2452b244d1c2ecb1db01df0735b1a0f631db0d4e74397ed7fa3a89b845978
session_imsa_2025_daytona_rolex_24_race,imsa_2025_daytona_83_stint_030,car_imsa_2025_iron_dames_83,83,GTD,driver_michelle_gatting,Michelle Gatting,30,9,695,719,25,24,24,0,0,23,24,109.71,109.71,108.744,109.6455,0.1015,0.823,26.194,51.259,32.2735,official_alkamel_time_cards_driver_stint,64c2452b244d1c2ecb1db01df0735b1a0f631db0d4e74397ed7fa3a89b845978
session_imsa_2025_daytona_rolex_24_race,imsa_2025_daytona_85_stint_001,car_imsa_2025_jdc_miller_motorsports_85,85,GTP,driver_gianmaria_bruni,Gianmaria Bruni,1,1,1,29,29,27,27,1,0,0,0,98.573,98.573,97.484,99.0581,-0.33,-10.591,24.08,45.864,28.623,official_alkamel_time_cards_driver_stint,64c2452b244d1c2ecb1db01df0735b1a0f631db0d4e74397ed7fa3a89b845978
session_imsa_2025_daytona_rolex_24_race,imsa_2025_daytona_85_stint_002,car_imsa_2025_jdc_miller_motorsports_85,85,GTP,driver_gianmaria_bruni,Gianmaria Bruni,2,2,30,58,29,27,27,1,0,0,1,99.45,99.45,98.635,99.6105,0.316,-10.038,24.307,46.374,28.745,official_alkamel_time_cards_driver_stint,64c2452b244d1c2ecb1db01df0735b1a0f631db0d4e74397ed7fa3a89b845978
session_imsa_2025_daytona_rolex_24_race,imsa_2025_daytona_85_stint_003,car_imsa_2025_jdc_miller_motorsports_85,85,GTP,driver_tijmen_van_der_helm,Tijmen van der Helm,3,1,59,78,20,18,18,1,0,1,2,99.2955,99.2955,98.591,,-0.001,-10.355,24.165,46.3545,28.757,official_alkamel_time_cards_driver_stint,64c2452b244d1c2ecb1db01df0735b1a0f631db0d4e74397ed7fa3a89b845978
session_imsa_2025_daytona_rolex_24_race,imsa_2025_daytona_85_stint_004,car_imsa_2025_jdc_miller_motorsports_85,85,GTP,driver_tijmen_van_der_helm,Tijmen van der Helm,4,2,79,109,31,29,29,1,0,2,3,100.128,100.128,98.548,99.9867,1.0,-9.4205,24.437,46.59,29.056,official_alkamel_time_cards_driver_stint,64c2452b244d1c2ecb1db01df0735b1a0f631db0d4e74397ed7fa3a89b845978
session_imsa_2025_daytona_rolex_24_race,imsa_2025_daytona_85_stint_005,car_imsa_2025_jdc_miller_motorsports_85,85,GTP,driver_pascal_wehrlein,Pascal Wehrlein,5,1,110,138,29,27,27,1,0,3,4,99.467,99.467,98.049,99.4381,0.453,-9.754,24.142,46.153,28.873,official_alkamel_time_cards_driver_stint,64c2452b244d1c2ecb1db01df0735b1a0f631db0d4e74397ed7fa3a89b845978
session_imsa_2025_daytona_rolex_24_race,imsa_2025_daytona_85_stint_006,car_imsa_2025_jdc_miller_motorsports_85,85,GTP,driver_pascal_wehrlein,Pascal Wehrlein,6,2,139,171,33,31,31,1,0,4,5,100.398,100.398,98.527,99.8899,0.969,-9.458,24.341,46.661,29.133,official_alkamel_time_cards_driver_stint,64c2452b244d1c2ecb1db01df0735b1a0f631db0d4e74397ed7fa3a89b845978
session_imsa_2025_daytona_rolex_24_race,imsa_2025_daytona_85_stint_007,car_imsa_2025_jdc_miller_motorsports_85,85,GTP,driver_bryce_aron,Bryce Aron,7,1,172,190,19,17,17,1,0,5,5,101.185,101.185,99.024,,1.636,-8.597,24.83,46.955,29.275,official_alkamel_time_cards_driver_stint,64c2452b244d1c2ecb1db01df0735b1a0f631db0d4e74397ed7fa3a89b845978
session_imsa_2025_daytona_rolex_24_race,imsa_2025_daytona_85_stint_008,car_imsa_2025_jdc_miller_motorsports_85,85,GTP,driver_bryce_aron,Bryce Aron,8,2,191,220,30,28,28,1,0,5,6,101.2045,101.2045,100.049,101.0177,2.1405,-7.8395,24.9925,46.992,29.1895,official_alkamel_time_cards_driver_stint,64c2452b244d1c2ecb1db01df0735b1a0f631db0d4e74397ed7fa3a89b845978
session_imsa_2025_daytona_rolex_24_race,imsa_2025_daytona_85_stint_009,car_imsa_2025_jdc_miller_motorsports_85,85,GTP,driver_gianmaria_bruni,Gianmaria Bruni,9,3,221,240,20,18,18,1,0,6,7,99.7455,99.7455,98.629,,-0.4265,-10.279,24.1785,46.3755,29.059,official_alkamel_time_cards_driver_stint,64c2452b244d1c2ecb1db01df0735b1a0f631db0d4e74397ed7fa3a89b845978
session_imsa_2025_daytona_rolex_24_race,imsa_2025_daytona_85_stint_010,car_imsa_2025_jdc_miller_motorsports_85,85,GTP,driver_gianmaria_bruni,Gianmaria Bruni,10,4,241,273,33,31,31,1,0,7,8,100.525,100.525,98.613,103.1672,1.236,-8.706,24.634,46.942,29.275,official_alkamel_time_cards_driver_stint,64c2452b244d1c2ecb1db01df0735b1a0f631db0d4e74397ed7fa3a89b845978
session_imsa_2025_daytona_rolex_24_race,imsa_2025_daytona_85_stint_011,car_imsa_2025_jdc_miller_motorsports_85,85,GTP,driver_tijmen_van_der_helm,Tijmen van der Helm,11,3,274,301,28,26,26,1,0,8,9,99.606,99.606,98.033,99.4141,0.4955,-9.6775,24.281,46.1985,28.9095,official_alkamel_time_cards_driver_stint,64c2452b244d1c2ecb1db01df0735b1a0f631db0d4e74397ed7fa3a89b845978
session_imsa_2025_daytona_rolex_24_race,imsa_2025_daytona_85_stint_012,car_imsa_2025_jdc_miller_motorsports_85,85,GTP,driver_tijmen_van_der_helm,Tijmen van der Helm,12,4,302,315,14,12,12,1,0,9,9,100.2835,100.2835,98.379,,0.7655,-9.4065,24.4025,46.7225,29.0135,official_alkamel_time_cards_driver_stint,64c2452b244d1c2ecb1db01df0735b1a0f631db0d4e74397ed7fa3a89b845978
session_imsa_2025_daytona_rolex_24_race,imsa_2025_daytona_85_stint_013,car_imsa_2025_jdc_miller_motorsports_85,85,GTP,driver_pascal_wehrlein,Pascal Wehrlein,13,3,316,333,18,16,16,1,0,9,10,100.599,100.599,97.491,,1.7385,-8.5945,24.5245,46.431,29.1325,official_alkamel_time_cards_driver_stint,64c2452b244d1c2ecb1db01df0735b1a0f631db0d4e74397ed7fa3a89b845978
session_imsa_2025_daytona_rolex_24_race,imsa_2025_daytona_85_stint_014,car_imsa_2025_jdc_miller_motorsports_85,85,GTP,driver_pascal_wehrlein,Pascal Wehrlein,14,4,334,359,26,24,24,1,0,10,11,100.2225,100.2225,98.664,99.9376,1.3618,-8.7935,24.376,46.329,29.1785,official_alkamel_time_cards_driver_stint,64c2452b244d1c2ecb1db01df0735b1a0f631db0d4e74397ed7fa3a89b845978
session_imsa_2025_daytona_rolex_24_race,imsa_2025_daytona_85_stint_015,car_imsa_2025_jdc_miller_motorsports_85,85,GTP,driver_pascal_wehrlein,Pascal Wehrlein,15,5,360,387,28,26,26,1,0,11,12,99.466,99.466,98.213,99.7754,0.605,-9.3725,24.306,46.222,29.005,official_alkamel_time_cards_driver_stint,64c2452b244d1c2ecb1db01df0735b1a0f631db0d4e74397ed7fa3a89b845978
session_imsa_2025_daytona_rolex_24_race,imsa_2025_daytona_85_stint_016,car_imsa_2025_jdc_miller_motorsports_85,85,GTP,driver_bryce_aron,Bryce Aron,16,3,388,396,9,7,7,1,0,12,12,145.149,145.149,115.552,,45.411,35.4775,30.575,67.215,43.053,official_alkamel_time_cards_driver_stint,64c2452b244d1c2ecb1db01df0735b1a0f631db0d4e74397ed7fa3a89b845978
session_imsa_2025_daytona_rolex_24_race,imsa_2025_daytona_85_stint_017,car_imsa_2025_jdc_miller_motorsports_85,85,GTP,driver_bryce_aron,Bryce Aron,17,4,397,399,3,1,1,1,0,12,12,169.256,169.256,169.256,,69.518,59.5845,40.201,85.521,43.534,official_alkamel_time_cards_driver_stint,64c2452b244d1c2ecb1db01df0735b1a0f631db0d4e74397ed7fa3a89b845978
session_imsa_2025_daytona_rolex_24_race,imsa_2025_daytona_85_stint_018,car_imsa_2025_jdc_miller_motorsports_85,85,GTP,driver_bryce_aron,Bryce Aron,18,5,400,407,8,6,6,1,0,12,12,119.982,119.982,99.567,,20.244,10.3105,27.577,51.6345,34.1785,official_alkamel_time_cards_driver_stint,64c2452b244d1c2ecb1db01df0735b1a0f631db0d4e74397ed7fa3a89b845978
session_imsa_2025_daytona_rolex_24_race,imsa_2025_daytona_85_stint_019,car_imsa_2025_jdc_miller_motorsports_85,85,GTP,driver_bryce_aron,Bryce Aron,19,6,408,426,19,17,17,1,0,12,13,99.55,99.55,98.838,,0.377,-9.2765,24.28,46.236,29.017,official_alkamel_time_cards_driver_stint,64c2452b244d1c2ecb1db01df0735b1a0f631db0d4e74397ed7fa3a89b845978
session_imsa_2025_daytona_rolex_24_race,imsa_2025_daytona_85_stint_020,car_imsa_2025_jdc_miller_motorsports_85,85,GTP,driver_bryce_aron,Bryce Aron,20,7,427,446,20,18,18,1,0,13,14,101.374,101.374,100.327,,2.201,-7.4525,24.8555,47.4215,29.3085,official_alkamel_time_cards_driver_stint,64c2452b244d1c2ecb1db01df0735b1a0f631db0d4e74397ed7fa3a89b845978
session_imsa_2025_daytona_rolex_24_race,imsa_2025_daytona_85_stint_021,car_imsa_2025_jdc_miller_motorsports_85,85,GTP,driver_gianmaria_bruni,Gianmaria Bruni,21,5,447,475,29,27,27,1,0,14,14,99.017,99.017,97.263,99.2259,0.528,-10.2185,24.096,46.001,29.064,official_alkamel_time_cards_driver_stint,64c2452b244d1c2ecb1db01df0735b1a0f631db0d4e74397ed7fa3a89b845978
session_imsa_2025_daytona_rolex_24_race,imsa_2025_daytona_85_stint_022,car_imsa_2025_jdc_miller_motorsports_85,85,GTP,driver_gianmaria_bruni,Gianmaria Bruni,22,6,476,503,28,26,26,1,0,14,15,99.503,99.503,98.595,99.3494,0.83,-9.0523,24.192,46.1385,29.016,official_alkamel_time_cards_driver_stint,64c2452b244d1c2ecb1db01df0735b1a0f631db0d4e74397ed7fa3a89b845978
session_imsa_2025_daytona_rolex_24_race,imsa_2025_daytona_85_stint_023,car_imsa_2025_jdc_miller_motorsports_85,85,GTP,driver_tijmen_van_der_helm,Tijmen van der Helm,23,5,504,531,28,26,26,1,0,15,16,99.1475,99.1475,97.521,99.125,0.516,-9.3515,24.1995,45.9625,28.825,official_alkamel_time_cards_driver_stint,64c2452b244d1c2ecb1db01df0735b1a0f631db0d4e74397ed7fa3a89b845978
session_imsa_2025_daytona_rolex_24_race,imsa_2025_daytona_85_stint_024,car_imsa_2025_jdc_miller_motorsports_85,85,GTP,driver_tijmen_van_der_helm,Tijmen van der Helm,24,6,532,558,27,25,25,1,0,16,17,99.356,99.356,98.354,99.393,0.766,-9.052,24.37,46.082,28.797,official_alkamel_time_cards_driver_stint,64c2452b244d1c2ecb1db01df0735b1a0f631db0d4e74397ed7fa3a89b845978
session_imsa_2025_daytona_rolex_24_race,imsa_2025_daytona_85_stint_025,car_imsa_2025_jdc_miller_motorsports_85,85,GTP,driver_pascal_wehrlein,Pascal Wehrlein,25,6,559,586,28,26,26,1,0,17,18,99.1305,99.1305,97.757,98.9848,0.457,-9.158,24.314,45.8755,28.8335,official_alkamel_time_cards_driver_stint,64c2452b244d1c2ecb1db01df0735b1a0f631db0d4e74397ed7fa3a89b845978
session_imsa_2025_daytona_rolex_24_race,imsa_2025_daytona_85_stint_026,car_imsa_2025_jdc_miller_motorsports_85,85,GTP,driver_pascal_wehrlein,Pascal Wehrlein,26,7,587,598,12,10,10,1,0,18,18,99.4175,99.4175,98.445,,-2.4915,-10.7775,24.313,45.9025,29.173,official_alkamel_time_cards_driver_stint,64c2452b244d1c2ecb1db01df0735b1a0f631db0d4e74397ed7fa3a89b845978
session_imsa_2025_daytona_rolex_24_race,imsa_2025_daytona_85_stint_027,car_imsa_2025_jdc_miller_motorsports_85,85,GTP,driver_bryce_aron,Bryce Aron,27,8,599,600,2,0,0,1,0,18,18,,,,,,,,,,official_alkamel_time_cards_driver_stint,64c2452b244d1c2ecb1db01df0735b1a0f631db0d4e74397ed7fa3a89b845978
session_imsa_2025_daytona_rolex_24_race,imsa_2025_daytona_85_stint_028,car_imsa_2025_jdc_miller_motorsports_85,85,GTP,driver_bryce_aron,Bryce Aron,28,9,601,602,2,0,0,1,0,18,18,,,,,,,,,,official_alkamel_time_cards_driver_stint,64c2452b244d1c2ecb1db01df0735b1a0f631db0d4e74397ed7fa3a89b845978
session_imsa_2025_daytona_rolex_24_race,imsa_2025_daytona_85_stint_029,car_imsa_2025_jdc_miller_motorsports_85,85,GTP,driver_bryce_aron,Bryce Aron,29,10,603,632,30,28,28,1,0,18,19,99.3385,99.3385,98.111,99.0332,0.8315,-9.097,24.1025,46.077,28.9455,official_alkamel_time_cards_driver_stint,64c2452b244d1c2ecb1db01df0735b1a0f631db0d4e74397ed7fa3a89b845978
session_imsa_2025_daytona_rolex_24_race,imsa_2025_daytona_85_stint_030,car_imsa_2025_jdc_miller_motorsports_85,85,GTP,driver_gianmaria_bruni,Gianmaria Bruni,30,7,633,660,28,26,26,1,0,19,20,98.412,98.412,96.645,98.4026,-0.09,-10.0272,23.888,45.771,28.6725,official_alkamel_time_cards_driver_stint,64c2452b244d1c2ecb1db01df0735b1a0f631db0d4e74397ed7fa3a89b845978
session_imsa_2025_daytona_rolex_24_race,imsa_2025_daytona_85_stint_031,car_imsa_2025_jdc_miller_motorsports_85,85,GTP,driver_tijmen_van_der_helm,Tijmen van der Helm,31,7,661,685,25,23,23,1,0,20,21,98.62,98.62,97.256,98.5845,0.049,-10.041,24.069,45.809,28.611,official_alkamel_time_cards_driver_stint,64c2452b244d1c2ecb1db01df0735b1a0f631db0d4e74397ed7fa3a89b845978
session_imsa_2025_daytona_rolex_24_race,imsa_2025_daytona_85_stint_032,car_imsa_2025_jdc_miller_motorsports_85,85,GTP,driver_tijmen_van_der_helm,Tijmen van der Helm,32,8,686,708,23,21,21,1,0,21,21,98.688,98.688,98.224,98.9455,0.117,-10.137,24.197,45.916,28.544,official_alkamel_time_cards_driver_stint,64c2452b244d1c2ecb1db01df0735b1a0f631db0d4e74397ed7fa3a89b845978
session_imsa_2025_daytona_rolex_24_race,imsa_2025_daytona_85_stint_033,car_imsa_2025_jdc_miller_motorsports_85,85,GTP,driver_pascal_wehrlein,Pascal Wehrlein,33,8,709,738,30,28,28,1,0,21,22,99.447,99.447,97.952,105.1392,0.965,-9.7615,24.1205,46.5695,28.7265,official_alkamel_time_cards_driver_stint,64c2452b244d1c2ecb1db01df0735b1a0f631db0d4e74397ed7fa3a89b845978
session_imsa_2025_daytona_rolex_24_race,imsa_2025_daytona_85_stint_034,car_imsa_2025_jdc_miller_motorsports_85,85,GTP,driver_gianmaria_bruni,Gianmaria Bruni,34,8,739,755,17,15,15,1,0,22,23,100.289,100.289,97.287,,1.807,-8.9195,24.209,46.102,29.228,official_alkamel_time_cards_driver_stint,64c2452b244d1c2ecb1db01df0735b1a0f631db0d4e74397ed7fa3a89b845978
session_imsa_2025_daytona_rolex_24_race,imsa_2025_daytona_85_stint_035,car_imsa_2025_jdc_miller_motorsports_85,85,GTP,driver_gianmaria_bruni,Gianmaria Bruni,35,9,756,780,25,24,24,0,0,23,24,97.9885,97.9885,96.406,98.15,-0.2535,-10.8985,23.8695,45.556,28.423,official_alkamel_time_cards_driver_stint,64c2452b244d1c2ecb1db01df0735b1a0f631db0d4e74397ed7fa3a89b845978
session_imsa_2025_daytona_rolex_24_race,imsa_2025_daytona_32_stint_001,car_imsa_2025_korthoff_competition_motors_32,32,GTD,driver_maximilian_goetz,Maximilian Goetz,1,1,1,28,28,26,26,1,0,0,0,110.2485,110.2485,108.906,110.008,-0.018,1.0845,26.056,51.336,32.696,official_alkamel_time_cards_driver_stint,64c2452b244d1c2ecb1db01df0735b1a0f631db0d4e74397ed7fa3a89b845978
session_imsa_2025_daytona_rolex_24_race,imsa_2025_daytona_32_stint_002,car_imsa_2025_korthoff_competition_motors_32,32,GTD,driver_maximilian_goetz,Maximilian Goetz,2,2,29,57,29,27,27,1,0,0,1,110.215,110.215,109.744,110.1443,-0.251,0.663,26.007,51.25,32.842,official_alkamel_time_cards_driver_stint,64c2452b244d1c2ecb1db01df0735b1a0f631db0d4e74397ed7fa3a89b845978
session_imsa_2025_daytona_rolex_24_race,imsa_2025_daytona_32_stint_003,car_imsa_2025_korthoff_competition_motors_32,32,GTD,driver_seth_lucas,Seth Lucas,3,1,58,72,15,13,13,1,0,1,2,110.888,110.888,109.611,,0.386,1.322,26.178,51.471,33.013,official_alkamel_time_cards_driver_stint,64c2452b244d1c2ecb1db01df0735b1a0f631db0d4e74397ed7fa3a89b845978
session_imsa_2025_daytona_rolex_24_race,imsa_2025_daytona_32_stint_004,car_imsa_2025_korthoff_competition_motors_32,32,GTD,driver_seth_lucas,Seth Lucas,4,2,73,73,1,0,0,1,0,2,2,,,,,,,,,,official_alkamel_time_cards_driver_stint,64c2452b244d1c2ecb1db01df0735b1a0f631db0d4e74397ed7fa3a89b845978
session_imsa_2025_daytona_rolex_24_race,imsa_2025_daytona_32_stint_005,car_imsa_2025_korthoff_competition_motors_32,32,GTD,driver_seth_lucas,Seth Lucas,5,3,74,103,30,28,28,1,0,2,3,111.6215,111.6215,110.708,111.3868,1.243,2.1083,26.4675,51.9845,33.139,official_alkamel_time_cards_driver_stint,64c2452b244d1c2ecb1db01df0735b1a0f631db0d4e74397ed7fa3a89b845978
session_imsa_2025_daytona_rolex_24_race,imsa_2025_daytona_32_stint_006,car_imsa_2025_korthoff_competition_motors_32,32,GTD,driver_seth_lucas,Seth Lucas,6,4,104,131,28,26,26,1,0,3,4,110.9585,110.9585,110.363,110.9373,0.8885,1.6565,26.2045,51.6495,33.013,official_alkamel_time_cards_driver_stint,64c2452b244d1c2ecb1db01df0735b1a0f631db0d4e74397ed7fa3a89b845978
session_imsa_2025_daytona_rolex_24_race,imsa_2025_daytona_32_stint_007,car_imsa_2025_korthoff_competition_motors_32,32,GTD,driver_kenton_koch,Kenton Koch,7,1,132,161,30,28,28,1,0,4,5,110.6115,110.6115,108.602,110.3309,-0.0285,0.7925,26.0905,51.513,32.914,official_alkamel_time_cards_driver_stint,64c2452b244d1c2ecb1db01df0735b1a0f631db0d4e74397ed7fa3a89b845978
session_imsa_2025_daytona_rolex_24_race,imsa_2025_daytona_32_stint_008,car_imsa_2025_korthoff_competition_motors_32,32,GTD,driver_kenton_koch,Kenton Koch,8,2,162,194,33,31,31,1,0,5,6,110.056,110.056,109.175,126.7797,-0.271,0.834,26.063,51.302,32.889,official_alkamel_time_cards_driver_stint,64c2452b244d1c2ecb1db01df0735b1a0f631db0d4e74397ed7fa3a89b845978
session_imsa_2025_daytona_rolex_24_race,imsa_2025_daytona_32_stint_009,car_imsa_2025_korthoff_competition_motors_32,32,GTD,driver_daniel_morad,Daniel Morad,9,1,195,221,27,25,25,1,0,6,7,109.687,109.687,108.518,109.4283,-0.899,0.316,25.722,51.046,32.75,official_alkamel_time_cards_driver_stint,64c2452b244d1c2ecb1db01df0735b1a0f631db0d4e74397ed7fa3a89b845978
session_imsa_2025_daytona_rolex_24_race,imsa_2025_daytona_32_stint_010,car_imsa_2025_korthoff_competition_motors_32,32,GTD,driver_daniel_morad,Daniel Morad,10,2,222,254,33,31,31,1,0,7,8,109.835,109.835,109.108,109.629,-0.1465,0.712,25.802,51.106,32.98,official_alkamel_time_cards_driver_stint,64c2452b244d1c2ecb1db01df0735b1a0f631db0d4e74397ed7fa3a89b845978
session_imsa_2025_daytona_rolex_24_race,imsa_2025_daytona_32_stint_011,car_imsa_2025_korthoff_competition_motors_32,32,GTD,driver_seth_lucas,Seth Lucas,11,5,255,284,30,28,28,1,0,8,9,110.4665,110.4665,109.043,110.204,0.226,0.92,26.06,51.4175,32.932,official_alkamel_time_cards_driver_stint,64c2452b244d1c2ecb1db01df0735b1a0f631db0d4e74397ed7fa3a89b845978
session_imsa_2025_daytona_rolex_24_race,imsa_2025_daytona_32_stint_012,car_imsa_2025_korthoff_competition_motors_32,32,GTD,driver_seth_lucas,Seth Lucas,12,6,285,318,34,32,32,1,0,9,10,113.7005,113.7005,109.307,130.3656,3.44,4.2588,26.64,52.109,33.81,official_alkamel_time_cards_driver_stint,64c2452b244d1c2ecb1db01df0735b1a0f631db0d4e74397ed7fa3a89b845978
session_imsa_2025_daytona_rolex_24_race,imsa_2025_daytona_32_stint_013,car_imsa_2025_korthoff_competition_motors_32,32,GTD,driver_kenton_koch,Kenton Koch,13,3,319,347,29,27,27,1,0,10,11,109.617,109.617,108.281,109.4751,-0.056,0.7785,25.737,51.038,32.819,official_alkamel_time_cards_driver_stint,64c2452b244d1c2ecb1db01df0735b1a0f631db0d4e74397ed7fa3a89b845978
session_imsa_2025_daytona_rolex_24_race,imsa_2025_daytona_32_stint_014,car_imsa_2025_korthoff_competition_motors_32,32,GTD,driver_kenton_koch,Kenton Koch,14,4,348,363,16,14,14,1,0,11,12,109.6985,109.6985,108.687,,-0.442,0.2575,25.774,51.018,32.9535,official_alkamel_time_cards_driver_stint,64c2452b244d1c2ecb1db01df0735b1a0f631db0d4e74397ed7fa3a89b845978
session_imsa_2025_daytona_rolex_24_race,imsa_2025_daytona_32_stint_015,car_imsa_2025_korthoff_competition_motors_32,32,GTD,driver_kenton_koch,Kenton Koch,15,5,364,395,32,30,30,1,0,12,13,109.396,109.396,108.043,109.0826,-0.335,0.4565,25.718,50.89,32.7605,official_alkamel_time_cards_driver_stint,64c2452b244d1c2ecb1db01df0735b1a0f631db0d4e74397ed7fa3a89b845978
session_imsa_2025_daytona_rolex_24_race,imsa_2025_daytona_32_stint_016,car_imsa_2025_korthoff_competition_motors_32,32,GTD,driver_kenton_koch,Kenton Koch,16,6,396,410,15,13,13,1,0,13,13,110.117,110.117,109.097,,0.477,1.2905,25.944,51.237,33.189,official_alkamel_time_cards_driver_stint,64c2452b244d1c2ecb1db01df0735b1a0f631db0d4e74397ed7fa3a89b845978
session_imsa_2025_daytona_rolex_24_race,imsa_2025_daytona_32_stint_017,car_imsa_2025_korthoff_competition_motors_32,32,GTD,driver_daniel_morad,Daniel Morad,17,3,411,441,31,29,29,1,0,14,14,109.732,109.732,108.392,109.5961,-0.086,0.4965,25.826,51.054,32.843,official_alkamel_time_cards_driver_stint,64c2452b244d1c2ecb1db01df0735b1a0f631db0d4e74397ed7fa3a89b845978
session_imsa_2025_daytona_rolex_24_race,imsa_2025_daytona_32_stint_018,car_imsa_2025_korthoff_competition_motors_32,32,GTD,driver_daniel_morad,Daniel Morad,18,4,442,471,30,28,28,1,0,15,15,109.5685,109.5685,108.504,109.5617,0.1005,1.0485,25.827,51.0105,32.7435,official_alkamel_time_cards_driver_stint,64c2452b244d1c2ecb1db01df0735b1a0f631db0d4e74397ed7fa3a89b845978
session_imsa_2025_daytona_rolex_24_race,imsa_2025_daytona_32_stint_019,car_imsa_2025_korthoff_competition_motors_32,32,GTD,driver_maximilian_goetz,Maximilian Goetz,19,3,472,501,30,28,28,1,0,15,16,109.7535,109.7535,107.812,109.0886,0.5055,1.2755,25.737,51.0015,32.8045,official_alkamel_time_cards_driver_stint,64c2452b244d1c2ecb1db01df0735b1a0f631db0d4e74397ed7fa3a89b845978
session_imsa_2025_daytona_rolex_24_race,imsa_2025_daytona_32_stint_020,car_imsa_2025_korthoff_competition_motors_32,32,GTD,driver_maximilian_goetz,Maximilian Goetz,20,4,502,530,29,27,27,1,0,16,17,108.764,108.764,108.179,108.7207,-0.494,0.498,25.478,50.724,32.646,official_alkamel_time_cards_driver_stint,64c2452b244d1c2ecb1db01df0735b1a0f631db0d4e74397ed7fa3a89b845978
session_imsa_2025_daytona_rolex_24_race,imsa_2025_daytona_32_stint_021,car_imsa_2025_korthoff_competition_motors_32,32,GTD,driver_kenton_koch,Kenton Koch,21,7,531,552,22,20,20,1,0,17,18,109.6715,109.6715,108.318,114.2498,-0.833,-0.059,25.7295,50.979,32.868,official_alkamel_time_cards_driver_stint,64c2452b244d1c2ecb1db01df0735b1a0f631db0d4e74397ed7fa3a89b845978
session_imsa_2025_daytona_rolex_24_race,imsa_2025_daytona_32_stint_022,car_imsa_2025_korthoff_competition_motors_32,32,GTD,driver_kenton_koch,Kenton Koch,22,8,553,584,32,30,30,1,0,18,19,109.5845,109.5845,108.211,109.1885,0.212,1.24,25.8475,51.113,32.705,official_alkamel_time_cards_driver_stint,64c2452b244d1c2ecb1db01df0735b1a0f631db0d4e74397ed7fa3a89b845978
session_imsa_2025_daytona_rolex_24_race,imsa_2025_daytona_32_stint_023,car_imsa_2025_korthoff_competition_motors_32,32,GTD,driver_daniel_morad,Daniel Morad,23,5,585,614,30,28,28,1,0,19,20,109.5115,109.5115,107.632,109.0328,0.046,0.9375,25.823,51.0995,32.4715,official_alkamel_time_cards_driver_stint,64c2452b244d1c2ecb1db01df0735b1a0f631db0d4e74397ed7fa3a89b845978
session_imsa_2025_daytona_rolex_24_race,imsa_2025_daytona_32_stint_024,car_imsa_2025_korthoff_competition_motors_32,32,GTD,driver_daniel_morad,Daniel Morad,24,6,615,634,20,18,18,1,0,20,21,109.113,109.113,108.446,,-0.3945,0.455,25.7375,50.982,32.39,official_alkamel_time_cards_driver_stint,64c2452b244d1c2ecb1db01df0735b1a0f631db0d4e74397ed7fa3a89b845978
session_imsa_2025_daytona_rolex_24_race,imsa_2025_daytona_32_stint_025,car_imsa_2025_korthoff_competition_motors_32,32,GTD,driver_daniel_morad,Daniel Morad,25,7,635,643,9,7,7,1,0,21,21,110.041,110.041,109.947,,0.4605,1.216,26.242,51.32,32.579,official_alkamel_time_cards_driver_stint,64c2452b244d1c2ecb1db01df0735b1a0f631db0d4e74397ed7fa3a89b845978
session_imsa_2025_daytona_rolex_24_race,imsa_2025_daytona_32_stint_026,car_imsa_2025_korthoff_competition_motors_32,32,GTD,driver_maximilian_goetz,Maximilian Goetz,26,5,644,659,16,14,14,1,0,21,22,109.526,109.526,108.262,,-0.0545,0.701,25.8635,50.9445,32.6115,official_alkamel_time_cards_driver_stint,64c2452b244d1c2ecb1db01df0735b1a0f631db0d4e74397ed7fa3a89b845978
session_imsa_2025_daytona_rolex_24_race,imsa_2025_daytona_32_stint_027,car_imsa_2025_korthoff_competition_motors_32,32,GTD,driver_maximilian_goetz,Maximilian Goetz,27,6,660,694,35,33,33,1,0,22,23,109.79,109.79,109.006,109.6334,0.052,0.5815,26.269,51.167,32.481,official_alkamel_time_cards_driver_stint,64c2452b244d1c2ecb1db01df0735b1a0f631db0d4e74397ed7fa3a89b845978
session_imsa_2025_daytona_rolex_24_race,imsa_2025_daytona_32_stint_028,car_imsa_2025_korthoff_competition_motors_32,32,GTD,driver_maximilian_goetz,Maximilian Goetz,28,7,695,701,7,5,5,1,0,23,23,109.967,109.967,109.061,,0.3625,1.08,26.162,51.281,32.524,official_alkamel_time_cards_driver_stint,64c2452b244d1c2ecb1db01df0735b1a0f631db0d4e74397ed7fa3a89b845978
session_imsa_2025_daytona_rolex_24_race,imsa_2025_daytona_32_stint_029,car_imsa_2025_korthoff_competition_motors_32,32,GTD,driver_maximilian_goetz,Maximilian Goetz,29,8,702,719,18,17,17,0,0,23,24,109.465,109.465,108.676,,-0.1545,0.563,25.921,51.057,32.512,official_alkamel_time_cards_driver_stint,64c2452b244d1c2ecb1db01df0735b1a0f631db0d4e74397ed7fa3a89b845978
session_imsa_2025_daytona_rolex_24_race,imsa_2025_daytona_80_stint_001,car_imsa_2025_lone_star_racing_80,80,GTD,driver_dan_knox,Dan Knox,1,1,1,30,30,28,28,1,0,0,0,111.3685,111.3685,109.769,111.0769,1.102,2.2045,26.1835,51.714,33.2925,official_alkamel_time_cards_driver_stint,64c2452b244d1c2ecb1db01df0735b1a0f631db0d4e74397ed7fa3a89b845978
session_imsa_2025_daytona_rolex_24_race,imsa_2025_daytona_80_stint_002,car_imsa_2025_lone_star_racing_80,80,GTD,driver_dan_knox,Dan Knox,2,2,31,59,29,27,27,1,0,0,1,111.109,111.109,109.575,111.1018,0.643,1.543,26.126,51.556,33.297,official_alkamel_time_cards_driver_stint,64c2452b244d1c2ecb1db01df0735b1a0f631db0d4e74397ed7fa3a89b845978
session_imsa_2025_daytona_rolex_24_race,imsa_2025_daytona_80_stint_003,car_imsa_2025_lone_star_racing_80,80,GTD,driver_eric_filgueiras,Eric Filgueiras,3,1,60,71,12,10,10,1,0,1,2,110.314,110.314,109.607,,-0.42,0.5953,26.3245,51.071,33.3005,official_alkamel_time_cards_driver_stint,64c2452b244d1c2ecb1db01df0735b1a0f631db0d4e74397ed7fa3a89b845978
session_imsa_2025_daytona_rolex_24_race,imsa_2025_daytona_80_stint_004,car_imsa_2025_lone_star_racing_80,80,GTD,driver_eric_filgueiras,Eric Filgueiras,4,2,72,97,26,24,24,1,0,2,3,110.5555,110.5555,109.812,110.5078,0.006,0.982,26.1435,51.2945,33.013,official_alkamel_time_cards_driver_stint,64c2452b244d1c2ecb1db01df0735b1a0f631db0d4e74397ed7fa3a89b845978
session_imsa_2025_daytona_rolex_24_race,imsa_2025_daytona_80_stint_005,car_imsa_2025_lone_star_racing_80,80,GTD,driver_eric_filgueiras,Eric Filgueiras,5,3,98,99,2,0,0,1,0,3,3,,,,,,,,,,official_alkamel_time_cards_driver_stint,64c2452b244d1c2ecb1db01df0735b1a0f631db0d4e74397ed7fa3a89b845978
session_imsa_2025_daytona_rolex_24_race,imsa_2025_daytona_80_stint_006,car_imsa_2025_lone_star_racing_80,80,GTD,driver_eric_filgueiras,Eric Filgueiras,6,4,100,100,1,0,0,1,0,3,3,,,,,,,,,,official_alkamel_time_cards_driver_stint,64c2452b244d1c2ecb1db01df0735b1a0f631db0d4e74397ed7fa3a89b845978
session_imsa_2025_daytona_rolex_24_race,imsa_2025_daytona_80_stint_007,car_imsa_2025_lone_star_racing_80,80,GTD,driver_eric_filgueiras,Eric Filgueiras,7,5,101,130,30,28,28,1,0,3,4,109.797,109.797,108.989,109.703,-0.238,0.53,25.7575,51.1285,32.9035,official_alkamel_time_cards_driver_stint,64c2452b244d1c2ecb1db01df0735b1a0f631db0d4e74397ed7fa3a89b845978
session_imsa_2025_daytona_rolex_24_race,imsa_2025_daytona_80_stint_008,car_imsa_2025_lone_star_racing_80,80,GTD,driver_dan_knox,Dan Knox,8,3,131,135,5,3,3,1,0,4,4,160.57,160.57,121.895,,49.8755,50.714,29.075,76.55,36.222,official_alkamel_time_cards_driver_stint,64c2452b244d1c2ecb1db01df0735b1a0f631db0d4e74397ed7fa3a89b845978
session_imsa_2025_daytona_rolex_24_race,imsa_2025_daytona_80_stint_009,car_imsa_2025_lone_star_racing_80,80,GTD,driver_dan_knox,Dan Knox,9,4,136,161,26,24,24,1,0,4,5,110.474,110.474,110.09,110.6769,-0.1512,0.638,25.8455,51.4035,33.253,official_alkamel_time_cards_driver_stint,64c2452b244d1c2ecb1db01df0735b1a0f631db0d4e74397ed7fa3a89b845978
session_imsa_2025_daytona_rolex_24_race,imsa_2025_daytona_80_stint_010,car_imsa_2025_lone_star_racing_80,80,GTD,driver_dan_knox,Dan Knox,10,5,162,177,16,14,14,1,0,5,5,113.887,113.887,109.259,,3.365,4.105,26.821,52.1725,33.7175,official_alkamel_time_cards_driver_stint,64c2452b244d1c2ecb1db01df0735b1a0f631db0d4e74397ed7fa3a89b845978
session_imsa_2025_daytona_rolex_24_race,imsa_2025_daytona_80_stint_011,car_imsa_2025_lone_star_racing_80,80,GTD,driver_dan_knox,Dan Knox,11,6,178,206,29,27,27,1,0,5,6,111.017,111.017,110.092,111.1168,0.729,1.944,26.073,51.575,33.339,official_alkamel_time_cards_driver_stint,64c2452b244d1c2ecb1db01df0735b1a0f631db0d4e74397ed7fa3a89b845978
session_imsa_2025_daytona_rolex_24_race,imsa_2025_daytona_80_stint_012,car_imsa_2025_lone_star_racing_80,80,GTD,driver_ralf_aron,Ralf Aron,12,1,207,223,17,15,15,1,0,6,7,112.241,112.241,108.281,,-1.39,-0.175,25.982,51.627,33.081,official_alkamel_time_cards_driver_stint,64c2452b244d1c2ecb1db01df0735b1a0f631db0d4e74397ed7fa3a89b845978
session_imsa_2025_daytona_rolex_24_race,imsa_2025_daytona_80_stint_013,car_imsa_2025_lone_star_racing_80,80,GTD,driver_ralf_aron,Ralf Aron,13,2,224,256,33,31,31,1,0,7,8,109.779,109.779,108.718,109.5409,-0.2415,0.603,25.855,51.038,32.826,official_alkamel_time_cards_driver_stint,64c2452b244d1c2ecb1db01df0735b1a0f631db0d4e74397ed7fa3a89b845978
session_imsa_2025_daytona_rolex_24_race,imsa_2025_daytona_80_stint_014,car_imsa_2025_lone_star_racing_80,80,GTD,driver_ralf_aron,Ralf Aron,14,3,257,284,28,26,26,1,0,8,9,109.379,109.379,108.073,109.0626,-0.9245,-0.2225,25.6285,50.848,32.746,official_alkamel_time_cards_driver_stint,64c2452b244d1c2ecb1db01df0735b1a0f631db0d4e74397ed7fa3a89b845978
session_imsa_2025_daytona_rolex_24_race,imsa_2025_daytona_80_stint_015,car_imsa_2025_lone_star_racing_80,80,GTD,driver_dan_knox,Dan Knox,15,7,285,290,6,4,4,1,0,9,9,173.873,173.873,122.682,,63.5295,64.183,35.5955,81.5825,50.869,official_alkamel_time_cards_driver_stint,64c2452b244d1c2ecb1db01df0735b1a0f631db0d4e74397ed7fa3a89b845978
session_imsa_2025_daytona_rolex_24_race,imsa_2025_daytona_80_stint_016,car_imsa_2025_lone_star_racing_80,80,GTD,driver_scott_andrews,Scott Andrews,16,1,291,309,19,17,17,1,0,9,10,110.338,110.338,107.879,,0.1605,1.1445,26.243,51.187,32.846,official_alkamel_time_cards_driver_stint,64c2452b244d1c2ecb1db01df0735b1a0f631db0d4e74397ed7fa3a89b845978
session_imsa_2025_daytona_rolex_24_race,imsa_2025_daytona_80_stint_017,car_imsa_2025_lone_star_racing_80,80,GTD,driver_scott_andrews,Scott Andrews,17,2,310,340,31,29,29,1,0,10,11,110.264,110.264,108.752,110.1964,0.483,1.3175,26.086,51.158,32.844,official_alkamel_time_cards_driver_stint,64c2452b244d1c2ecb1db01df0735b1a0f631db0d4e74397ed7fa3a89b845978
session_imsa_2025_daytona_rolex_24_race,imsa_2025_daytona_80_stint_018,car_imsa_2025_lone_star_racing_80,80,GTD,driver_eric_filgueiras,Eric Filgueiras,18,6,341,363,23,21,21,1,0,11,12,109.705,109.705,109.074,118.8865,0.032,0.8665,25.693,50.927,33.003,official_alkamel_time_cards_driver_stint,64c2452b244d1c2ecb1db01df0735b1a0f631db0d4e74397ed7fa3a89b845978
session_imsa_2025_daytona_rolex_24_race,imsa_2025_daytona_80_stint_019,car_imsa_2025_lone_star_racing_80,80,GTD,driver_eric_filgueiras,Eric Filgueiras,19,7,364,395,32,30,30,1,0,12,13,110.136,110.136,109.256,109.9996,0.3608,1.1485,26.069,51.0415,32.887,official_alkamel_time_cards_driver_stint,64c2452b244d1c2ecb1db01df0735b1a0f631db0d4e74397ed7fa3a89b845978
session_imsa_2025_daytona_rolex_24_race,imsa_2025_daytona_80_stint_020,car_imsa_2025_lone_star_racing_80,80,GTD,driver_ralf_aron,Ralf Aron,20,4,396,410,15,13,13,1,0,13,13,109.235,109.235,107.77,,-0.405,0.4085,25.503,50.652,32.903,official_alkamel_time_cards_driver_stint,64c2452b244d1c2ecb1db01df0735b1a0f631db0d4e74397ed7fa3a89b845978
session_imsa_2025_daytona_rolex_24_race,imsa_2025_daytona_80_stint_021,car_imsa_2025_lone_star_racing_80,80,GTD,driver_eric_filgueiras,Eric Filgueiras,21,8,411,437,27,25,25,1,0,13,14,109.637,109.637,109.07,109.5202,-0.181,0.4015,26.003,50.93,32.77,official_alkamel_time_cards_driver_stint,64c2452b244d1c2ecb1db01df0735b1a0f631db0d4e74397ed7fa3a89b845978
session_imsa_2025_daytona_rolex_24_race,imsa_2025_daytona_80_stint_022,car_imsa_2025_lone_star_racing_80,80,GTD,driver_scott_andrews,Scott Andrews,22,3,438,467,30,28,28,1,0,14,15,108.9895,108.9895,107.418,108.9212,-0.4785,0.4695,25.6635,50.6795,32.6355,official_alkamel_time_cards_driver_stint,64c2452b244d1c2ecb1db01df0735b1a0f631db0d4e74397ed7fa3a89b845978
session_imsa_2025_daytona_rolex_24_race,imsa_2025_daytona_80_stint_023,car_imsa_2025_lone_star_racing_80,80,GTD,driver_scott_andrews,Scott Andrews,23,4,468,497,30,28,28,1,0,15,16,108.9325,108.9325,108.24,108.7443,-0.354,0.4545,25.722,50.6305,32.598,official_alkamel_time_cards_driver_stint,64c2452b244d1c2ecb1db01df0735b1a0f631db0d4e74397ed7fa3a89b845978
session_imsa_2025_daytona_rolex_24_race,imsa_2025_daytona_80_stint_024,car_imsa_2025_lone_star_racing_80,80,GTD,driver_ralf_aron,Ralf Aron,24,5,498,527,30,28,28,1,0,16,17,109.1285,109.1285,107.588,108.7032,-0.1295,0.8625,25.6515,50.752,32.729,official_alkamel_time_cards_driver_stint,64c2452b244d1c2ecb1db01df0735b1a0f631db0d4e74397ed7fa3a89b845978
session_imsa_2025_daytona_rolex_24_race,imsa_2025_daytona_80_stint_025,car_imsa_2025_lone_star_racing_80,80,GTD,driver_ralf_aron,Ralf Aron,25,6,528,552,25,23,23,1,0,17,18,108.751,108.751,107.94,109.1224,-1.01,-0.075,25.551,50.679,32.697,official_alkamel_time_cards_driver_stint,64c2452b244d1c2ecb1db01df0735b1a0f631db0d4e74397ed7fa3a89b845978
session_imsa_2025_daytona_rolex_24_race,imsa_2025_daytona_80_stint_026,car_imsa_2025_lone_star_racing_80,80,GTD,driver_scott_andrews,Scott Andrews,26,5,553,555,3,1,1,1,0,18,19,154.243,154.243,154.243,,43.52,44.048,33.145,82.248,38.85,official_alkamel_time_cards_driver_stint,64c2452b244d1c2ecb1db01df0735b1a0f631db0d4e74397ed7fa3a89b845978
session_imsa_2025_daytona_rolex_24_race,imsa_2025_daytona_80_stint_027,car_imsa_2025_lone_star_racing_80,80,GTD,driver_scott_andrews,Scott Andrews,27,6,556,584,29,28,28,0,0,19,20,110.5075,110.5075,108.167,109.8152,1.0,1.8915,25.945,51.527,33.0095,official_alkamel_time_cards_driver_stint,64c2452b244d1c2ecb1db01df0735b1a0f631db0d4e74397ed7fa3a89b845978
session_imsa_2025_daytona_rolex_24_race,imsa_2025_daytona_44_stint_001,car_imsa_2025_magnus_racing_44,44,GTD,driver_john_potter,John Potter,1,1,1,30,30,28,28,1,0,0,0,110.264,110.264,109.502,110.3045,-0.0025,1.1,26.178,51.38,32.711,official_alkamel_time_cards_driver_stint,64c2452b244d1c2ecb1db01df0735b1a0f631db0d4e74397ed7fa3a89b845978
session_imsa_2025_daytona_rolex_24_race,imsa_2025_daytona_44_stint_002,car_imsa_2025_magnus_racing_44,44,GTD,driver_john_potter,John Potter,2,2,31,60,30,28,28,1,0,0,1,110.075,110.075,109.057,110.1642,-0.391,0.509,26.0945,51.326,32.7045,official_alkamel_time_cards_driver_stint,64c2452b244d1c2ecb1db01df0735b1a0f631db0d4e74397ed7fa3a89b845978
session_imsa_2025_daytona_rolex_24_race,imsa_2025_daytona_44_stint_003,car_imsa_2025_magnus_racing_44,44,GTD,driver_john_potter,John Potter,3,3,61,72,12,10,10,1,0,1,2,110.484,110.484,109.198,,0.0145,0.9145,25.843,51.0995,32.9145,official_alkamel_time_cards_driver_stint,64c2452b244d1c2ecb1db01df0735b1a0f631db0d4e74397ed7fa3a89b845978
session_imsa_2025_daytona_rolex_24_race,imsa_2025_daytona_44_stint_004,car_imsa_2025_magnus_racing_44,44,GTD,driver_john_potter,John Potter,4,4,73,81,9,7,7,1,0,2,2,112.675,112.675,109.785,,1.673,2.8035,27.298,52.326,33.051,official_alkamel_time_cards_driver_stint,64c2452b244d1c2ecb1db01df0735b1a0f631db0d4e74397ed7fa3a89b845978
session_imsa_2025_daytona_rolex_24_race,imsa_2025_daytona_44_stint_005,car_imsa_2025_magnus_racing_44,44,GTD,driver_john_potter,John Potter,5,5,82,104,23,21,21,1,0,2,3,110.748,110.748,110.304,110.8678,0.529,1.421,26.241,51.656,32.856,official_alkamel_time_cards_driver_stint,64c2452b244d1c2ecb1db01df0735b1a0f631db0d4e74397ed7fa3a89b845978
session_imsa_2025_daytona_rolex_24_race,imsa_2025_daytona_44_stint_006,car_imsa_2025_magnus_racing_44,44,GTD,driver_spencer_pumpelly,Spencer Pumpelly,6,1,105,131,27,25,25,1,0,3,4,109.42,109.42,108.511,109.2691,-0.65,0.118,25.765,51.28,32.367,official_alkamel_time_cards_driver_stint,64c2452b244d1c2ecb1db01df0735b1a0f631db0d4e74397ed7fa3a89b845978
session_imsa_2025_daytona_rolex_24_race,imsa_2025_daytona_44_stint_007,car_imsa_2025_magnus_racing_44,44,GTD,driver_spencer_pumpelly,Spencer Pumpelly,7,2,132,162,31,29,29,1,0,4,5,110.287,110.287,109.477,110.2563,-0.33,0.505,26.349,51.474,32.455,official_alkamel_time_cards_driver_stint,64c2452b244d1c2ecb1db01df0735b1a0f631db0d4e74397ed7fa3a89b845978
session_imsa_2025_daytona_rolex_24_race,imsa_2025_daytona_44_stint_008,car_imsa_2025_magnus_racing_44,44,GTD,driver_andy_lally,Andy Lally,8,1,163,170,8,7,7,0,0,5,5,109.75,109.75,109.536,,-0.772,-0.032,25.559,51.314,32.968,official_alkamel_time_cards_driver_stint,64c2452b244d1c2ecb1db01df0735b1a0f631db0d4e74397ed7fa3a89b845978
session_imsa_2025_daytona_rolex_24_race,imsa_2025_daytona_1_stint_001,car_imsa_2025_paul_miller_racing_1,1,GTDPRO,driver_madison_snow,Madison Snow,1,1,1,31,31,29,29,1,0,0,0,109.719,109.719,108.656,109.5168,0.186,0.555,26.114,51.089,32.437,official_alkamel_time_cards_driver_stint,64c2452b244d1c2ecb1db01df0735b1a0f631db0d4e74397ed7fa3a89b845978
session_imsa_2025_daytona_rolex_24_race,imsa_2025_daytona_1_stint_002,car_imsa_2025_paul_miller_racing_1,1,GTDPRO,driver_madison_snow,Madison Snow,2,2,32,62,31,29,29,1,0,1,1,110.799,110.799,110.36,110.902,0.918,1.233,26.578,51.539,32.668,official_alkamel_time_cards_driver_stint,64c2452b244d1c2ecb1db01df0735b1a0f631db0d4e74397ed7fa3a89b845978
session_imsa_2025_daytona_rolex_24_race,imsa_2025_daytona_1_stint_003,car_imsa_2025_paul_miller_racing_1,1,GTDPRO,driver_neil_verhagen,Neil Verhagen,3,1,63,72,10,8,8,1,0,1,2,109.642,109.642,107.899,,-0.215,-0.2295,25.89,50.8735,33.0475,official_alkamel_time_cards_driver_stint,64c2452b244d1c2ecb1db01df0735b1a0f631db0d4e74397ed7fa3a89b845978
session_imsa_2025_daytona_rolex_24_race,imsa_2025_daytona_1_stint_004,car_imsa_2025_paul_miller_racing_1,1,GTDPRO,driver_neil_verhagen,Neil Verhagen,4,2,73,105,33,31,31,1,0,2,3,109.861,109.861,108.959,109.818,0.208,0.506,26.032,51.244,32.469,official_alkamel_time_cards_driver_stint,64c2452b244d1c2ecb1db01df0735b1a0f631db0d4e74397ed7fa3a89b845978
session_imsa_2025_daytona_rolex_24_race,imsa_2025_daytona_1_stint_005,car_imsa_2025_paul_miller_racing_1,1,GTDPRO,driver_neil_verhagen,Neil Verhagen,5,3,106,131,26,24,24,1,0,3,4,110.0055,110.0055,109.458,109.9889,0.3525,0.7615,26.23,51.2475,32.5605,official_alkamel_time_cards_driver_stint,64c2452b244d1c2ecb1db01df0735b1a0f631db0d4e74397ed7fa3a89b845978
session_imsa_2025_daytona_rolex_24_race,imsa_2025_daytona_1_stint_006,car_imsa_2025_paul_miller_racing_1,1,GTDPRO,driver_connor_de_phillippi,Connor De Phillippi,6,1,132,157,26,24,24,1,0,4,5,108.9285,108.9285,108.241,108.8444,-0.8475,-0.9275,25.72,50.8575,32.4125,official_alkamel_time_cards_driver_stint,64c2452b244d1c2ecb1db01df0735b1a0f631db0d4e74397ed7fa3a89b845978
session_imsa_2025_daytona_rolex_24_race,imsa_2025_daytona_1_stint_007,car_imsa_2025_paul_miller_racing_1,1,GTDPRO,driver_connor_de_phillippi,Connor De Phillippi,7,2,158,191,34,32,32,1,0,5,6,109.525,109.525,108.587,121.6102,-0.3335,0.0255,25.9865,51.051,32.6045,official_alkamel_time_cards_driver_stint,64c2452b244d1c2ecb1db01df0735b1a0f631db0d4e74397ed7fa3a89b845978
session_imsa_2025_daytona_rolex_24_race,imsa_2025_daytona_1_stint_008,car_imsa_2025_paul_miller_racing_1,1,GTDPRO,driver_kelvin_van_der_linde,Kelvin van der Linde,8,1,192,223,32,30,30,1,0,6,7,109.106,109.106,108.369,108.9642,-0.655,-0.158,25.8535,50.8325,32.453,official_alkamel_time_cards_driver_stint,64c2452b244d1c2ecb1db01df0735b1a0f631db0d4e74397ed7fa3a89b845978
session_imsa_2025_daytona_rolex_24_race,imsa_2025_daytona_1_stint_009,car_imsa_2025_paul_miller_racing_1,1,GTDPRO,driver_kelvin_van_der_linde,Kelvin van der Linde,9,2,224,260,37,35,35,1,0,7,8,109.462,109.462,108.796,109.388,0.284,0.482,26.15,50.977,32.518,official_alkamel_time_cards_driver_stint,64c2452b244d1c2ecb1db01df0735b1a0f631db0d4e74397ed7fa3a89b845978
session_imsa_2025_daytona_rolex_24_race,imsa_2025_daytona_1_stint_010,car_imsa_2025_paul_miller_racing_1,1,GTDPRO,driver_madison_snow,Madison Snow,10,3,261,293,33,31,31,1,0,8,9,109.524,109.524,108.005,109.1487,-0.194,-0.147,26.02,50.881,32.454,official_alkamel_time_cards_driver_stint,64c2452b244d1c2ecb1db01df0735b1a0f631db0d4e74397ed7fa3a89b845978
session_imsa_2025_daytona_rolex_24_race,imsa_2025_daytona_1_stint_011,car_imsa_2025_paul_miller_racing_1,1,GTDPRO,driver_madison_snow,Madison Snow,11,4,294,310,17,15,15,1,0,9,10,108.661,108.661,108.091,,-0.609,-0.5325,25.856,50.665,32.296,official_alkamel_time_cards_driver_stint,64c2452b244d1c2ecb1db01df0735b1a0f631db0d4e74397ed7fa3a89b845978
session_imsa_2025_daytona_rolex_24_race,imsa_2025_daytona_1_stint_012,car_imsa_2025_paul_miller_racing_1,1,GTDPRO,driver_madison_snow,Madison Snow,12,5,311,331,21,19,19,1,0,10,11,108.747,108.747,108.352,,-0.521,-0.2815,25.718,50.577,32.444,official_alkamel_time_cards_driver_stint,64c2452b244d1c2ecb1db01df0735b1a0f631db0d4e74397ed7fa3a89b845978
session_imsa_2025_daytona_rolex_24_race,imsa_2025_daytona_1_stint_013,car_imsa_2025_paul_miller_racing_1,1,GTDPRO,driver_neil_verhagen,Neil Verhagen,13,4,332,364,33,31,31,1,0,11,12,108.846,108.846,108.075,108.81,-0.414,0.0075,25.782,50.648,32.4,official_alkamel_time_cards_driver_stint,64c2452b244d1c2ecb1db01df0735b1a0f631db0d4e74397ed7fa3a89b845978
session_imsa_2025_daytona_rolex_24_race,imsa_2025_daytona_1_stint_014,car_imsa_2025_paul_miller_racing_1,1,GTDPRO,driver_neil_verhagen,Neil Verhagen,14,5,365,366,2,0,0,1,0,12,12,,,,,,,,,,official_alkamel_time_cards_driver_stint,64c2452b244d1c2ecb1db01df0735b1a0f631db0d4e74397ed7fa3a89b845978
session_imsa_2025_daytona_rolex_24_race,imsa_2025_daytona_1_stint_015,car_imsa_2025_paul_miller_racing_1,1,GTDPRO,driver_neil_verhagen,Neil Verhagen,15,6,367,367,1,0,0,1,0,12,12,,,,,,,,,,official_alkamel_time_cards_driver_stint,64c2452b244d1c2ecb1db01df0735b1a0f631db0d4e74397ed7fa3a89b845978
session_imsa_2025_daytona_rolex_24_race,imsa_2025_daytona_1_stint_016,car_imsa_2025_paul_miller_racing_1,1,GTDPRO,driver_neil_verhagen,Neil Verhagen,16,7,368,401,34,32,32,1,0,12,13,108.679,108.679,108.178,108.5864,-0.511,-0.3265,25.8915,50.5725,32.294,official_alkamel_time_cards_driver_stint,64c2452b244d1c2ecb1db01df0735b1a0f631db0d4e74397ed7fa3a89b845978
session_imsa_2025_daytona_rolex_24_race,imsa_2025_daytona_1_stint_017,car_imsa_2025_paul_miller_racing_1,1,GTDPRO,driver_connor_de_phillippi,Connor De Phillippi,17,3,402,414,13,11,11,1,0,13,13,108.62,108.62,107.479,,-0.391,-0.2065,25.659,50.717,32.5,official_alkamel_time_cards_driver_stint,64c2452b244d1c2ecb1db01df0735b1a0f631db0d4e74397ed7fa3a89b845978
session_imsa_2025_daytona_rolex_24_race,imsa_2025_daytona_1_stint_018,car_imsa_2025_paul_miller_racing_1,1,GTDPRO,driver_connor_de_phillippi,Connor De Phillippi,18,4,415,447,33,31,31,1,0,14,15,109.442,109.442,108.619,109.2855,-0.065,0.2065,26.05,50.831,32.433,official_alkamel_time_cards_driver_stint,64c2452b244d1c2ecb1db01df0735b1a0f631db0d4e74397ed7fa3a89b845978
session_imsa_2025_daytona_rolex_24_race,imsa_2025_daytona_1_stint_019,car_imsa_2025_paul_miller_racing_1,1,GTDPRO,driver_kelvin_van_der_linde,Kelvin van der Linde,19,3,448,478,31,29,29,1,0,15,16,108.873,108.873,107.399,108.4729,-0.2835,0.353,25.698,50.591,32.455,official_alkamel_time_cards_driver_stint,64c2452b244d1c2ecb1db01df0735b1a0f631db0d4e74397ed7fa3a89b845978
session_imsa_2025_daytona_rolex_24_race,imsa_2025_daytona_1_stint_020,car_imsa_2025_paul_miller_racing_1,1,GTDPRO,driver_kelvin_van_der_linde,Kelvin van der Linde,20,4,479,509,31,29,29,1,0,16,16,108.816,108.816,107.701,108.4893,-0.189,0.338,25.718,50.643,32.398,official_alkamel_time_cards_driver_stint,64c2452b244d1c2ecb1db01df0735b1a0f631db0d4e74397ed7fa3a89b845978
session_imsa_2025_daytona_rolex_24_race,imsa_2025_daytona_1_stint_021,car_imsa_2025_paul_miller_racing_1,1,GTDPRO,driver_madison_snow,Madison Snow,21,6,510,536,27,25,25,1,0,17,17,108.643,108.643,107.156,108.4005,-0.395,0.377,25.71,50.59,32.25,official_alkamel_time_cards_driver_stint,64c2452b244d1c2ecb1db01df0735b1a0f631db0d4e74397ed7fa3a89b845978
session_imsa_2025_daytona_rolex_24_race,imsa_2025_daytona_1_stint_022,car_imsa_2025_paul_miller_racing_1,1,GTDPRO,driver_madison_snow,Madison Snow,22,7,537,556,20,18,18,1,0,17,18,108.58,108.58,107.689,,-1.4205,-1.3945,25.629,50.4305,32.275,official_alkamel_time_cards_driver_stint,64c2452b244d1c2ecb1db01df0735b1a0f631db0d4e74397ed7fa3a89b845978
session_imsa_2025_daytona_rolex_24_race,imsa_2025_daytona_1_stint_023,car_imsa_2025_paul_miller_racing_1,1,GTDPRO,driver_neil_verhagen,Neil Verhagen,23,8,557,591,35,33,33,1,0,18,19,109.11,109.11,108.134,108.6912,-0.0315,0.7855,25.864,50.822,32.377,official_alkamel_time_cards_driver_stint,64c2452b244d1c2ecb1db01df0735b1a0f631db0d4e74397ed7fa3a89b845978
session_imsa_2025_daytona_rolex_24_race,imsa_2025_daytona_1_stint_024,car_imsa_2025_paul_miller_racing_1,1,GTDPRO,driver_connor_de_phillippi,Connor De Phillippi,24,5,592,621,30,28,28,1,0,19,20,108.719,108.719,107.714,108.4965,-0.594,0.157,25.744,50.7655,32.214,official_alkamel_time_cards_driver_stint,64c2452b244d1c2ecb1db01df0735b1a0f631db0d4e74397ed7fa3a89b845978
session_imsa_2025_daytona_rolex_24_race,imsa_2025_daytona_1_stint_025,car_imsa_2025_paul_miller_racing_1,1,GTDPRO,driver_connor_de_phillippi,Connor De Phillippi,25,6,622,641,20,18,18,1,0,20,21,109.1065,109.1065,108.075,,-0.2935,0.386,25.7095,50.825,32.33,official_alkamel_time_cards_driver_stint,64c2452b244d1c2ecb1db01df0735b1a0f631db0d4e74397ed7fa3a89b845978
session_imsa_2025_daytona_rolex_24_race,imsa_2025_daytona_1_stint_026,car_imsa_2025_paul_miller_racing_1,1,GTDPRO,driver_connor_de_phillippi,Connor De Phillippi,26,7,642,663,22,20,20,1,0,21,22,108.6885,108.6885,107.879,117.9329,-0.7445,-0.1365,25.7455,50.846,32.1755,official_alkamel_time_cards_driver_stint,64c2452b244d1c2ecb1db01df0735b1a0f631db0d4e74397ed7fa3a89b845978
session_imsa_2025_daytona_rolex_24_race,imsa_2025_daytona_1_stint_027,car_imsa_2025_paul_miller_racing_1,1,GTDPRO,driver_kelvin_van_der_linde,Kelvin van der Linde,27,5,664,698,35,33,33,1,0,22,23,109.522,109.522,107.515,109.0684,-0.186,0.3135,26.064,51.143,32.355,official_alkamel_time_cards_driver_stint,64c2452b244d1c2ecb1db01df0735b1a0f631db0d4e74397ed7fa3a89b845978
session_imsa_2025_daytona_rolex_24_race,imsa_2025_daytona_1_stint_028,car_imsa_2025_paul_miller_racing_1,1,GTDPRO,driver_kelvin_van_der_linde,Kelvin van der Linde,28,6,699,723,25,24,24,0,0,23,24,109.276,109.276,107.249,109.5443,-0.2828,0.2515,26.02,50.986,32.161,official_alkamel_time_cards_driver_stint,64c2452b244d1c2ecb1db01df0735b1a0f631db0d4e74397ed7fa3a89b845978
session_imsa_2025_daytona_rolex_24_race,imsa_2025_daytona_48_stint_001,car_imsa_2025_paul_miller_racing_48,48,GTDPRO,driver_dan_harper,Dan Harper,1,1,1,32,32,30,30,1,0,0,0,109.4275,109.4275,108.505,109.1985,-0.1055,0.2635,25.999,51.01,32.4445,official_alkamel_time_cards_driver_stint,64c2452b244d1c2ecb1db01df0735b1a0f631db0d4e74397ed7fa3a89b845978
session_imsa_2025_daytona_rolex_24_race,imsa_2025_daytona_48_stint_002,car_imsa_2025_paul_miller_racing_48,48,GTDPRO,driver_dan_harper,Dan Harper,2,2,33,64,32,30,30,1,0,1,1,109.8005,109.8005,109.271,109.8101,-0.0805,0.2345,26.1765,51.243,32.322,official_alkamel_time_cards_driver_stint,64c2452b244d1c2ecb1db01df0735b1a0f631db0d4e74397ed7fa3a89b845978
session_imsa_2025_daytona_rolex_24_race,imsa_2025_daytona_48_stint_003,car_imsa_2025_paul_miller_racing_48,48,GTDPRO,driver_augusto_farfus,Augusto Farfus,3,1,65,67,3,1,1,1,0,2,2,108.62,108.62,108.62,,-1.237,-1.2515,25.677,50.472,32.471,official_alkamel_time_cards_driver_stint,64c2452b244d1c2ecb1db01df0735b1a0f631db0d4e74397ed7fa3a89b845978
session_imsa_2025_daytona_rolex_24_race,imsa_2025_daytona_48_stint_004,car_imsa_2025_paul_miller_racing_48,48,GTDPRO,driver_augusto_farfus,Augusto Farfus,4,2,68,72,5,3,3,1,0,2,2,142.17,142.17,118.576,,32.313,32.2985,29.485,64.375,48.31,official_alkamel_time_cards_driver_stint,64c2452b244d1c2ecb1db01df0735b1a0f631db0d4e74397ed7fa3a89b845978
session_imsa_2025_daytona_rolex_24_race,imsa_2025_daytona_48_stint_005,car_imsa_2025_paul_miller_racing_48,48,GTDPRO,driver_augusto_farfus,Augusto Farfus,5,3,73,105,33,31,31,1,0,2,3,109.272,109.272,108.444,109.1876,-0.459,-0.2915,25.999,50.991,32.246,official_alkamel_time_cards_driver_stint,64c2452b244d1c2ecb1db01df0735b1a0f631db0d4e74397ed7fa3a89b845978
session_imsa_2025_daytona_rolex_24_race,imsa_2025_daytona_48_stint_006,car_imsa_2025_paul_miller_racing_48,48,GTDPRO,driver_augusto_farfus,Augusto Farfus,6,4,106,131,26,24,24,1,0,3,4,110.267,110.267,109.567,110.2204,0.614,1.046,26.35,51.3675,32.4275,official_alkamel_time_cards_driver_stint,64c2452b244d1c2ecb1db01df0735b1a0f631db0d4e74397ed7fa3a89b845978
session_imsa_2025_daytona_rolex_24_race,imsa_2025_daytona_48_stint_007,car_imsa_2025_paul_miller_racing_48,48,GTDPRO,driver_jesse_krohn,Jesse Krohn,7,1,132,164,33,31,31,1,0,4,5,109.015,109.015,107.738,108.5434,-0.796,-0.841,25.896,50.87,32.15,official_alkamel_time_cards_driver_stint,64c2452b244d1c2ecb1db01df0735b1a0f631db0d4e74397ed7fa3a89b845978
session_imsa_2025_daytona_rolex_24_race,imsa_2025_daytona_48_stint_008,car_imsa_2025_paul_miller_racing_48,48,GTDPRO,driver_jesse_krohn,Jesse Krohn,8,2,165,176,12,10,10,1,0,5,5,108.7895,108.7895,107.781,,-1.0845,-0.9925,25.86,50.54,32.273,official_alkamel_time_cards_driver_stint,64c2452b244d1c2ecb1db01df0735b1a0f631db0d4e74397ed7fa3a89b845978
session_imsa_2025_daytona_rolex_24_race,imsa_2025_daytona_48_stint_009,car_imsa_2025_paul_miller_racing_48,48,GTDPRO,driver_jesse_krohn,Jesse Krohn,9,3,177,209,33,31,31,1,0,5,6,109.488,109.488,108.38,109.3032,-0.053,0.444,26.077,51.178,32.228,official_alkamel_time_cards_driver_stint,64c2452b244d1c2ecb1db01df0735b1a0f631db0d4e74397ed7fa3a89b845978
session_imsa_2025_daytona_rolex_24_race,imsa_2025_daytona_48_stint_010,car_imsa_2025_paul_miller_racing_48,48,GTDPRO,driver_max_hesse,Max Hesse,10,1,210,223,14,12,12,1,0,6,7,109.577,109.577,107.944,,-22.969,-28.8275,26.2335,51.107,32.253,official_alkamel_time_cards_driver_stint,64c2452b244d1c2ecb1db01df0735b1a0f631db0d4e74397ed7fa3a89b845978
session_imsa_2025_daytona_rolex_24_race,imsa_2025_daytona_48_stint_011,car_imsa_2025_paul_miller_racing_48,48,GTDPRO,driver_max_hesse,Max Hesse,11,2,224,251,28,26,26,1,0,7,10,109.1175,109.1175,108.33,108.9614,-0.5215,-0.5125,25.8285,51.0585,32.267,official_alkamel_time_cards_driver_stint,64c2452b244d1c2ecb1db01df0735b1a0f631db0d4e74397ed7fa3a89b845978
session_imsa_2025_daytona_rolex_24_race,imsa_2025_daytona_48_stint_012,car_imsa_2025_paul_miller_racing_48,48,GTDPRO,driver_dan_harper,Dan Harper,12,3,252,277,26,24,24,1,0,10,11,111.1095,111.1095,109.927,116.4987,1.8395,2.111,26.564,51.7795,32.84,official_alkamel_time_cards_driver_stint,64c2452b244d1c2ecb1db01df0735b1a0f631db0d4e74397ed7fa3a89b845978
session_imsa_2025_daytona_rolex_24_race,imsa_2025_daytona_48_stint_013,car_imsa_2025_paul_miller_racing_48,48,GTDPRO,driver_dan_harper,Dan Harper,13,4,278,305,28,26,26,1,0,11,12,109.018,109.018,108.211,108.8933,-0.3,0.1215,25.7385,50.8385,32.336,official_alkamel_time_cards_driver_stint,64c2452b244d1c2ecb1db01df0735b1a0f631db0d4e74397ed7fa3a89b845978
session_imsa_2025_daytona_rolex_24_race,imsa_2025_daytona_48_stint_014,car_imsa_2025_paul_miller_racing_48,48,GTDPRO,driver_augusto_farfus,Augusto Farfus,14,5,306,312,7,5,5,1,0,12,12,162.497,162.497,114.124,,52.623,52.8255,27.766,80.513,43.544,official_alkamel_time_cards_driver_stint,64c2452b244d1c2ecb1db01df0735b1a0f631db0d4e74397ed7fa3a89b845978
session_imsa_2025_daytona_rolex_24_race,imsa_2025_daytona_48_stint_015,car_imsa_2025_paul_miller_racing_48,48,GTDPRO,driver_augusto_farfus,Augusto Farfus,15,6,313,343,31,29,29,1,0,12,13,108.959,108.959,107.994,108.732,-0.11,0.0745,25.77,50.809,32.256,official_alkamel_time_cards_driver_stint,64c2452b244d1c2ecb1db01df0735b1a0f631db0d4e74397ed7fa3a89b845978
session_imsa_2025_daytona_rolex_24_race,imsa_2025_daytona_48_stint_016,car_imsa_2025_paul_miller_racing_48,48,GTDPRO,driver_augusto_farfus,Augusto Farfus,16,7,344,360,17,15,15,1,0,13,14,111.084,111.084,109.741,,2.073,2.2575,26.353,51.615,32.998,official_alkamel_time_cards_driver_stint,64c2452b244d1c2ecb1db01df0735b1a0f631db0d4e74397ed7fa3a89b845978
session_imsa_2025_daytona_rolex_24_race,imsa_2025_daytona_48_stint_017,car_imsa_2025_paul_miller_racing_48,48,GTDPRO,driver_jesse_krohn,Jesse Krohn,17,4,361,392,32,30,30,1,0,14,15,109.3365,109.3365,108.496,109.1676,-0.1705,0.101,26.0855,50.939,32.334,official_alkamel_time_cards_driver_stint,64c2452b244d1c2ecb1db01df0735b1a0f631db0d4e74397ed7fa3a89b845978
session_imsa_2025_daytona_rolex_24_race,imsa_2025_daytona_48_stint_018,car_imsa_2025_paul_miller_racing_48,48,GTDPRO,driver_jesse_krohn,Jesse Krohn,18,5,393,393,1,0,0,1,0,15,15,,,,,,,,,,official_alkamel_time_cards_driver_stint,64c2452b244d1c2ecb1db01df0735b1a0f631db0d4e74397ed7fa3a89b845978
session_imsa_2025_daytona_rolex_24_race,imsa_2025_daytona_48_stint_019,car_imsa_2025_paul_miller_racing_48,48,GTDPRO,driver_jesse_krohn,Jesse Krohn,19,6,394,421,28,26,26,1,0,15,15,110.1895,110.1895,109.776,110.2502,1.033,1.6695,26.237,51.385,32.5,official_alkamel_time_cards_driver_stint,64c2452b244d1c2ecb1db01df0735b1a0f631db0d4e74397ed7fa3a89b845978
session_imsa_2025_daytona_rolex_24_race,imsa_2025_daytona_48_stint_020,car_imsa_2025_paul_miller_racing_48,48,GTDPRO,driver_max_hesse,Max Hesse,20,3,422,443,22,20,20,1,0,16,16,108.797,108.797,108.34,109.0053,-0.208,0.319,25.695,50.838,32.212,official_alkamel_time_cards_driver_stint,64c2452b244d1c2ecb1db01df0735b1a0f631db0d4e74397ed7fa3a89b845978
session_imsa_2025_daytona_rolex_24_race,imsa_2025_daytona_48_stint_021,car_imsa_2025_paul_miller_racing_48,48,GTDPRO,driver_max_hesse,Max Hesse,21,4,444,471,28,26,26,1,0,16,17,110.1145,110.1145,109.322,110.1531,1.0765,1.7965,26.213,51.512,32.369,official_alkamel_time_cards_driver_stint,64c2452b244d1c2ecb1db01df0735b1a0f631db0d4e74397ed7fa3a89b845978
session_imsa_2025_daytona_rolex_24_race,imsa_2025_daytona_48_stint_022,car_imsa_2025_paul_miller_racing_48,48,GTDPRO,driver_dan_harper,Dan Harper,22,5,472,503,32,30,30,1,0,17,18,109.2175,109.2175,108.074,109.0044,-0.524,0.1375,25.875,50.9215,32.338,official_alkamel_time_cards_driver_stint,64c2452b244d1c2ecb1db01df0735b1a0f631db0d4e74397ed7fa3a89b845978
session_imsa_2025_daytona_rolex_24_race,imsa_2025_daytona_48_stint_023,car_imsa_2025_paul_miller_racing_48,48,GTDPRO,driver_dan_harper,Dan Harper,23,6,504,529,26,24,24,1,0,18,19,108.767,108.767,107.679,111.5219,-0.2905,0.5265,25.9425,50.878,32.0665,official_alkamel_time_cards_driver_stint,64c2452b244d1c2ecb1db01df0735b1a0f631db0d4e74397ed7fa3a89b845978
session_imsa_2025_daytona_rolex_24_race,imsa_2025_daytona_48_stint_024,car_imsa_2025_paul_miller_racing_48,48,GTDPRO,driver_augusto_farfus,Augusto Farfus,24,8,530,548,19,17,17,1,0,19,20,109.263,109.263,107.924,,0.133,0.884,25.76,51.028,32.19,official_alkamel_time_cards_driver_stint,64c2452b244d1c2ecb1db01df0735b1a0f631db0d4e74397ed7fa3a89b845978
session_imsa_2025_daytona_rolex_24_race,imsa_2025_daytona_48_stint_025,car_imsa_2025_paul_miller_racing_48,48,GTDPRO,driver_augusto_farfus,Augusto Farfus,25,9,549,572,24,22,22,1,0,20,20,109.4195,109.4195,107.883,109.379,0.0525,0.8035,25.944,51.1745,32.2935,official_alkamel_time_cards_driver_stint,64c2452b244d1c2ecb1db01df0735b1a0f631db0d4e74397ed7fa3a89b845978
session_imsa_2025_daytona_rolex_24_race,imsa_2025_daytona_48_stint_026,car_imsa_2025_paul_miller_racing_48,48,GTDPRO,driver_augusto_farfus,Augusto Farfus,26,10,573,584,12,10,10,1,0,20,21,110.4955,110.4955,109.1,,1.0625,1.6705,26.273,51.4585,32.552,official_alkamel_time_cards_driver_stint,64c2452b244d1c2ecb1db01df0735b1a0f631db0d4e74397ed7fa3a89b845978
session_imsa_2025_daytona_rolex_24_race,imsa_2025_daytona_48_stint_027,car_imsa_2025_paul_miller_racing_48,48,GTDPRO,driver_augusto_farfus,Augusto Farfus,27,11,585,602,18,16,16,1,0,21,21,109.2715,109.2715,108.629,,-0.1615,0.4465,25.9595,51.203,32.1275,official_alkamel_time_cards_driver_stint,64c2452b244d1c2ecb1db01df0735b1a0f631db0d4e74397ed7fa3a89b845978
session_imsa_2025_daytona_rolex_24_race,imsa_2025_daytona_48_stint_028,car_imsa_2025_paul_miller_racing_48,48,GTDPRO,driver_jesse_krohn,Jesse Krohn,28,7,603,610,8,6,6,1,0,21,22,140.9325,140.9325,115.827,,31.362,31.9158,31.3615,64.2135,45.6525,official_alkamel_time_cards_driver_stint,64c2452b244d1c2ecb1db01df0735b1a0f631db0d4e74397ed7fa3a89b845978
session_imsa_2025_daytona_rolex_24_race,imsa_2025_daytona_48_stint_029,car_imsa_2025_paul_miller_racing_48,48,GTDPRO,driver_jesse_krohn,Jesse Krohn,29,8,611,644,34,32,32,1,0,22,23,109.969,109.969,108.597,109.6422,0.261,0.7605,26.316,51.505,32.1565,official_alkamel_time_cards_driver_stint,64c2452b244d1c2ecb1db01df0735b1a0f631db0d4e74397ed7fa3a89b845978
session_imsa_2025_daytona_rolex_24_race,imsa_2025_daytona_48_stint_030,car_imsa_2025_paul_miller_racing_48,48,GTDPRO,driver_max_hesse,Max Hesse,30,5,645,668,24,23,23,0,0,23,24,109.633,109.633,108.329,109.5986,0.224,0.746,26.172,51.29,32.077,official_alkamel_time_cards_driver_stint,64c2452b244d1c2ecb1db01df0735b1a0f631db0d4e74397ed7fa3a89b845978
session_imsa_2025_daytona_rolex_24_race,imsa_2025_daytona_9_stint_001,car_imsa_2025_pfaff_motorsports_9,9,GTDPRO,driver_andrea_caldarelli,Andrea Caldarelli,1,1,1,30,30,28,28,1,0,0,0,109.3145,109.3145,107.936,109.1041,-0.2185,0.1505,25.734,50.968,32.63,official_alkamel_time_cards_driver_stint,64c2452b244d1c2ecb1db01df0735b1a0f631db0d4e74397ed7fa3a89b845978
session_imsa_2025_daytona_rolex_24_race,imsa_2025_daytona_9_stint_002,car_imsa_2025_pfaff_motorsports_9,9,GTDPRO,driver_andrea_caldarelli,Andrea Caldarelli,2,2,31,60,30,28,28,1,0,0,1,108.8295,108.8295,107.825,108.8375,-1.0515,-0.7365,25.5145,50.8055,32.4705,official_alkamel_time_cards_driver_stint,64c2452b244d1c2ecb1db01df0735b1a0f631db0d4e74397ed7fa3a89b845978
session_imsa_2025_daytona_rolex_24_race,imsa_2025_daytona_9_stint_003,car_imsa_2025_pfaff_motorsports_9,9,GTDPRO,driver_marco_mapelli,Marco Mapelli,3,1,61,72,12,10,10,1,0,1,2,109.1625,109.1625,108.202,,-0.7065,-0.5563,25.399,51.0845,32.7715,official_alkamel_time_cards_driver_stint,64c2452b244d1c2ecb1db01df0735b1a0f631db0d4e74397ed7fa3a89b845978
session_imsa_2025_daytona_rolex_24_race,imsa_2025_daytona_9_stint_004,car_imsa_2025_pfaff_motorsports_9,9,GTDPRO,driver_marco_mapelli,Marco Mapelli,4,2,73,104,32,30,30,1,0,2,3,109.38,109.38,108.652,109.4458,-0.392,-0.017,25.6935,50.9715,32.748,official_alkamel_time_cards_driver_stint,64c2452b244d1c2ecb1db01df0735b1a0f631db0d4e74397ed7fa3a89b845978
session_imsa_2025_daytona_rolex_24_race,imsa_2025_daytona_9_stint_005,car_imsa_2025_pfaff_motorsports_9,9,GTDPRO,driver_marco_mapelli,Marco Mapelli,5,3,105,131,27,25,25,1,0,3,4,109.325,109.325,108.077,109.0811,-0.328,0.022,25.622,50.927,32.639,official_alkamel_time_cards_driver_stint,64c2452b244d1c2ecb1db01df0735b1a0f631db0d4e74397ed7fa3a89b845978
session_imsa_2025_daytona_rolex_24_race,imsa_2025_daytona_9_stint_006,car_imsa_2025_pfaff_motorsports_9,9,GTDPRO,driver_james_hinchcliffe,James Hinchcliffe,6,1,132,163,32,30,30,1,0,4,5,110.159,110.159,109.065,110.0647,0.334,0.34,26.127,51.111,32.841,official_alkamel_time_cards_driver_stint,64c2452b244d1c2ecb1db01df0735b1a0f631db0d4e74397ed7fa3a89b845978
session_imsa_2025_daytona_rolex_24_race,imsa_2025_daytona_9_stint_007,car_imsa_2025_pfaff_motorsports_9,9,GTDPRO,driver_james_hinchcliffe,James Hinchcliffe,7,2,164,176,13,11,11,1,0,5,5,109.901,109.901,109.031,,0.027,0.119,26.733,51.148,33.059,official_alkamel_time_cards_driver_stint,64c2452b244d1c2ecb1db01df0735b1a0f631db0d4e74397ed7fa3a89b845978
session_imsa_2025_daytona_rolex_24_race,imsa_2025_daytona_9_stint_008,car_imsa_2025_pfaff_motorsports_9,9,GTDPRO,driver_james_hinchcliffe,James Hinchcliffe,8,3,177,208,32,30,30,1,0,5,6,109.47,109.47,108.651,109.4301,-0.071,0.38,25.781,50.896,32.7375,official_alkamel_time_cards_driver_stint,64c2452b244d1c2ecb1db01df0735b1a0f631db0d4e74397ed7fa3a89b845978
session_imsa_2025_daytona_rolex_24_race,imsa_2025_daytona_9_stint_009,car_imsa_2025_pfaff_motorsports_9,9,GTDPRO,driver_jordan_pepper,Jordan Pepper,9,1,209,223,15,13,13,1,0,6,7,109.177,109.177,108.473,,-22.361,-28.2195,25.531,50.933,32.573,official_alkamel_time_cards_driver_stint,64c2452b244d1c2ecb1db01df0735b1a0f631db0d4e74397ed7fa3a89b845978
session_imsa_2025_daytona_rolex_24_race,imsa_2025_daytona_9_stint_010,car_imsa_2025_pfaff_motorsports_9,9,GTDPRO,driver_jordan_pepper,Jordan Pepper,10,2,224,227,4,3,3,0,0,7,7,159.09,159.09,145.855,,15.298,9.4395,37.518,78.982,40.64,official_alkamel_time_cards_driver_stint,64c2452b244d1c2ecb1db01df0735b1a0f631db0d4e74397ed7fa3a89b845978
session_imsa_2025_daytona_rolex_24_race,imsa_2025_daytona_6_stint_001,car_imsa_2025_porsche_penske_motorsport_6,6,GTP,driver_matt_campbell,Matt Campbell,1,1,1,28,28,26,26,1,0,0,0,98.9285,98.9285,97.53,99.3808,0.0255,-10.2355,24.117,45.999,28.6195,official_alkamel_time_cards_driver_stint,64c2452b244d1c2ecb1db01df0735b1a0f631db0d4e74397ed7fa3a89b845978
session_imsa_2025_daytona_rolex_24_race,imsa_2025_daytona_6_stint_002,car_imsa_2025_porsche_penske_motorsport_6,6,GTP,driver_matt_campbell,Matt Campbell,2,2,29,56,28,26,26,1,0,0,1,99.3275,99.3275,98.227,99.2977,0.1355,-10.205,24.315,46.168,28.6735,official_alkamel_time_cards_driver_stint,64c2452b244d1c2ecb1db01df0735b1a0f631db0d4e74397ed7fa3a89b845978
session_imsa_2025_daytona_rolex_24_race,imsa_2025_daytona_6_stint_003,car_imsa_2025_porsche_penske_motorsport_6,6,GTP,driver_mathieu_jaminet,Mathieu Jaminet,3,1,57,78,22,20,20,1,0,1,2,99.2615,99.2615,97.809,103.1547,-0.037,-10.4008,24.0935,46.1615,28.79,official_alkamel_time_cards_driver_stint,64c2452b244d1c2ecb1db01df0735b1a0f631db0d4e74397ed7fa3a89b845978
session_imsa_2025_daytona_rolex_24_race,imsa_2025_daytona_6_stint_004,car_imsa_2025_porsche_penske_motorsport_6,6,GTP,driver_mathieu_jaminet,Mathieu Jaminet,4,2,79,108,30,28,28,1,0,2,3,99.248,99.248,98.067,99.2674,-0.008,-10.3077,24.3545,46.138,28.8925,official_alkamel_time_cards_driver_stint,64c2452b244d1c2ecb1db01df0735b1a0f631db0d4e74397ed7fa3a89b845978
session_imsa_2025_daytona_rolex_24_race,imsa_2025_daytona_6_stint_005,car_imsa_2025_porsche_penske_motorsport_6,6,GTP,driver_kevin_estre,Kevin Estre,5,1,109,137,29,27,27,1,0,3,4,98.37,98.37,97.819,98.5663,-0.672,-10.879,23.959,46.002,28.444,official_alkamel_time_cards_driver_stint,64c2452b244d1c2ecb1db01df0735b1a0f631db0d4e74397ed7fa3a89b845978
session_imsa_2025_daytona_rolex_24_race,imsa_2025_daytona_6_stint_006,car_imsa_2025_porsche_penske_motorsport_6,6,GTP,driver_kevin_estre,Kevin Estre,6,2,138,142,5,3,3,1,0,4,4,126.926,126.926,113.278,,27.497,17.07,29.298,54.174,41.339,official_alkamel_time_cards_driver_stint,64c2452b244d1c2ecb1db01df0735b1a0f631db0d4e74397ed7fa3a89b845978
session_imsa_2025_daytona_rolex_24_race,imsa_2025_daytona_6_stint_007,car_imsa_2025_porsche_penske_motorsport_6,6,GTP,driver_kevin_estre,Kevin Estre,7,3,143,173,31,29,29,1,0,4,5,98.321,98.321,97.273,98.5843,-1.228,-11.461,24.111,45.972,28.502,official_alkamel_time_cards_driver_stint,64c2452b244d1c2ecb1db01df0735b1a0f631db0d4e74397ed7fa3a89b845978
session_imsa_2025_daytona_rolex_24_race,imsa_2025_daytona_6_stint_008,car_imsa_2025_porsche_penske_motorsport_6,6,GTP,driver_kevin_estre,Kevin Estre,8,4,174,190,17,15,15,1,0,5,5,99.185,99.185,98.143,,-0.364,-10.597,24.231,46.147,28.607,official_alkamel_time_cards_driver_stint,64c2452b244d1c2ecb1db01df0735b1a0f631db0d4e74397ed7fa3a89b845978
session_imsa_2025_daytona_rolex_24_race,imsa_2025_daytona_6_stint_009,car_imsa_2025_porsche_penske_motorsport_6,6,GTP,driver_matt_campbell,Matt Campbell,9,3,191,198,8,6,6,1,0,5,6,148.804,148.804,98.138,,49.255,39.022,32.9655,72.756,41.3195,official_alkamel_time_cards_driver_stint,64c2452b244d1c2ecb1db01df0735b1a0f631db0d4e74397ed7fa3a89b845978
session_imsa_2025_daytona_rolex_24_race,imsa_2025_daytona_6_stint_010,car_imsa_2025_porsche_penske_motorsport_6,6,GTP,driver_matt_campbell,Matt Campbell,10,4,199,221,23,21,21,1,0,6,6,98.281,98.281,96.81,98.7338,-0.783,-10.763,23.912,45.651,28.636,official_alkamel_time_cards_driver_stint,64c2452b244d1c2ecb1db01df0735b1a0f631db0d4e74397ed7fa3a89b845978
session_imsa_2025_daytona_rolex_24_race,imsa_2025_daytona_6_stint_011,car_imsa_2025_porsche_penske_motorsport_6,6,GTP,driver_matt_campbell,Matt Campbell,11,5,222,242,21,19,19,1,0,6,7,99.379,99.379,97.886,,-0.02,-9.808,24.113,46.303,29.122,official_alkamel_time_cards_driver_stint,64c2452b244d1c2ecb1db01df0735b1a0f631db0d4e74397ed7fa3a89b845978
session_imsa_2025_daytona_rolex_24_race,imsa_2025_daytona_6_stint_012,car_imsa_2025_porsche_penske_motorsport_6,6,GTP,driver_mathieu_jaminet,Mathieu Jaminet,12,3,243,277,35,33,33,1,0,7,8,98.888,98.888,97.342,98.4966,-0.07,-10.222,24.192,45.983,29.111,official_alkamel_time_cards_driver_stint,64c2452b244d1c2ecb1db01df0735b1a0f631db0d4e74397ed7fa3a89b845978
session_imsa_2025_daytona_rolex_24_race,imsa_2025_daytona_6_stint_013,car_imsa_2025_porsche_penske_motorsport_6,6,GTP,driver_mathieu_jaminet,Mathieu Jaminet,13,4,278,306,29,27,27,1,0,8,9,98.858,98.858,97.703,98.7772,-0.379,-10.552,24.139,45.911,28.625,official_alkamel_time_cards_driver_stint,64c2452b244d1c2ecb1db01df0735b1a0f631db0d4e74397ed7fa3a89b845978
session_imsa_2025_daytona_rolex_24_race,imsa_2025_daytona_6_stint_014,car_imsa_2025_porsche_penske_motorsport_6,6,GTP,driver_kevin_estre,Kevin Estre,14,5,307,315,9,7,7,1,0,9,9,100.208,100.208,97.428,,0.69,-9.482,23.775,46.042,29.303,official_alkamel_time_cards_driver_stint,64c2452b244d1c2ecb1db01df0735b1a0f631db0d4e74397ed7fa3a89b845978
session_imsa_2025_daytona_rolex_24_race,imsa_2025_daytona_6_stint_015,car_imsa_2025_porsche_penske_motorsport_6,6,GTP,driver_kevin_estre,Kevin Estre,15,6,316,333,18,16,16,1,0,9,10,100.1605,100.1605,97.335,,1.3,-9.033,24.443,46.6145,28.876,official_alkamel_time_cards_driver_stint,64c2452b244d1c2ecb1db01df0735b1a0f631db0d4e74397ed7fa3a89b845978
session_imsa_2025_daytona_rolex_24_race,imsa_2025_daytona_6_stint_016,car_imsa_2025_porsche_penske_motorsport_6,6,GTP,driver_kevin_estre,Kevin Estre,16,7,334,364,31,29,29,1,0,10,11,98.642,98.642,97.794,98.7254,-0.2185,-10.3705,24.201,45.777,28.541,official_alkamel_time_cards_driver_stint,64c2452b244d1c2ecb1db01df0735b1a0f631db0d4e74397ed7fa3a89b845978
session_imsa_2025_daytona_rolex_24_race,imsa_2025_daytona_6_stint_017,car_imsa_2025_porsche_penske_motorsport_6,6,GTP,driver_matt_campbell,Matt Campbell,17,6,365,393,29,27,27,1,0,11,12,98.824,98.824,97.155,98.615,-0.214,-10.1915,24.166,45.743,28.778,official_alkamel_time_cards_driver_stint,64c2452b244d1c2ecb1db01df0735b1a0f631db0d4e74397ed7fa3a89b845978
session_imsa_2025_daytona_rolex_24_race,imsa_2025_daytona_6_stint_018,car_imsa_2025_porsche_penske_motorsport_6,6,GTP,driver_matt_campbell,Matt Campbell,18,7,394,425,32,30,30,1,0,12,13,98.351,98.351,96.544,97.7448,-0.988,-10.7855,23.784,45.606,28.7465,official_alkamel_time_cards_driver_stint,64c2452b244d1c2ecb1db01df0735b1a0f631db0d4e74397ed7fa3a89b845978
session_imsa_2025_daytona_rolex_24_race,imsa_2025_daytona_6_stint_019,car_imsa_2025_porsche_penske_motorsport_6,6,GTP,driver_matt_campbell,Matt Campbell,19,8,426,444,19,17,17,1,0,13,13,99.277,99.277,98.251,,0.104,-9.5495,24.093,46.091,28.826,official_alkamel_time_cards_driver_stint,64c2452b244d1c2ecb1db01df0735b1a0f631db0d4e74397ed7fa3a89b845978
session_imsa_2025_daytona_rolex_24_race,imsa_2025_daytona_6_stint_020,car_imsa_2025_porsche_penske_motorsport_6,6,GTP,driver_mathieu_jaminet,Mathieu Jaminet,20,5,445,475,31,29,29,1,0,13,14,97.589,97.589,96.572,97.7557,-0.9,-11.6465,23.803,45.275,28.517,official_alkamel_time_cards_driver_stint,64c2452b244d1c2ecb1db01df0735b1a0f631db0d4e74397ed7fa3a89b845978
session_imsa_2025_daytona_rolex_24_race,imsa_2025_daytona_6_stint_021,car_imsa_2025_porsche_penske_motorsport_6,6,GTP,driver_mathieu_jaminet,Mathieu Jaminet,21,6,476,504,29,27,27,1,0,14,15,98.731,98.731,97.926,99.0653,0.151,-9.789,24.35,45.76,28.746,official_alkamel_time_cards_driver_stint,64c2452b244d1c2ecb1db01df0735b1a0f631db0d4e74397ed7fa3a89b845978
session_imsa_2025_daytona_rolex_24_race,imsa_2025_daytona_6_stint_022,car_imsa_2025_porsche_penske_motorsport_6,6,GTP,driver_kevin_estre,Kevin Estre,22,8,505,533,29,27,27,1,0,15,16,97.964,97.964,96.751,98.0502,-0.65,-10.514,23.907,45.541,28.519,official_alkamel_time_cards_driver_stint,64c2452b244d1c2ecb1db01df0735b1a0f631db0d4e74397ed7fa3a89b845978
session_imsa_2025_daytona_rolex_24_race,imsa_2025_daytona_6_stint_023,car_imsa_2025_porsche_penske_motorsport_6,6,GTP,driver_kevin_estre,Kevin Estre,23,9,534,562,29,27,27,1,0,16,17,98.113,98.113,97.335,98.2737,-0.486,-10.238,23.995,45.6,28.523,official_alkamel_time_cards_driver_stint,64c2452b244d1c2ecb1db01df0735b1a0f631db0d4e74397ed7fa3a89b845978
session_imsa_2025_daytona_rolex_24_race,imsa_2025_daytona_6_stint_024,car_imsa_2025_porsche_penske_motorsport_6,6,GTP,driver_matt_campbell,Matt Campbell,24,9,563,591,29,27,27,1,0,17,18,98.089,98.089,96.405,98.1856,-0.658,-10.273,23.856,45.649,28.746,official_alkamel_time_cards_driver_stint,64c2452b244d1c2ecb1db01df0735b1a0f631db0d4e74397ed7fa3a89b845978
session_imsa_2025_daytona_rolex_24_race,imsa_2025_daytona_6_stint_025,car_imsa_2025_porsche_penske_motorsport_6,6,GTP,driver_matt_campbell,Matt Campbell,25,10,592,599,8,6,6,1,0,18,18,104.801,104.801,97.689,,2.892,-5.394,24.6395,46.5055,29.5975,official_alkamel_time_cards_driver_stint,64c2452b244d1c2ecb1db01df0735b1a0f631db0d4e74397ed7fa3a89b845978
session_imsa_2025_daytona_rolex_24_race,imsa_2025_daytona_6_stint_026,car_imsa_2025_porsche_penske_motorsport_6,6,GTP,driver_matt_campbell,Matt Campbell,26,11,600,631,32,30,30,1,0,18,19,98.434,98.434,96.949,98.0995,-0.0705,-9.8065,23.9285,45.7685,28.6015,official_alkamel_time_cards_driver_stint,64c2452b244d1c2ecb1db01df0735b1a0f631db0d4e74397ed7fa3a89b845978
session_imsa_2025_daytona_rolex_24_race,imsa_2025_daytona_6_stint_027,car_imsa_2025_porsche_penske_motorsport_6,6,GTP,driver_mathieu_jaminet,Mathieu Jaminet,27,7,632,659,28,26,26,1,0,19,20,98.13,98.13,96.563,98.0485,-0.402,-10.3805,23.939,45.6805,28.3,official_alkamel_time_cards_driver_stint,64c2452b244d1c2ecb1db01df0735b1a0f631db0d4e74397ed7fa3a89b845978
session_imsa_2025_daytona_rolex_24_race,imsa_2025_daytona_6_stint_028,car_imsa_2025_porsche_penske_motorsport_6,6,GTP,driver_mathieu_jaminet,Mathieu Jaminet,28,8,660,687,28,26,26,1,0,20,21,98.0795,98.0795,96.817,97.9992,-0.5365,-10.5365,23.957,45.6475,28.283,official_alkamel_time_cards_driver_stint,64c2452b244d1c2ecb1db01df0735b1a0f631db0d4e74397ed7fa3a89b845978
session_imsa_2025_daytona_rolex_24_race,imsa_2025_daytona_6_stint_029,car_imsa_2025_porsche_penske_motorsport_6,6,GTP,driver_kevin_estre,Kevin Estre,29,10,688,716,29,27,27,1,0,21,21,98.252,98.252,97.287,98.0678,-0.319,-10.573,24.065,45.854,28.271,official_alkamel_time_cards_driver_stint,64c2452b244d1c2ecb1db01df0735b1a0f631db0d4e74397ed7fa3a89b845978
session_imsa_2025_daytona_rolex_24_race,imsa_2025_daytona_6_stint_030,car_imsa_2025_porsche_penske_motorsport_6,6,GTP,driver_kevin_estre,Kevin Estre,30,11,717,745,29,27,27,1,0,22,22,97.808,97.808,96.911,97.9035,-0.674,-11.4005,24.063,45.574,28.175,official_alkamel_time_cards_driver_stint,64c2452b244d1c2ecb1db01df0735b1a0f631db0d4e74397ed7fa3a89b845978
session_imsa_2025_daytona_rolex_24_race,imsa_2025_daytona_6_stint_031,car_imsa_2025_porsche_penske_motorsport_6,6,GTP,driver_matt_campbell,Matt Campbell,31,12,746,753,8,6,6,1,0,22,23,98.3235,98.3235,96.87,,-0.1585,-10.885,23.4885,46.2245,28.3055,official_alkamel_time_cards_driver_stint,64c2452b244d1c2ecb1db01df0735b1a0f631db0d4e74397ed7fa3a89b845978
session_imsa_2025_daytona_rolex_24_race,imsa_2025_daytona_6_stint_032,car_imsa_2025_porsche_penske_motorsport_6,6,GTP,driver_matt_campbell,Matt Campbell,32,13,754,781,28,27,27,0,0,23,24,97.982,97.982,96.061,97.8395,-0.26,-10.905,24.111,45.562,28.27,official_alkamel_time_cards_driver_stint,64c2452b244d1c2ecb1db01df0735b1a0f631db0d4e74397ed7fa3a89b845978
session_imsa_2025_daytona_rolex_24_race,imsa_2025_daytona_7_stint_001,car_imsa_2025_porsche_penske_motorsport_7,7,GTP,driver_felipe_nasr,Felipe Nasr,1,1,1,29,29,27,27,1,0,0,0,98.542,98.542,97.474,99.0396,-0.361,-10.622,24.097,45.955,28.542,official_alkamel_time_cards_driver_stint,64c2452b244d1c2ecb1db01df0735b1a0f631db0d4e74397ed7fa3a89b845978
session_imsa_2025_daytona_rolex_24_race,imsa_2025_daytona_7_stint_002,car_imsa_2025_porsche_penske_motorsport_7,7,GTP,driver_felipe_nasr,Felipe Nasr,2,2,30,58,29,27,27,1,0,0,1,99.466,99.466,98.058,99.4331,0.298,-10.053,24.379,46.308,28.655,official_alkamel_time_cards_driver_stint,64c2452b244d1c2ecb1db01df0735b1a0f631db0d4e74397ed7fa3a89b845978
session_imsa_2025_daytona_rolex_24_race,imsa_2025_daytona_7_stint_003,car_imsa_2025_porsche_penske_motorsport_7,7,GTP,driver_nick_tandy,Nick Tandy,3,1,59,78,20,18,18,1,0,1,2,98.808,98.808,97.257,,-0.5235,-10.9108,24.01,45.98,28.591,official_alkamel_time_cards_driver_stint,64c2452b244d1c2ecb1db01df0735b1a0f631db0d4e74397ed7fa3a89b845978
session_imsa_2025_daytona_rolex_24_race,imsa_2025_daytona_7_stint_004,car_imsa_2025_porsche_penske_motorsport_7,7,GTP,driver_nick_tandy,Nick Tandy,4,2,79,109,31,29,29,1,0,2,3,98.862,98.862,97.918,99.1697,-0.345,-10.6885,24.216,46.009,28.627,official_alkamel_time_cards_driver_stint,64c2452b244d1c2ecb1db01df0735b1a0f631db0d4e74397ed7fa3a89b845978
session_imsa_2025_daytona_rolex_24_race,imsa_2025_daytona_7_stint_005,car_imsa_2025_porsche_penske_motorsport_7,7,GTP,driver_laurens_vanthoor,Laurens Vanthoor,5,1,110,138,29,27,27,1,0,3,4,98.382,98.382,97.454,98.4279,-0.634,-10.841,23.916,46.007,28.571,official_alkamel_time_cards_driver_stint,64c2452b244d1c2ecb1db01df0735b1a0f631db0d4e74397ed7fa3a89b845978
session_imsa_2025_daytona_rolex_24_race,imsa_2025_daytona_7_stint_006,car_imsa_2025_porsche_penske_motorsport_7,7,GTP,driver_laurens_vanthoor,Laurens Vanthoor,6,2,139,171,33,31,31,1,0,4,5,98.939,98.939,97.865,98.8883,-0.49,-10.865,24.331,46.103,28.593,official_alkamel_time_cards_driver_stint,64c2452b244d1c2ecb1db01df0735b1a0f631db0d4e74397ed7fa3a89b845978
session_imsa_2025_daytona_rolex_24_race,imsa_2025_daytona_7_stint_007,car_imsa_2025_porsche_penske_motorsport_7,7,GTP,driver_felipe_nasr,Felipe Nasr,7,3,172,190,19,17,17,1,0,5,5,98.644,98.644,97.51,,-0.905,-11.138,23.978,46.013,28.705,official_alkamel_time_cards_driver_stint,64c2452b244d1c2ecb1db01df0735b1a0f631db0d4e74397ed7fa3a89b845978
session_imsa_2025_daytona_rolex_24_race,imsa_2025_daytona_7_stint_008,car_imsa_2025_porsche_penske_motorsport_7,7,GTP,driver_felipe_nasr,Felipe Nasr,8,4,191,221,31,29,29,1,0,5,6,98.816,98.816,97.65,98.8184,-0.248,-10.228,24.135,45.988,28.716,official_alkamel_time_cards_driver_stint,64c2452b244d1c2ecb1db01df0735b1a0f631db0d4e74397ed7fa3a89b845978
session_imsa_2025_daytona_rolex_24_race,imsa_2025_daytona_7_stint_009,car_imsa_2025_porsche_penske_motorsport_7,7,GTP,driver_nick_tandy,Nick Tandy,9,3,222,240,19,17,17,1,0,6,7,98.731,98.731,97.302,,-1.212,-11.192,23.843,45.847,28.726,official_alkamel_time_cards_driver_stint,64c2452b244d1c2ecb1db01df0735b1a0f631db0d4e74397ed7fa3a89b845978
session_imsa_2025_daytona_rolex_24_race,imsa_2025_daytona_7_stint_010,car_imsa_2025_porsche_penske_motorsport_7,7,GTP,driver_nick_tandy,Nick Tandy,10,4,241,275,35,33,33,1,0,7,8,98.718,98.718,96.592,98.0628,-0.7,-10.281,24.369,45.812,28.827,official_alkamel_time_cards_driver_stint,64c2452b244d1c2ecb1db01df0735b1a0f631db0d4e74397ed7fa3a89b845978
session_imsa_2025_daytona_rolex_24_race,imsa_2025_daytona_7_stint_011,car_imsa_2025_porsche_penske_motorsport_7,7,GTP,driver_nick_tandy,Nick Tandy,11,5,276,304,29,27,27,1,0,8,9,99.061,99.061,98.264,99.1643,0.265,-9.907,24.197,46.085,28.768,official_alkamel_time_cards_driver_stint,64c2452b244d1c2ecb1db01df0735b1a0f631db0d4e74397ed7fa3a89b845978
session_imsa_2025_daytona_rolex_24_race,imsa_2025_daytona_7_stint_012,car_imsa_2025_porsche_penske_motorsport_7,7,GTP,driver_laurens_vanthoor,Laurens Vanthoor,12,3,305,315,11,9,9,1,0,9,9,98.471,98.471,96.994,,-1.047,-11.219,23.732,45.858,28.686,official_alkamel_time_cards_driver_stint,64c2452b244d1c2ecb1db01df0735b1a0f631db0d4e74397ed7fa3a89b845978
session_imsa_2025_daytona_rolex_24_race,imsa_2025_daytona_7_stint_013,car_imsa_2025_porsche_penske_motorsport_7,7,GTP,driver_laurens_vanthoor,Laurens Vanthoor,13,4,316,333,18,16,16,1,0,9,10,100.907,100.907,97.859,,2.0465,-8.2865,24.797,46.2825,28.8675,official_alkamel_time_cards_driver_stint,64c2452b244d1c2ecb1db01df0735b1a0f631db0d4e74397ed7fa3a89b845978
session_imsa_2025_daytona_rolex_24_race,imsa_2025_daytona_7_stint_014,car_imsa_2025_porsche_penske_motorsport_7,7,GTP,driver_felipe_nasr,Felipe Nasr,14,5,334,335,2,0,0,1,0,10,10,,,,,,,,,,official_alkamel_time_cards_driver_stint,64c2452b244d1c2ecb1db01df0735b1a0f631db0d4e74397ed7fa3a89b845978
session_imsa_2025_daytona_rolex_24_race,imsa_2025_daytona_7_stint_015,car_imsa_2025_porsche_penske_motorsport_7,7,GTP,driver_felipe_nasr,Felipe Nasr,15,6,336,365,30,28,28,1,0,10,11,98.1005,98.1005,96.916,98.0635,-0.7602,-10.7555,23.94,45.537,28.6105,official_alkamel_time_cards_driver_stint,64c2452b244d1c2ecb1db01df0735b1a0f631db0d4e74397ed7fa3a89b845978
session_imsa_2025_daytona_rolex_24_race,imsa_2025_daytona_7_stint_016,car_imsa_2025_porsche_penske_motorsport_7,7,GTP,driver_felipe_nasr,Felipe Nasr,16,7,366,393,28,26,26,1,0,11,12,99.189,99.189,98.558,99.2536,0.2985,-9.679,24.2195,46.045,28.9105,official_alkamel_time_cards_driver_stint,64c2452b244d1c2ecb1db01df0735b1a0f631db0d4e74397ed7fa3a89b845978
session_imsa_2025_daytona_rolex_24_race,imsa_2025_daytona_7_stint_017,car_imsa_2025_porsche_penske_motorsport_7,7,GTP,driver_nick_tandy,Nick Tandy,17,6,394,395,2,0,0,1,0,12,12,,,,,,,,,,official_alkamel_time_cards_driver_stint,64c2452b244d1c2ecb1db01df0735b1a0f631db0d4e74397ed7fa3a89b845978
session_imsa_2025_daytona_rolex_24_race,imsa_2025_daytona_7_stint_018,car_imsa_2025_porsche_penske_motorsport_7,7,GTP,driver_nick_tandy,Nick Tandy,18,7,396,426,31,29,29,1,0,12,13,98.491,98.491,96.481,98.0696,-0.764,-10.5065,23.958,45.67,28.831,official_alkamel_time_cards_driver_stint,64c2452b244d1c2ecb1db01df0735b1a0f631db0d4e74397ed7fa3a89b845978
session_imsa_2025_daytona_rolex_24_race,imsa_2025_daytona_7_stint_019,car_imsa_2025_porsche_penske_motorsport_7,7,GTP,driver_nick_tandy,Nick Tandy,19,8,427,444,18,16,16,1,0,13,13,99.347,99.347,98.932,,0.174,-9.4795,24.1925,46.06,29.0265,official_alkamel_time_cards_driver_stint,64c2452b244d1c2ecb1db01df0735b1a0f631db0d4e74397ed7fa3a89b845978
session_imsa_2025_daytona_rolex_24_race,imsa_2025_daytona_7_stint_020,car_imsa_2025_porsche_penske_motorsport_7,7,GTP,driver_laurens_vanthoor,Laurens Vanthoor,20,5,445,446,2,0,0,1,0,13,13,,,,,,,,,,official_alkamel_time_cards_driver_stint,64c2452b244d1c2ecb1db01df0735b1a0f631db0d4e74397ed7fa3a89b845978
session_imsa_2025_daytona_rolex_24_race,imsa_2025_daytona_7_stint_021,car_imsa_2025_porsche_penske_motorsport_7,7,GTP,driver_laurens_vanthoor,Laurens Vanthoor,21,6,447,476,30,28,28,1,0,14,14,97.4395,97.4395,96.875,97.7391,-1.0495,-11.796,23.741,45.3085,28.3615,official_alkamel_time_cards_driver_stint,64c2452b244d1c2ecb1db01df0735b1a0f631db0d4e74397ed7fa3a89b845978
session_imsa_2025_daytona_rolex_24_race,imsa_2025_daytona_7_stint_022,car_imsa_2025_porsche_penske_motorsport_7,7,GTP,driver_laurens_vanthoor,Laurens Vanthoor,22,7,477,505,29,27,27,1,0,14,15,98.739,98.739,98.053,99.0045,0.066,-9.781,24.265,45.806,28.521,official_alkamel_time_cards_driver_stint,64c2452b244d1c2ecb1db01df0735b1a0f631db0d4e74397ed7fa3a89b845978
session_imsa_2025_daytona_rolex_24_race,imsa_2025_daytona_7_stint_023,car_imsa_2025_porsche_penske_motorsport_7,7,GTP,driver_felipe_nasr,Felipe Nasr,23,8,506,535,30,28,28,1,0,15,16,98.0835,98.0835,96.517,98.1141,-0.5065,-10.3945,23.9235,45.515,28.5745,official_alkamel_time_cards_driver_stint,64c2452b244d1c2ecb1db01df0735b1a0f631db0d4e74397ed7fa3a89b845978
session_imsa_2025_daytona_rolex_24_race,imsa_2025_daytona_7_stint_024,car_imsa_2025_porsche_penske_motorsport_7,7,GTP,driver_felipe_nasr,Felipe Nasr,24,9,536,563,28,26,26,1,0,16,17,98.5755,98.5755,97.777,98.5605,-0.0345,-9.802,24.1005,45.6605,28.703,official_alkamel_time_cards_driver_stint,64c2452b244d1c2ecb1db01df0735b1a0f631db0d4e74397ed7fa3a89b845978
session_imsa_2025_daytona_rolex_24_race,imsa_2025_daytona_7_stint_025,car_imsa_2025_porsche_penske_motorsport_7,7,GTP,driver_nick_tandy,Nick Tandy,25,9,564,592,29,27,27,1,0,17,18,98.065,98.065,96.412,97.8612,-0.88,-10.495,23.787,45.588,28.662,official_alkamel_time_cards_driver_stint,64c2452b244d1c2ecb1db01df0735b1a0f631db0d4e74397ed7fa3a89b845978
session_imsa_2025_daytona_rolex_24_race,imsa_2025_daytona_7_stint_026,car_imsa_2025_porsche_penske_motorsport_7,7,GTP,driver_nick_tandy,Nick Tandy,26,10,593,626,34,32,32,1,0,18,19,98.922,98.922,96.627,110.6112,-0.1445,-10.0202,24.204,45.911,28.92,official_alkamel_time_cards_driver_stint,64c2452b244d1c2ecb1db01df0735b1a0f631db0d4e74397ed7fa3a89b845978
session_imsa_2025_daytona_rolex_24_race,imsa_2025_daytona_7_stint_027,car_imsa_2025_porsche_penske_motorsport_7,7,GTP,driver_laurens_vanthoor,Laurens Vanthoor,27,8,627,654,28,26,26,1,0,19,20,98.042,98.042,96.243,97.9511,-0.491,-10.4195,23.9255,45.6885,28.337,official_alkamel_time_cards_driver_stint,64c2452b244d1c2ecb1db01df0735b1a0f631db0d4e74397ed7fa3a89b845978
session_imsa_2025_daytona_rolex_24_race,imsa_2025_daytona_7_stint_028,car_imsa_2025_porsche_penske_motorsport_7,7,GTP,driver_laurens_vanthoor,Laurens Vanthoor,28,9,655,683,29,27,27,1,0,20,20,98.067,98.067,96.579,98.0239,-0.549,-10.549,23.886,45.813,28.254,official_alkamel_time_cards_driver_stint,64c2452b244d1c2ecb1db01df0735b1a0f631db0d4e74397ed7fa3a89b845978
session_imsa_2025_daytona_rolex_24_race,imsa_2025_daytona_7_stint_029,car_imsa_2025_porsche_penske_motorsport_7,7,GTP,driver_nick_tandy,Nick Tandy,29,11,684,711,28,26,26,1,0,21,21,98.5235,98.5235,97.036,98.3472,-0.0475,-10.3015,23.9665,45.9315,28.4575,official_alkamel_time_cards_driver_stint,64c2452b244d1c2ecb1db01df0735b1a0f631db0d4e74397ed7fa3a89b845978
session_imsa_2025_daytona_rolex_24_race,imsa_2025_daytona_7_stint_030,car_imsa_2025_porsche_penske_motorsport_7,7,GTP,driver_felipe_nasr,Felipe Nasr,30,10,712,744,33,31,31,1,0,21,22,98.164,98.164,97.152,97.9273,-0.318,-11.0445,23.977,45.65,28.326,official_alkamel_time_cards_driver_stint,64c2452b244d1c2ecb1db01df0735b1a0f631db0d4e74397ed7fa3a89b845978
session_imsa_2025_daytona_rolex_24_race,imsa_2025_daytona_7_stint_031,car_imsa_2025_porsche_penske_motorsport_7,7,GTP,driver_felipe_nasr,Felipe Nasr,31,11,745,753,9,7,7,1,0,22,23,99.071,99.071,97.913,,0.589,-10.1375,24.563,46.031,28.528,official_alkamel_time_cards_driver_stint,64c2452b244d1c2ecb1db01df0735b1a0f631db0d4e74397ed7fa3a89b845978
session_imsa_2025_daytona_rolex_24_race,imsa_2025_daytona_7_stint_032,car_imsa_2025_porsche_penske_motorsport_7,7,GTP,driver_felipe_nasr,Felipe Nasr,32,12,754,781,28,27,27,0,0,23,24,97.613,97.613,96.066,97.7032,-0.641,-11.286,23.902,45.543,28.188,official_alkamel_time_cards_driver_stint,64c2452b244d1c2ecb1db01df0735b1a0f631db0d4e74397ed7fa3a89b845978
session_imsa_2025_daytona_rolex_24_race,imsa_2025_daytona_52_stint_001,car_imsa_2025_pr1_mathiasen_motorsports_52,52,LMP2,driver_ben_keating,Ben Keating,1,1,1,22,22,20,20,1,0,0,0,101.7525,101.7525,100.03,102.5676,-1.7465,-7.4115,24.176,47.325,29.9675,official_alkamel_time_cards_driver_stint,64c2452b244d1c2ecb1db01df0735b1a0f631db0d4e74397ed7fa3a89b845978
session_imsa_2025_daytona_rolex_24_race,imsa_2025_daytona_52_stint_002,car_imsa_2025_pr1_mathiasen_motorsports_52,52,LMP2,driver_rodrigo_sales,Rodrigo Sales,2,1,23,47,25,23,23,1,0,0,1,104.481,104.481,102.715,104.8047,1.32,-5.028,24.929,48.615,30.531,official_alkamel_time_cards_driver_stint,64c2452b244d1c2ecb1db01df0735b1a0f631db0d4e74397ed7fa3a89b845978
session_imsa_2025_daytona_rolex_24_race,imsa_2025_daytona_52_stint_003,car_imsa_2025_pr1_mathiasen_motorsports_52,52,LMP2,driver_rodrigo_sales,Rodrigo Sales,3,2,48,48,1,0,0,1,0,1,1,,,,,,,,,,official_alkamel_time_cards_driver_stint,64c2452b244d1c2ecb1db01df0735b1a0f631db0d4e74397ed7fa3a89b845978
session_imsa_2025_daytona_rolex_24_race,imsa_2025_daytona_52_stint_004,car_imsa_2025_pr1_mathiasen_motorsports_52,52,LMP2,driver_rodrigo_sales,Rodrigo Sales,4,3,49,72,24,22,22,1,0,1,2,103.43,103.43,102.144,103.3205,0.161,-6.276,24.6125,48.1455,30.3105,official_alkamel_time_cards_driver_stint,64c2452b244d1c2ecb1db01df0735b1a0f631db0d4e74397ed7fa3a89b845978
session_imsa_2025_daytona_rolex_24_race,imsa_2025_daytona_52_stint_005,car_imsa_2025_pr1_mathiasen_motorsports_52,52,LMP2,driver_rodrigo_sales,Rodrigo Sales,5,4,73,99,27,25,25,1,0,2,3,104.567,104.567,102.52,113.2157,1.921,-4.654,25.473,48.905,30.463,official_alkamel_time_cards_driver_stint,64c2452b244d1c2ecb1db01df0735b1a0f631db0d4e74397ed7fa3a89b845978
session_imsa_2025_daytona_rolex_24_race,imsa_2025_daytona_52_stint_006,car_imsa_2025_pr1_mathiasen_motorsports_52,52,LMP2,driver_benjamin_pedersen,Benjamin Pedersen,6,1,100,123,24,22,22,1,0,3,3,101.6735,101.6735,100.443,101.7558,-0.6615,-7.5475,24.32,47.6075,29.7105,official_alkamel_time_cards_driver_stint,64c2452b244d1c2ecb1db01df0735b1a0f631db0d4e74397ed7fa3a89b845978
session_imsa_2025_daytona_rolex_24_race,imsa_2025_daytona_52_stint_007,car_imsa_2025_pr1_mathiasen_motorsports_52,52,LMP2,driver_benjamin_pedersen,Benjamin Pedersen,7,2,124,137,14,12,12,1,0,3,4,102.315,102.315,101.329,,-0.429,-7.2195,24.3585,48.202,29.721,official_alkamel_time_cards_driver_stint,64c2452b244d1c2ecb1db01df0735b1a0f631db0d4e74397ed7fa3a89b845978
session_imsa_2025_daytona_rolex_24_race,imsa_2025_daytona_52_stint_008,car_imsa_2025_pr1_mathiasen_motorsports_52,52,LMP2,driver_mathias_beche,Mathias BECHE,8,1,138,141,4,2,2,1,0,4,4,150.434,150.434,123.671,,47.165,40.578,28.202,71.8295,50.4025,official_alkamel_time_cards_driver_stint,64c2452b244d1c2ecb1db01df0735b1a0f631db0d4e74397ed7fa3a89b845978
session_imsa_2025_daytona_rolex_24_race,imsa_2025_daytona_52_stint_009,car_imsa_2025_pr1_mathiasen_motorsports_52,52,LMP2,driver_mathias_beche,Mathias BECHE,9,2,142,165,24,22,22,1,0,4,5,100.786,100.786,99.767,101.0593,-1.8723,-9.07,23.9675,47.071,29.638,official_alkamel_time_cards_driver_stint,64c2452b244d1c2ecb1db01df0735b1a0f631db0d4e74397ed7fa3a89b845978
session_imsa_2025_daytona_rolex_24_race,imsa_2025_daytona_52_stint_010,car_imsa_2025_pr1_mathiasen_motorsports_52,52,LMP2,driver_mathias_beche,Mathias BECHE,10,3,166,184,19,17,17,1,0,5,5,102.094,102.094,101.055,,0.0295,-7.688,24.302,47.567,29.84,official_alkamel_time_cards_driver_stint,64c2452b244d1c2ecb1db01df0735b1a0f631db0d4e74397ed7fa3a89b845978
session_imsa_2025_daytona_rolex_24_race,imsa_2025_daytona_52_stint_011,car_imsa_2025_pr1_mathiasen_motorsports_52,52,LMP2,driver_mathias_beche,Mathias BECHE,11,4,185,205,21,19,19,1,0,5,6,101.577,101.577,100.105,,-0.075,-7.467,24.224,47.38,29.647,official_alkamel_time_cards_driver_stint,64c2452b244d1c2ecb1db01df0735b1a0f631db0d4e74397ed7fa3a89b845978
session_imsa_2025_daytona_rolex_24_race,imsa_2025_daytona_52_stint_012,car_imsa_2025_pr1_mathiasen_motorsports_52,52,LMP2,driver_rodrigo_sales,Rodrigo Sales,12,5,206,231,26,24,24,1,0,6,7,104.755,104.755,102.634,104.8636,2.844,-4.548,25.165,48.6295,30.7455,official_alkamel_time_cards_driver_stint,64c2452b244d1c2ecb1db01df0735b1a0f631db0d4e74397ed7fa3a89b845978
session_imsa_2025_daytona_rolex_24_race,imsa_2025_daytona_52_stint_013,car_imsa_2025_pr1_mathiasen_motorsports_52,52,LMP2,driver_rodrigo_sales,Rodrigo Sales,13,6,232,233,2,0,0,1,0,7,7,,,,,,,,,,official_alkamel_time_cards_driver_stint,64c2452b244d1c2ecb1db01df0735b1a0f631db0d4e74397ed7fa3a89b845978
session_imsa_2025_daytona_rolex_24_race,imsa_2025_daytona_52_stint_014,car_imsa_2025_pr1_mathiasen_motorsports_52,52,LMP2,driver_rodrigo_sales,Rodrigo Sales,14,7,234,235,2,0,0,1,0,7,7,,,,,,,,,,official_alkamel_time_cards_driver_stint,64c2452b244d1c2ecb1db01df0735b1a0f631db0d4e74397ed7fa3a89b845978
session_imsa_2025_daytona_rolex_24_race,imsa_2025_daytona_52_stint_015,car_imsa_2025_pr1_mathiasen_motorsports_52,52,LMP2,driver_rodrigo_sales,Rodrigo Sales,15,8,236,263,28,26,26,1,0,7,8,104.199,104.199,102.855,117.6586,2.2635,-4.9865,25.2755,48.1915,30.8595,official_alkamel_time_cards_driver_stint,64c2452b244d1c2ecb1db01df0735b1a0f631db0d4e74397ed7fa3a89b845978
session_imsa_2025_daytona_rolex_24_race,imsa_2025_daytona_52_stint_016,car_imsa_2025_pr1_mathiasen_motorsports_52,52,LMP2,driver_rodrigo_sales,Rodrigo Sales,16,9,264,277,14,12,12,1,0,8,8,103.8705,103.8705,103.088,,2.0535,-5.0675,24.8365,48.002,30.6205,official_alkamel_time_cards_driver_stint,64c2452b244d1c2ecb1db01df0735b1a0f631db0d4e74397ed7fa3a89b845978
session_imsa_2025_daytona_rolex_24_race,imsa_2025_daytona_52_stint_017,car_imsa_2025_pr1_mathiasen_motorsports_52,52,LMP2,driver_ben_keating,Ben Keating,17,2,278,301,24,22,22,1,0,8,9,102.055,102.055,101.094,101.9673,-0.6665,-7.608,24.301,47.5505,30.1035,official_alkamel_time_cards_driver_stint,64c2452b244d1c2ecb1db01df0735b1a0f631db0d4e74397ed7fa3a89b845978
session_imsa_2025_daytona_rolex_24_race,imsa_2025_daytona_52_stint_018,car_imsa_2025_pr1_mathiasen_motorsports_52,52,LMP2,driver_ben_keating,Ben Keating,18,3,302,326,25,23,23,1,0,9,10,106.606,106.606,101.954,122.5853,5.2265,-2.5875,26.035,48.404,34.358,official_alkamel_time_cards_driver_stint,64c2452b244d1c2ecb1db01df0735b1a0f631db0d4e74397ed7fa3a89b845978
session_imsa_2025_daytona_rolex_24_race,imsa_2025_daytona_52_stint_019,car_imsa_2025_pr1_mathiasen_motorsports_52,52,LMP2,driver_ben_keating,Ben Keating,19,4,327,347,21,19,19,1,0,10,11,102.163,102.163,101.117,,0.7835,-7.0225,24.193,47.576,30.129,official_alkamel_time_cards_driver_stint,64c2452b244d1c2ecb1db01df0735b1a0f631db0d4e74397ed7fa3a89b845978
session_imsa_2025_daytona_rolex_24_race,imsa_2025_daytona_52_stint_020,car_imsa_2025_pr1_mathiasen_motorsports_52,52,LMP2,driver_benjamin_pedersen,Benjamin Pedersen,20,3,348,371,24,22,22,1,0,11,11,101.397,101.397,100.243,101.3327,0.185,-7.4415,24.0645,47.2565,29.7995,official_alkamel_time_cards_driver_stint,64c2452b244d1c2ecb1db01df0735b1a0f631db0d4e74397ed7fa3a89b845978
session_imsa_2025_daytona_rolex_24_race,imsa_2025_daytona_52_stint_021,car_imsa_2025_pr1_mathiasen_motorsports_52,52,LMP2,driver_benjamin_pedersen,Benjamin Pedersen,21,4,372,383,12,10,10,1,0,11,12,102.1525,102.1525,101.46,,0.344,-7.245,24.377,47.5905,30.103,official_alkamel_time_cards_driver_stint,64c2452b244d1c2ecb1db01df0735b1a0f631db0d4e74397ed7fa3a89b845978
session_imsa_2025_daytona_rolex_24_race,imsa_2025_daytona_52_stint_022,car_imsa_2025_pr1_mathiasen_motorsports_52,52,LMP2,driver_mathias_beche,Mathias BECHE,22,5,384,386,3,1,1,1,0,12,12,166.664,166.664,166.664,,64.544,56.9925,26.876,84.815,54.973,official_alkamel_time_cards_driver_stint,64c2452b244d1c2ecb1db01df0735b1a0f631db0d4e74397ed7fa3a89b845978
session_imsa_2025_daytona_rolex_24_race,imsa_2025_daytona_52_stint_023,car_imsa_2025_pr1_mathiasen_motorsports_52,52,LMP2,driver_mathias_beche,Mathias BECHE,23,6,387,411,25,23,23,1,0,12,13,101.639,101.639,99.821,109.6545,-0.159,-7.7105,24.01,47.121,29.729,official_alkamel_time_cards_driver_stint,64c2452b244d1c2ecb1db01df0735b1a0f631db0d4e74397ed7fa3a89b845978
session_imsa_2025_daytona_rolex_24_race,imsa_2025_daytona_52_stint_024,car_imsa_2025_pr1_mathiasen_motorsports_52,52,LMP2,driver_mathias_beche,Mathias BECHE,24,7,412,437,26,24,24,1,0,13,14,101.9065,101.9065,100.426,106.0033,0.3295,-6.92,24.4285,47.7275,29.86,official_alkamel_time_cards_driver_stint,64c2452b244d1c2ecb1db01df0735b1a0f631db0d4e74397ed7fa3a89b845978
session_imsa_2025_daytona_rolex_24_race,imsa_2025_daytona_52_stint_025,car_imsa_2025_pr1_mathiasen_motorsports_52,52,LMP2,driver_ben_keating,Ben Keating,25,5,438,462,25,23,23,1,0,14,14,101.995,101.995,100.716,101.9383,0.748,-7.2405,24.355,47.325,30.03,official_alkamel_time_cards_driver_stint,64c2452b244d1c2ecb1db01df0735b1a0f631db0d4e74397ed7fa3a89b845978
session_imsa_2025_daytona_rolex_24_race,imsa_2025_daytona_52_stint_026,car_imsa_2025_pr1_mathiasen_motorsports_52,52,LMP2,driver_ben_keating,Ben Keating,26,6,463,483,21,19,19,1,0,14,15,102.462,102.462,100.862,,1.3305,-6.102,24.623,47.717,30.383,official_alkamel_time_cards_driver_stint,64c2452b244d1c2ecb1db01df0735b1a0f631db0d4e74397ed7fa3a89b845978
session_imsa_2025_daytona_rolex_24_race,imsa_2025_daytona_52_stint_027,car_imsa_2025_pr1_mathiasen_motorsports_52,52,LMP2,driver_benjamin_pedersen,Benjamin Pedersen,27,5,484,507,24,22,22,1,0,15,16,101.3675,101.3675,99.492,101.0414,0.236,-7.1525,24.1545,47.106,29.7795,official_alkamel_time_cards_driver_stint,64c2452b244d1c2ecb1db01df0735b1a0f631db0d4e74397ed7fa3a89b845978
session_imsa_2025_daytona_rolex_24_race,imsa_2025_daytona_52_stint_028,car_imsa_2025_pr1_mathiasen_motorsports_52,52,LMP2,driver_benjamin_pedersen,Benjamin Pedersen,28,6,508,531,24,22,22,1,0,16,16,102.008,102.008,101.549,102.0405,0.97,-6.47,24.389,47.511,29.955,official_alkamel_time_cards_driver_stint,64c2452b244d1c2ecb1db01df0735b1a0f631db0d4e74397ed7fa3a89b845978
session_imsa_2025_daytona_rolex_24_race,imsa_2025_daytona_52_stint_029,car_imsa_2025_pr1_mathiasen_motorsports_52,52,LMP2,driver_ben_keating,Ben Keating,29,7,532,555,24,22,22,1,0,16,17,101.841,101.841,100.2,101.7083,1.0355,-6.5005,24.3255,47.116,30.1805,official_alkamel_time_cards_driver_stint,64c2452b244d1c2ecb1db01df0735b1a0f631db0d4e74397ed7fa3a89b845978
session_imsa_2025_daytona_rolex_24_race,imsa_2025_daytona_52_stint_030,car_imsa_2025_pr1_mathiasen_motorsports_52,52,LMP2,driver_mathias_beche,Mathias BECHE,30,8,556,579,24,22,22,1,0,17,18,100.41,100.41,99.156,100.4283,-1.2495,-8.5955,23.9145,46.7025,29.534,official_alkamel_time_cards_driver_stint,64c2452b244d1c2ecb1db01df0735b1a0f631db0d4e74397ed7fa3a89b845978
session_imsa_2025_daytona_rolex_24_race,imsa_2025_daytona_52_stint_031,car_imsa_2025_pr1_mathiasen_motorsports_52,52,LMP2,driver_mathias_beche,Mathias BECHE,31,9,580,589,10,8,8,1,0,18,18,138.2385,138.2385,101.11,,33.6685,28.0435,27.5075,60.285,34.914,official_alkamel_time_cards_driver_stint,64c2452b244d1c2ecb1db01df0735b1a0f631db0d4e74397ed7fa3a89b845978
session_imsa_2025_daytona_rolex_24_race,imsa_2025_daytona_52_stint_032,car_imsa_2025_pr1_mathiasen_motorsports_52,52,LMP2,driver_mathias_beche,Mathias BECHE,32,10,590,614,25,23,23,1,0,18,19,100.538,100.538,99.743,108.0362,-0.494,-7.8075,24.04,46.981,29.548,official_alkamel_time_cards_driver_stint,64c2452b244d1c2ecb1db01df0735b1a0f631db0d4e74397ed7fa3a89b845978
session_imsa_2025_daytona_rolex_24_race,imsa_2025_daytona_52_stint_033,car_imsa_2025_pr1_mathiasen_motorsports_52,52,LMP2,driver_benjamin_pedersen,Benjamin Pedersen,33,7,615,638,24,22,22,1,0,19,20,100.7885,100.7885,99.796,100.609,-0.032,-7.6397,23.872,46.976,29.5705,official_alkamel_time_cards_driver_stint,64c2452b244d1c2ecb1db01df0735b1a0f631db0d4e74397ed7fa3a89b845978
session_imsa_2025_daytona_rolex_24_race,imsa_2025_daytona_52_stint_034,car_imsa_2025_pr1_mathiasen_motorsports_52,52,LMP2,driver_benjamin_pedersen,Benjamin Pedersen,34,8,639,662,24,22,22,1,0,20,20,101.1095,101.1095,100.092,100.9982,0.2715,-7.5065,24.0715,47.3395,29.4805,official_alkamel_time_cards_driver_stint,64c2452b244d1c2ecb1db01df0735b1a0f631db0d4e74397ed7fa3a89b845978
session_imsa_2025_daytona_rolex_24_race,imsa_2025_daytona_52_stint_035,car_imsa_2025_pr1_mathiasen_motorsports_52,52,LMP2,driver_mathias_beche,Mathias BECHE,35,11,663,686,24,22,22,1,0,20,21,100.86,100.86,99.697,100.9746,-0.6105,-7.965,24.1295,47.208,29.4955,official_alkamel_time_cards_driver_stint,64c2452b244d1c2ecb1db01df0735b1a0f631db0d4e74397ed7fa3a89b845978
session_imsa_2025_daytona_rolex_24_race,imsa_2025_daytona_52_stint_036,car_imsa_2025_pr1_mathiasen_motorsports_52,52,LMP2,driver_benjamin_pedersen,Benjamin Pedersen,36,9,687,701,15,13,13,1,0,21,21,101.118,101.118,99.89,,-0.387,-7.707,24.105,47.475,29.457,official_alkamel_time_cards_driver_stint,64c2452b244d1c2ecb1db01df0735b1a0f631db0d4e74397ed7fa3a89b845978
session_imsa_2025_daytona_rolex_24_race,imsa_2025_daytona_52_stint_037,car_imsa_2025_pr1_mathiasen_motorsports_52,52,LMP2,driver_benjamin_pedersen,Benjamin Pedersen,37,10,702,703,2,0,0,1,0,22,22,,,,,,,,,,official_alkamel_time_cards_driver_stint,64c2452b244d1c2ecb1db01df0735b1a0f631db0d4e74397ed7fa3a89b845978
session_imsa_2025_daytona_rolex_24_race,imsa_2025_daytona_52_stint_038,car_imsa_2025_pr1_mathiasen_motorsports_52,52,LMP2,driver_benjamin_pedersen,Benjamin Pedersen,38,11,704,725,22,20,20,1,0,22,22,101.0925,101.0925,99.972,108.186,-0.4345,-8.116,24.054,47.4015,29.586,official_alkamel_time_cards_driver_stint,64c2452b244d1c2ecb1db01df0735b1a0f631db0d4e74397ed7fa3a89b845978
session_imsa_2025_daytona_rolex_24_race,imsa_2025_daytona_52_stint_039,car_imsa_2025_pr1_mathiasen_motorsports_52,52,LMP2,driver_mathias_beche,Mathias BECHE,39,12,726,738,13,11,11,1,0,22,23,101.849,101.849,100.088,,0.322,-7.3595,24.016,47.763,29.595,official_alkamel_time_cards_driver_stint,64c2452b244d1c2ecb1db01df0735b1a0f631db0d4e74397ed7fa3a89b845978
session_imsa_2025_daytona_rolex_24_race,imsa_2025_daytona_52_stint_040,car_imsa_2025_pr1_mathiasen_motorsports_52,52,LMP2,driver_mathias_beche,Mathias BECHE,40,13,739,741,3,1,1,1,0,23,23,139.369,139.369,139.369,,36.4035,30.482,35.443,66.363,37.563,official_alkamel_time_cards_driver_stint,64c2452b244d1c2ecb1db01df0735b1a0f631db0d4e74397ed7fa3a89b845978
session_imsa_2025_daytona_rolex_24_race,imsa_2025_daytona_52_stint_041,car_imsa_2025_pr1_mathiasen_motorsports_52,52,LMP2,driver_mathias_beche,Mathias BECHE,41,14,742,751,10,8,8,1,0,23,23,100.003,100.003,99.766,,-2.9625,-8.884,23.709,46.874,29.4685,official_alkamel_time_cards_driver_stint,64c2452b244d1c2ecb1db01df0735b1a0f631db0d4e74397ed7fa3a89b845978
session_imsa_2025_daytona_rolex_24_race,imsa_2025_daytona_52_stint_042,car_imsa_2025_pr1_mathiasen_motorsports_52,52,LMP2,driver_mathias_beche,Mathias BECHE,42,15,752,752,1,0,0,1,0,23,23,,,,,,,,,,official_alkamel_time_cards_driver_stint,64c2452b244d1c2ecb1db01df0735b1a0f631db0d4e74397ed7fa3a89b845978
session_imsa_2025_daytona_rolex_24_race,imsa_2025_daytona_52_stint_043,car_imsa_2025_pr1_mathiasen_motorsports_52,52,LMP2,driver_mathias_beche,Mathias BECHE,43,16,753,764,12,11,11,0,0,23,24,102.562,102.562,100.932,,-0.4035,-6.325,24.498,47.861,29.962,official_alkamel_time_cards_driver_stint,64c2452b244d1c2ecb1db01df0735b1a0f631db0d4e74397ed7fa3a89b845978
session_imsa_2025_daytona_rolex_24_race,imsa_2025_daytona_73_stint_001,car_imsa_2025_pratt_miller_motorsports_73,73,LMP2,driver_chris_cumming,Chris Cumming,1,1,1,22,22,20,20,1,0,0,0,102.434,102.434,101.389,102.7266,-1.065,-6.73,24.5325,47.8095,30.0825,official_alkamel_time_cards_driver_stint,64c2452b244d1c2ecb1db01df0735b1a0f631db0d4e74397ed7fa3a89b845978
session_imsa_2025_daytona_rolex_24_race,imsa_2025_daytona_73_stint_002,car_imsa_2025_pratt_miller_motorsports_73,73,LMP2,driver_chris_cumming,Chris Cumming,2,2,23,46,24,22,22,1,0,0,1,104.5735,104.5735,102.769,104.4064,1.2265,-4.9925,25.237,48.566,30.402,official_alkamel_time_cards_driver_stint,64c2452b244d1c2ecb1db01df0735b1a0f631db0d4e74397ed7fa3a89b845978
session_imsa_2025_daytona_rolex_24_race,imsa_2025_daytona_73_stint_003,car_imsa_2025_pratt_miller_motorsports_73,73,LMP2,driver_james_roe,James Roe,3,1,47,70,24,22,22,1,0,1,2,103.0055,103.0055,101.271,102.8881,0.0235,-6.5605,24.516,48.089,30.0695,official_alkamel_time_cards_driver_stint,64c2452b244d1c2ecb1db01df0735b1a0f631db0d4e74397ed7fa3a89b845978
session_imsa_2025_daytona_rolex_24_race,imsa_2025_daytona_73_stint_004,car_imsa_2025_pratt_miller_motorsports_73,73,LMP2,driver_james_roe,James Roe,4,2,71,75,5,3,3,1,0,2,2,118.793,118.793,109.422,,15.103,8.9215,27.395,55.967,37.089,official_alkamel_time_cards_driver_stint,64c2452b244d1c2ecb1db01df0735b1a0f631db0d4e74397ed7fa3a89b845978
session_imsa_2025_daytona_rolex_24_race,imsa_2025_daytona_73_stint_005,car_imsa_2025_pratt_miller_motorsports_73,73,LMP2,driver_james_roe,James Roe,5,3,76,100,25,23,23,1,0,2,3,104.358,104.358,101.857,108.8194,0.746,-5.4355,25.025,48.477,30.364,official_alkamel_time_cards_driver_stint,64c2452b244d1c2ecb1db01df0735b1a0f631db0d4e74397ed7fa3a89b845978
session_imsa_2025_daytona_rolex_24_race,imsa_2025_daytona_73_stint_006,car_imsa_2025_pratt_miller_motorsports_73,73,LMP2,driver_chris_cumming,Chris Cumming,6,3,101,124,24,22,22,1,0,3,3,102.678,102.678,101.86,103.2822,0.343,-6.543,24.502,47.946,30.0295,official_alkamel_time_cards_driver_stint,64c2452b244d1c2ecb1db01df0735b1a0f631db0d4e74397ed7fa3a89b845978
session_imsa_2025_daytona_rolex_24_race,imsa_2025_daytona_73_stint_007,car_imsa_2025_pratt_miller_motorsports_73,73,LMP2,driver_chris_cumming,Chris Cumming,7,4,125,139,15,13,13,1,0,3,4,105.504,105.504,102.8,,2.477,-4.352,24.907,49.609,30.589,official_alkamel_time_cards_driver_stint,64c2452b244d1c2ecb1db01df0735b1a0f631db0d4e74397ed7fa3a89b845978
session_imsa_2025_daytona_rolex_24_race,imsa_2025_daytona_73_stint_008,car_imsa_2025_pratt_miller_motorsports_73,73,LMP2,driver_chris_cumming,Chris Cumming,8,5,140,141,2,0,0,1,0,4,4,,,,,,,,,,official_alkamel_time_cards_driver_stint,64c2452b244d1c2ecb1db01df0735b1a0f631db0d4e74397ed7fa3a89b845978
session_imsa_2025_daytona_rolex_24_race,imsa_2025_daytona_73_stint_009,car_imsa_2025_pratt_miller_motorsports_73,73,LMP2,driver_chris_cumming,Chris Cumming,9,6,142,162,21,19,19,1,0,4,5,104.192,104.192,103.104,,0.923,-5.664,24.998,48.735,30.391,official_alkamel_time_cards_driver_stint,64c2452b244d1c2ecb1db01df0735b1a0f631db0d4e74397ed7fa3a89b845978
session_imsa_2025_daytona_rolex_24_race,imsa_2025_daytona_73_stint_010,car_imsa_2025_pratt_miller_motorsports_73,73,LMP2,driver_callum_ilott,Callum Ilott,10,1,163,186,24,22,22,1,0,5,5,101.0325,101.0325,99.806,108.1117,-1.032,-8.7495,24.021,47.312,29.651,official_alkamel_time_cards_driver_stint,64c2452b244d1c2ecb1db01df0735b1a0f631db0d4e74397ed7fa3a89b845978
session_imsa_2025_daytona_rolex_24_race,imsa_2025_daytona_73_stint_011,car_imsa_2025_pratt_miller_motorsports_73,73,LMP2,driver_callum_ilott,Callum Ilott,11,2,187,210,24,22,22,1,0,5,6,101.437,101.437,100.484,101.5142,-0.215,-7.607,24.1515,47.3515,29.652,official_alkamel_time_cards_driver_stint,64c2452b244d1c2ecb1db01df0735b1a0f631db0d4e74397ed7fa3a89b845978
session_imsa_2025_daytona_rolex_24_race,imsa_2025_daytona_73_stint_012,car_imsa_2025_pratt_miller_motorsports_73,73,LMP2,driver_chris_cumming,Chris Cumming,12,7,211,234,24,22,22,1,0,6,7,104.5415,104.5415,102.503,106.6603,1.65,-5.742,24.9515,48.8695,30.5875,official_alkamel_time_cards_driver_stint,64c2452b244d1c2ecb1db01df0735b1a0f631db0d4e74397ed7fa3a89b845978
session_imsa_2025_daytona_rolex_24_race,imsa_2025_daytona_73_stint_013,car_imsa_2025_pratt_miller_motorsports_73,73,LMP2,driver_chris_cumming,Chris Cumming,13,8,235,239,5,4,4,0,0,7,7,131.302,131.302,109.075,,1.7995,-18.3485,28.0525,61.498,38.921,official_alkamel_time_cards_driver_stint,64c2452b244d1c2ecb1db01df0735b1a0f631db0d4e74397ed7fa3a89b845978
session_imsa_2025_daytona_rolex_24_race,imsa_2025_daytona_73_stint_014,car_imsa_2025_pratt_miller_motorsports_73,73,LMP2,driver_pietro_fittipaldi,Pietro Fittipaldi,14,1,240,258,19,18,18,1,0,9,10,104.67,104.67,99.473,,2.731,-4.6467,24.6035,47.4485,30.9755,official_alkamel_time_cards_driver_stint,64c2452b244d1c2ecb1db01df0735b1a0f631db0d4e74397ed7fa3a89b845978
session_imsa_2025_daytona_rolex_24_race,imsa_2025_daytona_73_stint_015,car_imsa_2025_pratt_miller_motorsports_73,73,LMP2,driver_pietro_fittipaldi,Pietro Fittipaldi,15,2,259,283,25,23,23,1,0,10,11,101.526,101.526,100.373,103.973,0.1465,-7.6675,24.179,47.247,29.843,official_alkamel_time_cards_driver_stint,64c2452b244d1c2ecb1db01df0735b1a0f631db0d4e74397ed7fa3a89b845978
session_imsa_2025_daytona_rolex_24_race,imsa_2025_daytona_73_stint_016,car_imsa_2025_pratt_miller_motorsports_73,73,LMP2,driver_james_roe,James Roe,16,4,284,307,24,22,22,1,0,11,11,102.2205,102.2205,100.585,102.4563,1.0085,-6.618,24.4375,47.6155,30.086,official_alkamel_time_cards_driver_stint,64c2452b244d1c2ecb1db01df0735b1a0f631db0d4e74397ed7fa3a89b845978
session_imsa_2025_daytona_rolex_24_race,imsa_2025_daytona_73_stint_017,car_imsa_2025_pratt_miller_motorsports_73,73,LMP2,driver_james_roe,James Roe,17,5,308,317,10,8,8,1,0,11,12,105.115,105.115,102.664,,2.995,-4.5565,25.065,48.2655,32.32,official_alkamel_time_cards_driver_stint,64c2452b244d1c2ecb1db01df0735b1a0f631db0d4e74397ed7fa3a89b845978
session_imsa_2025_daytona_rolex_24_race,imsa_2025_daytona_73_stint_018,car_imsa_2025_pratt_miller_motorsports_73,73,LMP2,driver_james_roe,James Roe,18,6,318,343,26,24,24,1,0,12,13,102.772,102.772,100.503,110.5981,0.9235,-6.3765,24.514,47.625,30.3555,official_alkamel_time_cards_driver_stint,64c2452b244d1c2ecb1db01df0735b1a0f631db0d4e74397ed7fa3a89b845978
session_imsa_2025_daytona_rolex_24_race,imsa_2025_daytona_73_stint_019,car_imsa_2025_pratt_miller_motorsports_73,73,LMP2,driver_pietro_fittipaldi,Pietro Fittipaldi,19,3,344,366,23,21,21,1,0,13,13,100.842,100.842,99.673,106.0818,-0.735,-7.9845,24.021,47.121,30.035,official_alkamel_time_cards_driver_stint,64c2452b244d1c2ecb1db01df0735b1a0f631db0d4e74397ed7fa3a89b845978
session_imsa_2025_daytona_rolex_24_race,imsa_2025_daytona_73_stint_020,car_imsa_2025_pratt_miller_motorsports_73,73,LMP2,driver_pietro_fittipaldi,Pietro Fittipaldi,20,4,367,391,25,23,23,1,0,13,14,101.151,101.151,99.377,105.3678,-0.096,-8.0845,24.14,47.256,30.021,official_alkamel_time_cards_driver_stint,64c2452b244d1c2ecb1db01df0735b1a0f631db0d4e74397ed7fa3a89b845978
session_imsa_2025_daytona_rolex_24_race,imsa_2025_daytona_73_stint_021,car_imsa_2025_pratt_miller_motorsports_73,73,LMP2,driver_james_roe,James Roe,21,7,392,415,24,22,22,1,0,14,15,101.3405,101.3405,100.427,101.8407,0.209,-7.2118,24.097,47.3225,29.9895,official_alkamel_time_cards_driver_stint,64c2452b244d1c2ecb1db01df0735b1a0f631db0d4e74397ed7fa3a89b845978
session_imsa_2025_daytona_rolex_24_race,imsa_2025_daytona_73_stint_022,car_imsa_2025_pratt_miller_motorsports_73,73,LMP2,driver_james_roe,James Roe,22,8,416,439,24,22,22,1,0,15,16,103.259,103.259,101.806,103.3612,2.1743,-5.24,24.6555,47.9185,30.318,official_alkamel_time_cards_driver_stint,64c2452b244d1c2ecb1db01df0735b1a0f631db0d4e74397ed7fa3a89b845978
session_imsa_2025_daytona_rolex_24_race,imsa_2025_daytona_73_stint_023,car_imsa_2025_pratt_miller_motorsports_73,73,LMP2,driver_callum_ilott,Callum Ilott,23,3,440,463,24,22,22,1,0,16,16,100.544,100.544,98.717,100.3488,-0.494,-7.934,23.6775,47.0175,29.448,official_alkamel_time_cards_driver_stint,64c2452b244d1c2ecb1db01df0735b1a0f631db0d4e74397ed7fa3a89b845978
session_imsa_2025_daytona_rolex_24_race,imsa_2025_daytona_73_stint_024,car_imsa_2025_pratt_miller_motorsports_73,73,LMP2,driver_callum_ilott,Callum Ilott,24,4,464,464,1,0,0,1,0,17,17,,,,,,,,,,official_alkamel_time_cards_driver_stint,64c2452b244d1c2ecb1db01df0735b1a0f631db0d4e74397ed7fa3a89b845978
session_imsa_2025_daytona_rolex_24_race,imsa_2025_daytona_73_stint_025,car_imsa_2025_pratt_miller_motorsports_73,73,LMP2,driver_callum_ilott,Callum Ilott,25,5,465,487,23,21,21,1,0,17,18,100.993,100.993,99.927,100.9548,0.263,-7.273,24.083,47.109,29.57,official_alkamel_time_cards_driver_stint,64c2452b244d1c2ecb1db01df0735b1a0f631db0d4e74397ed7fa3a89b845978
session_imsa_2025_daytona_rolex_24_race,imsa_2025_daytona_73_stint_026,car_imsa_2025_pratt_miller_motorsports_73,73,LMP2,driver_pietro_fittipaldi,Pietro Fittipaldi,26,5,488,499,12,10,10,1,0,18,18,100.7315,100.7315,99.165,,-3.8385,-9.4635,23.627,46.744,29.7295,official_alkamel_time_cards_driver_stint,64c2452b244d1c2ecb1db01df0735b1a0f631db0d4e74397ed7fa3a89b845978
session_imsa_2025_daytona_rolex_24_race,imsa_2025_daytona_73_stint_027,car_imsa_2025_pratt_miller_motorsports_73,73,LMP2,driver_pietro_fittipaldi,Pietro Fittipaldi,27,6,500,525,26,24,24,1,0,18,19,101.5965,101.5965,99.934,117.8836,0.442,-6.644,24.255,47.305,29.929,official_alkamel_time_cards_driver_stint,64c2452b244d1c2ecb1db01df0735b1a0f631db0d4e74397ed7fa3a89b845978
session_imsa_2025_daytona_rolex_24_race,imsa_2025_daytona_73_stint_028,car_imsa_2025_pratt_miller_motorsports_73,73,LMP2,driver_pietro_fittipaldi,Pietro Fittipaldi,28,7,526,549,24,22,22,1,0,19,20,101.3535,101.3535,100.371,101.6964,0.5505,-6.9445,24.137,47.361,29.614,official_alkamel_time_cards_driver_stint,64c2452b244d1c2ecb1db01df0735b1a0f631db0d4e74397ed7fa3a89b845978
session_imsa_2025_daytona_rolex_24_race,imsa_2025_daytona_73_stint_029,car_imsa_2025_pratt_miller_motorsports_73,73,LMP2,driver_callum_ilott,Callum Ilott,29,6,550,573,24,22,22,1,0,20,20,100.306,100.306,99.235,100.4926,-0.532,-8.31,23.821,47.0355,29.4325,official_alkamel_time_cards_driver_stint,64c2452b244d1c2ecb1db01df0735b1a0f631db0d4e74397ed7fa3a89b845978
session_imsa_2025_daytona_rolex_24_race,imsa_2025_daytona_73_stint_030,car_imsa_2025_pratt_miller_motorsports_73,73,LMP2,driver_callum_ilott,Callum Ilott,30,7,574,597,24,22,22,1,0,20,21,100.7125,100.7125,99.12,100.7345,-0.488,-8.0195,24.0735,47.281,29.399,official_alkamel_time_cards_driver_stint,64c2452b244d1c2ecb1db01df0735b1a0f631db0d4e74397ed7fa3a89b845978
session_imsa_2025_daytona_rolex_24_race,imsa_2025_daytona_73_stint_031,car_imsa_2025_pratt_miller_motorsports_73,73,LMP2,driver_callum_ilott,Callum Ilott,31,8,598,614,17,15,15,1,0,21,21,100.689,100.689,99.457,,-0.816,-8.136,23.832,47.341,29.841,official_alkamel_time_cards_driver_stint,64c2452b244d1c2ecb1db01df0735b1a0f631db0d4e74397ed7fa3a89b845978
session_imsa_2025_daytona_rolex_24_race,imsa_2025_daytona_73_stint_032,car_imsa_2025_pratt_miller_motorsports_73,73,LMP2,driver_pietro_fittipaldi,Pietro Fittipaldi,32,8,615,638,24,22,22,1,0,22,22,101.0955,101.0955,99.593,104.2886,-0.4315,-8.113,24.1085,47.2975,29.6985,official_alkamel_time_cards_driver_stint,64c2452b244d1c2ecb1db01df0735b1a0f631db0d4e74397ed7fa3a89b845978
session_imsa_2025_daytona_rolex_24_race,imsa_2025_daytona_73_stint_033,car_imsa_2025_pratt_miller_motorsports_73,73,LMP2,driver_pietro_fittipaldi,Pietro Fittipaldi,33,9,639,655,17,15,15,1,0,22,23,103.655,103.655,101.719,,2.128,-5.5535,25.385,48.515,31.512,official_alkamel_time_cards_driver_stint,64c2452b244d1c2ecb1db01df0735b1a0f631db0d4e74397ed7fa3a89b845978
session_imsa_2025_daytona_rolex_24_race,imsa_2025_daytona_73_stint_034,car_imsa_2025_pratt_miller_motorsports_73,73,LMP2,driver_callum_ilott,Callum Ilott,34,9,656,678,23,22,22,0,0,23,24,100.5355,100.5355,99.314,100.7824,-2.43,-8.3515,23.8815,47.159,29.425,official_alkamel_time_cards_driver_stint,64c2452b244d1c2ecb1db01df0735b1a0f631db0d4e74397ed7fa3a89b845978
session_imsa_2025_daytona_rolex_24_race,imsa_2025_daytona_20_stint_001,car_imsa_2025_proton_competition_20,20,GTDPRO,driver_thomas_preining,Thomas Preining,1,1,1,29,29,27,27,1,0,0,0,109.851,109.851,108.797,109.9197,0.318,0.687,25.903,51.309,32.482,official_alkamel_time_cards_driver_stint,64c2452b244d1c2ecb1db01df0735b1a0f631db0d4e74397ed7fa3a89b845978
session_imsa_2025_daytona_rolex_24_race,imsa_2025_daytona_20_stint_002,car_imsa_2025_proton_competition_20,20,GTDPRO,driver_claudio_schiavoni,Claudio Schiavoni,2,1,30,58,29,27,27,1,0,0,1,113.365,113.365,112.044,113.6877,3.484,3.799,26.47,52.615,33.999,official_alkamel_time_cards_driver_stint,64c2452b244d1c2ecb1db01df0735b1a0f631db0d4e74397ed7fa3a89b845978
session_imsa_2025_daytona_rolex_24_race,imsa_2025_daytona_20_stint_003,car_imsa_2025_proton_competition_20,20,GTDPRO,driver_richard_lietz,Richard Lietz,3,1,59,61,3,1,1,1,0,1,1,111.6,111.6,111.6,,1.719,2.034,25.683,53.108,32.809,official_alkamel_time_cards_driver_stint,64c2452b244d1c2ecb1db01df0735b1a0f631db0d4e74397ed7fa3a89b845978
session_imsa_2025_daytona_rolex_24_race,imsa_2025_daytona_20_stint_004,car_imsa_2025_proton_competition_20,20,GTDPRO,driver_richard_lietz,Richard Lietz,4,2,62,74,13,11,11,1,0,1,2,116.249,116.249,109.589,,6.392,6.3775,27.658,52.596,35.564,official_alkamel_time_cards_driver_stint,64c2452b244d1c2ecb1db01df0735b1a0f631db0d4e74397ed7fa3a89b845978
session_imsa_2025_daytona_rolex_24_race,imsa_2025_daytona_20_stint_005,car_imsa_2025_proton_competition_20,20,GTDPRO,driver_claudio_schiavoni,Claudio Schiavoni,5,2,75,103,29,27,27,1,0,2,3,112.836,112.836,111.427,112.6285,3.163,3.3215,26.432,52.303,33.923,official_alkamel_time_cards_driver_stint,64c2452b244d1c2ecb1db01df0735b1a0f631db0d4e74397ed7fa3a89b845978
session_imsa_2025_daytona_rolex_24_race,imsa_2025_daytona_20_stint_006,car_imsa_2025_proton_competition_20,20,GTDPRO,driver_claudio_schiavoni,Claudio Schiavoni,6,3,104,133,30,28,28,1,0,3,4,113.7335,113.7335,112.559,113.4724,4.043,4.4615,26.808,53.067,33.9375,official_alkamel_time_cards_driver_stint,64c2452b244d1c2ecb1db01df0735b1a0f631db0d4e74397ed7fa3a89b845978
session_imsa_2025_daytona_rolex_24_race,imsa_2025_daytona_20_stint_007,car_imsa_2025_proton_competition_20,20,GTDPRO,driver_richard_lietz,Richard Lietz,7,3,134,162,29,27,27,1,0,4,5,109.952,109.952,109.302,109.9594,0.139,0.146,25.864,51.178,32.799,official_alkamel_time_cards_driver_stint,64c2452b244d1c2ecb1db01df0735b1a0f631db0d4e74397ed7fa3a89b845978
session_imsa_2025_daytona_rolex_24_race,imsa_2025_daytona_20_stint_008,car_imsa_2025_proton_competition_20,20,GTDPRO,driver_richard_lietz,Richard Lietz,8,4,163,175,13,11,11,1,0,5,5,109.851,109.851,109.148,,-0.023,0.069,25.892,51.133,32.697,official_alkamel_time_cards_driver_stint,64c2452b244d1c2ecb1db01df0735b1a0f631db0d4e74397ed7fa3a89b845978
session_imsa_2025_daytona_rolex_24_race,imsa_2025_daytona_20_stint_009,car_imsa_2025_proton_competition_20,20,GTDPRO,driver_richard_lietz,Richard Lietz,9,5,176,177,2,0,0,1,0,5,5,,,,,,,,,,official_alkamel_time_cards_driver_stint,64c2452b244d1c2ecb1db01df0735b1a0f631db0d4e74397ed7fa3a89b845978
session_imsa_2025_daytona_rolex_24_race,imsa_2025_daytona_20_stint_010,car_imsa_2025_proton_competition_20,20,GTDPRO,driver_richard_lietz,Richard Lietz,10,6,178,183,6,4,4,1,0,5,6,127.7575,127.7575,110.153,,17.8835,18.0585,29.5565,61.826,34.2615,official_alkamel_time_cards_driver_stint,64c2452b244d1c2ecb1db01df0735b1a0f631db0d4e74397ed7fa3a89b845978
session_imsa_2025_daytona_rolex_24_race,imsa_2025_daytona_20_stint_011,car_imsa_2025_proton_competition_20,20,GTDPRO,driver_richard_lietz,Richard Lietz,11,7,184,205,22,20,20,1,0,6,6,109.9405,109.9405,109.526,110.0115,0.3995,0.8965,25.8275,51.286,32.7605,official_alkamel_time_cards_driver_stint,64c2452b244d1c2ecb1db01df0735b1a0f631db0d4e74397ed7fa3a89b845978
session_imsa_2025_daytona_rolex_24_race,imsa_2025_daytona_20_stint_012,car_imsa_2025_proton_competition_20,20,GTDPRO,driver_thomas_preining,Thomas Preining,12,2,206,223,18,16,16,1,0,6,7,109.4165,109.4165,108.483,,-4.1975,-9.527,25.5985,51.0535,32.751,official_alkamel_time_cards_driver_stint,64c2452b244d1c2ecb1db01df0735b1a0f631db0d4e74397ed7fa3a89b845978
session_imsa_2025_daytona_rolex_24_race,imsa_2025_daytona_20_stint_013,car_imsa_2025_proton_competition_20,20,GTDPRO,driver_thomas_preining,Thomas Preining,13,3,224,257,34,32,32,1,0,7,8,109.4655,109.4655,108.597,109.2135,0.1485,0.3435,25.904,51.0945,32.509,official_alkamel_time_cards_driver_stint,64c2452b244d1c2ecb1db01df0735b1a0f631db0d4e74397ed7fa3a89b845978
session_imsa_2025_daytona_rolex_24_race,imsa_2025_daytona_20_stint_014,car_imsa_2025_proton_competition_20,20,GTDPRO,driver_matteo_cressoni,Matteo Cressoni,14,1,258,286,29,27,27,1,0,8,9,109.789,109.789,108.513,109.6203,0.13,0.284,25.794,51.112,32.726,official_alkamel_time_cards_driver_stint,64c2452b244d1c2ecb1db01df0735b1a0f631db0d4e74397ed7fa3a89b845978
session_imsa_2025_daytona_rolex_24_race,imsa_2025_daytona_20_stint_015,car_imsa_2025_proton_competition_20,20,GTDPRO,driver_matteo_cressoni,Matteo Cressoni,15,2,287,292,6,4,4,1,0,9,9,160.441,160.441,110.599,,50.704,50.751,31.373,73.8735,53.746,official_alkamel_time_cards_driver_stint,64c2452b244d1c2ecb1db01df0735b1a0f631db0d4e74397ed7fa3a89b845978
session_imsa_2025_daytona_rolex_24_race,imsa_2025_daytona_20_stint_016,car_imsa_2025_proton_competition_20,20,GTDPRO,driver_matteo_cressoni,Matteo Cressoni,16,3,293,311,19,17,17,1,0,9,10,111.408,111.408,109.353,,2.138,2.2145,26.432,52.102,33.232,official_alkamel_time_cards_driver_stint,64c2452b244d1c2ecb1db01df0735b1a0f631db0d4e74397ed7fa3a89b845978
session_imsa_2025_daytona_rolex_24_race,imsa_2025_daytona_20_stint_017,car_imsa_2025_proton_competition_20,20,GTDPRO,driver_richard_lietz,Richard Lietz,17,8,312,340,29,27,27,1,0,10,11,109.409,109.409,108.411,109.348,0.149,0.4215,25.742,50.975,32.662,official_alkamel_time_cards_driver_stint,64c2452b244d1c2ecb1db01df0735b1a0f631db0d4e74397ed7fa3a89b845978
session_imsa_2025_daytona_rolex_24_race,imsa_2025_daytona_20_stint_018,car_imsa_2025_proton_competition_20,20,GTDPRO,driver_richard_lietz,Richard Lietz,18,9,341,366,26,24,24,1,0,11,12,109.895,109.895,109.099,109.7744,0.58,0.9335,25.8705,51.236,32.7815,official_alkamel_time_cards_driver_stint,64c2452b244d1c2ecb1db01df0735b1a0f631db0d4e74397ed7fa3a89b845978
session_imsa_2025_daytona_rolex_24_race,imsa_2025_daytona_20_stint_019,car_imsa_2025_proton_competition_20,20,GTDPRO,driver_thomas_preining,Thomas Preining,19,4,367,397,31,29,29,1,0,12,13,108.532,108.532,108.018,108.4002,-0.605,-0.4205,25.321,50.731,32.451,official_alkamel_time_cards_driver_stint,64c2452b244d1c2ecb1db01df0735b1a0f631db0d4e74397ed7fa3a89b845978
session_imsa_2025_daytona_rolex_24_race,imsa_2025_daytona_20_stint_020,car_imsa_2025_proton_competition_20,20,GTDPRO,driver_thomas_preining,Thomas Preining,20,5,398,414,17,15,15,1,0,13,13,108.531,108.531,107.888,,-0.48,-0.2955,25.391,50.81,32.439,official_alkamel_time_cards_driver_stint,64c2452b244d1c2ecb1db01df0735b1a0f631db0d4e74397ed7fa3a89b845978
session_imsa_2025_daytona_rolex_24_race,imsa_2025_daytona_20_stint_021,car_imsa_2025_proton_competition_20,20,GTDPRO,driver_thomas_preining,Thomas Preining,21,6,415,444,30,28,28,1,0,14,14,109.5215,109.5215,108.73,109.4125,0.0145,0.286,25.9785,51.0535,32.481,official_alkamel_time_cards_driver_stint,64c2452b244d1c2ecb1db01df0735b1a0f631db0d4e74397ed7fa3a89b845978
session_imsa_2025_daytona_rolex_24_race,imsa_2025_daytona_20_stint_022,car_imsa_2025_proton_competition_20,20,GTDPRO,driver_matteo_cressoni,Matteo Cressoni,22,4,445,473,29,27,27,1,0,15,15,109.806,109.806,108.522,109.5862,0.6495,1.286,25.772,51.088,32.868,official_alkamel_time_cards_driver_stint,64c2452b244d1c2ecb1db01df0735b1a0f631db0d4e74397ed7fa3a89b845978
session_imsa_2025_daytona_rolex_24_race,imsa_2025_daytona_20_stint_023,car_imsa_2025_proton_competition_20,20,GTDPRO,driver_matteo_cressoni,Matteo Cressoni,23,5,474,502,29,27,27,1,0,15,16,109.614,109.614,108.478,109.4548,0.609,1.136,25.885,51.037,32.834,official_alkamel_time_cards_driver_stint,64c2452b244d1c2ecb1db01df0735b1a0f631db0d4e74397ed7fa3a89b845978
session_imsa_2025_daytona_rolex_24_race,imsa_2025_daytona_20_stint_024,car_imsa_2025_proton_competition_20,20,GTDPRO,driver_richard_lietz,Richard Lietz,24,10,503,505,3,1,1,1,0,16,16,111.985,111.985,111.985,,2.98,3.507,26.849,52.197,32.939,official_alkamel_time_cards_driver_stint,64c2452b244d1c2ecb1db01df0735b1a0f631db0d4e74397ed7fa3a89b845978
session_imsa_2025_daytona_rolex_24_race,imsa_2025_daytona_20_stint_025,car_imsa_2025_proton_competition_20,20,GTDPRO,driver_richard_lietz,Richard Lietz,25,11,506,534,29,27,27,1,0,16,17,109.603,109.603,108.36,109.2743,0.565,1.337,25.766,51.101,32.687,official_alkamel_time_cards_driver_stint,64c2452b244d1c2ecb1db01df0735b1a0f631db0d4e74397ed7fa3a89b845978
session_imsa_2025_daytona_rolex_24_race,imsa_2025_daytona_20_stint_026,car_imsa_2025_proton_competition_20,20,GTDPRO,driver_richard_lietz,Richard Lietz,26,12,535,543,9,7,7,1,0,17,18,108.671,108.671,107.781,,-0.87,-0.098,25.243,50.651,32.583,official_alkamel_time_cards_driver_stint,64c2452b244d1c2ecb1db01df0735b1a0f631db0d4e74397ed7fa3a89b845978
session_imsa_2025_daytona_rolex_24_race,imsa_2025_daytona_20_stint_027,car_imsa_2025_proton_competition_20,20,GTDPRO,driver_richard_lietz,Richard Lietz,27,13,544,557,14,12,12,1,0,18,18,113.4185,113.4185,109.509,,3.1975,3.2235,26.7765,53.0895,33.6375,official_alkamel_time_cards_driver_stint,64c2452b244d1c2ecb1db01df0735b1a0f631db0d4e74397ed7fa3a89b845978
session_imsa_2025_daytona_rolex_24_race,imsa_2025_daytona_20_stint_028,car_imsa_2025_proton_competition_20,20,GTDPRO,driver_thomas_preining,Thomas Preining,28,7,558,566,9,7,7,1,0,18,18,152.958,152.958,111.355,,42.737,42.763,28.631,68.203,39.467,official_alkamel_time_cards_driver_stint,64c2452b244d1c2ecb1db01df0735b1a0f631db0d4e74397ed7fa3a89b845978
session_imsa_2025_daytona_rolex_24_race,imsa_2025_daytona_20_stint_029,car_imsa_2025_proton_competition_20,20,GTDPRO,driver_thomas_preining,Thomas Preining,29,8,567,567,1,0,0,1,0,19,19,,,,,,,,,,official_alkamel_time_cards_driver_stint,64c2452b244d1c2ecb1db01df0735b1a0f631db0d4e74397ed7fa3a89b845978
session_imsa_2025_daytona_rolex_24_race,imsa_2025_daytona_20_stint_030,car_imsa_2025_proton_competition_20,20,GTDPRO,driver_thomas_preining,Thomas Preining,30,9,568,579,12,10,10,1,0,19,19,109.3115,109.3115,108.94,,0.254,1.071,25.6285,51.0675,32.6095,official_alkamel_time_cards_driver_stint,64c2452b244d1c2ecb1db01df0735b1a0f631db0d4e74397ed7fa3a89b845978
session_imsa_2025_daytona_rolex_24_race,imsa_2025_daytona_20_stint_031,car_imsa_2025_proton_competition_20,20,GTDPRO,driver_thomas_preining,Thomas Preining,31,10,580,607,28,26,26,1,0,19,20,109.46,109.46,108.147,109.1011,0.1258,0.899,25.728,51.109,32.477,official_alkamel_time_cards_driver_stint,64c2452b244d1c2ecb1db01df0735b1a0f631db0d4e74397ed7fa3a89b845978
session_imsa_2025_daytona_rolex_24_race,imsa_2025_daytona_20_stint_032,car_imsa_2025_proton_competition_20,20,GTDPRO,driver_matteo_cressoni,Matteo Cressoni,32,6,608,636,29,27,27,1,0,20,21,109.62,109.62,109.074,109.6268,0.253,0.923,25.796,51.186,32.635,official_alkamel_time_cards_driver_stint,64c2452b244d1c2ecb1db01df0735b1a0f631db0d4e74397ed7fa3a89b845978
session_imsa_2025_daytona_rolex_24_race,imsa_2025_daytona_20_stint_033,car_imsa_2025_proton_competition_20,20,GTDPRO,driver_matteo_cressoni,Matteo Cressoni,33,7,637,660,24,22,22,1,0,21,22,109.6595,109.6595,109.223,112.6197,0.2265,0.8345,25.843,51.3115,32.6155,official_alkamel_time_cards_driver_stint,64c2452b244d1c2ecb1db01df0735b1a0f631db0d4e74397ed7fa3a89b845978
session_imsa_2025_daytona_rolex_24_race,imsa_2025_daytona_20_stint_034,car_imsa_2025_proton_competition_20,20,GTDPRO,driver_richard_lietz,Richard Lietz,34,14,661,694,34,32,32,1,0,22,23,110.1005,110.1005,108.918,110.0814,0.3925,0.892,26.2095,51.5405,32.4375,official_alkamel_time_cards_driver_stint,64c2452b244d1c2ecb1db01df0735b1a0f631db0d4e74397ed7fa3a89b845978
session_imsa_2025_daytona_rolex_24_race,imsa_2025_daytona_20_stint_035,car_imsa_2025_proton_competition_20,20,GTDPRO,driver_thomas_preining,Thomas Preining,35,11,695,719,25,24,24,0,0,23,24,109.6495,109.6495,108.46,109.5854,0.1778,0.712,25.9835,51.144,32.46,official_alkamel_time_cards_driver_stint,64c2452b244d1c2ecb1db01df0735b1a0f631db0d4e74397ed7fa3a89b845978
session_imsa_2025_daytona_rolex_24_race,imsa_2025_daytona_5_stint_001,car_imsa_2025_proton_competition_5,5,GTP,driver_neel_jani,Neel Jani,1,1,1,29,29,27,27,1,0,0,0,98.566,98.566,97.036,98.8957,-0.337,-10.598,24.113,45.884,28.597,official_alkamel_time_cards_driver_stint,64c2452b244d1c2ecb1db01df0735b1a0f631db0d4e74397ed7fa3a89b845978
session_imsa_2025_daytona_rolex_24_race,imsa_2025_daytona_5_stint_002,car_imsa_2025_proton_competition_5,5,GTP,driver_neel_jani,Neel Jani,2,2,30,58,29,27,27,1,0,0,1,99.377,99.377,98.459,99.4604,0.184,-10.125,24.206,46.135,28.839,official_alkamel_time_cards_driver_stint,64c2452b244d1c2ecb1db01df0735b1a0f631db0d4e74397ed7fa3a89b845978
session_imsa_2025_daytona_rolex_24_race,imsa_2025_daytona_5_stint_003,car_imsa_2025_proton_competition_5,5,GTP,driver_julien_andlauer,Julien Andlauer,3,1,59,78,20,18,18,1,0,1,2,98.5765,98.5765,97.442,,-0.802,-11.2225,24.1605,45.944,28.393,official_alkamel_time_cards_driver_stint,64c2452b244d1c2ecb1db01df0735b1a0f631db0d4e74397ed7fa3a89b845978
session_imsa_2025_daytona_rolex_24_race,imsa_2025_daytona_5_stint_004,car_imsa_2025_proton_competition_5,5,GTP,driver_julien_andlauer,Julien Andlauer,4,2,79,109,31,29,29,1,0,2,3,99.123,99.123,97.99,99.1857,-0.262,-10.6825,24.252,46.097,28.809,official_alkamel_time_cards_driver_stint,64c2452b244d1c2ecb1db01df0735b1a0f631db0d4e74397ed7fa3a89b845978
session_imsa_2025_daytona_rolex_24_race,imsa_2025_daytona_5_stint_005,car_imsa_2025_proton_competition_5,5,GTP,driver_nico_pino,Nico Pino,5,1,110,138,29,27,27,1,0,3,4,99.388,99.388,98.075,99.2343,0.35,-9.976,24.334,46.362,28.599,official_alkamel_time_cards_driver_stint,64c2452b244d1c2ecb1db01df0735b1a0f631db0d4e74397ed7fa3a89b845978
session_imsa_2025_daytona_rolex_24_race,imsa_2025_daytona_5_stint_006,car_imsa_2025_proton_competition_5,5,GTP,driver_nico_pino,Nico Pino,6,2,139,172,34,32,32,1,0,4,5,100.038,100.038,98.288,99.5717,0.5145,-9.781,24.655,46.4425,28.843,official_alkamel_time_cards_driver_stint,64c2452b244d1c2ecb1db01df0735b1a0f631db0d4e74397ed7fa3a89b845978
session_imsa_2025_daytona_rolex_24_race,imsa_2025_daytona_5_stint_007,car_imsa_2025_proton_competition_5,5,GTP,driver_tristan_vautier,Tristan Vautier,7,1,173,190,18,16,16,1,0,5,5,99.204,99.204,97.678,,-0.345,-10.578,23.9415,46.3515,28.8925,official_alkamel_time_cards_driver_stint,64c2452b244d1c2ecb1db01df0735b1a0f631db0d4e74397ed7fa3a89b845978
session_imsa_2025_daytona_rolex_24_race,imsa_2025_daytona_5_stint_008,car_imsa_2025_proton_competition_5,5,GTP,driver_tristan_vautier,Tristan Vautier,8,2,191,221,31,29,29,1,0,5,6,99.274,99.274,98.056,99.1936,0.21,-9.77,24.2,46.139,28.824,official_alkamel_time_cards_driver_stint,64c2452b244d1c2ecb1db01df0735b1a0f631db0d4e74397ed7fa3a89b845978
session_imsa_2025_daytona_rolex_24_race,imsa_2025_daytona_5_stint_009,car_imsa_2025_proton_competition_5,5,GTP,driver_neel_jani,Neel Jani,9,3,222,240,19,17,17,1,0,6,7,99.123,99.123,98.012,,-0.148,-10.128,24.255,46.28,28.73,official_alkamel_time_cards_driver_stint,64c2452b244d1c2ecb1db01df0735b1a0f631db0d4e74397ed7fa3a89b845978
session_imsa_2025_daytona_rolex_24_race,imsa_2025_daytona_5_stint_010,car_imsa_2025_proton_competition_5,5,GTP,driver_neel_jani,Neel Jani,10,4,241,257,17,15,15,1,0,7,8,167.953,167.953,99.499,,7.839,18.3025,36.839,76.742,53.73,official_alkamel_time_cards_driver_stint,64c2452b244d1c2ecb1db01df0735b1a0f631db0d4e74397ed7fa3a89b845978
session_imsa_2025_daytona_rolex_24_race,imsa_2025_daytona_5_stint_011,car_imsa_2025_proton_competition_5,5,GTP,driver_neel_jani,Neel Jani,11,5,258,276,19,17,17,1,0,8,8,98.707,98.707,97.541,,-0.058,-10.231,24.021,45.758,28.665,official_alkamel_time_cards_driver_stint,64c2452b244d1c2ecb1db01df0735b1a0f631db0d4e74397ed7fa3a89b845978
session_imsa_2025_daytona_rolex_24_race,imsa_2025_daytona_5_stint_012,car_imsa_2025_proton_competition_5,5,GTP,driver_julien_andlauer,Julien Andlauer,12,3,277,305,29,27,27,1,0,8,9,98.994,98.994,97.801,98.9775,-0.292,-10.465,24.325,45.889,28.599,official_alkamel_time_cards_driver_stint,64c2452b244d1c2ecb1db01df0735b1a0f631db0d4e74397ed7fa3a89b845978
session_imsa_2025_daytona_rolex_24_race,imsa_2025_daytona_5_stint_013,car_imsa_2025_proton_competition_5,5,GTP,driver_julien_andlauer,Julien Andlauer,13,4,306,315,10,8,8,1,0,9,9,99.2595,99.2595,98.559,,-0.2585,-10.4305,24.4965,46.003,28.699,official_alkamel_time_cards_driver_stint,64c2452b244d1c2ecb1db01df0735b1a0f631db0d4e74397ed7fa3a89b845978
session_imsa_2025_daytona_rolex_24_race,imsa_2025_daytona_5_stint_014,car_imsa_2025_proton_competition_5,5,GTP,driver_julien_andlauer,Julien Andlauer,14,5,316,335,20,18,18,1,0,9,10,100.0405,100.0405,97.232,,1.18,-9.153,24.6685,46.369,28.849,official_alkamel_time_cards_driver_stint,64c2452b244d1c2ecb1db01df0735b1a0f631db0d4e74397ed7fa3a89b845978
session_imsa_2025_daytona_rolex_24_race,imsa_2025_daytona_5_stint_015,car_imsa_2025_proton_competition_5,5,GTP,driver_nico_pino,Nico Pino,15,3,336,352,17,16,16,0,0,10,10,99.066,99.066,97.915,,0.2055,-10.1275,24.1955,45.9405,28.846,official_alkamel_time_cards_driver_stint,64c2452b244d1c2ecb1db01df0735b1a0f631db0d4e74397ed7fa3a89b845978
session_imsa_2025_daytona_rolex_24_race,imsa_2025_daytona_74_stint_001,car_imsa_2025_riley_74,74,LMP2,driver_gar_robinson,Gar Robinson,1,1,1,22,22,20,20,1,0,0,0,103.405,103.405,101.832,103.703,-0.094,-5.759,24.7825,48.2415,30.2915,official_alkamel_time_cards_driver_stint,64c2452b244d1c2ecb1db01df0735b1a0f631db0d4e74397ed7fa3a89b845978
session_imsa_2025_daytona_rolex_24_race,imsa_2025_daytona_74_stint_002,car_imsa_2025_riley_74,74,LMP2,driver_gar_robinson,Gar Robinson,2,2,23,45,23,21,21,1,0,0,1,103.989,103.989,102.904,104.2349,0.996,-5.492,24.8,48.611,30.452,official_alkamel_time_cards_driver_stint,64c2452b244d1c2ecb1db01df0735b1a0f631db0d4e74397ed7fa3a89b845978
session_imsa_2025_daytona_rolex_24_race,imsa_2025_daytona_74_stint_003,car_imsa_2025_riley_74,74,LMP2,driver_gar_robinson,Gar Robinson,3,3,46,68,23,21,21,1,0,1,2,103.197,103.197,102.152,103.4872,0.215,-6.369,24.653,48.223,30.353,official_alkamel_time_cards_driver_stint,64c2452b244d1c2ecb1db01df0735b1a0f631db0d4e74397ed7fa3a89b845978
session_imsa_2025_daytona_rolex_24_race,imsa_2025_daytona_74_stint_004,car_imsa_2025_riley_74,74,LMP2,driver_gar_robinson,Gar Robinson,4,4,69,77,9,7,7,1,0,2,2,158.814,158.814,103.539,,55.124,48.9425,29.177,77.12,47.256,official_alkamel_time_cards_driver_stint,64c2452b244d1c2ecb1db01df0735b1a0f631db0d4e74397ed7fa3a89b845978
session_imsa_2025_daytona_rolex_24_race,imsa_2025_daytona_74_stint_005,car_imsa_2025_riley_74,74,LMP2,driver_gar_robinson,Gar Robinson,5,5,78,101,24,22,22,1,0,2,3,103.9885,103.9885,102.641,104.0731,0.408,-5.883,24.7485,48.433,30.5235,official_alkamel_time_cards_driver_stint,64c2452b244d1c2ecb1db01df0735b1a0f631db0d4e74397ed7fa3a89b845978
session_imsa_2025_daytona_rolex_24_race,imsa_2025_daytona_74_stint_006,car_imsa_2025_riley_74,74,LMP2,driver_gar_robinson,Gar Robinson,6,6,102,124,23,21,21,1,0,3,3,102.967,102.967,101.689,102.864,0.632,-6.254,24.376,48.031,30.2,official_alkamel_time_cards_driver_stint,64c2452b244d1c2ecb1db01df0735b1a0f631db0d4e74397ed7fa3a89b845978
session_imsa_2025_daytona_rolex_24_race,imsa_2025_daytona_74_stint_007,car_imsa_2025_riley_74,74,LMP2,driver_felipe_massa,Felipe Massa,7,1,125,140,16,14,14,1,0,3,4,102.6775,102.6775,100.824,,0.284,-6.602,24.687,47.945,30.502,official_alkamel_time_cards_driver_stint,64c2452b244d1c2ecb1db01df0735b1a0f631db0d4e74397ed7fa3a89b845978
session_imsa_2025_daytona_rolex_24_race,imsa_2025_daytona_74_stint_008,car_imsa_2025_riley_74,74,LMP2,driver_felipe_massa,Felipe Massa,8,2,141,163,23,21,21,1,0,4,5,100.974,100.974,99.81,101.4959,-2.127,-8.882,24.001,47.07,29.664,official_alkamel_time_cards_driver_stint,64c2452b244d1c2ecb1db01df0735b1a0f631db0d4e74397ed7fa3a89b845978
session_imsa_2025_daytona_rolex_24_race,imsa_2025_daytona_74_stint_009,car_imsa_2025_riley_74,74,LMP2,driver_felipe_fraga,Felipe Fraga,9,1,164,184,21,19,19,1,0,5,5,102.018,102.018,100.813,,-0.0465,-7.764,24.346,47.638,29.879,official_alkamel_time_cards_driver_stint,64c2452b244d1c2ecb1db01df0735b1a0f631db0d4e74397ed7fa3a89b845978
session_imsa_2025_daytona_rolex_24_race,imsa_2025_daytona_74_stint_010,car_imsa_2025_riley_74,74,LMP2,driver_felipe_fraga,Felipe Fraga,10,2,185,208,24,22,22,1,0,5,6,101.226,101.226,99.487,106.9862,-0.426,-7.818,24.1505,47.2945,29.7415,official_alkamel_time_cards_driver_stint,64c2452b244d1c2ecb1db01df0735b1a0f631db0d4e74397ed7fa3a89b845978
session_imsa_2025_daytona_rolex_24_race,imsa_2025_daytona_74_stint_011,car_imsa_2025_riley_74,74,LMP2,driver_gar_robinson,Gar Robinson,11,7,209,233,25,23,23,1,0,6,7,103.877,103.877,103.029,104.2585,2.137,-5.336,24.865,48.458,30.639,official_alkamel_time_cards_driver_stint,64c2452b244d1c2ecb1db01df0735b1a0f631db0d4e74397ed7fa3a89b845978
session_imsa_2025_daytona_rolex_24_race,imsa_2025_daytona_74_stint_012,car_imsa_2025_riley_74,74,LMP2,driver_gar_robinson,Gar Robinson,12,8,234,234,1,0,0,1,0,7,7,,,,,,,,,,official_alkamel_time_cards_driver_stint,64c2452b244d1c2ecb1db01df0735b1a0f631db0d4e74397ed7fa3a89b845978
session_imsa_2025_daytona_rolex_24_race,imsa_2025_daytona_74_stint_013,car_imsa_2025_riley_74,74,LMP2,driver_gar_robinson,Gar Robinson,13,9,235,237,3,1,1,1,0,7,7,114.744,114.744,114.744,,-14.7585,-34.9065,28.617,52.804,33.323,official_alkamel_time_cards_driver_stint,64c2452b244d1c2ecb1db01df0735b1a0f631db0d4e74397ed7fa3a89b845978
session_imsa_2025_daytona_rolex_24_race,imsa_2025_daytona_74_stint_014,car_imsa_2025_riley_74,74,LMP2,driver_josh_burdon,Josh Burdon,14,1,238,248,11,9,9,1,0,7,7,174.989,174.989,106.158,,45.4865,25.3385,43.769,74.6,53.097,official_alkamel_time_cards_driver_stint,64c2452b244d1c2ecb1db01df0735b1a0f631db0d4e74397ed7fa3a89b845978
session_imsa_2025_daytona_rolex_24_race,imsa_2025_daytona_74_stint_015,car_imsa_2025_riley_74,74,LMP2,driver_josh_burdon,Josh Burdon,15,2,249,264,16,14,14,1,0,7,8,100.6335,100.6335,99.864,,-1.1835,-8.3045,23.8125,46.846,29.6815,official_alkamel_time_cards_driver_stint,64c2452b244d1c2ecb1db01df0735b1a0f631db0d4e74397ed7fa3a89b845978
session_imsa_2025_daytona_rolex_24_race,imsa_2025_daytona_74_stint_016,car_imsa_2025_riley_74,74,LMP2,driver_josh_burdon,Josh Burdon,16,3,265,287,23,21,21,1,0,8,9,101.998,101.998,100.771,101.9962,0.05,-7.071,24.281,47.447,29.929,official_alkamel_time_cards_driver_stint,64c2452b244d1c2ecb1db01df0735b1a0f631db0d4e74397ed7fa3a89b845978
session_imsa_2025_daytona_rolex_24_race,imsa_2025_daytona_74_stint_017,car_imsa_2025_riley_74,74,LMP2,driver_josh_burdon,Josh Burdon,17,4,288,308,21,19,19,1,0,9,9,101.616,101.616,100.355,,-1.1325,-8.074,24.196,47.41,29.876,official_alkamel_time_cards_driver_stint,64c2452b244d1c2ecb1db01df0735b1a0f631db0d4e74397ed7fa3a89b845978
session_imsa_2025_daytona_rolex_24_race,imsa_2025_daytona_74_stint_018,car_imsa_2025_riley_74,74,LMP2,driver_josh_burdon,Josh Burdon,18,5,309,310,2,0,0,1,0,9,9,,,,,,,,,,official_alkamel_time_cards_driver_stint,64c2452b244d1c2ecb1db01df0735b1a0f631db0d4e74397ed7fa3a89b845978
session_imsa_2025_daytona_rolex_24_race,imsa_2025_daytona_74_stint_019,car_imsa_2025_riley_74,74,LMP2,driver_josh_burdon,Josh Burdon,19,6,311,326,16,14,14,1,0,9,10,101.162,101.162,100.638,,-0.2175,-8.0315,24.009,47.2555,29.871,official_alkamel_time_cards_driver_stint,64c2452b244d1c2ecb1db01df0735b1a0f631db0d4e74397ed7fa3a89b845978
session_imsa_2025_daytona_rolex_24_race,imsa_2025_daytona_74_stint_020,car_imsa_2025_riley_74,74,LMP2,driver_felipe_massa,Felipe Massa,20,3,327,328,2,0,0,1,0,10,10,,,,,,,,,,official_alkamel_time_cards_driver_stint,64c2452b244d1c2ecb1db01df0735b1a0f631db0d4e74397ed7fa3a89b845978
session_imsa_2025_daytona_rolex_24_race,imsa_2025_daytona_74_stint_021,car_imsa_2025_riley_74,74,LMP2,driver_felipe_massa,Felipe Massa,21,4,329,352,24,22,22,1,0,10,11,100.8245,100.8245,100.173,101.133,-0.4713,-8.264,24.0585,46.953,29.7645,official_alkamel_time_cards_driver_stint,64c2452b244d1c2ecb1db01df0735b1a0f631db0d4e74397ed7fa3a89b845978
session_imsa_2025_daytona_rolex_24_race,imsa_2025_daytona_74_stint_022,car_imsa_2025_riley_74,74,LMP2,driver_felipe_massa,Felipe Massa,22,5,353,375,23,21,21,1,0,11,11,101.389,101.389,100.975,101.7051,0.177,-7.4495,24.209,47.322,29.881,official_alkamel_time_cards_driver_stint,64c2452b244d1c2ecb1db01df0735b1a0f631db0d4e74397ed7fa3a89b845978
session_imsa_2025_daytona_rolex_24_race,imsa_2025_daytona_74_stint_023,car_imsa_2025_riley_74,74,LMP2,driver_felipe_massa,Felipe Massa,23,6,376,385,10,8,8,1,0,11,12,101.773,101.773,99.707,,0.561,-7.0655,24.243,47.1115,30.4995,official_alkamel_time_cards_driver_stint,64c2452b244d1c2ecb1db01df0735b1a0f631db0d4e74397ed7fa3a89b845978
session_imsa_2025_daytona_rolex_24_race,imsa_2025_daytona_74_stint_024,car_imsa_2025_riley_74,74,LMP2,driver_felipe_massa,Felipe Massa,24,7,386,411,26,24,24,1,0,12,13,101.8145,101.8145,99.932,110.05,0.2375,-7.012,24.4185,47.1205,30.389,official_alkamel_time_cards_driver_stint,64c2452b244d1c2ecb1db01df0735b1a0f631db0d4e74397ed7fa3a89b845978
session_imsa_2025_daytona_rolex_24_race,imsa_2025_daytona_74_stint_025,car_imsa_2025_riley_74,74,LMP2,driver_felipe_fraga,Felipe Fraga,25,3,412,432,21,19,19,1,0,13,13,101.315,101.315,100.102,,-0.262,-7.5115,23.948,47.317,30.032,official_alkamel_time_cards_driver_stint,64c2452b244d1c2ecb1db01df0735b1a0f631db0d4e74397ed7fa3a89b845978
session_imsa_2025_daytona_rolex_24_race,imsa_2025_daytona_74_stint_026,car_imsa_2025_riley_74,74,LMP2,driver_felipe_fraga,Felipe Fraga,26,4,433,438,6,4,4,1,0,13,14,157.498,157.498,137.495,,55.921,48.6715,31.7895,80.222,56.476,official_alkamel_time_cards_driver_stint,64c2452b244d1c2ecb1db01df0735b1a0f631db0d4e74397ed7fa3a89b845978
session_imsa_2025_daytona_rolex_24_race,imsa_2025_daytona_74_stint_027,car_imsa_2025_riley_74,74,LMP2,driver_felipe_fraga,Felipe Fraga,27,5,439,462,24,22,22,1,0,14,14,101.688,101.688,100.907,101.9607,0.441,-7.5475,24.393,47.3405,29.9095,official_alkamel_time_cards_driver_stint,64c2452b244d1c2ecb1db01df0735b1a0f631db0d4e74397ed7fa3a89b845978
session_imsa_2025_daytona_rolex_24_race,imsa_2025_daytona_74_stint_028,car_imsa_2025_riley_74,74,LMP2,driver_felipe_fraga,Felipe Fraga,28,6,463,485,23,21,21,1,0,14,15,101.132,101.132,100.127,101.2304,0.0005,-7.663,24.036,47.098,29.81,official_alkamel_time_cards_driver_stint,64c2452b244d1c2ecb1db01df0735b1a0f631db0d4e74397ed7fa3a89b845978
session_imsa_2025_daytona_rolex_24_race,imsa_2025_daytona_74_stint_029,car_imsa_2025_riley_74,74,LMP2,driver_felipe_fraga,Felipe Fraga,29,7,486,508,23,21,21,1,0,15,16,101.569,101.569,100.316,101.6673,0.4375,-6.951,24.253,47.15,29.948,official_alkamel_time_cards_driver_stint,64c2452b244d1c2ecb1db01df0735b1a0f631db0d4e74397ed7fa3a89b845978
session_imsa_2025_daytona_rolex_24_race,imsa_2025_daytona_74_stint_030,car_imsa_2025_riley_74,74,LMP2,driver_josh_burdon,Josh Burdon,30,7,509,530,22,20,20,1,0,16,16,100.915,100.915,99.237,101.1335,-0.123,-7.563,23.981,47.0755,29.7015,official_alkamel_time_cards_driver_stint,64c2452b244d1c2ecb1db01df0735b1a0f631db0d4e74397ed7fa3a89b845978
session_imsa_2025_daytona_rolex_24_race,imsa_2025_daytona_74_stint_031,car_imsa_2025_riley_74,74,LMP2,driver_josh_burdon,Josh Burdon,31,8,531,553,23,21,21,1,0,16,17,102.026,102.026,101.382,102.2239,1.273,-6.24,24.396,47.623,29.979,official_alkamel_time_cards_driver_stint,64c2452b244d1c2ecb1db01df0735b1a0f631db0d4e74397ed7fa3a89b845978
session_imsa_2025_daytona_rolex_24_race,imsa_2025_daytona_74_stint_032,car_imsa_2025_riley_74,74,LMP2,driver_josh_burdon,Josh Burdon,32,9,554,576,23,21,21,1,0,17,18,100.814,100.814,99.577,100.8085,-0.057,-7.593,23.969,47.001,29.79,official_alkamel_time_cards_driver_stint,64c2452b244d1c2ecb1db01df0735b1a0f631db0d4e74397ed7fa3a89b845978
session_imsa_2025_daytona_rolex_24_race,imsa_2025_daytona_74_stint_033,car_imsa_2025_riley_74,74,LMP2,driver_josh_burdon,Josh Burdon,33,10,577,589,13,11,11,1,0,18,18,111.477,111.477,99.367,,6.907,1.282,24.625,51.921,32.934,official_alkamel_time_cards_driver_stint,64c2452b244d1c2ecb1db01df0735b1a0f631db0d4e74397ed7fa3a89b845978
session_imsa_2025_daytona_rolex_24_race,imsa_2025_daytona_74_stint_034,car_imsa_2025_riley_74,74,LMP2,driver_felipe_massa,Felipe Massa,34,8,590,614,25,23,23,1,0,18,19,101.655,101.655,100.665,113.2454,0.578,-6.8355,24.185,47.389,30.008,official_alkamel_time_cards_driver_stint,64c2452b244d1c2ecb1db01df0735b1a0f631db0d4e74397ed7fa3a89b845978
session_imsa_2025_daytona_rolex_24_race,imsa_2025_daytona_74_stint_035,car_imsa_2025_riley_74,74,LMP2,driver_felipe_massa,Felipe Massa,35,9,615,617,3,1,1,1,0,19,19,101.128,101.128,101.128,,0.325,-7.1125,24.127,47.295,29.706,official_alkamel_time_cards_driver_stint,64c2452b244d1c2ecb1db01df0735b1a0f631db0d4e74397ed7fa3a89b845978
session_imsa_2025_daytona_rolex_24_race,imsa_2025_daytona_74_stint_036,car_imsa_2025_riley_74,74,LMP2,driver_felipe_massa,Felipe Massa,36,10,618,618,1,0,0,1,0,19,19,,,,,,,,,,official_alkamel_time_cards_driver_stint,64c2452b244d1c2ecb1db01df0735b1a0f631db0d4e74397ed7fa3a89b845978
session_imsa_2025_daytona_rolex_24_race,imsa_2025_daytona_74_stint_037,car_imsa_2025_riley_74,74,LMP2,driver_felipe_massa,Felipe Massa,37,11,619,642,24,22,22,1,0,19,20,101.1355,101.1355,100.242,101.1886,0.2975,-7.4013,23.984,47.2985,29.696,official_alkamel_time_cards_driver_stint,64c2452b244d1c2ecb1db01df0735b1a0f631db0d4e74397ed7fa3a89b845978
session_imsa_2025_daytona_rolex_24_race,imsa_2025_daytona_74_stint_038,car_imsa_2025_riley_74,74,LMP2,driver_felipe_massa,Felipe Massa,38,12,643,665,23,21,21,1,0,20,20,101.1,101.1,100.087,101.1962,0.262,-7.516,23.983,47.316,29.677,official_alkamel_time_cards_driver_stint,64c2452b244d1c2ecb1db01df0735b1a0f631db0d4e74397ed7fa3a89b845978
session_imsa_2025_daytona_rolex_24_race,imsa_2025_daytona_74_stint_039,car_imsa_2025_riley_74,74,LMP2,driver_felipe_massa,Felipe Massa,39,13,666,688,23,21,21,1,0,20,21,101.593,101.593,100.372,101.6253,0.088,-7.232,24.088,47.539,29.827,official_alkamel_time_cards_driver_stint,64c2452b244d1c2ecb1db01df0735b1a0f631db0d4e74397ed7fa3a89b845978
session_imsa_2025_daytona_rolex_24_race,imsa_2025_daytona_74_stint_040,car_imsa_2025_riley_74,74,LMP2,driver_felipe_fraga,Felipe Fraga,40,8,689,703,15,13,13,1,0,21,22,112.824,112.824,100.411,,11.319,3.999,26.49,51.246,33.551,official_alkamel_time_cards_driver_stint,64c2452b244d1c2ecb1db01df0735b1a0f631db0d4e74397ed7fa3a89b845978
session_imsa_2025_daytona_rolex_24_race,imsa_2025_daytona_74_stint_041,car_imsa_2025_riley_74,74,LMP2,driver_felipe_fraga,Felipe Fraga,41,9,704,726,23,21,21,1,0,22,22,101.818,101.818,100.486,102.4911,0.291,-7.3905,24.306,47.794,29.789,official_alkamel_time_cards_driver_stint,64c2452b244d1c2ecb1db01df0735b1a0f631db0d4e74397ed7fa3a89b845978
session_imsa_2025_daytona_rolex_24_race,imsa_2025_daytona_74_stint_042,car_imsa_2025_riley_74,74,LMP2,driver_felipe_fraga,Felipe Fraga,42,10,727,741,15,13,13,1,0,22,23,111.156,111.156,100.478,,8.1905,2.269,24.322,48.237,33.179,official_alkamel_time_cards_driver_stint,64c2452b244d1c2ecb1db01df0735b1a0f631db0d4e74397ed7fa3a89b845978
session_imsa_2025_daytona_rolex_24_race,imsa_2025_daytona_74_stint_043,car_imsa_2025_riley_74,74,LMP2,driver_felipe_fraga,Felipe Fraga,43,11,742,765,24,23,23,0,0,23,24,102.506,102.506,100.06,102.3534,-0.4595,-6.381,24.43,47.802,30.181,official_alkamel_time_cards_driver_stint,64c2452b244d1c2ecb1db01df0735b1a0f631db0d4e74397ed7fa3a89b845978
session_imsa_2025_daytona_rolex_24_race,imsa_2025_daytona_11_stint_001,car_imsa_2025_tds_racing_11,11,LMP2,driver_steven_thomas,Steven Thomas,1,1,1,21,21,19,19,1,0,0,0,102.999,102.999,101.877,,-0.5,-6.165,24.35,47.993,30.52,official_alkamel_time_cards_driver_stint,64c2452b244d1c2ecb1db01df0735b1a0f631db0d4e74397ed7fa3a89b845978
session_imsa_2025_daytona_rolex_24_race,imsa_2025_daytona_11_stint_002,car_imsa_2025_tds_racing_11,11,LMP2,driver_steven_thomas,Steven Thomas,2,2,22,44,23,21,21,1,0,0,1,103.813,103.813,101.464,103.6993,0.603,-5.727,24.447,48.196,30.535,official_alkamel_time_cards_driver_stint,64c2452b244d1c2ecb1db01df0735b1a0f631db0d4e74397ed7fa3a89b845978
session_imsa_2025_daytona_rolex_24_race,imsa_2025_daytona_11_stint_003,car_imsa_2025_tds_racing_11,11,LMP2,driver_steven_thomas,Steven Thomas,3,3,45,67,23,21,21,1,0,1,1,103.571,103.571,102.029,103.4962,0.589,-5.995,24.511,48.131,30.507,official_alkamel_time_cards_driver_stint,64c2452b244d1c2ecb1db01df0735b1a0f631db0d4e74397ed7fa3a89b845978
session_imsa_2025_daytona_rolex_24_race,imsa_2025_daytona_11_stint_004,car_imsa_2025_tds_racing_11,11,LMP2,driver_hunter_mcelrea,Hunter McElrea,4,1,68,73,6,4,4,1,0,2,2,101.8065,101.8065,100.766,,-1.8835,-8.065,24.424,47.7335,29.679,official_alkamel_time_cards_driver_stint,64c2452b244d1c2ecb1db01df0735b1a0f631db0d4e74397ed7fa3a89b845978
session_imsa_2025_daytona_rolex_24_race,imsa_2025_daytona_11_stint_005,car_imsa_2025_tds_racing_11,11,LMP2,driver_hunter_mcelrea,Hunter McElrea,5,2,74,75,2,0,0,1,0,2,2,,,,,,,,,,official_alkamel_time_cards_driver_stint,64c2452b244d1c2ecb1db01df0735b1a0f631db0d4e74397ed7fa3a89b845978
session_imsa_2025_daytona_rolex_24_race,imsa_2025_daytona_11_stint_006,car_imsa_2025_tds_racing_11,11,LMP2,driver_hunter_mcelrea,Hunter McElrea,6,3,76,99,24,22,22,1,0,4,5,101.1865,101.1865,99.629,101.2798,-0.878,-8.5955,23.888,47.2895,29.7495,official_alkamel_time_cards_driver_stint,64c2452b244d1c2ecb1db01df0735b1a0f631db0d4e74397ed7fa3a89b845978
session_imsa_2025_daytona_rolex_24_race,imsa_2025_daytona_11_stint_007,car_imsa_2025_tds_racing_11,11,LMP2,driver_hunter_mcelrea,Hunter McElrea,7,4,100,104,5,3,3,1,0,5,5,169.484,169.484,149.362,,67.4195,59.702,38.161,76.953,53.929,official_alkamel_time_cards_driver_stint,64c2452b244d1c2ecb1db01df0735b1a0f631db0d4e74397ed7fa3a89b845978
session_imsa_2025_daytona_rolex_24_race,imsa_2025_daytona_11_stint_008,car_imsa_2025_tds_racing_11,11,LMP2,driver_hunter_mcelrea,Hunter McElrea,8,5,105,127,23,21,21,1,0,5,6,101.393,101.393,100.188,103.8117,-0.259,-7.651,24.131,47.6,29.815,official_alkamel_time_cards_driver_stint,64c2452b244d1c2ecb1db01df0735b1a0f631db0d4e74397ed7fa3a89b845978
session_imsa_2025_daytona_rolex_24_race,imsa_2025_daytona_11_stint_009,car_imsa_2025_tds_racing_11,11,LMP2,driver_hunter_mcelrea,Hunter McElrea,9,6,128,152,25,23,23,1,0,6,7,101.129,101.129,99.334,101.7884,-1.0235,-8.636,24.165,47.381,29.784,official_alkamel_time_cards_driver_stint,64c2452b244d1c2ecb1db01df0735b1a0f631db0d4e74397ed7fa3a89b845978
session_imsa_2025_daytona_rolex_24_race,imsa_2025_daytona_11_stint_010,car_imsa_2025_tds_racing_11,11,LMP2,driver_hunter_mcelrea,Hunter McElrea,10,7,153,179,27,25,25,1,0,7,8,105.497,105.497,99.913,130.3055,0.379,-6.857,25.605,48.942,30.43,official_alkamel_time_cards_driver_stint,64c2452b244d1c2ecb1db01df0735b1a0f631db0d4e74397ed7fa3a89b845978
session_imsa_2025_daytona_rolex_24_race,imsa_2025_daytona_11_stint_011,car_imsa_2025_tds_racing_11,11,LMP2,driver_charles_milesi,Charles Milesi,11,1,180,203,24,22,22,1,0,8,9,100.878,100.878,98.96,101.0152,-0.939,-8.06,23.8925,47.051,29.7805,official_alkamel_time_cards_driver_stint,64c2452b244d1c2ecb1db01df0735b1a0f631db0d4e74397ed7fa3a89b845978
session_imsa_2025_daytona_rolex_24_race,imsa_2025_daytona_11_stint_012,car_imsa_2025_tds_racing_11,11,LMP2,driver_charles_milesi,Charles Milesi,12,2,204,226,23,21,21,1,0,9,9,101.56,101.56,100.406,103.3544,-1.1885,-8.13,23.992,47.41,29.77,official_alkamel_time_cards_driver_stint,64c2452b244d1c2ecb1db01df0735b1a0f631db0d4e74397ed7fa3a89b845978
session_imsa_2025_daytona_rolex_24_race,imsa_2025_daytona_11_stint_013,car_imsa_2025_tds_racing_11,11,LMP2,driver_charles_milesi,Charles Milesi,13,3,227,244,18,16,16,1,0,9,10,101.6415,101.6415,99.137,,0.262,-7.552,23.9785,47.307,30.0145,official_alkamel_time_cards_driver_stint,64c2452b244d1c2ecb1db01df0735b1a0f631db0d4e74397ed7fa3a89b845978
session_imsa_2025_daytona_rolex_24_race,imsa_2025_daytona_11_stint_014,car_imsa_2025_tds_racing_11,11,LMP2,driver_charles_milesi,Charles Milesi,14,4,245,262,18,16,16,1,0,10,10,101.371,101.371,99.597,,-0.0085,-7.8225,24.1605,47.119,29.7165,official_alkamel_time_cards_driver_stint,64c2452b244d1c2ecb1db01df0735b1a0f631db0d4e74397ed7fa3a89b845978
session_imsa_2025_daytona_rolex_24_race,imsa_2025_daytona_11_stint_015,car_imsa_2025_tds_racing_11,11,LMP2,driver_mikkel_jensen,Mikkel Jensen,15,1,263,285,23,20,20,1,0,11,11,100.149,100.149,98.794,100.3516,-1.063,-8.6895,23.825,46.8015,29.609,official_alkamel_time_cards_driver_stint,64c2452b244d1c2ecb1db01df0735b1a0f631db0d4e74397ed7fa3a89b845978
session_imsa_2025_daytona_rolex_24_race,imsa_2025_daytona_11_stint_016,car_imsa_2025_tds_racing_11,11,LMP2,driver_mikkel_jensen,Mikkel Jensen,16,2,286,303,18,16,16,1,0,11,12,101.397,101.397,100.203,,0.1115,-7.515,23.9465,47.2685,30.2,official_alkamel_time_cards_driver_stint,64c2452b244d1c2ecb1db01df0735b1a0f631db0d4e74397ed7fa3a89b845978
session_imsa_2025_daytona_rolex_24_race,imsa_2025_daytona_11_stint_017,car_imsa_2025_tds_racing_11,11,LMP2,driver_mikkel_jensen,Mikkel Jensen,17,3,304,328,25,23,23,1,0,12,13,100.96,100.96,98.438,112.3997,-1.16,-8.7115,23.578,47.121,29.824,official_alkamel_time_cards_driver_stint,64c2452b244d1c2ecb1db01df0735b1a0f631db0d4e74397ed7fa3a89b845978
session_imsa_2025_daytona_rolex_24_race,imsa_2025_daytona_11_stint_018,car_imsa_2025_tds_racing_11,11,LMP2,driver_mikkel_jensen,Mikkel Jensen,18,4,329,351,23,21,21,1,0,13,13,100.729,100.729,100.074,101.0305,-0.848,-8.0975,24.045,47.082,29.598,official_alkamel_time_cards_driver_stint,64c2452b244d1c2ecb1db01df0735b1a0f631db0d4e74397ed7fa3a89b845978
session_imsa_2025_daytona_rolex_24_race,imsa_2025_daytona_11_stint_019,car_imsa_2025_tds_racing_11,11,LMP2,driver_mikkel_jensen,Mikkel Jensen,19,5,352,354,3,1,1,1,0,13,13,128.7,128.7,128.7,,27.123,19.8735,24.78,47.988,55.932,official_alkamel_time_cards_driver_stint,64c2452b244d1c2ecb1db01df0735b1a0f631db0d4e74397ed7fa3a89b845978
session_imsa_2025_daytona_rolex_24_race,imsa_2025_daytona_11_stint_020,car_imsa_2025_tds_racing_11,11,LMP2,driver_hunter_mcelrea,Hunter McElrea,20,8,355,356,2,0,0,1,0,13,13,,,,,,,,,,official_alkamel_time_cards_driver_stint,64c2452b244d1c2ecb1db01df0735b1a0f631db0d4e74397ed7fa3a89b845978
session_imsa_2025_daytona_rolex_24_race,imsa_2025_daytona_11_stint_021,car_imsa_2025_tds_racing_11,11,LMP2,driver_hunter_mcelrea,Hunter McElrea,21,9,357,379,23,21,21,1,0,14,14,101.079,101.079,99.411,104.9167,-0.168,-8.1565,23.98,47.044,29.533,official_alkamel_time_cards_driver_stint,64c2452b244d1c2ecb1db01df0735b1a0f631db0d4e74397ed7fa3a89b845978
session_imsa_2025_daytona_rolex_24_race,imsa_2025_daytona_11_stint_022,car_imsa_2025_tds_racing_11,11,LMP2,driver_hunter_mcelrea,Hunter McElrea,22,10,380,402,23,21,21,1,0,14,15,101.336,101.336,100.301,101.4235,0.2045,-7.489,24.279,47.246,29.604,official_alkamel_time_cards_driver_stint,64c2452b244d1c2ecb1db01df0735b1a0f631db0d4e74397ed7fa3a89b845978
session_imsa_2025_daytona_rolex_24_race,imsa_2025_daytona_11_stint_023,car_imsa_2025_tds_racing_11,11,LMP2,driver_hunter_mcelrea,Hunter McElrea,23,11,403,425,23,21,21,1,0,15,16,100.406,100.406,99.34,100.5782,-0.6805,-8.072,23.828,46.961,29.487,official_alkamel_time_cards_driver_stint,64c2452b244d1c2ecb1db01df0735b1a0f631db0d4e74397ed7fa3a89b845978
session_imsa_2025_daytona_rolex_24_race,imsa_2025_daytona_11_stint_024,car_imsa_2025_tds_racing_11,11,LMP2,driver_charles_milesi,Charles Milesi,24,5,426,449,24,22,22,1,0,16,16,100.1815,100.1815,98.49,100.25,-0.8565,-8.2965,23.7395,46.9865,29.4485,official_alkamel_time_cards_driver_stint,64c2452b244d1c2ecb1db01df0735b1a0f631db0d4e74397ed7fa3a89b845978
session_imsa_2025_daytona_rolex_24_race,imsa_2025_daytona_11_stint_025,car_imsa_2025_tds_racing_11,11,LMP2,driver_charles_milesi,Charles Milesi,25,6,450,451,2,0,0,1,0,16,16,,,,,,,,,,official_alkamel_time_cards_driver_stint,64c2452b244d1c2ecb1db01df0735b1a0f631db0d4e74397ed7fa3a89b845978
session_imsa_2025_daytona_rolex_24_race,imsa_2025_daytona_11_stint_026,car_imsa_2025_tds_racing_11,11,LMP2,driver_charles_milesi,Charles Milesi,26,7,452,473,22,20,20,1,0,16,17,100.622,100.622,98.829,100.5672,-0.173,-7.661,23.79,46.786,29.6005,official_alkamel_time_cards_driver_stint,64c2452b244d1c2ecb1db01df0735b1a0f631db0d4e74397ed7fa3a89b845978
session_imsa_2025_daytona_rolex_24_race,imsa_2025_daytona_11_stint_027,car_imsa_2025_tds_racing_11,11,LMP2,driver_charles_milesi,Charles Milesi,27,8,474,496,23,21,21,1,0,17,18,100.145,100.145,98.952,100.1816,-1.152,-8.688,23.625,46.697,29.482,official_alkamel_time_cards_driver_stint,64c2452b244d1c2ecb1db01df0735b1a0f631db0d4e74397ed7fa3a89b845978
session_imsa_2025_daytona_rolex_24_race,imsa_2025_daytona_11_stint_028,car_imsa_2025_tds_racing_11,11,LMP2,driver_steven_thomas,Steven Thomas,28,4,497,504,8,6,6,1,0,18,18,109.0355,109.0355,104.39,,4.4655,-1.1595,25.837,49.792,32.911,official_alkamel_time_cards_driver_stint,64c2452b244d1c2ecb1db01df0735b1a0f631db0d4e74397ed7fa3a89b845978
session_imsa_2025_daytona_rolex_24_race,imsa_2025_daytona_11_stint_029,car_imsa_2025_tds_racing_11,11,LMP2,driver_steven_thomas,Steven Thomas,29,5,505,506,2,0,0,1,0,18,18,,,,,,,,,,official_alkamel_time_cards_driver_stint,64c2452b244d1c2ecb1db01df0735b1a0f631db0d4e74397ed7fa3a89b845978
session_imsa_2025_daytona_rolex_24_race,imsa_2025_daytona_11_stint_030,car_imsa_2025_tds_racing_11,11,LMP2,driver_steven_thomas,Steven Thomas,30,6,507,531,25,23,23,1,0,18,19,103.657,103.657,101.73,115.3606,2.533,-4.7135,24.703,48.198,30.784,official_alkamel_time_cards_driver_stint,64c2452b244d1c2ecb1db01df0735b1a0f631db0d4e74397ed7fa3a89b845978
session_imsa_2025_daytona_rolex_24_race,imsa_2025_daytona_11_stint_031,car_imsa_2025_tds_racing_11,11,LMP2,driver_steven_thomas,Steven Thomas,31,7,532,554,23,21,21,1,0,19,20,103.33,103.33,102.274,103.3328,2.527,-5.1035,24.509,48.134,30.499,official_alkamel_time_cards_driver_stint,64c2452b244d1c2ecb1db01df0735b1a0f631db0d4e74397ed7fa3a89b845978
session_imsa_2025_daytona_rolex_24_race,imsa_2025_daytona_11_stint_032,car_imsa_2025_tds_racing_11,11,LMP2,driver_mikkel_jensen,Mikkel Jensen,32,6,555,577,23,21,21,1,0,20,20,100.616,100.616,98.989,100.6888,-0.222,-8.0,23.802,47.302,29.47,official_alkamel_time_cards_driver_stint,64c2452b244d1c2ecb1db01df0735b1a0f631db0d4e74397ed7fa3a89b845978
session_imsa_2025_daytona_rolex_24_race,imsa_2025_daytona_11_stint_033,car_imsa_2025_tds_racing_11,11,LMP2,driver_mikkel_jensen,Mikkel Jensen,33,7,578,600,23,21,21,1,0,20,21,101.094,101.094,99.981,101.3858,-0.313,-7.731,23.98,47.511,29.611,official_alkamel_time_cards_driver_stint,64c2452b244d1c2ecb1db01df0735b1a0f631db0d4e74397ed7fa3a89b845978
session_imsa_2025_daytona_rolex_24_race,imsa_2025_daytona_11_stint_034,car_imsa_2025_tds_racing_11,11,LMP2,driver_steven_thomas,Steven Thomas,34,8,601,623,23,21,21,1,0,21,22,105.969,105.969,102.961,114.8516,4.464,-2.856,25.501,49.41,31.099,official_alkamel_time_cards_driver_stint,64c2452b244d1c2ecb1db01df0735b1a0f631db0d4e74397ed7fa3a89b845978
session_imsa_2025_daytona_rolex_24_race,imsa_2025_daytona_11_stint_035,car_imsa_2025_tds_racing_11,11,LMP2,driver_mikkel_jensen,Mikkel Jensen,35,8,624,646,23,21,21,1,0,22,22,101.088,101.088,99.833,101.3002,-0.439,-8.1205,24.035,47.506,29.563,official_alkamel_time_cards_driver_stint,64c2452b244d1c2ecb1db01df0735b1a0f631db0d4e74397ed7fa3a89b845978
session_imsa_2025_daytona_rolex_24_race,imsa_2025_daytona_11_stint_036,car_imsa_2025_tds_racing_11,11,LMP2,driver_mikkel_jensen,Mikkel Jensen,36,9,647,659,13,11,11,1,0,22,23,120.619,120.619,99.942,,17.6535,11.732,25.743,50.423,32.101,official_alkamel_time_cards_driver_stint,64c2452b244d1c2ecb1db01df0735b1a0f631db0d4e74397ed7fa3a89b845978
session_imsa_2025_daytona_rolex_24_race,imsa_2025_daytona_11_stint_037,car_imsa_2025_tds_racing_11,11,LMP2,driver_mikkel_jensen,Mikkel Jensen,37,10,660,680,21,19,19,1,0,23,23,101.631,101.631,99.509,,-1.3345,-7.256,24.048,47.673,29.709,official_alkamel_time_cards_driver_stint,64c2452b244d1c2ecb1db01df0735b1a0f631db0d4e74397ed7fa3a89b845978
session_imsa_2025_daytona_rolex_24_race,imsa_2025_daytona_11_stint_038,car_imsa_2025_tds_racing_11,11,LMP2,driver_mikkel_jensen,Mikkel Jensen,38,11,681,682,2,1,1,0,0,23,24,101.935,101.935,101.935,,-1.21,-7.481,24.288,47.886,29.761,official_alkamel_time_cards_driver_stint,64c2452b244d1c2ecb1db01df0735b1a0f631db0d4e74397ed7fa3a89b845978
session_imsa_2025_daytona_rolex_24_race,imsa_2025_daytona_8_stint_001,car_imsa_2025_tower_motorsports_8,8,LMP2,driver_john_farano,John Farano,1,1,1,22,22,20,20,1,0,0,0,103.8345,103.8345,103.08,104.4279,0.3355,-5.3295,24.9565,48.369,30.5745,official_alkamel_time_cards_driver_stint,64c2452b244d1c2ecb1db01df0735b1a0f631db0d4e74397ed7fa3a89b845978
session_imsa_2025_daytona_rolex_24_race,imsa_2025_daytona_8_stint_002,car_imsa_2025_tower_motorsports_8,8,LMP2,driver_john_farano,John Farano,2,2,23,23,1,0,0,1,0,0,0,,,,,,,,,,official_alkamel_time_cards_driver_stint,64c2452b244d1c2ecb1db01df0735b1a0f631db0d4e74397ed7fa3a89b845978
session_imsa_2025_daytona_rolex_24_race,imsa_2025_daytona_8_stint_003,car_imsa_2025_tower_motorsports_8,8,LMP2,driver_john_farano,John Farano,3,3,24,45,22,20,20,1,0,0,1,104.243,104.243,103.349,104.3934,0.813,-5.2075,24.9155,48.598,30.5275,official_alkamel_time_cards_driver_stint,64c2452b244d1c2ecb1db01df0735b1a0f631db0d4e74397ed7fa3a89b845978
session_imsa_2025_daytona_rolex_24_race,imsa_2025_daytona_8_stint_004,car_imsa_2025_tower_motorsports_8,8,LMP2,driver_sebastian_alvarez,Sebastian Alvarez,4,1,46,69,24,22,22,1,0,1,2,101.0045,101.0045,99.9,101.2904,-2.0825,-8.5615,24.0355,47.144,29.5615,official_alkamel_time_cards_driver_stint,64c2452b244d1c2ecb1db01df0735b1a0f631db0d4e74397ed7fa3a89b845978
session_imsa_2025_daytona_rolex_24_race,imsa_2025_daytona_8_stint_005,car_imsa_2025_tower_motorsports_8,8,LMP2,driver_sebastian_alvarez,Sebastian Alvarez,5,2,70,78,9,7,7,1,0,2,2,163.055,163.055,103.498,,59.365,53.1835,29.063,82.061,47.614,official_alkamel_time_cards_driver_stint,64c2452b244d1c2ecb1db01df0735b1a0f631db0d4e74397ed7fa3a89b845978
session_imsa_2025_daytona_rolex_24_race,imsa_2025_daytona_8_stint_006,car_imsa_2025_tower_motorsports_8,8,LMP2,driver_john_farano,John Farano,6,4,79,102,24,22,22,1,0,2,3,104.6045,104.6045,103.015,104.6145,0.9145,-5.267,24.981,48.7755,30.5,official_alkamel_time_cards_driver_stint,64c2452b244d1c2ecb1db01df0735b1a0f631db0d4e74397ed7fa3a89b845978
session_imsa_2025_daytona_rolex_24_race,imsa_2025_daytona_8_stint_007,car_imsa_2025_tower_motorsports_8,8,LMP2,driver_john_farano,John Farano,7,5,103,125,23,21,21,1,0,3,3,102.768,102.768,101.761,103.2063,0.433,-6.453,24.414,48.06,30.212,official_alkamel_time_cards_driver_stint,64c2452b244d1c2ecb1db01df0735b1a0f631db0d4e74397ed7fa3a89b845978
session_imsa_2025_daytona_rolex_24_race,imsa_2025_daytona_8_stint_008,car_imsa_2025_tower_motorsports_8,8,LMP2,driver_john_farano,John Farano,8,6,126,140,15,13,13,1,0,3,4,126.846,126.846,102.265,,23.577,16.99,25.943,54.854,36.705,official_alkamel_time_cards_driver_stint,64c2452b244d1c2ecb1db01df0735b1a0f631db0d4e74397ed7fa3a89b845978
session_imsa_2025_daytona_rolex_24_race,imsa_2025_daytona_8_stint_009,car_imsa_2025_tower_motorsports_8,8,LMP2,driver_john_farano,John Farano,9,7,141,163,23,21,21,1,0,4,5,103.585,103.585,102.444,104.2308,0.4285,-6.271,24.791,48.275,30.575,official_alkamel_time_cards_driver_stint,64c2452b244d1c2ecb1db01df0735b1a0f631db0d4e74397ed7fa3a89b845978
session_imsa_2025_daytona_rolex_24_race,imsa_2025_daytona_8_stint_010,car_imsa_2025_tower_motorsports_8,8,LMP2,driver_job_van_uitert,Job Van Uitert,10,1,164,184,21,19,19,1,0,5,5,101.704,101.704,100.554,,-0.3605,-8.078,24.137,47.576,29.799,official_alkamel_time_cards_driver_stint,64c2452b244d1c2ecb1db01df0735b1a0f631db0d4e74397ed7fa3a89b845978
session_imsa_2025_daytona_rolex_24_race,imsa_2025_daytona_8_stint_011,car_imsa_2025_tower_motorsports_8,8,LMP2,driver_job_van_uitert,Job Van Uitert,11,2,185,208,24,22,22,1,0,5,6,101.662,101.662,100.223,107.1591,0.01,-7.382,23.9645,47.588,29.7445,official_alkamel_time_cards_driver_stint,64c2452b244d1c2ecb1db01df0735b1a0f631db0d4e74397ed7fa3a89b845978
session_imsa_2025_daytona_rolex_24_race,imsa_2025_daytona_8_stint_012,car_imsa_2025_tower_motorsports_8,8,LMP2,driver_job_van_uitert,Job Van Uitert,12,3,209,234,26,24,24,1,0,6,7,102.388,102.388,101.022,102.1186,0.3745,-7.3185,24.366,47.8765,29.9405,official_alkamel_time_cards_driver_stint,64c2452b244d1c2ecb1db01df0735b1a0f631db0d4e74397ed7fa3a89b845978
session_imsa_2025_daytona_rolex_24_race,imsa_2025_daytona_8_stint_013,car_imsa_2025_tower_motorsports_8,8,LMP2,driver_sebastien_bourdais,Sebastien Bourdais,13,1,235,241,7,5,5,1,0,7,7,139.669,139.669,109.211,,10.1665,-9.9815,29.596,61.917,41.358,official_alkamel_time_cards_driver_stint,64c2452b244d1c2ecb1db01df0735b1a0f631db0d4e74397ed7fa3a89b845978
session_imsa_2025_daytona_rolex_24_race,imsa_2025_daytona_8_stint_014,car_imsa_2025_tower_motorsports_8,8,LMP2,driver_sebastien_bourdais,Sebastien Bourdais,14,2,242,247,6,4,4,1,0,7,7,175.852,175.852,147.842,,46.3495,26.2015,44.854,72.876,53.974,official_alkamel_time_cards_driver_stint,64c2452b244d1c2ecb1db01df0735b1a0f631db0d4e74397ed7fa3a89b845978
session_imsa_2025_daytona_rolex_24_race,imsa_2025_daytona_8_stint_015,car_imsa_2025_tower_motorsports_8,8,LMP2,driver_sebastien_bourdais,Sebastien Bourdais,15,3,248,270,23,21,21,1,0,7,8,100.536,100.536,99.677,101.0203,-1.338,-8.459,24.005,46.982,29.638,official_alkamel_time_cards_driver_stint,64c2452b244d1c2ecb1db01df0735b1a0f631db0d4e74397ed7fa3a89b845978
session_imsa_2025_daytona_rolex_24_race,imsa_2025_daytona_8_stint_016,car_imsa_2025_tower_motorsports_8,8,LMP2,driver_john_farano,John Farano,16,8,271,293,23,21,21,1,0,8,9,105.805,105.805,103.954,105.4454,3.639,-3.479,25.588,48.912,30.892,official_alkamel_time_cards_driver_stint,64c2452b244d1c2ecb1db01df0735b1a0f631db0d4e74397ed7fa3a89b845978
session_imsa_2025_daytona_rolex_24_race,imsa_2025_daytona_8_stint_017,car_imsa_2025_tower_motorsports_8,8,LMP2,driver_sebastian_alvarez,Sebastian Alvarez,17,3,294,310,17,15,15,1,0,9,9,102.276,102.276,99.389,,-0.4725,-7.414,24.464,47.225,29.962,official_alkamel_time_cards_driver_stint,64c2452b244d1c2ecb1db01df0735b1a0f631db0d4e74397ed7fa3a89b845978
session_imsa_2025_daytona_rolex_24_race,imsa_2025_daytona_8_stint_018,car_imsa_2025_tower_motorsports_8,8,LMP2,driver_sebastian_alvarez,Sebastian Alvarez,18,4,311,326,16,14,14,1,0,9,10,100.9285,100.9285,100.072,,-0.451,-8.265,24.089,47.0925,29.8535,official_alkamel_time_cards_driver_stint,64c2452b244d1c2ecb1db01df0735b1a0f631db0d4e74397ed7fa3a89b845978
session_imsa_2025_daytona_rolex_24_race,imsa_2025_daytona_8_stint_019,car_imsa_2025_tower_motorsports_8,8,LMP2,driver_sebastian_alvarez,Sebastian Alvarez,19,5,327,350,24,22,22,1,0,10,11,100.7235,100.7235,99.631,107.4433,-0.656,-8.47,23.9195,46.8105,29.704,official_alkamel_time_cards_driver_stint,64c2452b244d1c2ecb1db01df0735b1a0f631db0d4e74397ed7fa3a89b845978
session_imsa_2025_daytona_rolex_24_race,imsa_2025_daytona_8_stint_020,car_imsa_2025_tower_motorsports_8,8,LMP2,driver_sebastian_alvarez,Sebastian Alvarez,20,6,351,374,24,22,22,1,0,11,11,101.143,101.143,100.355,101.2288,-0.069,-7.6955,24.06,47.254,29.6955,official_alkamel_time_cards_driver_stint,64c2452b244d1c2ecb1db01df0735b1a0f631db0d4e74397ed7fa3a89b845978
session_imsa_2025_daytona_rolex_24_race,imsa_2025_daytona_8_stint_021,car_imsa_2025_tower_motorsports_8,8,LMP2,driver_job_van_uitert,Job Van Uitert,21,4,375,385,11,9,9,1,0,11,12,101.963,101.963,99.904,,0.055,-7.5715,24.579,47.737,29.647,official_alkamel_time_cards_driver_stint,64c2452b244d1c2ecb1db01df0735b1a0f631db0d4e74397ed7fa3a89b845978
session_imsa_2025_daytona_rolex_24_race,imsa_2025_daytona_8_stint_022,car_imsa_2025_tower_motorsports_8,8,LMP2,driver_job_van_uitert,Job Van Uitert,22,5,386,406,21,19,19,1,0,12,12,102.493,102.493,99.849,,0.373,-7.1785,23.957,47.622,30.083,official_alkamel_time_cards_driver_stint,64c2452b244d1c2ecb1db01df0735b1a0f631db0d4e74397ed7fa3a89b845978
session_imsa_2025_daytona_rolex_24_race,imsa_2025_daytona_8_stint_023,car_imsa_2025_tower_motorsports_8,8,LMP2,driver_job_van_uitert,Job Van Uitert,23,6,407,430,24,22,22,1,0,13,13,101.492,101.492,100.823,101.7345,-0.085,-7.3345,24.108,47.364,29.846,official_alkamel_time_cards_driver_stint,64c2452b244d1c2ecb1db01df0735b1a0f631db0d4e74397ed7fa3a89b845978
session_imsa_2025_daytona_rolex_24_race,imsa_2025_daytona_8_stint_024,car_imsa_2025_tower_motorsports_8,8,LMP2,driver_sebastien_bourdais,Sebastien Bourdais,24,4,431,438,8,6,6,1,0,13,14,141.425,141.425,119.622,,39.848,32.5985,29.0935,68.702,48.4225,official_alkamel_time_cards_driver_stint,64c2452b244d1c2ecb1db01df0735b1a0f631db0d4e74397ed7fa3a89b845978
session_imsa_2025_daytona_rolex_24_race,imsa_2025_daytona_8_stint_025,car_imsa_2025_tower_motorsports_8,8,LMP2,driver_sebastien_bourdais,Sebastien Bourdais,25,5,439,462,24,21,21,1,0,14,14,100.597,100.597,99.606,104.651,-0.65,-8.6385,23.894,46.991,29.661,official_alkamel_time_cards_driver_stint,64c2452b244d1c2ecb1db01df0735b1a0f631db0d4e74397ed7fa3a89b845978
session_imsa_2025_daytona_rolex_24_race,imsa_2025_daytona_8_stint_026,car_imsa_2025_tower_motorsports_8,8,LMP2,driver_sebastien_bourdais,Sebastien Bourdais,26,6,463,486,24,22,22,1,0,14,15,100.899,100.899,100.274,101.0536,-0.2903,-7.7385,24.0125,47.1575,29.5685,official_alkamel_time_cards_driver_stint,64c2452b244d1c2ecb1db01df0735b1a0f631db0d4e74397ed7fa3a89b845978
session_imsa_2025_daytona_rolex_24_race,imsa_2025_daytona_8_stint_027,car_imsa_2025_tower_motorsports_8,8,LMP2,driver_sebastien_bourdais,Sebastien Bourdais,27,7,487,510,24,22,22,1,0,15,16,100.64,100.64,99.087,100.7167,-0.458,-7.859,23.86,46.9485,29.8305,official_alkamel_time_cards_driver_stint,64c2452b244d1c2ecb1db01df0735b1a0f631db0d4e74397ed7fa3a89b845978
session_imsa_2025_daytona_rolex_24_race,imsa_2025_daytona_8_stint_028,car_imsa_2025_tower_motorsports_8,8,LMP2,driver_sebastien_bourdais,Sebastien Bourdais,28,8,511,534,24,22,22,1,0,16,16,100.8585,100.8585,100.112,101.0696,-0.1795,-7.6195,24.0595,47.129,29.5775,official_alkamel_time_cards_driver_stint,64c2452b244d1c2ecb1db01df0735b1a0f631db0d4e74397ed7fa3a89b845978
session_imsa_2025_daytona_rolex_24_race,imsa_2025_daytona_8_stint_029,car_imsa_2025_tower_motorsports_8,8,LMP2,driver_job_van_uitert,Job Van Uitert,29,7,535,558,24,22,22,1,0,16,17,100.84,100.84,99.384,100.5388,0.11,-7.426,23.956,46.8405,29.58,official_alkamel_time_cards_driver_stint,64c2452b244d1c2ecb1db01df0735b1a0f631db0d4e74397ed7fa3a89b845978
session_imsa_2025_daytona_rolex_24_race,imsa_2025_daytona_8_stint_030,car_imsa_2025_tower_motorsports_8,8,LMP2,driver_job_van_uitert,Job Van Uitert,30,8,559,581,23,21,21,1,0,17,18,100.558,100.558,99.66,100.6347,-0.305,-7.841,23.885,46.967,29.51,official_alkamel_time_cards_driver_stint,64c2452b244d1c2ecb1db01df0735b1a0f631db0d4e74397ed7fa3a89b845978
session_imsa_2025_daytona_rolex_24_race,imsa_2025_daytona_8_stint_031,car_imsa_2025_tower_motorsports_8,8,LMP2,driver_sebastian_alvarez,Sebastian Alvarez,31,7,582,587,6,4,4,1,0,18,18,119.7025,119.7025,100.027,,15.1325,9.5075,24.5235,54.733,40.565,official_alkamel_time_cards_driver_stint,64c2452b244d1c2ecb1db01df0735b1a0f631db0d4e74397ed7fa3a89b845978
session_imsa_2025_daytona_rolex_24_race,imsa_2025_daytona_8_stint_032,car_imsa_2025_tower_motorsports_8,8,LMP2,driver_sebastian_alvarez,Sebastian Alvarez,32,8,588,613,26,24,24,1,0,18,19,101.653,101.653,100.043,118.0864,0.85,-6.5875,24.484,47.463,30.071,official_alkamel_time_cards_driver_stint,64c2452b244d1c2ecb1db01df0735b1a0f631db0d4e74397ed7fa3a89b845978
session_imsa_2025_daytona_rolex_24_race,imsa_2025_daytona_8_stint_033,car_imsa_2025_tower_motorsports_8,8,LMP2,driver_sebastian_alvarez,Sebastian Alvarez,33,9,614,637,24,22,22,1,0,19,20,100.5415,100.5415,99.68,100.6125,-0.2615,-7.699,23.8815,47.202,29.396,official_alkamel_time_cards_driver_stint,64c2452b244d1c2ecb1db01df0735b1a0f631db0d4e74397ed7fa3a89b845978
session_imsa_2025_daytona_rolex_24_race,imsa_2025_daytona_8_stint_034,car_imsa_2025_tower_motorsports_8,8,LMP2,driver_job_van_uitert,Job Van Uitert,34,9,638,661,24,22,22,1,0,20,20,101.103,101.103,100.211,101.0978,0.265,-7.513,23.9605,47.436,29.5495,official_alkamel_time_cards_driver_stint,64c2452b244d1c2ecb1db01df0735b1a0f631db0d4e74397ed7fa3a89b845978
session_imsa_2025_daytona_rolex_24_race,imsa_2025_daytona_8_stint_035,car_imsa_2025_tower_motorsports_8,8,LMP2,driver_job_van_uitert,Job Van Uitert,35,10,662,685,24,22,22,1,0,20,21,101.9885,101.9885,100.173,102.0087,0.755,-6.732,24.3025,47.804,29.763,official_alkamel_time_cards_driver_stint,64c2452b244d1c2ecb1db01df0735b1a0f631db0d4e74397ed7fa3a89b845978
session_imsa_2025_daytona_rolex_24_race,imsa_2025_daytona_8_stint_036,car_imsa_2025_tower_motorsports_8,8,LMP2,driver_job_van_uitert,Job Van Uitert,36,11,686,701,16,14,14,1,0,21,21,102.3925,102.3925,100.453,,0.8875,-6.4325,24.2105,47.7545,30.077,official_alkamel_time_cards_driver_stint,64c2452b244d1c2ecb1db01df0735b1a0f631db0d4e74397ed7fa3a89b845978
session_imsa_2025_daytona_rolex_24_race,imsa_2025_daytona_8_stint_037,car_imsa_2025_tower_motorsports_8,8,LMP2,driver_sebastien_bourdais,Sebastien Bourdais,37,9,702,726,25,23,23,1,0,22,22,100.767,100.767,99.968,103.9434,-0.76,-8.4415,23.945,47.365,29.469,official_alkamel_time_cards_driver_stint,64c2452b244d1c2ecb1db01df0735b1a0f631db0d4e74397ed7fa3a89b845978
session_imsa_2025_daytona_rolex_24_race,imsa_2025_daytona_8_stint_038,car_imsa_2025_tower_motorsports_8,8,LMP2,driver_sebastien_bourdais,Sebastien Bourdais,38,10,727,738,12,10,10,1,0,22,23,101.6545,101.6545,100.282,,0.1275,-7.554,23.983,47.684,29.476,official_alkamel_time_cards_driver_stint,64c2452b244d1c2ecb1db01df0735b1a0f631db0d4e74397ed7fa3a89b845978
session_imsa_2025_daytona_rolex_24_race,imsa_2025_daytona_8_stint_039,car_imsa_2025_tower_motorsports_8,8,LMP2,driver_sebastien_bourdais,Sebastien Bourdais,39,11,739,765,27,26,26,0,0,23,24,103.5565,103.5565,99.997,102.8457,0.5012,-5.595,24.868,48.783,30.1735,official_alkamel_time_cards_driver_stint,64c2452b244d1c2ecb1db01df0735b1a0f631db0d4e74397ed7fa3a89b845978
session_imsa_2025_daytona_rolex_24_race,imsa_2025_daytona_91_stint_001,car_imsa_2025_trackhouse_by_tf_sport_91,91,GTDPRO,driver_connor_zilisch,Connor Zilisch,1,1,1,30,30,28,28,1,0,0,0,109.749,109.749,108.547,109.5272,0.216,0.585,25.8485,51.169,32.6275,official_alkamel_time_cards_driver_stint,64c2452b244d1c2ecb1db01df0735b1a0f631db0d4e74397ed7fa3a89b845978
session_imsa_2025_daytona_rolex_24_race,imsa_2025_daytona_91_stint_002,car_imsa_2025_trackhouse_by_tf_sport_91,91,GTDPRO,driver_connor_zilisch,Connor Zilisch,2,2,31,60,30,28,28,1,0,0,1,109.889,109.889,109.524,109.987,0.008,0.323,25.86,51.2605,32.78,official_alkamel_time_cards_driver_stint,64c2452b244d1c2ecb1db01df0735b1a0f631db0d4e74397ed7fa3a89b845978
session_imsa_2025_daytona_rolex_24_race,imsa_2025_daytona_91_stint_003,car_imsa_2025_trackhouse_by_tf_sport_91,91,GTDPRO,driver_ben_keating,Ben Keating,3,1,61,62,2,0,0,1,0,1,1,,,,,,,,,,official_alkamel_time_cards_driver_stint,64c2452b244d1c2ecb1db01df0735b1a0f631db0d4e74397ed7fa3a89b845978
session_imsa_2025_daytona_rolex_24_race,imsa_2025_daytona_91_stint_004,car_imsa_2025_trackhouse_by_tf_sport_91,91,GTDPRO,driver_ben_keating,Ben Keating,4,2,63,72,10,8,8,1,0,1,2,110.3165,110.3165,109.606,,0.4595,0.445,25.84,51.3515,33.476,official_alkamel_time_cards_driver_stint,64c2452b244d1c2ecb1db01df0735b1a0f631db0d4e74397ed7fa3a89b845978
session_imsa_2025_daytona_rolex_24_race,imsa_2025_daytona_91_stint_005,car_imsa_2025_trackhouse_by_tf_sport_91,91,GTDPRO,driver_ben_keating,Ben Keating,5,3,73,103,31,29,29,1,0,2,3,110.708,110.708,109.862,110.5429,1.049,1.3415,26.08,51.635,32.963,official_alkamel_time_cards_driver_stint,64c2452b244d1c2ecb1db01df0735b1a0f631db0d4e74397ed7fa3a89b845978
session_imsa_2025_daytona_rolex_24_race,imsa_2025_daytona_91_stint_006,car_imsa_2025_trackhouse_by_tf_sport_91,91,GTDPRO,driver_ben_keating,Ben Keating,6,4,104,131,28,26,26,1,0,3,4,111.14,111.14,110.344,111.0853,1.4785,1.698,26.207,51.8785,33.0585,official_alkamel_time_cards_driver_stint,64c2452b244d1c2ecb1db01df0735b1a0f631db0d4e74397ed7fa3a89b845978
session_imsa_2025_daytona_rolex_24_race,imsa_2025_daytona_91_stint_007,car_imsa_2025_trackhouse_by_tf_sport_91,91,GTDPRO,driver_shane_van_gisbergen,Shane van Gisbergen,7,1,132,163,32,30,30,1,0,4,5,110.0225,110.0225,108.755,109.627,0.1575,0.2405,25.8545,51.3575,32.817,official_alkamel_time_cards_driver_stint,64c2452b244d1c2ecb1db01df0735b1a0f631db0d4e74397ed7fa3a89b845978
session_imsa_2025_daytona_rolex_24_race,imsa_2025_daytona_91_stint_008,car_imsa_2025_trackhouse_by_tf_sport_91,91,GTDPRO,driver_shane_van_gisbergen,Shane van Gisbergen,8,2,164,176,13,11,11,1,0,5,5,110.62,110.62,109.714,,0.746,0.838,25.886,51.649,33.026,official_alkamel_time_cards_driver_stint,64c2452b244d1c2ecb1db01df0735b1a0f631db0d4e74397ed7fa3a89b845978
session_imsa_2025_daytona_rolex_24_race,imsa_2025_daytona_91_stint_009,car_imsa_2025_trackhouse_by_tf_sport_91,91,GTDPRO,driver_shane_van_gisbergen,Shane van Gisbergen,9,3,177,207,31,29,29,1,0,5,6,110.161,110.161,109.31,110.2142,0.62,1.071,25.901,51.307,32.762,official_alkamel_time_cards_driver_stint,64c2452b244d1c2ecb1db01df0735b1a0f631db0d4e74397ed7fa3a89b845978
session_imsa_2025_daytona_rolex_24_race,imsa_2025_daytona_91_stint_010,car_imsa_2025_trackhouse_by_tf_sport_91,91,GTDPRO,driver_connor_zilisch,Connor Zilisch,10,3,208,223,16,14,14,1,0,6,7,108.731,108.731,107.985,,-15.2825,-21.141,25.3515,50.84,32.731,official_alkamel_time_cards_driver_stint,64c2452b244d1c2ecb1db01df0735b1a0f631db0d4e74397ed7fa3a89b845978
session_imsa_2025_daytona_rolex_24_race,imsa_2025_daytona_91_stint_011,car_imsa_2025_trackhouse_by_tf_sport_91,91,GTDPRO,driver_connor_zilisch,Connor Zilisch,11,4,224,258,35,33,33,1,0,7,8,109.631,109.631,108.328,109.3988,0.478,0.505,25.902,51.018,32.749,official_alkamel_time_cards_driver_stint,64c2452b244d1c2ecb1db01df0735b1a0f631db0d4e74397ed7fa3a89b845978
session_imsa_2025_daytona_rolex_24_race,imsa_2025_daytona_91_stint_012,car_imsa_2025_trackhouse_by_tf_sport_91,91,GTDPRO,driver_scott_mclaughlin,Scott McLaughlin,12,1,259,288,30,28,28,1,0,8,9,109.7085,109.7085,108.189,109.3853,0.066,0.1495,25.6155,51.1125,32.787,official_alkamel_time_cards_driver_stint,64c2452b244d1c2ecb1db01df0735b1a0f631db0d4e74397ed7fa3a89b845978
session_imsa_2025_daytona_rolex_24_race,imsa_2025_daytona_91_stint_013,car_imsa_2025_trackhouse_by_tf_sport_91,91,GTDPRO,driver_scott_mclaughlin,Scott McLaughlin,13,2,289,294,6,4,4,1,0,9,9,187.313,187.313,144.137,,77.576,77.623,39.755,87.6665,59.437,official_alkamel_time_cards_driver_stint,64c2452b244d1c2ecb1db01df0735b1a0f631db0d4e74397ed7fa3a89b845978
session_imsa_2025_daytona_rolex_24_race,imsa_2025_daytona_91_stint_014,car_imsa_2025_trackhouse_by_tf_sport_91,91,GTDPRO,driver_scott_mclaughlin,Scott McLaughlin,14,3,295,310,16,14,14,1,0,9,10,109.493,109.493,108.908,,0.223,0.2995,25.693,51.0515,32.7685,official_alkamel_time_cards_driver_stint,64c2452b244d1c2ecb1db01df0735b1a0f631db0d4e74397ed7fa3a89b845978
session_imsa_2025_daytona_rolex_24_race,imsa_2025_daytona_91_stint_015,car_imsa_2025_trackhouse_by_tf_sport_91,91,GTDPRO,driver_shane_van_gisbergen,Shane van Gisbergen,15,4,311,341,31,29,29,1,0,10,11,109.412,109.412,108.477,109.2109,0.142,0.5565,25.62,50.919,32.833,official_alkamel_time_cards_driver_stint,64c2452b244d1c2ecb1db01df0735b1a0f631db0d4e74397ed7fa3a89b845978
session_imsa_2025_daytona_rolex_24_race,imsa_2025_daytona_91_stint_016,car_imsa_2025_trackhouse_by_tf_sport_91,91,GTDPRO,driver_shane_van_gisbergen,Shane van Gisbergen,16,5,342,366,25,23,23,1,0,11,12,109.259,109.259,108.524,109.9307,-0.179,0.2425,25.595,50.893,32.771,official_alkamel_time_cards_driver_stint,64c2452b244d1c2ecb1db01df0735b1a0f631db0d4e74397ed7fa3a89b845978
session_imsa_2025_daytona_rolex_24_race,imsa_2025_daytona_91_stint_017,car_imsa_2025_trackhouse_by_tf_sport_91,91,GTDPRO,driver_shane_van_gisbergen,Shane van Gisbergen,17,6,367,399,33,31,31,1,0,12,13,109.514,109.514,108.395,109.1237,0.186,0.3705,25.712,50.926,32.809,official_alkamel_time_cards_driver_stint,64c2452b244d1c2ecb1db01df0735b1a0f631db0d4e74397ed7fa3a89b845978
session_imsa_2025_daytona_rolex_24_race,imsa_2025_daytona_91_stint_018,car_imsa_2025_trackhouse_by_tf_sport_91,91,GTDPRO,driver_scott_mclaughlin,Scott McLaughlin,18,4,400,414,15,13,13,1,0,13,13,109.23,109.23,108.135,,0.219,0.4035,25.402,50.933,32.673,official_alkamel_time_cards_driver_stint,64c2452b244d1c2ecb1db01df0735b1a0f631db0d4e74397ed7fa3a89b845978
session_imsa_2025_daytona_rolex_24_race,imsa_2025_daytona_91_stint_019,car_imsa_2025_trackhouse_by_tf_sport_91,91,GTDPRO,driver_scott_mclaughlin,Scott McLaughlin,19,5,415,446,32,30,30,1,0,13,15,109.423,109.423,108.831,109.364,-0.084,0.1875,25.798,51.021,32.585,official_alkamel_time_cards_driver_stint,64c2452b244d1c2ecb1db01df0735b1a0f631db0d4e74397ed7fa3a89b845978
session_imsa_2025_daytona_rolex_24_race,imsa_2025_daytona_91_stint_020,car_imsa_2025_trackhouse_by_tf_sport_91,91,GTDPRO,driver_scott_mclaughlin,Scott McLaughlin,20,6,447,471,25,23,23,1,0,15,15,108.725,108.725,107.762,108.7859,-0.4315,0.205,25.478,50.819,32.518,official_alkamel_time_cards_driver_stint,64c2452b244d1c2ecb1db01df0735b1a0f631db0d4e74397ed7fa3a89b845978
session_imsa_2025_daytona_rolex_24_race,imsa_2025_daytona_91_stint_021,car_imsa_2025_trackhouse_by_tf_sport_91,91,GTDPRO,driver_shane_van_gisbergen,Shane van Gisbergen,21,7,472,501,30,28,28,1,0,15,16,109.009,109.009,108.171,108.8718,0.004,0.531,25.5315,50.8165,32.614,official_alkamel_time_cards_driver_stint,64c2452b244d1c2ecb1db01df0735b1a0f631db0d4e74397ed7fa3a89b845978
session_imsa_2025_daytona_rolex_24_race,imsa_2025_daytona_91_stint_022,car_imsa_2025_trackhouse_by_tf_sport_91,91,GTDPRO,driver_connor_zilisch,Connor Zilisch,22,5,502,531,30,28,28,1,0,16,17,108.8235,108.8235,107.43,108.4298,-0.2145,0.5575,25.525,50.716,32.525,official_alkamel_time_cards_driver_stint,64c2452b244d1c2ecb1db01df0735b1a0f631db0d4e74397ed7fa3a89b845978
session_imsa_2025_daytona_rolex_24_race,imsa_2025_daytona_91_stint_023,car_imsa_2025_trackhouse_by_tf_sport_91,91,GTDPRO,driver_connor_zilisch,Connor Zilisch,23,6,532,556,25,23,23,1,0,17,18,108.762,108.762,107.523,110.4637,-1.279,-0.658,25.374,50.756,32.455,official_alkamel_time_cards_driver_stint,64c2452b244d1c2ecb1db01df0735b1a0f631db0d4e74397ed7fa3a89b845978
session_imsa_2025_daytona_rolex_24_race,imsa_2025_daytona_91_stint_024,car_imsa_2025_trackhouse_by_tf_sport_91,91,GTDPRO,driver_scott_mclaughlin,Scott McLaughlin,24,7,557,589,33,31,31,1,0,18,19,109.51,109.51,108.077,109.0217,0.3725,1.1585,25.835,51.16,32.396,official_alkamel_time_cards_driver_stint,64c2452b244d1c2ecb1db01df0735b1a0f631db0d4e74397ed7fa3a89b845978
session_imsa_2025_daytona_rolex_24_race,imsa_2025_daytona_91_stint_025,car_imsa_2025_trackhouse_by_tf_sport_91,91,GTDPRO,driver_scott_mclaughlin,Scott McLaughlin,25,8,590,619,30,28,28,1,0,19,20,109.5345,109.5345,108.491,109.287,0.216,0.9833,25.709,51.3465,32.5285,official_alkamel_time_cards_driver_stint,64c2452b244d1c2ecb1db01df0735b1a0f631db0d4e74397ed7fa3a89b845978
session_imsa_2025_daytona_rolex_24_race,imsa_2025_daytona_91_stint_026,car_imsa_2025_trackhouse_by_tf_sport_91,91,GTDPRO,driver_connor_zilisch,Connor Zilisch,26,7,620,644,25,23,23,1,0,20,21,108.886,108.886,108.167,108.8237,-0.547,0.127,25.627,50.935,32.344,official_alkamel_time_cards_driver_stint,64c2452b244d1c2ecb1db01df0735b1a0f631db0d4e74397ed7fa3a89b845978
session_imsa_2025_daytona_rolex_24_race,imsa_2025_daytona_91_stint_027,car_imsa_2025_trackhouse_by_tf_sport_91,91,GTDPRO,driver_connor_zilisch,Connor Zilisch,27,8,645,663,19,17,17,1,0,21,22,108.639,108.639,108.074,,-0.794,-0.186,25.563,50.808,32.343,official_alkamel_time_cards_driver_stint,64c2452b244d1c2ecb1db01df0735b1a0f631db0d4e74397ed7fa3a89b845978
session_imsa_2025_daytona_rolex_24_race,imsa_2025_daytona_91_stint_028,car_imsa_2025_trackhouse_by_tf_sport_91,91,GTDPRO,driver_connor_zilisch,Connor Zilisch,28,9,664,698,35,33,33,1,0,22,23,109.51,109.51,107.901,109.0741,-0.198,0.3015,26.091,51.131,32.406,official_alkamel_time_cards_driver_stint,64c2452b244d1c2ecb1db01df0735b1a0f631db0d4e74397ed7fa3a89b845978
session_imsa_2025_daytona_rolex_24_race,imsa_2025_daytona_91_stint_029,car_imsa_2025_trackhouse_by_tf_sport_91,91,GTDPRO,driver_connor_zilisch,Connor Zilisch,29,10,699,702,4,2,2,1,0,23,23,165.2895,165.2895,159.043,,55.8805,56.4025,37.9405,75.2745,52.0745,official_alkamel_time_cards_driver_stint,64c2452b244d1c2ecb1db01df0735b1a0f631db0d4e74397ed7fa3a89b845978
session_imsa_2025_daytona_rolex_24_race,imsa_2025_daytona_91_stint_030,car_imsa_2025_trackhouse_by_tf_sport_91,91,GTDPRO,driver_connor_zilisch,Connor Zilisch,30,11,703,704,2,0,0,1,0,23,23,,,,,,,,,,official_alkamel_time_cards_driver_stint,64c2452b244d1c2ecb1db01df0735b1a0f631db0d4e74397ed7fa3a89b845978
session_imsa_2025_daytona_rolex_24_race,imsa_2025_daytona_91_stint_031,car_imsa_2025_trackhouse_by_tf_sport_91,91,GTDPRO,driver_connor_zilisch,Connor Zilisch,31,12,705,722,18,17,17,0,0,23,24,108.872,108.872,107.682,,-0.537,-0.015,25.652,50.894,32.306,official_alkamel_time_cards_driver_stint,64c2452b244d1c2ecb1db01df0735b1a0f631db0d4e74397ed7fa3a89b845978
session_imsa_2025_daytona_rolex_24_race,imsa_2025_daytona_021_stint_001,car_imsa_2025_triarsi_competizione_021,021,GTD,driver_james_calado,James Calado,1,1,1,30,30,28,28,1,0,0,0,109.6275,109.6275,108.88,109.6419,-0.639,0.4635,25.842,51.1885,32.5385,official_alkamel_time_cards_driver_stint,64c2452b244d1c2ecb1db01df0735b1a0f631db0d4e74397ed7fa3a89b845978
session_imsa_2025_daytona_rolex_24_race,imsa_2025_daytona_021_stint_002,car_imsa_2025_triarsi_competizione_021,021,GTD,driver_sheena_monk,Sheena Monk,2,1,31,60,30,28,28,1,0,0,1,111.963,111.963,110.451,112.0074,1.497,2.397,26.2665,52.0805,33.521,official_alkamel_time_cards_driver_stint,64c2452b244d1c2ecb1db01df0735b1a0f631db0d4e74397ed7fa3a89b845978
session_imsa_2025_daytona_rolex_24_race,imsa_2025_daytona_021_stint_003,car_imsa_2025_triarsi_competizione_021,021,GTD,driver_sheena_monk,Sheena Monk,3,2,61,72,12,10,10,1,0,1,2,110.8165,110.8165,109.336,,0.0825,1.0977,26.061,51.586,33.471,official_alkamel_time_cards_driver_stint,64c2452b244d1c2ecb1db01df0735b1a0f631db0d4e74397ed7fa3a89b845978
session_imsa_2025_daytona_rolex_24_race,imsa_2025_daytona_021_stint_004,car_imsa_2025_triarsi_competizione_021,021,GTD,driver_sheena_monk,Sheena Monk,4,3,73,104,32,30,30,1,0,2,3,112.3535,112.3535,111.059,111.9491,1.6475,2.653,26.244,52.079,33.4305,official_alkamel_time_cards_driver_stint,64c2452b244d1c2ecb1db01df0735b1a0f631db0d4e74397ed7fa3a89b845978
session_imsa_2025_daytona_rolex_24_race,imsa_2025_daytona_021_stint_005,car_imsa_2025_triarsi_competizione_021,021,GTD,driver_stevan_mcaleer,Stevan McAleer,5,1,105,131,27,25,25,1,0,3,4,110.226,110.226,108.891,109.9888,0.0195,0.858,25.775,51.423,32.97,official_alkamel_time_cards_driver_stint,64c2452b244d1c2ecb1db01df0735b1a0f631db0d4e74397ed7fa3a89b845978
session_imsa_2025_daytona_rolex_24_race,imsa_2025_daytona_021_stint_006,car_imsa_2025_triarsi_competizione_021,021,GTD,driver_mike_skeen,Mike Skeen,6,1,132,162,31,29,29,1,0,4,5,110.131,110.131,109.318,110.136,-0.5125,0.283,25.854,51.317,32.953,official_alkamel_time_cards_driver_stint,64c2452b244d1c2ecb1db01df0735b1a0f631db0d4e74397ed7fa3a89b845978
session_imsa_2025_daytona_rolex_24_race,imsa_2025_daytona_021_stint_007,car_imsa_2025_triarsi_competizione_021,021,GTD,driver_james_calado,James Calado,7,2,163,194,32,30,30,1,0,5,6,109.36,109.36,108.151,126.5983,-0.949,0.097,25.756,51.075,32.556,official_alkamel_time_cards_driver_stint,64c2452b244d1c2ecb1db01df0735b1a0f631db0d4e74397ed7fa3a89b845978
session_imsa_2025_daytona_rolex_24_race,imsa_2025_daytona_021_stint_008,car_imsa_2025_triarsi_competizione_021,021,GTD,driver_sheena_monk,Sheena Monk,8,4,195,221,27,25,25,1,0,6,7,112.187,112.187,111.265,112.1816,1.429,2.939,26.633,51.882,33.755,official_alkamel_time_cards_driver_stint,64c2452b244d1c2ecb1db01df0735b1a0f631db0d4e74397ed7fa3a89b845978
session_imsa_2025_daytona_rolex_24_race,imsa_2025_daytona_021_stint_009,car_imsa_2025_triarsi_competizione_021,021,GTD,driver_sheena_monk,Sheena Monk,9,5,222,255,34,32,32,1,0,7,8,111.7665,111.7665,110.049,111.1681,1.3725,2.2795,26.344,51.8355,33.4825,official_alkamel_time_cards_driver_stint,64c2452b244d1c2ecb1db01df0735b1a0f631db0d4e74397ed7fa3a89b845978
session_imsa_2025_daytona_rolex_24_race,imsa_2025_daytona_021_stint_010,car_imsa_2025_triarsi_competizione_021,021,GTD,driver_stevan_mcaleer,Stevan McAleer,10,2,256,284,29,27,27,1,0,8,9,110.043,110.043,109.263,109.9408,-0.0635,0.66,25.798,51.292,32.947,official_alkamel_time_cards_driver_stint,64c2452b244d1c2ecb1db01df0735b1a0f631db0d4e74397ed7fa3a89b845978
session_imsa_2025_daytona_rolex_24_race,imsa_2025_daytona_021_stint_011,car_imsa_2025_triarsi_competizione_021,021,GTD,driver_stevan_mcaleer,Stevan McAleer,11,3,285,307,23,21,21,1,0,9,10,115.307,115.307,108.155,134.2852,4.9635,5.617,26.458,52.038,34.957,official_alkamel_time_cards_driver_stint,64c2452b244d1c2ecb1db01df0735b1a0f631db0d4e74397ed7fa3a89b845978
session_imsa_2025_daytona_rolex_24_race,imsa_2025_daytona_021_stint_012,car_imsa_2025_triarsi_competizione_021,021,GTD,driver_mike_skeen,Mike Skeen,12,2,308,337,30,28,28,1,0,10,11,110.0745,110.0745,108.523,109.8024,0.1765,1.0805,25.827,51.3015,32.899,official_alkamel_time_cards_driver_stint,64c2452b244d1c2ecb1db01df0735b1a0f631db0d4e74397ed7fa3a89b845978
session_imsa_2025_daytona_rolex_24_race,imsa_2025_daytona_021_stint_013,car_imsa_2025_triarsi_competizione_021,021,GTD,driver_james_calado,James Calado,13,3,338,362,25,23,23,1,0,11,12,109.073,109.073,107.963,108.9444,-0.897,-0.0625,25.549,50.853,32.649,official_alkamel_time_cards_driver_stint,64c2452b244d1c2ecb1db01df0735b1a0f631db0d4e74397ed7fa3a89b845978
session_imsa_2025_daytona_rolex_24_race,imsa_2025_daytona_021_stint_014,car_imsa_2025_triarsi_competizione_021,021,GTD,driver_stevan_mcaleer,Stevan McAleer,14,4,363,394,32,30,30,1,0,12,13,110.068,110.068,108.784,109.8712,0.0625,0.8145,25.9895,51.144,32.8455,official_alkamel_time_cards_driver_stint,64c2452b244d1c2ecb1db01df0735b1a0f631db0d4e74397ed7fa3a89b845978
session_imsa_2025_daytona_rolex_24_race,imsa_2025_daytona_021_stint_015,car_imsa_2025_triarsi_competizione_021,021,GTD,driver_stevan_mcaleer,Stevan McAleer,15,5,395,428,34,32,32,1,0,13,14,109.634,109.634,108.193,132.7725,-0.1495,0.5485,25.8665,51.1035,32.755,official_alkamel_time_cards_driver_stint,64c2452b244d1c2ecb1db01df0735b1a0f631db0d4e74397ed7fa3a89b845978
session_imsa_2025_daytona_rolex_24_race,imsa_2025_daytona_021_stint_016,car_imsa_2025_triarsi_competizione_021,021,GTD,driver_mike_skeen,Mike Skeen,16,3,429,457,29,27,27,1,0,14,15,109.975,109.975,109.364,110.1407,0.482,1.339,25.958,51.117,32.968,official_alkamel_time_cards_driver_stint,64c2452b244d1c2ecb1db01df0735b1a0f631db0d4e74397ed7fa3a89b845978
session_imsa_2025_daytona_rolex_24_race,imsa_2025_daytona_021_stint_017,car_imsa_2025_triarsi_competizione_021,021,GTD,driver_mike_skeen,Mike Skeen,17,4,458,486,29,27,27,1,0,15,16,109.438,109.438,108.673,109.6285,0.16,0.96,25.599,51.028,32.798,official_alkamel_time_cards_driver_stint,64c2452b244d1c2ecb1db01df0735b1a0f631db0d4e74397ed7fa3a89b845978
session_imsa_2025_daytona_rolex_24_race,imsa_2025_daytona_021_stint_018,car_imsa_2025_triarsi_competizione_021,021,GTD,driver_james_calado,James Calado,18,4,487,515,29,27,27,1,0,16,17,109.145,109.145,107.403,108.8738,-0.103,0.811,25.624,50.891,32.568,official_alkamel_time_cards_driver_stint,64c2452b244d1c2ecb1db01df0735b1a0f631db0d4e74397ed7fa3a89b845978
session_imsa_2025_daytona_rolex_24_race,imsa_2025_daytona_021_stint_019,car_imsa_2025_triarsi_competizione_021,021,GTD,driver_james_calado,James Calado,19,5,516,544,29,27,27,1,0,17,18,109.38,109.38,107.835,108.9426,-0.601,0.127,25.569,51.03,32.64,official_alkamel_time_cards_driver_stint,64c2452b244d1c2ecb1db01df0735b1a0f631db0d4e74397ed7fa3a89b845978
session_imsa_2025_daytona_rolex_24_race,imsa_2025_daytona_021_stint_020,car_imsa_2025_triarsi_competizione_021,021,GTD,driver_stevan_mcaleer,Stevan McAleer,20,6,545,578,34,32,32,1,0,18,19,110.854,110.854,108.742,119.9772,0.866,1.8803,26.07,51.567,32.947,official_alkamel_time_cards_driver_stint,64c2452b244d1c2ecb1db01df0735b1a0f631db0d4e74397ed7fa3a89b845978
session_imsa_2025_daytona_rolex_24_race,imsa_2025_daytona_021_stint_021,car_imsa_2025_triarsi_competizione_021,021,GTD,driver_stevan_mcaleer,Stevan McAleer,21,7,579,607,29,27,27,1,0,19,20,109.912,109.912,108.449,109.693,0.46,1.453,25.79,51.305,32.748,official_alkamel_time_cards_driver_stint,64c2452b244d1c2ecb1db01df0735b1a0f631db0d4e74397ed7fa3a89b845978
session_imsa_2025_daytona_rolex_24_race,imsa_2025_daytona_021_stint_022,car_imsa_2025_triarsi_competizione_021,021,GTD,driver_mike_skeen,Mike Skeen,22,5,608,636,29,27,27,1,0,20,21,109.646,109.646,108.373,109.4333,0.1385,0.967,25.628,51.281,32.676,official_alkamel_time_cards_driver_stint,64c2452b244d1c2ecb1db01df0735b1a0f631db0d4e74397ed7fa3a89b845978
session_imsa_2025_daytona_rolex_24_race,imsa_2025_daytona_021_stint_023,car_imsa_2025_triarsi_competizione_021,021,GTD,driver_mike_skeen,Mike Skeen,23,6,637,659,23,21,21,1,0,21,22,109.8,109.8,109.326,113.6333,0.2195,0.975,25.767,51.261,32.811,official_alkamel_time_cards_driver_stint,64c2452b244d1c2ecb1db01df0735b1a0f631db0d4e74397ed7fa3a89b845978
session_imsa_2025_daytona_rolex_24_race,imsa_2025_daytona_021_stint_024,car_imsa_2025_triarsi_competizione_021,021,GTD,driver_james_calado,James Calado,24,6,660,688,29,27,27,1,0,22,22,109.726,109.726,108.674,109.5856,-0.012,0.5175,26.018,51.271,32.393,official_alkamel_time_cards_driver_stint,64c2452b244d1c2ecb1db01df0735b1a0f631db0d4e74397ed7fa3a89b845978
session_imsa_2025_daytona_rolex_24_race,imsa_2025_daytona_023_stint_001,car_imsa_2025_triarsi_competizione_023,023,GTD,driver_charles_scardina,Charles Scardina,1,1,1,30,30,28,28,1,0,0,0,111.3115,111.3115,110.368,111.3757,1.045,2.1475,26.2075,51.8755,33.1995,official_alkamel_time_cards_driver_stint,64c2452b244d1c2ecb1db01df0735b1a0f631db0d4e74397ed7fa3a89b845978
session_imsa_2025_daytona_rolex_24_race,imsa_2025_daytona_023_stint_002,car_imsa_2025_triarsi_competizione_023,023,GTD,driver_charles_scardina,Charles Scardina,2,2,31,59,29,27,27,1,0,0,1,110.899,110.899,109.947,110.8633,0.433,1.333,25.971,51.751,33.149,official_alkamel_time_cards_driver_stint,64c2452b244d1c2ecb1db01df0735b1a0f631db0d4e74397ed7fa3a89b845978
session_imsa_2025_daytona_rolex_24_race,imsa_2025_daytona_023_stint_003,car_imsa_2025_triarsi_competizione_023,023,GTD,driver_onofrio_triarsi,Onofrio Triarsi,3,1,60,72,13,11,11,1,0,1,2,110.034,110.034,108.835,,-0.517,0.383,25.761,51.335,32.931,official_alkamel_time_cards_driver_stint,64c2452b244d1c2ecb1db01df0735b1a0f631db0d4e74397ed7fa3a89b845978
session_imsa_2025_daytona_rolex_24_race,imsa_2025_daytona_023_stint_004,car_imsa_2025_triarsi_competizione_023,023,GTD,driver_onofrio_triarsi,Onofrio Triarsi,4,2,73,102,30,28,28,1,0,2,3,110.4735,110.4735,109.592,110.8226,0.014,1.0652,26.047,51.5565,32.892,official_alkamel_time_cards_driver_stint,64c2452b244d1c2ecb1db01df0735b1a0f631db0d4e74397ed7fa3a89b845978
session_imsa_2025_daytona_rolex_24_race,imsa_2025_daytona_023_stint_005,car_imsa_2025_triarsi_competizione_023,023,GTD,driver_eddie_cheever,Eddie Cheever,5,1,103,131,29,27,27,1,0,3,4,110.064,110.064,109.219,109.897,0.075,0.843,25.736,51.355,32.881,official_alkamel_time_cards_driver_stint,64c2452b244d1c2ecb1db01df0735b1a0f631db0d4e74397ed7fa3a89b845978
session_imsa_2025_daytona_rolex_24_race,imsa_2025_daytona_023_stint_006,car_imsa_2025_triarsi_competizione_023,023,GTD,driver_alessio_rovera,Alessio Rovera,6,1,132,162,31,29,29,1,0,4,5,110.933,110.933,109.595,110.7932,0.2845,1.123,26.169,51.592,33.074,official_alkamel_time_cards_driver_stint,64c2452b244d1c2ecb1db01df0735b1a0f631db0d4e74397ed7fa3a89b845978
session_imsa_2025_daytona_rolex_24_race,imsa_2025_daytona_023_stint_007,car_imsa_2025_triarsi_competizione_023,023,GTD,driver_alessio_rovera,Alessio Rovera,7,2,163,175,13,11,11,1,0,5,5,109.787,109.787,107.935,,-0.735,0.005,25.331,51.163,33.003,official_alkamel_time_cards_driver_stint,64c2452b244d1c2ecb1db01df0735b1a0f631db0d4e74397ed7fa3a89b845978
session_imsa_2025_daytona_rolex_24_race,imsa_2025_daytona_023_stint_008,car_imsa_2025_triarsi_competizione_023,023,GTD,driver_alessio_rovera,Alessio Rovera,8,3,176,206,31,29,29,1,0,5,6,109.986,109.986,109.127,109.9586,-0.273,0.942,25.976,51.309,32.687,official_alkamel_time_cards_driver_stint,64c2452b244d1c2ecb1db01df0735b1a0f631db0d4e74397ed7fa3a89b845978
session_imsa_2025_daytona_rolex_24_race,imsa_2025_daytona_023_stint_009,car_imsa_2025_triarsi_competizione_023,023,GTD,driver_charles_scardina,Charles Scardina,9,3,207,221,15,13,13,1,0,6,7,111.17,111.17,110.695,,0.436,1.651,26.316,51.68,33.357,official_alkamel_time_cards_driver_stint,64c2452b244d1c2ecb1db01df0735b1a0f631db0d4e74397ed7fa3a89b845978
session_imsa_2025_daytona_rolex_24_race,imsa_2025_daytona_023_stint_010,car_imsa_2025_triarsi_competizione_023,023,GTD,driver_charles_scardina,Charles Scardina,10,4,222,254,33,31,31,1,0,7,8,111.692,111.692,110.105,111.0715,1.4945,2.421,26.406,51.793,33.436,official_alkamel_time_cards_driver_stint,64c2452b244d1c2ecb1db01df0735b1a0f631db0d4e74397ed7fa3a89b845978
session_imsa_2025_daytona_rolex_24_race,imsa_2025_daytona_023_stint_011,car_imsa_2025_triarsi_competizione_023,023,GTD,driver_charles_scardina,Charles Scardina,11,5,255,284,30,28,28,1,0,8,9,110.422,110.422,109.261,110.0611,0.221,0.8775,25.8725,51.3245,33.084,official_alkamel_time_cards_driver_stint,64c2452b244d1c2ecb1db01df0735b1a0f631db0d4e74397ed7fa3a89b845978
session_imsa_2025_daytona_rolex_24_race,imsa_2025_daytona_023_stint_012,car_imsa_2025_triarsi_competizione_023,023,GTD,driver_onofrio_triarsi,Onofrio Triarsi,12,3,285,290,6,4,4,1,0,9,9,130.5565,130.5565,115.925,,20.213,20.8665,26.8925,55.5285,41.5465,official_alkamel_time_cards_driver_stint,64c2452b244d1c2ecb1db01df0735b1a0f631db0d4e74397ed7fa3a89b845978
session_imsa_2025_daytona_rolex_24_race,imsa_2025_daytona_023_stint_013,car_imsa_2025_triarsi_competizione_023,023,GTD,driver_charles_scardina,Charles Scardina,13,6,291,291,1,0,0,1,0,9,9,,,,,,,,,,official_alkamel_time_cards_driver_stint,64c2452b244d1c2ecb1db01df0735b1a0f631db0d4e74397ed7fa3a89b845978
session_imsa_2025_daytona_rolex_24_race,imsa_2025_daytona_023_stint_014,car_imsa_2025_triarsi_competizione_023,023,GTD,driver_onofrio_triarsi,Onofrio Triarsi,14,4,292,307,16,14,14,1,0,9,10,110.4175,110.4175,109.327,,0.24,1.224,25.899,51.4395,33.2975,official_alkamel_time_cards_driver_stint,64c2452b244d1c2ecb1db01df0735b1a0f631db0d4e74397ed7fa3a89b845978
session_imsa_2025_daytona_rolex_24_race,imsa_2025_daytona_023_stint_015,car_imsa_2025_triarsi_competizione_023,023,GTD,driver_onofrio_triarsi,Onofrio Triarsi,15,5,308,338,31,29,29,1,0,10,11,110.817,110.817,110.081,110.8201,1.0025,1.8465,26.172,51.539,33.069,official_alkamel_time_cards_driver_stint,64c2452b244d1c2ecb1db01df0735b1a0f631db0d4e74397ed7fa3a89b845978
session_imsa_2025_daytona_rolex_24_race,imsa_2025_daytona_023_stint_016,car_imsa_2025_triarsi_competizione_023,023,GTD,driver_eddie_cheever,Eddie Cheever,16,2,339,362,24,22,22,1,0,11,12,109.954,109.954,108.569,110.5291,0.281,1.0915,25.688,51.2185,32.977,official_alkamel_time_cards_driver_stint,64c2452b244d1c2ecb1db01df0735b1a0f631db0d4e74397ed7fa3a89b845978
session_imsa_2025_daytona_rolex_24_race,imsa_2025_daytona_023_stint_017,car_imsa_2025_triarsi_competizione_023,023,GTD,driver_eddie_cheever,Eddie Cheever,17,3,363,393,31,29,29,1,0,12,13,109.681,109.681,107.967,109.7912,0.006,0.8145,25.752,51.208,32.833,official_alkamel_time_cards_driver_stint,64c2452b244d1c2ecb1db01df0735b1a0f631db0d4e74397ed7fa3a89b845978
session_imsa_2025_daytona_rolex_24_race,imsa_2025_daytona_023_stint_018,car_imsa_2025_triarsi_competizione_023,023,GTD,driver_alessio_rovera,Alessio Rovera,18,4,394,410,17,15,15,1,0,13,13,109.265,109.265,107.954,,-0.375,0.4385,25.592,51.014,32.718,official_alkamel_time_cards_driver_stint,64c2452b244d1c2ecb1db01df0735b1a0f631db0d4e74397ed7fa3a89b845978
session_imsa_2025_daytona_rolex_24_race,imsa_2025_daytona_023_stint_019,car_imsa_2025_triarsi_competizione_023,023,GTD,driver_alessio_rovera,Alessio Rovera,19,5,411,441,31,29,29,1,0,13,14,109.905,109.905,109.035,109.7404,0.087,0.6695,25.905,51.143,32.739,official_alkamel_time_cards_driver_stint,64c2452b244d1c2ecb1db01df0735b1a0f631db0d4e74397ed7fa3a89b845978
session_imsa_2025_daytona_rolex_24_race,imsa_2025_daytona_023_stint_020,car_imsa_2025_triarsi_competizione_023,023,GTD,driver_onofrio_triarsi,Onofrio Triarsi,20,6,442,470,29,27,27,1,0,15,15,109.792,109.792,108.801,109.6819,0.324,1.272,25.897,51.164,32.792,official_alkamel_time_cards_driver_stint,64c2452b244d1c2ecb1db01df0735b1a0f631db0d4e74397ed7fa3a89b845978
session_imsa_2025_daytona_rolex_24_race,imsa_2025_daytona_023_stint_021,car_imsa_2025_triarsi_competizione_023,023,GTD,driver_onofrio_triarsi,Onofrio Triarsi,21,7,471,499,29,27,27,1,0,15,16,109.67,109.67,108.664,109.4156,0.422,1.192,25.704,51.157,32.796,official_alkamel_time_cards_driver_stint,64c2452b244d1c2ecb1db01df0735b1a0f631db0d4e74397ed7fa3a89b845978
session_imsa_2025_daytona_rolex_24_race,imsa_2025_daytona_023_stint_022,car_imsa_2025_triarsi_competizione_023,023,GTD,driver_eddie_cheever,Eddie Cheever,22,4,500,527,28,26,26,1,0,16,17,109.406,109.406,108.117,109.1188,0.148,1.14,25.5875,50.9575,32.8085,official_alkamel_time_cards_driver_stint,64c2452b244d1c2ecb1db01df0735b1a0f631db0d4e74397ed7fa3a89b845978
session_imsa_2025_daytona_rolex_24_race,imsa_2025_daytona_023_stint_023,car_imsa_2025_triarsi_competizione_023,023,GTD,driver_alessio_rovera,Alessio Rovera,23,6,528,552,25,23,23,1,0,17,18,109.125,109.125,107.931,109.796,-1.02,-0.104,25.49,51.061,32.646,official_alkamel_time_cards_driver_stint,64c2452b244d1c2ecb1db01df0735b1a0f631db0d4e74397ed7fa3a89b845978
session_imsa_2025_daytona_rolex_24_race,imsa_2025_daytona_023_stint_024,car_imsa_2025_triarsi_competizione_023,023,GTD,driver_alessio_rovera,Alessio Rovera,24,7,553,562,10,8,8,1,0,18,18,142.5015,142.5015,111.386,,31.7785,32.3065,31.11,74.08,42.515,official_alkamel_time_cards_driver_stint,64c2452b244d1c2ecb1db01df0735b1a0f631db0d4e74397ed7fa3a89b845978
session_imsa_2025_daytona_rolex_24_race,imsa_2025_daytona_023_stint_025,car_imsa_2025_triarsi_competizione_023,023,GTD,driver_alessio_rovera,Alessio Rovera,25,8,563,563,1,0,0,1,0,19,19,,,,,,,,,,official_alkamel_time_cards_driver_stint,64c2452b244d1c2ecb1db01df0735b1a0f631db0d4e74397ed7fa3a89b845978
session_imsa_2025_daytona_rolex_24_race,imsa_2025_daytona_023_stint_026,car_imsa_2025_triarsi_competizione_023,023,GTD,driver_alessio_rovera,Alessio Rovera,26,9,564,564,1,0,0,1,0,20,20,,,,,,,,,,official_alkamel_time_cards_driver_stint,64c2452b244d1c2ecb1db01df0735b1a0f631db0d4e74397ed7fa3a89b845978
session_imsa_2025_daytona_rolex_24_race,imsa_2025_daytona_023_stint_027,car_imsa_2025_triarsi_competizione_023,023,GTD,driver_alessio_rovera,Alessio Rovera,27,10,565,566,2,0,0,1,0,20,20,,,,,,,,,,official_alkamel_time_cards_driver_stint,64c2452b244d1c2ecb1db01df0735b1a0f631db0d4e74397ed7fa3a89b845978
session_imsa_2025_daytona_rolex_24_race,imsa_2025_daytona_023_stint_028,car_imsa_2025_triarsi_competizione_023,023,GTD,driver_alessio_rovera,Alessio Rovera,28,11,567,567,1,0,0,1,0,20,20,,,,,,,,,,official_alkamel_time_cards_driver_stint,64c2452b244d1c2ecb1db01df0735b1a0f631db0d4e74397ed7fa3a89b845978
session_imsa_2025_daytona_rolex_24_race,imsa_2025_daytona_023_stint_029,car_imsa_2025_triarsi_competizione_023,023,GTD,driver_alessio_rovera,Alessio Rovera,29,12,568,569,2,1,1,0,0,20,20,110.651,110.651,110.651,,1.1435,2.035,26.379,51.293,32.979,official_alkamel_time_cards_driver_stint,64c2452b244d1c2ecb1db01df0735b1a0f631db0d4e74397ed7fa3a89b845978
session_imsa_2025_daytona_rolex_24_race,imsa_2025_daytona_96_stint_001,car_imsa_2025_turner_motorsport_96,96,GTD,driver_robby_foley,Robby Foley,1,1,1,29,29,27,27,1,0,0,0,110.216,110.216,109.532,110.2238,-0.0505,1.052,25.987,51.445,32.822,official_alkamel_time_cards_driver_stint,64c2452b244d1c2ecb1db01df0735b1a0f631db0d4e74397ed7fa3a89b845978
session_imsa_2025_daytona_rolex_24_race,imsa_2025_daytona_96_stint_002,car_imsa_2025_turner_motorsport_96,96,GTD,driver_patrick_gallagher,Patrick Gallagher,2,1,30,57,28,26,26,1,0,0,1,110.4125,110.4125,109.271,110.293,-0.0303,0.8805,25.9665,51.4715,32.8855,official_alkamel_time_cards_driver_stint,64c2452b244d1c2ecb1db01df0735b1a0f631db0d4e74397ed7fa3a89b845978
session_imsa_2025_daytona_rolex_24_race,imsa_2025_daytona_96_stint_003,car_imsa_2025_turner_motorsport_96,96,GTD,driver_patrick_gallagher,Patrick Gallagher,3,2,58,72,15,13,13,1,0,1,2,109.916,109.916,108.774,,-0.55,0.35,25.599,51.299,32.828,official_alkamel_time_cards_driver_stint,64c2452b244d1c2ecb1db01df0735b1a0f631db0d4e74397ed7fa3a89b845978
session_imsa_2025_daytona_rolex_24_race,imsa_2025_daytona_96_stint_004,car_imsa_2025_turner_motorsport_96,96,GTD,driver_patrick_gallagher,Patrick Gallagher,4,3,73,102,30,28,28,1,0,2,3,110.5835,110.5835,109.735,110.4554,0.0915,1.0407,26.279,51.5405,32.791,official_alkamel_time_cards_driver_stint,64c2452b244d1c2ecb1db01df0735b1a0f631db0d4e74397ed7fa3a89b845978
session_imsa_2025_daytona_rolex_24_race,imsa_2025_daytona_96_stint_005,car_imsa_2025_turner_motorsport_96,96,GTD,driver_jake_walker,Jake Walker,5,1,103,104,2,0,0,1,0,3,3,,,,,,,,,,official_alkamel_time_cards_driver_stint,64c2452b244d1c2ecb1db01df0735b1a0f631db0d4e74397ed7fa3a89b845978
session_imsa_2025_daytona_rolex_24_race,imsa_2025_daytona_96_stint_006,car_imsa_2025_turner_motorsport_96,96,GTD,driver_jake_walker,Jake Walker,6,2,105,133,29,27,27,1,0,3,4,109.895,109.895,108.999,109.8438,-0.094,0.674,25.881,51.244,32.807,official_alkamel_time_cards_driver_stint,64c2452b244d1c2ecb1db01df0735b1a0f631db0d4e74397ed7fa3a89b845978
session_imsa_2025_daytona_rolex_24_race,imsa_2025_daytona_96_stint_007,car_imsa_2025_turner_motorsport_96,96,GTD,driver_jake_walker,Jake Walker,7,3,134,162,29,27,27,1,0,4,5,110.622,110.622,109.351,110.5986,0.0045,0.785,26.183,51.391,32.923,official_alkamel_time_cards_driver_stint,64c2452b244d1c2ecb1db01df0735b1a0f631db0d4e74397ed7fa3a89b845978
session_imsa_2025_daytona_rolex_24_race,imsa_2025_daytona_96_stint_008,car_imsa_2025_turner_motorsport_96,96,GTD,driver_jens_klingmann,Jens Klingmann,8,1,163,191,29,27,27,1,0,5,6,109.809,109.809,107.983,127.8294,-0.713,0.485,25.925,51.055,32.77,official_alkamel_time_cards_driver_stint,64c2452b244d1c2ecb1db01df0735b1a0f631db0d4e74397ed7fa3a89b845978
session_imsa_2025_daytona_rolex_24_race,imsa_2025_daytona_96_stint_009,car_imsa_2025_turner_motorsport_96,96,GTD,driver_patrick_gallagher,Patrick Gallagher,9,4,192,221,30,28,28,1,0,6,7,109.96,109.96,109.538,109.935,-0.3425,0.8725,25.9625,51.234,32.802,official_alkamel_time_cards_driver_stint,64c2452b244d1c2ecb1db01df0735b1a0f631db0d4e74397ed7fa3a89b845978
session_imsa_2025_daytona_rolex_24_race,imsa_2025_daytona_96_stint_010,car_imsa_2025_turner_motorsport_96,96,GTD,driver_robby_foley,Robby Foley,10,2,222,254,33,31,31,1,0,7,8,110.081,110.081,108.215,109.6595,-0.1385,0.786,26.087,51.187,32.968,official_alkamel_time_cards_driver_stint,64c2452b244d1c2ecb1db01df0735b1a0f631db0d4e74397ed7fa3a89b845978
session_imsa_2025_daytona_rolex_24_race,imsa_2025_daytona_96_stint_011,car_imsa_2025_turner_motorsport_96,96,GTD,driver_jake_walker,Jake Walker,11,4,255,283,29,27,27,1,0,8,9,109.546,109.546,108.479,109.5651,-0.4935,0.16,25.825,50.826,32.817,official_alkamel_time_cards_driver_stint,64c2452b244d1c2ecb1db01df0735b1a0f631db0d4e74397ed7fa3a89b845978
session_imsa_2025_daytona_rolex_24_race,imsa_2025_daytona_96_stint_012,car_imsa_2025_turner_motorsport_96,96,GTD,driver_jake_walker,Jake Walker,12,5,284,307,24,22,22,1,0,9,10,112.715,112.715,109.135,136.709,2.4545,3.2732,26.869,51.828,33.99,official_alkamel_time_cards_driver_stint,64c2452b244d1c2ecb1db01df0735b1a0f631db0d4e74397ed7fa3a89b845978
session_imsa_2025_daytona_rolex_24_race,imsa_2025_daytona_96_stint_013,car_imsa_2025_turner_motorsport_96,96,GTD,driver_jens_klingmann,Jens Klingmann,13,2,308,331,24,22,22,1,0,10,11,109.173,109.173,108.308,110.7057,-0.8055,0.119,25.818,50.794,32.512,official_alkamel_time_cards_driver_stint,64c2452b244d1c2ecb1db01df0735b1a0f631db0d4e74397ed7fa3a89b845978
session_imsa_2025_daytona_rolex_24_race,imsa_2025_daytona_96_stint_014,car_imsa_2025_turner_motorsport_96,96,GTD,driver_jens_klingmann,Jens Klingmann,14,3,332,362,31,29,29,1,0,11,12,109.226,109.226,108.801,109.2192,-0.483,0.3515,25.8,50.887,32.59,official_alkamel_time_cards_driver_stint,64c2452b244d1c2ecb1db01df0735b1a0f631db0d4e74397ed7fa3a89b845978
session_imsa_2025_daytona_rolex_24_race,imsa_2025_daytona_96_stint_015,car_imsa_2025_turner_motorsport_96,96,GTD,driver_robby_foley,Robby Foley,15,3,363,386,24,22,22,1,0,12,13,109.019,109.019,108.224,117.9001,-0.8712,-0.0585,25.65,50.9375,32.5535,official_alkamel_time_cards_driver_stint,64c2452b244d1c2ecb1db01df0735b1a0f631db0d4e74397ed7fa3a89b845978
session_imsa_2025_daytona_rolex_24_race,imsa_2025_daytona_96_stint_016,car_imsa_2025_turner_motorsport_96,96,GTD,driver_robby_foley,Robby Foley,16,4,387,410,24,22,22,1,0,13,13,109.366,109.366,108.659,110.0633,-0.274,0.5395,25.7525,50.947,32.6985,official_alkamel_time_cards_driver_stint,64c2452b244d1c2ecb1db01df0735b1a0f631db0d4e74397ed7fa3a89b845978
session_imsa_2025_daytona_rolex_24_race,imsa_2025_daytona_96_stint_017,car_imsa_2025_turner_motorsport_96,96,GTD,driver_patrick_gallagher,Patrick Gallagher,17,5,411,420,10,8,8,1,0,14,14,112.3145,112.3145,109.588,,2.4965,3.079,26.6965,51.707,34.0275,official_alkamel_time_cards_driver_stint,64c2452b244d1c2ecb1db01df0735b1a0f631db0d4e74397ed7fa3a89b845978
session_imsa_2025_daytona_rolex_24_race,imsa_2025_daytona_96_stint_018,car_imsa_2025_turner_motorsport_96,96,GTD,driver_patrick_gallagher,Patrick Gallagher,18,6,421,439,19,17,17,1,0,14,14,109.295,109.295,108.986,,-0.523,0.0595,25.608,50.875,32.764,official_alkamel_time_cards_driver_stint,64c2452b244d1c2ecb1db01df0735b1a0f631db0d4e74397ed7fa3a89b845978
session_imsa_2025_daytona_rolex_24_race,imsa_2025_daytona_96_stint_019,car_imsa_2025_turner_motorsport_96,96,GTD,driver_jens_klingmann,Jens Klingmann,19,4,440,466,27,25,25,1,0,14,15,109.28,109.28,108.954,109.3796,-0.188,0.76,25.797,50.853,32.657,official_alkamel_time_cards_driver_stint,64c2452b244d1c2ecb1db01df0735b1a0f631db0d4e74397ed7fa3a89b845978
session_imsa_2025_daytona_rolex_24_race,imsa_2025_daytona_96_stint_020,car_imsa_2025_turner_motorsport_96,96,GTD,driver_jens_klingmann,Jens Klingmann,20,5,467,494,28,26,26,1,0,15,16,109.004,109.004,107.928,108.9391,-0.244,0.526,25.689,50.705,32.553,official_alkamel_time_cards_driver_stint,64c2452b244d1c2ecb1db01df0735b1a0f631db0d4e74397ed7fa3a89b845978
session_imsa_2025_daytona_rolex_24_race,imsa_2025_daytona_96_stint_021,car_imsa_2025_turner_motorsport_96,96,GTD,driver_jake_walker,Jake Walker,21,6,495,523,29,27,27,1,0,16,17,109.744,109.744,109.076,109.6075,0.49,1.392,25.93,50.891,32.765,official_alkamel_time_cards_driver_stint,64c2452b244d1c2ecb1db01df0735b1a0f631db0d4e74397ed7fa3a89b845978
session_imsa_2025_daytona_rolex_24_race,imsa_2025_daytona_96_stint_022,car_imsa_2025_turner_motorsport_96,96,GTD,driver_robby_foley,Robby Foley,22,5,524,552,29,27,27,1,0,17,18,109.33,109.33,107.936,109.0908,-0.809,0.183,25.738,50.872,32.618,official_alkamel_time_cards_driver_stint,64c2452b244d1c2ecb1db01df0735b1a0f631db0d4e74397ed7fa3a89b845978
session_imsa_2025_daytona_rolex_24_race,imsa_2025_daytona_96_stint_023,car_imsa_2025_turner_motorsport_96,96,GTD,driver_robby_foley,Robby Foley,23,6,553,579,27,25,25,1,0,18,19,109.489,109.489,108.134,115.0684,-0.013,1.0035,26.157,51.104,32.335,official_alkamel_time_cards_driver_stint,64c2452b244d1c2ecb1db01df0735b1a0f631db0d4e74397ed7fa3a89b845978
session_imsa_2025_daytona_rolex_24_race,imsa_2025_daytona_96_stint_024,car_imsa_2025_turner_motorsport_96,96,GTD,driver_patrick_gallagher,Patrick Gallagher,24,7,580,608,29,27,27,1,0,19,20,109.858,109.858,108.001,109.4327,0.4665,1.453,25.973,51.331,32.5,official_alkamel_time_cards_driver_stint,64c2452b244d1c2ecb1db01df0735b1a0f631db0d4e74397ed7fa3a89b845978
session_imsa_2025_daytona_rolex_24_race,imsa_2025_daytona_96_stint_025,car_imsa_2025_turner_motorsport_96,96,GTD,driver_jens_klingmann,Jens Klingmann,25,6,609,637,29,27,27,1,0,20,21,109.215,109.215,107.988,108.9986,-0.3465,0.433,25.807,51.019,32.326,official_alkamel_time_cards_driver_stint,64c2452b244d1c2ecb1db01df0735b1a0f631db0d4e74397ed7fa3a89b845978
session_imsa_2025_daytona_rolex_24_race,imsa_2025_daytona_96_stint_026,car_imsa_2025_turner_motorsport_96,96,GTD,driver_jens_klingmann,Jens Klingmann,26,7,638,659,22,20,20,1,0,21,22,109.2795,109.2795,108.556,115.6425,-0.301,0.4545,25.775,51.0335,32.4675,official_alkamel_time_cards_driver_stint,64c2452b244d1c2ecb1db01df0735b1a0f631db0d4e74397ed7fa3a89b845978
session_imsa_2025_daytona_rolex_24_race,imsa_2025_daytona_96_stint_027,car_imsa_2025_turner_motorsport_96,96,GTD,driver_robby_foley,Robby Foley,27,7,660,694,35,33,33,1,0,22,23,110.081,110.081,108.658,109.6227,0.343,0.8725,26.178,51.417,32.424,official_alkamel_time_cards_driver_stint,64c2452b244d1c2ecb1db01df0735b1a0f631db0d4e74397ed7fa3a89b845978
session_imsa_2025_daytona_rolex_24_race,imsa_2025_daytona_96_stint_028,car_imsa_2025_turner_motorsport_96,96,GTD,driver_robby_foley,Robby Foley,28,8,695,719,25,24,24,0,0,23,24,109.6585,109.6585,108.853,109.5567,0.054,0.7715,25.9935,51.2655,32.371,official_alkamel_time_cards_driver_stint,64c2452b244d1c2ecb1db01df0735b1a0f631db0d4e74397ed7fa3a89b845978
session_imsa_2025_daytona_rolex_24_race,imsa_2025_daytona_2_stint_001,car_imsa_2025_united_autosports_usa_2,2,LMP2,driver_nick_boulle,Nick Boulle,1,1,1,22,22,20,20,1,0,0,0,102.496,102.496,101.468,103.2372,-1.003,-6.668,24.394,48.0205,30.0675,official_alkamel_time_cards_driver_stint,64c2452b244d1c2ecb1db01df0735b1a0f631db0d4e74397ed7fa3a89b845978
session_imsa_2025_daytona_rolex_24_race,imsa_2025_daytona_2_stint_002,car_imsa_2025_united_autosports_usa_2,2,LMP2,driver_nick_boulle,Nick Boulle,2,2,23,46,24,22,22,1,0,0,1,103.184,103.184,102.146,103.5903,-0.026,-5.98,24.7535,48.224,30.0895,official_alkamel_time_cards_driver_stint,64c2452b244d1c2ecb1db01df0735b1a0f631db0d4e74397ed7fa3a89b845978
session_imsa_2025_daytona_rolex_24_race,imsa_2025_daytona_2_stint_003,car_imsa_2025_united_autosports_usa_2,2,LMP2,driver_garnet_patterson,Garnet Patterson,3,1,47,70,24,22,22,1,0,1,2,101.607,101.607,100.388,101.5528,-1.375,-7.959,24.3025,47.366,29.71,official_alkamel_time_cards_driver_stint,64c2452b244d1c2ecb1db01df0735b1a0f631db0d4e74397ed7fa3a89b845978
session_imsa_2025_daytona_rolex_24_race,imsa_2025_daytona_2_stint_004,car_imsa_2025_united_autosports_usa_2,2,LMP2,driver_garnet_patterson,Garnet Patterson,4,2,71,97,27,25,25,1,0,2,3,102.575,102.575,100.394,120.0483,-1.115,-7.2965,24.319,47.998,29.738,official_alkamel_time_cards_driver_stint,64c2452b244d1c2ecb1db01df0735b1a0f631db0d4e74397ed7fa3a89b845978
session_imsa_2025_daytona_rolex_24_race,imsa_2025_daytona_2_stint_005,car_imsa_2025_united_autosports_usa_2,2,LMP2,driver_nick_boulle,Nick Boulle,5,3,98,121,24,22,22,1,0,3,3,102.1505,102.1505,100.774,102.1525,-0.1845,-7.0705,24.2415,47.649,30.0035,official_alkamel_time_cards_driver_stint,64c2452b244d1c2ecb1db01df0735b1a0f631db0d4e74397ed7fa3a89b845978
session_imsa_2025_daytona_rolex_24_race,imsa_2025_daytona_2_stint_006,car_imsa_2025_united_autosports_usa_2,2,LMP2,driver_nick_boulle,Nick Boulle,6,4,122,137,16,14,14,1,0,3,4,102.9635,102.9635,101.95,,0.6285,-6.2575,24.584,48.2165,30.134,official_alkamel_time_cards_driver_stint,64c2452b244d1c2ecb1db01df0735b1a0f631db0d4e74397ed7fa3a89b845978
session_imsa_2025_daytona_rolex_24_race,imsa_2025_daytona_2_stint_007,car_imsa_2025_united_autosports_usa_2,2,LMP2,driver_nick_boulle,Nick Boulle,7,5,138,162,25,23,23,1,0,4,5,102.283,102.283,100.993,106.6554,-0.986,-7.573,24.149,47.705,30.321,official_alkamel_time_cards_driver_stint,64c2452b244d1c2ecb1db01df0735b1a0f631db0d4e74397ed7fa3a89b845978
session_imsa_2025_daytona_rolex_24_race,imsa_2025_daytona_2_stint_008,car_imsa_2025_united_autosports_usa_2,2,LMP2,driver_oliver_jarvis,Oliver Jarvis,8,1,163,184,22,20,20,1,0,5,5,101.153,101.153,99.646,104.4344,-0.9115,-8.629,24.3195,47.05,29.9,official_alkamel_time_cards_driver_stint,64c2452b244d1c2ecb1db01df0735b1a0f631db0d4e74397ed7fa3a89b845978
session_imsa_2025_daytona_rolex_24_race,imsa_2025_daytona_2_stint_009,car_imsa_2025_united_autosports_usa_2,2,LMP2,driver_oliver_jarvis,Oliver Jarvis,9,2,185,208,24,22,22,1,0,5,6,101.42,101.42,100.182,107.3312,-0.232,-7.624,24.3825,47.312,29.8395,official_alkamel_time_cards_driver_stint,64c2452b244d1c2ecb1db01df0735b1a0f631db0d4e74397ed7fa3a89b845978
session_imsa_2025_daytona_rolex_24_race,imsa_2025_daytona_2_stint_010,car_imsa_2025_united_autosports_usa_2,2,LMP2,driver_nick_boulle,Nick Boulle,10,6,209,234,26,24,24,1,0,6,7,101.8835,101.8835,101.048,102.3766,0.066,-7.364,24.551,47.729,29.9035,official_alkamel_time_cards_driver_stint,64c2452b244d1c2ecb1db01df0735b1a0f631db0d4e74397ed7fa3a89b845978
session_imsa_2025_daytona_rolex_24_race,imsa_2025_daytona_2_stint_011,car_imsa_2025_united_autosports_usa_2,2,LMP2,driver_nick_boulle,Nick Boulle,11,7,235,239,5,4,4,0,0,7,7,139.869,139.869,114.947,,10.3665,-9.7815,32.205,64.415,39.8575,official_alkamel_time_cards_driver_stint,64c2452b244d1c2ecb1db01df0735b1a0f631db0d4e74397ed7fa3a89b845978
session_imsa_2025_daytona_rolex_24_race,imsa_2025_daytona_22_stint_001,car_imsa_2025_united_autosports_usa_22,22,LMP2,driver_daniel_goldburg,Daniel Goldburg,1,1,1,22,22,20,20,1,0,0,0,102.666,102.666,101.361,103.2338,-0.833,-6.498,24.565,48.1315,30.0435,official_alkamel_time_cards_driver_stint,64c2452b244d1c2ecb1db01df0735b1a0f631db0d4e74397ed7fa3a89b845978
session_imsa_2025_daytona_rolex_24_race,imsa_2025_daytona_22_stint_002,car_imsa_2025_united_autosports_usa_22,22,LMP2,driver_daniel_goldburg,Daniel Goldburg,2,2,23,46,24,22,22,1,0,0,1,103.8445,103.8445,102.22,103.9215,0.845,-5.597,24.9825,48.22,30.2425,official_alkamel_time_cards_driver_stint,64c2452b244d1c2ecb1db01df0735b1a0f631db0d4e74397ed7fa3a89b845978
session_imsa_2025_daytona_rolex_24_race,imsa_2025_daytona_22_stint_003,car_imsa_2025_united_autosports_usa_22,22,LMP2,driver_rasmus_lindh,Rasmus Lindh,3,1,47,70,24,22,22,1,0,1,2,101.2035,101.2035,99.716,101.3482,-1.7995,-8.3625,24.2675,47.2485,29.5955,official_alkamel_time_cards_driver_stint,64c2452b244d1c2ecb1db01df0735b1a0f631db0d4e74397ed7fa3a89b845978
session_imsa_2025_daytona_rolex_24_race,imsa_2025_daytona_22_stint_004,car_imsa_2025_united_autosports_usa_22,22,LMP2,driver_rasmus_lindh,Rasmus Lindh,4,2,71,97,27,25,25,1,0,2,3,102.517,102.517,100.47,120.5411,-1.173,-7.3545,24.187,47.924,29.814,official_alkamel_time_cards_driver_stint,64c2452b244d1c2ecb1db01df0735b1a0f631db0d4e74397ed7fa3a89b845978
session_imsa_2025_daytona_rolex_24_race,imsa_2025_daytona_22_stint_005,car_imsa_2025_united_autosports_usa_22,22,LMP2,driver_daniel_goldburg,Daniel Goldburg,5,3,98,121,24,22,22,1,0,3,3,102.353,102.353,100.946,102.6232,0.018,-6.868,24.297,47.912,29.866,official_alkamel_time_cards_driver_stint,64c2452b244d1c2ecb1db01df0735b1a0f631db0d4e74397ed7fa3a89b845978
session_imsa_2025_daytona_rolex_24_race,imsa_2025_daytona_22_stint_006,car_imsa_2025_united_autosports_usa_22,22,LMP2,driver_daniel_goldburg,Daniel Goldburg,6,4,122,137,16,14,14,1,0,3,4,103.659,103.659,101.884,,1.324,-5.562,24.629,48.54,30.143,official_alkamel_time_cards_driver_stint,64c2452b244d1c2ecb1db01df0735b1a0f631db0d4e74397ed7fa3a89b845978
session_imsa_2025_daytona_rolex_24_race,imsa_2025_daytona_22_stint_007,car_imsa_2025_united_autosports_usa_22,22,LMP2,driver_daniel_goldburg,Daniel Goldburg,7,5,138,158,21,19,19,1,0,4,4,102.98,102.98,101.968,,-0.289,-6.876,24.744,48.079,30.149,official_alkamel_time_cards_driver_stint,64c2452b244d1c2ecb1db01df0735b1a0f631db0d4e74397ed7fa3a89b845978
session_imsa_2025_daytona_rolex_24_race,imsa_2025_daytona_22_stint_008,car_imsa_2025_united_autosports_usa_22,22,LMP2,driver_james_allen,James Allen,8,1,159,181,23,21,21,1,0,4,5,100.865,100.865,99.735,100.925,-1.1995,-8.917,24.011,47.085,29.6,official_alkamel_time_cards_driver_stint,64c2452b244d1c2ecb1db01df0735b1a0f631db0d4e74397ed7fa3a89b845978
session_imsa_2025_daytona_rolex_24_race,imsa_2025_daytona_22_stint_009,car_imsa_2025_united_autosports_usa_22,22,LMP2,driver_james_allen,James Allen,9,2,182,206,25,23,23,1,0,5,6,101.998,101.998,100.527,113.1495,0.346,-7.046,24.802,47.585,30.065,official_alkamel_time_cards_driver_stint,64c2452b244d1c2ecb1db01df0735b1a0f631db0d4e74397ed7fa3a89b845978
session_imsa_2025_daytona_rolex_24_race,imsa_2025_daytona_22_stint_010,car_imsa_2025_united_autosports_usa_22,22,LMP2,driver_paul_di_resta,Paul Di Resta,10,1,207,229,23,21,21,1,0,6,7,100.456,100.456,99.371,100.5678,-1.411,-8.803,23.724,47.054,29.338,official_alkamel_time_cards_driver_stint,64c2452b244d1c2ecb1db01df0735b1a0f631db0d4e74397ed7fa3a89b845978
session_imsa_2025_daytona_rolex_24_race,imsa_2025_daytona_22_stint_011,car_imsa_2025_united_autosports_usa_22,22,LMP2,driver_paul_di_resta,Paul Di Resta,11,2,230,258,29,27,27,1,0,7,8,129.001,129.001,99.795,139.8918,0.075,-7.178,27.31,60.792,39.966,official_alkamel_time_cards_driver_stint,64c2452b244d1c2ecb1db01df0735b1a0f631db0d4e74397ed7fa3a89b845978
session_imsa_2025_daytona_rolex_24_race,imsa_2025_daytona_22_stint_012,car_imsa_2025_united_autosports_usa_22,22,LMP2,driver_daniel_goldburg,Daniel Goldburg,12,6,259,282,24,22,22,1,0,8,8,101.8285,101.8285,100.838,102.0855,0.0115,-7.1095,24.3065,47.522,30.045,official_alkamel_time_cards_driver_stint,64c2452b244d1c2ecb1db01df0735b1a0f631db0d4e74397ed7fa3a89b845978
session_imsa_2025_daytona_rolex_24_race,imsa_2025_daytona_22_stint_013,car_imsa_2025_united_autosports_usa_22,22,LMP2,driver_daniel_goldburg,Daniel Goldburg,13,7,283,307,25,23,23,1,0,8,9,102.878,102.878,101.56,102.9535,0.1295,-6.812,24.618,48.019,30.089,official_alkamel_time_cards_driver_stint,64c2452b244d1c2ecb1db01df0735b1a0f631db0d4e74397ed7fa3a89b845978
session_imsa_2025_daytona_rolex_24_race,imsa_2025_daytona_22_stint_014,car_imsa_2025_united_autosports_usa_22,22,LMP2,driver_daniel_goldburg,Daniel Goldburg,14,8,308,308,1,0,0,1,0,9,9,,,,,,,,,,official_alkamel_time_cards_driver_stint,64c2452b244d1c2ecb1db01df0735b1a0f631db0d4e74397ed7fa3a89b845978
session_imsa_2025_daytona_rolex_24_race,imsa_2025_daytona_22_stint_015,car_imsa_2025_united_autosports_usa_22,22,LMP2,driver_paul_di_resta,Paul Di Resta,15,3,309,310,2,0,0,1,0,9,9,,,,,,,,,,official_alkamel_time_cards_driver_stint,64c2452b244d1c2ecb1db01df0735b1a0f631db0d4e74397ed7fa3a89b845978
session_imsa_2025_daytona_rolex_24_race,imsa_2025_daytona_22_stint_016,car_imsa_2025_united_autosports_usa_22,22,LMP2,driver_paul_di_resta,Paul Di Resta,16,4,311,326,16,14,14,1,0,9,10,100.1825,100.1825,99.074,,-1.197,-9.011,23.724,46.979,29.9185,official_alkamel_time_cards_driver_stint,64c2452b244d1c2ecb1db01df0735b1a0f631db0d4e74397ed7fa3a89b845978
session_imsa_2025_daytona_rolex_24_race,imsa_2025_daytona_22_stint_017,car_imsa_2025_united_autosports_usa_22,22,LMP2,driver_paul_di_resta,Paul Di Resta,17,5,327,351,25,23,23,1,0,10,11,100.403,100.403,99.502,103.1033,-0.9765,-8.6545,23.824,46.975,29.418,official_alkamel_time_cards_driver_stint,64c2452b244d1c2ecb1db01df0735b1a0f631db0d4e74397ed7fa3a89b845978
session_imsa_2025_daytona_rolex_24_race,imsa_2025_daytona_22_stint_018,car_imsa_2025_united_autosports_usa_22,22,LMP2,driver_rasmus_lindh,Rasmus Lindh,18,3,352,374,23,21,21,1,0,11,11,100.99,100.99,99.718,100.8799,-0.222,-7.8485,24.036,47.052,29.693,official_alkamel_time_cards_driver_stint,64c2452b244d1c2ecb1db01df0735b1a0f631db0d4e74397ed7fa3a89b845978
session_imsa_2025_daytona_rolex_24_race,imsa_2025_daytona_22_stint_019,car_imsa_2025_united_autosports_usa_22,22,LMP2,driver_rasmus_lindh,Rasmus Lindh,19,4,375,385,11,9,9,1,0,11,12,101.994,101.994,100.524,,0.782,-6.8445,24.481,47.352,30.192,official_alkamel_time_cards_driver_stint,64c2452b244d1c2ecb1db01df0735b1a0f631db0d4e74397ed7fa3a89b845978
session_imsa_2025_daytona_rolex_24_race,imsa_2025_daytona_22_stint_020,car_imsa_2025_united_autosports_usa_22,22,LMP2,driver_rasmus_lindh,Rasmus Lindh,20,5,386,392,7,5,5,1,0,12,12,171.33,171.33,104.445,,69.21,61.6585,40.264,85.221,58.023,official_alkamel_time_cards_driver_stint,64c2452b244d1c2ecb1db01df0735b1a0f631db0d4e74397ed7fa3a89b845978
session_imsa_2025_daytona_rolex_24_race,imsa_2025_daytona_22_stint_021,car_imsa_2025_united_autosports_usa_22,22,LMP2,driver_rasmus_lindh,Rasmus Lindh,21,6,393,416,24,22,22,1,0,12,13,100.6935,100.6935,99.955,100.8726,-1.3035,-8.6245,23.8545,46.954,29.703,official_alkamel_time_cards_driver_stint,64c2452b244d1c2ecb1db01df0735b1a0f631db0d4e74397ed7fa3a89b845978
session_imsa_2025_daytona_rolex_24_race,imsa_2025_daytona_22_stint_022,car_imsa_2025_united_autosports_usa_22,22,LMP2,driver_james_allen,James Allen,22,3,417,438,22,20,20,1,0,13,14,102.0335,102.0335,100.704,114.9896,0.4565,-6.793,24.447,47.5555,30.0605,official_alkamel_time_cards_driver_stint,64c2452b244d1c2ecb1db01df0735b1a0f631db0d4e74397ed7fa3a89b845978
session_imsa_2025_daytona_rolex_24_race,imsa_2025_daytona_22_stint_023,car_imsa_2025_united_autosports_usa_22,22,LMP2,driver_james_allen,James Allen,23,4,439,462,24,22,22,1,0,14,14,100.559,100.559,100.157,101.2067,-0.688,-8.6765,24.0725,46.999,29.617,official_alkamel_time_cards_driver_stint,64c2452b244d1c2ecb1db01df0735b1a0f631db0d4e74397ed7fa3a89b845978
session_imsa_2025_daytona_rolex_24_race,imsa_2025_daytona_22_stint_024,car_imsa_2025_united_autosports_usa_22,22,LMP2,driver_james_allen,James Allen,24,5,463,485,23,21,21,1,0,14,15,101.665,101.665,101.034,101.7086,0.494,-7.007,24.323,47.45,29.743,official_alkamel_time_cards_driver_stint,64c2452b244d1c2ecb1db01df0735b1a0f631db0d4e74397ed7fa3a89b845978
session_imsa_2025_daytona_rolex_24_race,imsa_2025_daytona_22_stint_025,car_imsa_2025_united_autosports_usa_22,22,LMP2,driver_rasmus_lindh,Rasmus Lindh,25,7,486,508,23,21,21,1,0,15,16,100.616,100.616,99.536,100.7771,-0.5155,-7.904,23.853,46.959,29.745,official_alkamel_time_cards_driver_stint,64c2452b244d1c2ecb1db01df0735b1a0f631db0d4e74397ed7fa3a89b845978
session_imsa_2025_daytona_rolex_24_race,imsa_2025_daytona_22_stint_026,car_imsa_2025_united_autosports_usa_22,22,LMP2,driver_rasmus_lindh,Rasmus Lindh,26,8,509,531,23,21,21,1,0,16,16,101.455,101.455,100.406,101.5523,0.417,-7.023,24.216,47.153,29.883,official_alkamel_time_cards_driver_stint,64c2452b244d1c2ecb1db01df0735b1a0f631db0d4e74397ed7fa3a89b845978
session_imsa_2025_daytona_rolex_24_race,imsa_2025_daytona_22_stint_027,car_imsa_2025_united_autosports_usa_22,22,LMP2,driver_paul_di_resta,Paul Di Resta,27,6,532,554,23,21,21,1,0,16,17,100.275,100.275,99.13,100.2638,-0.539,-8.075,23.754,46.859,29.43,official_alkamel_time_cards_driver_stint,64c2452b244d1c2ecb1db01df0735b1a0f631db0d4e74397ed7fa3a89b845978
session_imsa_2025_daytona_rolex_24_race,imsa_2025_daytona_22_stint_028,car_imsa_2025_united_autosports_usa_22,22,LMP2,driver_paul_di_resta,Paul Di Resta,28,7,555,577,23,21,21,1,0,17,18,101.263,101.263,100.544,101.3544,0.493,-7.043,24.152,47.325,29.569,official_alkamel_time_cards_driver_stint,64c2452b244d1c2ecb1db01df0735b1a0f631db0d4e74397ed7fa3a89b845978
session_imsa_2025_daytona_rolex_24_race,imsa_2025_daytona_22_stint_029,car_imsa_2025_united_autosports_usa_22,22,LMP2,driver_james_allen,James Allen,29,6,578,587,10,8,8,1,0,18,18,101.11,101.11,99.571,,-3.46,-9.085,24.134,47.059,29.826,official_alkamel_time_cards_driver_stint,64c2452b244d1c2ecb1db01df0735b1a0f631db0d4e74397ed7fa3a89b845978
session_imsa_2025_daytona_rolex_24_race,imsa_2025_daytona_22_stint_030,car_imsa_2025_united_autosports_usa_22,22,LMP2,driver_james_allen,James Allen,30,7,588,598,11,9,9,1,0,18,18,175.823,175.823,104.313,,71.253,65.628,37.227,82.05,50.783,official_alkamel_time_cards_driver_stint,64c2452b244d1c2ecb1db01df0735b1a0f631db0d4e74397ed7fa3a89b845978
session_imsa_2025_daytona_rolex_24_race,imsa_2025_daytona_22_stint_031,car_imsa_2025_united_autosports_usa_22,22,LMP2,driver_james_allen,James Allen,31,8,599,612,14,12,12,1,0,18,19,100.3915,100.3915,100.074,,-0.4115,-7.849,23.713,47.191,29.565,official_alkamel_time_cards_driver_stint,64c2452b244d1c2ecb1db01df0735b1a0f631db0d4e74397ed7fa3a89b845978
session_imsa_2025_daytona_rolex_24_race,imsa_2025_daytona_22_stint_032,car_imsa_2025_united_autosports_usa_22,22,LMP2,driver_james_allen,James Allen,32,9,613,636,24,22,22,1,0,19,20,100.796,100.796,99.121,100.7007,-0.007,-7.4897,23.8425,47.227,29.549,official_alkamel_time_cards_driver_stint,64c2452b244d1c2ecb1db01df0735b1a0f631db0d4e74397ed7fa3a89b845978
session_imsa_2025_daytona_rolex_24_race,imsa_2025_daytona_22_stint_033,car_imsa_2025_united_autosports_usa_22,22,LMP2,driver_paul_di_resta,Paul Di Resta,33,8,637,659,23,21,21,1,0,20,20,100.785,100.785,100.038,100.7792,-0.053,-7.831,23.92,47.314,29.465,official_alkamel_time_cards_driver_stint,64c2452b244d1c2ecb1db01df0735b1a0f631db0d4e74397ed7fa3a89b845978
session_imsa_2025_daytona_rolex_24_race,imsa_2025_daytona_22_stint_034,car_imsa_2025_united_autosports_usa_22,22,LMP2,driver_paul_di_resta,Paul Di Resta,34,9,660,682,23,21,21,1,0,20,21,101.104,101.104,99.957,101.1583,-0.183,-7.578,23.957,47.483,29.624,official_alkamel_time_cards_driver_stint,64c2452b244d1c2ecb1db01df0735b1a0f631db0d4e74397ed7fa3a89b845978
session_imsa_2025_daytona_rolex_24_race,imsa_2025_daytona_22_stint_035,car_imsa_2025_united_autosports_usa_22,22,LMP2,driver_rasmus_lindh,Rasmus Lindh,35,9,683,701,19,17,17,1,0,21,21,101.706,101.706,100.553,,0.201,-7.119,24.182,47.421,29.86,official_alkamel_time_cards_driver_stint,64c2452b244d1c2ecb1db01df0735b1a0f631db0d4e74397ed7fa3a89b845978
session_imsa_2025_daytona_rolex_24_race,imsa_2025_daytona_22_stint_036,car_imsa_2025_united_autosports_usa_22,22,LMP2,driver_paul_di_resta,Paul Di Resta,36,10,702,726,25,23,23,1,0,22,22,100.941,100.941,100.086,103.9617,-0.586,-8.2675,23.975,47.392,29.497,official_alkamel_time_cards_driver_stint,64c2452b244d1c2ecb1db01df0735b1a0f631db0d4e74397ed7fa3a89b845978
session_imsa_2025_daytona_rolex_24_race,imsa_2025_daytona_22_stint_037,car_imsa_2025_united_autosports_usa_22,22,LMP2,driver_paul_di_resta,Paul Di Resta,37,11,727,738,12,10,10,1,0,22,23,101.939,101.939,100.377,,0.412,-7.2695,23.967,47.5445,29.833,official_alkamel_time_cards_driver_stint,64c2452b244d1c2ecb1db01df0735b1a0f631db0d4e74397ed7fa3a89b845978
session_imsa_2025_daytona_rolex_24_race,imsa_2025_daytona_22_stint_038,car_imsa_2025_united_autosports_usa_22,22,LMP2,driver_paul_di_resta,Paul Di Resta,38,12,739,743,5,3,3,1,0,23,23,153.313,153.313,138.784,,50.3475,44.426,33.596,66.811,46.835,official_alkamel_time_cards_driver_stint,64c2452b244d1c2ecb1db01df0735b1a0f631db0d4e74397ed7fa3a89b845978
session_imsa_2025_daytona_rolex_24_race,imsa_2025_daytona_22_stint_039,car_imsa_2025_united_autosports_usa_22,22,LMP2,driver_paul_di_resta,Paul Di Resta,39,13,744,765,22,21,21,0,0,23,24,102.788,102.788,100.51,103.2981,-0.1775,-6.099,24.806,48.011,30.087,official_alkamel_time_cards_driver_stint,64c2452b244d1c2ecb1db01df0735b1a0f631db0d4e74397ed7fa3a89b845978
session_imsa_2025_daytona_rolex_24_race,imsa_2025_daytona_19_stint_001,car_imsa_2025_van_der_steur_racing_19,19,GTD,driver_valentin_hasse_clot,Valentin Hasse-Clot,1,1,1,30,30,28,28,1,0,0,0,109.842,109.842,108.721,109.8655,-0.4245,0.678,26.0935,51.252,32.485,official_alkamel_time_cards_driver_stint,64c2452b244d1c2ecb1db01df0735b1a0f631db0d4e74397ed7fa3a89b845978
session_imsa_2025_daytona_rolex_24_race,imsa_2025_daytona_19_stint_002,car_imsa_2025_van_der_steur_racing_19,19,GTD,driver_anthony_mcintosh,Anthony McIntosh,2,1,31,60,30,28,28,1,0,0,1,110.185,110.185,109.011,110.3302,-0.281,0.619,26.0195,51.3135,32.7575,official_alkamel_time_cards_driver_stint,64c2452b244d1c2ecb1db01df0735b1a0f631db0d4e74397ed7fa3a89b845978
session_imsa_2025_daytona_rolex_24_race,imsa_2025_daytona_19_stint_003,car_imsa_2025_van_der_steur_racing_19,19,GTD,driver_anthony_mcintosh,Anthony McIntosh,3,2,61,72,12,10,10,1,0,1,2,109.947,109.947,108.479,,-0.977,0.0755,25.84,51.199,32.932,official_alkamel_time_cards_driver_stint,64c2452b244d1c2ecb1db01df0735b1a0f631db0d4e74397ed7fa3a89b845978
session_imsa_2025_daytona_rolex_24_race,imsa_2025_daytona_19_stint_004,car_imsa_2025_van_der_steur_racing_19,19,GTD,driver_anthony_mcintosh,Anthony McIntosh,4,3,73,104,32,30,30,1,0,2,3,110.724,110.724,109.647,110.4352,0.3895,1.396,26.3875,51.6205,32.616,official_alkamel_time_cards_driver_stint,64c2452b244d1c2ecb1db01df0735b1a0f631db0d4e74397ed7fa3a89b845978
session_imsa_2025_daytona_rolex_24_race,imsa_2025_daytona_19_stint_005,car_imsa_2025_van_der_steur_racing_19,19,GTD,driver_rory_van_der_steur,Rory van der Steur,5,1,105,117,13,11,11,1,0,3,3,109.614,109.614,109.155,,-0.375,0.393,25.669,51.235,32.803,official_alkamel_time_cards_driver_stint,64c2452b244d1c2ecb1db01df0735b1a0f631db0d4e74397ed7fa3a89b845978
session_imsa_2025_daytona_rolex_24_race,imsa_2025_daytona_19_stint_006,car_imsa_2025_van_der_steur_racing_19,19,GTD,driver_rory_van_der_steur,Rory van der Steur,6,2,118,149,32,30,30,1,0,3,4,111.6125,111.6125,109.915,124.611,0.997,1.8355,26.6615,51.931,33.162,official_alkamel_time_cards_driver_stint,64c2452b244d1c2ecb1db01df0735b1a0f631db0d4e74397ed7fa3a89b845978
session_imsa_2025_daytona_rolex_24_race,imsa_2025_daytona_19_stint_007,car_imsa_2025_van_der_steur_racing_19,19,GTD,driver_maxime_robin,Maxime Robin,7,1,150,175,26,24,24,1,0,4,5,110.7465,110.7465,109.437,110.4935,0.2245,0.9645,26.0295,51.4895,32.9295,official_alkamel_time_cards_driver_stint,64c2452b244d1c2ecb1db01df0735b1a0f631db0d4e74397ed7fa3a89b845978
session_imsa_2025_daytona_rolex_24_race,imsa_2025_daytona_19_stint_008,car_imsa_2025_van_der_steur_racing_19,19,GTD,driver_anthony_mcintosh,Anthony McIntosh,8,4,176,177,2,0,0,1,0,5,5,,,,,,,,,,official_alkamel_time_cards_driver_stint,64c2452b244d1c2ecb1db01df0735b1a0f631db0d4e74397ed7fa3a89b845978
session_imsa_2025_daytona_rolex_24_race,imsa_2025_daytona_19_stint_009,car_imsa_2025_van_der_steur_racing_19,19,GTD,driver_anthony_mcintosh,Anthony McIntosh,9,5,178,208,31,29,29,1,0,5,6,111.068,111.068,110.341,110.9674,0.798,1.965,26.236,51.74,33.084,official_alkamel_time_cards_driver_stint,64c2452b244d1c2ecb1db01df0735b1a0f631db0d4e74397ed7fa3a89b845978
session_imsa_2025_daytona_rolex_24_race,imsa_2025_daytona_19_stint_010,car_imsa_2025_van_der_steur_racing_19,19,GTD,driver_anthony_mcintosh,Anthony McIntosh,10,6,209,221,13,11,11,1,0,6,7,113.928,113.928,108.853,,-36.735,-30.8415,26.424,51.566,33.16,official_alkamel_time_cards_driver_stint,64c2452b244d1c2ecb1db01df0735b1a0f631db0d4e74397ed7fa3a89b845978
session_imsa_2025_daytona_rolex_24_race,imsa_2025_daytona_19_stint_011,car_imsa_2025_van_der_steur_racing_19,19,GTD,driver_anthony_mcintosh,Anthony McIntosh,11,7,222,255,34,32,32,1,0,7,8,111.2485,111.2485,109.798,110.9243,1.317,2.1895,26.4135,51.791,33.28,official_alkamel_time_cards_driver_stint,64c2452b244d1c2ecb1db01df0735b1a0f631db0d4e74397ed7fa3a89b845978
session_imsa_2025_daytona_rolex_24_race,imsa_2025_daytona_19_stint_012,car_imsa_2025_van_der_steur_racing_19,19,GTD,driver_valentin_hasse_clot,Valentin Hasse-Clot,12,2,256,285,30,28,28,1,0,8,9,109.909,109.909,108.378,109.5355,-0.322,0.4275,25.923,51.321,32.6175,official_alkamel_time_cards_driver_stint,64c2452b244d1c2ecb1db01df0735b1a0f631db0d4e74397ed7fa3a89b845978
session_imsa_2025_daytona_rolex_24_race,imsa_2025_daytona_19_stint_013,car_imsa_2025_van_der_steur_racing_19,19,GTD,driver_valentin_hasse_clot,Valentin Hasse-Clot,13,3,286,307,22,20,20,1,0,9,10,115.527,115.527,107.827,138.5507,5.2665,6.0853,27.1965,54.393,34.377,official_alkamel_time_cards_driver_stint,64c2452b244d1c2ecb1db01df0735b1a0f631db0d4e74397ed7fa3a89b845978
session_imsa_2025_daytona_rolex_24_race,imsa_2025_daytona_19_stint_014,car_imsa_2025_van_der_steur_racing_19,19,GTD,driver_rory_van_der_steur,Rory van der Steur,14,3,308,338,31,29,29,1,0,10,11,110.686,110.686,108.713,110.2329,0.792,1.6485,26.118,51.535,33.004,official_alkamel_time_cards_driver_stint,64c2452b244d1c2ecb1db01df0735b1a0f631db0d4e74397ed7fa3a89b845978
session_imsa_2025_daytona_rolex_24_race,imsa_2025_daytona_19_stint_015,car_imsa_2025_van_der_steur_racing_19,19,GTD,driver_rory_van_der_steur,Rory van der Steur,15,4,339,362,24,22,22,1,0,11,12,110.4115,110.4115,109.301,112.0667,0.7385,1.495,26.1815,51.4595,32.9475,official_alkamel_time_cards_driver_stint,64c2452b244d1c2ecb1db01df0735b1a0f631db0d4e74397ed7fa3a89b845978
session_imsa_2025_daytona_rolex_24_race,imsa_2025_daytona_19_stint_016,car_imsa_2025_van_der_steur_racing_19,19,GTD,driver_maxime_robin,Maxime Robin,16,2,363,394,32,30,30,1,0,12,13,110.4425,110.4425,108.574,109.9434,0.5532,1.1395,26.179,51.3115,32.7445,official_alkamel_time_cards_driver_stint,64c2452b244d1c2ecb1db01df0735b1a0f631db0d4e74397ed7fa3a89b845978
session_imsa_2025_daytona_rolex_24_race,imsa_2025_daytona_19_stint_017,car_imsa_2025_van_der_steur_racing_19,19,GTD,driver_maxime_robin,Maxime Robin,17,3,395,410,16,14,14,1,0,13,13,109.4245,109.4245,108.882,,-0.2155,0.598,25.9235,50.995,32.6205,official_alkamel_time_cards_driver_stint,64c2452b244d1c2ecb1db01df0735b1a0f631db0d4e74397ed7fa3a89b845978
session_imsa_2025_daytona_rolex_24_race,imsa_2025_daytona_19_stint_018,car_imsa_2025_van_der_steur_racing_19,19,GTD,driver_maxime_robin,Maxime Robin,18,4,411,441,31,29,29,1,0,13,14,110.82,110.82,109.359,110.5936,1.002,1.5845,26.322,51.631,32.949,official_alkamel_time_cards_driver_stint,64c2452b244d1c2ecb1db01df0735b1a0f631db0d4e74397ed7fa3a89b845978
session_imsa_2025_daytona_rolex_24_race,imsa_2025_daytona_19_stint_019,car_imsa_2025_van_der_steur_racing_19,19,GTD,driver_valentin_hasse_clot,Valentin Hasse-Clot,19,4,442,471,30,28,28,1,0,15,15,109.623,109.623,108.076,109.239,0.155,1.103,25.8005,51.1485,32.6475,official_alkamel_time_cards_driver_stint,64c2452b244d1c2ecb1db01df0735b1a0f631db0d4e74397ed7fa3a89b845978
session_imsa_2025_daytona_rolex_24_race,imsa_2025_daytona_19_stint_020,car_imsa_2025_van_der_steur_racing_19,19,GTD,driver_valentin_hasse_clot,Valentin Hasse-Clot,20,5,472,501,30,28,28,1,0,15,16,109.7825,109.7825,107.985,109.3799,0.5345,1.3045,25.8885,51.0735,32.7495,official_alkamel_time_cards_driver_stint,64c2452b244d1c2ecb1db01df0735b1a0f631db0d4e74397ed7fa3a89b845978
session_imsa_2025_daytona_rolex_24_race,imsa_2025_daytona_19_stint_021,car_imsa_2025_van_der_steur_racing_19,19,GTD,driver_valentin_hasse_clot,Valentin Hasse-Clot,21,6,502,531,30,28,28,1,0,16,17,109.775,109.775,107.488,109.388,0.517,1.509,26.0015,51.1455,32.6605,official_alkamel_time_cards_driver_stint,64c2452b244d1c2ecb1db01df0735b1a0f631db0d4e74397ed7fa3a89b845978
session_imsa_2025_daytona_rolex_24_race,imsa_2025_daytona_19_stint_022,car_imsa_2025_van_der_steur_racing_19,19,GTD,driver_rory_van_der_steur,Rory van der Steur,22,5,532,553,22,20,20,1,0,17,18,109.9125,109.9125,108.214,119.3303,-0.452,0.1055,25.6495,51.2595,32.749,official_alkamel_time_cards_driver_stint,64c2452b244d1c2ecb1db01df0735b1a0f631db0d4e74397ed7fa3a89b845978
session_imsa_2025_daytona_rolex_24_race,imsa_2025_daytona_19_stint_023,car_imsa_2025_van_der_steur_racing_19,19,GTD,driver_rory_van_der_steur,Rory van der Steur,23,6,554,585,32,30,30,1,0,18,19,111.0625,111.0625,109.376,110.6342,1.5505,2.603,26.315,51.7255,32.7945,official_alkamel_time_cards_driver_stint,64c2452b244d1c2ecb1db01df0735b1a0f631db0d4e74397ed7fa3a89b845978
session_imsa_2025_daytona_rolex_24_race,imsa_2025_daytona_19_stint_024,car_imsa_2025_van_der_steur_racing_19,19,GTD,driver_maxime_robin,Maxime Robin,24,5,586,615,30,28,28,1,0,19,20,110.9825,110.9825,109.859,110.7167,1.475,2.3665,26.395,51.795,32.9175,official_alkamel_time_cards_driver_stint,64c2452b244d1c2ecb1db01df0735b1a0f631db0d4e74397ed7fa3a89b845978
session_imsa_2025_daytona_rolex_24_race,imsa_2025_daytona_19_stint_025,car_imsa_2025_van_der_steur_racing_19,19,GTD,driver_maxime_robin,Maxime Robin,25,6,616,644,29,27,27,1,0,20,21,111.192,111.192,109.635,111.1185,1.6625,2.479,26.415,51.899,32.842,official_alkamel_time_cards_driver_stint,64c2452b244d1c2ecb1db01df0735b1a0f631db0d4e74397ed7fa3a89b845978
session_imsa_2025_daytona_rolex_24_race,imsa_2025_daytona_19_stint_026,car_imsa_2025_van_der_steur_racing_19,19,GTD,driver_valentin_hasse_clot,Valentin Hasse-Clot,26,7,645,660,16,14,14,1,0,21,22,110.2905,110.2905,108.47,,0.71,1.4655,26.2425,51.3565,32.8065,official_alkamel_time_cards_driver_stint,64c2452b244d1c2ecb1db01df0735b1a0f631db0d4e74397ed7fa3a89b845978
session_imsa_2025_daytona_rolex_24_race,imsa_2025_daytona_19_stint_027,car_imsa_2025_van_der_steur_racing_19,19,GTD,driver_valentin_hasse_clot,Valentin Hasse-Clot,27,8,661,694,34,32,32,1,0,22,23,109.825,109.825,108.504,109.5215,0.087,0.6165,26.316,51.214,32.354,official_alkamel_time_cards_driver_stint,64c2452b244d1c2ecb1db01df0735b1a0f631db0d4e74397ed7fa3a89b845978
session_imsa_2025_daytona_rolex_24_race,imsa_2025_daytona_19_stint_028,car_imsa_2025_van_der_steur_racing_19,19,GTD,driver_valentin_hasse_clot,Valentin Hasse-Clot,28,9,695,719,25,24,24,0,0,23,24,109.618,109.618,108.494,109.5044,0.0035,0.721,26.2235,51.1505,32.1515,official_alkamel_time_cards_driver_stint,64c2452b244d1c2ecb1db01df0735b1a0f631db0d4e74397ed7fa3a89b845978
session_imsa_2025_daytona_rolex_24_race,imsa_2025_daytona_12_stint_001,car_imsa_2025_vasser_sullivan_racing_12,12,GTD,driver_parker_thompson,Parker Thompson,1,1,1,31,31,29,29,1,0,0,0,110.868,110.868,109.101,110.6481,0.6015,1.704,26.4,51.557,32.846,official_alkamel_time_cards_driver_stint,64c2452b244d1c2ecb1db01df0735b1a0f631db0d4e74397ed7fa3a89b845978
session_imsa_2025_daytona_rolex_24_race,imsa_2025_daytona_12_stint_002,car_imsa_2025_vasser_sullivan_racing_12,12,GTD,driver_frankie_montecalvo,Frankie Montecalvo,2,1,32,42,11,9,9,1,0,1,1,109.858,109.858,109.564,,-0.608,0.292,25.718,51.055,33.123,official_alkamel_time_cards_driver_stint,64c2452b244d1c2ecb1db01df0735b1a0f631db0d4e74397ed7fa3a89b845978
session_imsa_2025_daytona_rolex_24_race,imsa_2025_daytona_12_stint_003,car_imsa_2025_vasser_sullivan_racing_12,12,GTD,driver_frankie_montecalvo,Frankie Montecalvo,3,2,43,72,30,28,28,1,0,1,2,110.9715,110.9715,110.455,110.8946,0.441,1.3855,26.1255,51.6015,33.105,official_alkamel_time_cards_driver_stint,64c2452b244d1c2ecb1db01df0735b1a0f631db0d4e74397ed7fa3a89b845978
session_imsa_2025_daytona_rolex_24_race,imsa_2025_daytona_12_stint_004,car_imsa_2025_vasser_sullivan_racing_12,12,GTD,driver_frankie_montecalvo,Frankie Montecalvo,4,3,73,95,23,21,21,1,0,2,3,110.764,110.764,109.493,117.7259,-0.238,0.8925,26.035,51.615,32.97,official_alkamel_time_cards_driver_stint,64c2452b244d1c2ecb1db01df0735b1a0f631db0d4e74397ed7fa3a89b845978
session_imsa_2025_daytona_rolex_24_race,imsa_2025_daytona_12_stint_005,car_imsa_2025_vasser_sullivan_racing_12,12,GTD,driver_jack_hawksworth,Jack Hawksworth,5,1,96,125,30,28,28,1,0,3,4,109.976,109.976,109.34,109.9994,-0.044,0.724,25.797,51.323,32.704,official_alkamel_time_cards_driver_stint,64c2452b244d1c2ecb1db01df0735b1a0f631db0d4e74397ed7fa3a89b845978
session_imsa_2025_daytona_rolex_24_race,imsa_2025_daytona_12_stint_006,car_imsa_2025_vasser_sullivan_racing_12,12,GTD,driver_jack_hawksworth,Jack Hawksworth,6,2,126,131,6,4,4,1,0,4,4,121.8955,121.8955,120.015,,11.201,12.0395,28.997,56.249,38.8015,official_alkamel_time_cards_driver_stint,64c2452b244d1c2ecb1db01df0735b1a0f631db0d4e74397ed7fa3a89b845978
session_imsa_2025_daytona_rolex_24_race,imsa_2025_daytona_12_stint_007,car_imsa_2025_vasser_sullivan_racing_12,12,GTD,driver_jack_hawksworth,Jack Hawksworth,7,3,132,163,32,30,30,1,0,4,5,110.2995,110.2995,108.735,110.1124,-0.395,0.4435,25.9655,51.4405,32.7955,official_alkamel_time_cards_driver_stint,64c2452b244d1c2ecb1db01df0735b1a0f631db0d4e74397ed7fa3a89b845978
session_imsa_2025_daytona_rolex_24_race,imsa_2025_daytona_12_stint_008,car_imsa_2025_vasser_sullivan_racing_12,12,GTD,driver_kyle_kirkwood,Kyle Kirkwood,8,1,164,168,5,3,3,1,0,5,5,110.797,110.797,110.386,,0.275,1.015,25.85,51.896,33.289,official_alkamel_time_cards_driver_stint,64c2452b244d1c2ecb1db01df0735b1a0f631db0d4e74397ed7fa3a89b845978
session_imsa_2025_daytona_rolex_24_race,imsa_2025_daytona_12_stint_009,car_imsa_2025_vasser_sullivan_racing_12,12,GTD,driver_kyle_kirkwood,Kyle Kirkwood,9,2,169,174,6,4,4,1,0,5,5,132.8355,132.8355,117.326,,22.3135,23.0535,31.3785,62.4225,38.574,official_alkamel_time_cards_driver_stint,64c2452b244d1c2ecb1db01df0735b1a0f631db0d4e74397ed7fa3a89b845978
session_imsa_2025_daytona_rolex_24_race,imsa_2025_daytona_12_stint_010,car_imsa_2025_vasser_sullivan_racing_12,12,GTD,driver_kyle_kirkwood,Kyle Kirkwood,10,3,175,176,2,0,0,1,0,5,5,,,,,,,,,,official_alkamel_time_cards_driver_stint,64c2452b244d1c2ecb1db01df0735b1a0f631db0d4e74397ed7fa3a89b845978
session_imsa_2025_daytona_rolex_24_race,imsa_2025_daytona_12_stint_011,car_imsa_2025_vasser_sullivan_racing_12,12,GTD,driver_kyle_kirkwood,Kyle Kirkwood,11,4,177,206,30,28,28,1,0,5,6,110.4715,110.4715,109.517,110.2622,0.2125,1.4275,26.0315,51.621,32.8155,official_alkamel_time_cards_driver_stint,64c2452b244d1c2ecb1db01df0735b1a0f631db0d4e74397ed7fa3a89b845978
session_imsa_2025_daytona_rolex_24_race,imsa_2025_daytona_12_stint_012,car_imsa_2025_vasser_sullivan_racing_12,12,GTD,driver_kyle_kirkwood,Kyle Kirkwood,12,5,207,222,16,14,14,1,0,6,7,116.4385,116.4385,109.644,,-38.298,-32.4045,27.6465,52.869,34.221,official_alkamel_time_cards_driver_stint,64c2452b244d1c2ecb1db01df0735b1a0f631db0d4e74397ed7fa3a89b845978
session_imsa_2025_daytona_rolex_24_race,imsa_2025_daytona_12_stint_013,car_imsa_2025_vasser_sullivan_racing_12,12,GTD,driver_kyle_kirkwood,Kyle Kirkwood,13,6,223,256,34,32,32,1,0,7,8,110.9395,110.9395,109.432,110.5157,0.965,1.8095,26.2695,51.714,32.9725,official_alkamel_time_cards_driver_stint,64c2452b244d1c2ecb1db01df0735b1a0f631db0d4e74397ed7fa3a89b845978
session_imsa_2025_daytona_rolex_24_race,imsa_2025_daytona_12_stint_014,car_imsa_2025_vasser_sullivan_racing_12,12,GTD,driver_parker_thompson,Parker Thompson,14,2,257,288,32,30,30,1,0,8,9,110.636,110.636,109.312,110.4159,0.2975,1.0085,26.014,51.567,32.9865,official_alkamel_time_cards_driver_stint,64c2452b244d1c2ecb1db01df0735b1a0f631db0d4e74397ed7fa3a89b845978
session_imsa_2025_daytona_rolex_24_race,imsa_2025_daytona_12_stint_015,car_imsa_2025_vasser_sullivan_racing_12,12,GTD,driver_parker_thompson,Parker Thompson,15,3,289,308,20,18,18,1,0,9,10,111.9775,111.9775,108.002,,1.8,2.784,26.9095,51.574,33.1885,official_alkamel_time_cards_driver_stint,64c2452b244d1c2ecb1db01df0735b1a0f631db0d4e74397ed7fa3a89b845978
session_imsa_2025_daytona_rolex_24_race,imsa_2025_daytona_12_stint_016,car_imsa_2025_vasser_sullivan_racing_12,12,GTD,driver_parker_thompson,Parker Thompson,16,4,309,339,31,29,29,1,0,10,11,110.718,110.718,109.993,110.8318,1.026,1.8795,26.254,51.585,32.944,official_alkamel_time_cards_driver_stint,64c2452b244d1c2ecb1db01df0735b1a0f631db0d4e74397ed7fa3a89b845978
session_imsa_2025_daytona_rolex_24_race,imsa_2025_daytona_12_stint_017,car_imsa_2025_vasser_sullivan_racing_12,12,GTD,driver_frankie_montecalvo,Frankie Montecalvo,17,4,340,360,21,19,19,1,0,11,12,111.072,111.072,110.115,,1.399,2.1325,26.236,51.593,33.407,official_alkamel_time_cards_driver_stint,64c2452b244d1c2ecb1db01df0735b1a0f631db0d4e74397ed7fa3a89b845978
session_imsa_2025_daytona_rolex_24_race,imsa_2025_daytona_12_stint_018,car_imsa_2025_vasser_sullivan_racing_12,12,GTD,driver_kyle_kirkwood,Kyle Kirkwood,18,7,361,363,3,1,1,1,0,12,12,147.009,147.009,147.009,,36.8685,37.3375,27.401,52.392,67.216,official_alkamel_time_cards_driver_stint,64c2452b244d1c2ecb1db01df0735b1a0f631db0d4e74397ed7fa3a89b845978
session_imsa_2025_daytona_rolex_24_race,imsa_2025_daytona_12_stint_019,car_imsa_2025_vasser_sullivan_racing_12,12,GTD,driver_kyle_kirkwood,Kyle Kirkwood,19,8,364,395,32,30,30,1,0,12,13,110.2825,110.2825,109.281,110.1343,0.6245,1.4295,26.152,51.454,32.775,official_alkamel_time_cards_driver_stint,64c2452b244d1c2ecb1db01df0735b1a0f631db0d4e74397ed7fa3a89b845978
session_imsa_2025_daytona_rolex_24_race,imsa_2025_daytona_12_stint_020,car_imsa_2025_vasser_sullivan_racing_12,12,GTD,driver_jack_hawksworth,Jack Hawksworth,20,4,396,409,14,12,12,1,0,13,13,111.079,111.079,109.446,,1.439,2.2525,26.4145,51.4585,33.2155,official_alkamel_time_cards_driver_stint,64c2452b244d1c2ecb1db01df0735b1a0f631db0d4e74397ed7fa3a89b845978
session_imsa_2025_daytona_rolex_24_race,imsa_2025_daytona_12_stint_021,car_imsa_2025_vasser_sullivan_racing_12,12,GTD,driver_jack_hawksworth,Jack Hawksworth,21,5,410,440,31,29,29,1,0,14,15,110.571,110.571,109.83,110.5012,0.753,1.3355,26.126,51.586,32.829,official_alkamel_time_cards_driver_stint,64c2452b244d1c2ecb1db01df0735b1a0f631db0d4e74397ed7fa3a89b845978
session_imsa_2025_daytona_rolex_24_race,imsa_2025_daytona_12_stint_022,car_imsa_2025_vasser_sullivan_racing_12,12,GTD,driver_parker_thompson,Parker Thompson,22,5,441,470,30,28,28,1,0,15,15,110.3255,110.3255,109.159,109.9945,0.8575,1.8055,25.9715,51.4065,32.9195,official_alkamel_time_cards_driver_stint,64c2452b244d1c2ecb1db01df0735b1a0f631db0d4e74397ed7fa3a89b845978
session_imsa_2025_daytona_rolex_24_race,imsa_2025_daytona_12_stint_023,car_imsa_2025_vasser_sullivan_racing_12,12,GTD,driver_parker_thompson,Parker Thompson,23,6,471,500,30,28,28,1,0,16,16,110.2165,110.2165,108.663,109.8012,0.9685,1.7385,25.848,51.3445,32.8385,official_alkamel_time_cards_driver_stint,64c2452b244d1c2ecb1db01df0735b1a0f631db0d4e74397ed7fa3a89b845978
session_imsa_2025_daytona_rolex_24_race,imsa_2025_daytona_12_stint_024,car_imsa_2025_vasser_sullivan_racing_12,12,GTD,driver_frankie_montecalvo,Frankie Montecalvo,24,5,501,530,30,28,28,1,0,16,17,111.237,111.237,109.427,110.8661,1.979,2.971,26.259,51.6395,33.138,official_alkamel_time_cards_driver_stint,64c2452b244d1c2ecb1db01df0735b1a0f631db0d4e74397ed7fa3a89b845978
session_imsa_2025_daytona_rolex_24_race,imsa_2025_daytona_12_stint_025,car_imsa_2025_vasser_sullivan_racing_12,12,GTD,driver_frankie_montecalvo,Frankie Montecalvo,25,6,531,552,22,20,20,1,0,17,18,111.4055,111.4055,109.461,115.377,0.8115,1.3395,26.2505,51.4925,33.329,official_alkamel_time_cards_driver_stint,64c2452b244d1c2ecb1db01df0735b1a0f631db0d4e74397ed7fa3a89b845978
session_imsa_2025_daytona_rolex_24_race,imsa_2025_daytona_12_stint_026,car_imsa_2025_vasser_sullivan_racing_12,12,GTD,driver_frankie_montecalvo,Frankie Montecalvo,26,7,553,570,18,16,16,1,0,18,19,110.5755,110.5755,109.275,,1.1995,2.252,26.1865,51.6615,32.93,official_alkamel_time_cards_driver_stint,64c2452b244d1c2ecb1db01df0735b1a0f631db0d4e74397ed7fa3a89b845978
session_imsa_2025_daytona_rolex_24_race,imsa_2025_daytona_12_stint_027,car_imsa_2025_vasser_sullivan_racing_12,12,GTD,driver_kyle_kirkwood,Kyle Kirkwood,27,9,571,573,3,2,2,0,0,19,19,111.1355,111.1355,110.254,,1.8425,2.895,26.408,51.829,32.8985,official_alkamel_time_cards_driver_stint,64c2452b244d1c2ecb1db01df0735b1a0f631db0d4e74397ed7fa3a89b845978
session_imsa_2025_daytona_rolex_24_race,imsa_2025_daytona_14_stint_001,car_imsa_2025_vasser_sullivan_racing_14,14,GTDPRO,driver_kyle_kirkwood,Kyle Kirkwood,1,1,1,31,31,29,29,1,0,0,0,110.284,110.284,109.047,110.1518,0.751,1.12,26.023,51.467,32.726,official_alkamel_time_cards_driver_stint,64c2452b244d1c2ecb1db01df0735b1a0f631db0d4e74397ed7fa3a89b845978
session_imsa_2025_daytona_rolex_24_race,imsa_2025_daytona_14_stint_002,car_imsa_2025_vasser_sullivan_racing_14,14,GTDPRO,driver_kyle_kirkwood,Kyle Kirkwood,2,2,32,62,31,29,29,1,0,1,1,110.054,110.054,109.638,109.9899,0.173,0.488,25.876,51.361,32.797,official_alkamel_time_cards_driver_stint,64c2452b244d1c2ecb1db01df0735b1a0f631db0d4e74397ed7fa3a89b845978
session_imsa_2025_daytona_rolex_24_race,imsa_2025_daytona_14_stint_003,car_imsa_2025_vasser_sullivan_racing_14,14,GTDPRO,driver_kyle_kirkwood,Kyle Kirkwood,3,3,63,72,10,8,8,1,0,1,2,111.668,111.668,108.713,,1.811,1.7965,26.136,51.1315,34.415,official_alkamel_time_cards_driver_stint,64c2452b244d1c2ecb1db01df0735b1a0f631db0d4e74397ed7fa3a89b845978
session_imsa_2025_daytona_rolex_24_race,imsa_2025_daytona_14_stint_004,car_imsa_2025_vasser_sullivan_racing_14,14,GTDPRO,driver_aaron_telitz,Aaron Telitz,4,1,73,104,32,30,30,1,0,2,3,109.8875,109.8875,108.944,109.9112,0.1815,0.4595,25.923,51.325,32.6235,official_alkamel_time_cards_driver_stint,64c2452b244d1c2ecb1db01df0735b1a0f631db0d4e74397ed7fa3a89b845978
session_imsa_2025_daytona_rolex_24_race,imsa_2025_daytona_14_stint_005,car_imsa_2025_vasser_sullivan_racing_14,14,GTDPRO,driver_aaron_telitz,Aaron Telitz,5,2,105,131,27,25,25,1,0,3,4,109.516,109.516,108.565,109.3701,-0.212,0.165,25.783,51.141,32.628,official_alkamel_time_cards_driver_stint,64c2452b244d1c2ecb1db01df0735b1a0f631db0d4e74397ed7fa3a89b845978
session_imsa_2025_daytona_rolex_24_race,imsa_2025_daytona_14_stint_006,car_imsa_2025_vasser_sullivan_racing_14,14,GTDPRO,driver_townsend_bell,Townsend Bell,6,1,132,152,21,19,19,1,0,4,5,109.681,109.681,108.654,,-0.095,-0.175,25.773,50.99,32.895,official_alkamel_time_cards_driver_stint,64c2452b244d1c2ecb1db01df0735b1a0f631db0d4e74397ed7fa3a89b845978
session_imsa_2025_daytona_rolex_24_race,imsa_2025_daytona_14_stint_007,car_imsa_2025_vasser_sullivan_racing_14,14,GTDPRO,driver_townsend_bell,Townsend Bell,7,2,153,170,18,16,16,1,0,5,5,109.795,109.795,109.243,,-0.079,0.013,25.6975,51.0765,32.9905,official_alkamel_time_cards_driver_stint,64c2452b244d1c2ecb1db01df0735b1a0f631db0d4e74397ed7fa3a89b845978
session_imsa_2025_daytona_rolex_24_race,imsa_2025_daytona_14_stint_008,car_imsa_2025_vasser_sullivan_racing_14,14,GTDPRO,driver_townsend_bell,Townsend Bell,8,3,171,176,6,4,4,1,0,5,5,117.111,117.111,112.111,,7.237,7.329,28.066,51.8445,34.5645,official_alkamel_time_cards_driver_stint,64c2452b244d1c2ecb1db01df0735b1a0f631db0d4e74397ed7fa3a89b845978
session_imsa_2025_daytona_rolex_24_race,imsa_2025_daytona_14_stint_009,car_imsa_2025_vasser_sullivan_racing_14,14,GTDPRO,driver_townsend_bell,Townsend Bell,9,4,177,184,8,6,6,1,0,5,6,122.4505,122.4505,110.367,,12.5765,12.6685,27.6855,56.297,33.985,official_alkamel_time_cards_driver_stint,64c2452b244d1c2ecb1db01df0735b1a0f631db0d4e74397ed7fa3a89b845978
session_imsa_2025_daytona_rolex_24_race,imsa_2025_daytona_14_stint_010,car_imsa_2025_vasser_sullivan_racing_14,14,GTDPRO,driver_townsend_bell,Townsend Bell,10,5,185,207,23,21,21,1,0,6,6,110.271,110.271,110.05,110.3692,0.73,1.227,26.007,51.291,32.953,official_alkamel_time_cards_driver_stint,64c2452b244d1c2ecb1db01df0735b1a0f631db0d4e74397ed7fa3a89b845978
session_imsa_2025_daytona_rolex_24_race,imsa_2025_daytona_14_stint_011,car_imsa_2025_vasser_sullivan_racing_14,14,GTDPRO,driver_ben_barnicoat,Ben Barnicoat,11,1,208,245,38,36,36,1,0,6,8,112.339,112.339,108.5,126.0361,0.014,0.036,26.219,52.418,33.3775,official_alkamel_time_cards_driver_stint,64c2452b244d1c2ecb1db01df0735b1a0f631db0d4e74397ed7fa3a89b845978
session_imsa_2025_daytona_rolex_24_race,imsa_2025_daytona_14_stint_012,car_imsa_2025_vasser_sullivan_racing_14,14,GTDPRO,driver_ben_barnicoat,Ben Barnicoat,12,2,246,275,30,28,28,1,0,8,9,109.4105,109.4105,108.62,109.3145,0.1135,0.3285,25.6485,51.09,32.6475,official_alkamel_time_cards_driver_stint,64c2452b244d1c2ecb1db01df0735b1a0f631db0d4e74397ed7fa3a89b845978
session_imsa_2025_daytona_rolex_24_race,imsa_2025_daytona_14_stint_013,car_imsa_2025_vasser_sullivan_racing_14,14,GTDPRO,driver_aaron_telitz,Aaron Telitz,13,3,276,294,19,17,17,1,0,9,9,110.963,110.963,110.176,,1.226,1.273,26.325,51.704,33.041,official_alkamel_time_cards_driver_stint,64c2452b244d1c2ecb1db01df0735b1a0f631db0d4e74397ed7fa3a89b845978
session_imsa_2025_daytona_rolex_24_race,imsa_2025_daytona_14_stint_014,car_imsa_2025_vasser_sullivan_racing_14,14,GTDPRO,driver_aaron_telitz,Aaron Telitz,14,4,295,310,16,14,14,1,0,9,10,110.288,110.288,109.293,,1.018,1.0945,26.1125,51.3845,32.8695,official_alkamel_time_cards_driver_stint,64c2452b244d1c2ecb1db01df0735b1a0f631db0d4e74397ed7fa3a89b845978
session_imsa_2025_daytona_rolex_24_race,imsa_2025_daytona_14_stint_015,car_imsa_2025_vasser_sullivan_racing_14,14,GTDPRO,driver_aaron_telitz,Aaron Telitz,15,5,311,317,7,5,5,1,0,10,11,145.666,145.666,109.586,,36.396,36.4725,32.0,71.237,34.367,official_alkamel_time_cards_driver_stint,64c2452b244d1c2ecb1db01df0735b1a0f631db0d4e74397ed7fa3a89b845978
session_imsa_2025_daytona_rolex_24_race,imsa_2025_daytona_14_stint_016,car_imsa_2025_vasser_sullivan_racing_14,14,GTDPRO,driver_townsend_bell,Townsend Bell,16,6,318,348,31,29,29,1,0,11,12,110.664,110.664,109.767,110.4295,1.404,1.8255,25.975,51.574,33.147,official_alkamel_time_cards_driver_stint,64c2452b244d1c2ecb1db01df0735b1a0f631db0d4e74397ed7fa3a89b845978
session_imsa_2025_daytona_rolex_24_race,imsa_2025_daytona_14_stint_017,car_imsa_2025_vasser_sullivan_racing_14,14,GTDPRO,driver_townsend_bell,Townsend Bell,17,7,349,379,31,29,29,1,0,12,13,110.251,110.251,109.038,110.0842,1.054,1.2385,26.141,51.278,32.886,official_alkamel_time_cards_driver_stint,64c2452b244d1c2ecb1db01df0735b1a0f631db0d4e74397ed7fa3a89b845978
session_imsa_2025_daytona_rolex_24_race,imsa_2025_daytona_14_stint_018,car_imsa_2025_vasser_sullivan_racing_14,14,GTDPRO,driver_ben_barnicoat,Ben Barnicoat,18,3,380,396,17,15,15,1,0,13,14,110.006,110.006,108.562,,0.995,1.1795,25.962,51.242,32.806,official_alkamel_time_cards_driver_stint,64c2452b244d1c2ecb1db01df0735b1a0f631db0d4e74397ed7fa3a89b845978
session_imsa_2025_daytona_rolex_24_race,imsa_2025_daytona_14_stint_019,car_imsa_2025_vasser_sullivan_racing_14,14,GTDPRO,driver_ben_barnicoat,Ben Barnicoat,19,4,397,423,27,25,25,1,0,14,14,109.784,109.784,108.867,109.7821,0.277,0.5485,25.985,51.138,32.591,official_alkamel_time_cards_driver_stint,64c2452b244d1c2ecb1db01df0735b1a0f631db0d4e74397ed7fa3a89b845978
session_imsa_2025_daytona_rolex_24_race,imsa_2025_daytona_14_stint_020,car_imsa_2025_vasser_sullivan_racing_14,14,GTDPRO,driver_ben_barnicoat,Ben Barnicoat,20,5,424,454,31,29,29,1,0,14,15,109.873,109.873,108.894,109.7533,0.7165,1.353,25.904,51.173,32.766,official_alkamel_time_cards_driver_stint,64c2452b244d1c2ecb1db01df0735b1a0f631db0d4e74397ed7fa3a89b845978
session_imsa_2025_daytona_rolex_24_race,imsa_2025_daytona_14_stint_021,car_imsa_2025_vasser_sullivan_racing_14,14,GTDPRO,driver_aaron_telitz,Aaron Telitz,21,6,455,485,31,29,29,1,0,15,16,109.943,109.943,109.035,109.8466,0.938,1.465,25.866,51.129,32.781,official_alkamel_time_cards_driver_stint,64c2452b244d1c2ecb1db01df0735b1a0f631db0d4e74397ed7fa3a89b845978
session_imsa_2025_daytona_rolex_24_race,imsa_2025_daytona_14_stint_022,car_imsa_2025_vasser_sullivan_racing_14,14,GTDPRO,driver_aaron_telitz,Aaron Telitz,22,7,486,516,31,29,29,1,0,16,17,109.866,109.866,109.119,109.8761,0.828,1.597,25.918,51.184,32.758,official_alkamel_time_cards_driver_stint,64c2452b244d1c2ecb1db01df0735b1a0f631db0d4e74397ed7fa3a89b845978
session_imsa_2025_daytona_rolex_24_race,imsa_2025_daytona_14_stint_023,car_imsa_2025_vasser_sullivan_racing_14,14,GTDPRO,driver_townsend_bell,Townsend Bell,23,8,517,539,23,21,21,1,0,17,18,110.24,110.24,108.62,120.3878,0.357,0.762,25.869,51.548,32.969,official_alkamel_time_cards_driver_stint,64c2452b244d1c2ecb1db01df0735b1a0f631db0d4e74397ed7fa3a89b845978
session_imsa_2025_daytona_rolex_24_race,imsa_2025_daytona_14_stint_024,car_imsa_2025_vasser_sullivan_racing_14,14,GTDPRO,driver_townsend_bell,Townsend Bell,24,9,540,571,32,30,30,1,0,18,19,109.8625,109.8625,109.104,109.7482,0.805,1.622,25.991,51.2685,32.71,official_alkamel_time_cards_driver_stint,64c2452b244d1c2ecb1db01df0735b1a0f631db0d4e74397ed7fa3a89b845978
session_imsa_2025_daytona_rolex_24_race,imsa_2025_daytona_14_stint_025,car_imsa_2025_vasser_sullivan_racing_14,14,GTDPRO,driver_ben_barnicoat,Ben Barnicoat,25,6,572,602,31,29,29,1,0,19,20,109.744,109.744,109.117,109.7232,0.419,1.199,25.924,51.244,32.528,official_alkamel_time_cards_driver_stint,64c2452b244d1c2ecb1db01df0735b1a0f631db0d4e74397ed7fa3a89b845978
session_imsa_2025_daytona_rolex_24_race,imsa_2025_daytona_14_stint_026,car_imsa_2025_vasser_sullivan_racing_14,14,GTDPRO,driver_ben_barnicoat,Ben Barnicoat,26,7,603,632,30,28,28,1,0,20,21,109.783,109.783,109.173,109.7046,0.3645,1.043,25.818,51.2955,32.598,official_alkamel_time_cards_driver_stint,64c2452b244d1c2ecb1db01df0735b1a0f631db0d4e74397ed7fa3a89b845978
session_imsa_2025_daytona_rolex_24_race,imsa_2025_daytona_14_stint_027,car_imsa_2025_vasser_sullivan_racing_14,14,GTDPRO,driver_kyle_kirkwood,Kyle Kirkwood,27,4,633,643,11,9,9,1,0,21,22,110.023,110.023,109.541,,0.59,1.198,26.1,51.356,32.744,official_alkamel_time_cards_driver_stint,64c2452b244d1c2ecb1db01df0735b1a0f631db0d4e74397ed7fa3a89b845978
session_imsa_2025_daytona_rolex_24_race,imsa_2025_daytona_14_stint_028,car_imsa_2025_vasser_sullivan_racing_14,14,GTDPRO,driver_kyle_kirkwood,Kyle Kirkwood,28,5,644,675,32,30,30,1,0,22,23,110.4975,110.4975,109.73,110.3424,0.7895,1.289,26.297,51.6155,32.5785,official_alkamel_time_cards_driver_stint,64c2452b244d1c2ecb1db01df0735b1a0f631db0d4e74397ed7fa3a89b845978
session_imsa_2025_daytona_rolex_24_race,imsa_2025_daytona_14_stint_029,car_imsa_2025_vasser_sullivan_racing_14,14,GTDPRO,driver_kyle_kirkwood,Kyle Kirkwood,29,6,676,679,4,2,2,1,0,23,23,177.504,177.504,165.857,,68.095,68.617,35.403,84.4735,57.6275,official_alkamel_time_cards_driver_stint,64c2452b244d1c2ecb1db01df0735b1a0f631db0d4e74397ed7fa3a89b845978
session_imsa_2025_daytona_rolex_24_race,imsa_2025_daytona_14_stint_030,car_imsa_2025_vasser_sullivan_racing_14,14,GTDPRO,driver_aaron_telitz,Aaron Telitz,30,8,680,680,1,0,0,1,0,23,23,,,,,,,,,,official_alkamel_time_cards_driver_stint,64c2452b244d1c2ecb1db01df0735b1a0f631db0d4e74397ed7fa3a89b845978
session_imsa_2025_daytona_rolex_24_race,imsa_2025_daytona_14_stint_031,car_imsa_2025_vasser_sullivan_racing_14,14,GTDPRO,driver_aaron_telitz,Aaron Telitz,31,9,681,704,24,23,23,0,0,23,24,109.841,109.841,108.946,109.811,0.355,0.877,26.109,51.339,32.375,official_alkamel_time_cards_driver_stint,64c2452b244d1c2ecb1db01df0735b1a0f631db0d4e74397ed7fa3a89b845978
session_imsa_2025_daytona_rolex_24_race,imsa_2025_daytona_45_stint_001,car_imsa_2025_wayne_taylor_racing_45,45,GTD,driver_trent_hindman,Trent Hindman,1,1,1,30,30,28,28,1,0,0,0,109.692,109.692,108.568,109.5808,-0.5745,0.528,25.962,51.0695,32.6745,official_alkamel_time_cards_driver_stint,64c2452b244d1c2ecb1db01df0735b1a0f631db0d4e74397ed7fa3a89b845978
session_imsa_2025_daytona_rolex_24_race,imsa_2025_daytona_45_stint_002,car_imsa_2025_wayne_taylor_racing_45,45,GTD,driver_trent_hindman,Trent Hindman,2,2,31,59,29,27,27,1,0,0,1,109.915,109.915,108.695,109.8098,-0.551,0.349,25.968,51.125,32.756,official_alkamel_time_cards_driver_stint,64c2452b244d1c2ecb1db01df0735b1a0f631db0d4e74397ed7fa3a89b845978
session_imsa_2025_daytona_rolex_24_race,imsa_2025_daytona_45_stint_003,car_imsa_2025_wayne_taylor_racing_45,45,GTD,driver_graham_doyle,Graham Doyle,3,1,60,72,13,11,11,1,0,1,2,111.745,111.745,111.224,,1.131,2.031,26.542,51.939,33.391,official_alkamel_time_cards_driver_stint,64c2452b244d1c2ecb1db01df0735b1a0f631db0d4e74397ed7fa3a89b845978
session_imsa_2025_daytona_rolex_24_race,imsa_2025_daytona_45_stint_004,car_imsa_2025_wayne_taylor_racing_45,45,GTD,driver_graham_doyle,Graham Doyle,4,2,73,104,32,30,30,1,0,2,3,112.6735,112.6735,111.757,112.5793,2.154,3.0012,26.572,52.5775,33.432,official_alkamel_time_cards_driver_stint,64c2452b244d1c2ecb1db01df0735b1a0f631db0d4e74397ed7fa3a89b845978
session_imsa_2025_daytona_rolex_24_race,imsa_2025_daytona_45_stint_005,car_imsa_2025_wayne_taylor_racing_45,45,GTD,driver_graham_doyle,Graham Doyle,5,3,105,131,27,25,25,1,0,3,4,111.691,111.691,110.027,111.3902,1.508,2.276,26.372,51.747,33.234,official_alkamel_time_cards_driver_stint,64c2452b244d1c2ecb1db01df0735b1a0f631db0d4e74397ed7fa3a89b845978
session_imsa_2025_daytona_rolex_24_race,imsa_2025_daytona_45_stint_006,car_imsa_2025_wayne_taylor_racing_45,45,GTD,driver_danny_formal,Danny Formal,6,1,132,162,31,29,29,1,0,4,5,109.625,109.625,108.412,109.4358,-0.897,-0.157,25.796,50.887,32.837,official_alkamel_time_cards_driver_stint,64c2452b244d1c2ecb1db01df0735b1a0f631db0d4e74397ed7fa3a89b845978
session_imsa_2025_daytona_rolex_24_race,imsa_2025_daytona_45_stint_007,car_imsa_2025_wayne_taylor_racing_45,45,GTD,driver_danny_formal,Danny Formal,7,2,163,175,13,11,11,1,0,5,5,109.59,109.59,107.589,,-0.932,-0.192,25.33,50.968,32.895,official_alkamel_time_cards_driver_stint,64c2452b244d1c2ecb1db01df0735b1a0f631db0d4e74397ed7fa3a89b845978
session_imsa_2025_daytona_rolex_24_race,imsa_2025_daytona_45_stint_008,car_imsa_2025_wayne_taylor_racing_45,45,GTD,driver_danny_formal,Danny Formal,8,3,176,206,31,29,29,1,0,5,6,110.15,110.15,109.12,110.024,-0.109,1.106,26.06,51.298,32.778,official_alkamel_time_cards_driver_stint,64c2452b244d1c2ecb1db01df0735b1a0f631db0d4e74397ed7fa3a89b845978
session_imsa_2025_daytona_rolex_24_race,imsa_2025_daytona_45_stint_009,car_imsa_2025_wayne_taylor_racing_45,45,GTD,driver_graham_doyle,Graham Doyle,9,4,207,221,15,13,13,1,0,6,7,112.422,112.422,110.272,,0.332,1.547,26.743,51.992,33.339,official_alkamel_time_cards_driver_stint,64c2452b244d1c2ecb1db01df0735b1a0f631db0d4e74397ed7fa3a89b845978
session_imsa_2025_daytona_rolex_24_race,imsa_2025_daytona_45_stint_010,car_imsa_2025_wayne_taylor_racing_45,45,GTD,driver_graham_doyle,Graham Doyle,10,5,222,256,35,33,33,1,0,7,8,112.035,112.035,110.626,111.8876,2.1555,3.022,26.671,52.305,33.489,official_alkamel_time_cards_driver_stint,64c2452b244d1c2ecb1db01df0735b1a0f631db0d4e74397ed7fa3a89b845978
session_imsa_2025_daytona_rolex_24_race,imsa_2025_daytona_45_stint_011,car_imsa_2025_wayne_taylor_racing_45,45,GTD,driver_kyle_marcelli,Kyle Marcelli,11,1,257,286,30,28,28,1,0,8,9,109.445,109.445,108.557,109.2696,-0.8635,-0.149,25.7605,50.8935,32.723,official_alkamel_time_cards_driver_stint,64c2452b244d1c2ecb1db01df0735b1a0f631db0d4e74397ed7fa3a89b845978
session_imsa_2025_daytona_rolex_24_race,imsa_2025_daytona_45_stint_012,car_imsa_2025_wayne_taylor_racing_45,45,GTD,driver_kyle_marcelli,Kyle Marcelli,12,2,287,297,11,9,9,1,0,9,10,180.268,180.268,108.155,,69.9245,70.578,39.01,84.762,51.784,official_alkamel_time_cards_driver_stint,64c2452b244d1c2ecb1db01df0735b1a0f631db0d4e74397ed7fa3a89b845978
session_imsa_2025_daytona_rolex_24_race,imsa_2025_daytona_45_stint_013,car_imsa_2025_wayne_taylor_racing_45,45,GTD,driver_kyle_marcelli,Kyle Marcelli,13,3,298,307,10,8,8,1,0,10,10,109.494,109.494,108.156,,-0.6835,0.3005,25.674,50.896,32.6215,official_alkamel_time_cards_driver_stint,64c2452b244d1c2ecb1db01df0735b1a0f631db0d4e74397ed7fa3a89b845978
session_imsa_2025_daytona_rolex_24_race,imsa_2025_daytona_45_stint_014,car_imsa_2025_wayne_taylor_racing_45,45,GTD,driver_graham_doyle,Graham Doyle,14,6,308,339,32,30,30,1,0,10,11,111.8845,111.8845,110.126,111.7036,2.2115,3.046,26.482,51.9725,33.2545,official_alkamel_time_cards_driver_stint,64c2452b244d1c2ecb1db01df0735b1a0f631db0d4e74397ed7fa3a89b845978
session_imsa_2025_daytona_rolex_24_race,imsa_2025_daytona_45_stint_015,car_imsa_2025_wayne_taylor_racing_45,45,GTD,driver_trent_hindman,Trent Hindman,15,3,340,362,23,21,21,1,0,11,12,109.345,109.345,108.392,112.8448,-0.491,0.2955,25.657,50.774,32.774,official_alkamel_time_cards_driver_stint,64c2452b244d1c2ecb1db01df0735b1a0f631db0d4e74397ed7fa3a89b845978
session_imsa_2025_daytona_rolex_24_race,imsa_2025_daytona_45_stint_016,car_imsa_2025_wayne_taylor_racing_45,45,GTD,driver_trent_hindman,Trent Hindman,16,4,363,395,33,31,31,1,0,12,13,109.461,109.461,108.214,109.1012,-0.179,0.6345,25.856,50.834,32.613,official_alkamel_time_cards_driver_stint,64c2452b244d1c2ecb1db01df0735b1a0f631db0d4e74397ed7fa3a89b845978
session_imsa_2025_daytona_rolex_24_race,imsa_2025_daytona_45_stint_017,car_imsa_2025_wayne_taylor_racing_45,45,GTD,driver_danny_formal,Danny Formal,17,4,396,410,15,13,13,1,0,13,14,109.562,109.562,107.414,,-0.078,0.7355,25.501,51.139,32.936,official_alkamel_time_cards_driver_stint,64c2452b244d1c2ecb1db01df0735b1a0f631db0d4e74397ed7fa3a89b845978
session_imsa_2025_daytona_rolex_24_race,imsa_2025_daytona_45_stint_018,car_imsa_2025_wayne_taylor_racing_45,45,GTD,driver_danny_formal,Danny Formal,18,5,411,441,31,29,29,1,0,14,15,109.643,109.643,108.635,109.5536,-0.175,0.4075,26.036,50.996,32.607,official_alkamel_time_cards_driver_stint,64c2452b244d1c2ecb1db01df0735b1a0f631db0d4e74397ed7fa3a89b845978
session_imsa_2025_daytona_rolex_24_race,imsa_2025_daytona_45_stint_019,car_imsa_2025_wayne_taylor_racing_45,45,GTD,driver_kyle_marcelli,Kyle Marcelli,19,4,442,471,30,28,28,1,0,15,15,109.448,109.448,107.843,109.2256,-0.02,0.928,25.825,50.7175,32.7125,official_alkamel_time_cards_driver_stint,64c2452b244d1c2ecb1db01df0735b1a0f631db0d4e74397ed7fa3a89b845978
session_imsa_2025_daytona_rolex_24_race,imsa_2025_daytona_45_stint_020,car_imsa_2025_wayne_taylor_racing_45,45,GTD,driver_kyle_marcelli,Kyle Marcelli,20,5,472,501,30,28,28,1,0,16,16,109.5515,109.5515,107.497,108.8925,0.3035,1.0735,25.717,50.793,32.7855,official_alkamel_time_cards_driver_stint,64c2452b244d1c2ecb1db01df0735b1a0f631db0d4e74397ed7fa3a89b845978
session_imsa_2025_daytona_rolex_24_race,imsa_2025_daytona_45_stint_021,car_imsa_2025_wayne_taylor_racing_45,45,GTD,driver_trent_hindman,Trent Hindman,21,5,502,531,30,28,28,1,0,16,17,108.895,108.895,107.831,108.681,-0.363,0.629,25.6755,50.646,32.5755,official_alkamel_time_cards_driver_stint,64c2452b244d1c2ecb1db01df0735b1a0f631db0d4e74397ed7fa3a89b845978
session_imsa_2025_daytona_rolex_24_race,imsa_2025_daytona_45_stint_022,car_imsa_2025_wayne_taylor_racing_45,45,GTD,driver_trent_hindman,Trent Hindman,22,6,532,554,23,21,21,1,0,17,18,109.118,109.118,107.854,118.4075,-1.404,-0.575,25.573,50.74,32.737,official_alkamel_time_cards_driver_stint,64c2452b244d1c2ecb1db01df0735b1a0f631db0d4e74397ed7fa3a89b845978
session_imsa_2025_daytona_rolex_24_race,imsa_2025_daytona_45_stint_023,car_imsa_2025_wayne_taylor_racing_45,45,GTD,driver_danny_formal,Danny Formal,23,6,555,585,31,29,29,1,0,18,19,109.507,109.507,108.172,109.09,-0.009,1.0435,25.986,51.121,32.468,official_alkamel_time_cards_driver_stint,64c2452b244d1c2ecb1db01df0735b1a0f631db0d4e74397ed7fa3a89b845978
session_imsa_2025_daytona_rolex_24_race,imsa_2025_daytona_45_stint_024,car_imsa_2025_wayne_taylor_racing_45,45,GTD,driver_kyle_marcelli,Kyle Marcelli,24,6,586,615,30,28,28,1,0,19,20,109.5905,109.5905,107.922,109.3375,0.105,1.007,25.828,51.0855,32.6215,official_alkamel_time_cards_driver_stint,64c2452b244d1c2ecb1db01df0735b1a0f631db0d4e74397ed7fa3a89b845978
session_imsa_2025_daytona_rolex_24_race,imsa_2025_daytona_45_stint_025,car_imsa_2025_wayne_taylor_racing_45,45,GTD,driver_kyle_marcelli,Kyle Marcelli,25,7,616,645,30,28,28,1,0,20,21,109.5985,109.5985,108.573,109.5299,0.048,0.814,25.874,51.1065,32.5865,official_alkamel_time_cards_driver_stint,64c2452b244d1c2ecb1db01df0735b1a0f631db0d4e74397ed7fa3a89b845978
session_imsa_2025_daytona_rolex_24_race,imsa_2025_daytona_45_stint_026,car_imsa_2025_wayne_taylor_racing_45,45,GTD,driver_trent_hindman,Trent Hindman,26,7,646,659,14,12,12,1,0,21,22,109.023,109.023,108.45,,-0.5575,0.198,25.6925,50.8755,32.523,official_alkamel_time_cards_driver_stint,64c2452b244d1c2ecb1db01df0735b1a0f631db0d4e74397ed7fa3a89b845978
session_imsa_2025_daytona_rolex_24_race,imsa_2025_daytona_45_stint_027,car_imsa_2025_wayne_taylor_racing_45,45,GTD,driver_danny_formal,Danny Formal,27,7,660,689,30,29,29,0,0,22,22,109.608,109.608,108.318,109.3978,-0.13,0.3995,26.104,51.09,32.407,official_alkamel_time_cards_driver_stint,64c2452b244d1c2ecb1db01df0735b1a0f631db0d4e74397ed7fa3a89b845978
session_imsa_2025_daytona_rolex_24_race,imsa_2025_daytona_57_stint_001,car_imsa_2025_winward_racing_57,57,GTD,driver_philip_ellis,Philip Ellis,1,1,1,31,31,29,29,1,0,0,0,109.62,109.62,108.459,109.5516,-0.6465,0.456,25.979,50.993,32.591,official_alkamel_time_cards_driver_stint,64c2452b244d1c2ecb1db01df0735b1a0f631db0d4e74397ed7fa3a89b845978
session_imsa_2025_daytona_rolex_24_race,imsa_2025_daytona_57_stint_002,car_imsa_2025_winward_racing_57,57,GTD,driver_russell_ward,Russell Ward,2,1,32,61,30,28,28,1,0,1,1,109.7565,109.7565,108.194,109.5156,-0.7095,0.1905,25.943,50.9325,32.7595,official_alkamel_time_cards_driver_stint,64c2452b244d1c2ecb1db01df0735b1a0f631db0d4e74397ed7fa3a89b845978
session_imsa_2025_daytona_rolex_24_race,imsa_2025_daytona_57_stint_003,car_imsa_2025_winward_racing_57,57,GTD,driver_russell_ward,Russell Ward,3,2,62,72,11,9,9,1,0,1,2,109.378,109.378,108.252,,-1.624,-0.4935,25.762,50.647,33.034,official_alkamel_time_cards_driver_stint,64c2452b244d1c2ecb1db01df0735b1a0f631db0d4e74397ed7fa3a89b845978
session_imsa_2025_daytona_rolex_24_race,imsa_2025_daytona_57_stint_004,car_imsa_2025_winward_racing_57,57,GTD,driver_russell_ward,Russell Ward,4,3,73,78,6,4,4,1,0,2,2,185.903,185.903,113.206,,74.901,76.0315,38.7605,90.2585,55.611,official_alkamel_time_cards_driver_stint,64c2452b244d1c2ecb1db01df0735b1a0f631db0d4e74397ed7fa3a89b845978
session_imsa_2025_daytona_rolex_24_race,imsa_2025_daytona_57_stint_005,car_imsa_2025_winward_racing_57,57,GTD,driver_russell_ward,Russell Ward,5,4,79,104,26,24,24,1,0,2,3,109.4905,109.4905,108.963,109.5974,-0.4985,0.2695,25.8315,50.9915,32.7285,official_alkamel_time_cards_driver_stint,64c2452b244d1c2ecb1db01df0735b1a0f631db0d4e74397ed7fa3a89b845978
session_imsa_2025_daytona_rolex_24_race,imsa_2025_daytona_57_stint_006,car_imsa_2025_winward_racing_57,57,GTD,driver_indy_dontje,Indy Dontje,6,1,105,129,25,23,23,1,0,3,4,109.633,109.633,108.44,114.5114,-0.952,-0.123,25.902,50.964,32.773,official_alkamel_time_cards_driver_stint,64c2452b244d1c2ecb1db01df0735b1a0f631db0d4e74397ed7fa3a89b845978
session_imsa_2025_daytona_rolex_24_race,imsa_2025_daytona_57_stint_007,car_imsa_2025_winward_racing_57,57,GTD,driver_indy_dontje,Indy Dontje,7,2,130,146,17,15,15,1,0,4,4,110.1,110.1,109.44,,-0.5945,0.244,25.964,51.147,32.922,official_alkamel_time_cards_driver_stint,64c2452b244d1c2ecb1db01df0735b1a0f631db0d4e74397ed7fa3a89b845978
session_imsa_2025_daytona_rolex_24_race,imsa_2025_daytona_57_stint_008,car_imsa_2025_winward_racing_57,57,GTD,driver_indy_dontje,Indy Dontje,8,3,147,171,25,23,23,1,0,5,5,108.955,108.955,108.215,109.8041,-1.567,-0.827,25.475,50.755,32.69,official_alkamel_time_cards_driver_stint,64c2452b244d1c2ecb1db01df0735b1a0f631db0d4e74397ed7fa3a89b845978
session_imsa_2025_daytona_rolex_24_race,imsa_2025_daytona_57_stint_009,car_imsa_2025_winward_racing_57,57,GTD,driver_lucas_auer,Lucas Auer,9,1,172,200,29,27,27,1,0,5,6,109.615,109.615,107.571,109.4772,-0.743,0.472,25.902,51.01,32.728,official_alkamel_time_cards_driver_stint,64c2452b244d1c2ecb1db01df0735b1a0f631db0d4e74397ed7fa3a89b845978
session_imsa_2025_daytona_rolex_24_race,imsa_2025_daytona_57_stint_010,car_imsa_2025_winward_racing_57,57,GTD,driver_lucas_auer,Lucas Auer,10,2,201,220,20,18,18,1,0,6,7,109.8055,109.8055,108.155,,-1.9465,-0.6385,25.696,51.119,32.726,official_alkamel_time_cards_driver_stint,64c2452b244d1c2ecb1db01df0735b1a0f631db0d4e74397ed7fa3a89b845978
session_imsa_2025_daytona_rolex_24_race,imsa_2025_daytona_57_stint_011,car_imsa_2025_winward_racing_57,57,GTD,driver_lucas_auer,Lucas Auer,11,3,221,252,32,30,30,1,0,7,8,109.9005,109.9005,108.91,109.7637,-0.068,0.7765,25.8905,51.0815,32.8985,official_alkamel_time_cards_driver_stint,64c2452b244d1c2ecb1db01df0735b1a0f631db0d4e74397ed7fa3a89b845978
session_imsa_2025_daytona_rolex_24_race,imsa_2025_daytona_57_stint_012,car_imsa_2025_winward_racing_57,57,GTD,driver_russell_ward,Russell Ward,12,5,253,282,30,28,28,1,0,8,9,109.593,109.593,108.041,109.2435,-0.597,0.1265,25.7435,50.899,32.777,official_alkamel_time_cards_driver_stint,64c2452b244d1c2ecb1db01df0735b1a0f631db0d4e74397ed7fa3a89b845978
session_imsa_2025_daytona_rolex_24_race,imsa_2025_daytona_57_stint_013,car_imsa_2025_winward_racing_57,57,GTD,driver_russell_ward,Russell Ward,13,6,283,306,24,22,22,1,0,9,10,117.0915,117.0915,108.095,134.8177,6.914,7.898,26.3295,53.836,33.5455,official_alkamel_time_cards_driver_stint,64c2452b244d1c2ecb1db01df0735b1a0f631db0d4e74397ed7fa3a89b845978
session_imsa_2025_daytona_rolex_24_race,imsa_2025_daytona_57_stint_014,car_imsa_2025_winward_racing_57,57,GTD,driver_russell_ward,Russell Ward,14,7,307,336,30,28,28,1,0,10,11,109.492,109.492,108.134,109.3798,-0.2288,0.6095,25.763,50.9135,32.8025,official_alkamel_time_cards_driver_stint,64c2452b244d1c2ecb1db01df0735b1a0f631db0d4e74397ed7fa3a89b845978
session_imsa_2025_daytona_rolex_24_race,imsa_2025_daytona_57_stint_015,car_imsa_2025_winward_racing_57,57,GTD,driver_indy_dontje,Indy Dontje,15,4,337,363,27,25,25,1,0,11,12,108.872,108.872,108.226,109.2922,-0.876,-0.0415,25.498,50.625,32.742,official_alkamel_time_cards_driver_stint,64c2452b244d1c2ecb1db01df0735b1a0f631db0d4e74397ed7fa3a89b845978
session_imsa_2025_daytona_rolex_24_race,imsa_2025_daytona_57_stint_016,car_imsa_2025_winward_racing_57,57,GTD,driver_indy_dontje,Indy Dontje,16,5,364,394,31,29,29,1,0,12,13,109.204,109.204,108.148,109.0906,-0.503,0.3105,25.912,50.7,32.733,official_alkamel_time_cards_driver_stint,64c2452b244d1c2ecb1db01df0735b1a0f631db0d4e74397ed7fa3a89b845978
session_imsa_2025_daytona_rolex_24_race,imsa_2025_daytona_57_stint_017,car_imsa_2025_winward_racing_57,57,GTD,driver_philip_ellis,Philip Ellis,17,2,395,412,18,16,16,1,0,13,14,112.524,112.524,107.758,,2.884,3.6975,25.9285,51.414,33.8355,official_alkamel_time_cards_driver_stint,64c2452b244d1c2ecb1db01df0735b1a0f631db0d4e74397ed7fa3a89b845978
session_imsa_2025_daytona_rolex_24_race,imsa_2025_daytona_57_stint_018,car_imsa_2025_winward_racing_57,57,GTD,driver_philip_ellis,Philip Ellis,18,3,413,442,30,28,28,1,0,14,15,109.35,109.35,108.664,109.3223,-0.468,0.1145,25.943,50.778,32.5035,official_alkamel_time_cards_driver_stint,64c2452b244d1c2ecb1db01df0735b1a0f631db0d4e74397ed7fa3a89b845978
session_imsa_2025_daytona_rolex_24_race,imsa_2025_daytona_57_stint_019,car_imsa_2025_winward_racing_57,57,GTD,driver_philip_ellis,Philip Ellis,19,4,443,472,30,28,28,1,0,15,15,108.8205,108.8205,108.397,108.8297,-0.6475,0.3005,25.5515,50.6345,32.65,official_alkamel_time_cards_driver_stint,64c2452b244d1c2ecb1db01df0735b1a0f631db0d4e74397ed7fa3a89b845978
session_imsa_2025_daytona_rolex_24_race,imsa_2025_daytona_57_stint_020,car_imsa_2025_winward_racing_57,57,GTD,driver_lucas_auer,Lucas Auer,20,4,473,501,29,27,27,1,0,16,16,108.978,108.978,107.69,108.8686,-0.27,0.5,25.609,50.621,32.705,official_alkamel_time_cards_driver_stint,64c2452b244d1c2ecb1db01df0735b1a0f631db0d4e74397ed7fa3a89b845978
session_imsa_2025_daytona_rolex_24_race,imsa_2025_daytona_57_stint_021,car_imsa_2025_winward_racing_57,57,GTD,driver_lucas_auer,Lucas Auer,21,5,502,503,2,0,0,1,0,16,16,,,,,,,,,,official_alkamel_time_cards_driver_stint,64c2452b244d1c2ecb1db01df0735b1a0f631db0d4e74397ed7fa3a89b845978
session_imsa_2025_daytona_rolex_24_race,imsa_2025_daytona_57_stint_022,car_imsa_2025_winward_racing_57,57,GTD,driver_lucas_auer,Lucas Auer,22,6,504,530,27,25,25,1,0,16,17,108.684,108.684,108.015,108.7782,-0.574,0.418,25.595,50.593,32.521,official_alkamel_time_cards_driver_stint,64c2452b244d1c2ecb1db01df0735b1a0f631db0d4e74397ed7fa3a89b845978
session_imsa_2025_daytona_rolex_24_race,imsa_2025_daytona_57_stint_023,car_imsa_2025_winward_racing_57,57,GTD,driver_indy_dontje,Indy Dontje,23,6,531,552,22,20,20,1,0,17,18,109.535,109.535,107.858,112.8834,-0.412,0.172,25.864,50.936,32.7055,official_alkamel_time_cards_driver_stint,64c2452b244d1c2ecb1db01df0735b1a0f631db0d4e74397ed7fa3a89b845978
session_imsa_2025_daytona_rolex_24_race,imsa_2025_daytona_57_stint_024,car_imsa_2025_winward_racing_57,57,GTD,driver_indy_dontje,Indy Dontje,24,7,553,584,32,30,30,1,0,18,19,109.763,109.763,108.06,109.1201,0.187,1.1203,25.8865,51.196,32.557,official_alkamel_time_cards_driver_stint,64c2452b244d1c2ecb1db01df0735b1a0f631db0d4e74397ed7fa3a89b845978
session_imsa_2025_daytona_rolex_24_race,imsa_2025_daytona_57_stint_025,car_imsa_2025_winward_racing_57,57,GTD,driver_philip_ellis,Philip Ellis,25,5,585,614,30,28,28,1,0,19,20,109.125,109.125,107.543,108.8552,-0.3825,0.5273,25.7145,50.8675,32.463,official_alkamel_time_cards_driver_stint,64c2452b244d1c2ecb1db01df0735b1a0f631db0d4e74397ed7fa3a89b845978
session_imsa_2025_daytona_rolex_24_race,imsa_2025_daytona_57_stint_026,car_imsa_2025_winward_racing_57,57,GTD,driver_philip_ellis,Philip Ellis,26,6,615,643,29,27,27,1,0,20,21,108.953,108.953,108.32,108.925,-0.5925,0.279,25.752,50.825,32.426,official_alkamel_time_cards_driver_stint,64c2452b244d1c2ecb1db01df0735b1a0f631db0d4e74397ed7fa3a89b845978
session_imsa_2025_daytona_rolex_24_race,imsa_2025_daytona_57_stint_027,car_imsa_2025_winward_racing_57,57,GTD,driver_lucas_auer,Lucas Auer,27,7,644,659,16,14,14,1,0,21,22,108.8705,108.8705,108.092,,-0.71,0.0455,25.575,50.9135,32.418,official_alkamel_time_cards_driver_stint,64c2452b244d1c2ecb1db01df0735b1a0f631db0d4e74397ed7fa3a89b845978
session_imsa_2025_daytona_rolex_24_race,imsa_2025_daytona_57_stint_028,car_imsa_2025_winward_racing_57,57,GTD,driver_lucas_auer,Lucas Auer,28,8,660,691,32,30,30,1,0,22,23,109.603,109.603,108.08,109.3863,-0.135,0.3945,26.1635,51.0055,32.4155,official_alkamel_time_cards_driver_stint,64c2452b244d1c2ecb1db01df0735b1a0f631db0d4e74397ed7fa3a89b845978
session_imsa_2025_daytona_rolex_24_race,imsa_2025_daytona_57_stint_029,car_imsa_2025_winward_racing_57,57,GTD,driver_lucas_auer,Lucas Auer,29,9,692,694,3,1,1,1,0,23,23,192.708,192.708,192.708,,83.1035,83.821,36.911,89.59,66.207,official_alkamel_time_cards_driver_stint,64c2452b244d1c2ecb1db01df0735b1a0f631db0d4e74397ed7fa3a89b845978
session_imsa_2025_daytona_rolex_24_race,imsa_2025_daytona_57_stint_030,car_imsa_2025_winward_racing_57,57,GTD,driver_lucas_auer,Lucas Auer,30,10,695,695,1,0,0,1,0,23,23,,,,,,,,,,official_alkamel_time_cards_driver_stint,64c2452b244d1c2ecb1db01df0735b1a0f631db0d4e74397ed7fa3a89b845978
session_imsa_2025_daytona_rolex_24_race,imsa_2025_daytona_57_stint_031,car_imsa_2025_winward_racing_57,57,GTD,driver_lucas_auer,Lucas Auer,31,11,696,719,24,23,23,0,0,23,24,109.0,109.0,108.177,109.0431,-0.6045,0.113,25.788,50.82,32.427,official_alkamel_time_cards_driver_stint,64c2452b244d1c2ecb1db01df0735b1a0f631db0d4e74397ed7fa3a89b845978
session_imsa_2025_daytona_rolex_24_race,imsa_2025_daytona_120_stint_001,car_imsa_2025_wright_motorsports_120,120,GTD,driver_elliott_skeer,Elliott Skeer,1,1,1,30,30,28,28,1,0,0,0,109.749,109.749,108.575,109.5438,-0.5175,0.585,26.0405,51.0405,32.605,official_alkamel_time_cards_driver_stint,64c2452b244d1c2ecb1db01df0735b1a0f631db0d4e74397ed7fa3a89b845978
session_imsa_2025_daytona_rolex_24_race,imsa_2025_daytona_120_stint_002,car_imsa_2025_wright_motorsports_120,120,GTD,driver_adam_adelson,Adam Adelson,2,1,31,58,28,26,26,1,0,0,1,109.9525,109.9525,108.92,109.9279,-0.5135,0.3865,25.9205,51.134,32.8795,official_alkamel_time_cards_driver_stint,64c2452b244d1c2ecb1db01df0735b1a0f631db0d4e74397ed7fa3a89b845978
session_imsa_2025_daytona_rolex_24_race,imsa_2025_daytona_120_stint_003,car_imsa_2025_wright_motorsports_120,120,GTD,driver_adam_adelson,Adam Adelson,3,2,59,72,14,12,12,1,0,1,2,110.1955,110.1955,109.509,,-0.6465,0.3577,25.7865,51.181,33.028,official_alkamel_time_cards_driver_stint,64c2452b244d1c2ecb1db01df0735b1a0f631db0d4e74397ed7fa3a89b845978
session_imsa_2025_daytona_rolex_24_race,imsa_2025_daytona_120_stint_004,car_imsa_2025_wright_motorsports_120,120,GTD,driver_adam_adelson,Adam Adelson,4,3,73,102,30,28,28,1,0,2,3,110.6825,110.6825,109.875,110.4778,0.1325,1.0285,26.059,51.517,33.175,official_alkamel_time_cards_driver_stint,64c2452b244d1c2ecb1db01df0735b1a0f631db0d4e74397ed7fa3a89b845978
session_imsa_2025_daytona_rolex_24_race,imsa_2025_daytona_120_stint_005,car_imsa_2025_wright_motorsports_120,120,GTD,driver_ayhancan_guven,Ayhancan Guven,5,1,103,131,29,27,27,1,0,3,4,109.213,109.213,108.083,109.0292,-0.932,-0.164,25.562,51.038,32.608,official_alkamel_time_cards_driver_stint,64c2452b244d1c2ecb1db01df0735b1a0f631db0d4e74397ed7fa3a89b845978
session_imsa_2025_daytona_rolex_24_race,imsa_2025_daytona_120_stint_006,car_imsa_2025_wright_motorsports_120,120,GTD,driver_ayhancan_guven,Ayhancan Guven,6,2,132,160,29,27,27,1,0,4,5,110.066,110.066,109.336,110.0263,-0.494,0.246,26.003,51.193,32.753,official_alkamel_time_cards_driver_stint,64c2452b244d1c2ecb1db01df0735b1a0f631db0d4e74397ed7fa3a89b845978
session_imsa_2025_daytona_rolex_24_race,imsa_2025_daytona_120_stint_007,car_imsa_2025_wright_motorsports_120,120,GTD,driver_tom_sargent,Tom Sargent,7,1,161,192,32,30,30,1,0,5,6,109.429,109.429,108.238,129.6101,-0.858,0.2465,25.693,50.9225,32.776,official_alkamel_time_cards_driver_stint,64c2452b244d1c2ecb1db01df0735b1a0f631db0d4e74397ed7fa3a89b845978
session_imsa_2025_daytona_rolex_24_race,imsa_2025_daytona_120_stint_008,car_imsa_2025_wright_motorsports_120,120,GTD,driver_tom_sargent,Tom Sargent,8,2,193,221,29,27,27,1,0,6,7,109.088,109.088,108.264,109.0401,-1.318,-0.103,25.599,50.859,32.667,official_alkamel_time_cards_driver_stint,64c2452b244d1c2ecb1db01df0735b1a0f631db0d4e74397ed7fa3a89b845978
session_imsa_2025_daytona_rolex_24_race,imsa_2025_daytona_120_stint_009,car_imsa_2025_wright_motorsports_120,120,GTD,driver_adam_adelson,Adam Adelson,9,4,222,254,33,31,31,1,0,7,8,110.631,110.631,109.517,110.2799,0.2385,1.145,26.081,51.821,33.004,official_alkamel_time_cards_driver_stint,64c2452b244d1c2ecb1db01df0735b1a0f631db0d4e74397ed7fa3a89b845978
session_imsa_2025_daytona_rolex_24_race,imsa_2025_daytona_120_stint_010,car_imsa_2025_wright_motorsports_120,120,GTD,driver_adam_adelson,Adam Adelson,10,5,255,283,29,27,27,1,0,8,9,109.939,109.939,109.316,109.8054,-0.2035,0.596,25.847,51.139,32.877,official_alkamel_time_cards_driver_stint,64c2452b244d1c2ecb1db01df0735b1a0f631db0d4e74397ed7fa3a89b845978
session_imsa_2025_daytona_rolex_24_race,imsa_2025_daytona_120_stint_011,car_imsa_2025_wright_motorsports_120,120,GTD,driver_elliott_skeer,Elliott Skeer,11,2,284,290,7,5,5,1,0,9,9,129.768,129.768,109.056,,19.4245,20.078,26.482,56.586,46.841,official_alkamel_time_cards_driver_stint,64c2452b244d1c2ecb1db01df0735b1a0f631db0d4e74397ed7fa3a89b845978
session_imsa_2025_daytona_rolex_24_race,imsa_2025_daytona_120_stint_012,car_imsa_2025_wright_motorsports_120,120,GTD,driver_elliott_skeer,Elliott Skeer,12,3,291,307,17,15,15,1,0,9,10,109.881,109.881,108.002,,-0.2965,0.6875,25.924,50.787,32.916,official_alkamel_time_cards_driver_stint,64c2452b244d1c2ecb1db01df0735b1a0f631db0d4e74397ed7fa3a89b845978
session_imsa_2025_daytona_rolex_24_race,imsa_2025_daytona_120_stint_013,car_imsa_2025_wright_motorsports_120,120,GTD,driver_elliott_skeer,Elliott Skeer,13,4,308,332,25,23,23,1,0,10,11,109.27,109.27,108.281,109.1536,-0.7995,0.1065,25.759,50.663,32.698,official_alkamel_time_cards_driver_stint,64c2452b244d1c2ecb1db01df0735b1a0f631db0d4e74397ed7fa3a89b845978
session_imsa_2025_daytona_rolex_24_race,imsa_2025_daytona_120_stint_014,car_imsa_2025_wright_motorsports_120,120,GTD,driver_ayhancan_guven,Ayhancan Guven,14,3,333,362,30,28,28,1,0,11,12,109.0895,109.0895,107.855,108.7974,-0.5835,0.179,25.608,50.7925,32.67,official_alkamel_time_cards_driver_stint,64c2452b244d1c2ecb1db01df0735b1a0f631db0d4e74397ed7fa3a89b845978
session_imsa_2025_daytona_rolex_24_race,imsa_2025_daytona_120_stint_015,car_imsa_2025_wright_motorsports_120,120,GTD,driver_ayhancan_guven,Ayhancan Guven,15,4,363,363,1,0,0,1,0,12,12,,,,,,,,,,official_alkamel_time_cards_driver_stint,64c2452b244d1c2ecb1db01df0735b1a0f631db0d4e74397ed7fa3a89b845978
session_imsa_2025_daytona_rolex_24_race,imsa_2025_daytona_120_stint_016,car_imsa_2025_wright_motorsports_120,120,GTD,driver_ayhancan_guven,Ayhancan Guven,16,5,364,394,31,29,29,1,0,12,13,109.133,109.133,108.222,109.1902,-0.638,0.1455,25.76,50.764,32.747,official_alkamel_time_cards_driver_stint,64c2452b244d1c2ecb1db01df0735b1a0f631db0d4e74397ed7fa3a89b845978
session_imsa_2025_daytona_rolex_24_race,imsa_2025_daytona_120_stint_017,car_imsa_2025_wright_motorsports_120,120,GTD,driver_tom_sargent,Tom Sargent,17,3,395,410,16,14,14,1,0,13,13,109.1515,109.1515,107.781,,-0.4885,0.325,25.5725,50.779,32.7615,official_alkamel_time_cards_driver_stint,64c2452b244d1c2ecb1db01df0735b1a0f631db0d4e74397ed7fa3a89b845978
session_imsa_2025_daytona_rolex_24_race,imsa_2025_daytona_120_stint_018,car_imsa_2025_wright_motorsports_120,120,GTD,driver_tom_sargent,Tom Sargent,18,4,411,440,30,28,28,1,0,14,14,109.319,109.319,108.699,109.2802,-0.499,0.0835,25.7325,50.804,32.77,official_alkamel_time_cards_driver_stint,64c2452b244d1c2ecb1db01df0735b1a0f631db0d4e74397ed7fa3a89b845978
session_imsa_2025_daytona_rolex_24_race,imsa_2025_daytona_120_stint_019,car_imsa_2025_wright_motorsports_120,120,GTD,driver_adam_adelson,Adam Adelson,19,6,441,468,28,26,26,1,0,15,15,109.747,109.747,108.712,109.5045,0.279,1.227,25.8215,50.8885,32.936,official_alkamel_time_cards_driver_stint,64c2452b244d1c2ecb1db01df0735b1a0f631db0d4e74397ed7fa3a89b845978
session_imsa_2025_daytona_rolex_24_race,imsa_2025_daytona_120_stint_020,car_imsa_2025_wright_motorsports_120,120,GTD,driver_elliott_skeer,Elliott Skeer,20,5,469,498,30,28,28,1,0,15,16,108.8385,108.8385,108.344,108.7409,-0.4095,0.3605,25.614,50.576,32.687,official_alkamel_time_cards_driver_stint,64c2452b244d1c2ecb1db01df0735b1a0f631db0d4e74397ed7fa3a89b845978
session_imsa_2025_daytona_rolex_24_race,imsa_2025_daytona_120_stint_021,car_imsa_2025_wright_motorsports_120,120,GTD,driver_elliott_skeer,Elliott Skeer,21,6,499,527,29,27,27,1,0,16,17,108.806,108.806,108.208,108.7784,-0.452,0.54,25.656,50.621,32.668,official_alkamel_time_cards_driver_stint,64c2452b244d1c2ecb1db01df0735b1a0f631db0d4e74397ed7fa3a89b845978
session_imsa_2025_daytona_rolex_24_race,imsa_2025_daytona_120_stint_022,car_imsa_2025_wright_motorsports_120,120,GTD,driver_ayhancan_guven,Ayhancan Guven,22,6,528,552,25,23,23,1,0,17,18,108.798,108.798,107.422,109.943,-1.205,-0.213,25.63,50.651,32.594,official_alkamel_time_cards_driver_stint,64c2452b244d1c2ecb1db01df0735b1a0f631db0d4e74397ed7fa3a89b845978
session_imsa_2025_daytona_rolex_24_race,imsa_2025_daytona_120_stint_023,car_imsa_2025_wright_motorsports_120,120,GTD,driver_tom_sargent,Tom Sargent,23,5,553,584,32,30,30,1,0,18,19,109.515,109.515,107.959,108.9802,0.222,1.1788,25.8915,50.9515,32.622,official_alkamel_time_cards_driver_stint,64c2452b244d1c2ecb1db01df0735b1a0f631db0d4e74397ed7fa3a89b845978
session_imsa_2025_daytona_rolex_24_race,imsa_2025_daytona_120_stint_024,car_imsa_2025_wright_motorsports_120,120,GTD,driver_tom_sargent,Tom Sargent,24,6,585,613,29,27,27,1,0,19,20,109.087,109.087,108.291,108.9472,-0.3195,0.572,25.686,50.912,32.534,official_alkamel_time_cards_driver_stint,64c2452b244d1c2ecb1db01df0735b1a0f631db0d4e74397ed7fa3a89b845978
session_imsa_2025_daytona_rolex_24_race,imsa_2025_daytona_120_stint_025,car_imsa_2025_wright_motorsports_120,120,GTD,driver_elliott_skeer,Elliott Skeer,25,7,614,642,29,27,27,1,0,20,21,108.956,108.956,108.19,108.8749,-0.5785,0.269,25.669,50.864,32.51,official_alkamel_time_cards_driver_stint,64c2452b244d1c2ecb1db01df0735b1a0f631db0d4e74397ed7fa3a89b845978
session_imsa_2025_daytona_rolex_24_race,imsa_2025_daytona_120_stint_026,car_imsa_2025_wright_motorsports_120,120,GTD,driver_elliott_skeer,Elliott Skeer,26,8,643,659,17,15,15,1,0,21,22,108.803,108.803,108.128,,-0.7775,-0.022,25.474,50.747,32.482,official_alkamel_time_cards_driver_stint,64c2452b244d1c2ecb1db01df0735b1a0f631db0d4e74397ed7fa3a89b845978
session_imsa_2025_daytona_rolex_24_race,imsa_2025_daytona_120_stint_027,car_imsa_2025_wright_motorsports_120,120,GTD,driver_ayhancan_guven,Ayhancan Guven,27,7,660,691,32,30,30,1,0,22,23,109.609,109.609,108.541,109.4326,-0.129,0.4005,25.916,51.055,32.5425,official_alkamel_time_cards_driver_stint,64c2452b244d1c2ecb1db01df0735b1a0f631db0d4e74397ed7fa3a89b845978
session_imsa_2025_daytona_rolex_24_race,imsa_2025_daytona_120_stint_028,car_imsa_2025_wright_motorsports_120,120,GTD,driver_ayhancan_guven,Ayhancan Guven,28,8,692,694,3,1,1,1,0,23,23,194.042,194.042,194.042,,84.4375,85.155,36.96,90.454,66.628,official_alkamel_time_cards_driver_stint,64c2452b244d1c2ecb1db01df0735b1a0f631db0d4e74397ed7fa3a89b845978
session_imsa_2025_daytona_rolex_24_race,imsa_2025_daytona_120_stint_029,car_imsa_2025_wright_motorsports_120,120,GTD,driver_ayhancan_guven,Ayhancan Guven,29,9,695,695,1,0,0,1,0,23,23,,,,,,,,,,official_alkamel_time_cards_driver_stint,64c2452b244d1c2ecb1db01df0735b1a0f631db0d4e74397ed7fa3a89b845978
session_imsa_2025_daytona_rolex_24_race,imsa_2025_daytona_120_stint_030,car_imsa_2025_wright_motorsports_120,120,GTD,driver_ayhancan_guven,Ayhancan Guven,30,10,696,719,24,23,23,0,0,23,24,109.381,109.381,108.727,109.3072,-0.2465,0.471,25.888,50.992,32.402,official_alkamel_time_cards_driver_stint,64c2452b244d1c2ecb1db01df0735b1a0f631db0d4e74397ed7fa3a89b845978
