sessionId,eventId,eventStartDate,seriesId,seriesName,seasonYear,sessionType,sessionName,trackId,trackName,country,lapsFloor,lengthMi,milesFloor,confidenceClass,sourceGrain,metricGrain,lapField,semanticNote,sourceRef
session_frp_f1600_2019_r1_01_practice_1,event_frp_f1600_2019_r1_road_atlanta,2019-04-18,series_frp_f1600,F1600 Championship Series,2019,practice,Practice 1,track_michelin_raceway_road_atlanta,Michelin Raceway Road Atlanta,United States,12,2.54,30.480,observed_lower_bound,driver_result,driver_physical_session,bestLapNumber,"best lap occurred on lap N; N is a lower bound, never a session total",source_frp_f1600_2019_r1_01_practice_1_pdf
session_frp_f1600_2019_r1_02_practice_2,event_frp_f1600_2019_r1_road_atlanta,2019-04-18,series_frp_f1600,F1600 Championship Series,2019,practice,Practice 2,track_michelin_raceway_road_atlanta,Michelin Raceway Road Atlanta,United States,6,2.54,15.240,observed_lower_bound,driver_result,driver_physical_session,bestLapNumber,"best lap occurred on lap N; N is a lower bound, never a session total",source_frp_f1600_2019_r1_02_practice_2_pdf
session_frp_f1600_2019_r1_03_qualifying,event_frp_f1600_2019_r1_road_atlanta,2019-04-18,series_frp_f1600,F1600 Championship Series,2019,qualifying,Qualifying,track_michelin_raceway_road_atlanta,Michelin Raceway Road Atlanta,United States,,2.54,,unknown,driver_result,driver_physical_session,,bestLapNumber is zero/absent and does not prove zero completed laps,source_frp_f1600_2019_r1_03_qualifying_pdf
session_frp_f1600_2019_r1_04_race_1,event_frp_f1600_2019_r1_road_atlanta,2019-04-18,series_frp_f1600,F1600 Championship Series,2019,race,Race 1,track_michelin_raceway_road_atlanta,Michelin Raceway Road Atlanta,United States,14,2.54,35.560,observed_exact,driver_result,driver_physical_session,personalLaps,canonical driver result lapsCompleted,source_frp_f1600_2019_r1_04_race_1_pdf
session_frp_f1600_2019_r1_05_race_2,event_frp_f1600_2019_r1_road_atlanta,2019-04-18,series_frp_f1600,F1600 Championship Series,2019,race,Race 2,track_michelin_raceway_road_atlanta,Michelin Raceway Road Atlanta,United States,15,2.54,38.100,observed_exact,driver_result,driver_physical_session,personalLaps,canonical driver result lapsCompleted,source_frp_f1600_2019_r1_05_race_2_pdf
session_frp_f1600_2019_r1_06_race_3,event_frp_f1600_2019_r1_road_atlanta,2019-04-18,series_frp_f1600,F1600 Championship Series,2019,race,Race 3,track_michelin_raceway_road_atlanta,Michelin Raceway Road Atlanta,United States,18,2.54,45.720,observed_exact,driver_result,driver_physical_session,personalLaps,canonical driver result lapsCompleted,source_frp_f1600_2019_r1_06_race_3_pdf
session_frp_f1600_2019_r2_01_practice_1,event_frp_f1600_2019_r2_watkins_glen_international,2019-05-10,series_frp_f1600,F1600 Championship Series,2019,practice,Practice 1,track_watkins_glen_international,Watkins Glen International,United States,9,3.37,30.330,observed_lower_bound,driver_result,driver_physical_session,bestLapNumber,"best lap occurred on lap N; N is a lower bound, never a session total",source_frp_f1600_2019_r2_01_practice_1_pdf
session_frp_f1600_2019_r2_02_practice_2,event_frp_f1600_2019_r2_watkins_glen_international,2019-05-10,series_frp_f1600,F1600 Championship Series,2019,practice,Practice 2,track_watkins_glen_international,Watkins Glen International,United States,,3.37,,unknown,driver_result,driver_physical_session,,bestLapNumber is zero/absent and does not prove zero completed laps,source_frp_f1600_2019_r2_02_practice_2_pdf
session_frp_f1600_2019_r2_03_qualifying,event_frp_f1600_2019_r2_watkins_glen_international,2019-05-10,series_frp_f1600,F1600 Championship Series,2019,qualifying,Qualifying,track_watkins_glen_international,Watkins Glen International,United States,6,3.37,20.220,observed_lower_bound,driver_result,driver_physical_session,bestLapNumber,"best lap occurred on lap N; N is a lower bound, never a session total",source_frp_f1600_2019_r2_03_qualifying_pdf
session_frp_f1600_2019_r2_04_race_1,event_frp_f1600_2019_r2_watkins_glen_international,2019-05-10,series_frp_f1600,F1600 Championship Series,2019,race,Race 1,track_watkins_glen_international,Watkins Glen International,United States,14,3.37,47.180,observed_exact,driver_result,driver_physical_session,personalLaps,canonical driver result lapsCompleted,source_frp_f1600_2019_r2_04_race_1_pdf
session_frp_f1600_2019_r2_05_race_2,event_frp_f1600_2019_r2_watkins_glen_international,2019-05-10,series_frp_f1600,F1600 Championship Series,2019,race,Race 2,track_watkins_glen_international,Watkins Glen International,United States,9,3.37,30.330,observed_exact,driver_result,driver_physical_session,personalLaps,canonical driver result lapsCompleted,source_frp_f1600_2019_r2_05_race_2_pdf
session_frp_f1600_2019_r2_06_race_3,event_frp_f1600_2019_r2_watkins_glen_international,2019-05-10,series_frp_f1600,F1600 Championship Series,2019,race,Race 3,track_watkins_glen_international,Watkins Glen International,United States,0,3.37,0.000,observed_exact,driver_result,driver_physical_session,personalLaps,canonical driver result lapsCompleted,source_frp_f1600_2019_r2_06_race_3_pdf
session_frp_f1600_2019_r3_01_practice_1,event_frp_f1600_2019_r3_mid_ohio_sports_car_course,2019-06-28,series_frp_f1600,F1600 Championship Series,2019,practice,Practice 1,track_mid_ohio_sports_car_course,Mid-Ohio Sports Car Course,United States,15,2.258,33.870,observed_lower_bound,driver_result,driver_physical_session,bestLapNumber,"best lap occurred on lap N; N is a lower bound, never a session total",source_frp_f1600_2019_r3_01_practice_1_pdf
session_frp_f1600_2019_r3_02_practice_2,event_frp_f1600_2019_r3_mid_ohio_sports_car_course,2019-06-28,series_frp_f1600,F1600 Championship Series,2019,practice,Practice 2,track_mid_ohio_sports_car_course,Mid-Ohio Sports Car Course,United States,13,2.258,29.354,observed_lower_bound,driver_result,driver_physical_session,bestLapNumber,"best lap occurred on lap N; N is a lower bound, never a session total",source_frp_f1600_2019_r3_02_practice_2_pdf
session_frp_f1600_2019_r3_03_qualifying,event_frp_f1600_2019_r3_mid_ohio_sports_car_course,2019-06-28,series_frp_f1600,F1600 Championship Series,2019,qualifying,Qualifying,track_mid_ohio_sports_car_course,Mid-Ohio Sports Car Course,United States,12,2.258,27.096,observed_lower_bound,driver_result,driver_physical_session,bestLapNumber,"best lap occurred on lap N; N is a lower bound, never a session total",source_frp_f1600_2019_r3_03_qualifying_pdf
session_frp_f1600_2019_r3_04_race_1,event_frp_f1600_2019_r3_mid_ohio_sports_car_course,2019-06-28,series_frp_f1600,F1600 Championship Series,2019,race,Race 1,track_mid_ohio_sports_car_course,Mid-Ohio Sports Car Course,United States,18,2.258,40.644,observed_exact,driver_result,driver_physical_session,personalLaps,canonical driver result lapsCompleted,source_frp_f1600_2019_r3_04_race_1_pdf
session_frp_f1600_2019_r3_05_race_2,event_frp_f1600_2019_r3_mid_ohio_sports_car_course,2019-06-28,series_frp_f1600,F1600 Championship Series,2019,race,Race 2,track_mid_ohio_sports_car_course,Mid-Ohio Sports Car Course,United States,18,2.258,40.644,observed_exact,driver_result,driver_physical_session,personalLaps,canonical driver result lapsCompleted,source_frp_f1600_2019_r3_05_race_2_pdf
session_frp_f1600_2019_r3_06_race_3,event_frp_f1600_2019_r3_mid_ohio_sports_car_course,2019-06-28,series_frp_f1600,F1600 Championship Series,2019,race,Race 3,track_mid_ohio_sports_car_course,Mid-Ohio Sports Car Course,United States,18,2.258,40.644,observed_exact,driver_result,driver_physical_session,personalLaps,canonical driver result lapsCompleted,source_frp_f1600_2019_r3_06_race_3_pdf
session_frp_f1600_2019_r4_01_qualifying,event_frp_f1600_2019_r4_virginia_international_raceway,2019-07-26,series_frp_f1600,F1600 Championship Series,2019,qualifying,Qualifying,track_virginia_international_raceway,Virginia International Raceway,United States,10,3.27,32.700,observed_lower_bound,driver_result,driver_physical_session,bestLapNumber,"best lap occurred on lap N; N is a lower bound, never a session total",source_frp_f1600_2019_r4_01_qualifying_pdf
session_frp_f1600_2019_r4_02_race_1,event_frp_f1600_2019_r4_virginia_international_raceway,2019-07-26,series_frp_f1600,F1600 Championship Series,2019,race,Race 1,track_virginia_international_raceway,Virginia International Raceway,United States,13,3.27,42.510,observed_exact,driver_result,driver_physical_session,personalLaps,canonical driver result lapsCompleted,source_frp_f1600_2019_r4_02_race_1_pdf
session_frp_f1600_2019_r4_03_race_2,event_frp_f1600_2019_r4_virginia_international_raceway,2019-07-26,series_frp_f1600,F1600 Championship Series,2019,race,Race 2,track_virginia_international_raceway,Virginia International Raceway,United States,13,3.27,42.510,observed_exact,driver_result,driver_physical_session,personalLaps,canonical driver result lapsCompleted,source_frp_f1600_2019_r4_03_race_2_pdf
session_frp_f1600_2019_r4_04_race_3,event_frp_f1600_2019_r4_virginia_international_raceway,2019-07-26,series_frp_f1600,F1600 Championship Series,2019,race,Race 3,track_virginia_international_raceway,Virginia International Raceway,United States,12,3.27,39.240,observed_exact,driver_result,driver_physical_session,personalLaps,canonical driver result lapsCompleted,source_frp_f1600_2019_r4_04_race_3_pdf
session_frp_f1600_2019_r5_02_race_1,event_frp_f1600_2019_r5_pittsburgh_international_race_complex,2019-08-02,series_frp_f1600,F1600 Championship Series,2019,race,Race 1,track_pittsburgh_international_race_complex,Pittsburgh International Race Complex,United States,14,2.8,39.200,observed_exact,driver_result,driver_physical_session,personalLaps,canonical driver result lapsCompleted,source_frp_f1600_2019_r5_02_race_1_pdf
session_frp_f1600_2019_r5_03_race_2,event_frp_f1600_2019_r5_pittsburgh_international_race_complex,2019-08-02,series_frp_f1600,F1600 Championship Series,2019,race,Race 2,track_pittsburgh_international_race_complex,Pittsburgh International Race Complex,United States,14,2.8,39.200,observed_exact,driver_result,driver_physical_session,personalLaps,canonical driver result lapsCompleted,source_frp_f1600_2019_r5_03_race_2_pdf
session_frp_f1600_2019_r5_04_race_3,event_frp_f1600_2019_r5_pittsburgh_international_race_complex,2019-08-02,series_frp_f1600,F1600 Championship Series,2019,race,Race 3,track_pittsburgh_international_race_complex,Pittsburgh International Race Complex,United States,14,2.8,39.200,observed_exact,driver_result,driver_physical_session,personalLaps,canonical driver result lapsCompleted,source_frp_f1600_2019_r5_04_race_3_pdf
session_frp_f1600_2019_r6_01_practice_1,event_frp_f1600_2019_r6_summit_point,2019-08-23,series_frp_f1600,F1600 Championship Series,2019,practice,Practice 1,track_summit_point_motorsports_park,Summit Point Motorsports Park Main Circuit,United States,7,2.0,14.000,observed_lower_bound,driver_result,driver_physical_session,bestLapNumber,"best lap occurred on lap N; N is a lower bound, never a session total",source_frp_f1600_2019_r6_01_practice_1_pdf
session_frp_f1600_2019_r6_02_practice_2,event_frp_f1600_2019_r6_summit_point,2019-08-23,series_frp_f1600,F1600 Championship Series,2019,practice,Practice 2,track_summit_point_motorsports_park,Summit Point Motorsports Park Main Circuit,United States,8,2.0,16.000,observed_lower_bound,driver_result,driver_physical_session,bestLapNumber,"best lap occurred on lap N; N is a lower bound, never a session total",source_frp_f1600_2019_r6_02_practice_2_pdf
session_frp_f1600_2019_r6_03_qualifying,event_frp_f1600_2019_r6_summit_point,2019-08-23,series_frp_f1600,F1600 Championship Series,2019,qualifying,Qualifying,track_summit_point_motorsports_park,Summit Point Motorsports Park Main Circuit,United States,14,2.0,28.000,observed_lower_bound,driver_result,driver_physical_session,bestLapNumber,"best lap occurred on lap N; N is a lower bound, never a session total",source_frp_f1600_2019_r6_03_qualifying_pdf
session_frp_f1600_2019_r6_04_race_1,event_frp_f1600_2019_r6_summit_point,2019-08-23,series_frp_f1600,F1600 Championship Series,2019,race,Race 1,track_summit_point_motorsports_park,Summit Point Motorsports Park Main Circuit,United States,17,2.0,34.000,observed_exact,driver_result,driver_physical_session,personalLaps,canonical driver result lapsCompleted,source_frp_f1600_2019_r6_04_race_1_pdf
session_frp_f1600_2019_r6_05_race_2,event_frp_f1600_2019_r6_summit_point,2019-08-23,series_frp_f1600,F1600 Championship Series,2019,race,Race 2,track_summit_point_motorsports_park,Summit Point Motorsports Park Main Circuit,United States,17,2.0,34.000,observed_exact,driver_result,driver_physical_session,personalLaps,canonical driver result lapsCompleted,source_frp_f1600_2019_r6_05_race_2_pdf
session_frp_f1600_2019_r6_06_race_3,event_frp_f1600_2019_r6_summit_point,2019-08-23,series_frp_f1600,F1600 Championship Series,2019,race,Race 3,track_summit_point_motorsports_park,Summit Point Motorsports Park Main Circuit,United States,17,2.0,34.000,observed_exact,driver_result,driver_physical_session,personalLaps,canonical driver result lapsCompleted,source_frp_f1600_2019_r6_06_race_3_pdf
session_frp_f1600_2019_r7_01_practice_1,event_frp_f1600_2019_r7_new_jersey_motorsports_park,2019-09-13,series_frp_f1600,F1600 Championship Series,2019,practice,Practice 1,track_new_jersey_motorsports_park_thunderbolt,New Jersey Motorsports Park Thunderbolt Raceway,United States,8,2.25,18.000,observed_lower_bound,driver_result,driver_physical_session,bestLapNumber,"best lap occurred on lap N; N is a lower bound, never a session total",source_frp_f1600_2019_r7_01_practice_1_pdf
session_frp_f1600_2019_r7_02_practice_2,event_frp_f1600_2019_r7_new_jersey_motorsports_park,2019-09-13,series_frp_f1600,F1600 Championship Series,2019,practice,Practice 2,track_new_jersey_motorsports_park_thunderbolt,New Jersey Motorsports Park Thunderbolt Raceway,United States,15,2.25,33.750,observed_lower_bound,driver_result,driver_physical_session,bestLapNumber,"best lap occurred on lap N; N is a lower bound, never a session total",source_frp_f1600_2019_r7_02_practice_2_pdf
session_frp_f1600_2019_r7_03_qualifying,event_frp_f1600_2019_r7_new_jersey_motorsports_park,2019-09-13,series_frp_f1600,F1600 Championship Series,2019,qualifying,Qualifying,track_new_jersey_motorsports_park_thunderbolt,New Jersey Motorsports Park Thunderbolt Raceway,United States,14,2.25,31.500,observed_lower_bound,driver_result,driver_physical_session,bestLapNumber,"best lap occurred on lap N; N is a lower bound, never a session total",source_frp_f1600_2019_r7_03_qualifying_pdf
session_frp_f1600_2019_r7_04_race_1,event_frp_f1600_2019_r7_new_jersey_motorsports_park,2019-09-13,series_frp_f1600,F1600 Championship Series,2019,race,Race 1,track_new_jersey_motorsports_park_thunderbolt,New Jersey Motorsports Park Thunderbolt Raceway,United States,19,2.25,42.750,observed_exact,driver_result,driver_physical_session,personalLaps,canonical driver result lapsCompleted,source_frp_f1600_2019_r7_04_race_1_pdf
session_frp_f1600_2019_r7_05_race_2,event_frp_f1600_2019_r7_new_jersey_motorsports_park,2019-09-13,series_frp_f1600,F1600 Championship Series,2019,race,Race 2,track_new_jersey_motorsports_park_thunderbolt,New Jersey Motorsports Park Thunderbolt Raceway,United States,19,2.25,42.750,observed_exact,driver_result,driver_physical_session,personalLaps,canonical driver result lapsCompleted,source_frp_f1600_2019_r7_05_race_2_pdf
session_frp_f1600_2019_r7_06_race_3,event_frp_f1600_2019_r7_new_jersey_motorsports_park,2019-09-13,series_frp_f1600,F1600 Championship Series,2019,race,Race 3,track_new_jersey_motorsports_park_thunderbolt,New Jersey Motorsports Park Thunderbolt Raceway,United States,19,2.25,42.750,observed_exact,driver_result,driver_physical_session,personalLaps,canonical driver result lapsCompleted,source_frp_f1600_2019_r7_06_race_3_pdf
session_formula_ford_2020_national_oulton_park_qualifying_race_1,event_formula_ford_2020_national_oulton_park,2020-07-18,series_formula_ford,Formula Ford,2020,qualifying,QUALIFYING - RACE 1,track_oulton_park_international,Oulton Park,United Kingdom,7,2.692,18.844,observed_exact,driver_result,driver_physical_session,lapsCompleted,canonical physical-session driver result lap count,source_formula_ford_2020_national_oulton_park_qualifying_race_1_classification
session_formula_ford_2020_national_oulton_park_race_1,event_formula_ford_2020_national_oulton_park,2020-07-18,series_formula_ford,Formula Ford,2020,race,RACE 1,track_oulton_park_international,Oulton Park,United Kingdom,6,2.692,16.152,observed_exact,driver_result,driver_physical_session,personalLaps,canonical driver result lapsCompleted,source_formula_ford_2020_national_oulton_park_race_1_classification;source_formula_ford_2020_national_oulton_park_race_1_grid
session_formula_ford_2020_national_oulton_park_race_8,event_formula_ford_2020_national_oulton_park,2020-07-18,series_formula_ford,Formula Ford,2020,race,RACE 8,track_oulton_park_international,Oulton Park,United Kingdom,7,2.692,18.844,observed_exact,driver_result,driver_physical_session,personalLaps,canonical driver result lapsCompleted,source_formula_ford_2020_national_oulton_park_race_8_classification;source_formula_ford_2020_national_oulton_park_race_8_grid
session_formula_ford_2020_champion_cadwell_qualifying_race_2,event_formula_ford_2020_champion_cadwell,2020-08-22,series_formula_ford,Formula Ford,2020,qualifying,QUALIFYING - RACE 2,track_cadwell_park_full,Cadwell Park Circuit,United Kingdom,7,2.187,15.309,observed_exact,driver_result,driver_physical_session,lapsCompleted,canonical physical-session driver result lap count,source_formula_ford_2020_champion_cadwell_qualifying_race_2_classification
session_formula_ford_2020_champion_cadwell_race_2,event_formula_ford_2020_champion_cadwell,2020-08-22,series_formula_ford,Formula Ford,2020,race,RACE 2,track_cadwell_park_full,Cadwell Park Circuit,United Kingdom,10,2.187,21.870,observed_exact,driver_result,driver_physical_session,personalLaps,canonical driver result lapsCompleted,source_formula_ford_2020_champion_cadwell_race_2_classification;source_formula_ford_2020_champion_cadwell_race_2_grid
session_formula_ford_2020_champion_cadwell_race_5,event_formula_ford_2020_champion_cadwell,2020-08-22,series_formula_ford,Formula Ford,2020,race,RACE 5,track_cadwell_park_full,Cadwell Park Circuit,United Kingdom,10,2.187,21.870,observed_exact,driver_result,driver_physical_session,personalLaps,canonical driver result lapsCompleted,source_formula_ford_2020_champion_cadwell_race_5_classification;source_formula_ford_2020_champion_cadwell_race_5_grid
session_formula_ford_2020_champion_brands_qualifying_race_5,event_formula_ford_2020_champion_brands,2020-09-12,series_formula_ford,Formula Ford,2020,qualifying,QUALIFYING - RACE 5,track_brands_hatch_indy,Brands Hatch Circuit,United Kingdom,15,1.208,18.120,observed_exact,driver_result,driver_physical_session,lapsCompleted,canonical physical-session driver result lap count,source_formula_ford_2020_champion_brands_qualifying_race_5_classification
session_formula_ford_2020_champion_brands_race_11,event_formula_ford_2020_champion_brands,2020-09-12,series_formula_ford,Formula Ford,2020,race,RACE 11,track_brands_hatch_indy,Brands Hatch Circuit,United Kingdom,18,1.208,21.744,observed_exact,driver_result,driver_physical_session,personalLaps,canonical driver result lapsCompleted,source_formula_ford_2020_champion_brands_race_11_classification;source_formula_ford_2020_champion_brands_race_11_grid
session_formula_ford_2020_champion_brands_race_5,event_formula_ford_2020_champion_brands,2020-09-12,series_formula_ford,Formula Ford,2020,race,RACE 5,track_brands_hatch_indy,Brands Hatch Circuit,United Kingdom,18,1.208,21.744,observed_exact,driver_result,driver_physical_session,personalLaps,canonical driver result lapsCompleted,source_formula_ford_2020_champion_brands_race_5_classification;source_formula_ford_2020_champion_brands_race_5_grid
session_formula_ford_2020_national_brands_hatch_qualifying_race_2,event_formula_ford_2020_national_brands_hatch,2020-09-26,series_formula_ford,Formula Ford,2020,qualifying,QUALIFYING - RACE 2,track_brands_hatch_indy,Brands Hatch Circuit,United Kingdom,17,1.208,20.536,observed_exact,driver_result,driver_physical_session,lapsCompleted,canonical physical-session driver result lap count,source_formula_ford_2020_national_brands_hatch_qualifying_race_2_classification
session_formula_ford_2020_national_brands_hatch_race_11,event_formula_ford_2020_national_brands_hatch,2020-09-26,series_formula_ford,Formula Ford,2020,race,RACE 11,track_brands_hatch_indy,Brands Hatch Circuit,United Kingdom,18,1.208,21.744,observed_exact,driver_result,driver_physical_session,personalLaps,canonical driver result lapsCompleted,source_formula_ford_2020_national_brands_hatch_race_11_classification;source_formula_ford_2020_national_brands_hatch_race_11_grid
session_formula_ford_2020_national_brands_hatch_race_18,event_formula_ford_2020_national_brands_hatch,2020-09-26,series_formula_ford,Formula Ford,2020,race,RACE 18,track_brands_hatch_indy,Brands Hatch Circuit,United Kingdom,18,1.208,21.744,observed_exact,driver_result,driver_physical_session,personalLaps,canonical driver result lapsCompleted,source_formula_ford_2020_national_brands_hatch_race_18_classification;source_formula_ford_2020_national_brands_hatch_race_18_grid
session_formula_ford_2020_national_brands_hatch_race_2,event_formula_ford_2020_national_brands_hatch,2020-09-26,series_formula_ford,Formula Ford,2020,race,RACE 2,track_brands_hatch_indy,Brands Hatch Circuit,United Kingdom,18,1.208,21.744,observed_exact,driver_result,driver_physical_session,personalLaps,canonical driver result lapsCompleted,source_formula_ford_2020_national_brands_hatch_race_2_classification;source_formula_ford_2020_national_brands_hatch_race_2_grid
session_formula_ford_2020_national_silverstone_qualifying_race_3,event_formula_ford_2020_national_silverstone,2020-10-10,series_formula_ford,Formula Ford,2020,qualifying,QUALIFYING - RACE 3,track_silverstone_international,Silverstone Circuit,United Kingdom,13,1.8508,24.060,observed_exact,driver_result,driver_physical_session,lapsCompleted,canonical physical-session driver result lap count,source_formula_ford_2020_national_silverstone_qualifying_race_3_classification
session_formula_ford_2020_national_silverstone_race_3,event_formula_ford_2020_national_silverstone,2020-10-10,series_formula_ford,Formula Ford,2020,race,RACE 3,track_silverstone_international,Silverstone Circuit,United Kingdom,12,1.8508,22.210,observed_exact,driver_result,driver_physical_session,personalLaps,canonical driver result lapsCompleted,source_formula_ford_2020_national_silverstone_race_3_classification;source_formula_ford_2020_national_silverstone_race_3_grid
session_formula_ford_2020_national_silverstone_race_7,event_formula_ford_2020_national_silverstone,2020-10-10,series_formula_ford,Formula Ford,2020,race,RACE 7,track_silverstone_international,Silverstone Circuit,United Kingdom,11,1.8508,20.359,observed_exact,driver_result,driver_physical_session,personalLaps,canonical driver result lapsCompleted,source_formula_ford_2020_national_silverstone_race_7_classification;source_formula_ford_2020_national_silverstone_race_7_grid
session_formula_ford_2020_festival_grand_final_race_21,event_formula_ford_2020_formula_ford_festival,2020-10-24,series_formula_ford,Formula Ford,2020,race,GRAND FINAL (RACE 21),track_brands_hatch_indy,Brands Hatch Circuit,United Kingdom,20,1.208,24.160,observed_exact,driver_result,driver_physical_session,personalLaps,canonical driver result lapsCompleted,source_formula_ford_2020_festival_grand_final_race_21_classification;source_formula_ford_2020_festival_grand_final_race_21_grid
session_formula_ford_2020_festival_heat_1_race_4,event_formula_ford_2020_formula_ford_festival,2020-10-24,series_formula_ford,Formula Ford,2020,heat,HEAT 1 (RACE 4),track_brands_hatch_indy,Brands Hatch Circuit,United Kingdom,15,1.208,18.120,observed_exact,driver_result,driver_physical_session,lapsCompleted,canonical physical-session driver result lap count,source_formula_ford_2020_festival_heat_1_race_4_classification;source_formula_ford_2020_festival_heat_1_race_4_grid
session_formula_ford_2020_festival_qualifying_heat_1_race_4,event_formula_ford_2020_formula_ford_festival,2020-10-24,series_formula_ford,Formula Ford,2020,qualifying,QUALIFYING - HEAT 1 (RACE 4),track_brands_hatch_indy,Brands Hatch Circuit,United Kingdom,14,1.208,16.912,observed_exact,driver_result,driver_physical_session,lapsCompleted,canonical physical-session driver result lap count,source_formula_ford_2020_festival_qualifying_heat_1_race_4_classification
session_formula_ford_2020_festival_semi_final_1_race_13,event_formula_ford_2020_formula_ford_festival,2020-10-24,series_formula_ford,Formula Ford,2020,race,SEMI FINAL 1 (RACE 13),track_brands_hatch_indy,Brands Hatch Circuit,United Kingdom,15,1.208,18.120,observed_exact,driver_result,driver_physical_session,personalLaps,canonical driver result lapsCompleted,source_formula_ford_2020_festival_semi_final_1_race_13_classification;source_formula_ford_2020_festival_semi_final_1_race_13_grid
session_formula_ford_2020_wht_grand_final,event_formula_ford_2020_walter_hayes_trophy,2020-10-31,series_formula_ford,Formula Ford,2020,race,GRAND FINAL,track_silverstone_national,Silverstone Circuit,United Kingdom,5,1.64,8.200,observed_exact,driver_result,driver_physical_session,personalLaps,canonical driver result lapsCompleted,source_formula_ford_2020_wht_grand_final_classification;source_formula_ford_2020_wht_grand_final_grid
session_formula_ford_2020_wht_heat_3,event_formula_ford_2020_walter_hayes_trophy,2020-10-31,series_formula_ford,Formula Ford,2020,heat,HEAT 3,track_silverstone_national,Silverstone Circuit,United Kingdom,8,1.64,13.120,observed_exact,driver_result,driver_physical_session,lapsCompleted,canonical physical-session driver result lap count,source_formula_ford_2020_wht_heat_3_classification;source_formula_ford_2020_wht_heat_3_grid
session_formula_ford_2020_wht_heat_3_qualifying,event_formula_ford_2020_walter_hayes_trophy,2020-10-31,series_formula_ford,Formula Ford,2020,qualifying,HEAT 3 QUALIFYING,track_silverstone_national,Silverstone Circuit,United Kingdom,9,1.64,14.760,observed_exact,driver_result,driver_physical_session,lapsCompleted,canonical physical-session driver result lap count,source_formula_ford_2020_wht_heat_3_qualifying_classification
session_formula_ford_2020_wht_semi_final_2,event_formula_ford_2020_walter_hayes_trophy,2020-10-31,series_formula_ford,Formula Ford,2020,race,SEMI FINAL 2,track_silverstone_national,Silverstone Circuit,United Kingdom,12,1.64,19.680,observed_exact,driver_result,driver_physical_session,personalLaps,canonical driver result lapsCompleted,source_formula_ford_2020_wht_semi_final_2_classification;source_formula_ford_2020_wht_semi_final_2_grid
session_gb3_2021_212005_free_practice_1,event_gb3_2021_r1_brands_hatch,2021-05-22,series_gb3,GB3 Championship,2021,practice,Free Practice 1,track_brands_hatch_gp,Brands Hatch Circuit,United Kingdom,11,2.433,26.763,observed_exact,driver,driver_physical_session,lapsCompleted,canonical physical-session driver result lap count,source_gb3_2021_212005_fp1_bf3_pdf
session_gb3_2021_212005_qualifying,event_gb3_2021_r1_brands_hatch,2021-05-22,series_gb3,GB3 Championship,2021,qualifying,Qualifying,track_brands_hatch_gp,Brands Hatch Circuit,United Kingdom,14,2.433,34.062,observed_exact,driver,driver_physical_session,lapsCompleted,canonical physical-session driver result lap count,source_gb3_2021_212005_qu1_bf3_pdf
session_gb3_2021_212005_qualifying_2nd_fastest,event_gb3_2021_r1_brands_hatch,2021-05-22,series_gb3,GB3 Championship,2021,qualifying,Qualifying 2nd Fastest,track_brands_hatch_gp,Brands Hatch Circuit,United Kingdom,14,2.433,34.062,observed_exact,driver,driver_physical_session,lapsCompleted,canonical physical-session driver result lap count,source_gb3_2021_212005_qu2_bf3_pdf
session_gb3_2021_212005_race_1_result,event_gb3_2021_r1_brands_hatch,2021-05-22,series_gb3,GB3 Championship,2021,race,Race 1 Result,track_brands_hatch_gp,Brands Hatch Circuit,United Kingdom,12,2.433,29.196,observed_exact,driver,driver_physical_session,personalLaps,canonical driver result lapsCompleted,source_gb3_2021_212005_rc1_bf3_pdf;source_gb3_2021_212005_grd_bf3_pdf
session_gb3_2021_212005_race_2_result,event_gb3_2021_r1_brands_hatch,2021-05-22,series_gb3,GB3 Championship,2021,race,Race 2 Result,track_brands_hatch_gp,Brands Hatch Circuit,United Kingdom,10,2.433,24.330,observed_exact,driver,driver_physical_session,personalLaps,canonical driver result lapsCompleted,source_gb3_2021_212005_rc2_bf3_pdf;source_gb3_2021_212005_gr2_bf3_pdf
session_gb3_2021_212005_race_3_result,event_gb3_2021_r1_brands_hatch,2021-05-22,series_gb3,GB3 Championship,2021,race,Race 3 Result,track_brands_hatch_gp,Brands Hatch Circuit,United Kingdom,12,2.433,29.196,observed_exact,driver,driver_physical_session,personalLaps,canonical driver result lapsCompleted,source_gb3_2021_212005_rc3_bf3_pdf;source_gb3_2021_212005_gr3_bf3_pdf
session_gb3_2021_212505_qualifying,event_gb3_2021_r2_silverstone,2021-06-26,series_gb3,GB3 Championship,2021,qualifying,Qualifying,track_silverstone_gp,Silverstone Circuit,United Kingdom,10,3.66,36.600,observed_exact,driver,driver_physical_session,lapsCompleted,canonical physical-session driver result lap count,source_gb3_2021_212505_qu1_bf3_pdf
session_gb3_2021_212505_qualifying_2nd_fastest,event_gb3_2021_r2_silverstone,2021-06-26,series_gb3,GB3 Championship,2021,qualifying,Qualifying 2nd Fastest,track_silverstone_gp,Silverstone Circuit,United Kingdom,10,3.66,36.600,observed_exact,driver,driver_physical_session,lapsCompleted,canonical physical-session driver result lap count,source_gb3_2021_212505_qu2_bf3_pdf
session_gb3_2021_212505_race_1_result,event_gb3_2021_r2_silverstone,2021-06-26,series_gb3,GB3 Championship,2021,race,Race 1 Result,track_silverstone_gp,Silverstone Circuit,United Kingdom,10,3.66,36.600,observed_exact,driver,driver_physical_session,personalLaps,canonical driver result lapsCompleted,source_gb3_2021_212505_rc1_bf3_pdf;source_gb3_2021_212505_grd_bf3_pdf
session_gb3_2021_212505_race_2_result,event_gb3_2021_r2_silverstone,2021-06-26,series_gb3,GB3 Championship,2021,race,Race 2 Result,track_silverstone_gp,Silverstone Circuit,United Kingdom,10,3.66,36.600,observed_exact,driver,driver_physical_session,personalLaps,canonical driver result lapsCompleted,source_gb3_2021_212505_rc2_bf3_pdf;source_gb3_2021_212505_gr2_bf3_pdf
session_gb3_2021_212705_qualifying,event_gb3_2021_r3_donington_park,2021-07-10,series_gb3,GB3 Championship,2021,qualifying,Qualifying,track_donington_park_gp,Donington Park,United Kingdom,13,2.498,32.474,observed_exact,driver,driver_physical_session,lapsCompleted,canonical physical-session driver result lap count,source_gb3_2021_212705_qu1_bf3_pdf
session_gb3_2021_212705_qualifying_2nd_fastest,event_gb3_2021_r3_donington_park,2021-07-10,series_gb3,GB3 Championship,2021,qualifying,Qualifying 2nd Fastest,track_donington_park_gp,Donington Park,United Kingdom,13,2.498,32.474,observed_exact,driver,driver_physical_session,lapsCompleted,canonical physical-session driver result lap count,source_gb3_2021_212705_qu2_bf3_pdf
session_gb3_2021_212705_race_1_result,event_gb3_2021_r3_donington_park,2021-07-10,series_gb3,GB3 Championship,2021,race,Race 1 Result,track_donington_park_gp,Donington Park,United Kingdom,12,2.498,29.976,observed_exact,driver,driver_physical_session,personalLaps,canonical driver result lapsCompleted,source_gb3_2021_212705_rc1_bf3_pdf;source_gb3_2021_212705_grd_bf3_pdf
session_gb3_2021_212705_race_2_result,event_gb3_2021_r3_donington_park,2021-07-10,series_gb3,GB3 Championship,2021,race,Race 2 Result,track_donington_park_gp,Donington Park,United Kingdom,12,2.498,29.976,observed_exact,driver,driver_physical_session,personalLaps,canonical driver result lapsCompleted,source_gb3_2021_212705_rc2_bf3_pdf;source_gb3_2021_212705_gr2_bf3_pdf
session_gb3_2021_212705_race_3_result,event_gb3_2021_r3_donington_park,2021-07-10,series_gb3,GB3 Championship,2021,race,Race 3 Result,track_donington_park_gp,Donington Park,United Kingdom,12,2.498,29.976,observed_exact,driver,driver_physical_session,personalLaps,canonical driver result lapsCompleted,source_gb3_2021_212705_rc3_bf3_pdf;source_gb3_2021_212705_gr3_bf3_pdf
session_gb3_2021_212905_free_practice_1,event_gb3_2021_r4_spa_francorchamps,2021-07-24,series_gb3,GB3 Championship,2021,practice,Free Practice 1,track_spa_gp,Circuit de Spa-Francorchamps,Belgium,17,4.352,73.984,observed_exact,driver,driver_physical_session,lapsCompleted,canonical physical-session driver result lap count,source_gb3_2021_212905_fp1_bf3_pdf
session_gb3_2021_212905_free_practice_2,event_gb3_2021_r4_spa_francorchamps,2021-07-24,series_gb3,GB3 Championship,2021,practice,Free Practice 2,track_spa_gp,Circuit de Spa-Francorchamps,Belgium,17,4.352,73.984,observed_exact,driver,driver_physical_session,lapsCompleted,canonical physical-session driver result lap count,source_gb3_2021_212905_fp2_bf3_pdf
session_gb3_2021_212905_free_practice_3,event_gb3_2021_r4_spa_francorchamps,2021-07-24,series_gb3,GB3 Championship,2021,practice,Free Practice 3,track_spa_gp,Circuit de Spa-Francorchamps,Belgium,15,4.352,65.280,observed_exact,driver,driver_physical_session,lapsCompleted,canonical physical-session driver result lap count,source_gb3_2021_212905_fp3_bf3_pdf
session_gb3_2021_212905_qualifying,event_gb3_2021_r4_spa_francorchamps,2021-07-24,series_gb3,GB3 Championship,2021,qualifying,Qualifying,track_spa_gp,Circuit de Spa-Francorchamps,Belgium,11,4.352,47.872,observed_exact,driver,driver_physical_session,lapsCompleted,canonical physical-session driver result lap count,source_gb3_2021_212905_qu1_bf3_pdf
session_gb3_2021_212905_qualifying_2nd_fastest,event_gb3_2021_r4_spa_francorchamps,2021-07-24,series_gb3,GB3 Championship,2021,qualifying,Qualifying 2nd Fastest,track_spa_gp,Circuit de Spa-Francorchamps,Belgium,11,4.352,47.872,observed_exact,driver,driver_physical_session,lapsCompleted,canonical physical-session driver result lap count,source_gb3_2021_212905_qu2_bf3_pdf
session_gb3_2021_212905_race_1_result,event_gb3_2021_r4_spa_francorchamps,2021-07-24,series_gb3,GB3 Championship,2021,race,Race 1 Result,track_spa_gp,Circuit de Spa-Francorchamps,Belgium,8,4.352,34.816,observed_exact,driver,driver_physical_session,personalLaps,canonical driver result lapsCompleted,source_gb3_2021_212905_rc1_bf3_pdf;source_gb3_2021_212905_grd_bf3_pdf
session_gb3_2021_212905_race_2_result,event_gb3_2021_r4_spa_francorchamps,2021-07-24,series_gb3,GB3 Championship,2021,race,Race 2 Result,track_spa_gp,Circuit de Spa-Francorchamps,Belgium,9,4.352,39.168,observed_exact,driver,driver_physical_session,personalLaps,canonical driver result lapsCompleted,source_gb3_2021_212905_rc2_bf3_pdf;source_gb3_2021_212905_gr2_bf3_pdf
session_gb3_2021_212905_race_3_result,event_gb3_2021_r4_spa_francorchamps,2021-07-24,series_gb3,GB3 Championship,2021,race,Race 3 Result,track_spa_gp,Circuit de Spa-Francorchamps,Belgium,9,4.352,39.168,observed_exact,driver,driver_physical_session,personalLaps,canonical driver result lapsCompleted,source_gb3_2021_212905_rc3_bf3_pdf;source_gb3_2021_212905_gr3_bf3_pdf
session_gb3_2021_213105_qualifying,event_gb3_2021_r5_snetterton,2021-08-07,series_gb3,GB3 Championship,2021,qualifying,Qualifying,track_snetterton_300,Snetterton Circuit,United Kingdom,10,2.969,29.690,observed_exact,driver,driver_physical_session,lapsCompleted,canonical physical-session driver result lap count,source_gb3_2021_213105_qu1_bf3_pdf
session_gb3_2021_213105_qualifying_2nd_fastest,event_gb3_2021_r5_snetterton,2021-08-07,series_gb3,GB3 Championship,2021,qualifying,Qualifying 2nd Fastest,track_snetterton_300,Snetterton Circuit,United Kingdom,10,2.969,29.690,observed_exact,driver,driver_physical_session,lapsCompleted,canonical physical-session driver result lap count,source_gb3_2021_213105_qu2_bf3_pdf
session_gb3_2021_213105_race_1_result,event_gb3_2021_r5_snetterton,2021-08-07,series_gb3,GB3 Championship,2021,race,Race 1 Result,track_snetterton_300,Snetterton Circuit,United Kingdom,10,2.969,29.690,observed_exact,driver,driver_physical_session,personalLaps,canonical driver result lapsCompleted,source_gb3_2021_213105_rc1_bf3_pdf;source_gb3_2021_213105_grd_bf3_pdf
session_gb3_2021_213105_race_2_result,event_gb3_2021_r5_snetterton,2021-08-07,series_gb3,GB3 Championship,2021,race,Race 2 Result,track_snetterton_300,Snetterton Circuit,United Kingdom,10,2.969,29.690,observed_exact,driver,driver_physical_session,personalLaps,canonical driver result lapsCompleted,source_gb3_2021_213105_rc2_bf3_pdf;source_gb3_2021_213105_gr2_bf3_pdf
session_gb3_2021_213105_race_3_result,event_gb3_2021_r5_snetterton,2021-08-07,series_gb3,GB3 Championship,2021,race,Race 3 Result,track_snetterton_300,Snetterton Circuit,United Kingdom,10,2.969,29.690,observed_exact,driver,driver_physical_session,personalLaps,canonical driver result lapsCompleted,source_gb3_2021_213105_rc3_bf3_pdf;source_gb3_2021_213105_gr3_bf3_pdf
session_gb3_2021_213605_qualifying,event_gb3_2021_r6_oulton_park,2021-09-11,series_gb3,GB3 Championship,2021,qualifying,Qualifying,track_oulton_park_international,Oulton Park,United Kingdom,13,2.692,34.996,observed_exact,driver,driver_physical_session,lapsCompleted,canonical physical-session driver result lap count,source_gb3_2021_213605_qu1_bf3_pdf
session_gb3_2021_213605_qualifying_2nd_fastest,event_gb3_2021_r6_oulton_park,2021-09-11,series_gb3,GB3 Championship,2021,qualifying,Qualifying 2nd Fastest,track_oulton_park_international,Oulton Park,United Kingdom,13,2.692,34.996,observed_exact,driver,driver_physical_session,lapsCompleted,canonical physical-session driver result lap count,source_gb3_2021_213605_qu2_bf3_pdf
session_gb3_2021_213605_race_1_result,event_gb3_2021_r6_oulton_park,2021-09-11,series_gb3,GB3 Championship,2021,race,Race 1 Result,track_oulton_park_international,Oulton Park,United Kingdom,13,2.692,34.996,observed_exact,driver,driver_physical_session,personalLaps,canonical driver result lapsCompleted,source_gb3_2021_213605_rc1_bf3_pdf;source_gb3_2021_213605_grd_bf3_pdf
session_gb3_2021_213605_race_2_result,event_gb3_2021_r6_oulton_park,2021-09-11,series_gb3,GB3 Championship,2021,race,Race 2 Result,track_oulton_park_international,Oulton Park,United Kingdom,10,2.692,26.920,observed_exact,driver,driver_physical_session,personalLaps,canonical driver result lapsCompleted,source_gb3_2021_213605_rc2_bf3_pdf;source_gb3_2021_213605_gr2_bf3_pdf
session_gb3_2021_213605_race_3_result,event_gb3_2021_r6_oulton_park,2021-09-11,series_gb3,GB3 Championship,2021,race,Race 3 Result,track_oulton_park_international,Oulton Park,United Kingdom,12,2.692,32.304,observed_exact,driver,driver_physical_session,personalLaps,canonical driver result lapsCompleted,source_gb3_2021_213605_rc3_bf3_pdf;source_gb3_2021_213605_gr3_bf3_pdf
session_gb3_2021_214105_qualifying,event_gb3_2021_r7_donington_park,2021-10-16,series_gb3,GB3 Championship,2021,qualifying,Qualifying,track_donington_park_gp,Donington Park,United Kingdom,12,2.498,29.976,observed_exact,driver,driver_physical_session,lapsCompleted,canonical physical-session driver result lap count,source_gb3_2021_214105_qu1_bf3_pdf
session_gb3_2021_214105_qualifying_2nd_fastest,event_gb3_2021_r7_donington_park,2021-10-16,series_gb3,GB3 Championship,2021,qualifying,Qualifying 2nd Fastest,track_donington_park_gp,Donington Park,United Kingdom,12,2.498,29.976,observed_exact,driver,driver_physical_session,lapsCompleted,canonical physical-session driver result lap count,source_gb3_2021_214105_qu2_bf3_pdf
session_gb3_2021_214105_race_1_result,event_gb3_2021_r7_donington_park,2021-10-16,series_gb3,GB3 Championship,2021,race,Race 1 Result,track_donington_park_gp,Donington Park,United Kingdom,12,2.498,29.976,observed_exact,driver,driver_physical_session,personalLaps,canonical driver result lapsCompleted,source_gb3_2021_214105_rc1_bf3_pdf;source_gb3_2021_214105_grd_bf3_pdf
session_gb3_2021_214105_race_2_result,event_gb3_2021_r7_donington_park,2021-10-16,series_gb3,GB3 Championship,2021,race,Race 2 Result,track_donington_park_gp,Donington Park,United Kingdom,11,2.498,27.478,observed_exact,driver,driver_physical_session,personalLaps,canonical driver result lapsCompleted,source_gb3_2021_214105_rc2_bf3_pdf;source_gb3_2021_214105_gr2_bf3_pdf
session_gb3_2021_214105_race_3_result,event_gb3_2021_r7_donington_park,2021-10-16,series_gb3,GB3 Championship,2021,race,Race 3 Result,track_donington_park_gp,Donington Park,United Kingdom,12,2.498,29.976,observed_exact,driver,driver_physical_session,personalLaps,canonical driver result lapsCompleted,source_gb3_2021_214105_rc3_bf3_pdf;source_gb3_2021_214105_gr3_bf3_pdf
session_gb3_2022_1108,event_gb3_2022_r1_oulton_park,2022-04-15,series_gb3,GB3 Championship,2022,practice,Thursday session 1,track_oulton_park_international,Oulton Park,United Kingdom,17,2.692,45.764,observed_exact,driver_result,driver_physical_session,lapsCompleted,canonical physical-session driver result lap count,source_gb3_2022_session_1108
session_gb3_2022_1109,event_gb3_2022_r1_oulton_park,2022-04-15,series_gb3,GB3 Championship,2022,practice,Thursday session 3,track_oulton_park_international,Oulton Park,United Kingdom,21,2.692,56.532,observed_exact,driver_result,driver_physical_session,lapsCompleted,canonical physical-session driver result lap count,source_gb3_2022_session_1109
session_gb3_2022_1110,event_gb3_2022_r1_oulton_park,2022-04-15,series_gb3,GB3 Championship,2022,practice,Thursday session 2,track_oulton_park_international,Oulton Park,United Kingdom,11,2.692,29.612,observed_exact,driver_result,driver_physical_session,lapsCompleted,canonical physical-session driver result lap count,source_gb3_2022_session_1110
session_gb3_2022_1111,event_gb3_2022_r1_oulton_park,2022-04-15,series_gb3,GB3 Championship,2022,practice,Friday session 1,track_oulton_park_international,Oulton Park,United Kingdom,20,2.692,53.840,observed_exact,driver_result,driver_physical_session,lapsCompleted,canonical physical-session driver result lap count,source_gb3_2022_session_1111
session_gb3_2022_1112,event_gb3_2022_r1_oulton_park,2022-04-15,series_gb3,GB3 Championship,2022,practice,Friday session 2,track_oulton_park_international,Oulton Park,United Kingdom,14,2.692,37.688,observed_exact,driver_result,driver_physical_session,lapsCompleted,canonical physical-session driver result lap count,source_gb3_2022_session_1112
session_gb3_2022_1113,event_gb3_2022_r1_oulton_park,2022-04-15,series_gb3,GB3 Championship,2022,qualifying,Qualifying,track_oulton_park_international,Oulton Park,United Kingdom,5,2.692,13.460,observed_exact,driver_result,driver_physical_session,lapsCompleted,canonical physical-session driver result lap count,source_gb3_2022_session_1113
session_gb3_2022_778,event_gb3_2022_r1_oulton_park,2022-04-15,series_gb3,GB3 Championship,2022,race,Race 1,track_oulton_park_international,Oulton Park,United Kingdom,14,2.692,37.688,observed_exact,driver_result,driver_physical_session,personalLaps,canonical driver result lapsCompleted,source_gb3_2022_session_778
session_gb3_2022_779,event_gb3_2022_r1_oulton_park,2022-04-15,series_gb3,GB3 Championship,2022,race,Race 2,track_oulton_park_international,Oulton Park,United Kingdom,14,2.692,37.688,observed_exact,driver_result,driver_physical_session,personalLaps,canonical driver result lapsCompleted,source_gb3_2022_session_779
session_gb3_2022_780,event_gb3_2022_r1_oulton_park,2022-04-15,series_gb3,GB3 Championship,2022,race,Race 3 ,track_oulton_park_international,Oulton Park,United Kingdom,14,2.692,37.688,observed_exact,driver_result,driver_physical_session,personalLaps,canonical driver result lapsCompleted,source_gb3_2022_session_780
session_gb3_2022_1082,event_gb3_2022_r2_silverstone,2022-05-07,series_gb3,GB3 Championship,2022,race,Race 1,track_silverstone_gp,Silverstone Circuit,United Kingdom,10,3.66,36.600,observed_exact,driver_result,driver_physical_session,personalLaps,canonical driver result lapsCompleted,source_gb3_2022_session_1082
session_gb3_2022_1083,event_gb3_2022_r2_silverstone,2022-05-07,series_gb3,GB3 Championship,2022,race,Race 2,track_silverstone_gp,Silverstone Circuit,United Kingdom,10,3.66,36.600,observed_exact,driver_result,driver_physical_session,personalLaps,canonical driver result lapsCompleted,source_gb3_2022_session_1083
session_gb3_2022_1084,event_gb3_2022_r2_silverstone,2022-05-07,series_gb3,GB3 Championship,2022,race,Race 3 ,track_silverstone_gp,Silverstone Circuit,United Kingdom,10,3.66,36.600,observed_exact,driver_result,driver_physical_session,personalLaps,canonical driver result lapsCompleted,source_gb3_2022_session_1084
session_gb3_2022_1187,event_gb3_2022_r2_silverstone,2022-05-07,series_gb3,GB3 Championship,2022,practice,Thursday session 1,track_silverstone_gp,Silverstone Circuit,United Kingdom,15,3.66,54.900,observed_exact,driver_result,driver_physical_session,lapsCompleted,canonical physical-session driver result lap count,source_gb3_2022_session_1187
session_gb3_2022_1188,event_gb3_2022_r2_silverstone,2022-05-07,series_gb3,GB3 Championship,2022,practice,Thursday session 2,track_silverstone_gp,Silverstone Circuit,United Kingdom,19,3.66,69.540,observed_exact,driver_result,driver_physical_session,lapsCompleted,canonical physical-session driver result lap count,source_gb3_2022_session_1188
session_gb3_2022_1189,event_gb3_2022_r2_silverstone,2022-05-07,series_gb3,GB3 Championship,2022,practice,Thursday session 3,track_silverstone_gp,Silverstone Circuit,United Kingdom,13,3.66,47.580,observed_exact,driver_result,driver_physical_session,lapsCompleted,canonical physical-session driver result lap count,source_gb3_2022_session_1189
session_gb3_2022_1191,event_gb3_2022_r2_silverstone,2022-05-07,series_gb3,GB3 Championship,2022,practice,Thursday session 4,track_silverstone_gp,Silverstone Circuit,United Kingdom,19,3.66,69.540,observed_exact,driver_result,driver_physical_session,lapsCompleted,canonical physical-session driver result lap count,source_gb3_2022_session_1191
session_gb3_2022_1193,event_gb3_2022_r2_silverstone,2022-05-07,series_gb3,GB3 Championship,2022,practice,Friday session 1,track_silverstone_gp,Silverstone Circuit,United Kingdom,15,3.66,54.900,observed_exact,driver_result,driver_physical_session,lapsCompleted,canonical physical-session driver result lap count,source_gb3_2022_session_1193
session_gb3_2022_1194,event_gb3_2022_r2_silverstone,2022-05-07,series_gb3,GB3 Championship,2022,practice,Friday session 2,track_silverstone_gp,Silverstone Circuit,United Kingdom,13,3.66,47.580,observed_exact,driver_result,driver_physical_session,lapsCompleted,canonical physical-session driver result lap count,source_gb3_2022_session_1194
session_gb3_2022_1195,event_gb3_2022_r2_silverstone,2022-05-07,series_gb3,GB3 Championship,2022,practice,Friday combined,track_silverstone_gp,Silverstone Circuit,United Kingdom,28,3.66,102.480,observed_exact,driver_result,driver_physical_session,lapsCompleted,canonical physical-session driver result lap count,source_gb3_2022_session_1195
session_gb3_2022_1196,event_gb3_2022_r2_silverstone,2022-05-07,series_gb3,GB3 Championship,2022,qualifying,Qualifying,track_silverstone_gp,Silverstone Circuit,United Kingdom,9,3.66,32.940,observed_exact,driver_result,driver_physical_session,lapsCompleted,canonical physical-session driver result lap count,source_gb3_2022_session_1196
session_gb3_2022_1085,event_gb3_2022_r3_donington_park,2022-05-28,series_gb3,GB3 Championship,2022,race,Race 1,track_donington_park_gp,Donington Park,United Kingdom,12,2.498,29.976,observed_exact,driver_result,driver_physical_session,personalLaps,canonical driver result lapsCompleted,source_gb3_2022_session_1085
session_gb3_2022_1087,event_gb3_2022_r3_donington_park,2022-05-28,series_gb3,GB3 Championship,2022,race,Race 3 ,track_donington_park_gp,Donington Park,United Kingdom,12,2.498,29.976,observed_exact,driver_result,driver_physical_session,personalLaps,canonical driver result lapsCompleted,source_gb3_2022_session_1087
session_gb3_2022_1243,event_gb3_2022_r3_donington_park,2022-05-28,series_gb3,GB3 Championship,2022,qualifying,Qualifying,track_donington_park_gp,Donington Park,United Kingdom,12,2.498,29.976,observed_exact,driver_result,driver_physical_session,lapsCompleted,canonical physical-session driver result lap count,source_gb3_2022_session_1243
session_gb3_2022_1244,event_gb3_2022_r3_donington_park,2022-05-28,series_gb3,GB3 Championship,2022,practice,Thursday session 1,track_donington_park_gp,Donington Park,United Kingdom,17,2.498,42.466,observed_exact,driver_result,driver_physical_session,lapsCompleted,canonical physical-session driver result lap count,source_gb3_2022_session_1244
session_gb3_2022_1245,event_gb3_2022_r3_donington_park,2022-05-28,series_gb3,GB3 Championship,2022,practice,Thursday session 2,track_donington_park_gp,Donington Park,United Kingdom,19,2.498,47.462,observed_exact,driver_result,driver_physical_session,lapsCompleted,canonical physical-session driver result lap count,source_gb3_2022_session_1245
session_gb3_2022_1246,event_gb3_2022_r3_donington_park,2022-05-28,series_gb3,GB3 Championship,2022,practice,Thursday session 3,track_donington_park_gp,Donington Park,United Kingdom,10,2.498,24.980,observed_exact,driver_result,driver_physical_session,lapsCompleted,canonical physical-session driver result lap count,source_gb3_2022_session_1246
session_gb3_2022_1247,event_gb3_2022_r3_donington_park,2022-05-28,series_gb3,GB3 Championship,2022,practice,Friday session 1,track_donington_park_gp,Donington Park,United Kingdom,26,2.498,64.948,observed_exact,driver_result,driver_physical_session,lapsCompleted,canonical physical-session driver result lap count,source_gb3_2022_session_1247
session_gb3_2022_1249,event_gb3_2022_r3_donington_park,2022-05-28,series_gb3,GB3 Championship,2022,practice,Friday session 3,track_donington_park_gp,Donington Park,United Kingdom,23,2.498,57.454,observed_exact,driver_result,driver_physical_session,lapsCompleted,canonical physical-session driver result lap count,source_gb3_2022_session_1249
session_gb3_2022_1257,event_gb3_2022_r3_donington_park,2022-05-28,series_gb3,GB3 Championship,2022,race,Race 2,track_donington_park_gp,Donington Park,United Kingdom,12,2.498,29.976,observed_exact,driver_result,driver_physical_session,personalLaps,canonical driver result lapsCompleted,source_gb3_2022_session_1257
session_gb3_2022_1088,event_gb3_2022_r4_snetterton,2022-06-25,series_gb3,GB3 Championship,2022,race,Race 1,track_snetterton_300,Snetterton Circuit,United Kingdom,12,2.969,35.628,observed_exact,driver_result,driver_physical_session,personalLaps,canonical driver result lapsCompleted,source_gb3_2022_session_1088
session_gb3_2022_1089,event_gb3_2022_r4_snetterton,2022-06-25,series_gb3,GB3 Championship,2022,race,Race 2,track_snetterton_300,Snetterton Circuit,United Kingdom,12,2.969,35.628,observed_exact,driver_result,driver_physical_session,personalLaps,canonical driver result lapsCompleted,source_gb3_2022_session_1089
session_gb3_2022_1293,event_gb3_2022_r4_snetterton,2022-06-25,series_gb3,GB3 Championship,2022,practice,Thursday session 1,track_snetterton_300,Snetterton Circuit,United Kingdom,10,2.969,29.690,observed_exact,driver_result,driver_physical_session,lapsCompleted,canonical physical-session driver result lap count,source_gb3_2022_session_1293
session_gb3_2022_1294,event_gb3_2022_r4_snetterton,2022-06-25,series_gb3,GB3 Championship,2022,practice,Thursday session 2,track_snetterton_300,Snetterton Circuit,United Kingdom,16,2.969,47.504,observed_exact,driver_result,driver_physical_session,lapsCompleted,canonical physical-session driver result lap count,source_gb3_2022_session_1294
session_gb3_2022_1295,event_gb3_2022_r4_snetterton,2022-06-25,series_gb3,GB3 Championship,2022,practice,Thursday session 3,track_snetterton_300,Snetterton Circuit,United Kingdom,19,2.969,56.411,observed_exact,driver_result,driver_physical_session,lapsCompleted,canonical physical-session driver result lap count,source_gb3_2022_session_1295
session_gb3_2022_1296,event_gb3_2022_r4_snetterton,2022-06-25,series_gb3,GB3 Championship,2022,practice,Friday session 1,track_snetterton_300,Snetterton Circuit,United Kingdom,17,2.969,50.473,observed_exact,driver_result,driver_physical_session,lapsCompleted,canonical physical-session driver result lap count,source_gb3_2022_session_1296
session_gb3_2022_1297,event_gb3_2022_r4_snetterton,2022-06-25,series_gb3,GB3 Championship,2022,practice,Friday session 2,track_snetterton_300,Snetterton Circuit,United Kingdom,18,2.969,53.442,observed_exact,driver_result,driver_physical_session,lapsCompleted,canonical physical-session driver result lap count,source_gb3_2022_session_1297
session_gb3_2022_1298,event_gb3_2022_r4_snetterton,2022-06-25,series_gb3,GB3 Championship,2022,qualifying,Qualifying,track_snetterton_300,Snetterton Circuit,United Kingdom,11,2.969,32.659,observed_exact,driver_result,driver_physical_session,lapsCompleted,canonical physical-session driver result lap count,source_gb3_2022_session_1298
session_gb3_2022_1301,event_gb3_2022_r4_snetterton,2022-06-25,series_gb3,GB3 Championship,2022,practice,Thursday combined,track_snetterton_300,Snetterton Circuit,United Kingdom,45,2.969,133.605,observed_exact,driver_result,driver_physical_session,lapsCompleted,canonical physical-session driver result lap count,source_gb3_2022_session_1301
session_gb3_2022_1302,event_gb3_2022_r4_snetterton,2022-06-25,series_gb3,GB3 Championship,2022,practice,Friday combined,track_snetterton_300,Snetterton Circuit,United Kingdom,35,2.969,103.915,observed_exact,driver_result,driver_physical_session,lapsCompleted,canonical physical-session driver result lap count,source_gb3_2022_session_1302
session_gb3_2022_1305,event_gb3_2022_r4_snetterton,2022-06-25,series_gb3,GB3 Championship,2022,race,Race 3,track_snetterton_300,Snetterton Circuit,United Kingdom,0,2.969,0.000,observed_exact,driver_result,driver_physical_session,personalLaps,canonical driver result lapsCompleted,source_gb3_2022_session_1305
session_gb3_2022_1357,event_gb3_2022_r5_spa,2022-07-23,series_gb3,GB3 Championship,2022,practice,Friday session 1,track_spa_gp,Circuit de Spa-Francorchamps,Belgium,11,4.352,47.872,observed_exact,driver_result,driver_physical_session,lapsCompleted,canonical physical-session driver result lap count,source_gb3_2022_session_1357
session_gb3_2022_1358,event_gb3_2022_r5_spa,2022-07-23,series_gb3,GB3 Championship,2022,practice,Friday session 2,track_spa_gp,Circuit de Spa-Francorchamps,Belgium,16,4.352,69.632,observed_exact,driver_result,driver_physical_session,lapsCompleted,canonical physical-session driver result lap count,source_gb3_2022_session_1358
session_gb3_2022_1359,event_gb3_2022_r5_spa,2022-07-23,series_gb3,GB3 Championship,2022,practice,Friday session 3,track_spa_gp,Circuit de Spa-Francorchamps,Belgium,16,4.352,69.632,observed_exact,driver_result,driver_physical_session,lapsCompleted,canonical physical-session driver result lap count,source_gb3_2022_session_1359
session_gb3_2022_1360,event_gb3_2022_r5_spa,2022-07-23,series_gb3,GB3 Championship,2022,qualifying,Qualifying,track_spa_gp,Circuit de Spa-Francorchamps,Belgium,7,4.352,30.464,observed_exact,driver_result,driver_physical_session,lapsCompleted,canonical physical-session driver result lap count,source_gb3_2022_session_1360
session_gb3_2022_1363,event_gb3_2022_r5_spa,2022-07-23,series_gb3,GB3 Championship,2022,race,Race 1,track_spa_gp,Circuit de Spa-Francorchamps,Belgium,8,4.352,34.816,observed_exact,driver_result,driver_physical_session,personalLaps,canonical driver result lapsCompleted,source_gb3_2022_session_1363
session_gb3_2022_1364,event_gb3_2022_r5_spa,2022-07-23,series_gb3,GB3 Championship,2022,race,Race 2,track_spa_gp,Circuit de Spa-Francorchamps,Belgium,9,4.352,39.168,observed_exact,driver_result,driver_physical_session,personalLaps,canonical driver result lapsCompleted,source_gb3_2022_session_1364
session_gb3_2022_1365,event_gb3_2022_r5_spa,2022-07-23,series_gb3,GB3 Championship,2022,race,Race 3,track_spa_gp,Circuit de Spa-Francorchamps,Belgium,1,4.352,4.352,observed_exact,driver_result,driver_physical_session,personalLaps,canonical driver result lapsCompleted,source_gb3_2022_session_1365
session_gb3_2022_1094,event_gb3_2022_r6_silverstone,2022-07-30,series_gb3,GB3 Championship,2022,race,Race 1,track_silverstone_gp,Silverstone Circuit,United Kingdom,10,3.66,36.600,observed_exact,driver_result,driver_physical_session,personalLaps,canonical driver result lapsCompleted,source_gb3_2022_session_1094
session_gb3_2022_1096,event_gb3_2022_r6_silverstone,2022-07-30,series_gb3,GB3 Championship,2022,race,Race 3 ,track_silverstone_gp,Silverstone Circuit,United Kingdom,10,3.66,36.600,observed_exact,driver_result,driver_physical_session,personalLaps,canonical driver result lapsCompleted,source_gb3_2022_session_1096
session_gb3_2022_1366,event_gb3_2022_r6_silverstone,2022-07-30,series_gb3,GB3 Championship,2022,test,Test session 1,track_silverstone_gp,Silverstone Circuit,United Kingdom,19,3.66,69.540,observed_exact,driver_result,driver_physical_session,lapsCompleted,canonical physical-session driver result lap count,source_gb3_2022_session_1366
session_gb3_2022_1367,event_gb3_2022_r6_silverstone,2022-07-30,series_gb3,GB3 Championship,2022,test,Test session 2,track_silverstone_gp,Silverstone Circuit,United Kingdom,18,3.66,65.880,observed_exact,driver_result,driver_physical_session,lapsCompleted,canonical physical-session driver result lap count,source_gb3_2022_session_1367
session_gb3_2022_1368,event_gb3_2022_r6_silverstone,2022-07-30,series_gb3,GB3 Championship,2022,test,Test session 3,track_silverstone_gp,Silverstone Circuit,United Kingdom,9,3.66,32.940,observed_exact,driver_result,driver_physical_session,lapsCompleted,canonical physical-session driver result lap count,source_gb3_2022_session_1368
session_gb3_2022_1369,event_gb3_2022_r6_silverstone,2022-07-30,series_gb3,GB3 Championship,2022,test,Test session 4,track_silverstone_gp,Silverstone Circuit,United Kingdom,13,3.66,47.580,observed_exact,driver_result,driver_physical_session,lapsCompleted,canonical physical-session driver result lap count,source_gb3_2022_session_1369
session_gb3_2022_1372,event_gb3_2022_r6_silverstone,2022-07-30,series_gb3,GB3 Championship,2022,test,Test Session 1,track_silverstone_gp,Silverstone Circuit,United Kingdom,18,3.66,65.880,observed_exact,driver_result,driver_physical_session,lapsCompleted,canonical physical-session driver result lap count,source_gb3_2022_session_1372
session_gb3_2022_1373,event_gb3_2022_r6_silverstone,2022-07-30,series_gb3,GB3 Championship,2022,test,Test session 2,track_silverstone_gp,Silverstone Circuit,United Kingdom,13,3.66,47.580,observed_exact,driver_result,driver_physical_session,lapsCompleted,canonical physical-session driver result lap count,source_gb3_2022_session_1373
session_gb3_2022_1374,event_gb3_2022_r6_silverstone,2022-07-30,series_gb3,GB3 Championship,2022,test,Test session 3,track_silverstone_gp,Silverstone Circuit,United Kingdom,10,3.66,36.600,observed_exact,driver_result,driver_physical_session,lapsCompleted,canonical physical-session driver result lap count,source_gb3_2022_session_1374
session_gb3_2022_1375,event_gb3_2022_r6_silverstone,2022-07-30,series_gb3,GB3 Championship,2022,qualifying,Qualifying,track_silverstone_gp,Silverstone Circuit,United Kingdom,0,3.66,0.000,observed_exact,driver_result,driver_physical_session,lapsCompleted,canonical physical-session driver result lap count,source_gb3_2022_session_1375
session_gb3_2022_1376,event_gb3_2022_r6_silverstone,2022-07-30,series_gb3,GB3 Championship,2022,race,Race 2,track_silverstone_gp,Silverstone Circuit,United Kingdom,7,3.66,25.620,observed_exact,driver_result,driver_physical_session,personalLaps,canonical driver result lapsCompleted,source_gb3_2022_session_1376
session_gb3_2022_1097,event_gb3_2022_r7_brands_hatch,2022-09-10,series_gb3,GB3 Championship,2022,race,Race 1,track_brands_hatch_gp,Brands Hatch Circuit,United Kingdom,14,2.433,34.062,observed_exact,driver_result,driver_physical_session,personalLaps,canonical driver result lapsCompleted,source_gb3_2022_session_1097
session_gb3_2022_1098,event_gb3_2022_r7_brands_hatch,2022-09-10,series_gb3,GB3 Championship,2022,race,Race 2,track_brands_hatch_gp,Brands Hatch Circuit,United Kingdom,14,2.433,34.062,observed_exact,driver_result,driver_physical_session,personalLaps,canonical driver result lapsCompleted,source_gb3_2022_session_1098
session_gb3_2022_1099,event_gb3_2022_r7_brands_hatch,2022-09-10,series_gb3,GB3 Championship,2022,race,Race 3 ,track_brands_hatch_gp,Brands Hatch Circuit,United Kingdom,10,2.433,24.330,observed_exact,driver_result,driver_physical_session,personalLaps,canonical driver result lapsCompleted,source_gb3_2022_session_1099
session_gb3_2022_1466,event_gb3_2022_r7_brands_hatch,2022-09-10,series_gb3,GB3 Championship,2022,practice,Friday session one,track_brands_hatch_gp,Brands Hatch Circuit,United Kingdom,1,2.433,2.433,observed_exact,driver_result,driver_physical_session,lapsCompleted,canonical physical-session driver result lap count,source_gb3_2022_session_1466
session_gb3_2022_1467,event_gb3_2022_r7_brands_hatch,2022-09-10,series_gb3,GB3 Championship,2022,practice,Friday session two,track_brands_hatch_gp,Brands Hatch Circuit,United Kingdom,18,2.433,43.794,observed_exact,driver_result,driver_physical_session,lapsCompleted,canonical physical-session driver result lap count,source_gb3_2022_session_1467
session_gb3_2022_1468,event_gb3_2022_r7_brands_hatch,2022-09-10,series_gb3,GB3 Championship,2022,practice,Friday session three,track_brands_hatch_gp,Brands Hatch Circuit,United Kingdom,29,2.433,70.557,observed_exact,driver_result,driver_physical_session,lapsCompleted,canonical physical-session driver result lap count,source_gb3_2022_session_1468
session_gb3_2022_1469,event_gb3_2022_r7_brands_hatch,2022-09-10,series_gb3,GB3 Championship,2022,practice,Friday session four,track_brands_hatch_gp,Brands Hatch Circuit,United Kingdom,8,2.433,19.464,observed_exact,driver_result,driver_physical_session,lapsCompleted,canonical physical-session driver result lap count,source_gb3_2022_session_1469
session_gb3_2022_1470,event_gb3_2022_r7_brands_hatch,2022-09-10,series_gb3,GB3 Championship,2022,practice,Practice,track_brands_hatch_gp,Brands Hatch Circuit,United Kingdom,8,2.433,19.464,observed_exact,driver_result,driver_physical_session,lapsCompleted,canonical physical-session driver result lap count,source_gb3_2022_session_1470
session_gb3_2022_1471,event_gb3_2022_r7_brands_hatch,2022-09-10,series_gb3,GB3 Championship,2022,qualifying,Qualifying,track_brands_hatch_gp,Brands Hatch Circuit,United Kingdom,14,2.433,34.062,observed_exact,driver_result,driver_physical_session,lapsCompleted,canonical physical-session driver result lap count,source_gb3_2022_session_1471
session_gb3_2022_1103,event_gb3_2022_r8_donington_park,2022-10-15,series_gb3,GB3 Championship,2022,race,Race 1,track_donington_park_gp,Donington Park,United Kingdom,14,2.498,34.972,observed_exact,driver_result,driver_physical_session,personalLaps,canonical driver result lapsCompleted,source_gb3_2022_session_1103
session_gb3_2022_1104,event_gb3_2022_r8_donington_park,2022-10-15,series_gb3,GB3 Championship,2022,race,Race 2,track_donington_park_gp,Donington Park,United Kingdom,13,2.498,32.474,observed_exact,driver_result,driver_physical_session,personalLaps,canonical driver result lapsCompleted,source_gb3_2022_session_1104
session_gb3_2022_1105,event_gb3_2022_r8_donington_park,2022-10-15,series_gb3,GB3 Championship,2022,race,Race 3 ,track_donington_park_gp,Donington Park,United Kingdom,13,2.498,32.474,observed_exact,driver_result,driver_physical_session,personalLaps,canonical driver result lapsCompleted,source_gb3_2022_session_1105
session_gb3_2022_1485,event_gb3_2022_r8_donington_park,2022-10-15,series_gb3,GB3 Championship,2022,practice,Thursday session one,track_donington_park_gp,Donington Park,United Kingdom,2,2.498,4.996,observed_exact,driver_result,driver_physical_session,lapsCompleted,canonical physical-session driver result lap count,source_gb3_2022_session_1485
session_gb3_2022_1486,event_gb3_2022_r8_donington_park,2022-10-15,series_gb3,GB3 Championship,2022,practice,Thursday session two,track_donington_park_gp,Donington Park,United Kingdom,20,2.498,49.960,observed_exact,driver_result,driver_physical_session,lapsCompleted,canonical physical-session driver result lap count,source_gb3_2022_session_1486
session_gb3_2022_1487,event_gb3_2022_r8_donington_park,2022-10-15,series_gb3,GB3 Championship,2022,practice,Thursday session three,track_donington_park_gp,Donington Park,United Kingdom,16,2.498,39.968,observed_exact,driver_result,driver_physical_session,lapsCompleted,canonical physical-session driver result lap count,source_gb3_2022_session_1487
session_gb3_2022_1488,event_gb3_2022_r8_donington_park,2022-10-15,series_gb3,GB3 Championship,2022,practice,Friday session one,track_donington_park_gp,Donington Park,United Kingdom,15,2.498,37.470,observed_exact,driver_result,driver_physical_session,lapsCompleted,canonical physical-session driver result lap count,source_gb3_2022_session_1488
session_gb3_2022_1489,event_gb3_2022_r8_donington_park,2022-10-15,series_gb3,GB3 Championship,2022,practice,Friday session two,track_donington_park_gp,Donington Park,United Kingdom,23,2.498,57.454,observed_exact,driver_result,driver_physical_session,lapsCompleted,canonical physical-session driver result lap count,source_gb3_2022_session_1489
session_gb3_2022_1490,event_gb3_2022_r8_donington_park,2022-10-15,series_gb3,GB3 Championship,2022,qualifying,Qualifying,track_donington_park_gp,Donington Park,United Kingdom,12,2.498,29.976,observed_exact,driver_result,driver_physical_session,lapsCompleted,canonical physical-session driver result lap count,source_gb3_2022_session_1490
session_euroformula_2023_01-portimao-qualifying,event_euroformula_2023_r1_portimao,2023-04-29,series_euroformula_open,Euroformula Open,2023,qualifying,Qualifying,track_autodromo_internacional_do_algarve,Autodromo Internacional do Algarve,Portugal,11,2.891,31.801,observed_exact,driver_qualifying_result,driver_physical_session,qualifyingResults.laps,official qualifying classification lap count,source_euroformula_2023_01-portimao-qualifying_pdf
session_euroformula_2023_01-portimao-race-1,event_euroformula_2023_r1_portimao,2023-04-29,series_euroformula_open,Euroformula Open,2023,race,Race 1,track_autodromo_internacional_do_algarve,Autodromo Internacional do Algarve,Portugal,17,2.891,49.147,observed_exact,driver,driver_physical_session,personalLaps,canonical driver result lapsCompleted,source_euroformula_2023_01-portimao-race-1_pdf
session_euroformula_2023_01-portimao-race-2,event_euroformula_2023_r1_portimao,2023-04-29,series_euroformula_open,Euroformula Open,2023,race,Race 2,track_autodromo_internacional_do_algarve,Autodromo Internacional do Algarve,Portugal,18,2.891,52.038,observed_exact,driver,driver_physical_session,personalLaps,canonical driver result lapsCompleted,source_euroformula_2023_01-portimao-race-2_pdf
session_euroformula_2023_01-portimao-race-3,event_euroformula_2023_r1_portimao,2023-04-29,series_euroformula_open,Euroformula Open,2023,race,Race 3,track_autodromo_internacional_do_algarve,Autodromo Internacional do Algarve,Portugal,18,2.891,52.038,observed_exact,driver,driver_physical_session,personalLaps,canonical driver result lapsCompleted,source_euroformula_2023_01-portimao-race-3_pdf
session_euroformula_2023_02-spa_francorchamps-qualifying,event_euroformula_2023_r2_spa_francorchamps,2023-05-27,series_euroformula_open,Euroformula Open,2023,qualifying,Qualifying,track_circuit_de_spa_francorchamps,Circuit de Spa-Francorchamps,Belgium,6,4.352,26.112,observed_exact,driver_qualifying_result,driver_physical_session,qualifyingResults.laps,official qualifying classification lap count,source_euroformula_2023_02-spa_francorchamps-qualifying_pdf
session_euroformula_2023_02-spa_francorchamps-race-1,event_euroformula_2023_r2_spa_francorchamps,2023-05-27,series_euroformula_open,Euroformula Open,2023,race,Race 1,track_circuit_de_spa_francorchamps,Circuit de Spa-Francorchamps,Belgium,13,4.352,56.576,observed_exact,driver,driver_physical_session,personalLaps,canonical driver result lapsCompleted,source_euroformula_2023_02-spa_francorchamps-race-1_pdf
session_euroformula_2023_02-spa_francorchamps-race-2,event_euroformula_2023_r2_spa_francorchamps,2023-05-27,series_euroformula_open,Euroformula Open,2023,race,Race 2,track_circuit_de_spa_francorchamps,Circuit de Spa-Francorchamps,Belgium,13,4.352,56.576,observed_exact,driver,driver_physical_session,personalLaps,canonical driver result lapsCompleted,source_euroformula_2023_02-spa_francorchamps-race-2_pdf
session_euroformula_2023_02-spa_francorchamps-race-3,event_euroformula_2023_r2_spa_francorchamps,2023-05-27,series_euroformula_open,Euroformula Open,2023,race,Race 3,track_circuit_de_spa_francorchamps,Circuit de Spa-Francorchamps,Belgium,9,4.352,39.168,observed_exact,driver,driver_physical_session,personalLaps,canonical driver result lapsCompleted,source_euroformula_2023_02-spa_francorchamps-race-3_pdf
session_euroformula_2023_03-hungaroring-qualifying,event_euroformula_2023_r3_hungaroring,2023-06-17,series_euroformula_open,Euroformula Open,2023,qualifying,Qualifying,track_hungaroring,Hungaroring,Hungary,11,2.722,29.942,observed_exact,driver_qualifying_result,driver_physical_session,qualifyingResults.laps,official qualifying classification lap count,source_euroformula_2023_03-hungaroring-qualifying_pdf
session_euroformula_2023_03-hungaroring-race-1,event_euroformula_2023_r3_hungaroring,2023-06-17,series_euroformula_open,Euroformula Open,2023,race,Race 1,track_hungaroring,Hungaroring,Hungary,17,2.722,46.274,observed_exact,driver,driver_physical_session,personalLaps,canonical driver result lapsCompleted,source_euroformula_2023_03-hungaroring-race-1_pdf
session_euroformula_2023_03-hungaroring-race-2,event_euroformula_2023_r3_hungaroring,2023-06-17,series_euroformula_open,Euroformula Open,2023,race,Race 2,track_hungaroring,Hungaroring,Hungary,17,2.722,46.274,observed_exact,driver,driver_physical_session,personalLaps,canonical driver result lapsCompleted,source_euroformula_2023_03-hungaroring-race-2_pdf
session_euroformula_2023_03-hungaroring-race-3,event_euroformula_2023_r3_hungaroring,2023-06-17,series_euroformula_open,Euroformula Open,2023,race,Race 3,track_hungaroring,Hungaroring,Hungary,17,2.722,46.274,observed_exact,driver,driver_physical_session,personalLaps,canonical driver result lapsCompleted,source_euroformula_2023_03-hungaroring-race-3_pdf
session_euroformula_2023_04-paul_ricard-qualifying,event_euroformula_2023_r4_paul_ricard,2023-07-22,series_euroformula_open,Euroformula Open,2023,qualifying,Qualifying,track_circuit_paul_ricard,Circuit Paul Ricard,France,9,3.63,32.670,observed_exact,driver_qualifying_result,driver_physical_session,qualifyingResults.laps,official qualifying classification lap count,source_euroformula_2023_04-paul_ricard-qualifying_pdf
session_euroformula_2023_04-paul_ricard-race-1,event_euroformula_2023_r4_paul_ricard,2023-07-22,series_euroformula_open,Euroformula Open,2023,race,Race 1,track_circuit_paul_ricard,Circuit Paul Ricard,France,13,3.63,47.190,observed_exact,driver,driver_physical_session,personalLaps,canonical driver result lapsCompleted,source_euroformula_2023_04-paul_ricard-race-1_pdf
session_euroformula_2023_04-paul_ricard-race-2,event_euroformula_2023_r4_paul_ricard,2023-07-22,series_euroformula_open,Euroformula Open,2023,race,Race 2,track_circuit_paul_ricard,Circuit Paul Ricard,France,15,3.63,54.450,observed_exact,driver,driver_physical_session,personalLaps,canonical driver result lapsCompleted,source_euroformula_2023_04-paul_ricard-race-2_pdf
session_euroformula_2023_04-paul_ricard-race-3,event_euroformula_2023_r4_paul_ricard,2023-07-22,series_euroformula_open,Euroformula Open,2023,race,Race 3,track_circuit_paul_ricard,Circuit Paul Ricard,France,15,3.63,54.450,observed_exact,driver,driver_physical_session,personalLaps,canonical driver result lapsCompleted,source_euroformula_2023_04-paul_ricard-race-3_pdf
session_euroformula_2023_05-red_bull_ring-qualifying,event_euroformula_2023_r5_red_bull_ring,2023-09-09,series_euroformula_open,Euroformula Open,2023,qualifying,Qualifying,track_red_bull_ring,Red Bull Ring,Austria,13,2.683,34.879,observed_exact,driver_qualifying_result,driver_physical_session,qualifyingResults.laps,official qualifying classification lap count,source_euroformula_2023_05-red_bull_ring-qualifying_pdf
session_euroformula_2023_05-red_bull_ring-race-1,event_euroformula_2023_r5_red_bull_ring,2023-09-09,series_euroformula_open,Euroformula Open,2023,race,Race 1,track_red_bull_ring,Red Bull Ring,Austria,20,2.683,53.660,observed_exact,driver,driver_physical_session,personalLaps,canonical driver result lapsCompleted,source_euroformula_2023_05-red_bull_ring-race-1_pdf
session_euroformula_2023_05-red_bull_ring-race-2,event_euroformula_2023_r5_red_bull_ring,2023-09-09,series_euroformula_open,Euroformula Open,2023,race,Race 2,track_red_bull_ring,Red Bull Ring,Austria,20,2.683,53.660,observed_exact,driver,driver_physical_session,personalLaps,canonical driver result lapsCompleted,source_euroformula_2023_05-red_bull_ring-race-2_pdf
session_euroformula_2023_05-red_bull_ring-race-3,event_euroformula_2023_r5_red_bull_ring,2023-09-09,series_euroformula_open,Euroformula Open,2023,race,Race 3,track_red_bull_ring,Red Bull Ring,Austria,20,2.683,53.660,observed_exact,driver,driver_physical_session,personalLaps,canonical driver result lapsCompleted,source_euroformula_2023_05-red_bull_ring-race-3_pdf
session_euroformula_2023_06-monza-qualifying,event_euroformula_2023_r6_monza,2023-09-23,series_euroformula_open,Euroformula Open,2023,qualifying,Qualifying,track_autodromo_nazionale_monza,Autodromo Nazionale Monza,Italy,10,3.6,36.000,observed_exact,driver_qualifying_result,driver_physical_session,qualifyingResults.laps,official qualifying classification lap count,source_euroformula_2023_06-monza-qualifying_pdf
session_euroformula_2023_06-monza-race-1,event_euroformula_2023_r6_monza,2023-09-23,series_euroformula_open,Euroformula Open,2023,race,Race 1,track_autodromo_nazionale_monza,Autodromo Nazionale Monza,Italy,8,3.6,28.800,observed_exact,driver,driver_physical_session,personalLaps,canonical driver result lapsCompleted,source_euroformula_2023_06-monza-race-1_pdf
session_euroformula_2023_06-monza-race-2,event_euroformula_2023_r6_monza,2023-09-23,series_euroformula_open,Euroformula Open,2023,race,Race 2,track_autodromo_nazionale_monza,Autodromo Nazionale Monza,Italy,9,3.6,32.400,observed_exact,driver,driver_physical_session,personalLaps,canonical driver result lapsCompleted,source_euroformula_2023_06-monza-race-2_pdf
session_euroformula_2023_06-monza-race-3,event_euroformula_2023_r6_monza,2023-09-23,series_euroformula_open,Euroformula Open,2023,race,Race 3,track_autodromo_nazionale_monza,Autodromo Nazionale Monza,Italy,16,3.6,57.600,observed_exact,driver,driver_physical_session,personalLaps,canonical driver result lapsCompleted,source_euroformula_2023_06-monza-race-3_pdf
session_froc_2024_r4_practice_1,event_froc_2024_r4_euromarque_motorsport_park,2024-02-09,series_froc,Castrol Toyota Formula Regional Oceania Championship,2024,practice,Practice 1,track_euromarque_motorsport_park,Euromarque Motorsport Park,New Zealand,,2.069,,unknown,driver_result,driver_physical_session,,FROC HTML classification omits total completed laps,source_froc_2024_r4_practice_1_html_table
session_froc_2024_r4_practice_2,event_froc_2024_r4_euromarque_motorsport_park,2024-02-09,series_froc,Castrol Toyota Formula Regional Oceania Championship,2024,practice,Practice 2,track_euromarque_motorsport_park,Euromarque Motorsport Park,New Zealand,,2.069,,unknown,driver_result,driver_physical_session,,FROC HTML classification omits total completed laps,source_froc_2024_r4_practice_2_html_table
session_froc_2024_r4_practice_3,event_froc_2024_r4_euromarque_motorsport_park,2024-02-09,series_froc,Castrol Toyota Formula Regional Oceania Championship,2024,practice,Practice 3,track_euromarque_motorsport_park,Euromarque Motorsport Park,New Zealand,,2.069,,unknown,driver_result,driver_physical_session,,FROC HTML classification omits total completed laps,source_froc_2024_r4_practice_3_html_table
session_froc_2024_r4_qualifying_1,event_froc_2024_r4_euromarque_motorsport_park,2024-02-09,series_froc,Castrol Toyota Formula Regional Oceania Championship,2024,qualifying,Qualifying 1,track_euromarque_motorsport_park,Euromarque Motorsport Park,New Zealand,,2.069,,unknown,driver_result,driver_physical_session,,FROC HTML classification omits total completed laps,source_froc_2024_r4_qualifying_1_html_table
session_froc_2024_r4_qualifying_2,event_froc_2024_r4_euromarque_motorsport_park,2024-02-09,series_froc,Castrol Toyota Formula Regional Oceania Championship,2024,qualifying,Qualifying 2,track_euromarque_motorsport_park,Euromarque Motorsport Park,New Zealand,,2.069,,unknown,driver_result,driver_physical_session,,FROC HTML classification omits total completed laps,source_froc_2024_r4_qualifying_2_html_table
session_froc_2024_r4_race_1,event_froc_2024_r4_euromarque_motorsport_park,2024-02-09,series_froc,Castrol Toyota Formula Regional Oceania Championship,2024,race,Race 1,track_euromarque_motorsport_park,Euromarque Motorsport Park,New Zealand,20,2.069,41.380,observed_exact,driver_result,driver_physical_session,personalLaps,canonical driver result lapsCompleted,source_froc_2024_r4_race_1_html_table;source_froc_2024_r4_qualifying_1_toyota_article
session_froc_2024_r4_race_2,event_froc_2024_r4_euromarque_motorsport_park,2024-02-09,series_froc,Castrol Toyota Formula Regional Oceania Championship,2024,race,Race 2,track_euromarque_motorsport_park,Euromarque Motorsport Park,New Zealand,20,2.069,41.380,observed_exact,driver_result,driver_physical_session,personalLaps,canonical driver result lapsCompleted,source_froc_2024_r4_race_2_html_table;source_froc_2024_r4_grid_r2_html_table
session_froc_2024_r4_race_3,event_froc_2024_r4_euromarque_motorsport_park,2024-02-09,series_froc,Castrol Toyota Formula Regional Oceania Championship,2024,race,Race 3,track_euromarque_motorsport_park,Euromarque Motorsport Park,New Zealand,25,2.069,51.725,observed_exact,driver_result,driver_physical_session,personalLaps,canonical driver result lapsCompleted,source_froc_2024_r4_race_3_html_table;source_froc_2024_r4_grid_r3_html_table
session_froc_2024_r4_test_2,event_froc_2024_r4_euromarque_motorsport_park,2024-02-09,series_froc,Castrol Toyota Formula Regional Oceania Championship,2024,test,Test 2,track_euromarque_motorsport_park,Euromarque Motorsport Park,New Zealand,,2.069,,unknown,driver_result,driver_physical_session,,FROC HTML classification omits total completed laps,source_froc_2024_r4_test_2_html_table
session_froc_2024_r5_practice_1,event_froc_2024_r5_highlands_motorsport_park,2024-02-16,series_froc,Castrol Toyota Formula Regional Oceania Championship,2024,practice,Practice 1,track_highlands_motorsport_park,Highlands Motorsport Park,New Zealand,,2.485,,unknown,driver_result,driver_physical_session,,FROC HTML classification omits total completed laps,source_froc_2024_r5_practice_1_html_table
session_froc_2024_r5_practice_2,event_froc_2024_r5_highlands_motorsport_park,2024-02-16,series_froc,Castrol Toyota Formula Regional Oceania Championship,2024,practice,Practice 2,track_highlands_motorsport_park,Highlands Motorsport Park,New Zealand,,2.485,,unknown,driver_result,driver_physical_session,,FROC HTML classification omits total completed laps,source_froc_2024_r5_practice_2_html_table
session_froc_2024_r5_practice_3,event_froc_2024_r5_highlands_motorsport_park,2024-02-16,series_froc,Castrol Toyota Formula Regional Oceania Championship,2024,practice,Practice 3,track_highlands_motorsport_park,Highlands Motorsport Park,New Zealand,,2.485,,unknown,driver_result,driver_physical_session,,FROC HTML classification omits total completed laps,source_froc_2024_r5_practice_3_html_table
session_froc_2024_r5_qualifying_1,event_froc_2024_r5_highlands_motorsport_park,2024-02-16,series_froc,Castrol Toyota Formula Regional Oceania Championship,2024,qualifying,Qualifying 1,track_highlands_motorsport_park,Highlands Motorsport Park,New Zealand,,2.485,,unknown,driver_result,driver_physical_session,,FROC HTML classification omits total completed laps,source_froc_2024_r5_qualifying_1_html_table
session_froc_2024_r5_qualifying_2,event_froc_2024_r5_highlands_motorsport_park,2024-02-16,series_froc,Castrol Toyota Formula Regional Oceania Championship,2024,qualifying,Qualifying 2,track_highlands_motorsport_park,Highlands Motorsport Park,New Zealand,,2.485,,unknown,driver_result,driver_physical_session,,FROC HTML classification omits total completed laps,source_froc_2024_r5_qualifying_2_html_table
session_froc_2024_r5_qualifying_3,event_froc_2024_r5_highlands_motorsport_park,2024-02-16,series_froc,Castrol Toyota Formula Regional Oceania Championship,2024,qualifying,Qualifying 3,track_highlands_motorsport_park,Highlands Motorsport Park,New Zealand,,2.485,,unknown,driver_result,driver_physical_session,,FROC HTML classification omits total completed laps,source_froc_2024_r5_qualifying_3_html_table
session_froc_2024_r5_race_1,event_froc_2024_r5_highlands_motorsport_park,2024-02-16,series_froc,Castrol Toyota Formula Regional Oceania Championship,2024,race,Race 1,track_highlands_motorsport_park,Highlands Motorsport Park,New Zealand,18,2.485,44.730,observed_exact,driver_result,driver_physical_session,personalLaps,canonical driver result lapsCompleted,source_froc_2024_r5_race_1_html_table;source_froc_2024_r5_highlands_gp_qualifying_format_article
session_froc_2024_r5_race_2,event_froc_2024_r5_highlands_motorsport_park,2024-02-16,series_froc,Castrol Toyota Formula Regional Oceania Championship,2024,race,Race 2,track_highlands_motorsport_park,Highlands Motorsport Park,New Zealand,18,2.485,44.730,observed_exact,driver_result,driver_physical_session,personalLaps,canonical driver result lapsCompleted,source_froc_2024_r5_race_2_html_table;source_froc_2024_r5_race_2_toyota_article
session_froc_2024_r5_race_3,event_froc_2024_r5_highlands_motorsport_park,2024-02-16,series_froc,Castrol Toyota Formula Regional Oceania Championship,2024,race,Race 3,track_highlands_motorsport_park,Highlands Motorsport Park,New Zealand,27,2.485,67.095,observed_exact,driver_result,driver_physical_session,personalLaps,canonical driver result lapsCompleted,source_froc_2024_r5_race_3_html_table;source_froc_2024_r5_highlands_gp_qualifying_format_article
session_froc_2024_r5_test_1,event_froc_2024_r5_highlands_motorsport_park,2024-02-16,series_froc,Castrol Toyota Formula Regional Oceania Championship,2024,test,Test 1,track_highlands_motorsport_park,Highlands Motorsport Park,New Zealand,,2.485,,unknown,driver_result,driver_physical_session,,FROC HTML classification omits total completed laps,source_froc_2024_r5_test_1_html_table
session_froc_2024_r5_test_2,event_froc_2024_r5_highlands_motorsport_park,2024-02-16,series_froc,Castrol Toyota Formula Regional Oceania Championship,2024,test,Test 2,track_highlands_motorsport_park,Highlands Motorsport Park,New Zealand,,2.485,,unknown,driver_result,driver_physical_session,,FROC HTML classification omits total completed laps,source_froc_2024_r5_test_2_html_table
session_indy_nxt_2024_6324,event_indy_nxt_2024_5480,2024-03-08,series_indy_nxt,INDY NXT,2024,race,Race,track_streets_of_st_petersburg,Streets of St. Petersburg,United States,31,1.8,55.800,observed_exact,driver_result,driver_physical_session,personalLaps,canonical driver result lapsCompleted,source_indynxt_events_session_6324
session_indy_nxt_2024_6328,event_indy_nxt_2024_5480,2024-03-08,series_indy_nxt,INDY NXT,2024,practice,Practice 1,track_streets_of_st_petersburg,Streets of St. Petersburg,United States,17,1.8,30.600,observed_exact,driver_result,driver_physical_session,lapsCompleted,canonical physical-session driver result lap count,source_indynxt_events_session_6328
session_indy_nxt_2024_6329,event_indy_nxt_2024_5480,2024-03-08,series_indy_nxt,INDY NXT,2024,practice,Practice 2,track_streets_of_st_petersburg,Streets of St. Petersburg,United States,31,1.8,55.800,observed_exact,driver_result,driver_physical_session,lapsCompleted,canonical physical-session driver result lap count,source_indynxt_events_session_6329
session_indy_nxt_2024_6346,event_indy_nxt_2024_5480,2024-03-08,series_indy_nxt,INDY NXT,2024,qualifying,Qualifications - Group 2,track_streets_of_st_petersburg,Streets of St. Petersburg,United States,9,1.8,16.200,observed_exact,driver_result,driver_physical_session,lapsCompleted,canonical physical-session driver result lap count,source_indynxt_events_session_6346
session_indy_nxt_2024_6314,event_indy_nxt_2024_5470,2024-04-26,series_indy_nxt,INDY NXT,2024,race,Race,track_barber_motorsports_park,Barber Motorsports Park,United States,35,2.38,83.300,observed_exact,driver_result,driver_physical_session,personalLaps,canonical driver result lapsCompleted,source_indynxt_events_session_6314
session_indy_nxt_2024_6354,event_indy_nxt_2024_5470,2024-04-26,series_indy_nxt,INDY NXT,2024,practice,Practice 1,track_barber_motorsports_park,Barber Motorsports Park,United States,24,2.38,57.120,observed_exact,driver_result,driver_physical_session,lapsCompleted,canonical physical-session driver result lap count,source_indynxt_events_session_6354
session_indy_nxt_2024_6355,event_indy_nxt_2024_5470,2024-04-26,series_indy_nxt,INDY NXT,2024,practice,Practice 2,track_barber_motorsports_park,Barber Motorsports Park,United States,26,2.38,61.880,observed_exact,driver_result,driver_physical_session,lapsCompleted,canonical physical-session driver result lap count,source_indynxt_events_session_6355
session_indy_nxt_2024_6357,event_indy_nxt_2024_5470,2024-04-26,series_indy_nxt,INDY NXT,2024,qualifying,Qualifications - Group 2,track_barber_motorsports_park,Barber Motorsports Park,United States,10,2.38,23.800,observed_exact,driver_result,driver_physical_session,lapsCompleted,canonical physical-session driver result lap count,source_indynxt_events_session_6357
session_indy_nxt_2024_6315,event_indy_nxt_2024_5471,2024-05-10,series_indy_nxt,INDY NXT,2024,race,Race,track_indianapolis_motor_speedway_road_course,Indianapolis Motor Speedway Road Course,United States,34,2.439,82.926,observed_exact,driver_result,driver_physical_session,personalLaps,canonical driver result lapsCompleted,source_indynxt_events_session_6315
session_indy_nxt_2024_6325,event_indy_nxt_2024_5481,2024-05-10,series_indy_nxt,INDY NXT,2024,race,Race,track_indianapolis_motor_speedway_road_course,Indianapolis Motor Speedway Road Course,United States,35,2.439,85.365,observed_exact,driver_result,driver_physical_session,personalLaps,canonical driver result lapsCompleted,source_indynxt_events_session_6325
session_indy_nxt_2024_6365,event_indy_nxt_2024_5471,2024-05-10,series_indy_nxt,INDY NXT,2024,practice,Practice,track_indianapolis_motor_speedway_road_course,Indianapolis Motor Speedway Road Course,United States,28,2.439,68.292,observed_exact,driver_result,driver_physical_session,lapsCompleted,canonical physical-session driver result lap count,source_indynxt_events_session_6365
session_indy_nxt_2024_6367,event_indy_nxt_2024_5471,2024-05-10,series_indy_nxt,INDY NXT,2024,qualifying,Qualifications - Race 1 Group 2,track_indianapolis_motor_speedway_road_course,Indianapolis Motor Speedway Road Course,United States,10,2.439,24.390,observed_exact,driver_result,driver_physical_session,lapsCompleted,canonical physical-session driver result lap count,source_indynxt_events_session_6367
session_indy_nxt_2024_6390,event_indy_nxt_2024_5481,2024-05-10,series_indy_nxt,INDY NXT,2024,qualifying,Qualifications - Race 2 Group 2,track_indianapolis_motor_speedway_road_course,Indianapolis Motor Speedway Road Course,United States,10,2.439,24.390,observed_exact,driver_result,driver_physical_session,lapsCompleted,canonical physical-session driver result lap count,source_indynxt_events_session_6390
session_indy_nxt_2024_6326,event_indy_nxt_2024_5482,2024-05-31,series_indy_nxt,INDY NXT,2024,race,Race,track_streets_of_detroit,Detroit Downtown Street Circuit,United States,2,1.645,3.290,observed_exact,driver_result,driver_physical_session,personalLaps,canonical driver result lapsCompleted,source_indynxt_events_session_6326
session_indy_nxt_2024_6391,event_indy_nxt_2024_5482,2024-05-31,series_indy_nxt,INDY NXT,2024,practice,Practice 1,track_streets_of_detroit,Detroit Downtown Street Circuit,United States,23,1.645,37.835,observed_exact,driver_result,driver_physical_session,lapsCompleted,canonical physical-session driver result lap count,source_indynxt_events_session_6391
session_indy_nxt_2024_6392,event_indy_nxt_2024_5482,2024-05-31,series_indy_nxt,INDY NXT,2024,practice,Practice 2,track_streets_of_detroit,Detroit Downtown Street Circuit,United States,30,1.645,49.350,observed_exact,driver_result,driver_physical_session,lapsCompleted,canonical physical-session driver result lap count,source_indynxt_events_session_6392
session_indy_nxt_2024_6394,event_indy_nxt_2024_5482,2024-05-31,series_indy_nxt,INDY NXT,2024,qualifying,Qualifications - Group 2,track_streets_of_detroit,Detroit Downtown Street Circuit,United States,9,1.645,14.805,observed_exact,driver_result,driver_physical_session,lapsCompleted,canonical physical-session driver result lap count,source_indynxt_events_session_6394
session_indy_nxt_2024_6316,event_indy_nxt_2024_5472,2024-06-07,series_indy_nxt,INDY NXT,2024,race,Race,track_road_america,Road America,United States,20,4.048,80.960,observed_exact,driver_result,driver_physical_session,personalLaps,canonical driver result lapsCompleted,source_indynxt_events_session_6316
session_indy_nxt_2024_6402,event_indy_nxt_2024_5472,2024-06-07,series_indy_nxt,INDY NXT,2024,practice,Practice 1,track_road_america,Road America,United States,13,4.048,52.624,observed_exact,driver_result,driver_physical_session,lapsCompleted,canonical physical-session driver result lap count,source_indynxt_events_session_6402
session_indy_nxt_2024_6403,event_indy_nxt_2024_5472,2024-06-07,series_indy_nxt,INDY NXT,2024,practice,Practice 2,track_road_america,Road America,United States,11,4.048,44.528,observed_exact,driver_result,driver_physical_session,lapsCompleted,canonical physical-session driver result lap count,source_indynxt_events_session_6403
session_indy_nxt_2024_6405,event_indy_nxt_2024_5472,2024-06-07,series_indy_nxt,INDY NXT,2024,qualifying,Qualifications - Group 2,track_road_america,Road America,United States,5,4.048,20.240,observed_exact,driver_result,driver_physical_session,lapsCompleted,canonical physical-session driver result lap count,source_indynxt_events_session_6405
session_indy_nxt_2024_6317,event_indy_nxt_2024_5473,2024-06-21,series_indy_nxt,INDY NXT,2024,race,Race,track_weathertech_raceway_laguna_seca,WeatherTech Raceway Laguna Seca,United States,34,2.238,76.092,observed_exact,driver_result,driver_physical_session,personalLaps,canonical driver result lapsCompleted,source_indynxt_events_session_6317
session_indy_nxt_2024_6413,event_indy_nxt_2024_5473,2024-06-21,series_indy_nxt,INDY NXT,2024,practice,Practice 1,track_weathertech_raceway_laguna_seca,WeatherTech Raceway Laguna Seca,United States,16,2.238,35.808,observed_exact,driver_result,driver_physical_session,lapsCompleted,canonical physical-session driver result lap count,source_indynxt_events_session_6413
session_indy_nxt_2024_6414,event_indy_nxt_2024_5473,2024-06-21,series_indy_nxt,INDY NXT,2024,practice,Practice-2,track_weathertech_raceway_laguna_seca,WeatherTech Raceway Laguna Seca,United States,12,2.238,26.856,observed_exact,driver_result,driver_physical_session,lapsCompleted,canonical physical-session driver result lap count,source_indynxt_events_session_6414
session_indy_nxt_2024_6416,event_indy_nxt_2024_5473,2024-06-21,series_indy_nxt,INDY NXT,2024,qualifying,Qualifications - Race 1 Group 2,track_weathertech_raceway_laguna_seca,WeatherTech Raceway Laguna Seca,United States,10,2.238,22.380,observed_exact,driver_result,driver_physical_session,lapsCompleted,canonical physical-session driver result lap count,source_indynxt_events_session_6416
session_indy_nxt_2024_6327,event_indy_nxt_2024_5483,2024-06-22,series_indy_nxt,INDY NXT,2024,race,Race,track_weathertech_raceway_laguna_seca,WeatherTech Raceway Laguna Seca,United States,35,2.238,78.330,observed_exact,driver_result,driver_physical_session,personalLaps,canonical driver result lapsCompleted,source_indynxt_events_session_6327
session_indy_nxt_2024_6418,event_indy_nxt_2024_5483,2024-06-22,series_indy_nxt,INDY NXT,2024,qualifying,Qualifications - Race 2 Group 2,track_weathertech_raceway_laguna_seca,WeatherTech Raceway Laguna Seca,United States,10,2.238,22.380,observed_exact,driver_result,driver_physical_session,lapsCompleted,canonical physical-session driver result lap count,source_indynxt_events_session_6418
session_indy_nxt_2024_6318,event_indy_nxt_2024_5474,2024-07-05,series_indy_nxt,INDY NXT,2024,race,Race,track_mid_ohio_sports_car_course,Mid-Ohio Sports Car Course,United States,32,2.258,72.256,observed_exact,driver_result,driver_physical_session,personalLaps,canonical driver result lapsCompleted,source_indynxt_events_session_6318
session_indy_nxt_2024_6426,event_indy_nxt_2024_5474,2024-07-05,series_indy_nxt,INDY NXT,2024,practice,Practice 1,track_mid_ohio_sports_car_course,Mid-Ohio Sports Car Course,United States,27,2.258,60.966,observed_exact,driver_result,driver_physical_session,lapsCompleted,canonical physical-session driver result lap count,source_indynxt_events_session_6426
session_indy_nxt_2024_6427,event_indy_nxt_2024_5474,2024-07-05,series_indy_nxt,INDY NXT,2024,practice,Practice 2,track_mid_ohio_sports_car_course,Mid-Ohio Sports Car Course,United States,23,2.258,51.934,observed_exact,driver_result,driver_physical_session,lapsCompleted,canonical physical-session driver result lap count,source_indynxt_events_session_6427
session_indy_nxt_2024_6428,event_indy_nxt_2024_5474,2024-07-05,series_indy_nxt,INDY NXT,2024,qualifying,Qualifications - Group 1,track_mid_ohio_sports_car_course,Mid-Ohio Sports Car Course,United States,10,2.258,22.580,observed_exact,driver_result,driver_physical_session,lapsCompleted,canonical physical-session driver result lap count,source_indynxt_events_session_6428
session_indy_nxt_2024_6319,event_indy_nxt_2024_5475,2024-07-12,series_indy_nxt,INDY NXT,2024,race,Race,track_iowa_speedway,Iowa Speedway,United States,55,0.894,49.170,observed_exact,driver_result,driver_physical_session,personalLaps,canonical driver result lapsCompleted,source_indynxt_events_session_6319
session_indy_nxt_2024_6437,event_indy_nxt_2024_5475,2024-07-12,series_indy_nxt,INDY NXT,2024,practice,Practice,track_iowa_speedway,Iowa Speedway,United States,47,0.894,42.018,observed_exact,driver_result,driver_physical_session,lapsCompleted,canonical physical-session driver result lap count,source_indynxt_events_session_6437
session_indy_nxt_2024_6438,event_indy_nxt_2024_5475,2024-07-12,series_indy_nxt,INDY NXT,2024,qualifying,Qualifications,track_iowa_speedway,Iowa Speedway,United States,,0.894,,unknown,driver_result,driver_physical_session,,source does not expose completed laps,source_indynxt_events_session_6438
session_indy_nxt_2024_6320,event_indy_nxt_2024_5476,2024-08-16,series_indy_nxt,INDY NXT,2024,race,Race,track_world_wide_technology_raceway,World Wide Technology Raceway,United States,75,1.25,93.750,observed_exact,driver_result,driver_physical_session,personalLaps,canonical driver result lapsCompleted,source_indynxt_events_session_6320
session_indy_nxt_2024_6480,event_indy_nxt_2024_5476,2024-08-16,series_indy_nxt,INDY NXT,2024,practice,Practice,track_world_wide_technology_raceway,World Wide Technology Raceway,United States,65,1.25,81.250,observed_exact,driver_result,driver_physical_session,lapsCompleted,canonical physical-session driver result lap count,source_indynxt_events_session_6480
session_indy_nxt_2024_6481,event_indy_nxt_2024_5476,2024-08-16,series_indy_nxt,INDY NXT,2024,qualifying,Qualifications,track_world_wide_technology_raceway,World Wide Technology Raceway,United States,,1.25,,unknown,driver_result,driver_physical_session,,source does not expose completed laps,source_indynxt_events_session_6481
session_indy_nxt_2024_6321,event_indy_nxt_2024_5477,2024-08-23,series_indy_nxt,INDY NXT,2024,race,Race,track_portland_international_raceway,Portland International Raceway,United States,35,1.964,68.740,observed_exact,driver_result,driver_physical_session,personalLaps,canonical driver result lapsCompleted,source_indynxt_events_session_6321
session_indy_nxt_2024_6494,event_indy_nxt_2024_5477,2024-08-23,series_indy_nxt,INDY NXT,2024,practice,Practice 1,track_portland_international_raceway,Portland International Raceway,United States,23,1.964,45.172,observed_exact,driver_result,driver_physical_session,lapsCompleted,canonical physical-session driver result lap count,source_indynxt_events_session_6494
session_indy_nxt_2024_6495,event_indy_nxt_2024_5477,2024-08-23,series_indy_nxt,INDY NXT,2024,practice,Practice 2,track_portland_international_raceway,Portland International Raceway,United States,31,1.964,60.884,observed_exact,driver_result,driver_physical_session,lapsCompleted,canonical physical-session driver result lap count,source_indynxt_events_session_6495
session_indy_nxt_2024_6513,event_indy_nxt_2024_5477,2024-08-23,series_indy_nxt,INDY NXT,2024,qualifying,Qualifications - Group 2,track_portland_international_raceway,Portland International Raceway,United States,12,1.964,23.568,observed_exact,driver_result,driver_physical_session,lapsCompleted,canonical physical-session driver result lap count,source_indynxt_events_session_6513
session_indy_nxt_2024_6322,event_indy_nxt_2024_5478,2024-08-30,series_indy_nxt,INDY NXT,2024,race,Race,track_the_milwaukee_mile,The Milwaukee Mile,United States,90,1.015,91.350,observed_exact,driver_result,driver_physical_session,personalLaps,canonical driver result lapsCompleted,source_indynxt_events_session_6322
session_indy_nxt_2024_6505,event_indy_nxt_2024_5478,2024-08-30,series_indy_nxt,INDY NXT,2024,practice,Practice,track_the_milwaukee_mile,The Milwaukee Mile,United States,58,1.015,58.870,observed_exact,driver_result,driver_physical_session,lapsCompleted,canonical physical-session driver result lap count,source_indynxt_events_session_6505
session_indy_nxt_2024_6506,event_indy_nxt_2024_5478,2024-08-30,series_indy_nxt,INDY NXT,2024,qualifying,Qualifications,track_the_milwaukee_mile,The Milwaukee Mile,United States,,1.015,,unknown,driver_result,driver_physical_session,,source does not expose completed laps,source_indynxt_events_session_6506
session_indy_nxt_2024_6323,event_indy_nxt_2024_5479,2024-09-14,series_indy_nxt,INDY NXT,2024,race,Race,track_nashville_superspeedway,Nashville Superspeedway,United States,65,1.33,86.450,observed_exact,driver_result,driver_physical_session,personalLaps,canonical driver result lapsCompleted,source_indynxt_events_session_6323
session_indy_nxt_2024_6488,event_indy_nxt_2024_5479,2024-09-14,series_indy_nxt,INDY NXT,2024,practice,Practice 1,track_nashville_superspeedway,Nashville Superspeedway,United States,35,1.33,46.550,observed_exact,driver_result,driver_physical_session,lapsCompleted,canonical physical-session driver result lap count,source_indynxt_events_session_6488
session_indy_nxt_2024_6490,event_indy_nxt_2024_5479,2024-09-14,series_indy_nxt,INDY NXT,2024,practice,Practice 2,track_nashville_superspeedway,Nashville Superspeedway,United States,39,1.33,51.870,observed_exact,driver_result,driver_physical_session,lapsCompleted,canonical physical-session driver result lap count,source_indynxt_events_session_6490
session_imsa_2025_daytona_rolex_24_race,event_imsa_2025_daytona_rolex_24,2025-01-25,series_imsa_weathertech,IMSA WeatherTech SportsCar Championship,2025,race,Race,track_daytona_international_speedway,Daytona International Speedway,United States,142,3.56,505.520,observed_exact,car_driver,driver_physical_session,personalLaps,sum of Bryce driver-stint lapCount; shared-car canonical laps excluded,analysis/imsa-daytona-stint-class-pace/output/bryce_imsa_stint_context.csv
session_indy_nxt_2025_6446,event_indy_nxt_2025_5488,2025-02-28,series_indy_nxt,INDY NXT,2025,race,Race,track_streets_of_st_petersburg,Streets of St. Petersburg,United States,44,1.8,79.200,observed_exact,driver_result,driver_physical_session,personalLaps,canonical driver result lapsCompleted,source_indynxt_events_session_6446
session_indy_nxt_2025_6515,event_indy_nxt_2025_5488,2025-02-28,series_indy_nxt,INDY NXT,2025,practice,Practice 1,track_streets_of_st_petersburg,Streets of St. Petersburg,United States,26,1.8,46.800,observed_exact,driver_result,driver_physical_session,lapsCompleted,canonical physical-session driver result lap count,source_indynxt_events_session_6515
session_indy_nxt_2025_6516,event_indy_nxt_2025_5488,2025-02-28,series_indy_nxt,INDY NXT,2025,practice,Practice 2,track_streets_of_st_petersburg,Streets of St. Petersburg,United States,32,1.8,57.600,observed_exact,driver_result,driver_physical_session,lapsCompleted,canonical physical-session driver result lap count,source_indynxt_events_session_6516
session_indy_nxt_2025_6518,event_indy_nxt_2025_5488,2025-02-28,series_indy_nxt,INDY NXT,2025,qualifying,Qualifications - Group 2,track_streets_of_st_petersburg,Streets of St. Petersburg,United States,11,1.8,19.800,observed_exact,driver_result,driver_physical_session,lapsCompleted,canonical physical-session driver result lap count,source_indynxt_events_session_6518
session_indy_nxt_2025_6445,event_indy_nxt_2025_5487,2025-05-02,series_indy_nxt,INDY NXT,2025,race,Race,track_barber_motorsports_park,Barber Motorsports Park,United States,35,2.38,83.300,observed_exact,driver_result,driver_physical_session,personalLaps,canonical driver result lapsCompleted,source_indynxt_events_session_6445
session_indy_nxt_2025_6611,event_indy_nxt_2025_5487,2025-05-02,series_indy_nxt,INDY NXT,2025,practice,Practice 1,track_barber_motorsports_park,Barber Motorsports Park,United States,20,2.38,47.600,observed_exact,driver_result,driver_physical_session,lapsCompleted,canonical physical-session driver result lap count,source_indynxt_events_session_6611
session_indy_nxt_2025_6612,event_indy_nxt_2025_5487,2025-05-02,series_indy_nxt,INDY NXT,2025,practice,Practice 2,track_barber_motorsports_park,Barber Motorsports Park,United States,24,2.38,57.120,observed_exact,driver_result,driver_physical_session,lapsCompleted,canonical physical-session driver result lap count,source_indynxt_events_session_6612
session_indy_nxt_2025_6613,event_indy_nxt_2025_5487,2025-05-02,series_indy_nxt,INDY NXT,2025,qualifying,Qualifications - Group 1,track_barber_motorsports_park,Barber Motorsports Park,United States,9,2.38,21.420,observed_exact,driver_result,driver_physical_session,lapsCompleted,canonical physical-session driver result lap count,source_indynxt_events_session_6613
session_indy_nxt_2025_6443,event_indy_nxt_2025_5485,2025-05-09,series_indy_nxt,INDY NXT,2025,race,Race,track_indianapolis_motor_speedway_road_course,Indianapolis Motor Speedway Road Course,United States,35,2.439,85.365,observed_exact,driver_result,driver_physical_session,personalLaps,canonical driver result lapsCompleted,source_indynxt_events_session_6443
session_indy_nxt_2025_6444,event_indy_nxt_2025_5486,2025-05-09,series_indy_nxt,INDY NXT,2025,race,Race,track_indianapolis_motor_speedway_road_course,Indianapolis Motor Speedway Road Course,United States,35,2.439,85.365,observed_exact,driver_result,driver_physical_session,personalLaps,canonical driver result lapsCompleted,source_indynxt_events_session_6444
session_indy_nxt_2025_6627,event_indy_nxt_2025_5486,2025-05-09,series_indy_nxt,INDY NXT,2025,practice,Practice,track_indianapolis_motor_speedway_road_course,Indianapolis Motor Speedway Road Course,United States,26,2.439,63.414,observed_exact,driver_result,driver_physical_session,lapsCompleted,canonical physical-session driver result lap count,source_indynxt_events_session_6627
session_indy_nxt_2025_6629,event_indy_nxt_2025_5486,2025-05-09,series_indy_nxt,INDY NXT,2025,qualifying,Qualifications - Race 1 Group 2,track_indianapolis_motor_speedway_road_course,Indianapolis Motor Speedway Road Course,United States,10,2.439,24.390,observed_exact,driver_result,driver_physical_session,lapsCompleted,canonical physical-session driver result lap count,source_indynxt_events_session_6629
session_indy_nxt_2025_6631,event_indy_nxt_2025_5485,2025-05-09,series_indy_nxt,INDY NXT,2025,qualifying,Qualifications - Race 2 Group 2,track_indianapolis_motor_speedway_road_course,Indianapolis Motor Speedway Road Course,United States,10,2.439,24.390,observed_exact,driver_result,driver_physical_session,lapsCompleted,canonical physical-session driver result lap count,source_indynxt_events_session_6631
session_indy_nxt_2025_6455,event_indy_nxt_2025_5497,2025-05-30,series_indy_nxt,INDY NXT,2025,race,Race,track_streets_of_detroit,Detroit Downtown Street Circuit,United States,44,1.645,72.380,observed_exact,driver_result,driver_physical_session,personalLaps,canonical driver result lapsCompleted,source_indynxt_events_session_6455
session_indy_nxt_2025_6639,event_indy_nxt_2025_5497,2025-05-30,series_indy_nxt,INDY NXT,2025,practice,Practice 1,track_streets_of_detroit,Detroit Downtown Street Circuit,United States,22,1.645,36.190,observed_exact,driver_result,driver_physical_session,lapsCompleted,canonical physical-session driver result lap count,source_indynxt_events_session_6639
session_indy_nxt_2025_6640,event_indy_nxt_2025_5497,2025-05-30,series_indy_nxt,INDY NXT,2025,practice,Practice 2,track_streets_of_detroit,Detroit Downtown Street Circuit,United States,28,1.645,46.060,observed_exact,driver_result,driver_physical_session,lapsCompleted,canonical physical-session driver result lap count,source_indynxt_events_session_6640
session_indy_nxt_2025_6642,event_indy_nxt_2025_5497,2025-05-30,series_indy_nxt,INDY NXT,2025,qualifying,Qualifications - Group 2,track_streets_of_detroit,Detroit Downtown Street Circuit,United States,7,1.645,11.515,observed_exact,driver_result,driver_physical_session,lapsCompleted,canonical physical-session driver result lap count,source_indynxt_events_session_6642
session_indy_nxt_2025_6454,event_indy_nxt_2025_5496,2025-06-14,series_indy_nxt,INDY NXT,2025,race,Race,track_world_wide_technology_raceway,World Wide Technology Raceway,United States,74,1.25,92.500,observed_exact,driver_result,driver_physical_session,personalLaps,canonical driver result lapsCompleted,source_indynxt_events_session_6454
session_indy_nxt_2025_6599,event_indy_nxt_2025_5496,2025-06-14,series_indy_nxt,INDY NXT,2025,qualifying,Qualifications,track_world_wide_technology_raceway,World Wide Technology Raceway,United States,,1.25,,unknown,driver_result,driver_physical_session,,source does not expose completed laps,source_indynxt_events_session_6599
session_indy_nxt_2025_6667,event_indy_nxt_2025_5496,2025-06-14,series_indy_nxt,INDY NXT,2025,practice,Practice,track_world_wide_technology_raceway,World Wide Technology Raceway,United States,57,1.25,71.250,observed_exact,driver_result,driver_physical_session,lapsCompleted,canonical physical-session driver result lap count,source_indynxt_events_session_6667
session_indy_nxt_2025_6453,event_indy_nxt_2025_5495,2025-06-20,series_indy_nxt,INDY NXT,2025,race,Race,track_road_america,Road America,United States,20,4.048,80.960,observed_exact,driver_result,driver_physical_session,personalLaps,canonical driver result lapsCompleted,source_indynxt_events_session_6453
session_indy_nxt_2025_6675,event_indy_nxt_2025_5495,2025-06-20,series_indy_nxt,INDY NXT,2025,practice,Practice 1,track_road_america,Road America,United States,17,4.048,68.816,observed_exact,driver_result,driver_physical_session,lapsCompleted,canonical physical-session driver result lap count,source_indynxt_events_session_6675
session_indy_nxt_2025_6676,event_indy_nxt_2025_5495,2025-06-20,series_indy_nxt,INDY NXT,2025,practice,Practice 2,track_road_america,Road America,United States,18,4.048,72.864,observed_exact,driver_result,driver_physical_session,lapsCompleted,canonical physical-session driver result lap count,source_indynxt_events_session_6676
session_indy_nxt_2025_6678,event_indy_nxt_2025_5495,2025-06-20,series_indy_nxt,INDY NXT,2025,qualifying,Qualifications - Group 2,track_road_america,Road America,United States,7,4.048,28.336,observed_exact,driver_result,driver_physical_session,lapsCompleted,canonical physical-session driver result lap count,source_indynxt_events_session_6678
session_indy_nxt_2025_6452,event_indy_nxt_2025_5494,2025-07-04,series_indy_nxt,INDY NXT,2025,race,Race,track_mid_ohio_sports_car_course,Mid-Ohio Sports Car Course,United States,33,2.258,74.514,observed_exact,driver_result,driver_physical_session,personalLaps,canonical driver result lapsCompleted,source_indynxt_events_session_6452
session_indy_nxt_2025_6679,event_indy_nxt_2025_5494,2025-07-04,series_indy_nxt,INDY NXT,2025,practice,Practice 1,track_mid_ohio_sports_car_course,Mid-Ohio Sports Car Course,United States,22,2.258,49.676,observed_exact,driver_result,driver_physical_session,lapsCompleted,canonical physical-session driver result lap count,source_indynxt_events_session_6679
session_indy_nxt_2025_6680,event_indy_nxt_2025_5494,2025-07-04,series_indy_nxt,INDY NXT,2025,practice,Practice 2,track_mid_ohio_sports_car_course,Mid-Ohio Sports Car Course,United States,23,2.258,51.934,observed_exact,driver_result,driver_physical_session,lapsCompleted,canonical physical-session driver result lap count,source_indynxt_events_session_6680
session_indy_nxt_2025_6681,event_indy_nxt_2025_5494,2025-07-04,series_indy_nxt,INDY NXT,2025,qualifying,Qualifications - Group 1,track_mid_ohio_sports_car_course,Mid-Ohio Sports Car Course,United States,10,2.258,22.580,observed_exact,driver_result,driver_physical_session,lapsCompleted,canonical physical-session driver result lap count,source_indynxt_events_session_6681
session_indy_nxt_2025_6451,event_indy_nxt_2025_5493,2025-07-11,series_indy_nxt,INDY NXT,2025,race,Race,track_iowa_speedway,Iowa Speedway,United States,75,0.894,67.050,observed_exact,driver_result,driver_physical_session,personalLaps,canonical driver result lapsCompleted,source_indynxt_events_session_6451
session_indy_nxt_2025_6690,event_indy_nxt_2025_5493,2025-07-11,series_indy_nxt,INDY NXT,2025,practice,Practice,track_iowa_speedway,Iowa Speedway,United States,42,0.894,37.548,observed_exact,driver_result,driver_physical_session,lapsCompleted,canonical physical-session driver result lap count,source_indynxt_events_session_6690
session_indy_nxt_2025_6442,event_indy_nxt_2025_5484,2025-07-25,series_indy_nxt,INDY NXT,2025,race,Race,track_weathertech_raceway_laguna_seca,WeatherTech Raceway Laguna Seca,United States,35,2.238,78.330,observed_exact,driver_result,driver_physical_session,personalLaps,canonical driver result lapsCompleted,source_indynxt_events_session_6442
session_indy_nxt_2025_6707,event_indy_nxt_2025_5484,2025-07-25,series_indy_nxt,INDY NXT,2025,practice,Practice 1,track_weathertech_raceway_laguna_seca,WeatherTech Raceway Laguna Seca,United States,16,2.238,35.808,observed_exact,driver_result,driver_physical_session,lapsCompleted,canonical physical-session driver result lap count,source_indynxt_events_session_6707
session_indy_nxt_2025_6708,event_indy_nxt_2025_5484,2025-07-25,series_indy_nxt,INDY NXT,2025,practice,Practice 2,track_weathertech_raceway_laguna_seca,WeatherTech Raceway Laguna Seca,United States,13,2.238,29.094,observed_exact,driver_result,driver_physical_session,lapsCompleted,canonical physical-session driver result lap count,source_indynxt_events_session_6708
session_indy_nxt_2025_6709,event_indy_nxt_2025_5484,2025-07-25,series_indy_nxt,INDY NXT,2025,qualifying,Qualifications - Race 1 Group 1,track_weathertech_raceway_laguna_seca,WeatherTech Raceway Laguna Seca,United States,9,2.238,20.142,observed_exact,driver_result,driver_physical_session,lapsCompleted,canonical physical-session driver result lap count,source_indynxt_events_session_6709
session_indy_nxt_2025_6450,event_indy_nxt_2025_5492,2025-07-26,series_indy_nxt,INDY NXT,2025,race,Race,track_weathertech_raceway_laguna_seca,WeatherTech Raceway Laguna Seca,United States,0,2.238,0.000,observed_exact,driver_result,driver_physical_session,personalLaps,canonical driver result lapsCompleted,source_indynxt_events_session_6450
session_indy_nxt_2025_6711,event_indy_nxt_2025_5492,2025-07-26,series_indy_nxt,INDY NXT,2025,qualifying,Qualifications - Race 2 Group 1,track_weathertech_raceway_laguna_seca,WeatherTech Raceway Laguna Seca,United States,9,2.238,20.142,observed_exact,driver_result,driver_physical_session,lapsCompleted,canonical physical-session driver result lap count,source_indynxt_events_session_6711
session_indy_nxt_2025_6712,event_indy_nxt_2025_5492,2025-07-26,series_indy_nxt,INDY NXT,2025,qualifying,Qualifications - Race 2 Group 2,track_weathertech_raceway_laguna_seca,WeatherTech Raceway Laguna Seca,United States,,2.238,,unknown,driver_result,driver_physical_session,,source does not expose completed laps,source_indynxt_events_session_6712
session_indy_nxt_2025_6449,event_indy_nxt_2025_5491,2025-08-08,series_indy_nxt,INDY NXT,2025,race,Race,track_portland_international_raceway,Portland International Raceway,United States,0,1.964,0.000,observed_exact,driver_result,driver_physical_session,personalLaps,canonical driver result lapsCompleted,source_indynxt_events_session_6449
session_indy_nxt_2025_6713,event_indy_nxt_2025_5491,2025-08-08,series_indy_nxt,INDY NXT,2025,practice,Practice 1,track_portland_international_raceway,Portland International Raceway,United States,30,1.964,58.920,observed_exact,driver_result,driver_physical_session,lapsCompleted,canonical physical-session driver result lap count,source_indynxt_events_session_6713
session_indy_nxt_2025_6714,event_indy_nxt_2025_5491,2025-08-08,series_indy_nxt,INDY NXT,2025,practice,Practice 2,track_portland_international_raceway,Portland International Raceway,United States,25,1.964,49.100,observed_exact,driver_result,driver_physical_session,lapsCompleted,canonical physical-session driver result lap count,source_indynxt_events_session_6714
session_indy_nxt_2025_6716,event_indy_nxt_2025_5491,2025-08-08,series_indy_nxt,INDY NXT,2025,qualifying,Qualifications - Group 2,track_portland_international_raceway,Portland International Raceway,United States,7,1.964,13.748,observed_exact,driver_result,driver_physical_session,lapsCompleted,canonical physical-session driver result lap count,source_indynxt_events_session_6716
session_indy_nxt_2025_6448,event_indy_nxt_2025_5490,2025-08-23,series_indy_nxt,INDY NXT,2025,race,Race,track_the_milwaukee_mile,The Milwaukee Mile,United States,90,1.015,91.350,observed_exact,driver_result,driver_physical_session,personalLaps,canonical driver result lapsCompleted,source_indynxt_events_session_6448
session_indy_nxt_2025_6588,event_indy_nxt_2025_5490,2025-08-23,series_indy_nxt,INDY NXT,2025,qualifying,Qualifications,track_the_milwaukee_mile,The Milwaukee Mile,United States,,1.015,,unknown,driver_result,driver_physical_session,,source does not expose completed laps,source_indynxt_events_session_6588
session_indy_nxt_2025_6727,event_indy_nxt_2025_5490,2025-08-23,series_indy_nxt,INDY NXT,2025,practice,Practice,track_the_milwaukee_mile,The Milwaukee Mile,United States,60,1.015,60.900,observed_exact,driver_result,driver_physical_session,lapsCompleted,canonical physical-session driver result lap count,source_indynxt_events_session_6727
session_indy_nxt_2025_6447,event_indy_nxt_2025_5489,2025-08-30,series_indy_nxt,INDY NXT,2025,race,Race,track_nashville_superspeedway,Nashville Superspeedway,United States,65,1.33,86.450,observed_exact,driver_result,driver_physical_session,personalLaps,canonical driver result lapsCompleted,source_indynxt_events_session_6447
session_indy_nxt_2025_6593,event_indy_nxt_2025_5489,2025-08-30,series_indy_nxt,INDY NXT,2025,qualifying,Qualifications,track_nashville_superspeedway,Nashville Superspeedway,United States,,1.33,,unknown,driver_result,driver_physical_session,,source does not expose completed laps,source_indynxt_events_session_6593
session_indy_nxt_2025_6731,event_indy_nxt_2025_5489,2025-08-30,series_indy_nxt,INDY NXT,2025,practice,Practice,track_nashville_superspeedway,Nashville Superspeedway,United States,55,1.33,73.150,observed_exact,driver_result,driver_physical_session,lapsCompleted,canonical physical-session driver result lap count,source_indynxt_events_session_6731
session_indy_nxt_2026_6751,event_indy_nxt_2026_5534,2026-02-27,series_indy_nxt,INDY NXT,2026,race,Race,track_streets_of_st_petersburg,Streets of St. Petersburg,United States,42,1.8,75.600,observed_exact,driver_result,driver_physical_session,personalLaps,canonical driver result lapsCompleted,source_indynxt_events_session_6751
session_indy_nxt_2026_6766,event_indy_nxt_2026_5534,2026-02-27,series_indy_nxt,INDY NXT,2026,practice,Practice 1,track_streets_of_st_petersburg,Streets of St. Petersburg,United States,27,1.8,48.600,observed_exact,driver_result,driver_physical_session,lapsCompleted,canonical physical-session driver result lap count,source_indynxt_events_session_6766
session_indy_nxt_2026_6767,event_indy_nxt_2026_5534,2026-02-27,series_indy_nxt,INDY NXT,2026,practice,Practice 2,track_streets_of_st_petersburg,Streets of St. Petersburg,United States,3,1.8,5.400,observed_exact,driver_result,driver_physical_session,lapsCompleted,canonical physical-session driver result lap count,source_indynxt_events_session_6767
session_indy_nxt_2026_6769,event_indy_nxt_2026_5534,2026-02-27,series_indy_nxt,INDY NXT,2026,qualifying,Qualifications - Group 2,track_streets_of_st_petersburg,Streets of St. Petersburg,United States,9,1.8,16.200,observed_exact,driver_result,driver_physical_session,lapsCompleted,canonical physical-session driver result lap count,source_indynxt_events_session_6769
session_indy_nxt_2026_6753,event_indy_nxt_2026_5536,2026-03-13,series_indy_nxt,INDY NXT,2026,race,Race,track_streets_of_arlington,Grand Prix of Arlington Street Circuit,United States,15,2.73,40.950,observed_exact,driver_result,driver_physical_session,personalLaps,canonical driver result lapsCompleted,source_indynxt_events_session_6753
session_indy_nxt_2026_6783,event_indy_nxt_2026_5536,2026-03-13,series_indy_nxt,INDY NXT,2026,practice,Practice 1,track_streets_of_arlington,Grand Prix of Arlington Street Circuit,United States,16,2.73,43.680,observed_exact,driver_result,driver_physical_session,lapsCompleted,canonical physical-session driver result lap count,source_indynxt_events_session_6783
session_indy_nxt_2026_6784,event_indy_nxt_2026_5536,2026-03-13,series_indy_nxt,INDY NXT,2026,practice,Practice 2,track_streets_of_arlington,Grand Prix of Arlington Street Circuit,United States,4,2.73,10.920,observed_exact,driver_result,driver_physical_session,lapsCompleted,canonical physical-session driver result lap count,source_indynxt_events_session_6784
session_indy_nxt_2026_6785,event_indy_nxt_2026_5536,2026-03-13,series_indy_nxt,INDY NXT,2026,qualifying,Qualifications - Group 1,track_streets_of_arlington,Grand Prix of Arlington Street Circuit,United States,7,2.73,19.110,observed_exact,driver_result,driver_physical_session,lapsCompleted,canonical physical-session driver result lap count,source_indynxt_events_session_6785
session_indy_nxt_2026_6750,event_indy_nxt_2026_5533,2026-03-27,series_indy_nxt,INDY NXT,2026,race,Race,track_barber_motorsports_park,Barber Motorsports Park,United States,35,2.38,83.300,observed_exact,driver_result,driver_physical_session,personalLaps,canonical driver result lapsCompleted,source_indynxt_events_session_6750
session_indy_nxt_2026_6804,event_indy_nxt_2026_5533,2026-03-27,series_indy_nxt,INDY NXT,2026,practice,Practice,track_barber_motorsports_park,Barber Motorsports Park,United States,28,2.38,66.640,observed_exact,driver_result,driver_physical_session,lapsCompleted,canonical physical-session driver result lap count,source_indynxt_events_session_6804
session_indy_nxt_2026_6806,event_indy_nxt_2026_5533,2026-03-27,series_indy_nxt,INDY NXT,2026,qualifying,Qualifying - Race 1 Group 2,track_barber_motorsports_park,Barber Motorsports Park,United States,8,2.38,19.040,observed_exact,driver_result,driver_physical_session,lapsCompleted,canonical physical-session driver result lap count,source_indynxt_events_session_6806
session_indy_nxt_2026_6752,event_indy_nxt_2026_5535,2026-03-28,series_indy_nxt,INDY NXT,2026,race,Race,track_barber_motorsports_park,Barber Motorsports Park,United States,30,2.38,71.400,observed_exact,driver_result,driver_physical_session,personalLaps,canonical driver result lapsCompleted,source_indynxt_events_session_6752
session_indy_nxt_2026_6809,event_indy_nxt_2026_5535,2026-03-28,series_indy_nxt,INDY NXT,2026,qualifying,Qualifying - Race 2 Group 2,track_barber_motorsports_park,Barber Motorsports Park,United States,8,2.38,19.040,observed_exact,driver_result,driver_physical_session,lapsCompleted,canonical physical-session driver result lap count,source_indynxt_events_session_6809
session_indy_nxt_2026_6756,event_indy_nxt_2026_5539,2026-05-08,series_indy_nxt,INDY NXT,2026,race,Race,track_indianapolis_motor_speedway_road_course,Indianapolis Motor Speedway Road Course,United States,28,2.439,68.292,observed_exact,driver_result,driver_physical_session,personalLaps,canonical driver result lapsCompleted,source_indynxt_events_session_6756
session_indy_nxt_2026_6765,event_indy_nxt_2026_5548,2026-05-08,series_indy_nxt,INDY NXT,2026,race,Race,track_indianapolis_motor_speedway_road_course,Indianapolis Motor Speedway Road Course,United States,30,2.439,73.170,observed_exact,driver_result,driver_physical_session,personalLaps,canonical driver result lapsCompleted,source_indynxt_events_session_6765
session_indy_nxt_2026_6828,event_indy_nxt_2026_5539,2026-05-08,series_indy_nxt,INDY NXT,2026,practice,Practice,track_indianapolis_motor_speedway_road_course,Indianapolis Motor Speedway Road Course,United States,24,2.439,58.536,observed_exact,driver_result,driver_physical_session,lapsCompleted,canonical physical-session driver result lap count,source_indynxt_events_session_6828
session_indy_nxt_2026_6831,event_indy_nxt_2026_5539,2026-05-08,series_indy_nxt,INDY NXT,2026,qualifying,Qualifying - Race 1 Group 1,track_indianapolis_motor_speedway_road_course,Indianapolis Motor Speedway Road Course,United States,8,2.439,19.512,observed_exact,driver_result,driver_physical_session,lapsCompleted,canonical physical-session driver result lap count,source_indynxt_events_session_6831
session_indy_nxt_2026_6833,event_indy_nxt_2026_5548,2026-05-08,series_indy_nxt,INDY NXT,2026,qualifying,Qualifying - Race 2 Group 1,track_indianapolis_motor_speedway_road_course,Indianapolis Motor Speedway Road Course,United States,8,2.439,19.512,observed_exact,driver_result,driver_physical_session,lapsCompleted,canonical physical-session driver result lap count,source_indynxt_events_session_6833
session_indy_nxt_2026_6749,event_indy_nxt_2026_5532,2026-05-29,series_indy_nxt,INDY NXT,2026,race,Race,track_streets_of_detroit,Detroit Downtown Street Circuit,United States,42,1.645,69.090,observed_exact,driver_result,driver_physical_session,personalLaps,canonical driver result lapsCompleted,source_indynxt_events_session_6749
session_indy_nxt_2026_6850,event_indy_nxt_2026_5532,2026-05-29,series_indy_nxt,INDY NXT,2026,practice,Practice 1,track_streets_of_detroit,Detroit Downtown Street Circuit,United States,28,1.645,46.060,observed_exact,driver_result,driver_physical_session,lapsCompleted,canonical physical-session driver result lap count,source_indynxt_events_session_6850
session_indy_nxt_2026_6851,event_indy_nxt_2026_5532,2026-05-29,series_indy_nxt,INDY NXT,2026,practice,Practice 2,track_streets_of_detroit,Detroit Downtown Street Circuit,United States,33,1.645,54.285,observed_exact,driver_result,driver_physical_session,lapsCompleted,canonical physical-session driver result lap count,source_indynxt_events_session_6851
session_indy_nxt_2026_6853,event_indy_nxt_2026_5532,2026-05-29,series_indy_nxt,INDY NXT,2026,qualifying,Qualifying - Group 2,track_streets_of_detroit,Detroit Downtown Street Circuit,United States,9,1.645,14.805,observed_exact,driver_result,driver_physical_session,lapsCompleted,canonical physical-session driver result lap count,source_indynxt_events_session_6853
session_indy_nxt_2026_6763,event_indy_nxt_2026_5546,2026-06-06,series_indy_nxt,INDY NXT,2026,race,Race,track_world_wide_technology_raceway,World Wide Technology Raceway,United States,5,1.25,6.250,observed_exact,driver_result,driver_physical_session,personalLaps,canonical driver result lapsCompleted,source_indynxt_events_session_6763
session_indy_nxt_2026_6863,event_indy_nxt_2026_5546,2026-06-06,series_indy_nxt,INDY NXT,2026,practice,Practice,track_world_wide_technology_raceway,World Wide Technology Raceway,United States,48,1.25,60.000,observed_exact,driver_result,driver_physical_session,lapsCompleted,canonical physical-session driver result lap count,source_indynxt_events_session_6863
session_indy_nxt_2026_6864,event_indy_nxt_2026_5546,2026-06-06,series_indy_nxt,INDY NXT,2026,qualifying,Qualifying,track_world_wide_technology_raceway,World Wide Technology Raceway,United States,,1.25,,unknown,driver_result,driver_physical_session,,source does not expose completed laps,source_indynxt_events_session_6864
session_indy_nxt_2026_6762,event_indy_nxt_2026_5545,2026-06-19,series_indy_nxt,INDY NXT,2026,race,Race,track_road_america,Road America,United States,20,4.048,80.960,observed_exact,driver_result,driver_physical_session,personalLaps,canonical driver result lapsCompleted,source_indynxt_events_session_6762
session_indy_nxt_2026_6869,event_indy_nxt_2026_5545,2026-06-19,series_indy_nxt,INDY NXT,2026,practice,Practice,track_road_america,Road America,United States,17,4.048,68.816,observed_exact,driver_result,driver_physical_session,lapsCompleted,canonical physical-session driver result lap count,source_indynxt_events_session_6869
session_indy_nxt_2026_6871,event_indy_nxt_2026_5545,2026-06-19,series_indy_nxt,INDY NXT,2026,qualifying,Qualifying - Race 1 Group 2,track_road_america,Road America,United States,7,4.048,28.336,observed_exact,driver_result,driver_physical_session,lapsCompleted,canonical physical-session driver result lap count,source_indynxt_events_session_6871
session_indy_nxt_2026_6754,event_indy_nxt_2026_5537,2026-06-20,series_indy_nxt,INDY NXT,2026,race,Race,track_road_america,Road America,United States,18,4.048,72.864,observed_exact,driver_result,driver_physical_session,personalLaps,canonical driver result lapsCompleted,source_indynxt_events_session_6754
session_indy_nxt_2026_6874,event_indy_nxt_2026_5537,2026-06-20,series_indy_nxt,INDY NXT,2026,qualifying,Qualifying - Race 2 Group 2,track_road_america,Road America,United States,7,4.048,28.336,observed_exact,driver_result,driver_physical_session,lapsCompleted,canonical physical-session driver result lap count,source_indynxt_events_session_6874
session_indy_nxt_2026_6761,event_indy_nxt_2026_5544,2026-07-03,series_indy_nxt,INDY NXT,2026,race,Race,track_mid_ohio_sports_car_course,Mid-Ohio Sports Car Course,United States,35,2.258,79.030,observed_exact,driver_result,driver_physical_session,personalLaps,canonical driver result lapsCompleted,source_indynxt_events_session_6761
session_indy_nxt_2026_6891,event_indy_nxt_2026_5544,2026-07-03,series_indy_nxt,INDY NXT,2026,practice,Practice,track_mid_ohio_sports_car_course,Mid-Ohio Sports Car Course,United States,26,2.258,58.708,observed_exact,driver_result,driver_physical_session,lapsCompleted,canonical physical-session driver result lap count,source_indynxt_events_session_6891
session_indy_nxt_2026_6893,event_indy_nxt_2026_5544,2026-07-03,series_indy_nxt,INDY NXT,2026,qualifying,Qualifying - Race 1 Group 2,track_mid_ohio_sports_car_course,Mid-Ohio Sports Car Course,United States,8,2.258,18.064,observed_exact,driver_result,driver_physical_session,lapsCompleted,canonical physical-session driver result lap count,source_indynxt_events_session_6893
session_indy_nxt_2026_6760,event_indy_nxt_2026_5543,2026-07-04,series_indy_nxt,INDY NXT,2026,race,Race,track_mid_ohio_sports_car_course,Mid-Ohio Sports Car Course,United States,30,2.258,67.740,observed_exact,driver_result,driver_physical_session,personalLaps,canonical driver result lapsCompleted,source_indynxt_events_session_6760
session_indy_nxt_2026_6896,event_indy_nxt_2026_5543,2026-07-04,series_indy_nxt,INDY NXT,2026,qualifying,Qualifying - Race 2 Group 2,track_mid_ohio_sports_car_course,Mid-Ohio Sports Car Course,United States,8,2.258,18.064,observed_exact,driver_result,driver_physical_session,lapsCompleted,canonical physical-session driver result lap count,source_indynxt_events_session_6896
session_indy_nxt_2026_6755,event_indy_nxt_2026_5538,2026-07-18,series_indy_nxt,INDY NXT,2026,race,Race,track_nashville_superspeedway,Nashville Superspeedway,United States,65,1.33,86.450,observed_exact,driver_result,driver_physical_session,personalLaps,canonical driver result lapsCompleted,source_indynxt_events_session_6755
session_indy_nxt_2026_6923,event_indy_nxt_2026_5538,2026-07-18,series_indy_nxt,INDY NXT,2026,qualifying,Qualifying,track_nashville_superspeedway,Nashville Superspeedway,United States,,1.33,,unknown,driver_result,driver_physical_session,,source does not expose completed laps,source_indynxt_events_session_6923
session_indy_nxt_2026_6924,event_indy_nxt_2026_5538,2026-07-18,series_indy_nxt,INDY NXT,2026,practice,Practice,track_nashville_superspeedway,Nashville Superspeedway,United States,55,1.33,73.150,observed_exact,driver_result,driver_physical_session,lapsCompleted,canonical physical-session driver result lap count,source_indynxt_events_session_6924
session_indy_nxt_2026_6764,event_indy_nxt_2026_5547,2026-08-07,series_indy_nxt,INDY NXT,2026,race,Race,track_portland_international_raceway,Portland International Raceway,United States,35,1.964,68.740,observed_exact,driver_result,driver_physical_session,personalLaps,canonical driver result lapsCompleted,source_indynxt_events_session_6764
session_indy_nxt_2026_6898,event_indy_nxt_2026_5547,2026-08-07,series_indy_nxt,INDY NXT,2026,practice,Practice 1,track_portland_international_raceway,Portland International Raceway,United States,27,1.964,53.028,observed_exact,driver_result,driver_physical_session,lapsCompleted,canonical physical-session driver result lap count,source_indynxt_events_session_6898
session_indy_nxt_2026_6899,event_indy_nxt_2026_5547,2026-08-07,series_indy_nxt,INDY NXT,2026,practice,Practice 2,track_portland_international_raceway,Portland International Raceway,United States,33,1.964,64.812,observed_exact,driver_result,driver_physical_session,lapsCompleted,canonical physical-session driver result lap count,source_indynxt_events_session_6899
session_indy_nxt_2026_6900,event_indy_nxt_2026_5547,2026-08-07,series_indy_nxt,INDY NXT,2026,qualifying,Qualifying - Group 1,track_portland_international_raceway,Portland International Raceway,United States,10,1.964,19.640,observed_exact,driver_result,driver_physical_session,lapsCompleted,canonical physical-session driver result lap count,source_indynxt_events_session_6900
session_indy_nxt_2026_6757,event_indy_nxt_2026_5540,2026-08-29,series_indy_nxt,INDY NXT,2026,race,Race,track_the_milwaukee_mile,The Milwaukee Mile,United States,90,1.015,91.350,observed_exact,driver_result,driver_physical_session,personalLaps,canonical driver result lapsCompleted,source_indynxt_events_session_6757
session_indy_nxt_2026_6934,event_indy_nxt_2026_5540,2026-08-29,series_indy_nxt,INDY NXT,2026,practice,Practice,track_the_milwaukee_mile,The Milwaukee Mile,United States,46,1.015,46.690,observed_exact,driver_result,driver_physical_session,lapsCompleted,canonical physical-session driver result lap count,source_indynxt_events_session_6934
session_indy_nxt_2026_6935,event_indy_nxt_2026_5540,2026-08-29,series_indy_nxt,INDY NXT,2026,qualifying,Qualifying,track_the_milwaukee_mile,The Milwaukee Mile,United States,,1.015,,unknown,driver_result,driver_physical_session,,source does not expose completed laps,source_indynxt_events_session_6935
session_indy_nxt_2026_6759,event_indy_nxt_2026_5542,2026-09-04,series_indy_nxt,INDY NXT,2026,race,Race,track_weathertech_raceway_laguna_seca,WeatherTech Raceway Laguna Seca,United States,35,2.238,78.330,observed_exact,driver_result,driver_physical_session,personalLaps,canonical driver result lapsCompleted,source_indynxt_events_session_6759
session_indy_nxt_2026_6947,event_indy_nxt_2026_5542,2026-09-04,series_indy_nxt,INDY NXT,2026,practice,Practice 1,track_weathertech_raceway_laguna_seca,WeatherTech Raceway Laguna Seca,United States,14,2.238,31.332,observed_exact,driver_result,driver_physical_session,lapsCompleted,canonical physical-session driver result lap count,source_indynxt_events_session_6947
session_indy_nxt_2026_6948,event_indy_nxt_2026_5542,2026-09-04,series_indy_nxt,INDY NXT,2026,practice,Practice 2,track_weathertech_raceway_laguna_seca,WeatherTech Raceway Laguna Seca,United States,16,2.238,35.808,observed_exact,driver_result,driver_physical_session,lapsCompleted,canonical physical-session driver result lap count,source_indynxt_events_session_6948
session_indy_nxt_2026_6950,event_indy_nxt_2026_5542,2026-09-04,series_indy_nxt,INDY NXT,2026,qualifying,Qualifying - Race 1 Group 2,track_weathertech_raceway_laguna_seca,WeatherTech Raceway Laguna Seca,United States,8,2.238,17.904,observed_exact,driver_result,driver_physical_session,lapsCompleted,canonical physical-session driver result lap count,source_indynxt_events_session_6950
session_indy_nxt_2026_6758,event_indy_nxt_2026_5541,2026-09-05,series_indy_nxt,INDY NXT,2026,race,Race,track_weathertech_raceway_laguna_seca,WeatherTech Raceway Laguna Seca,United States,30,2.238,67.140,observed_exact,driver_result,driver_physical_session,personalLaps,canonical driver result lapsCompleted,source_indynxt_events_session_6758
session_indy_nxt_2026_6953,event_indy_nxt_2026_5541,2026-09-05,series_indy_nxt,INDY NXT,2026,qualifying,Qualifying - Race 2 Group 2,track_weathertech_raceway_laguna_seca,WeatherTech Raceway Laguna Seca,United States,8,2.238,17.904,observed_exact,driver_result,driver_physical_session,lapsCompleted,canonical physical-session driver result lap count,source_indynxt_events_session_6953
