sessionId,eventId,eventName,seasonYear,sessionType,sessionName,trackName,trackConfig,trackLengthKm,wetDry,weatherConfidence,lapNumber,lapTimeSeconds,averageSpeedKph,isValid,deltaToSessionBestSeconds,rawDiffToPersonalBestSeconds,lapPctOfSession,lapPhase,outlierSlowLap,sourceTitle,parser,analysisPosition,sourceTimestamp,sourceState,sourceHash
session_formula_ford_2020_champion_brands_qualifying_race_5,event_formula_ford_2020_champion_brands,Champion of Brands 2020,2020,qualifying,QUALIFYING - RACE 5,Brands Hatch Indy,Indy,1.944,dry,official,1,,,no,,,0.0,early,no,QUALIFYING - RACE 5 - LAP ANALYSIS,formula_ford_lap_analysis_right_column,5,10:35:06.077,official_lap_analysis_bryce_labeled_block,900ddfcb701b1977f16e33501302742c328980f5ffcccd190d2e433bba0b5681
session_formula_ford_2020_champion_brands_qualifying_race_5,event_formula_ford_2020_champion_brands,Champion of Brands 2020,2020,qualifying,QUALIFYING - RACE 5,Brands Hatch Indy,Indy,1.944,dry,official,2,55.698,125.641,yes,4.785,4.785,0.0714,early,yes,QUALIFYING - RACE 5 - LAP ANALYSIS,formula_ford_lap_analysis_right_column,5,10:36:01.775,official_lap_analysis_bryce_labeled_block,900ddfcb701b1977f16e33501302742c328980f5ffcccd190d2e433bba0b5681
session_formula_ford_2020_champion_brands_qualifying_race_5,event_formula_ford_2020_champion_brands,Champion of Brands 2020,2020,qualifying,QUALIFYING - RACE 5,Brands Hatch Indy,Indy,1.944,dry,official,3,54.249,129.005,yes,3.336,3.336,0.1429,early,no,QUALIFYING - RACE 5 - LAP ANALYSIS,formula_ford_lap_analysis_right_column,5,10:36:56.024,official_lap_analysis_bryce_labeled_block,900ddfcb701b1977f16e33501302742c328980f5ffcccd190d2e433bba0b5681
session_formula_ford_2020_champion_brands_qualifying_race_5,event_formula_ford_2020_champion_brands,Champion of Brands 2020,2020,qualifying,QUALIFYING - RACE 5,Brands Hatch Indy,Indy,1.944,dry,official,4,51.235,136.585,yes,0.322,0.322,0.2143,early,no,QUALIFYING - RACE 5 - LAP ANALYSIS,formula_ford_lap_analysis_right_column,5,10:37:47.259,official_lap_analysis_bryce_labeled_block,900ddfcb701b1977f16e33501302742c328980f5ffcccd190d2e433bba0b5681
session_formula_ford_2020_champion_brands_qualifying_race_5,event_formula_ford_2020_champion_brands,Champion of Brands 2020,2020,qualifying,QUALIFYING - RACE 5,Brands Hatch Indy,Indy,1.944,dry,official,5,51.166,136.778,yes,0.253,0.253,0.2857,early,no,QUALIFYING - RACE 5 - LAP ANALYSIS,formula_ford_lap_analysis_right_column,5,10:38:38.425,official_lap_analysis_bryce_labeled_block,900ddfcb701b1977f16e33501302742c328980f5ffcccd190d2e433bba0b5681
session_formula_ford_2020_champion_brands_qualifying_race_5,event_formula_ford_2020_champion_brands,Champion of Brands 2020,2020,qualifying,QUALIFYING - RACE 5,Brands Hatch Indy,Indy,1.944,dry,official,6,51.415,136.102,yes,0.502,0.502,0.3571,middle,no,QUALIFYING - RACE 5 - LAP ANALYSIS,formula_ford_lap_analysis_right_column,5,10:39:29.840,official_lap_analysis_bryce_labeled_block,900ddfcb701b1977f16e33501302742c328980f5ffcccd190d2e433bba0b5681
session_formula_ford_2020_champion_brands_qualifying_race_5,event_formula_ford_2020_champion_brands,Champion of Brands 2020,2020,qualifying,QUALIFYING - RACE 5,Brands Hatch Indy,Indy,1.944,dry,official,7,52.584,133.077,yes,1.671,1.671,0.4286,middle,no,QUALIFYING - RACE 5 - LAP ANALYSIS,formula_ford_lap_analysis_right_column,5,10:40:22.424,official_lap_analysis_bryce_labeled_block,900ddfcb701b1977f16e33501302742c328980f5ffcccd190d2e433bba0b5681
session_formula_ford_2020_champion_brands_qualifying_race_5,event_formula_ford_2020_champion_brands,Champion of Brands 2020,2020,qualifying,QUALIFYING - RACE 5,Brands Hatch Indy,Indy,1.944,dry,official,8,79.469,88.063,yes,28.556,28.556,0.5,middle,yes,QUALIFYING - RACE 5 - LAP ANALYSIS,formula_ford_lap_analysis_right_column,5,10:41:41.893,official_lap_analysis_bryce_labeled_block,900ddfcb701b1977f16e33501302742c328980f5ffcccd190d2e433bba0b5681
session_formula_ford_2020_champion_brands_qualifying_race_5,event_formula_ford_2020_champion_brands,Champion of Brands 2020,2020,qualifying,QUALIFYING - RACE 5,Brands Hatch Indy,Indy,1.944,dry,official,9,98.205,71.262,yes,47.292,47.292,0.5714,middle,yes,QUALIFYING - RACE 5 - LAP ANALYSIS,formula_ford_lap_analysis_right_column,5,10:43:20.098,official_lap_analysis_bryce_labeled_block,900ddfcb701b1977f16e33501302742c328980f5ffcccd190d2e433bba0b5681
session_formula_ford_2020_champion_brands_qualifying_race_5,event_formula_ford_2020_champion_brands,Champion of Brands 2020,2020,qualifying,QUALIFYING - RACE 5,Brands Hatch Indy,Indy,1.944,dry,official,10,87.653,79.84,yes,36.74,36.74,0.6429,middle,yes,QUALIFYING - RACE 5 - LAP ANALYSIS,formula_ford_lap_analysis_right_column,5,10:44:47.751,official_lap_analysis_bryce_labeled_block,900ddfcb701b1977f16e33501302742c328980f5ffcccd190d2e433bba0b5681
session_formula_ford_2020_champion_brands_qualifying_race_5,event_formula_ford_2020_champion_brands,Champion of Brands 2020,2020,qualifying,QUALIFYING - RACE 5,Brands Hatch Indy,Indy,1.944,dry,official,11,84.77,82.543,yes,33.857,33.857,0.7143,late,yes,QUALIFYING - RACE 5 - LAP ANALYSIS,formula_ford_lap_analysis_right_column,5,10:46:12.521,official_lap_analysis_bryce_labeled_block,900ddfcb701b1977f16e33501302742c328980f5ffcccd190d2e433bba0b5681
session_formula_ford_2020_champion_brands_qualifying_race_5,event_formula_ford_2020_champion_brands,Champion of Brands 2020,2020,qualifying,QUALIFYING - RACE 5,Brands Hatch Indy,Indy,1.944,dry,official,12,74.646,93.744,yes,23.733,23.733,0.7857,late,yes,QUALIFYING - RACE 5 - LAP ANALYSIS,formula_ford_lap_analysis_right_column,5,10:47:27.167,official_lap_analysis_bryce_labeled_block,900ddfcb701b1977f16e33501302742c328980f5ffcccd190d2e433bba0b5681
session_formula_ford_2020_champion_brands_qualifying_race_5,event_formula_ford_2020_champion_brands,Champion of Brands 2020,2020,qualifying,QUALIFYING - RACE 5,Brands Hatch Indy,Indy,1.944,dry,official,13,54.264,128.957,yes,3.351,3.351,0.8571,late,no,QUALIFYING - RACE 5 - LAP ANALYSIS,formula_ford_lap_analysis_right_column,5,10:48:21.431,official_lap_analysis_bryce_labeled_block,900ddfcb701b1977f16e33501302742c328980f5ffcccd190d2e433bba0b5681
session_formula_ford_2020_champion_brands_qualifying_race_5,event_formula_ford_2020_champion_brands,Champion of Brands 2020,2020,qualifying,QUALIFYING - RACE 5,Brands Hatch Indy,Indy,1.944,dry,official,14,51.983,134.622,yes,1.07,1.07,0.9286,late,no,QUALIFYING - RACE 5 - LAP ANALYSIS,formula_ford_lap_analysis_right_column,5,10:49:13.414,official_lap_analysis_bryce_labeled_block,900ddfcb701b1977f16e33501302742c328980f5ffcccd190d2e433bba0b5681
session_formula_ford_2020_champion_brands_qualifying_race_5,event_formula_ford_2020_champion_brands,Champion of Brands 2020,2020,qualifying,QUALIFYING - RACE 5,Brands Hatch Indy,Indy,1.944,dry,official,15,50.913,137.454,yes,0.0,,1.0,late,no,QUALIFYING - RACE 5 - LAP ANALYSIS,formula_ford_lap_analysis_right_column,5,10:50:04.327,official_lap_analysis_bryce_labeled_block,900ddfcb701b1977f16e33501302742c328980f5ffcccd190d2e433bba0b5681
session_formula_ford_2020_champion_brands_race_11,event_formula_ford_2020_champion_brands,Champion of Brands 2020,2020,race,RACE 11,Brands Hatch Indy,Indy,1.944,dry,official,1,58.074,120.508,yes,7.423,7.423,0.0,early,yes,RACE 11 - LAP ANALYSIS,formula_ford_lap_analysis_left_column,3,17:37:52.970,official_lap_analysis_bryce_labeled_block,900ddfcb701b1977f16e33501302742c328980f5ffcccd190d2e433bba0b5681
session_formula_ford_2020_champion_brands_race_11,event_formula_ford_2020_champion_brands,Champion of Brands 2020,2020,race,RACE 11,Brands Hatch Indy,Indy,1.944,dry,official,2,51.42,136.102,yes,0.769,0.769,0.0588,early,no,RACE 11 - LAP ANALYSIS,formula_ford_lap_analysis_left_column,3,17:38:44.390,official_lap_analysis_bryce_labeled_block,900ddfcb701b1977f16e33501302742c328980f5ffcccd190d2e433bba0b5681
session_formula_ford_2020_champion_brands_race_11,event_formula_ford_2020_champion_brands,Champion of Brands 2020,2020,race,RACE 11,Brands Hatch Indy,Indy,1.944,dry,official,3,51.167,136.762,yes,0.516,0.516,0.1176,early,no,RACE 11 - LAP ANALYSIS,formula_ford_lap_analysis_left_column,3,17:39:35.557,official_lap_analysis_bryce_labeled_block,900ddfcb701b1977f16e33501302742c328980f5ffcccd190d2e433bba0b5681
session_formula_ford_2020_champion_brands_race_11,event_formula_ford_2020_champion_brands,Champion of Brands 2020,2020,race,RACE 11,Brands Hatch Indy,Indy,1.944,dry,official,4,50.98,137.277,yes,0.329,0.329,0.1765,early,no,RACE 11 - LAP ANALYSIS,formula_ford_lap_analysis_left_column,3,17:40:26.537,official_lap_analysis_bryce_labeled_block,900ddfcb701b1977f16e33501302742c328980f5ffcccd190d2e433bba0b5681
session_formula_ford_2020_champion_brands_race_11,event_formula_ford_2020_champion_brands,Champion of Brands 2020,2020,race,RACE 11,Brands Hatch Indy,Indy,1.944,dry,official,5,51.103,136.939,yes,0.452,0.452,0.2353,early,no,RACE 11 - LAP ANALYSIS,formula_ford_lap_analysis_left_column,3,17:41:17.640,official_lap_analysis_bryce_labeled_block,900ddfcb701b1977f16e33501302742c328980f5ffcccd190d2e433bba0b5681
session_formula_ford_2020_champion_brands_race_11,event_formula_ford_2020_champion_brands,Champion of Brands 2020,2020,race,RACE 11,Brands Hatch Indy,Indy,1.944,dry,official,6,51.16,136.794,yes,0.509,0.509,0.2941,early,no,RACE 11 - LAP ANALYSIS,formula_ford_lap_analysis_left_column,3,17:42:08.800,official_lap_analysis_bryce_labeled_block,900ddfcb701b1977f16e33501302742c328980f5ffcccd190d2e433bba0b5681
session_formula_ford_2020_champion_brands_race_11,event_formula_ford_2020_champion_brands,Champion of Brands 2020,2020,race,RACE 11,Brands Hatch Indy,Indy,1.944,dry,official,7,50.838,137.647,yes,0.187,0.187,0.3529,middle,no,RACE 11 - LAP ANALYSIS,formula_ford_lap_analysis_left_column,3,17:42:59.638,official_lap_analysis_bryce_labeled_block,900ddfcb701b1977f16e33501302742c328980f5ffcccd190d2e433bba0b5681
session_formula_ford_2020_champion_brands_race_11,event_formula_ford_2020_champion_brands,Champion of Brands 2020,2020,race,RACE 11,Brands Hatch Indy,Indy,1.944,dry,official,8,50.961,137.325,yes,0.31,0.31,0.4118,middle,no,RACE 11 - LAP ANALYSIS,formula_ford_lap_analysis_left_column,3,17:43:50.599,official_lap_analysis_bryce_labeled_block,900ddfcb701b1977f16e33501302742c328980f5ffcccd190d2e433bba0b5681
session_formula_ford_2020_champion_brands_race_11,event_formula_ford_2020_champion_brands,Champion of Brands 2020,2020,race,RACE 11,Brands Hatch Indy,Indy,1.944,dry,official,9,50.651,138.162,yes,0.0,,0.4706,middle,no,RACE 11 - LAP ANALYSIS,formula_ford_lap_analysis_left_column,3,17:44:41.250,official_lap_analysis_bryce_labeled_block,900ddfcb701b1977f16e33501302742c328980f5ffcccd190d2e433bba0b5681
session_formula_ford_2020_champion_brands_race_11,event_formula_ford_2020_champion_brands,Champion of Brands 2020,2020,race,RACE 11,Brands Hatch Indy,Indy,1.944,dry,official,10,50.811,137.728,yes,0.16,0.16,0.5294,middle,no,RACE 11 - LAP ANALYSIS,formula_ford_lap_analysis_left_column,3,17:45:32.061,official_lap_analysis_bryce_labeled_block,900ddfcb701b1977f16e33501302742c328980f5ffcccd190d2e433bba0b5681
session_formula_ford_2020_champion_brands_race_11,event_formula_ford_2020_champion_brands,Champion of Brands 2020,2020,race,RACE 11,Brands Hatch Indy,Indy,1.944,dry,official,11,52.666,132.867,yes,2.015,2.015,0.5882,middle,no,RACE 11 - LAP ANALYSIS,formula_ford_lap_analysis_left_column,3,17:46:24.727,official_lap_analysis_bryce_labeled_block,900ddfcb701b1977f16e33501302742c328980f5ffcccd190d2e433bba0b5681
session_formula_ford_2020_champion_brands_race_11,event_formula_ford_2020_champion_brands,Champion of Brands 2020,2020,race,RACE 11,Brands Hatch Indy,Indy,1.944,dry,official,12,51.828,135.024,yes,1.177,1.177,0.6471,middle,no,RACE 11 - LAP ANALYSIS,formula_ford_lap_analysis_left_column,3,17:47:16.555,official_lap_analysis_bryce_labeled_block,900ddfcb701b1977f16e33501302742c328980f5ffcccd190d2e433bba0b5681
session_formula_ford_2020_champion_brands_race_11,event_formula_ford_2020_champion_brands,Champion of Brands 2020,2020,race,RACE 11,Brands Hatch Indy,Indy,1.944,dry,official,13,51.589,135.652,yes,0.938,0.938,0.7059,late,no,RACE 11 - LAP ANALYSIS,formula_ford_lap_analysis_left_column,3,17:48:08.144,official_lap_analysis_bryce_labeled_block,900ddfcb701b1977f16e33501302742c328980f5ffcccd190d2e433bba0b5681
session_formula_ford_2020_champion_brands_race_11,event_formula_ford_2020_champion_brands,Champion of Brands 2020,2020,race,RACE 11,Brands Hatch Indy,Indy,1.944,dry,official,14,51.138,136.843,yes,0.487,0.487,0.7647,late,no,RACE 11 - LAP ANALYSIS,formula_ford_lap_analysis_left_column,3,17:48:59.282,official_lap_analysis_bryce_labeled_block,900ddfcb701b1977f16e33501302742c328980f5ffcccd190d2e433bba0b5681
session_formula_ford_2020_champion_brands_race_11,event_formula_ford_2020_champion_brands,Champion of Brands 2020,2020,race,RACE 11,Brands Hatch Indy,Indy,1.944,dry,official,15,51.085,136.987,yes,0.434,0.434,0.8235,late,no,RACE 11 - LAP ANALYSIS,formula_ford_lap_analysis_left_column,3,17:49:50.367,official_lap_analysis_bryce_labeled_block,900ddfcb701b1977f16e33501302742c328980f5ffcccd190d2e433bba0b5681
session_formula_ford_2020_champion_brands_race_11,event_formula_ford_2020_champion_brands,Champion of Brands 2020,2020,race,RACE 11,Brands Hatch Indy,Indy,1.944,dry,official,16,52.101,134.316,yes,1.45,1.45,0.8824,late,no,RACE 11 - LAP ANALYSIS,formula_ford_lap_analysis_left_column,3,17:50:42.468,official_lap_analysis_bryce_labeled_block,900ddfcb701b1977f16e33501302742c328980f5ffcccd190d2e433bba0b5681
session_formula_ford_2020_champion_brands_race_11,event_formula_ford_2020_champion_brands,Champion of Brands 2020,2020,race,RACE 11,Brands Hatch Indy,Indy,1.944,dry,official,17,51.117,136.907,yes,0.466,0.466,0.9412,late,no,RACE 11 - LAP ANALYSIS,formula_ford_lap_analysis_left_column,3,17:51:33.585,official_lap_analysis_bryce_labeled_block,900ddfcb701b1977f16e33501302742c328980f5ffcccd190d2e433bba0b5681
session_formula_ford_2020_champion_brands_race_11,event_formula_ford_2020_champion_brands,Champion of Brands 2020,2020,race,RACE 11,Brands Hatch Indy,Indy,1.944,dry,official,18,51.207,136.665,yes,0.556,0.556,1.0,late,no,RACE 11 - LAP ANALYSIS,formula_ford_lap_analysis_left_column,3,17:52:24.792,official_lap_analysis_bryce_labeled_block,900ddfcb701b1977f16e33501302742c328980f5ffcccd190d2e433bba0b5681
session_formula_ford_2020_champion_brands_race_5,event_formula_ford_2020_champion_brands,Champion of Brands 2020,2020,race,RACE 5,Brands Hatch Indy,Indy,1.944,dry,official,1,58.128,120.395,yes,7.179,7.179,0.0,early,yes,RACE 5 - LAP ANALYSIS,formula_ford_lap_analysis_left_column,3,14:20:15.743,official_lap_analysis_bryce_labeled_block,900ddfcb701b1977f16e33501302742c328980f5ffcccd190d2e433bba0b5681
session_formula_ford_2020_champion_brands_race_5,event_formula_ford_2020_champion_brands,Champion of Brands 2020,2020,race,RACE 5,Brands Hatch Indy,Indy,1.944,dry,official,2,51.77,135.169,yes,0.821,0.821,0.0588,early,no,RACE 5 - LAP ANALYSIS,formula_ford_lap_analysis_left_column,3,14:21:07.513,official_lap_analysis_bryce_labeled_block,900ddfcb701b1977f16e33501302742c328980f5ffcccd190d2e433bba0b5681
session_formula_ford_2020_champion_brands_race_5,event_formula_ford_2020_champion_brands,Champion of Brands 2020,2020,race,RACE 5,Brands Hatch Indy,Indy,1.944,dry,official,3,51.518,135.829,yes,0.569,0.569,0.1176,early,no,RACE 5 - LAP ANALYSIS,formula_ford_lap_analysis_left_column,3,14:21:59.031,official_lap_analysis_bryce_labeled_block,900ddfcb701b1977f16e33501302742c328980f5ffcccd190d2e433bba0b5681
session_formula_ford_2020_champion_brands_race_5,event_formula_ford_2020_champion_brands,Champion of Brands 2020,2020,race,RACE 5,Brands Hatch Indy,Indy,1.944,dry,official,4,51.506,135.861,yes,0.557,0.557,0.1765,early,no,RACE 5 - LAP ANALYSIS,formula_ford_lap_analysis_left_column,3,14:22:50.537,official_lap_analysis_bryce_labeled_block,900ddfcb701b1977f16e33501302742c328980f5ffcccd190d2e433bba0b5681
session_formula_ford_2020_champion_brands_race_5,event_formula_ford_2020_champion_brands,Champion of Brands 2020,2020,race,RACE 5,Brands Hatch Indy,Indy,1.944,dry,official,5,51.072,137.02,yes,0.123,0.123,0.2353,early,no,RACE 5 - LAP ANALYSIS,formula_ford_lap_analysis_left_column,3,14:23:41.609,official_lap_analysis_bryce_labeled_block,900ddfcb701b1977f16e33501302742c328980f5ffcccd190d2e433bba0b5681
session_formula_ford_2020_champion_brands_race_5,event_formula_ford_2020_champion_brands,Champion of Brands 2020,2020,race,RACE 5,Brands Hatch Indy,Indy,1.944,dry,official,6,51.084,136.987,yes,0.135,0.135,0.2941,early,no,RACE 5 - LAP ANALYSIS,formula_ford_lap_analysis_left_column,3,14:24:32.693,official_lap_analysis_bryce_labeled_block,900ddfcb701b1977f16e33501302742c328980f5ffcccd190d2e433bba0b5681
session_formula_ford_2020_champion_brands_race_5,event_formula_ford_2020_champion_brands,Champion of Brands 2020,2020,race,RACE 5,Brands Hatch Indy,Indy,1.944,dry,official,7,51.127,136.875,yes,0.178,0.178,0.3529,middle,no,RACE 5 - LAP ANALYSIS,formula_ford_lap_analysis_left_column,3,14:25:23.820,official_lap_analysis_bryce_labeled_block,900ddfcb701b1977f16e33501302742c328980f5ffcccd190d2e433bba0b5681
session_formula_ford_2020_champion_brands_race_5,event_formula_ford_2020_champion_brands,Champion of Brands 2020,2020,race,RACE 5,Brands Hatch Indy,Indy,1.944,dry,official,8,51.059,137.052,yes,0.11,0.11,0.4118,middle,no,RACE 5 - LAP ANALYSIS,formula_ford_lap_analysis_left_column,3,14:26:14.879,official_lap_analysis_bryce_labeled_block,900ddfcb701b1977f16e33501302742c328980f5ffcccd190d2e433bba0b5681
session_formula_ford_2020_champion_brands_race_5,event_formula_ford_2020_champion_brands,Champion of Brands 2020,2020,race,RACE 5,Brands Hatch Indy,Indy,1.944,dry,official,9,51.278,136.472,yes,0.329,0.329,0.4706,middle,no,RACE 5 - LAP ANALYSIS,formula_ford_lap_analysis_left_column,3,14:27:06.157,official_lap_analysis_bryce_labeled_block,900ddfcb701b1977f16e33501302742c328980f5ffcccd190d2e433bba0b5681
session_formula_ford_2020_champion_brands_race_5,event_formula_ford_2020_champion_brands,Champion of Brands 2020,2020,race,RACE 5,Brands Hatch Indy,Indy,1.944,dry,official,10,51.518,135.829,yes,0.569,0.569,0.5294,middle,no,RACE 5 - LAP ANALYSIS,formula_ford_lap_analysis_left_column,3,14:27:57.675,official_lap_analysis_bryce_labeled_block,900ddfcb701b1977f16e33501302742c328980f5ffcccd190d2e433bba0b5681
session_formula_ford_2020_champion_brands_race_5,event_formula_ford_2020_champion_brands,Champion of Brands 2020,2020,race,RACE 5,Brands Hatch Indy,Indy,1.944,dry,official,11,51.317,136.376,yes,0.368,0.368,0.5882,middle,no,RACE 5 - LAP ANALYSIS,formula_ford_lap_analysis_left_column,3,14:28:48.992,official_lap_analysis_bryce_labeled_block,900ddfcb701b1977f16e33501302742c328980f5ffcccd190d2e433bba0b5681
session_formula_ford_2020_champion_brands_race_5,event_formula_ford_2020_champion_brands,Champion of Brands 2020,2020,race,RACE 5,Brands Hatch Indy,Indy,1.944,dry,official,12,51.339,136.311,yes,0.39,0.39,0.6471,middle,no,RACE 5 - LAP ANALYSIS,formula_ford_lap_analysis_left_column,3,14:29:40.331,official_lap_analysis_bryce_labeled_block,900ddfcb701b1977f16e33501302742c328980f5ffcccd190d2e433bba0b5681
session_formula_ford_2020_champion_brands_race_5,event_formula_ford_2020_champion_brands,Champion of Brands 2020,2020,race,RACE 5,Brands Hatch Indy,Indy,1.944,dry,official,13,52.255,133.914,yes,1.306,1.306,0.7059,late,no,RACE 5 - LAP ANALYSIS,formula_ford_lap_analysis_left_column,3,14:30:32.586,official_lap_analysis_bryce_labeled_block,900ddfcb701b1977f16e33501302742c328980f5ffcccd190d2e433bba0b5681
session_formula_ford_2020_champion_brands_race_5,event_formula_ford_2020_champion_brands,Champion of Brands 2020,2020,race,RACE 5,Brands Hatch Indy,Indy,1.944,dry,official,14,50.949,137.358,yes,0.0,,0.7647,late,no,RACE 5 - LAP ANALYSIS,formula_ford_lap_analysis_left_column,3,14:31:23.535,official_lap_analysis_bryce_labeled_block,900ddfcb701b1977f16e33501302742c328980f5ffcccd190d2e433bba0b5681
session_formula_ford_2020_champion_brands_race_5,event_formula_ford_2020_champion_brands,Champion of Brands 2020,2020,race,RACE 5,Brands Hatch Indy,Indy,1.944,dry,official,15,51.257,136.521,yes,0.308,0.308,0.8235,late,no,RACE 5 - LAP ANALYSIS,formula_ford_lap_analysis_left_column,3,14:32:14.792,official_lap_analysis_bryce_labeled_block,900ddfcb701b1977f16e33501302742c328980f5ffcccd190d2e433bba0b5681
session_formula_ford_2020_champion_brands_race_5,event_formula_ford_2020_champion_brands,Champion of Brands 2020,2020,race,RACE 5,Brands Hatch Indy,Indy,1.944,dry,official,16,51.419,136.102,yes,0.47,0.47,0.8824,late,no,RACE 5 - LAP ANALYSIS,formula_ford_lap_analysis_left_column,3,14:33:06.211,official_lap_analysis_bryce_labeled_block,900ddfcb701b1977f16e33501302742c328980f5ffcccd190d2e433bba0b5681
session_formula_ford_2020_champion_brands_race_5,event_formula_ford_2020_champion_brands,Champion of Brands 2020,2020,race,RACE 5,Brands Hatch Indy,Indy,1.944,dry,official,17,51.901,134.831,yes,0.952,0.952,0.9412,late,no,RACE 5 - LAP ANALYSIS,formula_ford_lap_analysis_left_column,3,14:33:58.112,official_lap_analysis_bryce_labeled_block,900ddfcb701b1977f16e33501302742c328980f5ffcccd190d2e433bba0b5681
session_formula_ford_2020_champion_brands_race_5,event_formula_ford_2020_champion_brands,Champion of Brands 2020,2020,race,RACE 5,Brands Hatch Indy,Indy,1.944,dry,official,18,51.518,135.829,yes,0.569,0.569,1.0,late,no,RACE 5 - LAP ANALYSIS,formula_ford_lap_analysis_left_column,3,14:34:49.630,official_lap_analysis_bryce_labeled_block,900ddfcb701b1977f16e33501302742c328980f5ffcccd190d2e433bba0b5681
session_formula_ford_2020_champion_cadwell_qualifying_race_2,event_formula_ford_2020_champion_cadwell,The Champion of Cadwell for FF1600 2020,2020,qualifying,QUALIFYING - RACE 2,Cadwell Park,Full Circuit,3.5195,dry,official,1,96.575,131.194,yes,4.204,4.204,0.0,early,no,QUALIFYING - RACE 2 - LAP ANALYSIS,formula_ford_lap_analysis_left_column,1,10:15:21.223,official_lap_analysis_bryce_labeled_block,900ddfcb701b1977f16e33501302742c328980f5ffcccd190d2e433bba0b5681
session_formula_ford_2020_champion_cadwell_qualifying_race_2,event_formula_ford_2020_champion_cadwell,The Champion of Cadwell for FF1600 2020,2020,qualifying,QUALIFYING - RACE 2,Cadwell Park,Full Circuit,3.5195,dry,official,2,93.39,135.668,yes,1.019,1.019,0.1667,early,no,QUALIFYING - RACE 2 - LAP ANALYSIS,formula_ford_lap_analysis_left_column,1,10:16:54.613,official_lap_analysis_bryce_labeled_block,900ddfcb701b1977f16e33501302742c328980f5ffcccd190d2e433bba0b5681
session_formula_ford_2020_champion_cadwell_qualifying_race_2,event_formula_ford_2020_champion_cadwell,The Champion of Cadwell for FF1600 2020,2020,qualifying,QUALIFYING - RACE 2,Cadwell Park,Full Circuit,3.5195,dry,official,3,92.529,136.923,yes,0.158,0.158,0.3333,early,no,QUALIFYING - RACE 2 - LAP ANALYSIS,formula_ford_lap_analysis_left_column,1,10:18:27.142,official_lap_analysis_bryce_labeled_block,900ddfcb701b1977f16e33501302742c328980f5ffcccd190d2e433bba0b5681
session_formula_ford_2020_champion_cadwell_qualifying_race_2,event_formula_ford_2020_champion_cadwell,The Champion of Cadwell for FF1600 2020,2020,qualifying,QUALIFYING - RACE 2,Cadwell Park,Full Circuit,3.5195,dry,official,4,92.371,137.164,yes,0.0,,0.5,middle,no,QUALIFYING - RACE 2 - LAP ANALYSIS,formula_ford_lap_analysis_left_column,1,10:19:59.513,official_lap_analysis_bryce_labeled_block,900ddfcb701b1977f16e33501302742c328980f5ffcccd190d2e433bba0b5681
session_formula_ford_2020_champion_cadwell_qualifying_race_2,event_formula_ford_2020_champion_cadwell,The Champion of Cadwell for FF1600 2020,2020,qualifying,QUALIFYING - RACE 2,Cadwell Park,Full Circuit,3.5195,dry,official,5,92.568,136.875,yes,0.197,0.197,0.6667,middle,no,QUALIFYING - RACE 2 - LAP ANALYSIS,formula_ford_lap_analysis_left_column,1,10:21:32.081,official_lap_analysis_bryce_labeled_block,900ddfcb701b1977f16e33501302742c328980f5ffcccd190d2e433bba0b5681
session_formula_ford_2020_champion_cadwell_qualifying_race_2,event_formula_ford_2020_champion_cadwell,The Champion of Cadwell for FF1600 2020,2020,qualifying,QUALIFYING - RACE 2,Cadwell Park,Full Circuit,3.5195,dry,official,6,92.567,136.875,yes,0.196,0.196,0.8333,late,no,QUALIFYING - RACE 2 - LAP ANALYSIS,formula_ford_lap_analysis_left_column,1,10:23:04.648,official_lap_analysis_bryce_labeled_block,900ddfcb701b1977f16e33501302742c328980f5ffcccd190d2e433bba0b5681
session_formula_ford_2020_champion_cadwell_qualifying_race_2,event_formula_ford_2020_champion_cadwell,The Champion of Cadwell for FF1600 2020,2020,qualifying,QUALIFYING - RACE 2,Cadwell Park,Full Circuit,3.5195,dry,official,7,92.535,136.923,yes,0.164,0.164,1.0,late,no,QUALIFYING - RACE 2 - LAP ANALYSIS,formula_ford_lap_analysis_left_column,1,10:24:37.183,official_lap_analysis_bryce_labeled_block,900ddfcb701b1977f16e33501302742c328980f5ffcccd190d2e433bba0b5681
session_formula_ford_2020_champion_cadwell_race_2,event_formula_ford_2020_champion_cadwell,The Champion of Cadwell for FF1600 2020,2020,race,RACE 2,Cadwell Park,Full Circuit,3.5195,dry,official,1,100.603,125.931,yes,7.923,7.923,0.0,early,yes,RACE 2 - LAP ANALYSIS,formula_ford_lap_analysis_left_column,3,11:40:19.232,official_lap_analysis_bryce_labeled_block,900ddfcb701b1977f16e33501302742c328980f5ffcccd190d2e433bba0b5681
session_formula_ford_2020_champion_cadwell_race_2,event_formula_ford_2020_champion_cadwell,The Champion of Cadwell for FF1600 2020,2020,race,RACE 2,Cadwell Park,Full Circuit,3.5195,dry,official,2,93.264,135.845,yes,0.584,0.584,0.1111,early,no,RACE 2 - LAP ANALYSIS,formula_ford_lap_analysis_left_column,3,11:41:52.496,official_lap_analysis_bryce_labeled_block,900ddfcb701b1977f16e33501302742c328980f5ffcccd190d2e433bba0b5681
session_formula_ford_2020_champion_cadwell_race_2,event_formula_ford_2020_champion_cadwell,The Champion of Cadwell for FF1600 2020,2020,race,RACE 2,Cadwell Park,Full Circuit,3.5195,dry,official,3,92.823,136.488,yes,0.143,0.143,0.2222,early,no,RACE 2 - LAP ANALYSIS,formula_ford_lap_analysis_left_column,3,11:43:25.319,official_lap_analysis_bryce_labeled_block,900ddfcb701b1977f16e33501302742c328980f5ffcccd190d2e433bba0b5681
session_formula_ford_2020_champion_cadwell_race_2,event_formula_ford_2020_champion_cadwell,The Champion of Cadwell for FF1600 2020,2020,race,RACE 2,Cadwell Park,Full Circuit,3.5195,dry,official,4,106.576,118.882,yes,13.896,13.896,0.3333,early,yes,RACE 2 - LAP ANALYSIS,formula_ford_lap_analysis_left_column,3,11:45:11.895,official_lap_analysis_bryce_labeled_block,900ddfcb701b1977f16e33501302742c328980f5ffcccd190d2e433bba0b5681
session_formula_ford_2020_champion_cadwell_race_2,event_formula_ford_2020_champion_cadwell,The Champion of Cadwell for FF1600 2020,2020,race,RACE 2,Cadwell Park,Full Circuit,3.5195,dry,official,5,92.68,136.714,yes,0.0,,0.4444,middle,no,RACE 2 - LAP ANALYSIS,formula_ford_lap_analysis_left_column,3,11:46:44.575,official_lap_analysis_bryce_labeled_block,900ddfcb701b1977f16e33501302742c328980f5ffcccd190d2e433bba0b5681
session_formula_ford_2020_champion_cadwell_race_2,event_formula_ford_2020_champion_cadwell,The Champion of Cadwell for FF1600 2020,2020,race,RACE 2,Cadwell Park,Full Circuit,3.5195,dry,official,6,92.839,136.472,yes,0.159,0.159,0.5556,middle,no,RACE 2 - LAP ANALYSIS,formula_ford_lap_analysis_left_column,3,11:48:17.414,official_lap_analysis_bryce_labeled_block,900ddfcb701b1977f16e33501302742c328980f5ffcccd190d2e433bba0b5681
session_formula_ford_2020_champion_cadwell_race_2,event_formula_ford_2020_champion_cadwell,The Champion of Cadwell for FF1600 2020,2020,race,RACE 2,Cadwell Park,Full Circuit,3.5195,dry,official,7,92.952,136.311,yes,0.272,0.272,0.6667,middle,no,RACE 2 - LAP ANALYSIS,formula_ford_lap_analysis_left_column,3,11:49:50.366,official_lap_analysis_bryce_labeled_block,900ddfcb701b1977f16e33501302742c328980f5ffcccd190d2e433bba0b5681
session_formula_ford_2020_champion_cadwell_race_2,event_formula_ford_2020_champion_cadwell,The Champion of Cadwell for FF1600 2020,2020,race,RACE 2,Cadwell Park,Full Circuit,3.5195,dry,official,8,93.6,135.362,yes,0.92,0.92,0.7778,late,no,RACE 2 - LAP ANALYSIS,formula_ford_lap_analysis_left_column,3,11:51:23.966,official_lap_analysis_bryce_labeled_block,900ddfcb701b1977f16e33501302742c328980f5ffcccd190d2e433bba0b5681
session_formula_ford_2020_champion_cadwell_race_2,event_formula_ford_2020_champion_cadwell,The Champion of Cadwell for FF1600 2020,2020,race,RACE 2,Cadwell Park,Full Circuit,3.5195,dry,official,9,94.348,134.284,yes,1.668,1.668,0.8889,late,no,RACE 2 - LAP ANALYSIS,formula_ford_lap_analysis_left_column,3,11:52:58.314,official_lap_analysis_bryce_labeled_block,900ddfcb701b1977f16e33501302742c328980f5ffcccd190d2e433bba0b5681
session_formula_ford_2020_champion_cadwell_race_2,event_formula_ford_2020_champion_cadwell,The Champion of Cadwell for FF1600 2020,2020,race,RACE 2,Cadwell Park,Full Circuit,3.5195,dry,official,10,93.873,134.976,yes,1.193,1.193,1.0,late,no,RACE 2 - LAP ANALYSIS,formula_ford_lap_analysis_left_column,3,11:54:32.187,official_lap_analysis_bryce_labeled_block,900ddfcb701b1977f16e33501302742c328980f5ffcccd190d2e433bba0b5681
session_formula_ford_2020_champion_cadwell_race_5,event_formula_ford_2020_champion_cadwell,The Champion of Cadwell for FF1600 2020,2020,race,RACE 5,Cadwell Park,Full Circuit,3.5195,dry,official,1,102.88,123.147,yes,9.91,9.91,0.0,early,yes,RACE 5 - LAP ANALYSIS,formula_ford_lap_analysis_left_column,1,14:51:59.901,official_lap_analysis_bryce_labeled_block,900ddfcb701b1977f16e33501302742c328980f5ffcccd190d2e433bba0b5681
session_formula_ford_2020_champion_cadwell_race_5,event_formula_ford_2020_champion_cadwell,The Champion of Cadwell for FF1600 2020,2020,race,RACE 5,Cadwell Park,Full Circuit,3.5195,dry,official,2,94.068,134.686,yes,1.098,1.098,0.1111,early,no,RACE 5 - LAP ANALYSIS,formula_ford_lap_analysis_left_column,1,14:53:33.969,official_lap_analysis_bryce_labeled_block,900ddfcb701b1977f16e33501302742c328980f5ffcccd190d2e433bba0b5681
session_formula_ford_2020_champion_cadwell_race_5,event_formula_ford_2020_champion_cadwell,The Champion of Cadwell for FF1600 2020,2020,race,RACE 5,Cadwell Park,Full Circuit,3.5195,dry,official,3,92.97,136.279,yes,0.0,,0.2222,early,no,RACE 5 - LAP ANALYSIS,formula_ford_lap_analysis_left_column,1,14:55:06.939,official_lap_analysis_bryce_labeled_block,900ddfcb701b1977f16e33501302742c328980f5ffcccd190d2e433bba0b5681
session_formula_ford_2020_champion_cadwell_race_5,event_formula_ford_2020_champion_cadwell,The Champion of Cadwell for FF1600 2020,2020,race,RACE 5,Cadwell Park,Full Circuit,3.5195,dry,official,4,92.972,136.279,yes,0.002,0.002,0.3333,early,no,RACE 5 - LAP ANALYSIS,formula_ford_lap_analysis_left_column,1,14:56:39.911,official_lap_analysis_bryce_labeled_block,900ddfcb701b1977f16e33501302742c328980f5ffcccd190d2e433bba0b5681
session_formula_ford_2020_champion_cadwell_race_5,event_formula_ford_2020_champion_cadwell,The Champion of Cadwell for FF1600 2020,2020,race,RACE 5,Cadwell Park,Full Circuit,3.5195,dry,official,5,93.233,135.893,yes,0.263,0.263,0.4444,middle,no,RACE 5 - LAP ANALYSIS,formula_ford_lap_analysis_left_column,1,14:58:13.144,official_lap_analysis_bryce_labeled_block,900ddfcb701b1977f16e33501302742c328980f5ffcccd190d2e433bba0b5681
session_formula_ford_2020_champion_cadwell_race_5,event_formula_ford_2020_champion_cadwell,The Champion of Cadwell for FF1600 2020,2020,race,RACE 5,Cadwell Park,Full Circuit,3.5195,dry,official,6,93.186,135.957,yes,0.216,0.216,0.5556,middle,no,RACE 5 - LAP ANALYSIS,formula_ford_lap_analysis_left_column,1,14:59:46.330,official_lap_analysis_bryce_labeled_block,900ddfcb701b1977f16e33501302742c328980f5ffcccd190d2e433bba0b5681
session_formula_ford_2020_champion_cadwell_race_5,event_formula_ford_2020_champion_cadwell,The Champion of Cadwell for FF1600 2020,2020,race,RACE 5,Cadwell Park,Full Circuit,3.5195,dry,official,7,93.273,135.845,yes,0.303,0.303,0.6667,middle,no,RACE 5 - LAP ANALYSIS,formula_ford_lap_analysis_left_column,1,15:01:19.603,official_lap_analysis_bryce_labeled_block,900ddfcb701b1977f16e33501302742c328980f5ffcccd190d2e433bba0b5681
session_formula_ford_2020_champion_cadwell_race_5,event_formula_ford_2020_champion_cadwell,The Champion of Cadwell for FF1600 2020,2020,race,RACE 5,Cadwell Park,Full Circuit,3.5195,dry,official,8,93.533,135.458,yes,0.563,0.563,0.7778,late,no,RACE 5 - LAP ANALYSIS,formula_ford_lap_analysis_left_column,1,15:02:53.136,official_lap_analysis_bryce_labeled_block,900ddfcb701b1977f16e33501302742c328980f5ffcccd190d2e433bba0b5681
session_formula_ford_2020_champion_cadwell_race_5,event_formula_ford_2020_champion_cadwell,The Champion of Cadwell for FF1600 2020,2020,race,RACE 5,Cadwell Park,Full Circuit,3.5195,dry,official,9,93.596,135.362,yes,0.626,0.626,0.8889,late,no,RACE 5 - LAP ANALYSIS,formula_ford_lap_analysis_left_column,1,15:04:26.732,official_lap_analysis_bryce_labeled_block,900ddfcb701b1977f16e33501302742c328980f5ffcccd190d2e433bba0b5681
session_formula_ford_2020_champion_cadwell_race_5,event_formula_ford_2020_champion_cadwell,The Champion of Cadwell for FF1600 2020,2020,race,RACE 5,Cadwell Park,Full Circuit,3.5195,dry,official,10,94.22,134.477,yes,1.25,1.25,1.0,late,no,RACE 5 - LAP ANALYSIS,formula_ford_lap_analysis_left_column,1,15:06:00.952,official_lap_analysis_bryce_labeled_block,900ddfcb701b1977f16e33501302742c328980f5ffcccd190d2e433bba0b5681
session_formula_ford_2020_festival_grand_final_race_21,event_formula_ford_2020_formula_ford_festival,BRSCC Formula Ford Festival 2020,2020,race,GRAND FINAL (RACE 21),Brands Hatch Indy,Indy,1.944,drying,official,1,65.627,106.635,yes,10.379,10.379,0.0,early,yes,GRAND FINAL (RACE 21) - LAP ANALYSIS,formula_ford_lap_analysis_right_column,5,15:40:49.815,official_lap_analysis_bryce_labeled_block,900ddfcb701b1977f16e33501302742c328980f5ffcccd190d2e433bba0b5681
session_formula_ford_2020_festival_grand_final_race_21,event_formula_ford_2020_formula_ford_festival,BRSCC Formula Ford Festival 2020,2020,race,GRAND FINAL (RACE 21),Brands Hatch Indy,Indy,1.944,drying,official,2,57.405,121.908,yes,2.157,2.157,0.0526,early,no,GRAND FINAL (RACE 21) - LAP ANALYSIS,formula_ford_lap_analysis_right_column,5,15:41:47.220,official_lap_analysis_bryce_labeled_block,900ddfcb701b1977f16e33501302742c328980f5ffcccd190d2e433bba0b5681
session_formula_ford_2020_festival_grand_final_race_21,event_formula_ford_2020_formula_ford_festival,BRSCC Formula Ford Festival 2020,2020,race,GRAND FINAL (RACE 21),Brands Hatch Indy,Indy,1.944,drying,official,3,57.779,121.119,yes,2.531,2.531,0.1053,early,no,GRAND FINAL (RACE 21) - LAP ANALYSIS,formula_ford_lap_analysis_right_column,5,15:42:44.999,official_lap_analysis_bryce_labeled_block,900ddfcb701b1977f16e33501302742c328980f5ffcccd190d2e433bba0b5681
session_formula_ford_2020_festival_grand_final_race_21,event_formula_ford_2020_formula_ford_festival,BRSCC Formula Ford Festival 2020,2020,race,GRAND FINAL (RACE 21),Brands Hatch Indy,Indy,1.944,drying,official,4,57.304,122.117,yes,2.056,2.056,0.1579,early,no,GRAND FINAL (RACE 21) - LAP ANALYSIS,formula_ford_lap_analysis_right_column,5,15:43:42.303,official_lap_analysis_bryce_labeled_block,900ddfcb701b1977f16e33501302742c328980f5ffcccd190d2e433bba0b5681
session_formula_ford_2020_festival_grand_final_race_21,event_formula_ford_2020_formula_ford_festival,BRSCC Formula Ford Festival 2020,2020,race,GRAND FINAL (RACE 21),Brands Hatch Indy,Indy,1.944,drying,official,5,56.982,122.809,yes,1.734,1.734,0.2105,early,no,GRAND FINAL (RACE 21) - LAP ANALYSIS,formula_ford_lap_analysis_right_column,5,15:44:39.285,official_lap_analysis_bryce_labeled_block,900ddfcb701b1977f16e33501302742c328980f5ffcccd190d2e433bba0b5681
session_formula_ford_2020_festival_grand_final_race_21,event_formula_ford_2020_formula_ford_festival,BRSCC Formula Ford Festival 2020,2020,race,GRAND FINAL (RACE 21),Brands Hatch Indy,Indy,1.944,drying,official,6,55.948,125.078,yes,0.7,0.7,0.2632,early,no,GRAND FINAL (RACE 21) - LAP ANALYSIS,formula_ford_lap_analysis_right_column,5,15:45:35.233,official_lap_analysis_bryce_labeled_block,900ddfcb701b1977f16e33501302742c328980f5ffcccd190d2e433bba0b5681
session_formula_ford_2020_festival_grand_final_race_21,event_formula_ford_2020_formula_ford_festival,BRSCC Formula Ford Festival 2020,2020,race,GRAND FINAL (RACE 21),Brands Hatch Indy,Indy,1.944,drying,official,7,55.586,125.899,yes,0.338,0.338,0.3158,early,no,GRAND FINAL (RACE 21) - LAP ANALYSIS,formula_ford_lap_analysis_right_column,5,15:46:30.819,official_lap_analysis_bryce_labeled_block,900ddfcb701b1977f16e33501302742c328980f5ffcccd190d2e433bba0b5681
session_formula_ford_2020_festival_grand_final_race_21,event_formula_ford_2020_formula_ford_festival,BRSCC Formula Ford Festival 2020,2020,race,GRAND FINAL (RACE 21),Brands Hatch Indy,Indy,1.944,drying,official,8,55.469,126.156,yes,0.221,0.221,0.3684,middle,no,GRAND FINAL (RACE 21) - LAP ANALYSIS,formula_ford_lap_analysis_right_column,5,15:47:26.288,official_lap_analysis_bryce_labeled_block,900ddfcb701b1977f16e33501302742c328980f5ffcccd190d2e433bba0b5681
session_formula_ford_2020_festival_grand_final_race_21,event_formula_ford_2020_formula_ford_festival,BRSCC Formula Ford Festival 2020,2020,race,GRAND FINAL (RACE 21),Brands Hatch Indy,Indy,1.944,drying,official,9,55.794,125.432,yes,0.546,0.546,0.4211,middle,no,GRAND FINAL (RACE 21) - LAP ANALYSIS,formula_ford_lap_analysis_right_column,5,15:48:22.082,official_lap_analysis_bryce_labeled_block,900ddfcb701b1977f16e33501302742c328980f5ffcccd190d2e433bba0b5681
session_formula_ford_2020_festival_grand_final_race_21,event_formula_ford_2020_formula_ford_festival,BRSCC Formula Ford Festival 2020,2020,race,GRAND FINAL (RACE 21),Brands Hatch Indy,Indy,1.944,drying,official,10,55.463,126.173,yes,0.215,0.215,0.4737,middle,no,GRAND FINAL (RACE 21) - LAP ANALYSIS,formula_ford_lap_analysis_right_column,5,15:49:17.545,official_lap_analysis_bryce_labeled_block,900ddfcb701b1977f16e33501302742c328980f5ffcccd190d2e433bba0b5681
session_formula_ford_2020_festival_grand_final_race_21,event_formula_ford_2020_formula_ford_festival,BRSCC Formula Ford Festival 2020,2020,race,GRAND FINAL (RACE 21),Brands Hatch Indy,Indy,1.944,drying,official,11,55.785,125.448,yes,0.537,0.537,0.5263,middle,no,GRAND FINAL (RACE 21) - LAP ANALYSIS,formula_ford_lap_analysis_right_column,5,15:50:13.330,official_lap_analysis_bryce_labeled_block,900ddfcb701b1977f16e33501302742c328980f5ffcccd190d2e433bba0b5681
session_formula_ford_2020_festival_grand_final_race_21,event_formula_ford_2020_formula_ford_festival,BRSCC Formula Ford Festival 2020,2020,race,GRAND FINAL (RACE 21),Brands Hatch Indy,Indy,1.944,drying,official,12,55.457,126.189,yes,0.209,0.209,0.5789,middle,no,GRAND FINAL (RACE 21) - LAP ANALYSIS,formula_ford_lap_analysis_right_column,5,15:51:08.787,official_lap_analysis_bryce_labeled_block,900ddfcb701b1977f16e33501302742c328980f5ffcccd190d2e433bba0b5681
session_formula_ford_2020_festival_grand_final_race_21,event_formula_ford_2020_formula_ford_festival,BRSCC Formula Ford Festival 2020,2020,race,GRAND FINAL (RACE 21),Brands Hatch Indy,Indy,1.944,drying,official,13,55.509,126.076,yes,0.261,0.261,0.6316,middle,no,GRAND FINAL (RACE 21) - LAP ANALYSIS,formula_ford_lap_analysis_right_column,5,15:52:04.296,official_lap_analysis_bryce_labeled_block,900ddfcb701b1977f16e33501302742c328980f5ffcccd190d2e433bba0b5681
session_formula_ford_2020_festival_grand_final_race_21,event_formula_ford_2020_formula_ford_festival,BRSCC Formula Ford Festival 2020,2020,race,GRAND FINAL (RACE 21),Brands Hatch Indy,Indy,1.944,drying,official,14,55.333,126.462,yes,0.085,0.085,0.6842,late,no,GRAND FINAL (RACE 21) - LAP ANALYSIS,formula_ford_lap_analysis_right_column,5,15:52:59.629,official_lap_analysis_bryce_labeled_block,900ddfcb701b1977f16e33501302742c328980f5ffcccd190d2e433bba0b5681
session_formula_ford_2020_festival_grand_final_race_21,event_formula_ford_2020_formula_ford_festival,BRSCC Formula Ford Festival 2020,2020,race,GRAND FINAL (RACE 21),Brands Hatch Indy,Indy,1.944,drying,official,15,72.824,96.094,yes,17.576,17.576,0.7368,late,yes,GRAND FINAL (RACE 21) - LAP ANALYSIS,formula_ford_lap_analysis_right_column,5,15:54:12.453,official_lap_analysis_bryce_labeled_block,900ddfcb701b1977f16e33501302742c328980f5ffcccd190d2e433bba0b5681
session_formula_ford_2020_festival_grand_final_race_21,event_formula_ford_2020_formula_ford_festival,BRSCC Formula Ford Festival 2020,2020,race,GRAND FINAL (RACE 21),Brands Hatch Indy,Indy,1.944,drying,official,16,115.047,96.237,yes,59.799,37.79,0.7895,late,yes,GRAND FINAL (RACE 21) - LAP ANALYSIS,formula_ford_lap_analysis_right_column,5,15:56:07.500,official_lap_analysis_bryce_labeled_block,900ddfcb701b1977f16e33501302742c328980f5ffcccd190d2e433bba0b5681
session_formula_ford_2020_festival_grand_final_race_21,event_formula_ford_2020_formula_ford_festival,BRSCC Formula Ford Festival 2020,2020,race,GRAND FINAL (RACE 21),Brands Hatch Indy,Indy,1.944,drying,official,17,120.533,169.44,yes,65.285,36.07,0.8421,late,yes,GRAND FINAL (RACE 21) - LAP ANALYSIS,formula_ford_lap_analysis_right_column,5,15:58:08.033,official_lap_analysis_bryce_labeled_block,900ddfcb701b1977f16e33501302742c328980f5ffcccd190d2e433bba0b5681
session_formula_ford_2020_festival_grand_final_race_21,event_formula_ford_2020_formula_ford_festival,BRSCC Formula Ford Festival 2020,2020,race,GRAND FINAL (RACE 21),Brands Hatch Indy,Indy,1.944,drying,official,18,57.111,122.535,yes,1.863,1.863,0.8947,late,no,GRAND FINAL (RACE 21) - LAP ANALYSIS,formula_ford_lap_analysis_right_column,5,15:59:05.144,official_lap_analysis_bryce_labeled_block,900ddfcb701b1977f16e33501302742c328980f5ffcccd190d2e433bba0b5681
session_formula_ford_2020_festival_grand_final_race_21,event_formula_ford_2020_formula_ford_festival,BRSCC Formula Ford Festival 2020,2020,race,GRAND FINAL (RACE 21),Brands Hatch Indy,Indy,1.944,drying,official,19,55.662,125.722,yes,0.414,0.414,0.9474,late,no,GRAND FINAL (RACE 21) - LAP ANALYSIS,formula_ford_lap_analysis_right_column,5,16:00:00.806,official_lap_analysis_bryce_labeled_block,900ddfcb701b1977f16e33501302742c328980f5ffcccd190d2e433bba0b5681
session_formula_ford_2020_festival_grand_final_race_21,event_formula_ford_2020_formula_ford_festival,BRSCC Formula Ford Festival 2020,2020,race,GRAND FINAL (RACE 21),Brands Hatch Indy,Indy,1.944,drying,official,20,55.248,126.671,yes,0.0,,1.0,late,no,GRAND FINAL (RACE 21) - LAP ANALYSIS,formula_ford_lap_analysis_right_column,5,16:00:56.054,official_lap_analysis_bryce_labeled_block,900ddfcb701b1977f16e33501302742c328980f5ffcccd190d2e433bba0b5681
session_formula_ford_2020_festival_heat_1_race_4,event_formula_ford_2020_formula_ford_festival,BRSCC Formula Ford Festival 2020,2020,heat,HEAT 1 (RACE 4),Brands Hatch Indy,Indy,1.944,damp,official,1,70.606,99.103,yes,8.394,8.853,0.0,early,yes,HEAT 1 (RACE 4) - LAP ANALYSIS,formula_ford_lap_analysis_left_column,4,14:38:58.647,official_lap_analysis_bryce_labeled_block,900ddfcb701b1977f16e33501302742c328980f5ffcccd190d2e433bba0b5681
session_formula_ford_2020_festival_heat_1_race_4,event_formula_ford_2020_formula_ford_festival,BRSCC Formula Ford Festival 2020,2020,heat,HEAT 1 (RACE 4),Brands Hatch Indy,Indy,1.944,damp,official,2,62.394,112.155,yes,0.182,0.641,0.25,early,no,HEAT 1 (RACE 4) - LAP ANALYSIS,formula_ford_lap_analysis_left_column,4,14:40:01.041,official_lap_analysis_bryce_labeled_block,900ddfcb701b1977f16e33501302742c328980f5ffcccd190d2e433bba0b5681
session_formula_ford_2020_festival_heat_1_race_4,event_formula_ford_2020_formula_ford_festival,BRSCC Formula Ford Festival 2020,2020,heat,HEAT 1 (RACE 4),Brands Hatch Indy,Indy,1.944,damp,official,3,62.731,111.56,yes,0.519,0.978,0.5,middle,no,HEAT 1 (RACE 4) - LAP ANALYSIS,formula_ford_lap_analysis_left_column,4,14:41:03.772,official_lap_analysis_bryce_labeled_block,900ddfcb701b1977f16e33501302742c328980f5ffcccd190d2e433bba0b5681
session_formula_ford_2020_festival_heat_1_race_4,event_formula_ford_2020_formula_ford_festival,BRSCC Formula Ford Festival 2020,2020,heat,HEAT 1 (RACE 4),Brands Hatch Indy,Indy,1.944,damp,official,4,62.556,111.866,yes,0.344,0.803,0.75,late,no,HEAT 1 (RACE 4) - LAP ANALYSIS,formula_ford_lap_analysis_left_column,4,14:42:06.328,official_lap_analysis_bryce_labeled_block,900ddfcb701b1977f16e33501302742c328980f5ffcccd190d2e433bba0b5681
session_formula_ford_2020_festival_heat_1_race_4,event_formula_ford_2020_formula_ford_festival,BRSCC Formula Ford Festival 2020,2020,heat,HEAT 1 (RACE 4),Brands Hatch Indy,Indy,1.944,damp,official,5,62.212,112.477,yes,0.0,0.459,1.0,late,no,HEAT 1 (RACE 4) - LAP ANALYSIS,formula_ford_lap_analysis_left_column,4,14:43:08.540,official_lap_analysis_bryce_labeled_block,900ddfcb701b1977f16e33501302742c328980f5ffcccd190d2e433bba0b5681
session_formula_ford_2020_festival_qualifying_heat_1_race_4,event_formula_ford_2020_formula_ford_festival,BRSCC Formula Ford Festival 2020,2020,qualifying,QUALIFYING - HEAT 1 (RACE 4),Brands Hatch Indy,Indy,1.944,dry,official,1,57.35,122.02,yes,6.794,6.794,0.0,early,yes,QUALIFYING - HEAT 1 (RACE 4) - LAP ANALYSIS,formula_ford_lap_analysis_left_column,3,09:51:54.795,official_lap_analysis_bryce_labeled_block,900ddfcb701b1977f16e33501302742c328980f5ffcccd190d2e433bba0b5681
session_formula_ford_2020_festival_qualifying_heat_1_race_4,event_formula_ford_2020_formula_ford_festival,BRSCC Formula Ford Festival 2020,2020,qualifying,QUALIFYING - HEAT 1 (RACE 4),Brands Hatch Indy,Indy,1.944,dry,official,2,53.571,130.63,yes,3.015,3.015,0.0769,early,no,QUALIFYING - HEAT 1 (RACE 4) - LAP ANALYSIS,formula_ford_lap_analysis_left_column,3,09:52:48.366,official_lap_analysis_bryce_labeled_block,900ddfcb701b1977f16e33501302742c328980f5ffcccd190d2e433bba0b5681
session_formula_ford_2020_festival_qualifying_heat_1_race_4,event_formula_ford_2020_formula_ford_festival,BRSCC Formula Ford Festival 2020,2020,qualifying,QUALIFYING - HEAT 1 (RACE 4),Brands Hatch Indy,Indy,1.944,dry,official,3,51.574,135.684,yes,1.018,1.018,0.1538,early,no,QUALIFYING - HEAT 1 (RACE 4) - LAP ANALYSIS,formula_ford_lap_analysis_left_column,3,09:53:39.940,official_lap_analysis_bryce_labeled_block,900ddfcb701b1977f16e33501302742c328980f5ffcccd190d2e433bba0b5681
session_formula_ford_2020_festival_qualifying_heat_1_race_4,event_formula_ford_2020_formula_ford_festival,BRSCC Formula Ford Festival 2020,2020,qualifying,QUALIFYING - HEAT 1 (RACE 4),Brands Hatch Indy,Indy,1.944,dry,official,4,51.812,135.072,yes,1.256,1.256,0.2308,early,no,QUALIFYING - HEAT 1 (RACE 4) - LAP ANALYSIS,formula_ford_lap_analysis_left_column,3,09:54:31.752,official_lap_analysis_bryce_labeled_block,900ddfcb701b1977f16e33501302742c328980f5ffcccd190d2e433bba0b5681
session_formula_ford_2020_festival_qualifying_heat_1_race_4,event_formula_ford_2020_formula_ford_festival,BRSCC Formula Ford Festival 2020,2020,qualifying,QUALIFYING - HEAT 1 (RACE 4),Brands Hatch Indy,Indy,1.944,dry,official,5,50.92,137.438,yes,0.364,0.364,0.3077,early,no,QUALIFYING - HEAT 1 (RACE 4) - LAP ANALYSIS,formula_ford_lap_analysis_left_column,3,09:55:22.672,official_lap_analysis_bryce_labeled_block,900ddfcb701b1977f16e33501302742c328980f5ffcccd190d2e433bba0b5681
session_formula_ford_2020_festival_qualifying_heat_1_race_4,event_formula_ford_2020_formula_ford_festival,BRSCC Formula Ford Festival 2020,2020,qualifying,QUALIFYING - HEAT 1 (RACE 4),Brands Hatch Indy,Indy,1.944,dry,official,6,50.942,137.374,yes,0.386,0.386,0.3846,middle,no,QUALIFYING - HEAT 1 (RACE 4) - LAP ANALYSIS,formula_ford_lap_analysis_left_column,3,09:56:13.614,official_lap_analysis_bryce_labeled_block,900ddfcb701b1977f16e33501302742c328980f5ffcccd190d2e433bba0b5681
session_formula_ford_2020_festival_qualifying_heat_1_race_4,event_formula_ford_2020_formula_ford_festival,BRSCC Formula Ford Festival 2020,2020,qualifying,QUALIFYING - HEAT 1 (RACE 4),Brands Hatch Indy,Indy,1.944,dry,official,7,51.475,135.941,yes,0.919,0.919,0.4615,middle,no,QUALIFYING - HEAT 1 (RACE 4) - LAP ANALYSIS,formula_ford_lap_analysis_left_column,3,09:57:05.089,official_lap_analysis_bryce_labeled_block,900ddfcb701b1977f16e33501302742c328980f5ffcccd190d2e433bba0b5681
session_formula_ford_2020_festival_qualifying_heat_1_race_4,event_formula_ford_2020_formula_ford_festival,BRSCC Formula Ford Festival 2020,2020,qualifying,QUALIFYING - HEAT 1 (RACE 4),Brands Hatch Indy,Indy,1.944,dry,official,8,50.699,138.033,yes,0.143,0.143,0.5385,middle,no,QUALIFYING - HEAT 1 (RACE 4) - LAP ANALYSIS,formula_ford_lap_analysis_left_column,3,09:57:55.788,official_lap_analysis_bryce_labeled_block,900ddfcb701b1977f16e33501302742c328980f5ffcccd190d2e433bba0b5681
session_formula_ford_2020_festival_qualifying_heat_1_race_4,event_formula_ford_2020_formula_ford_festival,BRSCC Formula Ford Festival 2020,2020,qualifying,QUALIFYING - HEAT 1 (RACE 4),Brands Hatch Indy,Indy,1.944,dry,official,9,50.556,138.42,yes,0.0,,0.6154,middle,no,QUALIFYING - HEAT 1 (RACE 4) - LAP ANALYSIS,formula_ford_lap_analysis_left_column,3,09:58:46.344,official_lap_analysis_bryce_labeled_block,900ddfcb701b1977f16e33501302742c328980f5ffcccd190d2e433bba0b5681
session_formula_ford_2020_festival_qualifying_heat_1_race_4,event_formula_ford_2020_formula_ford_festival,BRSCC Formula Ford Festival 2020,2020,qualifying,QUALIFYING - HEAT 1 (RACE 4),Brands Hatch Indy,Indy,1.944,dry,official,10,54.244,129.005,yes,3.688,3.688,0.6923,late,no,QUALIFYING - HEAT 1 (RACE 4) - LAP ANALYSIS,formula_ford_lap_analysis_left_column,3,09:59:40.588,official_lap_analysis_bryce_labeled_block,900ddfcb701b1977f16e33501302742c328980f5ffcccd190d2e433bba0b5681
session_formula_ford_2020_festival_qualifying_heat_1_race_4,event_formula_ford_2020_formula_ford_festival,BRSCC Formula Ford Festival 2020,2020,qualifying,QUALIFYING - HEAT 1 (RACE 4),Brands Hatch Indy,Indy,1.944,dry,official,11,50.985,137.261,yes,0.429,0.429,0.7692,late,no,QUALIFYING - HEAT 1 (RACE 4) - LAP ANALYSIS,formula_ford_lap_analysis_left_column,3,10:00:31.573,official_lap_analysis_bryce_labeled_block,900ddfcb701b1977f16e33501302742c328980f5ffcccd190d2e433bba0b5681
session_formula_ford_2020_festival_qualifying_heat_1_race_4,event_formula_ford_2020_formula_ford_festival,BRSCC Formula Ford Festival 2020,2020,qualifying,QUALIFYING - HEAT 1 (RACE 4),Brands Hatch Indy,Indy,1.944,dry,official,12,50.619,138.243,yes,0.063,0.063,0.8462,late,no,QUALIFYING - HEAT 1 (RACE 4) - LAP ANALYSIS,formula_ford_lap_analysis_left_column,3,10:01:22.192,official_lap_analysis_bryce_labeled_block,900ddfcb701b1977f16e33501302742c328980f5ffcccd190d2e433bba0b5681
session_formula_ford_2020_festival_qualifying_heat_1_race_4,event_formula_ford_2020_formula_ford_festival,BRSCC Formula Ford Festival 2020,2020,qualifying,QUALIFYING - HEAT 1 (RACE 4),Brands Hatch Indy,Indy,1.944,dry,official,13,51.086,136.987,yes,0.53,0.53,0.9231,late,no,QUALIFYING - HEAT 1 (RACE 4) - LAP ANALYSIS,formula_ford_lap_analysis_left_column,3,10:02:13.278,official_lap_analysis_bryce_labeled_block,900ddfcb701b1977f16e33501302742c328980f5ffcccd190d2e433bba0b5681
session_formula_ford_2020_festival_qualifying_heat_1_race_4,event_formula_ford_2020_formula_ford_festival,BRSCC Formula Ford Festival 2020,2020,qualifying,QUALIFYING - HEAT 1 (RACE 4),Brands Hatch Indy,Indy,1.944,dry,official,14,51.058,137.052,yes,0.502,0.502,1.0,late,no,QUALIFYING - HEAT 1 (RACE 4) - LAP ANALYSIS,formula_ford_lap_analysis_left_column,3,10:03:04.336,official_lap_analysis_bryce_labeled_block,900ddfcb701b1977f16e33501302742c328980f5ffcccd190d2e433bba0b5681
session_formula_ford_2020_festival_semi_final_1_race_13,event_formula_ford_2020_formula_ford_festival,BRSCC Formula Ford Festival 2020,2020,race,SEMI FINAL 1 (RACE 13),Brands Hatch Indy,Indy,1.944,wet,official,1,70.4,99.393,yes,8.817,8.817,0.0,early,yes,SEMI FINAL 1 (RACE 13) - LAP ANALYSIS,formula_ford_lap_analysis_left_column,3,11:50:00.067,official_lap_analysis_bryce_labeled_block,900ddfcb701b1977f16e33501302742c328980f5ffcccd190d2e433bba0b5681
session_formula_ford_2020_festival_semi_final_1_race_13,event_formula_ford_2020_formula_ford_festival,BRSCC Formula Ford Festival 2020,2020,race,SEMI FINAL 1 (RACE 13),Brands Hatch Indy,Indy,1.944,wet,official,2,63.332,110.498,yes,1.749,1.749,0.0714,early,no,SEMI FINAL 1 (RACE 13) - LAP ANALYSIS,formula_ford_lap_analysis_left_column,3,11:51:03.399,official_lap_analysis_bryce_labeled_block,900ddfcb701b1977f16e33501302742c328980f5ffcccd190d2e433bba0b5681
session_formula_ford_2020_festival_semi_final_1_race_13,event_formula_ford_2020_formula_ford_festival,BRSCC Formula Ford Festival 2020,2020,race,SEMI FINAL 1 (RACE 13),Brands Hatch Indy,Indy,1.944,wet,official,3,62.951,111.157,yes,1.368,1.368,0.1429,early,no,SEMI FINAL 1 (RACE 13) - LAP ANALYSIS,formula_ford_lap_analysis_left_column,3,11:52:06.350,official_lap_analysis_bryce_labeled_block,900ddfcb701b1977f16e33501302742c328980f5ffcccd190d2e433bba0b5681
session_formula_ford_2020_festival_semi_final_1_race_13,event_formula_ford_2020_formula_ford_festival,BRSCC Formula Ford Festival 2020,2020,race,SEMI FINAL 1 (RACE 13),Brands Hatch Indy,Indy,1.944,wet,official,4,62.42,112.107,yes,0.837,0.837,0.2143,early,no,SEMI FINAL 1 (RACE 13) - LAP ANALYSIS,formula_ford_lap_analysis_left_column,3,11:53:08.770,official_lap_analysis_bryce_labeled_block,900ddfcb701b1977f16e33501302742c328980f5ffcccd190d2e433bba0b5681
session_formula_ford_2020_festival_semi_final_1_race_13,event_formula_ford_2020_formula_ford_festival,BRSCC Formula Ford Festival 2020,2020,race,SEMI FINAL 1 (RACE 13),Brands Hatch Indy,Indy,1.944,wet,official,5,62.321,112.284,yes,0.738,0.738,0.2857,early,no,SEMI FINAL 1 (RACE 13) - LAP ANALYSIS,formula_ford_lap_analysis_left_column,3,11:54:11.091,official_lap_analysis_bryce_labeled_block,900ddfcb701b1977f16e33501302742c328980f5ffcccd190d2e433bba0b5681
session_formula_ford_2020_festival_semi_final_1_race_13,event_formula_ford_2020_formula_ford_festival,BRSCC Formula Ford Festival 2020,2020,race,SEMI FINAL 1 (RACE 13),Brands Hatch Indy,Indy,1.944,wet,official,6,62.083,112.718,yes,0.5,0.5,0.3571,middle,no,SEMI FINAL 1 (RACE 13) - LAP ANALYSIS,formula_ford_lap_analysis_left_column,3,11:55:13.174,official_lap_analysis_bryce_labeled_block,900ddfcb701b1977f16e33501302742c328980f5ffcccd190d2e433bba0b5681
session_formula_ford_2020_festival_semi_final_1_race_13,event_formula_ford_2020_formula_ford_festival,BRSCC Formula Ford Festival 2020,2020,race,SEMI FINAL 1 (RACE 13),Brands Hatch Indy,Indy,1.944,wet,official,7,62.557,111.866,yes,0.974,0.974,0.4286,middle,no,SEMI FINAL 1 (RACE 13) - LAP ANALYSIS,formula_ford_lap_analysis_left_column,3,11:56:15.731,official_lap_analysis_bryce_labeled_block,900ddfcb701b1977f16e33501302742c328980f5ffcccd190d2e433bba0b5681
session_formula_ford_2020_festival_semi_final_1_race_13,event_formula_ford_2020_formula_ford_festival,BRSCC Formula Ford Festival 2020,2020,race,SEMI FINAL 1 (RACE 13),Brands Hatch Indy,Indy,1.944,wet,official,8,63.32,110.514,yes,1.737,1.737,0.5,middle,no,SEMI FINAL 1 (RACE 13) - LAP ANALYSIS,formula_ford_lap_analysis_left_column,3,11:57:19.051,official_lap_analysis_bryce_labeled_block,900ddfcb701b1977f16e33501302742c328980f5ffcccd190d2e433bba0b5681
session_formula_ford_2020_festival_semi_final_1_race_13,event_formula_ford_2020_formula_ford_festival,BRSCC Formula Ford Festival 2020,2020,race,SEMI FINAL 1 (RACE 13),Brands Hatch Indy,Indy,1.944,wet,official,9,62.462,112.026,yes,0.879,0.879,0.5714,middle,no,SEMI FINAL 1 (RACE 13) - LAP ANALYSIS,formula_ford_lap_analysis_left_column,3,11:58:21.513,official_lap_analysis_bryce_labeled_block,900ddfcb701b1977f16e33501302742c328980f5ffcccd190d2e433bba0b5681
session_formula_ford_2020_festival_semi_final_1_race_13,event_formula_ford_2020_formula_ford_festival,BRSCC Formula Ford Festival 2020,2020,race,SEMI FINAL 1 (RACE 13),Brands Hatch Indy,Indy,1.944,wet,official,10,61.984,112.895,yes,0.401,0.401,0.6429,middle,no,SEMI FINAL 1 (RACE 13) - LAP ANALYSIS,formula_ford_lap_analysis_left_column,3,11:59:23.497,official_lap_analysis_bryce_labeled_block,900ddfcb701b1977f16e33501302742c328980f5ffcccd190d2e433bba0b5681
session_formula_ford_2020_festival_semi_final_1_race_13,event_formula_ford_2020_formula_ford_festival,BRSCC Formula Ford Festival 2020,2020,race,SEMI FINAL 1 (RACE 13),Brands Hatch Indy,Indy,1.944,wet,official,11,62.889,111.27,yes,1.306,1.306,0.7143,late,no,SEMI FINAL 1 (RACE 13) - LAP ANALYSIS,formula_ford_lap_analysis_left_column,3,12:00:26.386,official_lap_analysis_bryce_labeled_block,900ddfcb701b1977f16e33501302742c328980f5ffcccd190d2e433bba0b5681
session_formula_ford_2020_festival_semi_final_1_race_13,event_formula_ford_2020_formula_ford_festival,BRSCC Formula Ford Festival 2020,2020,race,SEMI FINAL 1 (RACE 13),Brands Hatch Indy,Indy,1.944,wet,official,12,61.583,113.636,yes,0.0,,0.7857,late,no,SEMI FINAL 1 (RACE 13) - LAP ANALYSIS,formula_ford_lap_analysis_left_column,3,12:01:27.969,official_lap_analysis_bryce_labeled_block,900ddfcb701b1977f16e33501302742c328980f5ffcccd190d2e433bba0b5681
session_formula_ford_2020_festival_semi_final_1_race_13,event_formula_ford_2020_formula_ford_festival,BRSCC Formula Ford Festival 2020,2020,race,SEMI FINAL 1 (RACE 13),Brands Hatch Indy,Indy,1.944,wet,official,13,63.532,110.144,yes,1.949,1.949,0.8571,late,no,SEMI FINAL 1 (RACE 13) - LAP ANALYSIS,formula_ford_lap_analysis_left_column,3,12:02:31.501,official_lap_analysis_bryce_labeled_block,900ddfcb701b1977f16e33501302742c328980f5ffcccd190d2e433bba0b5681
session_formula_ford_2020_festival_semi_final_1_race_13,event_formula_ford_2020_formula_ford_festival,BRSCC Formula Ford Festival 2020,2020,race,SEMI FINAL 1 (RACE 13),Brands Hatch Indy,Indy,1.944,wet,official,14,62.758,111.511,yes,1.175,1.175,0.9286,late,no,SEMI FINAL 1 (RACE 13) - LAP ANALYSIS,formula_ford_lap_analysis_left_column,3,12:03:34.259,official_lap_analysis_bryce_labeled_block,900ddfcb701b1977f16e33501302742c328980f5ffcccd190d2e433bba0b5681
session_formula_ford_2020_festival_semi_final_1_race_13,event_formula_ford_2020_formula_ford_festival,BRSCC Formula Ford Festival 2020,2020,race,SEMI FINAL 1 (RACE 13),Brands Hatch Indy,Indy,1.944,wet,official,15,62.452,112.059,yes,0.869,0.869,1.0,late,no,SEMI FINAL 1 (RACE 13) - LAP ANALYSIS,formula_ford_lap_analysis_left_column,3,12:04:36.711,official_lap_analysis_bryce_labeled_block,900ddfcb701b1977f16e33501302742c328980f5ffcccd190d2e433bba0b5681
session_formula_ford_2020_national_brands_hatch_qualifying_race_2,event_formula_ford_2020_national_brands_hatch,BRSCC National FF1600 2020 - Brands Hatch,2020,qualifying,QUALIFYING - RACE 2,Brands Hatch Indy,Indy,1.944,dry,official,1,58.297,120.041,yes,8.161,8.161,0.0,early,yes,QUALIFYING - RACE 2 - LAP ANALYSIS,formula_ford_lap_analysis_left_column,1,09:22:21.112,official_lap_analysis_bryce_labeled_block,900ddfcb701b1977f16e33501302742c328980f5ffcccd190d2e433bba0b5681
session_formula_ford_2020_national_brands_hatch_qualifying_race_2,event_formula_ford_2020_national_brands_hatch,BRSCC National FF1600 2020 - Brands Hatch,2020,qualifying,QUALIFYING - RACE 2,Brands Hatch Indy,Indy,1.944,dry,official,2,58.507,119.606,yes,8.371,8.371,0.0625,early,yes,QUALIFYING - RACE 2 - LAP ANALYSIS,formula_ford_lap_analysis_left_column,1,09:23:19.619,official_lap_analysis_bryce_labeled_block,900ddfcb701b1977f16e33501302742c328980f5ffcccd190d2e433bba0b5681
session_formula_ford_2020_national_brands_hatch_qualifying_race_2,event_formula_ford_2020_national_brands_hatch,BRSCC National FF1600 2020 - Brands Hatch,2020,qualifying,QUALIFYING - RACE 2,Brands Hatch Indy,Indy,1.944,dry,official,3,52.048,134.445,yes,1.912,1.912,0.125,early,no,QUALIFYING - RACE 2 - LAP ANALYSIS,formula_ford_lap_analysis_left_column,1,09:24:11.667,official_lap_analysis_bryce_labeled_block,900ddfcb701b1977f16e33501302742c328980f5ffcccd190d2e433bba0b5681
session_formula_ford_2020_national_brands_hatch_qualifying_race_2,event_formula_ford_2020_national_brands_hatch,BRSCC National FF1600 2020 - Brands Hatch,2020,qualifying,QUALIFYING - RACE 2,Brands Hatch Indy,Indy,1.944,dry,official,4,50.717,137.985,yes,0.581,0.581,0.1875,early,no,QUALIFYING - RACE 2 - LAP ANALYSIS,formula_ford_lap_analysis_left_column,1,09:25:02.384,official_lap_analysis_bryce_labeled_block,900ddfcb701b1977f16e33501302742c328980f5ffcccd190d2e433bba0b5681
session_formula_ford_2020_national_brands_hatch_qualifying_race_2,event_formula_ford_2020_national_brands_hatch,BRSCC National FF1600 2020 - Brands Hatch,2020,qualifying,QUALIFYING - RACE 2,Brands Hatch Indy,Indy,1.944,dry,official,5,51.821,135.04,yes,1.685,1.685,0.25,early,no,QUALIFYING - RACE 2 - LAP ANALYSIS,formula_ford_lap_analysis_left_column,1,09:25:54.205,official_lap_analysis_bryce_labeled_block,900ddfcb701b1977f16e33501302742c328980f5ffcccd190d2e433bba0b5681
session_formula_ford_2020_national_brands_hatch_qualifying_race_2,event_formula_ford_2020_national_brands_hatch,BRSCC National FF1600 2020 - Brands Hatch,2020,qualifying,QUALIFYING - RACE 2,Brands Hatch Indy,Indy,1.944,dry,official,6,51.222,136.617,yes,1.086,1.086,0.3125,early,no,QUALIFYING - RACE 2 - LAP ANALYSIS,formula_ford_lap_analysis_left_column,1,09:26:45.427,official_lap_analysis_bryce_labeled_block,900ddfcb701b1977f16e33501302742c328980f5ffcccd190d2e433bba0b5681
session_formula_ford_2020_national_brands_hatch_qualifying_race_2,event_formula_ford_2020_national_brands_hatch,BRSCC National FF1600 2020 - Brands Hatch,2020,qualifying,QUALIFYING - RACE 2,Brands Hatch Indy,Indy,1.944,dry,official,7,50.376,138.919,yes,0.24,0.24,0.375,middle,no,QUALIFYING - RACE 2 - LAP ANALYSIS,formula_ford_lap_analysis_left_column,1,09:27:35.803,official_lap_analysis_bryce_labeled_block,900ddfcb701b1977f16e33501302742c328980f5ffcccd190d2e433bba0b5681
session_formula_ford_2020_national_brands_hatch_qualifying_race_2,event_formula_ford_2020_national_brands_hatch,BRSCC National FF1600 2020 - Brands Hatch,2020,qualifying,QUALIFYING - RACE 2,Brands Hatch Indy,Indy,1.944,dry,official,8,51.21,136.649,yes,1.074,1.074,0.4375,middle,no,QUALIFYING - RACE 2 - LAP ANALYSIS,formula_ford_lap_analysis_left_column,1,09:28:27.013,official_lap_analysis_bryce_labeled_block,900ddfcb701b1977f16e33501302742c328980f5ffcccd190d2e433bba0b5681
session_formula_ford_2020_national_brands_hatch_qualifying_race_2,event_formula_ford_2020_national_brands_hatch,BRSCC National FF1600 2020 - Brands Hatch,2020,qualifying,QUALIFYING - RACE 2,Brands Hatch Indy,Indy,1.944,dry,official,9,50.416,138.806,yes,0.28,0.28,0.5,middle,no,QUALIFYING - RACE 2 - LAP ANALYSIS,formula_ford_lap_analysis_left_column,1,09:29:17.429,official_lap_analysis_bryce_labeled_block,900ddfcb701b1977f16e33501302742c328980f5ffcccd190d2e433bba0b5681
session_formula_ford_2020_national_brands_hatch_qualifying_race_2,event_formula_ford_2020_national_brands_hatch,BRSCC National FF1600 2020 - Brands Hatch,2020,qualifying,QUALIFYING - RACE 2,Brands Hatch Indy,Indy,1.944,dry,official,10,50.5,138.581,yes,0.364,0.364,0.5625,middle,no,QUALIFYING - RACE 2 - LAP ANALYSIS,formula_ford_lap_analysis_left_column,1,09:30:07.929,official_lap_analysis_bryce_labeled_block,900ddfcb701b1977f16e33501302742c328980f5ffcccd190d2e433bba0b5681
session_formula_ford_2020_national_brands_hatch_qualifying_race_2,event_formula_ford_2020_national_brands_hatch,BRSCC National FF1600 2020 - Brands Hatch,2020,qualifying,QUALIFYING - RACE 2,Brands Hatch Indy,Indy,1.944,dry,official,11,50.136,139.578,yes,0.0,,0.625,middle,no,QUALIFYING - RACE 2 - LAP ANALYSIS,formula_ford_lap_analysis_left_column,1,09:30:58.065,official_lap_analysis_bryce_labeled_block,900ddfcb701b1977f16e33501302742c328980f5ffcccd190d2e433bba0b5681
session_formula_ford_2020_national_brands_hatch_qualifying_race_2,event_formula_ford_2020_national_brands_hatch,BRSCC National FF1600 2020 - Brands Hatch,2020,qualifying,QUALIFYING - RACE 2,Brands Hatch Indy,Indy,1.944,dry,official,12,50.671,138.114,yes,0.535,0.535,0.6875,late,no,QUALIFYING - RACE 2 - LAP ANALYSIS,formula_ford_lap_analysis_left_column,1,09:31:48.736,official_lap_analysis_bryce_labeled_block,900ddfcb701b1977f16e33501302742c328980f5ffcccd190d2e433bba0b5681
session_formula_ford_2020_national_brands_hatch_qualifying_race_2,event_formula_ford_2020_national_brands_hatch,BRSCC National FF1600 2020 - Brands Hatch,2020,qualifying,QUALIFYING - RACE 2,Brands Hatch Indy,Indy,1.944,dry,official,13,51.559,135.732,yes,1.423,1.423,0.75,late,no,QUALIFYING - RACE 2 - LAP ANALYSIS,formula_ford_lap_analysis_left_column,1,09:32:40.295,official_lap_analysis_bryce_labeled_block,900ddfcb701b1977f16e33501302742c328980f5ffcccd190d2e433bba0b5681
session_formula_ford_2020_national_brands_hatch_qualifying_race_2,event_formula_ford_2020_national_brands_hatch,BRSCC National FF1600 2020 - Brands Hatch,2020,qualifying,QUALIFYING - RACE 2,Brands Hatch Indy,Indy,1.944,dry,official,14,50.676,138.098,yes,0.54,0.54,0.8125,late,no,QUALIFYING - RACE 2 - LAP ANALYSIS,formula_ford_lap_analysis_left_column,1,09:33:30.971,official_lap_analysis_bryce_labeled_block,900ddfcb701b1977f16e33501302742c328980f5ffcccd190d2e433bba0b5681
session_formula_ford_2020_national_brands_hatch_qualifying_race_2,event_formula_ford_2020_national_brands_hatch,BRSCC National FF1600 2020 - Brands Hatch,2020,qualifying,QUALIFYING - RACE 2,Brands Hatch Indy,Indy,1.944,dry,official,15,50.675,138.098,yes,0.539,0.539,0.875,late,no,QUALIFYING - RACE 2 - LAP ANALYSIS,formula_ford_lap_analysis_left_column,1,09:34:21.646,official_lap_analysis_bryce_labeled_block,900ddfcb701b1977f16e33501302742c328980f5ffcccd190d2e433bba0b5681
session_formula_ford_2020_national_brands_hatch_qualifying_race_2,event_formula_ford_2020_national_brands_hatch,BRSCC National FF1600 2020 - Brands Hatch,2020,qualifying,QUALIFYING - RACE 2,Brands Hatch Indy,Indy,1.944,dry,official,16,52.523,133.238,yes,2.387,2.387,0.9375,late,no,QUALIFYING - RACE 2 - LAP ANALYSIS,formula_ford_lap_analysis_left_column,1,09:35:14.169,official_lap_analysis_bryce_labeled_block,900ddfcb701b1977f16e33501302742c328980f5ffcccd190d2e433bba0b5681
session_formula_ford_2020_national_brands_hatch_qualifying_race_2,event_formula_ford_2020_national_brands_hatch,BRSCC National FF1600 2020 - Brands Hatch,2020,qualifying,QUALIFYING - RACE 2,Brands Hatch Indy,Indy,1.944,dry,official,17,50.739,137.921,yes,0.603,0.603,1.0,late,no,QUALIFYING - RACE 2 - LAP ANALYSIS,formula_ford_lap_analysis_left_column,1,09:36:04.908,official_lap_analysis_bryce_labeled_block,900ddfcb701b1977f16e33501302742c328980f5ffcccd190d2e433bba0b5681
session_formula_ford_2020_national_brands_hatch_race_11,event_formula_ford_2020_national_brands_hatch,BRSCC National FF1600 2020 - Brands Hatch,2020,race,RACE 11,Brands Hatch Indy,Indy,1.944,dry,official,1,58.952,118.705,yes,8.17,8.17,0.0,early,yes,RACE 11 - LAP ANALYSIS,formula_ford_lap_analysis_right_column,4,11:46:11.017,official_lap_analysis_bryce_labeled_block,900ddfcb701b1977f16e33501302742c328980f5ffcccd190d2e433bba0b5681
session_formula_ford_2020_national_brands_hatch_race_11,event_formula_ford_2020_national_brands_hatch,BRSCC National FF1600 2020 - Brands Hatch,2020,race,RACE 11,Brands Hatch Indy,Indy,1.944,dry,official,2,52.24,133.962,yes,1.458,1.458,0.0588,early,no,RACE 11 - LAP ANALYSIS,formula_ford_lap_analysis_right_column,4,11:47:03.257,official_lap_analysis_bryce_labeled_block,900ddfcb701b1977f16e33501302742c328980f5ffcccd190d2e433bba0b5681
session_formula_ford_2020_national_brands_hatch_race_11,event_formula_ford_2020_national_brands_hatch,BRSCC National FF1600 2020 - Brands Hatch,2020,race,RACE 11,Brands Hatch Indy,Indy,1.944,dry,official,3,52.142,134.203,yes,1.36,1.36,0.1176,early,no,RACE 11 - LAP ANALYSIS,formula_ford_lap_analysis_right_column,4,11:47:55.399,official_lap_analysis_bryce_labeled_block,900ddfcb701b1977f16e33501302742c328980f5ffcccd190d2e433bba0b5681
session_formula_ford_2020_national_brands_hatch_race_11,event_formula_ford_2020_national_brands_hatch,BRSCC National FF1600 2020 - Brands Hatch,2020,race,RACE 11,Brands Hatch Indy,Indy,1.944,dry,official,4,51.383,136.199,yes,0.601,0.601,0.1765,early,no,RACE 11 - LAP ANALYSIS,formula_ford_lap_analysis_right_column,4,11:48:46.782,official_lap_analysis_bryce_labeled_block,900ddfcb701b1977f16e33501302742c328980f5ffcccd190d2e433bba0b5681
session_formula_ford_2020_national_brands_hatch_race_11,event_formula_ford_2020_national_brands_hatch,BRSCC National FF1600 2020 - Brands Hatch,2020,race,RACE 11,Brands Hatch Indy,Indy,1.944,dry,official,5,51.986,134.606,yes,1.204,1.204,0.2353,early,no,RACE 11 - LAP ANALYSIS,formula_ford_lap_analysis_right_column,4,11:49:38.768,official_lap_analysis_bryce_labeled_block,900ddfcb701b1977f16e33501302742c328980f5ffcccd190d2e433bba0b5681
session_formula_ford_2020_national_brands_hatch_race_11,event_formula_ford_2020_national_brands_hatch,BRSCC National FF1600 2020 - Brands Hatch,2020,race,RACE 11,Brands Hatch Indy,Indy,1.944,dry,official,6,52.29,133.833,yes,1.508,1.508,0.2941,early,no,RACE 11 - LAP ANALYSIS,formula_ford_lap_analysis_right_column,4,11:50:31.058,official_lap_analysis_bryce_labeled_block,900ddfcb701b1977f16e33501302742c328980f5ffcccd190d2e433bba0b5681
session_formula_ford_2020_national_brands_hatch_race_11,event_formula_ford_2020_national_brands_hatch,BRSCC National FF1600 2020 - Brands Hatch,2020,race,RACE 11,Brands Hatch Indy,Indy,1.944,dry,official,7,51.362,136.247,yes,0.58,0.58,0.3529,middle,no,RACE 11 - LAP ANALYSIS,formula_ford_lap_analysis_right_column,4,11:51:22.420,official_lap_analysis_bryce_labeled_block,900ddfcb701b1977f16e33501302742c328980f5ffcccd190d2e433bba0b5681
session_formula_ford_2020_national_brands_hatch_race_11,event_formula_ford_2020_national_brands_hatch,BRSCC National FF1600 2020 - Brands Hatch,2020,race,RACE 11,Brands Hatch Indy,Indy,1.944,dry,official,8,50.86,137.599,yes,0.078,0.078,0.4118,middle,no,RACE 11 - LAP ANALYSIS,formula_ford_lap_analysis_right_column,4,11:52:13.280,official_lap_analysis_bryce_labeled_block,900ddfcb701b1977f16e33501302742c328980f5ffcccd190d2e433bba0b5681
session_formula_ford_2020_national_brands_hatch_race_11,event_formula_ford_2020_national_brands_hatch,BRSCC National FF1600 2020 - Brands Hatch,2020,race,RACE 11,Brands Hatch Indy,Indy,1.944,dry,official,9,50.899,137.486,yes,0.117,0.117,0.4706,middle,no,RACE 11 - LAP ANALYSIS,formula_ford_lap_analysis_right_column,4,11:53:04.179,official_lap_analysis_bryce_labeled_block,900ddfcb701b1977f16e33501302742c328980f5ffcccd190d2e433bba0b5681
session_formula_ford_2020_national_brands_hatch_race_11,event_formula_ford_2020_national_brands_hatch,BRSCC National FF1600 2020 - Brands Hatch,2020,race,RACE 11,Brands Hatch Indy,Indy,1.944,dry,official,10,50.804,137.744,yes,0.022,0.022,0.5294,middle,no,RACE 11 - LAP ANALYSIS,formula_ford_lap_analysis_right_column,4,11:53:54.983,official_lap_analysis_bryce_labeled_block,900ddfcb701b1977f16e33501302742c328980f5ffcccd190d2e433bba0b5681
session_formula_ford_2020_national_brands_hatch_race_11,event_formula_ford_2020_national_brands_hatch,BRSCC National FF1600 2020 - Brands Hatch,2020,race,RACE 11,Brands Hatch Indy,Indy,1.944,dry,official,11,50.782,137.808,yes,0.0,,0.5882,middle,no,RACE 11 - LAP ANALYSIS,formula_ford_lap_analysis_right_column,4,11:54:45.765,official_lap_analysis_bryce_labeled_block,900ddfcb701b1977f16e33501302742c328980f5ffcccd190d2e433bba0b5681
session_formula_ford_2020_national_brands_hatch_race_11,event_formula_ford_2020_national_brands_hatch,BRSCC National FF1600 2020 - Brands Hatch,2020,race,RACE 11,Brands Hatch Indy,Indy,1.944,dry,official,12,51.661,135.458,yes,0.879,0.879,0.6471,middle,no,RACE 11 - LAP ANALYSIS,formula_ford_lap_analysis_right_column,4,11:55:37.426,official_lap_analysis_bryce_labeled_block,900ddfcb701b1977f16e33501302742c328980f5ffcccd190d2e433bba0b5681
session_formula_ford_2020_national_brands_hatch_race_11,event_formula_ford_2020_national_brands_hatch,BRSCC National FF1600 2020 - Brands Hatch,2020,race,RACE 11,Brands Hatch Indy,Indy,1.944,dry,official,13,51.471,135.957,yes,0.689,0.689,0.7059,late,no,RACE 11 - LAP ANALYSIS,formula_ford_lap_analysis_right_column,4,11:56:28.897,official_lap_analysis_bryce_labeled_block,900ddfcb701b1977f16e33501302742c328980f5ffcccd190d2e433bba0b5681
session_formula_ford_2020_national_brands_hatch_race_11,event_formula_ford_2020_national_brands_hatch,BRSCC National FF1600 2020 - Brands Hatch,2020,race,RACE 11,Brands Hatch Indy,Indy,1.944,dry,official,14,51.416,136.102,yes,0.634,0.634,0.7647,late,no,RACE 11 - LAP ANALYSIS,formula_ford_lap_analysis_right_column,4,11:57:20.313,official_lap_analysis_bryce_labeled_block,900ddfcb701b1977f16e33501302742c328980f5ffcccd190d2e433bba0b5681
session_formula_ford_2020_national_brands_hatch_race_11,event_formula_ford_2020_national_brands_hatch,BRSCC National FF1600 2020 - Brands Hatch,2020,race,RACE 11,Brands Hatch Indy,Indy,1.944,dry,official,15,51.622,135.555,yes,0.84,0.84,0.8235,late,no,RACE 11 - LAP ANALYSIS,formula_ford_lap_analysis_right_column,4,11:58:11.935,official_lap_analysis_bryce_labeled_block,900ddfcb701b1977f16e33501302742c328980f5ffcccd190d2e433bba0b5681
session_formula_ford_2020_national_brands_hatch_race_11,event_formula_ford_2020_national_brands_hatch,BRSCC National FF1600 2020 - Brands Hatch,2020,race,RACE 11,Brands Hatch Indy,Indy,1.944,dry,official,16,51.668,135.442,yes,0.886,0.886,0.8824,late,no,RACE 11 - LAP ANALYSIS,formula_ford_lap_analysis_right_column,4,11:59:03.603,official_lap_analysis_bryce_labeled_block,900ddfcb701b1977f16e33501302742c328980f5ffcccd190d2e433bba0b5681
session_formula_ford_2020_national_brands_hatch_race_11,event_formula_ford_2020_national_brands_hatch,BRSCC National FF1600 2020 - Brands Hatch,2020,race,RACE 11,Brands Hatch Indy,Indy,1.944,dry,official,17,51.596,135.636,yes,0.814,0.814,0.9412,late,no,RACE 11 - LAP ANALYSIS,formula_ford_lap_analysis_right_column,4,11:59:55.199,official_lap_analysis_bryce_labeled_block,900ddfcb701b1977f16e33501302742c328980f5ffcccd190d2e433bba0b5681
session_formula_ford_2020_national_brands_hatch_race_11,event_formula_ford_2020_national_brands_hatch,BRSCC National FF1600 2020 - Brands Hatch,2020,race,RACE 11,Brands Hatch Indy,Indy,1.944,dry,official,18,51.161,136.778,yes,0.379,0.379,1.0,late,no,RACE 11 - LAP ANALYSIS,formula_ford_lap_analysis_right_column,4,12:00:46.360,official_lap_analysis_bryce_labeled_block,900ddfcb701b1977f16e33501302742c328980f5ffcccd190d2e433bba0b5681
session_formula_ford_2020_national_brands_hatch_race_18,event_formula_ford_2020_national_brands_hatch,BRSCC National FF1600 2020 - Brands Hatch,2020,race,RACE 18,Brands Hatch Indy,Indy,1.944,dry,official,1,57.856,120.958,yes,7.092,7.092,0.0,early,yes,RACE 18 - LAP ANALYSIS,formula_ford_lap_analysis_right_column,5,16:46:21.975,official_lap_analysis_bryce_labeled_block,900ddfcb701b1977f16e33501302742c328980f5ffcccd190d2e433bba0b5681
session_formula_ford_2020_national_brands_hatch_race_18,event_formula_ford_2020_national_brands_hatch,BRSCC National FF1600 2020 - Brands Hatch,2020,race,RACE 18,Brands Hatch Indy,Indy,1.944,dry,official,2,52.242,133.946,yes,1.478,1.478,0.0588,early,no,RACE 18 - LAP ANALYSIS,formula_ford_lap_analysis_right_column,5,16:47:14.217,official_lap_analysis_bryce_labeled_block,900ddfcb701b1977f16e33501302742c328980f5ffcccd190d2e433bba0b5681
session_formula_ford_2020_national_brands_hatch_race_18,event_formula_ford_2020_national_brands_hatch,BRSCC National FF1600 2020 - Brands Hatch,2020,race,RACE 18,Brands Hatch Indy,Indy,1.944,dry,official,3,51.755,135.217,yes,0.991,0.991,0.1176,early,no,RACE 18 - LAP ANALYSIS,formula_ford_lap_analysis_right_column,5,16:48:05.972,official_lap_analysis_bryce_labeled_block,900ddfcb701b1977f16e33501302742c328980f5ffcccd190d2e433bba0b5681
session_formula_ford_2020_national_brands_hatch_race_18,event_formula_ford_2020_national_brands_hatch,BRSCC National FF1600 2020 - Brands Hatch,2020,race,RACE 18,Brands Hatch Indy,Indy,1.944,dry,official,4,51.223,136.617,yes,0.459,0.459,0.1765,early,no,RACE 18 - LAP ANALYSIS,formula_ford_lap_analysis_right_column,5,16:48:57.195,official_lap_analysis_bryce_labeled_block,900ddfcb701b1977f16e33501302742c328980f5ffcccd190d2e433bba0b5681
session_formula_ford_2020_national_brands_hatch_race_18,event_formula_ford_2020_national_brands_hatch,BRSCC National FF1600 2020 - Brands Hatch,2020,race,RACE 18,Brands Hatch Indy,Indy,1.944,dry,official,5,51.084,136.987,yes,0.32,0.32,0.2353,early,no,RACE 18 - LAP ANALYSIS,formula_ford_lap_analysis_right_column,5,16:49:48.279,official_lap_analysis_bryce_labeled_block,900ddfcb701b1977f16e33501302742c328980f5ffcccd190d2e433bba0b5681
session_formula_ford_2020_national_brands_hatch_race_18,event_formula_ford_2020_national_brands_hatch,BRSCC National FF1600 2020 - Brands Hatch,2020,race,RACE 18,Brands Hatch Indy,Indy,1.944,dry,official,6,51.042,137.1,yes,0.278,0.278,0.2941,early,no,RACE 18 - LAP ANALYSIS,formula_ford_lap_analysis_right_column,5,16:50:39.321,official_lap_analysis_bryce_labeled_block,900ddfcb701b1977f16e33501302742c328980f5ffcccd190d2e433bba0b5681
session_formula_ford_2020_national_brands_hatch_race_18,event_formula_ford_2020_national_brands_hatch,BRSCC National FF1600 2020 - Brands Hatch,2020,race,RACE 18,Brands Hatch Indy,Indy,1.944,dry,official,7,50.819,137.712,yes,0.055,0.055,0.3529,middle,no,RACE 18 - LAP ANALYSIS,formula_ford_lap_analysis_right_column,5,16:51:30.140,official_lap_analysis_bryce_labeled_block,900ddfcb701b1977f16e33501302742c328980f5ffcccd190d2e433bba0b5681
session_formula_ford_2020_national_brands_hatch_race_18,event_formula_ford_2020_national_brands_hatch,BRSCC National FF1600 2020 - Brands Hatch,2020,race,RACE 18,Brands Hatch Indy,Indy,1.944,dry,official,8,50.982,137.261,yes,0.218,0.218,0.4118,middle,no,RACE 18 - LAP ANALYSIS,formula_ford_lap_analysis_right_column,5,16:52:21.122,official_lap_analysis_bryce_labeled_block,900ddfcb701b1977f16e33501302742c328980f5ffcccd190d2e433bba0b5681
session_formula_ford_2020_national_brands_hatch_race_18,event_formula_ford_2020_national_brands_hatch,BRSCC National FF1600 2020 - Brands Hatch,2020,race,RACE 18,Brands Hatch Indy,Indy,1.944,dry,official,9,50.764,137.856,yes,0.0,,0.4706,middle,no,RACE 18 - LAP ANALYSIS,formula_ford_lap_analysis_right_column,5,16:53:11.886,official_lap_analysis_bryce_labeled_block,900ddfcb701b1977f16e33501302742c328980f5ffcccd190d2e433bba0b5681
session_formula_ford_2020_national_brands_hatch_race_18,event_formula_ford_2020_national_brands_hatch,BRSCC National FF1600 2020 - Brands Hatch,2020,race,RACE 18,Brands Hatch Indy,Indy,1.944,dry,official,10,51.333,136.328,yes,0.569,0.569,0.5294,middle,no,RACE 18 - LAP ANALYSIS,formula_ford_lap_analysis_right_column,5,16:54:03.219,official_lap_analysis_bryce_labeled_block,900ddfcb701b1977f16e33501302742c328980f5ffcccd190d2e433bba0b5681
session_formula_ford_2020_national_brands_hatch_race_18,event_formula_ford_2020_national_brands_hatch,BRSCC National FF1600 2020 - Brands Hatch,2020,race,RACE 18,Brands Hatch Indy,Indy,1.944,dry,official,11,52.172,134.139,yes,1.408,1.408,0.5882,middle,no,RACE 18 - LAP ANALYSIS,formula_ford_lap_analysis_right_column,5,16:54:55.391,official_lap_analysis_bryce_labeled_block,900ddfcb701b1977f16e33501302742c328980f5ffcccd190d2e433bba0b5681
session_formula_ford_2020_national_brands_hatch_race_18,event_formula_ford_2020_national_brands_hatch,BRSCC National FF1600 2020 - Brands Hatch,2020,race,RACE 18,Brands Hatch Indy,Indy,1.944,dry,official,12,51.924,134.766,yes,1.16,1.16,0.6471,middle,no,RACE 18 - LAP ANALYSIS,formula_ford_lap_analysis_right_column,5,16:55:47.315,official_lap_analysis_bryce_labeled_block,900ddfcb701b1977f16e33501302742c328980f5ffcccd190d2e433bba0b5681
session_formula_ford_2020_national_brands_hatch_race_18,event_formula_ford_2020_national_brands_hatch,BRSCC National FF1600 2020 - Brands Hatch,2020,race,RACE 18,Brands Hatch Indy,Indy,1.944,dry,official,13,51.931,134.75,yes,1.167,1.167,0.7059,late,no,RACE 18 - LAP ANALYSIS,formula_ford_lap_analysis_right_column,5,16:56:39.246,official_lap_analysis_bryce_labeled_block,900ddfcb701b1977f16e33501302742c328980f5ffcccd190d2e433bba0b5681
session_formula_ford_2020_national_brands_hatch_race_18,event_formula_ford_2020_national_brands_hatch,BRSCC National FF1600 2020 - Brands Hatch,2020,race,RACE 18,Brands Hatch Indy,Indy,1.944,dry,official,14,51.795,135.104,yes,1.031,1.031,0.7647,late,no,RACE 18 - LAP ANALYSIS,formula_ford_lap_analysis_right_column,5,16:57:31.041,official_lap_analysis_bryce_labeled_block,900ddfcb701b1977f16e33501302742c328980f5ffcccd190d2e433bba0b5681
session_formula_ford_2020_national_brands_hatch_race_18,event_formula_ford_2020_national_brands_hatch,BRSCC National FF1600 2020 - Brands Hatch,2020,race,RACE 18,Brands Hatch Indy,Indy,1.944,dry,official,15,52.864,132.385,yes,2.1,2.1,0.8235,late,no,RACE 18 - LAP ANALYSIS,formula_ford_lap_analysis_right_column,5,16:58:23.905,official_lap_analysis_bryce_labeled_block,900ddfcb701b1977f16e33501302742c328980f5ffcccd190d2e433bba0b5681
session_formula_ford_2020_national_brands_hatch_race_18,event_formula_ford_2020_national_brands_hatch,BRSCC National FF1600 2020 - Brands Hatch,2020,race,RACE 18,Brands Hatch Indy,Indy,1.944,dry,official,16,51.263,136.505,yes,0.499,0.499,0.8824,late,no,RACE 18 - LAP ANALYSIS,formula_ford_lap_analysis_right_column,5,16:59:15.168,official_lap_analysis_bryce_labeled_block,900ddfcb701b1977f16e33501302742c328980f5ffcccd190d2e433bba0b5681
session_formula_ford_2020_national_brands_hatch_race_18,event_formula_ford_2020_national_brands_hatch,BRSCC National FF1600 2020 - Brands Hatch,2020,race,RACE 18,Brands Hatch Indy,Indy,1.944,dry,official,17,52.007,134.557,yes,1.243,1.243,0.9412,late,no,RACE 18 - LAP ANALYSIS,formula_ford_lap_analysis_right_column,5,17:00:07.175,official_lap_analysis_bryce_labeled_block,900ddfcb701b1977f16e33501302742c328980f5ffcccd190d2e433bba0b5681
session_formula_ford_2020_national_brands_hatch_race_18,event_formula_ford_2020_national_brands_hatch,BRSCC National FF1600 2020 - Brands Hatch,2020,race,RACE 18,Brands Hatch Indy,Indy,1.944,dry,official,18,51.566,135.716,yes,0.802,0.802,1.0,late,no,RACE 18 - LAP ANALYSIS,formula_ford_lap_analysis_right_column,5,17:00:58.741,official_lap_analysis_bryce_labeled_block,900ddfcb701b1977f16e33501302742c328980f5ffcccd190d2e433bba0b5681
session_formula_ford_2020_national_brands_hatch_race_2,event_formula_ford_2020_national_brands_hatch,BRSCC National FF1600 2020 - Brands Hatch,2020,race,RACE 2,Brands Hatch Indy,Indy,1.944,dry,official,1,57.955,120.749,yes,7.38,7.38,0.0,early,yes,RACE 2 - LAP ANALYSIS,formula_ford_lap_analysis_right_column,5,14:04:41.727,official_lap_analysis_bryce_labeled_block,900ddfcb701b1977f16e33501302742c328980f5ffcccd190d2e433bba0b5681
session_formula_ford_2020_national_brands_hatch_race_2,event_formula_ford_2020_national_brands_hatch,BRSCC National FF1600 2020 - Brands Hatch,2020,race,RACE 2,Brands Hatch Indy,Indy,1.944,dry,official,2,52.114,134.284,yes,1.539,1.539,0.0588,early,no,RACE 2 - LAP ANALYSIS,formula_ford_lap_analysis_right_column,5,14:05:33.841,official_lap_analysis_bryce_labeled_block,900ddfcb701b1977f16e33501302742c328980f5ffcccd190d2e433bba0b5681
session_formula_ford_2020_national_brands_hatch_race_2,event_formula_ford_2020_national_brands_hatch,BRSCC National FF1600 2020 - Brands Hatch,2020,race,RACE 2,Brands Hatch Indy,Indy,1.944,dry,official,3,51.215,136.633,yes,0.64,0.64,0.1176,early,no,RACE 2 - LAP ANALYSIS,formula_ford_lap_analysis_right_column,5,14:06:25.056,official_lap_analysis_bryce_labeled_block,900ddfcb701b1977f16e33501302742c328980f5ffcccd190d2e433bba0b5681
session_formula_ford_2020_national_brands_hatch_race_2,event_formula_ford_2020_national_brands_hatch,BRSCC National FF1600 2020 - Brands Hatch,2020,race,RACE 2,Brands Hatch Indy,Indy,1.944,dry,official,4,51.115,136.907,yes,0.54,0.54,0.1765,early,no,RACE 2 - LAP ANALYSIS,formula_ford_lap_analysis_right_column,5,14:07:16.171,official_lap_analysis_bryce_labeled_block,900ddfcb701b1977f16e33501302742c328980f5ffcccd190d2e433bba0b5681
session_formula_ford_2020_national_brands_hatch_race_2,event_formula_ford_2020_national_brands_hatch,BRSCC National FF1600 2020 - Brands Hatch,2020,race,RACE 2,Brands Hatch Indy,Indy,1.944,dry,official,5,51.379,136.199,yes,0.804,0.804,0.2353,early,no,RACE 2 - LAP ANALYSIS,formula_ford_lap_analysis_right_column,5,14:08:07.550,official_lap_analysis_bryce_labeled_block,900ddfcb701b1977f16e33501302742c328980f5ffcccd190d2e433bba0b5681
session_formula_ford_2020_national_brands_hatch_race_2,event_formula_ford_2020_national_brands_hatch,BRSCC National FF1600 2020 - Brands Hatch,2020,race,RACE 2,Brands Hatch Indy,Indy,1.944,dry,official,6,50.575,138.371,yes,0.0,,0.2941,early,no,RACE 2 - LAP ANALYSIS,formula_ford_lap_analysis_right_column,5,14:08:58.125,official_lap_analysis_bryce_labeled_block,900ddfcb701b1977f16e33501302742c328980f5ffcccd190d2e433bba0b5681
session_formula_ford_2020_national_brands_hatch_race_2,event_formula_ford_2020_national_brands_hatch,BRSCC National FF1600 2020 - Brands Hatch,2020,race,RACE 2,Brands Hatch Indy,Indy,1.944,dry,official,7,51.119,136.891,yes,0.544,0.544,0.3529,middle,no,RACE 2 - LAP ANALYSIS,formula_ford_lap_analysis_right_column,5,14:09:49.244,official_lap_analysis_bryce_labeled_block,900ddfcb701b1977f16e33501302742c328980f5ffcccd190d2e433bba0b5681
session_formula_ford_2020_national_brands_hatch_race_2,event_formula_ford_2020_national_brands_hatch,BRSCC National FF1600 2020 - Brands Hatch,2020,race,RACE 2,Brands Hatch Indy,Indy,1.944,dry,official,8,51.086,136.987,yes,0.511,0.511,0.4118,middle,no,RACE 2 - LAP ANALYSIS,formula_ford_lap_analysis_right_column,5,14:10:40.330,official_lap_analysis_bryce_labeled_block,900ddfcb701b1977f16e33501302742c328980f5ffcccd190d2e433bba0b5681
session_formula_ford_2020_national_brands_hatch_race_2,event_formula_ford_2020_national_brands_hatch,BRSCC National FF1600 2020 - Brands Hatch,2020,race,RACE 2,Brands Hatch Indy,Indy,1.944,dry,official,9,51.163,136.778,yes,0.588,0.588,0.4706,middle,no,RACE 2 - LAP ANALYSIS,formula_ford_lap_analysis_right_column,5,14:11:31.493,official_lap_analysis_bryce_labeled_block,900ddfcb701b1977f16e33501302742c328980f5ffcccd190d2e433bba0b5681
session_formula_ford_2020_national_brands_hatch_race_2,event_formula_ford_2020_national_brands_hatch,BRSCC National FF1600 2020 - Brands Hatch,2020,race,RACE 2,Brands Hatch Indy,Indy,1.944,dry,official,10,51.103,136.939,yes,0.528,0.528,0.5294,middle,no,RACE 2 - LAP ANALYSIS,formula_ford_lap_analysis_right_column,5,14:12:22.596,official_lap_analysis_bryce_labeled_block,900ddfcb701b1977f16e33501302742c328980f5ffcccd190d2e433bba0b5681
session_formula_ford_2020_national_brands_hatch_race_2,event_formula_ford_2020_national_brands_hatch,BRSCC National FF1600 2020 - Brands Hatch,2020,race,RACE 2,Brands Hatch Indy,Indy,1.944,dry,official,11,50.729,137.953,yes,0.154,0.154,0.5882,middle,no,RACE 2 - LAP ANALYSIS,formula_ford_lap_analysis_right_column,5,14:13:13.325,official_lap_analysis_bryce_labeled_block,900ddfcb701b1977f16e33501302742c328980f5ffcccd190d2e433bba0b5681
session_formula_ford_2020_national_brands_hatch_race_2,event_formula_ford_2020_national_brands_hatch,BRSCC National FF1600 2020 - Brands Hatch,2020,race,RACE 2,Brands Hatch Indy,Indy,1.944,dry,official,12,50.843,137.647,yes,0.268,0.268,0.6471,middle,no,RACE 2 - LAP ANALYSIS,formula_ford_lap_analysis_right_column,5,14:14:04.168,official_lap_analysis_bryce_labeled_block,900ddfcb701b1977f16e33501302742c328980f5ffcccd190d2e433bba0b5681
session_formula_ford_2020_national_brands_hatch_race_2,event_formula_ford_2020_national_brands_hatch,BRSCC National FF1600 2020 - Brands Hatch,2020,race,RACE 2,Brands Hatch Indy,Indy,1.944,dry,official,13,51.194,136.698,yes,0.619,0.619,0.7059,late,no,RACE 2 - LAP ANALYSIS,formula_ford_lap_analysis_right_column,5,14:14:55.362,official_lap_analysis_bryce_labeled_block,900ddfcb701b1977f16e33501302742c328980f5ffcccd190d2e433bba0b5681
session_formula_ford_2020_national_brands_hatch_race_2,event_formula_ford_2020_national_brands_hatch,BRSCC National FF1600 2020 - Brands Hatch,2020,race,RACE 2,Brands Hatch Indy,Indy,1.944,dry,official,14,51.108,136.923,yes,0.533,0.533,0.7647,late,no,RACE 2 - LAP ANALYSIS,formula_ford_lap_analysis_right_column,5,14:15:46.470,official_lap_analysis_bryce_labeled_block,900ddfcb701b1977f16e33501302742c328980f5ffcccd190d2e433bba0b5681
session_formula_ford_2020_national_brands_hatch_race_2,event_formula_ford_2020_national_brands_hatch,BRSCC National FF1600 2020 - Brands Hatch,2020,race,RACE 2,Brands Hatch Indy,Indy,1.944,dry,official,15,51.995,134.589,yes,1.42,1.42,0.8235,late,no,RACE 2 - LAP ANALYSIS,formula_ford_lap_analysis_right_column,5,14:16:38.465,official_lap_analysis_bryce_labeled_block,900ddfcb701b1977f16e33501302742c328980f5ffcccd190d2e433bba0b5681
session_formula_ford_2020_national_brands_hatch_race_2,event_formula_ford_2020_national_brands_hatch,BRSCC National FF1600 2020 - Brands Hatch,2020,race,RACE 2,Brands Hatch Indy,Indy,1.944,dry,official,16,50.818,137.712,yes,0.243,0.243,0.8824,late,no,RACE 2 - LAP ANALYSIS,formula_ford_lap_analysis_right_column,5,14:17:29.283,official_lap_analysis_bryce_labeled_block,900ddfcb701b1977f16e33501302742c328980f5ffcccd190d2e433bba0b5681
session_formula_ford_2020_national_brands_hatch_race_2,event_formula_ford_2020_national_brands_hatch,BRSCC National FF1600 2020 - Brands Hatch,2020,race,RACE 2,Brands Hatch Indy,Indy,1.944,dry,official,17,50.874,137.551,yes,0.299,0.299,0.9412,late,no,RACE 2 - LAP ANALYSIS,formula_ford_lap_analysis_right_column,5,14:18:20.157,official_lap_analysis_bryce_labeled_block,900ddfcb701b1977f16e33501302742c328980f5ffcccd190d2e433bba0b5681
session_formula_ford_2020_national_brands_hatch_race_2,event_formula_ford_2020_national_brands_hatch,BRSCC National FF1600 2020 - Brands Hatch,2020,race,RACE 2,Brands Hatch Indy,Indy,1.944,dry,official,18,50.727,137.953,yes,0.152,0.152,1.0,late,no,RACE 2 - LAP ANALYSIS,formula_ford_lap_analysis_right_column,5,14:19:10.884,official_lap_analysis_bryce_labeled_block,900ddfcb701b1977f16e33501302742c328980f5ffcccd190d2e433bba0b5681
session_formula_ford_2020_national_oulton_park_qualifying_race_1,event_formula_ford_2020_national_oulton_park,BRSCC National FF1600 2020 - Oulton Park,2020,qualifying,QUALIFYING - RACE 1,Oulton Park International,International,4.332,dry,official,1,,,no,,,0.0,early,no,QUALIFYING - RACE 1 - LAP ANALYSIS,formula_ford_lap_analysis_right_column,12,08:56:50.545,official_lap_analysis_bryce_labeled_block,900ddfcb701b1977f16e33501302742c328980f5ffcccd190d2e433bba0b5681
session_formula_ford_2020_national_oulton_park_qualifying_race_1,event_formula_ford_2020_national_oulton_park,BRSCC National FF1600 2020 - Oulton Park,2020,qualifying,QUALIFYING - RACE 1,Oulton Park International,International,4.332,dry,official,2,157.588,98.959,yes,29.619,29.943,0.2,early,yes,QUALIFYING - RACE 1 - LAP ANALYSIS,formula_ford_lap_analysis_right_column,12,08:59:28.133,official_lap_analysis_bryce_labeled_block,900ddfcb701b1977f16e33501302742c328980f5ffcccd190d2e433bba0b5681
session_formula_ford_2020_national_oulton_park_qualifying_race_1,event_formula_ford_2020_national_oulton_park,BRSCC National FF1600 2020 - Oulton Park,2020,qualifying,QUALIFYING - RACE 1,Oulton Park International,International,4.332,dry,official,3,130.541,119.462,yes,2.572,2.896,0.4,middle,no,QUALIFYING - RACE 1 - LAP ANALYSIS,formula_ford_lap_analysis_right_column,12,09:01:38.674,official_lap_analysis_bryce_labeled_block,900ddfcb701b1977f16e33501302742c328980f5ffcccd190d2e433bba0b5681
session_formula_ford_2020_national_oulton_park_qualifying_race_1,event_formula_ford_2020_national_oulton_park,BRSCC National FF1600 2020 - Oulton Park,2020,qualifying,QUALIFYING - RACE 1,Oulton Park International,International,4.332,dry,official,4,128.537,121.328,yes,0.568,0.892,0.6,middle,no,QUALIFYING - RACE 1 - LAP ANALYSIS,formula_ford_lap_analysis_right_column,12,09:03:47.211,official_lap_analysis_bryce_labeled_block,900ddfcb701b1977f16e33501302742c328980f5ffcccd190d2e433bba0b5681
session_formula_ford_2020_national_oulton_park_qualifying_race_1,event_formula_ford_2020_national_oulton_park,BRSCC National FF1600 2020 - Oulton Park,2020,qualifying,QUALIFYING - RACE 1,Oulton Park International,International,4.332,dry,official,5,127.969,121.876,yes,0.0,0.324,0.8,late,no,QUALIFYING - RACE 1 - LAP ANALYSIS,formula_ford_lap_analysis_right_column,12,09:05:55.180,official_lap_analysis_bryce_labeled_block,900ddfcb701b1977f16e33501302742c328980f5ffcccd190d2e433bba0b5681
session_formula_ford_2020_national_oulton_park_qualifying_race_1,event_formula_ford_2020_national_oulton_park,BRSCC National FF1600 2020 - Oulton Park,2020,qualifying,QUALIFYING - RACE 1,Oulton Park International,International,4.332,dry,official,6,131.057,118.995,yes,3.088,3.412,1.0,late,no,QUALIFYING - RACE 1 - LAP ANALYSIS,formula_ford_lap_analysis_right_column,12,09:08:06.237,official_lap_analysis_bryce_labeled_block,900ddfcb701b1977f16e33501302742c328980f5ffcccd190d2e433bba0b5681
session_formula_ford_2020_national_oulton_park_race_1,event_formula_ford_2020_national_oulton_park,BRSCC National FF1600 2020 - Oulton Park,2020,race,RACE 1,Oulton Park International,International,4.332,wet,official,1,138.514,112.59,yes,11.477,11.477,0.0,early,yes,RACE 1 - LAP ANALYSIS,formula_ford_lap_analysis_right_column,9,11:37:20.139,official_lap_analysis_bryce_labeled_block,900ddfcb701b1977f16e33501302742c328980f5ffcccd190d2e433bba0b5681
session_formula_ford_2020_national_oulton_park_race_1,event_formula_ford_2020_national_oulton_park,BRSCC National FF1600 2020 - Oulton Park,2020,race,RACE 1,Oulton Park International,International,4.332,wet,official,2,127.037,122.761,yes,0.0,,0.2,early,no,RACE 1 - LAP ANALYSIS,formula_ford_lap_analysis_right_column,9,11:39:27.176,official_lap_analysis_bryce_labeled_block,900ddfcb701b1977f16e33501302742c328980f5ffcccd190d2e433bba0b5681
session_formula_ford_2020_national_oulton_park_race_1,event_formula_ford_2020_national_oulton_park,BRSCC National FF1600 2020 - Oulton Park,2020,race,RACE 1,Oulton Park International,International,4.332,wet,official,3,127.408,122.407,yes,0.371,0.371,0.4,middle,no,RACE 1 - LAP ANALYSIS,formula_ford_lap_analysis_right_column,9,11:41:34.584,official_lap_analysis_bryce_labeled_block,900ddfcb701b1977f16e33501302742c328980f5ffcccd190d2e433bba0b5681
session_formula_ford_2020_national_oulton_park_race_1,event_formula_ford_2020_national_oulton_park,BRSCC National FF1600 2020 - Oulton Park,2020,race,RACE 1,Oulton Park International,International,4.332,wet,official,5,204.453,76.283,yes,77.416,77.416,0.8,late,yes,RACE 1 - LAP ANALYSIS,formula_ford_lap_analysis_right_column,9,11:49:45.784,official_lap_analysis_bryce_labeled_block,900ddfcb701b1977f16e33501302742c328980f5ffcccd190d2e433bba0b5681
session_formula_ford_2020_national_oulton_park_race_1,event_formula_ford_2020_national_oulton_park,BRSCC National FF1600 2020 - Oulton Park,2020,race,RACE 1,Oulton Park International,International,4.332,wet,official,6,128.624,121.248,yes,1.587,1.587,1.0,late,no,RACE 1 - LAP ANALYSIS,formula_ford_lap_analysis_right_column,9,11:51:54.408,official_lap_analysis_bryce_labeled_block,900ddfcb701b1977f16e33501302742c328980f5ffcccd190d2e433bba0b5681
session_formula_ford_2020_national_oulton_park_race_8,event_formula_ford_2020_national_oulton_park,BRSCC National FF1600 2020 - Oulton Park,2020,race,RACE 8,Oulton Park International,International,4.332,wet,official,1,136.75,114.038,yes,10.893,10.893,0.0,early,yes,RACE 8 - LAP ANALYSIS,formula_ford_lap_analysis_right_column,7,16:11:06.381,official_lap_analysis_bryce_labeled_block,900ddfcb701b1977f16e33501302742c328980f5ffcccd190d2e433bba0b5681
session_formula_ford_2020_national_oulton_park_race_8,event_formula_ford_2020_national_oulton_park,BRSCC National FF1600 2020 - Oulton Park,2020,race,RACE 8,Oulton Park International,International,4.332,wet,official,2,128.335,121.522,yes,2.478,2.478,0.1667,early,no,RACE 8 - LAP ANALYSIS,formula_ford_lap_analysis_right_column,7,16:13:14.716,official_lap_analysis_bryce_labeled_block,900ddfcb701b1977f16e33501302742c328980f5ffcccd190d2e433bba0b5681
session_formula_ford_2020_national_oulton_park_race_8,event_formula_ford_2020_national_oulton_park,BRSCC National FF1600 2020 - Oulton Park,2020,race,RACE 8,Oulton Park International,International,4.332,wet,official,3,125.857,123.919,yes,0.0,,0.3333,early,no,RACE 8 - LAP ANALYSIS,formula_ford_lap_analysis_right_column,7,16:15:20.573,official_lap_analysis_bryce_labeled_block,900ddfcb701b1977f16e33501302742c328980f5ffcccd190d2e433bba0b5681
session_formula_ford_2020_national_oulton_park_race_8,event_formula_ford_2020_national_oulton_park,BRSCC National FF1600 2020 - Oulton Park,2020,race,RACE 8,Oulton Park International,International,4.332,wet,official,4,126.18,123.598,yes,0.323,0.323,0.5,middle,no,RACE 8 - LAP ANALYSIS,formula_ford_lap_analysis_right_column,7,16:17:26.753,official_lap_analysis_bryce_labeled_block,900ddfcb701b1977f16e33501302742c328980f5ffcccd190d2e433bba0b5681
session_formula_ford_2020_national_oulton_park_race_8,event_formula_ford_2020_national_oulton_park,BRSCC National FF1600 2020 - Oulton Park,2020,race,RACE 8,Oulton Park International,International,4.332,wet,official,5,126.566,123.227,yes,0.709,0.709,0.6667,middle,no,RACE 8 - LAP ANALYSIS,formula_ford_lap_analysis_right_column,7,16:19:33.319,official_lap_analysis_bryce_labeled_block,900ddfcb701b1977f16e33501302742c328980f5ffcccd190d2e433bba0b5681
session_formula_ford_2020_national_oulton_park_race_8,event_formula_ford_2020_national_oulton_park,BRSCC National FF1600 2020 - Oulton Park,2020,race,RACE 8,Oulton Park International,International,4.332,wet,official,6,126.233,123.549,yes,0.376,0.376,0.8333,late,no,RACE 8 - LAP ANALYSIS,formula_ford_lap_analysis_right_column,7,16:21:39.552,official_lap_analysis_bryce_labeled_block,900ddfcb701b1977f16e33501302742c328980f5ffcccd190d2e433bba0b5681
session_formula_ford_2020_national_oulton_park_race_8,event_formula_ford_2020_national_oulton_park,BRSCC National FF1600 2020 - Oulton Park,2020,race,RACE 8,Oulton Park International,International,4.332,wet,official,7,126.667,123.131,yes,0.81,0.81,1.0,late,no,RACE 8 - LAP ANALYSIS,formula_ford_lap_analysis_right_column,7,16:23:46.219,official_lap_analysis_bryce_labeled_block,900ddfcb701b1977f16e33501302742c328980f5ffcccd190d2e433bba0b5681
session_formula_ford_2020_national_silverstone_qualifying_race_3,event_formula_ford_2020_national_silverstone,BRSCC National FF1600 2020 - Silverstone International,2020,qualifying,QUALIFYING - RACE 3,Silverstone International,International,2.9785,unknown,official,1,,,no,,,0.0,early,no,QUALIFYING - RACE 3 - LAP ANALYSIS,formula_ford_lap_analysis_right_column,6,09:58:06.830,official_lap_analysis_bryce_labeled_block,900ddfcb701b1977f16e33501302742c328980f5ffcccd190d2e433bba0b5681
session_formula_ford_2020_national_silverstone_qualifying_race_3,event_formula_ford_2020_national_silverstone,BRSCC National FF1600 2020 - Silverstone International,2020,qualifying,QUALIFYING - RACE 3,Silverstone International,International,2.9785,unknown,official,2,73.039,146.804,yes,1.848,1.848,0.0833,early,no,QUALIFYING - RACE 3 - LAP ANALYSIS,formula_ford_lap_analysis_right_column,6,09:59:19.869,official_lap_analysis_bryce_labeled_block,900ddfcb701b1977f16e33501302742c328980f5ffcccd190d2e433bba0b5681
session_formula_ford_2020_national_silverstone_qualifying_race_3,event_formula_ford_2020_national_silverstone,BRSCC National FF1600 2020 - Silverstone International,2020,qualifying,QUALIFYING - RACE 3,Silverstone International,International,2.9785,unknown,official,3,72.575,147.754,yes,1.384,1.384,0.1667,early,no,QUALIFYING - RACE 3 - LAP ANALYSIS,formula_ford_lap_analysis_right_column,6,10:00:32.444,official_lap_analysis_bryce_labeled_block,900ddfcb701b1977f16e33501302742c328980f5ffcccd190d2e433bba0b5681
session_formula_ford_2020_national_silverstone_qualifying_race_3,event_formula_ford_2020_national_silverstone,BRSCC National FF1600 2020 - Silverstone International,2020,qualifying,QUALIFYING - RACE 3,Silverstone International,International,2.9785,unknown,official,4,71.803,149.331,yes,0.612,0.612,0.25,early,no,QUALIFYING - RACE 3 - LAP ANALYSIS,formula_ford_lap_analysis_right_column,6,10:01:44.247,official_lap_analysis_bryce_labeled_block,900ddfcb701b1977f16e33501302742c328980f5ffcccd190d2e433bba0b5681
session_formula_ford_2020_national_silverstone_qualifying_race_3,event_formula_ford_2020_national_silverstone,BRSCC National FF1600 2020 - Silverstone International,2020,qualifying,QUALIFYING - RACE 3,Silverstone International,International,2.9785,unknown,official,5,72.887,147.11,yes,1.696,1.696,0.3333,early,no,QUALIFYING - RACE 3 - LAP ANALYSIS,formula_ford_lap_analysis_right_column,6,10:02:57.134,official_lap_analysis_bryce_labeled_block,900ddfcb701b1977f16e33501302742c328980f5ffcccd190d2e433bba0b5681
session_formula_ford_2020_national_silverstone_qualifying_race_3,event_formula_ford_2020_national_silverstone,BRSCC National FF1600 2020 - Silverstone International,2020,qualifying,QUALIFYING - RACE 3,Silverstone International,International,2.9785,unknown,official,6,71.885,149.17,yes,0.694,0.694,0.4167,middle,no,QUALIFYING - RACE 3 - LAP ANALYSIS,formula_ford_lap_analysis_right_column,6,10:04:09.019,official_lap_analysis_bryce_labeled_block,900ddfcb701b1977f16e33501302742c328980f5ffcccd190d2e433bba0b5681
session_formula_ford_2020_national_silverstone_qualifying_race_3,event_formula_ford_2020_national_silverstone,BRSCC National FF1600 2020 - Silverstone International,2020,qualifying,QUALIFYING - RACE 3,Silverstone International,International,2.9785,unknown,official,7,71.287,150.425,yes,0.096,0.096,0.5,middle,no,QUALIFYING - RACE 3 - LAP ANALYSIS,formula_ford_lap_analysis_right_column,6,10:05:20.306,official_lap_analysis_bryce_labeled_block,900ddfcb701b1977f16e33501302742c328980f5ffcccd190d2e433bba0b5681
session_formula_ford_2020_national_silverstone_qualifying_race_3,event_formula_ford_2020_national_silverstone,BRSCC National FF1600 2020 - Silverstone International,2020,qualifying,QUALIFYING - RACE 3,Silverstone International,International,2.9785,unknown,official,8,71.491,149.991,yes,0.3,0.3,0.5833,middle,no,QUALIFYING - RACE 3 - LAP ANALYSIS,formula_ford_lap_analysis_right_column,6,10:06:31.797,official_lap_analysis_bryce_labeled_block,900ddfcb701b1977f16e33501302742c328980f5ffcccd190d2e433bba0b5681
session_formula_ford_2020_national_silverstone_qualifying_race_3,event_formula_ford_2020_national_silverstone,BRSCC National FF1600 2020 - Silverstone International,2020,qualifying,QUALIFYING - RACE 3,Silverstone International,International,2.9785,unknown,official,9,72.388,148.124,yes,1.197,1.197,0.6667,middle,no,QUALIFYING - RACE 3 - LAP ANALYSIS,formula_ford_lap_analysis_right_column,6,10:07:44.185,official_lap_analysis_bryce_labeled_block,900ddfcb701b1977f16e33501302742c328980f5ffcccd190d2e433bba0b5681
session_formula_ford_2020_national_silverstone_qualifying_race_3,event_formula_ford_2020_national_silverstone,BRSCC National FF1600 2020 - Silverstone International,2020,qualifying,QUALIFYING - RACE 3,Silverstone International,International,2.9785,unknown,official,10,75.36,142.282,yes,4.169,4.169,0.75,late,no,QUALIFYING - RACE 3 - LAP ANALYSIS,formula_ford_lap_analysis_right_column,6,10:08:59.545,official_lap_analysis_bryce_labeled_block,900ddfcb701b1977f16e33501302742c328980f5ffcccd190d2e433bba0b5681
session_formula_ford_2020_national_silverstone_qualifying_race_3,event_formula_ford_2020_national_silverstone,BRSCC National FF1600 2020 - Silverstone International,2020,qualifying,QUALIFYING - RACE 3,Silverstone International,International,2.9785,unknown,official,11,71.191,150.619,yes,0.0,,0.8333,late,no,QUALIFYING - RACE 3 - LAP ANALYSIS,formula_ford_lap_analysis_right_column,6,10:10:10.736,official_lap_analysis_bryce_labeled_block,900ddfcb701b1977f16e33501302742c328980f5ffcccd190d2e433bba0b5681
session_formula_ford_2020_national_silverstone_qualifying_race_3,event_formula_ford_2020_national_silverstone,BRSCC National FF1600 2020 - Silverstone International,2020,qualifying,QUALIFYING - RACE 3,Silverstone International,International,2.9785,unknown,official,12,72.863,147.158,yes,1.672,1.672,0.9167,late,no,QUALIFYING - RACE 3 - LAP ANALYSIS,formula_ford_lap_analysis_right_column,6,10:11:23.599,official_lap_analysis_bryce_labeled_block,900ddfcb701b1977f16e33501302742c328980f5ffcccd190d2e433bba0b5681
session_formula_ford_2020_national_silverstone_qualifying_race_3,event_formula_ford_2020_national_silverstone,BRSCC National FF1600 2020 - Silverstone International,2020,qualifying,QUALIFYING - RACE 3,Silverstone International,International,2.9785,unknown,official,13,71.26,150.474,yes,0.069,0.069,1.0,late,no,QUALIFYING - RACE 3 - LAP ANALYSIS,formula_ford_lap_analysis_right_column,6,10:12:34.859,official_lap_analysis_bryce_labeled_block,900ddfcb701b1977f16e33501302742c328980f5ffcccd190d2e433bba0b5681
session_formula_ford_2020_national_silverstone_race_3,event_formula_ford_2020_national_silverstone,BRSCC National FF1600 2020 - Silverstone International,2020,race,RACE 3,Silverstone International,International,2.9785,wet,official,1,85.974,124.724,yes,6.079,6.079,0.0,early,no,RACE 3 - LAP ANALYSIS,formula_ford_lap_analysis_left_column,9,14:03:17.507,official_lap_analysis_bryce_labeled_block,900ddfcb701b1977f16e33501302742c328980f5ffcccd190d2e433bba0b5681
session_formula_ford_2020_national_silverstone_race_3,event_formula_ford_2020_national_silverstone,BRSCC National FF1600 2020 - Silverstone International,2020,race,RACE 3,Silverstone International,International,2.9785,wet,official,2,80.756,132.787,yes,0.861,0.861,0.0909,early,no,RACE 3 - LAP ANALYSIS,formula_ford_lap_analysis_left_column,9,14:04:38.263,official_lap_analysis_bryce_labeled_block,900ddfcb701b1977f16e33501302742c328980f5ffcccd190d2e433bba0b5681
session_formula_ford_2020_national_silverstone_race_3,event_formula_ford_2020_national_silverstone,BRSCC National FF1600 2020 - Silverstone International,2020,race,RACE 3,Silverstone International,International,2.9785,wet,official,3,80.529,133.157,yes,0.634,0.634,0.1818,early,no,RACE 3 - LAP ANALYSIS,formula_ford_lap_analysis_left_column,9,14:05:58.792,official_lap_analysis_bryce_labeled_block,900ddfcb701b1977f16e33501302742c328980f5ffcccd190d2e433bba0b5681
session_formula_ford_2020_national_silverstone_race_3,event_formula_ford_2020_national_silverstone,BRSCC National FF1600 2020 - Silverstone International,2020,race,RACE 3,Silverstone International,International,2.9785,wet,official,4,80.613,133.012,yes,0.718,0.718,0.2727,early,no,RACE 3 - LAP ANALYSIS,formula_ford_lap_analysis_left_column,9,14:07:19.405,official_lap_analysis_bryce_labeled_block,900ddfcb701b1977f16e33501302742c328980f5ffcccd190d2e433bba0b5681
session_formula_ford_2020_national_silverstone_race_3,event_formula_ford_2020_national_silverstone,BRSCC National FF1600 2020 - Silverstone International,2020,race,RACE 3,Silverstone International,International,2.9785,wet,official,5,80.611,133.012,yes,0.716,0.716,0.3636,middle,no,RACE 3 - LAP ANALYSIS,formula_ford_lap_analysis_left_column,9,14:08:40.016,official_lap_analysis_bryce_labeled_block,900ddfcb701b1977f16e33501302742c328980f5ffcccd190d2e433bba0b5681
session_formula_ford_2020_national_silverstone_race_3,event_formula_ford_2020_national_silverstone,BRSCC National FF1600 2020 - Silverstone International,2020,race,RACE 3,Silverstone International,International,2.9785,wet,official,6,80.545,133.125,yes,0.65,0.65,0.4545,middle,no,RACE 3 - LAP ANALYSIS,formula_ford_lap_analysis_left_column,9,14:10:00.561,official_lap_analysis_bryce_labeled_block,900ddfcb701b1977f16e33501302742c328980f5ffcccd190d2e433bba0b5681
session_formula_ford_2020_national_silverstone_race_3,event_formula_ford_2020_national_silverstone,BRSCC National FF1600 2020 - Silverstone International,2020,race,RACE 3,Silverstone International,International,2.9785,wet,official,7,81.163,132.111,yes,1.268,1.268,0.5455,middle,no,RACE 3 - LAP ANALYSIS,formula_ford_lap_analysis_left_column,9,14:11:21.724,official_lap_analysis_bryce_labeled_block,900ddfcb701b1977f16e33501302742c328980f5ffcccd190d2e433bba0b5681
session_formula_ford_2020_national_silverstone_race_3,event_formula_ford_2020_national_silverstone,BRSCC National FF1600 2020 - Silverstone International,2020,race,RACE 3,Silverstone International,International,2.9785,wet,official,8,80.39,133.382,yes,0.495,0.495,0.6364,middle,no,RACE 3 - LAP ANALYSIS,formula_ford_lap_analysis_left_column,9,14:12:42.114,official_lap_analysis_bryce_labeled_block,900ddfcb701b1977f16e33501302742c328980f5ffcccd190d2e433bba0b5681
session_formula_ford_2020_national_silverstone_race_3,event_formula_ford_2020_national_silverstone,BRSCC National FF1600 2020 - Silverstone International,2020,race,RACE 3,Silverstone International,International,2.9785,wet,official,9,79.895,134.203,yes,0.0,,0.7273,late,no,RACE 3 - LAP ANALYSIS,formula_ford_lap_analysis_left_column,9,14:14:02.009,official_lap_analysis_bryce_labeled_block,900ddfcb701b1977f16e33501302742c328980f5ffcccd190d2e433bba0b5681
session_formula_ford_2020_national_silverstone_race_3,event_formula_ford_2020_national_silverstone,BRSCC National FF1600 2020 - Silverstone International,2020,race,RACE 3,Silverstone International,International,2.9785,wet,official,10,80.498,133.205,yes,0.603,0.603,0.8182,late,no,RACE 3 - LAP ANALYSIS,formula_ford_lap_analysis_left_column,9,14:15:22.507,official_lap_analysis_bryce_labeled_block,900ddfcb701b1977f16e33501302742c328980f5ffcccd190d2e433bba0b5681
session_formula_ford_2020_national_silverstone_race_3,event_formula_ford_2020_national_silverstone,BRSCC National FF1600 2020 - Silverstone International,2020,race,RACE 3,Silverstone International,International,2.9785,wet,official,11,80.361,133.431,yes,0.466,0.466,0.9091,late,no,RACE 3 - LAP ANALYSIS,formula_ford_lap_analysis_left_column,9,14:16:42.868,official_lap_analysis_bryce_labeled_block,900ddfcb701b1977f16e33501302742c328980f5ffcccd190d2e433bba0b5681
session_formula_ford_2020_national_silverstone_race_3,event_formula_ford_2020_national_silverstone,BRSCC National FF1600 2020 - Silverstone International,2020,race,RACE 3,Silverstone International,International,2.9785,wet,official,12,81.036,132.32,yes,1.141,1.141,1.0,late,no,RACE 3 - LAP ANALYSIS,formula_ford_lap_analysis_left_column,9,14:18:03.904,official_lap_analysis_bryce_labeled_block,900ddfcb701b1977f16e33501302742c328980f5ffcccd190d2e433bba0b5681
session_formula_ford_2020_national_silverstone_race_7,event_formula_ford_2020_national_silverstone,BRSCC National FF1600 2020 - Silverstone International,2020,race,RACE 7,Silverstone International,International,2.9785,drying,official,1,83.056,129.102,yes,3.843,10.767,0.0,early,no,RACE 7 - LAP ANALYSIS,formula_ford_lap_analysis_left_column,5,17:21:49.270,official_lap_analysis_bryce_labeled_block,900ddfcb701b1977f16e33501302742c328980f5ffcccd190d2e433bba0b5681
session_formula_ford_2020_national_silverstone_race_7,event_formula_ford_2020_national_silverstone,BRSCC National FF1600 2020 - Silverstone International,2020,race,RACE 7,Silverstone International,International,2.9785,drying,official,2,79.213,135.362,yes,0.0,6.924,1.0,late,no,RACE 7 - LAP ANALYSIS,formula_ford_lap_analysis_left_column,5,17:23:08.483,official_lap_analysis_bryce_labeled_block,900ddfcb701b1977f16e33501302742c328980f5ffcccd190d2e433bba0b5681
session_formula_ford_2020_wht_grand_final,event_formula_ford_2020_walter_hayes_trophy,Walter Hayes Trophy 2020,2020,race,GRAND FINAL,Silverstone National,National,2.64,wet,official,1,72.062,131.886,yes,3.163,3.163,0.0,early,no,GRAND FINAL - SECTOR ANALYSIS,formula_ford_sector_analysis_block,3,15:53:30.888,official_lap_analysis_bryce_labeled_block,900ddfcb701b1977f16e33501302742c328980f5ffcccd190d2e433bba0b5681
session_formula_ford_2020_wht_grand_final,event_formula_ford_2020_walter_hayes_trophy,Walter Hayes Trophy 2020,2020,race,GRAND FINAL,Silverstone National,National,2.64,wet,official,2,68.899,137.937,yes,0.0,,0.25,early,no,GRAND FINAL - SECTOR ANALYSIS,formula_ford_sector_analysis_block,3,15:54:39.787,official_lap_analysis_bryce_labeled_block,900ddfcb701b1977f16e33501302742c328980f5ffcccd190d2e433bba0b5681
session_formula_ford_2020_wht_grand_final,event_formula_ford_2020_walter_hayes_trophy,Walter Hayes Trophy 2020,2020,race,GRAND FINAL,Silverstone National,National,2.64,wet,official,3,69.068,137.599,yes,0.169,0.169,0.5,middle,no,GRAND FINAL - SECTOR ANALYSIS,formula_ford_sector_analysis_block,3,15:55:48.855,official_lap_analysis_bryce_labeled_block,900ddfcb701b1977f16e33501302742c328980f5ffcccd190d2e433bba0b5681
session_formula_ford_2020_wht_grand_final,event_formula_ford_2020_walter_hayes_trophy,Walter Hayes Trophy 2020,2020,race,GRAND FINAL,Silverstone National,National,2.64,wet,official,4,69.189,137.358,yes,0.29,0.29,0.75,late,no,GRAND FINAL - SECTOR ANALYSIS,formula_ford_sector_analysis_block,3,15:56:58.044,official_lap_analysis_bryce_labeled_block,900ddfcb701b1977f16e33501302742c328980f5ffcccd190d2e433bba0b5681
session_formula_ford_2020_wht_grand_final,event_formula_ford_2020_walter_hayes_trophy,Walter Hayes Trophy 2020,2020,race,GRAND FINAL,Silverstone National,National,2.64,wet,official,5,69.252,137.229,yes,0.353,0.353,1.0,late,no,GRAND FINAL - SECTOR ANALYSIS,formula_ford_sector_analysis_block,3,15:58:07.296,official_lap_analysis_bryce_labeled_block,900ddfcb701b1977f16e33501302742c328980f5ffcccd190d2e433bba0b5681
session_formula_ford_2020_wht_heat_3,event_formula_ford_2020_walter_hayes_trophy,Walter Hayes Trophy 2020,2020,heat,HEAT 3,Silverstone National,National,2.64,wet,official,1,72.972,130.228,yes,3.715,3.715,0.0,early,no,HEAT 3 - SECTOR ANALYSIS,formula_ford_sector_analysis_block,4,14:14:33.594,official_lap_analysis_bryce_labeled_block,900ddfcb701b1977f16e33501302742c328980f5ffcccd190d2e433bba0b5681
session_formula_ford_2020_wht_heat_3,event_formula_ford_2020_walter_hayes_trophy,Walter Hayes Trophy 2020,2020,heat,HEAT 3,Silverstone National,National,2.64,wet,official,2,70.008,135.748,yes,0.751,0.751,0.1429,early,no,HEAT 3 - SECTOR ANALYSIS,formula_ford_sector_analysis_block,4,14:15:43.602,official_lap_analysis_bryce_labeled_block,900ddfcb701b1977f16e33501302742c328980f5ffcccd190d2e433bba0b5681
session_formula_ford_2020_wht_heat_3,event_formula_ford_2020_walter_hayes_trophy,Walter Hayes Trophy 2020,2020,heat,HEAT 3,Silverstone National,National,2.64,wet,official,3,69.97,135.829,yes,0.713,0.713,0.2857,early,no,HEAT 3 - SECTOR ANALYSIS,formula_ford_sector_analysis_block,4,14:16:53.572,official_lap_analysis_bryce_labeled_block,900ddfcb701b1977f16e33501302742c328980f5ffcccd190d2e433bba0b5681
session_formula_ford_2020_wht_heat_3,event_formula_ford_2020_walter_hayes_trophy,Walter Hayes Trophy 2020,2020,heat,HEAT 3,Silverstone National,National,2.64,wet,official,4,69.317,137.1,yes,0.06,0.06,0.4286,middle,no,HEAT 3 - SECTOR ANALYSIS,formula_ford_sector_analysis_block,4,14:18:02.889,official_lap_analysis_bryce_labeled_block,900ddfcb701b1977f16e33501302742c328980f5ffcccd190d2e433bba0b5681
session_formula_ford_2020_wht_heat_3,event_formula_ford_2020_walter_hayes_trophy,Walter Hayes Trophy 2020,2020,heat,HEAT 3,Silverstone National,National,2.64,wet,official,5,69.257,137.229,yes,0.0,,0.5714,middle,no,HEAT 3 - SECTOR ANALYSIS,formula_ford_sector_analysis_block,4,14:19:12.146,official_lap_analysis_bryce_labeled_block,900ddfcb701b1977f16e33501302742c328980f5ffcccd190d2e433bba0b5681
session_formula_ford_2020_wht_heat_3,event_formula_ford_2020_walter_hayes_trophy,Walter Hayes Trophy 2020,2020,heat,HEAT 3,Silverstone National,National,2.64,wet,official,6,69.48,136.778,yes,0.223,0.223,0.7143,late,no,HEAT 3 - SECTOR ANALYSIS,formula_ford_sector_analysis_block,4,14:20:21.626,official_lap_analysis_bryce_labeled_block,900ddfcb701b1977f16e33501302742c328980f5ffcccd190d2e433bba0b5681
session_formula_ford_2020_wht_heat_3,event_formula_ford_2020_walter_hayes_trophy,Walter Hayes Trophy 2020,2020,heat,HEAT 3,Silverstone National,National,2.64,wet,official,7,69.265,137.213,yes,0.008,0.008,0.8571,late,no,HEAT 3 - SECTOR ANALYSIS,formula_ford_sector_analysis_block,4,14:21:30.891,official_lap_analysis_bryce_labeled_block,900ddfcb701b1977f16e33501302742c328980f5ffcccd190d2e433bba0b5681
session_formula_ford_2020_wht_heat_3,event_formula_ford_2020_walter_hayes_trophy,Walter Hayes Trophy 2020,2020,heat,HEAT 3,Silverstone National,National,2.64,wet,official,8,69.28,137.18,yes,0.023,0.023,1.0,late,no,HEAT 3 - SECTOR ANALYSIS,formula_ford_sector_analysis_block,4,14:22:40.171,official_lap_analysis_bryce_labeled_block,900ddfcb701b1977f16e33501302742c328980f5ffcccd190d2e433bba0b5681
session_formula_ford_2020_wht_heat_3_qualifying,event_formula_ford_2020_walter_hayes_trophy,Walter Hayes Trophy 2020,2020,qualifying,HEAT 3 QUALIFYING,Silverstone National,National,2.64,damp,official,1,71.778,132.401,yes,2.336,2.336,0.0,early,no,HEAT 3 QUALIFYING - SECTOR ANALYSIS,formula_ford_sector_analysis_block,6,09:31:36.431,official_lap_analysis_bryce_labeled_block,900ddfcb701b1977f16e33501302742c328980f5ffcccd190d2e433bba0b5681
session_formula_ford_2020_wht_heat_3_qualifying,event_formula_ford_2020_walter_hayes_trophy,Walter Hayes Trophy 2020,2020,qualifying,HEAT 3 QUALIFYING,Silverstone National,National,2.64,damp,official,2,71.338,133.221,yes,1.896,1.896,0.125,early,no,HEAT 3 QUALIFYING - SECTOR ANALYSIS,formula_ford_sector_analysis_block,6,09:32:47.769,official_lap_analysis_bryce_labeled_block,900ddfcb701b1977f16e33501302742c328980f5ffcccd190d2e433bba0b5681
session_formula_ford_2020_wht_heat_3_qualifying,event_formula_ford_2020_walter_hayes_trophy,Walter Hayes Trophy 2020,2020,qualifying,HEAT 3 QUALIFYING,Silverstone National,National,2.64,damp,official,3,71.343,133.205,yes,1.901,1.901,0.25,early,no,HEAT 3 QUALIFYING - SECTOR ANALYSIS,formula_ford_sector_analysis_block,6,09:33:59.112,official_lap_analysis_bryce_labeled_block,900ddfcb701b1977f16e33501302742c328980f5ffcccd190d2e433bba0b5681
session_formula_ford_2020_wht_heat_3_qualifying,event_formula_ford_2020_walter_hayes_trophy,Walter Hayes Trophy 2020,2020,qualifying,HEAT 3 QUALIFYING,Silverstone National,National,2.64,damp,official,4,69.731,136.295,yes,0.289,0.289,0.375,middle,no,HEAT 3 QUALIFYING - SECTOR ANALYSIS,formula_ford_sector_analysis_block,6,09:35:08.843,official_lap_analysis_bryce_labeled_block,900ddfcb701b1977f16e33501302742c328980f5ffcccd190d2e433bba0b5681
session_formula_ford_2020_wht_heat_3_qualifying,event_formula_ford_2020_walter_hayes_trophy,Walter Hayes Trophy 2020,2020,qualifying,HEAT 3 QUALIFYING,Silverstone National,National,2.64,damp,official,5,69.689,136.376,yes,0.247,0.247,0.5,middle,no,HEAT 3 QUALIFYING - SECTOR ANALYSIS,formula_ford_sector_analysis_block,6,09:36:18.532,official_lap_analysis_bryce_labeled_block,900ddfcb701b1977f16e33501302742c328980f5ffcccd190d2e433bba0b5681
session_formula_ford_2020_wht_heat_3_qualifying,event_formula_ford_2020_walter_hayes_trophy,Walter Hayes Trophy 2020,2020,qualifying,HEAT 3 QUALIFYING,Silverstone National,National,2.64,damp,official,6,69.477,136.794,yes,0.035,0.035,0.625,middle,no,HEAT 3 QUALIFYING - SECTOR ANALYSIS,formula_ford_sector_analysis_block,6,09:37:28.009,official_lap_analysis_bryce_labeled_block,900ddfcb701b1977f16e33501302742c328980f5ffcccd190d2e433bba0b5681
session_formula_ford_2020_wht_heat_3_qualifying,event_formula_ford_2020_walter_hayes_trophy,Walter Hayes Trophy 2020,2020,qualifying,HEAT 3 QUALIFYING,Silverstone National,National,2.64,damp,official,7,69.748,136.263,yes,0.306,0.306,0.75,late,no,HEAT 3 QUALIFYING - SECTOR ANALYSIS,formula_ford_sector_analysis_block,6,09:38:37.757,official_lap_analysis_bryce_labeled_block,900ddfcb701b1977f16e33501302742c328980f5ffcccd190d2e433bba0b5681
session_formula_ford_2020_wht_heat_3_qualifying,event_formula_ford_2020_walter_hayes_trophy,Walter Hayes Trophy 2020,2020,qualifying,HEAT 3 QUALIFYING,Silverstone National,National,2.64,damp,official,8,69.442,136.859,yes,0.0,,0.875,late,no,HEAT 3 QUALIFYING - SECTOR ANALYSIS,formula_ford_sector_analysis_block,6,09:39:47.199,official_lap_analysis_bryce_labeled_block,900ddfcb701b1977f16e33501302742c328980f5ffcccd190d2e433bba0b5681
session_formula_ford_2020_wht_heat_3_qualifying,event_formula_ford_2020_walter_hayes_trophy,Walter Hayes Trophy 2020,2020,qualifying,HEAT 3 QUALIFYING,Silverstone National,National,2.64,damp,official,9,69.482,136.778,yes,0.04,0.04,1.0,late,no,HEAT 3 QUALIFYING - SECTOR ANALYSIS,formula_ford_sector_analysis_block,6,09:40:56.681,official_lap_analysis_bryce_labeled_block,900ddfcb701b1977f16e33501302742c328980f5ffcccd190d2e433bba0b5681
session_formula_ford_2020_wht_semi_final_2,event_formula_ford_2020_walter_hayes_trophy,Walter Hayes Trophy 2020,2020,race,SEMI FINAL 2,Silverstone National,National,2.64,damp,official,1,69.918,135.925,yes,4.131,4.131,0.0,early,no,SEMI FINAL 2 - SECTOR ANALYSIS,formula_ford_sector_analysis_block,5,13:27:37.610,official_lap_analysis_bryce_labeled_block,900ddfcb701b1977f16e33501302742c328980f5ffcccd190d2e433bba0b5681
session_formula_ford_2020_wht_semi_final_2,event_formula_ford_2020_walter_hayes_trophy,Walter Hayes Trophy 2020,2020,race,SEMI FINAL 2,Silverstone National,National,2.64,damp,official,2,68.042,139.675,yes,2.255,2.255,0.0909,early,no,SEMI FINAL 2 - SECTOR ANALYSIS,formula_ford_sector_analysis_block,5,13:28:45.652,official_lap_analysis_bryce_labeled_block,900ddfcb701b1977f16e33501302742c328980f5ffcccd190d2e433bba0b5681
session_formula_ford_2020_wht_semi_final_2,event_formula_ford_2020_walter_hayes_trophy,Walter Hayes Trophy 2020,2020,race,SEMI FINAL 2,Silverstone National,National,2.64,damp,official,3,111.504,73.574,yes,45.717,52.96,0.1818,early,yes,SEMI FINAL 2 - SECTOR ANALYSIS,formula_ford_sector_analysis_block,5,13:30:37.156,official_lap_analysis_bryce_labeled_block,900ddfcb701b1977f16e33501302742c328980f5ffcccd190d2e433bba0b5681
session_formula_ford_2020_wht_semi_final_2,event_formula_ford_2020_walter_hayes_trophy,Walter Hayes Trophy 2020,2020,race,SEMI FINAL 2,Silverstone National,National,2.64,damp,official,4,115.134,79.416,yes,49.347,51.29,0.2727,early,yes,SEMI FINAL 2 - SECTOR ANALYSIS,formula_ford_sector_analysis_block,5,13:32:32.290,official_lap_analysis_bryce_labeled_block,900ddfcb701b1977f16e33501302742c328980f5ffcccd190d2e433bba0b5681
session_formula_ford_2020_wht_semi_final_2,event_formula_ford_2020_walter_hayes_trophy,Walter Hayes Trophy 2020,2020,race,SEMI FINAL 2,Silverstone National,National,2.64,damp,official,5,65.787,144.455,yes,0.0,,0.3636,middle,no,SEMI FINAL 2 - SECTOR ANALYSIS,formula_ford_sector_analysis_block,5,13:33:38.077,official_lap_analysis_bryce_labeled_block,900ddfcb701b1977f16e33501302742c328980f5ffcccd190d2e433bba0b5681
session_formula_ford_2020_wht_semi_final_2,event_formula_ford_2020_walter_hayes_trophy,Walter Hayes Trophy 2020,2020,race,SEMI FINAL 2,Silverstone National,National,2.64,damp,official,6,68.185,139.385,yes,2.398,2.398,0.4545,middle,no,SEMI FINAL 2 - SECTOR ANALYSIS,formula_ford_sector_analysis_block,5,13:34:46.262,official_lap_analysis_bryce_labeled_block,900ddfcb701b1977f16e33501302742c328980f5ffcccd190d2e433bba0b5681
session_formula_ford_2020_wht_semi_final_2,event_formula_ford_2020_walter_hayes_trophy,Walter Hayes Trophy 2020,2020,race,SEMI FINAL 2,Silverstone National,National,2.64,damp,official,7,68.966,137.808,yes,3.179,3.179,0.5455,middle,no,SEMI FINAL 2 - SECTOR ANALYSIS,formula_ford_sector_analysis_block,5,13:35:55.228,official_lap_analysis_bryce_labeled_block,900ddfcb701b1977f16e33501302742c328980f5ffcccd190d2e433bba0b5681
session_formula_ford_2020_wht_semi_final_2,event_formula_ford_2020_walter_hayes_trophy,Walter Hayes Trophy 2020,2020,race,SEMI FINAL 2,Silverstone National,National,2.64,damp,official,8,68.894,137.953,yes,3.107,3.107,0.6364,middle,no,SEMI FINAL 2 - SECTOR ANALYSIS,formula_ford_sector_analysis_block,5,13:37:04.122,official_lap_analysis_bryce_labeled_block,900ddfcb701b1977f16e33501302742c328980f5ffcccd190d2e433bba0b5681
session_formula_ford_2020_wht_semi_final_2,event_formula_ford_2020_walter_hayes_trophy,Walter Hayes Trophy 2020,2020,race,SEMI FINAL 2,Silverstone National,National,2.64,damp,official,9,68.731,138.275,yes,2.944,2.944,0.7273,late,no,SEMI FINAL 2 - SECTOR ANALYSIS,formula_ford_sector_analysis_block,5,13:38:12.853,official_lap_analysis_bryce_labeled_block,900ddfcb701b1977f16e33501302742c328980f5ffcccd190d2e433bba0b5681
session_formula_ford_2020_wht_semi_final_2,event_formula_ford_2020_walter_hayes_trophy,Walter Hayes Trophy 2020,2020,race,SEMI FINAL 2,Silverstone National,National,2.64,damp,official,10,68.19,139.369,yes,2.403,2.403,0.8182,late,no,SEMI FINAL 2 - SECTOR ANALYSIS,formula_ford_sector_analysis_block,5,13:39:21.043,official_lap_analysis_bryce_labeled_block,900ddfcb701b1977f16e33501302742c328980f5ffcccd190d2e433bba0b5681
session_formula_ford_2020_wht_semi_final_2,event_formula_ford_2020_walter_hayes_trophy,Walter Hayes Trophy 2020,2020,race,SEMI FINAL 2,Silverstone National,National,2.64,damp,official,11,67.709,140.367,yes,1.922,1.922,0.9091,late,no,SEMI FINAL 2 - SECTOR ANALYSIS,formula_ford_sector_analysis_block,5,13:40:28.752,official_lap_analysis_bryce_labeled_block,900ddfcb701b1977f16e33501302742c328980f5ffcccd190d2e433bba0b5681
session_formula_ford_2020_wht_semi_final_2,event_formula_ford_2020_walter_hayes_trophy,Walter Hayes Trophy 2020,2020,race,SEMI FINAL 2,Silverstone National,National,2.64,damp,official,12,67.863,140.045,yes,2.076,2.076,1.0,late,no,SEMI FINAL 2 - SECTOR ANALYSIS,formula_ford_sector_analysis_block,5,13:41:36.615,official_lap_analysis_bryce_labeled_block,900ddfcb701b1977f16e33501302742c328980f5ffcccd190d2e433bba0b5681
