contextId,contextType,seriesId,seriesName,seasonYear,eventId,eventName,sessionId,sessionType,sessionName,trackId,trackName,driverId,driverName,lapNumber,subtype,impactLabel,description,sourceConfidence,sourceState,provenanceRefCount,sourceHash
asset_frp_f1600_2019_points_pdf,media,global_context,Global / career context,,,,,,,,,,,,pdf,link_only,Official FRP F1600 2019 season points PDF with drops.,link_only,media_narrative_context,2,d4d96f43d7e734ba26b0bdefe7d2d3e6ec0096e36dc05af4008d5fc7acfe69fd
asset_frp_f1600_2019_r5_01_qualifying_pdf,media,global_context,Global / career context,,,,,,,,,,,,pdf,link_only,Archive-linked PDF preserved but not attributed because PDF header/date does not match Pittsburgh International Race Complex.,link_only,media_narrative_context,2,d4d96f43d7e734ba26b0bdefe7d2d3e6ec0096e36dc05af4008d5fc7acfe69fd
asset_team_usa_2020_bryce_aron_blog,media,global_context,Global / career context,,,,,,,,,driver_bryce_aron,Bryce Aron,,article,link_only,"Bryce Aron Team USA blog preserves early-career context: 2018 BKC TaG Jr champion, Yamaha KT100 runner-up, 2019 FRP F1600 P3 with eight podiums, and 2020 UK Formula Ford development context.",link_only,media_narrative_context,1,d4d96f43d7e734ba26b0bdefe7d2d3e6ec0096e36dc05af4008d5fc7acfe69fd
asset_team_usa_2020_walter_hayes_report,media,global_context,Global / career context,,,,,,,,,driver_bryce_aron,Bryce Aron,,article,link_only,"Team USA report gives narrative support for Bryce Aron Walter Hayes Trophy Grand Final P3 after he started ninth at Silverstone, complementing the official TSL timing classification.",link_only,media_narrative_context,1,d4d96f43d7e734ba26b0bdefe7d2d3e6ec0096e36dc05af4008d5fc7acfe69fd
asset_team_usa_2020_winners_announcement,media,global_context,Global / career context,,,,,,,,,driver_bryce_aron,Bryce Aron,,article,link_only,"Team USA Scholarship named Bryce Aron a 2020 scholarship winner, alongside Jackson Lee and Simon Sikes, with planned UK Formula Ford starts including the Formula Ford Festival, Walter Hayes Trophy, and Avon National Formula Ford 1600 finale.",link_only,media_narrative_context,1,d4d96f43d7e734ba26b0bdefe7d2d3e6ec0096e36dc05af4008d5fc7acfe69fd
asset_frp_f1600_2019_r1_01_practice_1_pdf,media,series_frp_f1600,F1600 Championship Series,2019,event_frp_f1600_2019_r1_road_atlanta,FRP F1600 2019 Round 1 - Road Atlanta,session_frp_f1600_2019_r1_01_practice_1,practice,Practice 1,track_michelin_raceway_road_atlanta,Michelin Raceway Road Atlanta,,,,pdf,link_only,Official FRP F1600 timing PDF for Road Atlanta Practice 1.,link_only,media_narrative_context,2,d4d96f43d7e734ba26b0bdefe7d2d3e6ec0096e36dc05af4008d5fc7acfe69fd
asset_frp_f1600_2019_r1_02_practice_2_pdf,media,series_frp_f1600,F1600 Championship Series,2019,event_frp_f1600_2019_r1_road_atlanta,FRP F1600 2019 Round 1 - Road Atlanta,session_frp_f1600_2019_r1_02_practice_2,practice,Practice 2,track_michelin_raceway_road_atlanta,Michelin Raceway Road Atlanta,,,,pdf,link_only,Official FRP F1600 timing PDF for Road Atlanta Practice 2.,link_only,media_narrative_context,2,d4d96f43d7e734ba26b0bdefe7d2d3e6ec0096e36dc05af4008d5fc7acfe69fd
asset_frp_f1600_2019_r1_03_qualifying_pdf,media,series_frp_f1600,F1600 Championship Series,2019,event_frp_f1600_2019_r1_road_atlanta,FRP F1600 2019 Round 1 - Road Atlanta,session_frp_f1600_2019_r1_03_qualifying,qualifying,Qualifying,track_michelin_raceway_road_atlanta,Michelin Raceway Road Atlanta,,,,pdf,link_only,Official FRP F1600 timing PDF for Road Atlanta Qualifying.,link_only,media_narrative_context,2,d4d96f43d7e734ba26b0bdefe7d2d3e6ec0096e36dc05af4008d5fc7acfe69fd
asset_frp_f1600_2019_r1_04_race_1_pdf,media,series_frp_f1600,F1600 Championship Series,2019,event_frp_f1600_2019_r1_road_atlanta,FRP F1600 2019 Round 1 - Road Atlanta,session_frp_f1600_2019_r1_04_race_1,race,Race 1,track_michelin_raceway_road_atlanta,Michelin Raceway Road Atlanta,,,,pdf,link_only,Official FRP F1600 timing PDF for Road Atlanta Race 1.,link_only,media_narrative_context,2,d4d96f43d7e734ba26b0bdefe7d2d3e6ec0096e36dc05af4008d5fc7acfe69fd
asset_frp_f1600_2019_r1_05_race_2_pdf,media,series_frp_f1600,F1600 Championship Series,2019,event_frp_f1600_2019_r1_road_atlanta,FRP F1600 2019 Round 1 - Road Atlanta,session_frp_f1600_2019_r1_05_race_2,race,Race 2,track_michelin_raceway_road_atlanta,Michelin Raceway Road Atlanta,,,,pdf,link_only,Official FRP F1600 timing PDF for Road Atlanta Race 2.,link_only,media_narrative_context,2,d4d96f43d7e734ba26b0bdefe7d2d3e6ec0096e36dc05af4008d5fc7acfe69fd
asset_frp_f1600_2019_r1_06_race_3_pdf,media,series_frp_f1600,F1600 Championship Series,2019,event_frp_f1600_2019_r1_road_atlanta,FRP F1600 2019 Round 1 - Road Atlanta,session_frp_f1600_2019_r1_06_race_3,race,Race 3,track_michelin_raceway_road_atlanta,Michelin Raceway Road Atlanta,,,,pdf,link_only,Official FRP F1600 timing PDF for Road Atlanta Race 3.,link_only,media_narrative_context,2,d4d96f43d7e734ba26b0bdefe7d2d3e6ec0096e36dc05af4008d5fc7acfe69fd
asset_frp_f1600_2019_r2_01_practice_1_pdf,media,series_frp_f1600,F1600 Championship Series,2019,event_frp_f1600_2019_r2_watkins_glen_international,FRP F1600 2019 Round 2 - Watkins Glen International,session_frp_f1600_2019_r2_01_practice_1,practice,Practice 1,track_watkins_glen_international,Watkins Glen International,,,,pdf,link_only,Official FRP F1600 timing PDF for Watkins Glen International Practice 1.,link_only,media_narrative_context,2,d4d96f43d7e734ba26b0bdefe7d2d3e6ec0096e36dc05af4008d5fc7acfe69fd
asset_frp_f1600_2019_r2_02_practice_2_pdf,media,series_frp_f1600,F1600 Championship Series,2019,event_frp_f1600_2019_r2_watkins_glen_international,FRP F1600 2019 Round 2 - Watkins Glen International,session_frp_f1600_2019_r2_02_practice_2,practice,Practice 2,track_watkins_glen_international,Watkins Glen International,,,,pdf,link_only,Official FRP F1600 timing PDF for Watkins Glen International Practice 2.,link_only,media_narrative_context,2,d4d96f43d7e734ba26b0bdefe7d2d3e6ec0096e36dc05af4008d5fc7acfe69fd
asset_frp_f1600_2019_r2_03_qualifying_pdf,media,series_frp_f1600,F1600 Championship Series,2019,event_frp_f1600_2019_r2_watkins_glen_international,FRP F1600 2019 Round 2 - Watkins Glen International,session_frp_f1600_2019_r2_03_qualifying,qualifying,Qualifying,track_watkins_glen_international,Watkins Glen International,,,,pdf,link_only,Official FRP F1600 timing PDF for Watkins Glen International Qualifying.,link_only,media_narrative_context,2,d4d96f43d7e734ba26b0bdefe7d2d3e6ec0096e36dc05af4008d5fc7acfe69fd
asset_frp_f1600_2019_r2_04_race_1_pdf,media,series_frp_f1600,F1600 Championship Series,2019,event_frp_f1600_2019_r2_watkins_glen_international,FRP F1600 2019 Round 2 - Watkins Glen International,session_frp_f1600_2019_r2_04_race_1,race,Race 1,track_watkins_glen_international,Watkins Glen International,,,,pdf,link_only,Official FRP F1600 timing PDF for Watkins Glen International Race 1.,link_only,media_narrative_context,2,d4d96f43d7e734ba26b0bdefe7d2d3e6ec0096e36dc05af4008d5fc7acfe69fd
asset_frp_f1600_2019_r2_05_race_2_pdf,media,series_frp_f1600,F1600 Championship Series,2019,event_frp_f1600_2019_r2_watkins_glen_international,FRP F1600 2019 Round 2 - Watkins Glen International,session_frp_f1600_2019_r2_05_race_2,race,Race 2,track_watkins_glen_international,Watkins Glen International,,,,pdf,link_only,Official FRP F1600 timing PDF for Watkins Glen International Race 2.,link_only,media_narrative_context,2,d4d96f43d7e734ba26b0bdefe7d2d3e6ec0096e36dc05af4008d5fc7acfe69fd
asset_frp_f1600_2019_r2_06_race_3_pdf,media,series_frp_f1600,F1600 Championship Series,2019,event_frp_f1600_2019_r2_watkins_glen_international,FRP F1600 2019 Round 2 - Watkins Glen International,session_frp_f1600_2019_r2_06_race_3,race,Race 3,track_watkins_glen_international,Watkins Glen International,,,,pdf,link_only,Official FRP F1600 timing PDF for Watkins Glen International Race 3.,link_only,media_narrative_context,2,d4d96f43d7e734ba26b0bdefe7d2d3e6ec0096e36dc05af4008d5fc7acfe69fd
asset_frp_f1600_2019_r3_01_practice_1_pdf,media,series_frp_f1600,F1600 Championship Series,2019,event_frp_f1600_2019_r3_mid_ohio_sports_car_course,FRP F1600 2019 Round 3 - Mid Ohio Sports Car Course,session_frp_f1600_2019_r3_01_practice_1,practice,Practice 1,track_mid_ohio_sports_car_course,Mid-Ohio Sports Car Course,,,,pdf,link_only,Official FRP F1600 timing PDF for Mid Ohio Sports Car Course Practice 1.,link_only,media_narrative_context,2,d4d96f43d7e734ba26b0bdefe7d2d3e6ec0096e36dc05af4008d5fc7acfe69fd
asset_frp_f1600_2019_r3_02_practice_2_pdf,media,series_frp_f1600,F1600 Championship Series,2019,event_frp_f1600_2019_r3_mid_ohio_sports_car_course,FRP F1600 2019 Round 3 - Mid Ohio Sports Car Course,session_frp_f1600_2019_r3_02_practice_2,practice,Practice 2,track_mid_ohio_sports_car_course,Mid-Ohio Sports Car Course,,,,pdf,link_only,Official FRP F1600 timing PDF for Mid Ohio Sports Car Course Practice 2.,link_only,media_narrative_context,2,d4d96f43d7e734ba26b0bdefe7d2d3e6ec0096e36dc05af4008d5fc7acfe69fd
asset_frp_f1600_2019_r3_03_qualifying_pdf,media,series_frp_f1600,F1600 Championship Series,2019,event_frp_f1600_2019_r3_mid_ohio_sports_car_course,FRP F1600 2019 Round 3 - Mid Ohio Sports Car Course,session_frp_f1600_2019_r3_03_qualifying,qualifying,Qualifying,track_mid_ohio_sports_car_course,Mid-Ohio Sports Car Course,,,,pdf,link_only,Official FRP F1600 timing PDF for Mid Ohio Sports Car Course Qualifying.,link_only,media_narrative_context,2,d4d96f43d7e734ba26b0bdefe7d2d3e6ec0096e36dc05af4008d5fc7acfe69fd
penalty_frp_f1600_2019_r3_03_qualifying_car_21_grid_positions,penalty,series_frp_f1600,F1600 Championship Series,2019,event_frp_f1600_2019_r3_mid_ohio_sports_car_course,FRP F1600 2019 Round 3 - Mid Ohio Sports Car Course,session_frp_f1600_2019_r3_03_qualifying,qualifying,Qualifying,track_mid_ohio_sports_car_course,Mid-Ohio Sports Car Course,driver_dave_petzko,Dave Petzko,,grid_position_loss,positionImpact=-2,Car 21 loses 2 grid positions for causing session stoppage early per Chief Steward,official,official_penalty_context,1,d4d96f43d7e734ba26b0bdefe7d2d3e6ec0096e36dc05af4008d5fc7acfe69fd
asset_frp_f1600_2019_r3_04_race_1_pdf,media,series_frp_f1600,F1600 Championship Series,2019,event_frp_f1600_2019_r3_mid_ohio_sports_car_course,FRP F1600 2019 Round 3 - Mid Ohio Sports Car Course,session_frp_f1600_2019_r3_04_race_1,race,Race 1,track_mid_ohio_sports_car_course,Mid-Ohio Sports Car Course,,,,pdf,link_only,Official FRP F1600 timing PDF for Mid Ohio Sports Car Course Race 1.,link_only,media_narrative_context,2,d4d96f43d7e734ba26b0bdefe7d2d3e6ec0096e36dc05af4008d5fc7acfe69fd
asset_frp_f1600_2019_r3_05_race_2_pdf,media,series_frp_f1600,F1600 Championship Series,2019,event_frp_f1600_2019_r3_mid_ohio_sports_car_course,FRP F1600 2019 Round 3 - Mid Ohio Sports Car Course,session_frp_f1600_2019_r3_05_race_2,race,Race 2,track_mid_ohio_sports_car_course,Mid-Ohio Sports Car Course,,,,pdf,link_only,Official FRP F1600 timing PDF for Mid Ohio Sports Car Course Race 2.,link_only,media_narrative_context,2,d4d96f43d7e734ba26b0bdefe7d2d3e6ec0096e36dc05af4008d5fc7acfe69fd
asset_frp_f1600_2019_r3_06_race_3_pdf,media,series_frp_f1600,F1600 Championship Series,2019,event_frp_f1600_2019_r3_mid_ohio_sports_car_course,FRP F1600 2019 Round 3 - Mid Ohio Sports Car Course,session_frp_f1600_2019_r3_06_race_3,race,Race 3,track_mid_ohio_sports_car_course,Mid-Ohio Sports Car Course,,,,pdf,link_only,Official FRP F1600 timing PDF for Mid Ohio Sports Car Course Race 3.,link_only,media_narrative_context,2,d4d96f43d7e734ba26b0bdefe7d2d3e6ec0096e36dc05af4008d5fc7acfe69fd
asset_frp_f1600_2019_r4_01_qualifying_pdf,media,series_frp_f1600,F1600 Championship Series,2019,event_frp_f1600_2019_r4_virginia_international_raceway,FRP F1600 2019 Round 4 - Virginia International Raceway,session_frp_f1600_2019_r4_01_qualifying,qualifying,Qualifying,track_virginia_international_raceway,Virginia International Raceway,,,,pdf,link_only,Official FRP F1600 timing PDF for Virginia International Raceway Qualifying.,link_only,media_narrative_context,2,d4d96f43d7e734ba26b0bdefe7d2d3e6ec0096e36dc05af4008d5fc7acfe69fd
penalty_frp_f1600_2019_r4_01_qualifying_car_40_grid_positions,penalty,series_frp_f1600,F1600 Championship Series,2019,event_frp_f1600_2019_r4_virginia_international_raceway,FRP F1600 2019 Round 4 - Virginia International Raceway,session_frp_f1600_2019_r4_01_qualifying,qualifying,Qualifying,track_virginia_international_raceway,Virginia International Raceway,driver_keith_grant,Keith Grant,,grid_position_loss,positionImpact=-2,CAR 40 loses 2 grid positions for causing session stoppage per Chief Steward.,official,official_penalty_context,1,d4d96f43d7e734ba26b0bdefe7d2d3e6ec0096e36dc05af4008d5fc7acfe69fd
asset_frp_f1600_2019_r4_02_race_1_pdf,media,series_frp_f1600,F1600 Championship Series,2019,event_frp_f1600_2019_r4_virginia_international_raceway,FRP F1600 2019 Round 4 - Virginia International Raceway,session_frp_f1600_2019_r4_02_race_1,race,Race 1,track_virginia_international_raceway,Virginia International Raceway,,,,pdf,link_only,Official FRP F1600 timing PDF for Virginia International Raceway Race 1.,link_only,media_narrative_context,2,d4d96f43d7e734ba26b0bdefe7d2d3e6ec0096e36dc05af4008d5fc7acfe69fd
asset_frp_f1600_2019_r4_03_race_2_pdf,media,series_frp_f1600,F1600 Championship Series,2019,event_frp_f1600_2019_r4_virginia_international_raceway,FRP F1600 2019 Round 4 - Virginia International Raceway,session_frp_f1600_2019_r4_03_race_2,race,Race 2,track_virginia_international_raceway,Virginia International Raceway,,,,pdf,link_only,Official FRP F1600 timing PDF for Virginia International Raceway Race 2.,link_only,media_narrative_context,2,d4d96f43d7e734ba26b0bdefe7d2d3e6ec0096e36dc05af4008d5fc7acfe69fd
asset_frp_f1600_2019_r4_04_race_3_pdf,media,series_frp_f1600,F1600 Championship Series,2019,event_frp_f1600_2019_r4_virginia_international_raceway,FRP F1600 2019 Round 4 - Virginia International Raceway,session_frp_f1600_2019_r4_04_race_3,race,Race 3,track_virginia_international_raceway,Virginia International Raceway,,,,pdf,link_only,Official FRP F1600 timing PDF for Virginia International Raceway Race 3.,link_only,media_narrative_context,2,d4d96f43d7e734ba26b0bdefe7d2d3e6ec0096e36dc05af4008d5fc7acfe69fd
asset_frp_f1600_2019_r5_02_race_1_pdf,media,series_frp_f1600,F1600 Championship Series,2019,event_frp_f1600_2019_r5_pittsburgh_international_race_complex,FRP F1600 2019 Round 5 - Pittsburgh International Race Complex,session_frp_f1600_2019_r5_02_race_1,race,Race 1,track_pittsburgh_international_race_complex,Pittsburgh International Race Complex,,,,pdf,link_only,Official FRP F1600 timing PDF for Pittsburgh International Race Complex Race 1.,link_only,media_narrative_context,2,d4d96f43d7e734ba26b0bdefe7d2d3e6ec0096e36dc05af4008d5fc7acfe69fd
asset_frp_f1600_2019_r5_03_race_2_pdf,media,series_frp_f1600,F1600 Championship Series,2019,event_frp_f1600_2019_r5_pittsburgh_international_race_complex,FRP F1600 2019 Round 5 - Pittsburgh International Race Complex,session_frp_f1600_2019_r5_03_race_2,race,Race 2,track_pittsburgh_international_race_complex,Pittsburgh International Race Complex,,,,pdf,link_only,Official FRP F1600 timing PDF for Pittsburgh International Race Complex Race 2.,link_only,media_narrative_context,2,d4d96f43d7e734ba26b0bdefe7d2d3e6ec0096e36dc05af4008d5fc7acfe69fd
asset_frp_f1600_2019_r5_04_race_3_pdf,media,series_frp_f1600,F1600 Championship Series,2019,event_frp_f1600_2019_r5_pittsburgh_international_race_complex,FRP F1600 2019 Round 5 - Pittsburgh International Race Complex,session_frp_f1600_2019_r5_04_race_3,race,Race 3,track_pittsburgh_international_race_complex,Pittsburgh International Race Complex,,,,pdf,link_only,Official FRP F1600 timing PDF for Pittsburgh International Race Complex Race 3.,link_only,media_narrative_context,2,d4d96f43d7e734ba26b0bdefe7d2d3e6ec0096e36dc05af4008d5fc7acfe69fd
asset_frp_f1600_2019_r6_01_practice_1_pdf,media,series_frp_f1600,F1600 Championship Series,2019,event_frp_f1600_2019_r6_summit_point,FRP F1600 2019 Round 6 - Summit Point,session_frp_f1600_2019_r6_01_practice_1,practice,Practice 1,track_summit_point_motorsports_park,Summit Point Motorsports Park,,,,pdf,link_only,Official FRP F1600 timing PDF for Summit Point Practice 1.,link_only,media_narrative_context,2,d4d96f43d7e734ba26b0bdefe7d2d3e6ec0096e36dc05af4008d5fc7acfe69fd
asset_frp_f1600_2019_r6_02_practice_2_pdf,media,series_frp_f1600,F1600 Championship Series,2019,event_frp_f1600_2019_r6_summit_point,FRP F1600 2019 Round 6 - Summit Point,session_frp_f1600_2019_r6_02_practice_2,practice,Practice 2,track_summit_point_motorsports_park,Summit Point Motorsports Park,,,,pdf,link_only,Official FRP F1600 timing PDF for Summit Point Practice 2.,link_only,media_narrative_context,2,d4d96f43d7e734ba26b0bdefe7d2d3e6ec0096e36dc05af4008d5fc7acfe69fd
asset_frp_f1600_2019_r6_03_qualifying_pdf,media,series_frp_f1600,F1600 Championship Series,2019,event_frp_f1600_2019_r6_summit_point,FRP F1600 2019 Round 6 - Summit Point,session_frp_f1600_2019_r6_03_qualifying,qualifying,Qualifying,track_summit_point_motorsports_park,Summit Point Motorsports Park,,,,pdf,link_only,Official FRP F1600 timing PDF for Summit Point Qualifying.,link_only,media_narrative_context,2,d4d96f43d7e734ba26b0bdefe7d2d3e6ec0096e36dc05af4008d5fc7acfe69fd
asset_frp_f1600_2019_r6_04_race_1_pdf,media,series_frp_f1600,F1600 Championship Series,2019,event_frp_f1600_2019_r6_summit_point,FRP F1600 2019 Round 6 - Summit Point,session_frp_f1600_2019_r6_04_race_1,race,Race 1,track_summit_point_motorsports_park,Summit Point Motorsports Park,,,,pdf,link_only,Official FRP F1600 timing PDF for Summit Point Race 1.,link_only,media_narrative_context,2,d4d96f43d7e734ba26b0bdefe7d2d3e6ec0096e36dc05af4008d5fc7acfe69fd
asset_frp_f1600_2019_r6_05_race_2_pdf,media,series_frp_f1600,F1600 Championship Series,2019,event_frp_f1600_2019_r6_summit_point,FRP F1600 2019 Round 6 - Summit Point,session_frp_f1600_2019_r6_05_race_2,race,Race 2,track_summit_point_motorsports_park,Summit Point Motorsports Park,,,,pdf,link_only,Official FRP F1600 timing PDF for Summit Point Race 2.,link_only,media_narrative_context,2,d4d96f43d7e734ba26b0bdefe7d2d3e6ec0096e36dc05af4008d5fc7acfe69fd
asset_frp_f1600_2019_r6_06_race_3_pdf,media,series_frp_f1600,F1600 Championship Series,2019,event_frp_f1600_2019_r6_summit_point,FRP F1600 2019 Round 6 - Summit Point,session_frp_f1600_2019_r6_06_race_3,race,Race 3,track_summit_point_motorsports_park,Summit Point Motorsports Park,,,,pdf,link_only,Official FRP F1600 timing PDF for Summit Point Race 3.,link_only,media_narrative_context,2,d4d96f43d7e734ba26b0bdefe7d2d3e6ec0096e36dc05af4008d5fc7acfe69fd
asset_frp_f1600_2019_r7_01_practice_1_pdf,media,series_frp_f1600,F1600 Championship Series,2019,event_frp_f1600_2019_r7_new_jersey_motorsports_park,FRP F1600 2019 Round 7 - New Jersey Motorsports Park,session_frp_f1600_2019_r7_01_practice_1,practice,Practice 1,track_new_jersey_motorsports_park_thunderbolt,New Jersey Motorsports Park Thunderbolt,,,,pdf,link_only,Official FRP F1600 timing PDF for New Jersey Motorsports Park Practice 1.,link_only,media_narrative_context,2,d4d96f43d7e734ba26b0bdefe7d2d3e6ec0096e36dc05af4008d5fc7acfe69fd
asset_frp_f1600_2019_r7_02_practice_2_pdf,media,series_frp_f1600,F1600 Championship Series,2019,event_frp_f1600_2019_r7_new_jersey_motorsports_park,FRP F1600 2019 Round 7 - New Jersey Motorsports Park,session_frp_f1600_2019_r7_02_practice_2,practice,Practice 2,track_new_jersey_motorsports_park_thunderbolt,New Jersey Motorsports Park Thunderbolt,,,,pdf,link_only,Official FRP F1600 timing PDF for New Jersey Motorsports Park Practice 2.,link_only,media_narrative_context,2,d4d96f43d7e734ba26b0bdefe7d2d3e6ec0096e36dc05af4008d5fc7acfe69fd
asset_frp_f1600_2019_r7_03_qualifying_pdf,media,series_frp_f1600,F1600 Championship Series,2019,event_frp_f1600_2019_r7_new_jersey_motorsports_park,FRP F1600 2019 Round 7 - New Jersey Motorsports Park,session_frp_f1600_2019_r7_03_qualifying,qualifying,Qualifying,track_new_jersey_motorsports_park_thunderbolt,New Jersey Motorsports Park Thunderbolt,,,,pdf,link_only,Official FRP F1600 timing PDF for New Jersey Motorsports Park Qualifying.,link_only,media_narrative_context,2,d4d96f43d7e734ba26b0bdefe7d2d3e6ec0096e36dc05af4008d5fc7acfe69fd
asset_frp_f1600_2019_r7_04_race_1_pdf,media,series_frp_f1600,F1600 Championship Series,2019,event_frp_f1600_2019_r7_new_jersey_motorsports_park,FRP F1600 2019 Round 7 - New Jersey Motorsports Park,session_frp_f1600_2019_r7_04_race_1,race,Race 1,track_new_jersey_motorsports_park_thunderbolt,New Jersey Motorsports Park Thunderbolt,,,,pdf,link_only,Official FRP F1600 timing PDF for New Jersey Motorsports Park Race 1.,link_only,media_narrative_context,2,d4d96f43d7e734ba26b0bdefe7d2d3e6ec0096e36dc05af4008d5fc7acfe69fd
asset_frp_f1600_2019_r7_05_race_2_pdf,media,series_frp_f1600,F1600 Championship Series,2019,event_frp_f1600_2019_r7_new_jersey_motorsports_park,FRP F1600 2019 Round 7 - New Jersey Motorsports Park,session_frp_f1600_2019_r7_05_race_2,race,Race 2,track_new_jersey_motorsports_park_thunderbolt,New Jersey Motorsports Park Thunderbolt,,,,pdf,link_only,Official FRP F1600 timing PDF for New Jersey Motorsports Park Race 2.,link_only,media_narrative_context,2,d4d96f43d7e734ba26b0bdefe7d2d3e6ec0096e36dc05af4008d5fc7acfe69fd
asset_frp_f1600_2019_r7_06_race_3_pdf,media,series_frp_f1600,F1600 Championship Series,2019,event_frp_f1600_2019_r7_new_jersey_motorsports_park,FRP F1600 2019 Round 7 - New Jersey Motorsports Park,session_frp_f1600_2019_r7_06_race_3,race,Race 3,track_new_jersey_motorsports_park_thunderbolt,New Jersey Motorsports Park Thunderbolt,,,,pdf,link_only,Official FRP F1600 timing PDF for New Jersey Motorsports Park Race 3.,link_only,media_narrative_context,2,d4d96f43d7e734ba26b0bdefe7d2d3e6ec0096e36dc05af4008d5fc7acfe69fd
asset_formula_ford_2020_festival_book_pdf,media,series_formula_ford,Formula Ford,2020,event_formula_ford_2020_formula_ford_festival,BRSCC Formula Ford Festival 2020,,,,track_brands_hatch_indy,Brands Hatch Indy,,,,pdf,link_only,"Official BRSCC/TSL Formula Ford Festival 2020 result book with qualifying, heats, semi-finals, finals, lap charts, and timing analysis.",link_only,media_narrative_context,1,d4d96f43d7e734ba26b0bdefe7d2d3e6ec0096e36dc05af4008d5fc7acfe69fd
weather_formula_ford_2020_festival_grand_final_race_21_official_conditions,weather,series_formula_ford,Formula Ford,2020,event_formula_ford_2020_formula_ford_festival,BRSCC Formula Ford Festival 2020,session_formula_ford_2020_festival_grand_final_race_21,race,GRAND FINAL (RACE 21),track_brands_hatch_indy,Brands Hatch Indy,,,,series_report,drying; drying,drying / drying (TSL official classification weather/track line),official,official_weather_context,1,d4d96f43d7e734ba26b0bdefe7d2d3e6ec0096e36dc05af4008d5fc7acfe69fd
weather_formula_ford_2020_festival_heat_1_race_4_official_conditions,weather,series_formula_ford,Formula Ford,2020,event_formula_ford_2020_formula_ford_festival,BRSCC Formula Ford Festival 2020,session_formula_ford_2020_festival_heat_1_race_4,heat,HEAT 1 (RACE 4),track_brands_hatch_indy,Brands Hatch Indy,,,,series_report,damp; damp,damp / damp (TSL official classification weather/track line),official,official_weather_context,1,d4d96f43d7e734ba26b0bdefe7d2d3e6ec0096e36dc05af4008d5fc7acfe69fd
weather_formula_ford_2020_festival_heat_2_race_5_official_conditions,weather,series_formula_ford,Formula Ford,2020,event_formula_ford_2020_formula_ford_festival,BRSCC Formula Ford Festival 2020,session_formula_ford_2020_festival_heat_2_race_5,heat,HEAT 2 (RACE 5),track_brands_hatch_indy,Brands Hatch Indy,,,,series_report,damp; damp,damp / damp (TSL official classification weather/track line),official,official_weather_context,1,d4d96f43d7e734ba26b0bdefe7d2d3e6ec0096e36dc05af4008d5fc7acfe69fd
weather_formula_ford_2020_festival_heat_3_race_6_official_conditions,weather,series_formula_ford,Formula Ford,2020,event_formula_ford_2020_formula_ford_festival,BRSCC Formula Ford Festival 2020,session_formula_ford_2020_festival_heat_3_race_6,heat,HEAT 3 (RACE 6),track_brands_hatch_indy,Brands Hatch Indy,,,,series_report,damp; damp,damp / damp (TSL official classification weather/track line),official,official_weather_context,1,d4d96f43d7e734ba26b0bdefe7d2d3e6ec0096e36dc05af4008d5fc7acfe69fd
weather_formula_ford_2020_festival_historic_final_race_17_official_conditions,weather,series_formula_ford,Formula Ford,2020,event_formula_ford_2020_formula_ford_festival,BRSCC Formula Ford Festival 2020,session_formula_ford_2020_festival_historic_final_race_17,race,HISTORIC FINAL - RACE 17,track_brands_hatch_indy,Brands Hatch Indy,,,,series_report,dry; dry,dry / dry (TSL official classification weather/track line),official,official_weather_context,1,d4d96f43d7e734ba26b0bdefe7d2d3e6ec0096e36dc05af4008d5fc7acfe69fd
weather_formula_ford_2020_festival_last_chance_race_race_19_official_conditions,weather,series_formula_ford,Formula Ford,2020,event_formula_ford_2020_formula_ford_festival,BRSCC Formula Ford Festival 2020,session_formula_ford_2020_festival_last_chance_race_race_19,race,LAST CHANCE RACE (RACE 19),track_brands_hatch_indy,Brands Hatch Indy,,,,series_report,damp; damp,damp / damp (TSL official classification weather/track line),official,official_weather_context,1,d4d96f43d7e734ba26b0bdefe7d2d3e6ec0096e36dc05af4008d5fc7acfe69fd
weather_formula_ford_2020_festival_qualifying_heat_1_race_4_official_conditions,weather,series_formula_ford,Formula Ford,2020,event_formula_ford_2020_formula_ford_festival,BRSCC Formula Ford Festival 2020,session_formula_ford_2020_festival_qualifying_heat_1_race_4,qualifying,QUALIFYING - HEAT 1 (RACE 4),track_brands_hatch_indy,Brands Hatch Indy,,,,series_report,dry; dry,dry / dry (TSL official classification weather/track line),official,official_weather_context,1,d4d96f43d7e734ba26b0bdefe7d2d3e6ec0096e36dc05af4008d5fc7acfe69fd
weather_formula_ford_2020_festival_qualifying_heat_2_race_5_official_conditions,weather,series_formula_ford,Formula Ford,2020,event_formula_ford_2020_formula_ford_festival,BRSCC Formula Ford Festival 2020,session_formula_ford_2020_festival_qualifying_heat_2_race_5,qualifying,QUALIFYING - HEAT 2 (RACE 5),track_brands_hatch_indy,Brands Hatch Indy,,,,series_report,dry; dry,dry / dry (TSL official classification weather/track line),official,official_weather_context,1,d4d96f43d7e734ba26b0bdefe7d2d3e6ec0096e36dc05af4008d5fc7acfe69fd
weather_formula_ford_2020_festival_qualifying_heat_3_race_6_official_conditions,weather,series_formula_ford,Formula Ford,2020,event_formula_ford_2020_formula_ford_festival,BRSCC Formula Ford Festival 2020,session_formula_ford_2020_festival_qualifying_heat_3_race_6,qualifying,QUALIFYING - HEAT 3 (RACE 6),track_brands_hatch_indy,Brands Hatch Indy,,,,series_report,dry; dry,dry / dry (TSL official classification weather/track line),official,official_weather_context,1,d4d96f43d7e734ba26b0bdefe7d2d3e6ec0096e36dc05af4008d5fc7acfe69fd
weather_formula_ford_2020_festival_semi_final_1_race_13_official_conditions,weather,series_formula_ford,Formula Ford,2020,event_formula_ford_2020_formula_ford_festival,BRSCC Formula Ford Festival 2020,session_formula_ford_2020_festival_semi_final_1_race_13,race,SEMI FINAL 1 (RACE 13),track_brands_hatch_indy,Brands Hatch Indy,,,,series_report,wet; wet,wet / wet (TSL official classification weather/track line),official,official_weather_context,1,d4d96f43d7e734ba26b0bdefe7d2d3e6ec0096e36dc05af4008d5fc7acfe69fd
weather_formula_ford_2020_festival_semi_final_2_race_15_official_conditions,weather,series_formula_ford,Formula Ford,2020,event_formula_ford_2020_formula_ford_festival,BRSCC Formula Ford Festival 2020,session_formula_ford_2020_festival_semi_final_2_race_15,race,SEMI FINAL 2 (RACE 15),track_brands_hatch_indy,Brands Hatch Indy,,,,series_report,drying; drying,drying / drying (TSL official classification weather/track line),official,official_weather_context,1,d4d96f43d7e734ba26b0bdefe7d2d3e6ec0096e36dc05af4008d5fc7acfe69fd
asset_formula_ford_2020_national_brands_hatch_book_pdf,media,series_formula_ford,Formula Ford,2020,event_formula_ford_2020_national_brands_hatch,BRSCC National FF1600 2020 - Brands Hatch,,,,track_brands_hatch_indy,Brands Hatch Indy,,,,pdf,link_only,"Official TSL/BRSCC Avon Tyres National and Northern Formula Ford Championship Brands Hatch result book with qualifying, grids, race classifications, lap charts, and timing analysis.",link_only,media_narrative_context,1,d4d96f43d7e734ba26b0bdefe7d2d3e6ec0096e36dc05af4008d5fc7acfe69fd
weather_formula_ford_2020_national_brands_hatch_qualifying_race_2_official_conditions,weather,series_formula_ford,Formula Ford,2020,event_formula_ford_2020_national_brands_hatch,BRSCC National FF1600 2020 - Brands Hatch,session_formula_ford_2020_national_brands_hatch_qualifying_race_2,qualifying,QUALIFYING - RACE 2,track_brands_hatch_indy,Brands Hatch Indy,,,,series_report,dry; dry,dry / dry (TSL official classification weather/track line),official,official_weather_context,1,d4d96f43d7e734ba26b0bdefe7d2d3e6ec0096e36dc05af4008d5fc7acfe69fd
weather_formula_ford_2020_national_brands_hatch_race_11_official_conditions,weather,series_formula_ford,Formula Ford,2020,event_formula_ford_2020_national_brands_hatch,BRSCC National FF1600 2020 - Brands Hatch,session_formula_ford_2020_national_brands_hatch_race_11,race,RACE 11,track_brands_hatch_indy,Brands Hatch Indy,,,,series_report,dry; dry,dry / dry (TSL official classification weather/track line),official,official_weather_context,1,d4d96f43d7e734ba26b0bdefe7d2d3e6ec0096e36dc05af4008d5fc7acfe69fd
weather_formula_ford_2020_national_brands_hatch_race_18_official_conditions,weather,series_formula_ford,Formula Ford,2020,event_formula_ford_2020_national_brands_hatch,BRSCC National FF1600 2020 - Brands Hatch,session_formula_ford_2020_national_brands_hatch_race_18,race,RACE 18,track_brands_hatch_indy,Brands Hatch Indy,,,,series_report,dry; dry,dry / dry (TSL official classification weather/track line),official,official_weather_context,1,d4d96f43d7e734ba26b0bdefe7d2d3e6ec0096e36dc05af4008d5fc7acfe69fd
weather_formula_ford_2020_national_brands_hatch_race_2_official_conditions,weather,series_formula_ford,Formula Ford,2020,event_formula_ford_2020_national_brands_hatch,BRSCC National FF1600 2020 - Brands Hatch,session_formula_ford_2020_national_brands_hatch_race_2,race,RACE 2,track_brands_hatch_indy,Brands Hatch Indy,,,,series_report,dry; dry,dry / dry (TSL official classification weather/track line),official,official_weather_context,1,d4d96f43d7e734ba26b0bdefe7d2d3e6ec0096e36dc05af4008d5fc7acfe69fd
asset_formula_ford_2020_national_oulton_park_book_pdf,media,series_formula_ford,Formula Ford,2020,event_formula_ford_2020_national_oulton_park,BRSCC National FF1600 2020 - Oulton Park,,,,track_oulton_park_international,Oulton Park International,,,,pdf,link_only,"Official TSL/BRSCC Avon Tyres National and Northern Formula Ford Championship Oulton Park result book with qualifying, grids, race classifications, lap charts, and timing analysis.",link_only,media_narrative_context,1,d4d96f43d7e734ba26b0bdefe7d2d3e6ec0096e36dc05af4008d5fc7acfe69fd
weather_formula_ford_2020_national_oulton_park_qualifying_race_1_official_conditions,weather,series_formula_ford,Formula Ford,2020,event_formula_ford_2020_national_oulton_park,BRSCC National FF1600 2020 - Oulton Park,session_formula_ford_2020_national_oulton_park_qualifying_race_1,qualifying,QUALIFYING - RACE 1,track_oulton_park_international,Oulton Park International,,,,series_report,dry; dry,dry / dry (TSL official classification weather/track line),official,official_weather_context,1,d4d96f43d7e734ba26b0bdefe7d2d3e6ec0096e36dc05af4008d5fc7acfe69fd
weather_formula_ford_2020_national_oulton_park_race_1_official_conditions,weather,series_formula_ford,Formula Ford,2020,event_formula_ford_2020_national_oulton_park,BRSCC National FF1600 2020 - Oulton Park,session_formula_ford_2020_national_oulton_park_race_1,race,RACE 1,track_oulton_park_international,Oulton Park International,,,,series_report,wet; wet,wet / wet (TSL official classification weather/track line),official,official_weather_context,1,d4d96f43d7e734ba26b0bdefe7d2d3e6ec0096e36dc05af4008d5fc7acfe69fd
weather_formula_ford_2020_national_oulton_park_race_8_official_conditions,weather,series_formula_ford,Formula Ford,2020,event_formula_ford_2020_national_oulton_park,BRSCC National FF1600 2020 - Oulton Park,session_formula_ford_2020_national_oulton_park_race_8,race,RACE 8,track_oulton_park_international,Oulton Park International,,,,series_report,wet; wet,wet / wet (TSL official classification weather/track line),official,official_weather_context,1,d4d96f43d7e734ba26b0bdefe7d2d3e6ec0096e36dc05af4008d5fc7acfe69fd
asset_formula_ford_2020_national_silverstone_book_pdf,media,series_formula_ford,Formula Ford,2020,event_formula_ford_2020_national_silverstone,BRSCC National FF1600 2020 - Silverstone International,,,,track_silverstone_international,Silverstone International,,,,pdf,link_only,"Official TSL/BARC-hosted Avon Tyres National and Northern Formula Ford Championship Silverstone International result book with qualifying, grids, race classifications, lap charts, and timing analysis.",link_only,media_narrative_context,1,d4d96f43d7e734ba26b0bdefe7d2d3e6ec0096e36dc05af4008d5fc7acfe69fd
weather_formula_ford_2020_national_silverstone_qualifying_race_3_official_conditions,weather,series_formula_ford,Formula Ford,2020,event_formula_ford_2020_national_silverstone,BRSCC National FF1600 2020 - Silverstone International,session_formula_ford_2020_national_silverstone_qualifying_race_3,qualifying,QUALIFYING - RACE 3,track_silverstone_international,Silverstone International,,,,series_report,unknown; unknown,unknown / unknown (TSL official classification weather/track line),official,official_weather_context,1,d4d96f43d7e734ba26b0bdefe7d2d3e6ec0096e36dc05af4008d5fc7acfe69fd
weather_formula_ford_2020_national_silverstone_race_3_official_conditions,weather,series_formula_ford,Formula Ford,2020,event_formula_ford_2020_national_silverstone,BRSCC National FF1600 2020 - Silverstone International,session_formula_ford_2020_national_silverstone_race_3,race,RACE 3,track_silverstone_international,Silverstone International,,,,series_report,wet; wet,wet / wet (TSL official classification weather/track line),official,official_weather_context,1,d4d96f43d7e734ba26b0bdefe7d2d3e6ec0096e36dc05af4008d5fc7acfe69fd
weather_formula_ford_2020_national_silverstone_race_7_official_conditions,weather,series_formula_ford,Formula Ford,2020,event_formula_ford_2020_national_silverstone,BRSCC National FF1600 2020 - Silverstone International,session_formula_ford_2020_national_silverstone_race_7,race,RACE 7,track_silverstone_international,Silverstone International,,,,series_report,drying; drying,drying / drying (TSL official classification weather/track line),official,official_weather_context,1,d4d96f43d7e734ba26b0bdefe7d2d3e6ec0096e36dc05af4008d5fc7acfe69fd
asset_formula_ford_2020_champion_brands_book_pdf,media,series_formula_ford,Formula Ford,2020,event_formula_ford_2020_champion_brands,Champion of Brands 2020,,,,track_brands_hatch_indy,Brands Hatch Indy,,,,pdf,link_only,"Official TSL/MSVR Champion of Brands 2020 result book with qualifying, grids, race classifications, lap charts, and timing analysis.",link_only,media_narrative_context,1,d4d96f43d7e734ba26b0bdefe7d2d3e6ec0096e36dc05af4008d5fc7acfe69fd
asset_formula_ford_2020_champion_brands_event_page,media,series_formula_ford,Formula Ford,2020,event_formula_ford_2020_champion_brands,Champion of Brands 2020,,,,track_brands_hatch_indy,Brands Hatch Indy,,,,timing_sheet,link_only,Official TSL event page listing Champion of Brands 2020 timing documents and session links.,link_only,media_narrative_context,1,d4d96f43d7e734ba26b0bdefe7d2d3e6ec0096e36dc05af4008d5fc7acfe69fd
weather_formula_ford_2020_champion_brands_qualifying_race_5_official_conditions,weather,series_formula_ford,Formula Ford,2020,event_formula_ford_2020_champion_brands,Champion of Brands 2020,session_formula_ford_2020_champion_brands_qualifying_race_5,qualifying,QUALIFYING - RACE 5,track_brands_hatch_indy,Brands Hatch Indy,,,,series_report,dry; dry,dry / dry (TSL official classification weather/track line),official,official_weather_context,1,d4d96f43d7e734ba26b0bdefe7d2d3e6ec0096e36dc05af4008d5fc7acfe69fd
weather_formula_ford_2020_champion_brands_race_11_official_conditions,weather,series_formula_ford,Formula Ford,2020,event_formula_ford_2020_champion_brands,Champion of Brands 2020,session_formula_ford_2020_champion_brands_race_11,race,RACE 11,track_brands_hatch_indy,Brands Hatch Indy,,,,series_report,dry; dry,dry / dry (TSL official classification weather/track line),official,official_weather_context,1,d4d96f43d7e734ba26b0bdefe7d2d3e6ec0096e36dc05af4008d5fc7acfe69fd
weather_formula_ford_2020_champion_brands_race_5_official_conditions,weather,series_formula_ford,Formula Ford,2020,event_formula_ford_2020_champion_brands,Champion of Brands 2020,session_formula_ford_2020_champion_brands_race_5,race,RACE 5,track_brands_hatch_indy,Brands Hatch Indy,,,,series_report,dry; dry,dry / dry (TSL official classification weather/track line),official,official_weather_context,1,d4d96f43d7e734ba26b0bdefe7d2d3e6ec0096e36dc05af4008d5fc7acfe69fd
asset_formula_ford_2020_champion_cadwell_book_pdf,media,series_formula_ford,Formula Ford,2020,event_formula_ford_2020_champion_cadwell,The Champion of Cadwell for FF1600 2020,,,,track_cadwell_park_full,Cadwell Park,,,,pdf,link_only,"Official TSL/MSVR Champion of Cadwell for FF1600 2020 result book with qualifying, grids, race classifications, lap charts, and timing analysis.",link_only,media_narrative_context,1,d4d96f43d7e734ba26b0bdefe7d2d3e6ec0096e36dc05af4008d5fc7acfe69fd
asset_formula_ford_2020_champion_cadwell_event_page,media,series_formula_ford,Formula Ford,2020,event_formula_ford_2020_champion_cadwell,The Champion of Cadwell for FF1600 2020,,,,track_cadwell_park_full,Cadwell Park,,,,timing_sheet,link_only,Official TSL event page listing The Champion of Cadwell for FF1600 2020 timing documents and session links.,link_only,media_narrative_context,1,d4d96f43d7e734ba26b0bdefe7d2d3e6ec0096e36dc05af4008d5fc7acfe69fd
weather_formula_ford_2020_champion_cadwell_qualifying_race_2_official_conditions,weather,series_formula_ford,Formula Ford,2020,event_formula_ford_2020_champion_cadwell,The Champion of Cadwell for FF1600 2020,session_formula_ford_2020_champion_cadwell_qualifying_race_2,qualifying,QUALIFYING - RACE 2,track_cadwell_park_full,Cadwell Park,,,,series_report,dry; dry,dry / dry (TSL official classification weather/track line),official,official_weather_context,1,d4d96f43d7e734ba26b0bdefe7d2d3e6ec0096e36dc05af4008d5fc7acfe69fd
weather_formula_ford_2020_champion_cadwell_race_2_official_conditions,weather,series_formula_ford,Formula Ford,2020,event_formula_ford_2020_champion_cadwell,The Champion of Cadwell for FF1600 2020,session_formula_ford_2020_champion_cadwell_race_2,race,RACE 2,track_cadwell_park_full,Cadwell Park,,,,series_report,dry; dry,dry / dry (TSL official classification weather/track line),official,official_weather_context,1,d4d96f43d7e734ba26b0bdefe7d2d3e6ec0096e36dc05af4008d5fc7acfe69fd
weather_formula_ford_2020_champion_cadwell_race_5_official_conditions,weather,series_formula_ford,Formula Ford,2020,event_formula_ford_2020_champion_cadwell,The Champion of Cadwell for FF1600 2020,session_formula_ford_2020_champion_cadwell_race_5,race,RACE 5,track_cadwell_park_full,Cadwell Park,,,,series_report,dry; dry,dry / dry (TSL official classification weather/track line),official,official_weather_context,1,d4d96f43d7e734ba26b0bdefe7d2d3e6ec0096e36dc05af4008d5fc7acfe69fd
asset_formula_ford_2020_wht_book_pdf,media,series_formula_ford,Formula Ford,2020,event_formula_ford_2020_walter_hayes_trophy,Walter Hayes Trophy 2020,,,,track_silverstone_national,Silverstone National,,,,pdf,link_only,"Official TSL Walter Hayes Trophy 2020 result book with qualifying, heats, progression, last chance, semi-final, and final classifications.",link_only,media_narrative_context,1,d4d96f43d7e734ba26b0bdefe7d2d3e6ec0096e36dc05af4008d5fc7acfe69fd
asset_formula_ford_2020_wht_event_page,media,series_formula_ford,Formula Ford,2020,event_formula_ford_2020_walter_hayes_trophy,Walter Hayes Trophy 2020,,,,track_silverstone_national,Silverstone National,,,,timing_sheet,link_only,Official TSL event page listing WHT timing documents and session links.,link_only,media_narrative_context,1,d4d96f43d7e734ba26b0bdefe7d2d3e6ec0096e36dc05af4008d5fc7acfe69fd
asset_formula_ford_2020_wht_grand_final_pdf,media,series_formula_ford,Formula Ford,2020,event_formula_ford_2020_walter_hayes_trophy,Walter Hayes Trophy 2020,session_formula_ford_2020_wht_grand_final,race,GRAND FINAL,track_silverstone_national,Silverstone National,driver_bryce_aron,Bryce Aron,,result_sheet,link_only,Official WHT Grand Final classification cross-check. Bryce Aron finished P3 in car 21.,link_only,media_narrative_context,1,d4d96f43d7e734ba26b0bdefe7d2d3e6ec0096e36dc05af4008d5fc7acfe69fd
weather_formula_ford_2020_wht_grand_final_official_conditions,weather,series_formula_ford,Formula Ford,2020,event_formula_ford_2020_walter_hayes_trophy,Walter Hayes Trophy 2020,session_formula_ford_2020_wht_grand_final,race,GRAND FINAL,track_silverstone_national,Silverstone National,,,,series_report,wet; wet,wet / wet (TSL official classification weather/track line),official,official_weather_context,1,d4d96f43d7e734ba26b0bdefe7d2d3e6ec0096e36dc05af4008d5fc7acfe69fd
weather_formula_ford_2020_wht_heat_1_official_conditions,weather,series_formula_ford,Formula Ford,2020,event_formula_ford_2020_walter_hayes_trophy,Walter Hayes Trophy 2020,session_formula_ford_2020_wht_heat_1,heat,HEAT 1,track_silverstone_national,Silverstone National,,,,series_report,wet; wet,wet / wet (TSL official classification weather/track line),official,official_weather_context,1,d4d96f43d7e734ba26b0bdefe7d2d3e6ec0096e36dc05af4008d5fc7acfe69fd
weather_formula_ford_2020_wht_heat_1_qualifying_official_conditions,weather,series_formula_ford,Formula Ford,2020,event_formula_ford_2020_walter_hayes_trophy,Walter Hayes Trophy 2020,session_formula_ford_2020_wht_heat_1_qualifying,qualifying,HEAT 1 QUALIFYING,track_silverstone_national,Silverstone National,,,,series_report,damp; damp,damp / damp (TSL official classification weather/track line),official,official_weather_context,1,d4d96f43d7e734ba26b0bdefe7d2d3e6ec0096e36dc05af4008d5fc7acfe69fd
penalty_formula_ford_2020_wht_heat_2_car_888_grid_positions,penalty,series_formula_ford,Formula Ford,2020,event_formula_ford_2020_walter_hayes_trophy,Walter Hayes Trophy 2020,session_formula_ford_2020_wht_heat_2,heat,HEAT 2,track_silverstone_national,Silverstone National,driver_sebastian_melrose,Sebastian MELROSE,,grid_position_loss,positionImpact=-2,Car 888 - 2 place grid penalty for exceeding track limits.,official,official_penalty_context,2,d4d96f43d7e734ba26b0bdefe7d2d3e6ec0096e36dc05af4008d5fc7acfe69fd
weather_formula_ford_2020_wht_heat_2_official_conditions,weather,series_formula_ford,Formula Ford,2020,event_formula_ford_2020_walter_hayes_trophy,Walter Hayes Trophy 2020,session_formula_ford_2020_wht_heat_2,heat,HEAT 2,track_silverstone_national,Silverstone National,,,,series_report,wet; wet,wet / wet (TSL official classification weather/track line),official,official_weather_context,1,d4d96f43d7e734ba26b0bdefe7d2d3e6ec0096e36dc05af4008d5fc7acfe69fd
weather_formula_ford_2020_wht_heat_2_qualifying_official_conditions,weather,series_formula_ford,Formula Ford,2020,event_formula_ford_2020_walter_hayes_trophy,Walter Hayes Trophy 2020,session_formula_ford_2020_wht_heat_2_qualifying,qualifying,HEAT 2 QUALIFYING,track_silverstone_national,Silverstone National,,,,series_report,damp; damp,damp / damp (TSL official classification weather/track line),official,official_weather_context,1,d4d96f43d7e734ba26b0bdefe7d2d3e6ec0096e36dc05af4008d5fc7acfe69fd
weather_formula_ford_2020_wht_heat_3_official_conditions,weather,series_formula_ford,Formula Ford,2020,event_formula_ford_2020_walter_hayes_trophy,Walter Hayes Trophy 2020,session_formula_ford_2020_wht_heat_3,heat,HEAT 3,track_silverstone_national,Silverstone National,,,,series_report,wet; wet,wet / wet (TSL official classification weather/track line),official,official_weather_context,1,d4d96f43d7e734ba26b0bdefe7d2d3e6ec0096e36dc05af4008d5fc7acfe69fd
weather_formula_ford_2020_wht_heat_3_qualifying_official_conditions,weather,series_formula_ford,Formula Ford,2020,event_formula_ford_2020_walter_hayes_trophy,Walter Hayes Trophy 2020,session_formula_ford_2020_wht_heat_3_qualifying,qualifying,HEAT 3 QUALIFYING,track_silverstone_national,Silverstone National,,,,series_report,damp; damp,damp / damp (TSL official classification weather/track line),official,official_weather_context,1,d4d96f43d7e734ba26b0bdefe7d2d3e6ec0096e36dc05af4008d5fc7acfe69fd
penalty_formula_ford_2020_wht_heat_4_car_35_grid_positions,penalty,series_formula_ford,Formula Ford,2020,event_formula_ford_2020_walter_hayes_trophy,Walter Hayes Trophy 2020,session_formula_ford_2020_wht_heat_4,heat,HEAT 4,track_silverstone_national,Silverstone National,driver_robert_hall,Robert HALL,,grid_position_loss,positionImpact=-2,Car 35 - 2 place grid penalty for exceeding track limits.,official,official_penalty_context,2,d4d96f43d7e734ba26b0bdefe7d2d3e6ec0096e36dc05af4008d5fc7acfe69fd
weather_formula_ford_2020_wht_heat_4_official_conditions,weather,series_formula_ford,Formula Ford,2020,event_formula_ford_2020_walter_hayes_trophy,Walter Hayes Trophy 2020,session_formula_ford_2020_wht_heat_4,heat,HEAT 4,track_silverstone_national,Silverstone National,,,,series_report,wet; wet,wet / wet (TSL official classification weather/track line),official,official_weather_context,1,d4d96f43d7e734ba26b0bdefe7d2d3e6ec0096e36dc05af4008d5fc7acfe69fd
weather_formula_ford_2020_wht_heat_4_qualifying_official_conditions,weather,series_formula_ford,Formula Ford,2020,event_formula_ford_2020_walter_hayes_trophy,Walter Hayes Trophy 2020,session_formula_ford_2020_wht_heat_4_qualifying,qualifying,HEAT 4 QUALIFYING,track_silverstone_national,Silverstone National,,,,series_report,wet; wet,wet / wet (TSL official classification weather/track line),official,official_weather_context,1,d4d96f43d7e734ba26b0bdefe7d2d3e6ec0096e36dc05af4008d5fc7acfe69fd
weather_formula_ford_2020_wht_last_chance_race_official_conditions,weather,series_formula_ford,Formula Ford,2020,event_formula_ford_2020_walter_hayes_trophy,Walter Hayes Trophy 2020,session_formula_ford_2020_wht_last_chance_race,race,LAST CHANCE RACE,track_silverstone_national,Silverstone National,,,,series_report,damp; damp,damp / damp (TSL official classification weather/track line),official,official_weather_context,1,d4d96f43d7e734ba26b0bdefe7d2d3e6ec0096e36dc05af4008d5fc7acfe69fd
penalty_formula_ford_2020_wht_progression_race_car_10_time_seconds,penalty,series_formula_ford,Formula Ford,2020,event_formula_ford_2020_walter_hayes_trophy,Walter Hayes Trophy 2020,session_formula_ford_2020_wht_progression_race,race,PROGRESSION RACE,track_silverstone_national,Silverstone National,driver_will_everington,Will EVERINGTON,,time_penalty,timeImpactSeconds=5,*Car 10 - 5 second penalty for exceeding track limits.,official,official_penalty_context,2,d4d96f43d7e734ba26b0bdefe7d2d3e6ec0096e36dc05af4008d5fc7acfe69fd
weather_formula_ford_2020_wht_progression_race_official_conditions,weather,series_formula_ford,Formula Ford,2020,event_formula_ford_2020_walter_hayes_trophy,Walter Hayes Trophy 2020,session_formula_ford_2020_wht_progression_race,race,PROGRESSION RACE,track_silverstone_national,Silverstone National,,,,series_report,wet; wet,wet / wet (TSL official classification weather/track line),official,official_weather_context,1,d4d96f43d7e734ba26b0bdefe7d2d3e6ec0096e36dc05af4008d5fc7acfe69fd
weather_formula_ford_2020_wht_qualifying_race_7_official_conditions,weather,series_formula_ford,Formula Ford,2020,event_formula_ford_2020_walter_hayes_trophy,Walter Hayes Trophy 2020,session_formula_ford_2020_wht_qualifying_race_7,qualifying,QUALIFYING - RACE 7,track_silverstone_national,Silverstone National,,,,series_report,wet; wet,wet / wet (TSL official classification weather/track line),official,official_weather_context,1,d4d96f43d7e734ba26b0bdefe7d2d3e6ec0096e36dc05af4008d5fc7acfe69fd
weather_formula_ford_2020_wht_qualifying_race_8_official_conditions,weather,series_formula_ford,Formula Ford,2020,event_formula_ford_2020_walter_hayes_trophy,Walter Hayes Trophy 2020,session_formula_ford_2020_wht_qualifying_race_8,qualifying,QUALIFYING - RACE 8,track_silverstone_national,Silverstone National,,,,series_report,wet; wet,wet / wet (TSL official classification weather/track line),official,official_weather_context,1,d4d96f43d7e734ba26b0bdefe7d2d3e6ec0096e36dc05af4008d5fc7acfe69fd
weather_formula_ford_2020_wht_race_15_official_conditions,weather,series_formula_ford,Formula Ford,2020,event_formula_ford_2020_walter_hayes_trophy,Walter Hayes Trophy 2020,session_formula_ford_2020_wht_race_15,race,RACE 15,track_silverstone_national,Silverstone National,,,,series_report,damp; damp,damp / damp (TSL official classification weather/track line),official,official_weather_context,1,d4d96f43d7e734ba26b0bdefe7d2d3e6ec0096e36dc05af4008d5fc7acfe69fd
penalty_formula_ford_2020_wht_race_16_car_48_time_seconds,penalty,series_formula_ford,Formula Ford,2020,event_formula_ford_2020_walter_hayes_trophy,Walter Hayes Trophy 2020,session_formula_ford_2020_wht_race_16,race,RACE 16,track_silverstone_national,Silverstone National,driver_benn_tilley,Benn TILLEY,,time_penalty,timeImpactSeconds=5,*Car 48 - 5 second penalty for exceeding track limits.,official,official_penalty_context,2,d4d96f43d7e734ba26b0bdefe7d2d3e6ec0096e36dc05af4008d5fc7acfe69fd
weather_formula_ford_2020_wht_race_16_official_conditions,weather,series_formula_ford,Formula Ford,2020,event_formula_ford_2020_walter_hayes_trophy,Walter Hayes Trophy 2020,session_formula_ford_2020_wht_race_16,race,RACE 16,track_silverstone_national,Silverstone National,,,,series_report,wet; wet,wet / wet (TSL official classification weather/track line),official,official_weather_context,1,d4d96f43d7e734ba26b0bdefe7d2d3e6ec0096e36dc05af4008d5fc7acfe69fd
weather_formula_ford_2020_wht_race_7_official_conditions,weather,series_formula_ford,Formula Ford,2020,event_formula_ford_2020_walter_hayes_trophy,Walter Hayes Trophy 2020,session_formula_ford_2020_wht_race_7,race,RACE 7,track_silverstone_national,Silverstone National,,,,series_report,damp; damp,damp / damp (TSL official classification weather/track line),official,official_weather_context,1,d4d96f43d7e734ba26b0bdefe7d2d3e6ec0096e36dc05af4008d5fc7acfe69fd
weather_formula_ford_2020_wht_race_8_official_conditions,weather,series_formula_ford,Formula Ford,2020,event_formula_ford_2020_walter_hayes_trophy,Walter Hayes Trophy 2020,session_formula_ford_2020_wht_race_8,race,RACE 8,track_silverstone_national,Silverstone National,,,,series_report,damp; damp,damp / damp (TSL official classification weather/track line),official,official_weather_context,1,d4d96f43d7e734ba26b0bdefe7d2d3e6ec0096e36dc05af4008d5fc7acfe69fd
weather_formula_ford_2020_wht_semi_final_1_official_conditions,weather,series_formula_ford,Formula Ford,2020,event_formula_ford_2020_walter_hayes_trophy,Walter Hayes Trophy 2020,session_formula_ford_2020_wht_semi_final_1,race,SEMI FINAL 1,track_silverstone_national,Silverstone National,,,,series_report,damp; damp,damp / damp (TSL official classification weather/track line),official,official_weather_context,1,d4d96f43d7e734ba26b0bdefe7d2d3e6ec0096e36dc05af4008d5fc7acfe69fd
weather_formula_ford_2020_wht_semi_final_2_official_conditions,weather,series_formula_ford,Formula Ford,2020,event_formula_ford_2020_walter_hayes_trophy,Walter Hayes Trophy 2020,session_formula_ford_2020_wht_semi_final_2,race,SEMI FINAL 2,track_silverstone_national,Silverstone National,,,,series_report,damp; damp,damp / damp (TSL official classification weather/track line),official,official_weather_context,1,d4d96f43d7e734ba26b0bdefe7d2d3e6ec0096e36dc05af4008d5fc7acfe69fd
asset_gb3_2021_212005_pdf_book,media,series_gb3,GB3 Championship,2021,event_gb3_2021_r1_brands_hatch,GB3 2021 Round 1 - Brands Hatch,,,,track_brands_hatch_gp,Brands Hatch GP,,,,pdf,link_only,Official TSL PDF book for GB3/BRDC British F3 at Brands Hatch.,link_only,media_narrative_context,1,d4d96f43d7e734ba26b0bdefe7d2d3e6ec0096e36dc05af4008d5fc7acfe69fd
asset_gb3_2021_212005_fp1_pdf,media,series_gb3,GB3 Championship,2021,event_gb3_2021_r1_brands_hatch,GB3 2021 Round 1 - Brands Hatch,session_gb3_2021_212005_free_practice_1,practice,Free Practice 1,track_brands_hatch_gp,Brands Hatch GP,,,,pdf,link_only,Official TSL timing PDF for Brands Hatch Free Practice 1.,link_only,media_narrative_context,2,d4d96f43d7e734ba26b0bdefe7d2d3e6ec0096e36dc05af4008d5fc7acfe69fd
weather_gb3_2021_212005_fp1_official_conditions,weather,series_gb3,GB3 Championship,2021,event_gb3_2021_r1_brands_hatch,GB3 2021 Round 1 - Brands Hatch,session_gb3_2021_212005_free_practice_1,practice,Free Practice 1,track_brands_hatch_gp,Brands Hatch GP,,,,series_report,wet; wet,wet / wet (TSL official classification weather/track line),official,official_weather_context,1,d4d96f43d7e734ba26b0bdefe7d2d3e6ec0096e36dc05af4008d5fc7acfe69fd
asset_gb3_2021_212005_qu1_pdf,media,series_gb3,GB3 Championship,2021,event_gb3_2021_r1_brands_hatch,GB3 2021 Round 1 - Brands Hatch,session_gb3_2021_212005_qualifying,qualifying,Qualifying,track_brands_hatch_gp,Brands Hatch GP,,,,pdf,link_only,Official TSL timing PDF for Brands Hatch Qualifying.,link_only,media_narrative_context,2,d4d96f43d7e734ba26b0bdefe7d2d3e6ec0096e36dc05af4008d5fc7acfe69fd
weather_gb3_2021_212005_qu1_official_conditions,weather,series_gb3,GB3 Championship,2021,event_gb3_2021_r1_brands_hatch,GB3 2021 Round 1 - Brands Hatch,session_gb3_2021_212005_qualifying,qualifying,Qualifying,track_brands_hatch_gp,Brands Hatch GP,,,,series_report,dry; dry,dry / dry (TSL official classification weather/track line),official,official_weather_context,1,d4d96f43d7e734ba26b0bdefe7d2d3e6ec0096e36dc05af4008d5fc7acfe69fd
asset_gb3_2021_212005_qu2_pdf,media,series_gb3,GB3 Championship,2021,event_gb3_2021_r1_brands_hatch,GB3 2021 Round 1 - Brands Hatch,session_gb3_2021_212005_qualifying_2nd_fastest,qualifying,Qualifying 2nd Fastest,track_brands_hatch_gp,Brands Hatch GP,,,,pdf,link_only,Official TSL timing PDF for Brands Hatch Qualifying 2nd Fastest.,link_only,media_narrative_context,2,d4d96f43d7e734ba26b0bdefe7d2d3e6ec0096e36dc05af4008d5fc7acfe69fd
weather_gb3_2021_212005_qu2_official_conditions,weather,series_gb3,GB3 Championship,2021,event_gb3_2021_r1_brands_hatch,GB3 2021 Round 1 - Brands Hatch,session_gb3_2021_212005_qualifying_2nd_fastest,qualifying,Qualifying 2nd Fastest,track_brands_hatch_gp,Brands Hatch GP,,,,series_report,dry; dry,dry / dry (TSL official classification weather/track line),official,official_weather_context,1,d4d96f43d7e734ba26b0bdefe7d2d3e6ec0096e36dc05af4008d5fc7acfe69fd
asset_gb3_2021_212005_grd_pdf,media,series_gb3,GB3 Championship,2021,event_gb3_2021_r1_brands_hatch,GB3 2021 Round 1 - Brands Hatch,session_gb3_2021_212005_race_1_result,race,Race 1 Result,track_brands_hatch_gp,Brands Hatch GP,,,,pdf,link_only,Official TSL grid PDF for Brands Hatch Grid for Race 1.,link_only,media_narrative_context,2,d4d96f43d7e734ba26b0bdefe7d2d3e6ec0096e36dc05af4008d5fc7acfe69fd
asset_gb3_2021_212005_rc1_pdf,media,series_gb3,GB3 Championship,2021,event_gb3_2021_r1_brands_hatch,GB3 2021 Round 1 - Brands Hatch,session_gb3_2021_212005_race_1_result,race,Race 1 Result,track_brands_hatch_gp,Brands Hatch GP,,,,pdf,link_only,Official TSL timing PDF for Brands Hatch Race 1 Result.,link_only,media_narrative_context,2,d4d96f43d7e734ba26b0bdefe7d2d3e6ec0096e36dc05af4008d5fc7acfe69fd
weather_gb3_2021_212005_rc1_official_conditions,weather,series_gb3,GB3 Championship,2021,event_gb3_2021_r1_brands_hatch,GB3 2021 Round 1 - Brands Hatch,session_gb3_2021_212005_race_1_result,race,Race 1 Result,track_brands_hatch_gp,Brands Hatch GP,,,,series_report,dry; dry,dry / dry (TSL official classification weather/track line),official,official_weather_context,1,d4d96f43d7e734ba26b0bdefe7d2d3e6ec0096e36dc05af4008d5fc7acfe69fd
asset_gb3_2021_212005_gr2_pdf,media,series_gb3,GB3 Championship,2021,event_gb3_2021_r1_brands_hatch,GB3 2021 Round 1 - Brands Hatch,session_gb3_2021_212005_race_2_result,race,Race 2 Result,track_brands_hatch_gp,Brands Hatch GP,,,,pdf,link_only,Official TSL grid PDF for Brands Hatch Grid for Race 2.,link_only,media_narrative_context,2,d4d96f43d7e734ba26b0bdefe7d2d3e6ec0096e36dc05af4008d5fc7acfe69fd
asset_gb3_2021_212005_rc2_pdf,media,series_gb3,GB3 Championship,2021,event_gb3_2021_r1_brands_hatch,GB3 2021 Round 1 - Brands Hatch,session_gb3_2021_212005_race_2_result,race,Race 2 Result,track_brands_hatch_gp,Brands Hatch GP,,,,pdf,link_only,Official TSL timing PDF for Brands Hatch Race 2 Result.,link_only,media_narrative_context,2,d4d96f43d7e734ba26b0bdefe7d2d3e6ec0096e36dc05af4008d5fc7acfe69fd
weather_gb3_2021_212005_rc2_official_conditions,weather,series_gb3,GB3 Championship,2021,event_gb3_2021_r1_brands_hatch,GB3 2021 Round 1 - Brands Hatch,session_gb3_2021_212005_race_2_result,race,Race 2 Result,track_brands_hatch_gp,Brands Hatch GP,,,,series_report,dry; dry,dry / dry (TSL official classification weather/track line),official,official_weather_context,1,d4d96f43d7e734ba26b0bdefe7d2d3e6ec0096e36dc05af4008d5fc7acfe69fd
asset_gb3_2021_212005_gr3_pdf,media,series_gb3,GB3 Championship,2021,event_gb3_2021_r1_brands_hatch,GB3 2021 Round 1 - Brands Hatch,session_gb3_2021_212005_race_3_result,race,Race 3 Result,track_brands_hatch_gp,Brands Hatch GP,,,,pdf,link_only,Official TSL grid PDF for Brands Hatch Grid for Race 3.,link_only,media_narrative_context,2,d4d96f43d7e734ba26b0bdefe7d2d3e6ec0096e36dc05af4008d5fc7acfe69fd
asset_gb3_2021_212005_rc3_pdf,media,series_gb3,GB3 Championship,2021,event_gb3_2021_r1_brands_hatch,GB3 2021 Round 1 - Brands Hatch,session_gb3_2021_212005_race_3_result,race,Race 3 Result,track_brands_hatch_gp,Brands Hatch GP,,,,pdf,link_only,Official TSL timing PDF for Brands Hatch Race 3 Result.,link_only,media_narrative_context,2,d4d96f43d7e734ba26b0bdefe7d2d3e6ec0096e36dc05af4008d5fc7acfe69fd
weather_gb3_2021_212005_rc3_official_conditions,weather,series_gb3,GB3 Championship,2021,event_gb3_2021_r1_brands_hatch,GB3 2021 Round 1 - Brands Hatch,session_gb3_2021_212005_race_3_result,race,Race 3 Result,track_brands_hatch_gp,Brands Hatch GP,,,,series_report,dry; dry,dry / dry (TSL official classification weather/track line),official,official_weather_context,1,d4d96f43d7e734ba26b0bdefe7d2d3e6ec0096e36dc05af4008d5fc7acfe69fd
asset_gb3_2021_212505_pdf_book,media,series_gb3,GB3 Championship,2021,event_gb3_2021_r2_silverstone,GB3 2021 Round 2 - Silverstone,,,,track_silverstone_gp,Silverstone GP,,,,pdf,link_only,Official TSL PDF book for GB3/BRDC British F3 at Silverstone.,link_only,media_narrative_context,1,d4d96f43d7e734ba26b0bdefe7d2d3e6ec0096e36dc05af4008d5fc7acfe69fd
asset_gb3_2021_212505_qu1_pdf,media,series_gb3,GB3 Championship,2021,event_gb3_2021_r2_silverstone,GB3 2021 Round 2 - Silverstone,session_gb3_2021_212505_qualifying,qualifying,Qualifying,track_silverstone_gp,Silverstone GP,,,,pdf,link_only,Official TSL timing PDF for Silverstone Qualifying.,link_only,media_narrative_context,2,d4d96f43d7e734ba26b0bdefe7d2d3e6ec0096e36dc05af4008d5fc7acfe69fd
weather_gb3_2021_212505_qu1_official_conditions,weather,series_gb3,GB3 Championship,2021,event_gb3_2021_r2_silverstone,GB3 2021 Round 2 - Silverstone,session_gb3_2021_212505_qualifying,qualifying,Qualifying,track_silverstone_gp,Silverstone GP,,,,series_report,dry; dry,dry / dry (TSL official classification weather/track line),official,official_weather_context,1,d4d96f43d7e734ba26b0bdefe7d2d3e6ec0096e36dc05af4008d5fc7acfe69fd
asset_gb3_2021_212505_qu2_pdf,media,series_gb3,GB3 Championship,2021,event_gb3_2021_r2_silverstone,GB3 2021 Round 2 - Silverstone,session_gb3_2021_212505_qualifying_2nd_fastest,qualifying,Qualifying 2nd Fastest,track_silverstone_gp,Silverstone GP,,,,pdf,link_only,Official TSL timing PDF for Silverstone Qualifying 2nd Fastest.,link_only,media_narrative_context,2,d4d96f43d7e734ba26b0bdefe7d2d3e6ec0096e36dc05af4008d5fc7acfe69fd
weather_gb3_2021_212505_qu2_official_conditions,weather,series_gb3,GB3 Championship,2021,event_gb3_2021_r2_silverstone,GB3 2021 Round 2 - Silverstone,session_gb3_2021_212505_qualifying_2nd_fastest,qualifying,Qualifying 2nd Fastest,track_silverstone_gp,Silverstone GP,,,,series_report,dry; dry,dry / dry (TSL official classification weather/track line),official,official_weather_context,1,d4d96f43d7e734ba26b0bdefe7d2d3e6ec0096e36dc05af4008d5fc7acfe69fd
asset_gb3_2021_212505_grd_pdf,media,series_gb3,GB3 Championship,2021,event_gb3_2021_r2_silverstone,GB3 2021 Round 2 - Silverstone,session_gb3_2021_212505_race_1_result,race,Race 1 Result,track_silverstone_gp,Silverstone GP,,,,pdf,link_only,Official TSL grid PDF for Silverstone Grid for Race 1.,link_only,media_narrative_context,2,d4d96f43d7e734ba26b0bdefe7d2d3e6ec0096e36dc05af4008d5fc7acfe69fd
asset_gb3_2021_212505_rc1_pdf,media,series_gb3,GB3 Championship,2021,event_gb3_2021_r2_silverstone,GB3 2021 Round 2 - Silverstone,session_gb3_2021_212505_race_1_result,race,Race 1 Result,track_silverstone_gp,Silverstone GP,,,,pdf,link_only,Official TSL timing PDF for Silverstone Race 1 Result.,link_only,media_narrative_context,2,d4d96f43d7e734ba26b0bdefe7d2d3e6ec0096e36dc05af4008d5fc7acfe69fd
weather_gb3_2021_212505_rc1_official_conditions,weather,series_gb3,GB3 Championship,2021,event_gb3_2021_r2_silverstone,GB3 2021 Round 2 - Silverstone,session_gb3_2021_212505_race_1_result,race,Race 1 Result,track_silverstone_gp,Silverstone GP,,,,series_report,dry; dry,dry / dry (TSL official classification weather/track line),official,official_weather_context,1,d4d96f43d7e734ba26b0bdefe7d2d3e6ec0096e36dc05af4008d5fc7acfe69fd
asset_gb3_2021_212505_gr2_pdf,media,series_gb3,GB3 Championship,2021,event_gb3_2021_r2_silverstone,GB3 2021 Round 2 - Silverstone,session_gb3_2021_212505_race_2_result,race,Race 2 Result,track_silverstone_gp,Silverstone GP,,,,pdf,link_only,Official TSL grid PDF for Silverstone Grid for Race 2.,link_only,media_narrative_context,2,d4d96f43d7e734ba26b0bdefe7d2d3e6ec0096e36dc05af4008d5fc7acfe69fd
asset_gb3_2021_212505_rc2_pdf,media,series_gb3,GB3 Championship,2021,event_gb3_2021_r2_silverstone,GB3 2021 Round 2 - Silverstone,session_gb3_2021_212505_race_2_result,race,Race 2 Result,track_silverstone_gp,Silverstone GP,,,,pdf,link_only,Official TSL timing PDF for Silverstone Race 2 Result.,link_only,media_narrative_context,2,d4d96f43d7e734ba26b0bdefe7d2d3e6ec0096e36dc05af4008d5fc7acfe69fd
weather_gb3_2021_212505_rc2_official_conditions,weather,series_gb3,GB3 Championship,2021,event_gb3_2021_r2_silverstone,GB3 2021 Round 2 - Silverstone,session_gb3_2021_212505_race_2_result,race,Race 2 Result,track_silverstone_gp,Silverstone GP,,,,series_report,dry; dry,dry / dry (TSL official classification weather/track line),official,official_weather_context,1,d4d96f43d7e734ba26b0bdefe7d2d3e6ec0096e36dc05af4008d5fc7acfe69fd
asset_gb3_2021_212505_gr3_pdf,media,series_gb3,GB3 Championship,2021,event_gb3_2021_r2_silverstone,GB3 2021 Round 2 - Silverstone,session_gb3_2021_212505_race_3_result,race,Race 3 Result,track_silverstone_gp,Silverstone GP,,,,pdf,link_only,Official TSL grid PDF for Silverstone Grid for Race 3.,link_only,media_narrative_context,2,d4d96f43d7e734ba26b0bdefe7d2d3e6ec0096e36dc05af4008d5fc7acfe69fd
asset_gb3_2021_212505_rc3_pdf,media,series_gb3,GB3 Championship,2021,event_gb3_2021_r2_silverstone,GB3 2021 Round 2 - Silverstone,session_gb3_2021_212505_race_3_result,race,Race 3 Result,track_silverstone_gp,Silverstone GP,,,,pdf,link_only,Official TSL timing PDF for Silverstone Race 3 Result.,link_only,media_narrative_context,2,d4d96f43d7e734ba26b0bdefe7d2d3e6ec0096e36dc05af4008d5fc7acfe69fd
weather_gb3_2021_212505_rc3_official_conditions,weather,series_gb3,GB3 Championship,2021,event_gb3_2021_r2_silverstone,GB3 2021 Round 2 - Silverstone,session_gb3_2021_212505_race_3_result,race,Race 3 Result,track_silverstone_gp,Silverstone GP,,,,series_report,dry; dry,dry / dry (TSL official classification weather/track line),official,official_weather_context,1,d4d96f43d7e734ba26b0bdefe7d2d3e6ec0096e36dc05af4008d5fc7acfe69fd
asset_gb3_2021_212705_pdf_book,media,series_gb3,GB3 Championship,2021,event_gb3_2021_r3_donington_park,GB3 2021 Round 3 - Donington Park,,,,track_donington_park_gp,Donington Park GP,,,,pdf,link_only,Official TSL PDF book for GB3/BRDC British F3 at Donington Park.,link_only,media_narrative_context,1,d4d96f43d7e734ba26b0bdefe7d2d3e6ec0096e36dc05af4008d5fc7acfe69fd
asset_gb3_2021_212705_qu1_pdf,media,series_gb3,GB3 Championship,2021,event_gb3_2021_r3_donington_park,GB3 2021 Round 3 - Donington Park,session_gb3_2021_212705_qualifying,qualifying,Qualifying,track_donington_park_gp,Donington Park GP,,,,pdf,link_only,Official TSL timing PDF for Donington Park Qualifying.,link_only,media_narrative_context,2,d4d96f43d7e734ba26b0bdefe7d2d3e6ec0096e36dc05af4008d5fc7acfe69fd
weather_gb3_2021_212705_qu1_official_conditions,weather,series_gb3,GB3 Championship,2021,event_gb3_2021_r3_donington_park,GB3 2021 Round 3 - Donington Park,session_gb3_2021_212705_qualifying,qualifying,Qualifying,track_donington_park_gp,Donington Park GP,,,,series_report,dry; dry,dry / dry (TSL official classification weather/track line),official,official_weather_context,1,d4d96f43d7e734ba26b0bdefe7d2d3e6ec0096e36dc05af4008d5fc7acfe69fd
asset_gb3_2021_212705_qu2_pdf,media,series_gb3,GB3 Championship,2021,event_gb3_2021_r3_donington_park,GB3 2021 Round 3 - Donington Park,session_gb3_2021_212705_qualifying_2nd_fastest,qualifying,Qualifying 2nd Fastest,track_donington_park_gp,Donington Park GP,,,,pdf,link_only,Official TSL timing PDF for Donington Park Qualifying 2nd Fastest.,link_only,media_narrative_context,2,d4d96f43d7e734ba26b0bdefe7d2d3e6ec0096e36dc05af4008d5fc7acfe69fd
weather_gb3_2021_212705_qu2_official_conditions,weather,series_gb3,GB3 Championship,2021,event_gb3_2021_r3_donington_park,GB3 2021 Round 3 - Donington Park,session_gb3_2021_212705_qualifying_2nd_fastest,qualifying,Qualifying 2nd Fastest,track_donington_park_gp,Donington Park GP,,,,series_report,dry; dry,dry / dry (TSL official classification weather/track line),official,official_weather_context,1,d4d96f43d7e734ba26b0bdefe7d2d3e6ec0096e36dc05af4008d5fc7acfe69fd
asset_gb3_2021_212705_grd_pdf,media,series_gb3,GB3 Championship,2021,event_gb3_2021_r3_donington_park,GB3 2021 Round 3 - Donington Park,session_gb3_2021_212705_race_1_result,race,Race 1 Result,track_donington_park_gp,Donington Park GP,,,,pdf,link_only,Official TSL grid PDF for Donington Park Grid for Race 1.,link_only,media_narrative_context,2,d4d96f43d7e734ba26b0bdefe7d2d3e6ec0096e36dc05af4008d5fc7acfe69fd
asset_gb3_2021_212705_rc1_pdf,media,series_gb3,GB3 Championship,2021,event_gb3_2021_r3_donington_park,GB3 2021 Round 3 - Donington Park,session_gb3_2021_212705_race_1_result,race,Race 1 Result,track_donington_park_gp,Donington Park GP,,,,pdf,link_only,Official TSL timing PDF for Donington Park Race 1 Result.,link_only,media_narrative_context,2,d4d96f43d7e734ba26b0bdefe7d2d3e6ec0096e36dc05af4008d5fc7acfe69fd
weather_gb3_2021_212705_rc1_official_conditions,weather,series_gb3,GB3 Championship,2021,event_gb3_2021_r3_donington_park,GB3 2021 Round 3 - Donington Park,session_gb3_2021_212705_race_1_result,race,Race 1 Result,track_donington_park_gp,Donington Park GP,,,,series_report,dry; dry,dry / dry (TSL official classification weather/track line),official,official_weather_context,1,d4d96f43d7e734ba26b0bdefe7d2d3e6ec0096e36dc05af4008d5fc7acfe69fd
asset_gb3_2021_212705_gr2_pdf,media,series_gb3,GB3 Championship,2021,event_gb3_2021_r3_donington_park,GB3 2021 Round 3 - Donington Park,session_gb3_2021_212705_race_2_result,race,Race 2 Result,track_donington_park_gp,Donington Park GP,,,,pdf,link_only,Official TSL grid PDF for Donington Park Grid for Race 2.,link_only,media_narrative_context,2,d4d96f43d7e734ba26b0bdefe7d2d3e6ec0096e36dc05af4008d5fc7acfe69fd
asset_gb3_2021_212705_rc2_pdf,media,series_gb3,GB3 Championship,2021,event_gb3_2021_r3_donington_park,GB3 2021 Round 3 - Donington Park,session_gb3_2021_212705_race_2_result,race,Race 2 Result,track_donington_park_gp,Donington Park GP,,,,pdf,link_only,Official TSL timing PDF for Donington Park Race 2 Result.,link_only,media_narrative_context,2,d4d96f43d7e734ba26b0bdefe7d2d3e6ec0096e36dc05af4008d5fc7acfe69fd
weather_gb3_2021_212705_rc2_official_conditions,weather,series_gb3,GB3 Championship,2021,event_gb3_2021_r3_donington_park,GB3 2021 Round 3 - Donington Park,session_gb3_2021_212705_race_2_result,race,Race 2 Result,track_donington_park_gp,Donington Park GP,,,,series_report,dry; dry,dry / dry (TSL official classification weather/track line),official,official_weather_context,1,d4d96f43d7e734ba26b0bdefe7d2d3e6ec0096e36dc05af4008d5fc7acfe69fd
asset_gb3_2021_212705_gr3_pdf,media,series_gb3,GB3 Championship,2021,event_gb3_2021_r3_donington_park,GB3 2021 Round 3 - Donington Park,session_gb3_2021_212705_race_3_result,race,Race 3 Result,track_donington_park_gp,Donington Park GP,,,,pdf,link_only,Official TSL grid PDF for Donington Park Grid for Race 3.,link_only,media_narrative_context,2,d4d96f43d7e734ba26b0bdefe7d2d3e6ec0096e36dc05af4008d5fc7acfe69fd
asset_gb3_2021_212705_rc3_pdf,media,series_gb3,GB3 Championship,2021,event_gb3_2021_r3_donington_park,GB3 2021 Round 3 - Donington Park,session_gb3_2021_212705_race_3_result,race,Race 3 Result,track_donington_park_gp,Donington Park GP,,,,pdf,link_only,Official TSL timing PDF for Donington Park Race 3 Result.,link_only,media_narrative_context,2,d4d96f43d7e734ba26b0bdefe7d2d3e6ec0096e36dc05af4008d5fc7acfe69fd
weather_gb3_2021_212705_rc3_official_conditions,weather,series_gb3,GB3 Championship,2021,event_gb3_2021_r3_donington_park,GB3 2021 Round 3 - Donington Park,session_gb3_2021_212705_race_3_result,race,Race 3 Result,track_donington_park_gp,Donington Park GP,,,,series_report,dry; dry,dry / dry (TSL official classification weather/track line),official,official_weather_context,1,d4d96f43d7e734ba26b0bdefe7d2d3e6ec0096e36dc05af4008d5fc7acfe69fd
asset_gb3_2021_212905_pdf_book,media,series_gb3,GB3 Championship,2021,event_gb3_2021_r4_spa_francorchamps,GB3 2021 Round 4 - Spa-Francorchamps,,,,track_spa_gp,Spa GP,,,,pdf,link_only,Official TSL PDF book for GB3/BRDC British F3 at Spa-Francorchamps.,link_only,media_narrative_context,1,d4d96f43d7e734ba26b0bdefe7d2d3e6ec0096e36dc05af4008d5fc7acfe69fd
asset_gb3_2021_212905_fp1_pdf,media,series_gb3,GB3 Championship,2021,event_gb3_2021_r4_spa_francorchamps,GB3 2021 Round 4 - Spa-Francorchamps,session_gb3_2021_212905_free_practice_1,practice,Free Practice 1,track_spa_gp,Spa GP,,,,pdf,link_only,Official TSL timing PDF for Spa-Francorchamps Free Practice 1.,link_only,media_narrative_context,2,d4d96f43d7e734ba26b0bdefe7d2d3e6ec0096e36dc05af4008d5fc7acfe69fd
weather_gb3_2021_212905_fp1_official_conditions,weather,series_gb3,GB3 Championship,2021,event_gb3_2021_r4_spa_francorchamps,GB3 2021 Round 4 - Spa-Francorchamps,session_gb3_2021_212905_free_practice_1,practice,Free Practice 1,track_spa_gp,Spa GP,,,,series_report,dry; dry,dry / dry (TSL official classification weather/track line),official,official_weather_context,1,d4d96f43d7e734ba26b0bdefe7d2d3e6ec0096e36dc05af4008d5fc7acfe69fd
asset_gb3_2021_212905_fp2_pdf,media,series_gb3,GB3 Championship,2021,event_gb3_2021_r4_spa_francorchamps,GB3 2021 Round 4 - Spa-Francorchamps,session_gb3_2021_212905_free_practice_2,practice,Free Practice 2,track_spa_gp,Spa GP,,,,pdf,link_only,Official TSL timing PDF for Spa-Francorchamps Free Practice 2.,link_only,media_narrative_context,2,d4d96f43d7e734ba26b0bdefe7d2d3e6ec0096e36dc05af4008d5fc7acfe69fd
weather_gb3_2021_212905_fp2_official_conditions,weather,series_gb3,GB3 Championship,2021,event_gb3_2021_r4_spa_francorchamps,GB3 2021 Round 4 - Spa-Francorchamps,session_gb3_2021_212905_free_practice_2,practice,Free Practice 2,track_spa_gp,Spa GP,,,,series_report,dry; dry,dry / dry (TSL official classification weather/track line),official,official_weather_context,1,d4d96f43d7e734ba26b0bdefe7d2d3e6ec0096e36dc05af4008d5fc7acfe69fd
asset_gb3_2021_212905_fp3_pdf,media,series_gb3,GB3 Championship,2021,event_gb3_2021_r4_spa_francorchamps,GB3 2021 Round 4 - Spa-Francorchamps,session_gb3_2021_212905_free_practice_3,practice,Free Practice 3,track_spa_gp,Spa GP,,,,pdf,link_only,Official TSL timing PDF for Spa-Francorchamps Free Practice 3.,link_only,media_narrative_context,2,d4d96f43d7e734ba26b0bdefe7d2d3e6ec0096e36dc05af4008d5fc7acfe69fd
weather_gb3_2021_212905_fp3_official_conditions,weather,series_gb3,GB3 Championship,2021,event_gb3_2021_r4_spa_francorchamps,GB3 2021 Round 4 - Spa-Francorchamps,session_gb3_2021_212905_free_practice_3,practice,Free Practice 3,track_spa_gp,Spa GP,,,,series_report,dry; dry,dry / dry (TSL official classification weather/track line),official,official_weather_context,1,d4d96f43d7e734ba26b0bdefe7d2d3e6ec0096e36dc05af4008d5fc7acfe69fd
asset_gb3_2021_212905_qu1_pdf,media,series_gb3,GB3 Championship,2021,event_gb3_2021_r4_spa_francorchamps,GB3 2021 Round 4 - Spa-Francorchamps,session_gb3_2021_212905_qualifying,qualifying,Qualifying,track_spa_gp,Spa GP,,,,pdf,link_only,Official TSL timing PDF for Spa-Francorchamps Qualifying.,link_only,media_narrative_context,2,d4d96f43d7e734ba26b0bdefe7d2d3e6ec0096e36dc05af4008d5fc7acfe69fd
weather_gb3_2021_212905_qu1_official_conditions,weather,series_gb3,GB3 Championship,2021,event_gb3_2021_r4_spa_francorchamps,GB3 2021 Round 4 - Spa-Francorchamps,session_gb3_2021_212905_qualifying,qualifying,Qualifying,track_spa_gp,Spa GP,,,,series_report,dry; dry,dry / dry (TSL official classification weather/track line),official,official_weather_context,1,d4d96f43d7e734ba26b0bdefe7d2d3e6ec0096e36dc05af4008d5fc7acfe69fd
asset_gb3_2021_212905_qu2_pdf,media,series_gb3,GB3 Championship,2021,event_gb3_2021_r4_spa_francorchamps,GB3 2021 Round 4 - Spa-Francorchamps,session_gb3_2021_212905_qualifying_2nd_fastest,qualifying,Qualifying 2nd Fastest,track_spa_gp,Spa GP,,,,pdf,link_only,Official TSL timing PDF for Spa-Francorchamps Qualifying 2nd Fastest.,link_only,media_narrative_context,2,d4d96f43d7e734ba26b0bdefe7d2d3e6ec0096e36dc05af4008d5fc7acfe69fd
weather_gb3_2021_212905_qu2_official_conditions,weather,series_gb3,GB3 Championship,2021,event_gb3_2021_r4_spa_francorchamps,GB3 2021 Round 4 - Spa-Francorchamps,session_gb3_2021_212905_qualifying_2nd_fastest,qualifying,Qualifying 2nd Fastest,track_spa_gp,Spa GP,,,,series_report,dry; dry,dry / dry (TSL official classification weather/track line),official,official_weather_context,1,d4d96f43d7e734ba26b0bdefe7d2d3e6ec0096e36dc05af4008d5fc7acfe69fd
asset_gb3_2021_212905_grd_pdf,media,series_gb3,GB3 Championship,2021,event_gb3_2021_r4_spa_francorchamps,GB3 2021 Round 4 - Spa-Francorchamps,session_gb3_2021_212905_race_1_result,race,Race 1 Result,track_spa_gp,Spa GP,,,,pdf,link_only,Official TSL grid PDF for Spa-Francorchamps Grid for Race 1.,link_only,media_narrative_context,2,d4d96f43d7e734ba26b0bdefe7d2d3e6ec0096e36dc05af4008d5fc7acfe69fd
asset_gb3_2021_212905_rc1_pdf,media,series_gb3,GB3 Championship,2021,event_gb3_2021_r4_spa_francorchamps,GB3 2021 Round 4 - Spa-Francorchamps,session_gb3_2021_212905_race_1_result,race,Race 1 Result,track_spa_gp,Spa GP,,,,pdf,link_only,Official TSL timing PDF for Spa-Francorchamps Race 1 Result.,link_only,media_narrative_context,2,d4d96f43d7e734ba26b0bdefe7d2d3e6ec0096e36dc05af4008d5fc7acfe69fd
weather_gb3_2021_212905_rc1_official_conditions,weather,series_gb3,GB3 Championship,2021,event_gb3_2021_r4_spa_francorchamps,GB3 2021 Round 4 - Spa-Francorchamps,session_gb3_2021_212905_race_1_result,race,Race 1 Result,track_spa_gp,Spa GP,,,,series_report,wet; wet,wet / wet (TSL official classification weather/track line),official,official_weather_context,1,d4d96f43d7e734ba26b0bdefe7d2d3e6ec0096e36dc05af4008d5fc7acfe69fd
asset_gb3_2021_212905_gr2_pdf,media,series_gb3,GB3 Championship,2021,event_gb3_2021_r4_spa_francorchamps,GB3 2021 Round 4 - Spa-Francorchamps,session_gb3_2021_212905_race_2_result,race,Race 2 Result,track_spa_gp,Spa GP,,,,pdf,link_only,Official TSL grid PDF for Spa-Francorchamps Grid for Race 2.,link_only,media_narrative_context,2,d4d96f43d7e734ba26b0bdefe7d2d3e6ec0096e36dc05af4008d5fc7acfe69fd
asset_gb3_2021_212905_rc2_pdf,media,series_gb3,GB3 Championship,2021,event_gb3_2021_r4_spa_francorchamps,GB3 2021 Round 4 - Spa-Francorchamps,session_gb3_2021_212905_race_2_result,race,Race 2 Result,track_spa_gp,Spa GP,,,,pdf,link_only,Official TSL timing PDF for Spa-Francorchamps Race 2 Result.,link_only,media_narrative_context,2,d4d96f43d7e734ba26b0bdefe7d2d3e6ec0096e36dc05af4008d5fc7acfe69fd
weather_gb3_2021_212905_rc2_official_conditions,weather,series_gb3,GB3 Championship,2021,event_gb3_2021_r4_spa_francorchamps,GB3 2021 Round 4 - Spa-Francorchamps,session_gb3_2021_212905_race_2_result,race,Race 2 Result,track_spa_gp,Spa GP,,,,series_report,dry; dry,dry / dry (TSL official classification weather/track line),official,official_weather_context,1,d4d96f43d7e734ba26b0bdefe7d2d3e6ec0096e36dc05af4008d5fc7acfe69fd
asset_gb3_2021_212905_gr3_pdf,media,series_gb3,GB3 Championship,2021,event_gb3_2021_r4_spa_francorchamps,GB3 2021 Round 4 - Spa-Francorchamps,session_gb3_2021_212905_race_3_result,race,Race 3 Result,track_spa_gp,Spa GP,,,,pdf,link_only,Official TSL grid PDF for Spa-Francorchamps Grid for Race 3.,link_only,media_narrative_context,2,d4d96f43d7e734ba26b0bdefe7d2d3e6ec0096e36dc05af4008d5fc7acfe69fd
asset_gb3_2021_212905_rc3_pdf,media,series_gb3,GB3 Championship,2021,event_gb3_2021_r4_spa_francorchamps,GB3 2021 Round 4 - Spa-Francorchamps,session_gb3_2021_212905_race_3_result,race,Race 3 Result,track_spa_gp,Spa GP,,,,pdf,link_only,Official TSL timing PDF for Spa-Francorchamps Race 3 Result.,link_only,media_narrative_context,2,d4d96f43d7e734ba26b0bdefe7d2d3e6ec0096e36dc05af4008d5fc7acfe69fd
weather_gb3_2021_212905_rc3_official_conditions,weather,series_gb3,GB3 Championship,2021,event_gb3_2021_r4_spa_francorchamps,GB3 2021 Round 4 - Spa-Francorchamps,session_gb3_2021_212905_race_3_result,race,Race 3 Result,track_spa_gp,Spa GP,,,,series_report,dry; dry,dry / dry (TSL official classification weather/track line),official,official_weather_context,1,d4d96f43d7e734ba26b0bdefe7d2d3e6ec0096e36dc05af4008d5fc7acfe69fd
asset_gb3_2021_213105_pdf_book,media,series_gb3,GB3 Championship,2021,event_gb3_2021_r5_snetterton,GB3 2021 Round 5 - Snetterton,,,,track_snetterton_300,Snetterton 300,,,,pdf,link_only,Official TSL PDF book for GB3/BRDC British F3 at Snetterton.,link_only,media_narrative_context,1,d4d96f43d7e734ba26b0bdefe7d2d3e6ec0096e36dc05af4008d5fc7acfe69fd
asset_gb3_2021_213105_qu1_pdf,media,series_gb3,GB3 Championship,2021,event_gb3_2021_r5_snetterton,GB3 2021 Round 5 - Snetterton,session_gb3_2021_213105_qualifying,qualifying,Qualifying,track_snetterton_300,Snetterton 300,,,,pdf,link_only,Official TSL timing PDF for Snetterton Qualifying.,link_only,media_narrative_context,2,d4d96f43d7e734ba26b0bdefe7d2d3e6ec0096e36dc05af4008d5fc7acfe69fd
weather_gb3_2021_213105_qu1_official_conditions,weather,series_gb3,GB3 Championship,2021,event_gb3_2021_r5_snetterton,GB3 2021 Round 5 - Snetterton,session_gb3_2021_213105_qualifying,qualifying,Qualifying,track_snetterton_300,Snetterton 300,,,,series_report,damp; damp,damp / damp (TSL official classification weather/track line),official,official_weather_context,1,d4d96f43d7e734ba26b0bdefe7d2d3e6ec0096e36dc05af4008d5fc7acfe69fd
asset_gb3_2021_213105_qu2_pdf,media,series_gb3,GB3 Championship,2021,event_gb3_2021_r5_snetterton,GB3 2021 Round 5 - Snetterton,session_gb3_2021_213105_qualifying_2nd_fastest,qualifying,Qualifying 2nd Fastest,track_snetterton_300,Snetterton 300,,,,pdf,link_only,Official TSL timing PDF for Snetterton Qualifying 2nd Fastest.,link_only,media_narrative_context,2,d4d96f43d7e734ba26b0bdefe7d2d3e6ec0096e36dc05af4008d5fc7acfe69fd
weather_gb3_2021_213105_qu2_official_conditions,weather,series_gb3,GB3 Championship,2021,event_gb3_2021_r5_snetterton,GB3 2021 Round 5 - Snetterton,session_gb3_2021_213105_qualifying_2nd_fastest,qualifying,Qualifying 2nd Fastest,track_snetterton_300,Snetterton 300,,,,series_report,damp; damp,damp / damp (TSL official classification weather/track line),official,official_weather_context,1,d4d96f43d7e734ba26b0bdefe7d2d3e6ec0096e36dc05af4008d5fc7acfe69fd
asset_gb3_2021_213105_grd_pdf,media,series_gb3,GB3 Championship,2021,event_gb3_2021_r5_snetterton,GB3 2021 Round 5 - Snetterton,session_gb3_2021_213105_race_1_result,race,Race 1 Result,track_snetterton_300,Snetterton 300,,,,pdf,link_only,Official TSL grid PDF for Snetterton Grid for Race 1.,link_only,media_narrative_context,2,d4d96f43d7e734ba26b0bdefe7d2d3e6ec0096e36dc05af4008d5fc7acfe69fd
asset_gb3_2021_213105_rc1_pdf,media,series_gb3,GB3 Championship,2021,event_gb3_2021_r5_snetterton,GB3 2021 Round 5 - Snetterton,session_gb3_2021_213105_race_1_result,race,Race 1 Result,track_snetterton_300,Snetterton 300,,,,pdf,link_only,Official TSL timing PDF for Snetterton Race 1 Result.,link_only,media_narrative_context,2,d4d96f43d7e734ba26b0bdefe7d2d3e6ec0096e36dc05af4008d5fc7acfe69fd
weather_gb3_2021_213105_rc1_official_conditions,weather,series_gb3,GB3 Championship,2021,event_gb3_2021_r5_snetterton,GB3 2021 Round 5 - Snetterton,session_gb3_2021_213105_race_1_result,race,Race 1 Result,track_snetterton_300,Snetterton 300,,,,series_report,dry; dry,dry / dry (TSL official classification weather/track line),official,official_weather_context,1,d4d96f43d7e734ba26b0bdefe7d2d3e6ec0096e36dc05af4008d5fc7acfe69fd
asset_gb3_2021_213105_gr2_pdf,media,series_gb3,GB3 Championship,2021,event_gb3_2021_r5_snetterton,GB3 2021 Round 5 - Snetterton,session_gb3_2021_213105_race_2_result,race,Race 2 Result,track_snetterton_300,Snetterton 300,,,,pdf,link_only,Official TSL grid PDF for Snetterton Grid for Race 2.,link_only,media_narrative_context,2,d4d96f43d7e734ba26b0bdefe7d2d3e6ec0096e36dc05af4008d5fc7acfe69fd
asset_gb3_2021_213105_rc2_pdf,media,series_gb3,GB3 Championship,2021,event_gb3_2021_r5_snetterton,GB3 2021 Round 5 - Snetterton,session_gb3_2021_213105_race_2_result,race,Race 2 Result,track_snetterton_300,Snetterton 300,,,,pdf,link_only,Official TSL timing PDF for Snetterton Race 2 Result.,link_only,media_narrative_context,2,d4d96f43d7e734ba26b0bdefe7d2d3e6ec0096e36dc05af4008d5fc7acfe69fd
weather_gb3_2021_213105_rc2_official_conditions,weather,series_gb3,GB3 Championship,2021,event_gb3_2021_r5_snetterton,GB3 2021 Round 5 - Snetterton,session_gb3_2021_213105_race_2_result,race,Race 2 Result,track_snetterton_300,Snetterton 300,,,,series_report,dry; dry,dry / dry (TSL official classification weather/track line),official,official_weather_context,1,d4d96f43d7e734ba26b0bdefe7d2d3e6ec0096e36dc05af4008d5fc7acfe69fd
asset_gb3_2021_213105_gr3_pdf,media,series_gb3,GB3 Championship,2021,event_gb3_2021_r5_snetterton,GB3 2021 Round 5 - Snetterton,session_gb3_2021_213105_race_3_result,race,Race 3 Result,track_snetterton_300,Snetterton 300,,,,pdf,link_only,Official TSL grid PDF for Snetterton Grid for Race 3.,link_only,media_narrative_context,2,d4d96f43d7e734ba26b0bdefe7d2d3e6ec0096e36dc05af4008d5fc7acfe69fd
asset_gb3_2021_213105_rc3_pdf,media,series_gb3,GB3 Championship,2021,event_gb3_2021_r5_snetterton,GB3 2021 Round 5 - Snetterton,session_gb3_2021_213105_race_3_result,race,Race 3 Result,track_snetterton_300,Snetterton 300,,,,pdf,link_only,Official TSL timing PDF for Snetterton Race 3 Result.,link_only,media_narrative_context,2,d4d96f43d7e734ba26b0bdefe7d2d3e6ec0096e36dc05af4008d5fc7acfe69fd
weather_gb3_2021_213105_rc3_official_conditions,weather,series_gb3,GB3 Championship,2021,event_gb3_2021_r5_snetterton,GB3 2021 Round 5 - Snetterton,session_gb3_2021_213105_race_3_result,race,Race 3 Result,track_snetterton_300,Snetterton 300,,,,series_report,dry; dry,dry / dry (TSL official classification weather/track line),official,official_weather_context,1,d4d96f43d7e734ba26b0bdefe7d2d3e6ec0096e36dc05af4008d5fc7acfe69fd
asset_gb3_2021_213605_pdf_book,media,series_gb3,GB3 Championship,2021,event_gb3_2021_r6_oulton_park,GB3 2021 Round 6 - Oulton Park,,,,track_oulton_park_international,Oulton Park International,,,,pdf,link_only,Official TSL PDF book for GB3/BRDC British F3 at Oulton Park.,link_only,media_narrative_context,1,d4d96f43d7e734ba26b0bdefe7d2d3e6ec0096e36dc05af4008d5fc7acfe69fd
asset_gb3_2021_213605_qu1_pdf,media,series_gb3,GB3 Championship,2021,event_gb3_2021_r6_oulton_park,GB3 2021 Round 6 - Oulton Park,session_gb3_2021_213605_qualifying,qualifying,Qualifying,track_oulton_park_international,Oulton Park International,,,,pdf,link_only,Official TSL timing PDF for Oulton Park Qualifying.,link_only,media_narrative_context,2,d4d96f43d7e734ba26b0bdefe7d2d3e6ec0096e36dc05af4008d5fc7acfe69fd
weather_gb3_2021_213605_qu1_official_conditions,weather,series_gb3,GB3 Championship,2021,event_gb3_2021_r6_oulton_park,GB3 2021 Round 6 - Oulton Park,session_gb3_2021_213605_qualifying,qualifying,Qualifying,track_oulton_park_international,Oulton Park International,,,,series_report,dry; dry,dry / dry (TSL official classification weather/track line),official,official_weather_context,1,d4d96f43d7e734ba26b0bdefe7d2d3e6ec0096e36dc05af4008d5fc7acfe69fd
asset_gb3_2021_213605_qu2_pdf,media,series_gb3,GB3 Championship,2021,event_gb3_2021_r6_oulton_park,GB3 2021 Round 6 - Oulton Park,session_gb3_2021_213605_qualifying_2nd_fastest,qualifying,Qualifying 2nd Fastest,track_oulton_park_international,Oulton Park International,,,,pdf,link_only,Official TSL timing PDF for Oulton Park Qualifying 2nd Fastest.,link_only,media_narrative_context,2,d4d96f43d7e734ba26b0bdefe7d2d3e6ec0096e36dc05af4008d5fc7acfe69fd
weather_gb3_2021_213605_qu2_official_conditions,weather,series_gb3,GB3 Championship,2021,event_gb3_2021_r6_oulton_park,GB3 2021 Round 6 - Oulton Park,session_gb3_2021_213605_qualifying_2nd_fastest,qualifying,Qualifying 2nd Fastest,track_oulton_park_international,Oulton Park International,,,,series_report,dry; dry,dry / dry (TSL official classification weather/track line),official,official_weather_context,1,d4d96f43d7e734ba26b0bdefe7d2d3e6ec0096e36dc05af4008d5fc7acfe69fd
asset_gb3_2021_213605_grd_pdf,media,series_gb3,GB3 Championship,2021,event_gb3_2021_r6_oulton_park,GB3 2021 Round 6 - Oulton Park,session_gb3_2021_213605_race_1_result,race,Race 1 Result,track_oulton_park_international,Oulton Park International,,,,pdf,link_only,Official TSL grid PDF for Oulton Park Grid for Race 1.,link_only,media_narrative_context,2,d4d96f43d7e734ba26b0bdefe7d2d3e6ec0096e36dc05af4008d5fc7acfe69fd
asset_gb3_2021_213605_rc1_pdf,media,series_gb3,GB3 Championship,2021,event_gb3_2021_r6_oulton_park,GB3 2021 Round 6 - Oulton Park,session_gb3_2021_213605_race_1_result,race,Race 1 Result,track_oulton_park_international,Oulton Park International,,,,pdf,link_only,Official TSL timing PDF for Oulton Park Race 1 Result.,link_only,media_narrative_context,2,d4d96f43d7e734ba26b0bdefe7d2d3e6ec0096e36dc05af4008d5fc7acfe69fd
weather_gb3_2021_213605_rc1_official_conditions,weather,series_gb3,GB3 Championship,2021,event_gb3_2021_r6_oulton_park,GB3 2021 Round 6 - Oulton Park,session_gb3_2021_213605_race_1_result,race,Race 1 Result,track_oulton_park_international,Oulton Park International,,,,series_report,dry; dry,dry / dry (TSL official classification weather/track line),official,official_weather_context,1,d4d96f43d7e734ba26b0bdefe7d2d3e6ec0096e36dc05af4008d5fc7acfe69fd
asset_gb3_2021_213605_gr2_pdf,media,series_gb3,GB3 Championship,2021,event_gb3_2021_r6_oulton_park,GB3 2021 Round 6 - Oulton Park,session_gb3_2021_213605_race_2_result,race,Race 2 Result,track_oulton_park_international,Oulton Park International,,,,pdf,link_only,Official TSL grid PDF for Oulton Park Grid for Race 2.,link_only,media_narrative_context,2,d4d96f43d7e734ba26b0bdefe7d2d3e6ec0096e36dc05af4008d5fc7acfe69fd
asset_gb3_2021_213605_rc2_pdf,media,series_gb3,GB3 Championship,2021,event_gb3_2021_r6_oulton_park,GB3 2021 Round 6 - Oulton Park,session_gb3_2021_213605_race_2_result,race,Race 2 Result,track_oulton_park_international,Oulton Park International,,,,pdf,link_only,Official TSL timing PDF for Oulton Park Race 2 Result.,link_only,media_narrative_context,2,d4d96f43d7e734ba26b0bdefe7d2d3e6ec0096e36dc05af4008d5fc7acfe69fd
weather_gb3_2021_213605_rc2_official_conditions,weather,series_gb3,GB3 Championship,2021,event_gb3_2021_r6_oulton_park,GB3 2021 Round 6 - Oulton Park,session_gb3_2021_213605_race_2_result,race,Race 2 Result,track_oulton_park_international,Oulton Park International,,,,series_report,dry; dry,dry / dry (TSL official classification weather/track line),official,official_weather_context,1,d4d96f43d7e734ba26b0bdefe7d2d3e6ec0096e36dc05af4008d5fc7acfe69fd
asset_gb3_2021_213605_gr3_pdf,media,series_gb3,GB3 Championship,2021,event_gb3_2021_r6_oulton_park,GB3 2021 Round 6 - Oulton Park,session_gb3_2021_213605_race_3_result,race,Race 3 Result,track_oulton_park_international,Oulton Park International,,,,pdf,link_only,Official TSL grid PDF for Oulton Park Grid for Race 3.,link_only,media_narrative_context,2,d4d96f43d7e734ba26b0bdefe7d2d3e6ec0096e36dc05af4008d5fc7acfe69fd
asset_gb3_2021_213605_rc3_pdf,media,series_gb3,GB3 Championship,2021,event_gb3_2021_r6_oulton_park,GB3 2021 Round 6 - Oulton Park,session_gb3_2021_213605_race_3_result,race,Race 3 Result,track_oulton_park_international,Oulton Park International,,,,pdf,link_only,Official TSL timing PDF for Oulton Park Race 3 Result.,link_only,media_narrative_context,2,d4d96f43d7e734ba26b0bdefe7d2d3e6ec0096e36dc05af4008d5fc7acfe69fd
weather_gb3_2021_213605_rc3_official_conditions,weather,series_gb3,GB3 Championship,2021,event_gb3_2021_r6_oulton_park,GB3 2021 Round 6 - Oulton Park,session_gb3_2021_213605_race_3_result,race,Race 3 Result,track_oulton_park_international,Oulton Park International,,,,series_report,wet; wet,wet / wet (TSL official classification weather/track line),official,official_weather_context,1,d4d96f43d7e734ba26b0bdefe7d2d3e6ec0096e36dc05af4008d5fc7acfe69fd
asset_gb3_2021_214105_pdf_book,media,series_gb3,GB3 Championship,2021,event_gb3_2021_r7_donington_park,GB3 2021 Round 7 - Donington Park,,,,track_donington_park_gp,Donington Park GP,,,,pdf,link_only,Official TSL PDF book for GB3/BRDC British F3 at Donington Park.,link_only,media_narrative_context,1,d4d96f43d7e734ba26b0bdefe7d2d3e6ec0096e36dc05af4008d5fc7acfe69fd
asset_gb3_2021_214105_qu1_pdf,media,series_gb3,GB3 Championship,2021,event_gb3_2021_r7_donington_park,GB3 2021 Round 7 - Donington Park,session_gb3_2021_214105_qualifying,qualifying,Qualifying,track_donington_park_gp,Donington Park GP,,,,pdf,link_only,Official TSL timing PDF for Donington Park Qualifying.,link_only,media_narrative_context,2,d4d96f43d7e734ba26b0bdefe7d2d3e6ec0096e36dc05af4008d5fc7acfe69fd
weather_gb3_2021_214105_qu1_official_conditions,weather,series_gb3,GB3 Championship,2021,event_gb3_2021_r7_donington_park,GB3 2021 Round 7 - Donington Park,session_gb3_2021_214105_qualifying,qualifying,Qualifying,track_donington_park_gp,Donington Park GP,,,,series_report,dry; dry,dry / dry (TSL official classification weather/track line),official,official_weather_context,1,d4d96f43d7e734ba26b0bdefe7d2d3e6ec0096e36dc05af4008d5fc7acfe69fd
asset_gb3_2021_214105_qu2_pdf,media,series_gb3,GB3 Championship,2021,event_gb3_2021_r7_donington_park,GB3 2021 Round 7 - Donington Park,session_gb3_2021_214105_qualifying_2nd_fastest,qualifying,Qualifying 2nd Fastest,track_donington_park_gp,Donington Park GP,,,,pdf,link_only,Official TSL timing PDF for Donington Park Qualifying 2nd Fastest.,link_only,media_narrative_context,2,d4d96f43d7e734ba26b0bdefe7d2d3e6ec0096e36dc05af4008d5fc7acfe69fd
weather_gb3_2021_214105_qu2_official_conditions,weather,series_gb3,GB3 Championship,2021,event_gb3_2021_r7_donington_park,GB3 2021 Round 7 - Donington Park,session_gb3_2021_214105_qualifying_2nd_fastest,qualifying,Qualifying 2nd Fastest,track_donington_park_gp,Donington Park GP,,,,series_report,dry; dry,dry / dry (TSL official classification weather/track line),official,official_weather_context,1,d4d96f43d7e734ba26b0bdefe7d2d3e6ec0096e36dc05af4008d5fc7acfe69fd
asset_gb3_2021_214105_grd_pdf,media,series_gb3,GB3 Championship,2021,event_gb3_2021_r7_donington_park,GB3 2021 Round 7 - Donington Park,session_gb3_2021_214105_race_1_result,race,Race 1 Result,track_donington_park_gp,Donington Park GP,,,,pdf,link_only,Official TSL grid PDF for Donington Park Grid for Race 1.,link_only,media_narrative_context,2,d4d96f43d7e734ba26b0bdefe7d2d3e6ec0096e36dc05af4008d5fc7acfe69fd
asset_gb3_2021_214105_rc1_pdf,media,series_gb3,GB3 Championship,2021,event_gb3_2021_r7_donington_park,GB3 2021 Round 7 - Donington Park,session_gb3_2021_214105_race_1_result,race,Race 1 Result,track_donington_park_gp,Donington Park GP,,,,pdf,link_only,Official TSL timing PDF for Donington Park Race 1 Result.,link_only,media_narrative_context,2,d4d96f43d7e734ba26b0bdefe7d2d3e6ec0096e36dc05af4008d5fc7acfe69fd
weather_gb3_2021_214105_rc1_official_conditions,weather,series_gb3,GB3 Championship,2021,event_gb3_2021_r7_donington_park,GB3 2021 Round 7 - Donington Park,session_gb3_2021_214105_race_1_result,race,Race 1 Result,track_donington_park_gp,Donington Park GP,,,,series_report,dry; dry,dry / dry (TSL official classification weather/track line),official,official_weather_context,1,d4d96f43d7e734ba26b0bdefe7d2d3e6ec0096e36dc05af4008d5fc7acfe69fd
asset_gb3_2021_214105_gr2_pdf,media,series_gb3,GB3 Championship,2021,event_gb3_2021_r7_donington_park,GB3 2021 Round 7 - Donington Park,session_gb3_2021_214105_race_2_result,race,Race 2 Result,track_donington_park_gp,Donington Park GP,,,,pdf,link_only,Official TSL grid PDF for Donington Park Grid for Race 2.,link_only,media_narrative_context,2,d4d96f43d7e734ba26b0bdefe7d2d3e6ec0096e36dc05af4008d5fc7acfe69fd
asset_gb3_2021_214105_rc2_pdf,media,series_gb3,GB3 Championship,2021,event_gb3_2021_r7_donington_park,GB3 2021 Round 7 - Donington Park,session_gb3_2021_214105_race_2_result,race,Race 2 Result,track_donington_park_gp,Donington Park GP,,,,pdf,link_only,Official TSL timing PDF for Donington Park Race 2 Result.,link_only,media_narrative_context,2,d4d96f43d7e734ba26b0bdefe7d2d3e6ec0096e36dc05af4008d5fc7acfe69fd
weather_gb3_2021_214105_rc2_official_conditions,weather,series_gb3,GB3 Championship,2021,event_gb3_2021_r7_donington_park,GB3 2021 Round 7 - Donington Park,session_gb3_2021_214105_race_2_result,race,Race 2 Result,track_donington_park_gp,Donington Park GP,,,,series_report,wet; wet,wet / wet (TSL official classification weather/track line),official,official_weather_context,1,d4d96f43d7e734ba26b0bdefe7d2d3e6ec0096e36dc05af4008d5fc7acfe69fd
asset_gb3_2021_214105_gr3_pdf,media,series_gb3,GB3 Championship,2021,event_gb3_2021_r7_donington_park,GB3 2021 Round 7 - Donington Park,session_gb3_2021_214105_race_3_result,race,Race 3 Result,track_donington_park_gp,Donington Park GP,,,,pdf,link_only,Official TSL grid PDF for Donington Park Grid for Race 3.,link_only,media_narrative_context,2,d4d96f43d7e734ba26b0bdefe7d2d3e6ec0096e36dc05af4008d5fc7acfe69fd
asset_gb3_2021_214105_rc3_pdf,media,series_gb3,GB3 Championship,2021,event_gb3_2021_r7_donington_park,GB3 2021 Round 7 - Donington Park,session_gb3_2021_214105_race_3_result,race,Race 3 Result,track_donington_park_gp,Donington Park GP,,,,pdf,link_only,Official TSL timing PDF for Donington Park Race 3 Result.,link_only,media_narrative_context,2,d4d96f43d7e734ba26b0bdefe7d2d3e6ec0096e36dc05af4008d5fc7acfe69fd
weather_gb3_2021_214105_rc3_official_conditions,weather,series_gb3,GB3 Championship,2021,event_gb3_2021_r7_donington_park,GB3 2021 Round 7 - Donington Park,session_gb3_2021_214105_race_3_result,race,Race 3 Result,track_donington_park_gp,Donington Park GP,,,,series_report,dry; dry,dry / dry (TSL official classification weather/track line),official,official_weather_context,1,d4d96f43d7e734ba26b0bdefe7d2d3e6ec0096e36dc05af4008d5fc7acfe69fd
asset_gb3_2022_1108_results_pdf,media,series_gb3,GB3 Championship,2022,event_gb3_2022_r1_oulton_park,GB3 2022 Round 1 - Oulton Park,session_gb3_2022_1108,practice,Thursday session 1,track_oulton_park_international,Oulton Park International,,,,pdf,link_only,Official GB3 result PDF for Oulton Park Thursday session 1.,link_only,media_narrative_context,1,d4d96f43d7e734ba26b0bdefe7d2d3e6ec0096e36dc05af4008d5fc7acfe69fd
asset_gb3_2022_1109_results_pdf,media,series_gb3,GB3 Championship,2022,event_gb3_2022_r1_oulton_park,GB3 2022 Round 1 - Oulton Park,session_gb3_2022_1109,practice,Thursday session 3,track_oulton_park_international,Oulton Park International,,,,pdf,link_only,Official GB3 result PDF for Oulton Park Thursday session 3.,link_only,media_narrative_context,1,d4d96f43d7e734ba26b0bdefe7d2d3e6ec0096e36dc05af4008d5fc7acfe69fd
asset_gb3_2022_1110_results_pdf,media,series_gb3,GB3 Championship,2022,event_gb3_2022_r1_oulton_park,GB3 2022 Round 1 - Oulton Park,session_gb3_2022_1110,practice,Thursday session 2,track_oulton_park_international,Oulton Park International,,,,pdf,link_only,Official GB3 result PDF for Oulton Park Thursday session 2.,link_only,media_narrative_context,1,d4d96f43d7e734ba26b0bdefe7d2d3e6ec0096e36dc05af4008d5fc7acfe69fd
asset_gb3_2022_1111_results_pdf,media,series_gb3,GB3 Championship,2022,event_gb3_2022_r1_oulton_park,GB3 2022 Round 1 - Oulton Park,session_gb3_2022_1111,practice,Friday session 1,track_oulton_park_international,Oulton Park International,,,,pdf,link_only,Official GB3 result PDF for Oulton Park Friday session 1.,link_only,media_narrative_context,1,d4d96f43d7e734ba26b0bdefe7d2d3e6ec0096e36dc05af4008d5fc7acfe69fd
asset_gb3_2022_1112_results_pdf,media,series_gb3,GB3 Championship,2022,event_gb3_2022_r1_oulton_park,GB3 2022 Round 1 - Oulton Park,session_gb3_2022_1112,practice,Friday session 2,track_oulton_park_international,Oulton Park International,,,,pdf,link_only,Official GB3 result PDF for Oulton Park Friday session 2.,link_only,media_narrative_context,1,d4d96f43d7e734ba26b0bdefe7d2d3e6ec0096e36dc05af4008d5fc7acfe69fd
asset_gb3_2022_1113_results_pdf,media,series_gb3,GB3 Championship,2022,event_gb3_2022_r1_oulton_park,GB3 2022 Round 1 - Oulton Park,session_gb3_2022_1113,qualifying,Qualifying,track_oulton_park_international,Oulton Park International,,,,pdf,link_only,Official GB3 result PDF for Oulton Park Qualifying.,link_only,media_narrative_context,1,d4d96f43d7e734ba26b0bdefe7d2d3e6ec0096e36dc05af4008d5fc7acfe69fd
asset_gb3_2022_778_results_pdf,media,series_gb3,GB3 Championship,2022,event_gb3_2022_r1_oulton_park,GB3 2022 Round 1 - Oulton Park,session_gb3_2022_778,race,Race 1,track_oulton_park_international,Oulton Park International,,,,pdf,link_only,Official GB3 result PDF for Oulton Park Race 1.,link_only,media_narrative_context,1,d4d96f43d7e734ba26b0bdefe7d2d3e6ec0096e36dc05af4008d5fc7acfe69fd
asset_gb3_2022_779_results_pdf,media,series_gb3,GB3 Championship,2022,event_gb3_2022_r1_oulton_park,GB3 2022 Round 1 - Oulton Park,session_gb3_2022_779,race,Race 2,track_oulton_park_international,Oulton Park International,,,,pdf,link_only,Official GB3 result PDF for Oulton Park Race 2.,link_only,media_narrative_context,1,d4d96f43d7e734ba26b0bdefe7d2d3e6ec0096e36dc05af4008d5fc7acfe69fd
asset_gb3_2022_780_results_pdf,media,series_gb3,GB3 Championship,2022,event_gb3_2022_r1_oulton_park,GB3 2022 Round 1 - Oulton Park,session_gb3_2022_780,race,Race 3 ,track_oulton_park_international,Oulton Park International,,,,pdf,link_only,Official GB3 result PDF for Oulton Park Race 3 .,link_only,media_narrative_context,1,d4d96f43d7e734ba26b0bdefe7d2d3e6ec0096e36dc05af4008d5fc7acfe69fd
asset_gb3_2022_1082_results_pdf,media,series_gb3,GB3 Championship,2022,event_gb3_2022_r2_silverstone,GB3 2022 Round 2 - Silverstone,session_gb3_2022_1082,race,Race 1,track_silverstone_gp,Silverstone GP,,,,pdf,link_only,Official GB3 result PDF for Silverstone Race 1.,link_only,media_narrative_context,1,d4d96f43d7e734ba26b0bdefe7d2d3e6ec0096e36dc05af4008d5fc7acfe69fd
asset_gb3_2022_1083_results_pdf,media,series_gb3,GB3 Championship,2022,event_gb3_2022_r2_silverstone,GB3 2022 Round 2 - Silverstone,session_gb3_2022_1083,race,Race 2,track_silverstone_gp,Silverstone GP,,,,pdf,link_only,Official GB3 result PDF for Silverstone Race 2.,link_only,media_narrative_context,1,d4d96f43d7e734ba26b0bdefe7d2d3e6ec0096e36dc05af4008d5fc7acfe69fd
asset_gb3_2022_1084_results_pdf,media,series_gb3,GB3 Championship,2022,event_gb3_2022_r2_silverstone,GB3 2022 Round 2 - Silverstone,session_gb3_2022_1084,race,Race 3 ,track_silverstone_gp,Silverstone GP,,,,pdf,link_only,Official GB3 result PDF for Silverstone Race 3 .,link_only,media_narrative_context,1,d4d96f43d7e734ba26b0bdefe7d2d3e6ec0096e36dc05af4008d5fc7acfe69fd
asset_gb3_2022_1187_results_pdf,media,series_gb3,GB3 Championship,2022,event_gb3_2022_r2_silverstone,GB3 2022 Round 2 - Silverstone,session_gb3_2022_1187,practice,Thursday session 1,track_silverstone_gp,Silverstone GP,,,,pdf,link_only,Official GB3 result PDF for Silverstone Thursday session 1.,link_only,media_narrative_context,1,d4d96f43d7e734ba26b0bdefe7d2d3e6ec0096e36dc05af4008d5fc7acfe69fd
asset_gb3_2022_1188_results_pdf,media,series_gb3,GB3 Championship,2022,event_gb3_2022_r2_silverstone,GB3 2022 Round 2 - Silverstone,session_gb3_2022_1188,practice,Thursday session 2,track_silverstone_gp,Silverstone GP,,,,pdf,link_only,Official GB3 result PDF for Silverstone Thursday session 2.,link_only,media_narrative_context,1,d4d96f43d7e734ba26b0bdefe7d2d3e6ec0096e36dc05af4008d5fc7acfe69fd
asset_gb3_2022_1189_results_pdf,media,series_gb3,GB3 Championship,2022,event_gb3_2022_r2_silverstone,GB3 2022 Round 2 - Silverstone,session_gb3_2022_1189,practice,Thursday session 3,track_silverstone_gp,Silverstone GP,,,,pdf,link_only,Official GB3 result PDF for Silverstone Thursday session 3.,link_only,media_narrative_context,1,d4d96f43d7e734ba26b0bdefe7d2d3e6ec0096e36dc05af4008d5fc7acfe69fd
asset_gb3_2022_1191_results_pdf,media,series_gb3,GB3 Championship,2022,event_gb3_2022_r2_silverstone,GB3 2022 Round 2 - Silverstone,session_gb3_2022_1191,practice,Thursday session 4,track_silverstone_gp,Silverstone GP,,,,pdf,link_only,Official GB3 result PDF for Silverstone Thursday session 4.,link_only,media_narrative_context,1,d4d96f43d7e734ba26b0bdefe7d2d3e6ec0096e36dc05af4008d5fc7acfe69fd
asset_gb3_2022_1193_results_pdf,media,series_gb3,GB3 Championship,2022,event_gb3_2022_r2_silverstone,GB3 2022 Round 2 - Silverstone,session_gb3_2022_1193,practice,Friday session 1,track_silverstone_gp,Silverstone GP,,,,pdf,link_only,Official GB3 result PDF for Silverstone Friday session 1.,link_only,media_narrative_context,1,d4d96f43d7e734ba26b0bdefe7d2d3e6ec0096e36dc05af4008d5fc7acfe69fd
asset_gb3_2022_1194_results_pdf,media,series_gb3,GB3 Championship,2022,event_gb3_2022_r2_silverstone,GB3 2022 Round 2 - Silverstone,session_gb3_2022_1194,practice,Friday session 2,track_silverstone_gp,Silverstone GP,,,,pdf,link_only,Official GB3 result PDF for Silverstone Friday session 2.,link_only,media_narrative_context,1,d4d96f43d7e734ba26b0bdefe7d2d3e6ec0096e36dc05af4008d5fc7acfe69fd
asset_gb3_2022_1195_results_pdf,media,series_gb3,GB3 Championship,2022,event_gb3_2022_r2_silverstone,GB3 2022 Round 2 - Silverstone,session_gb3_2022_1195,practice,Friday combined,track_silverstone_gp,Silverstone GP,,,,pdf,link_only,Official GB3 result PDF for Silverstone Friday combined.,link_only,media_narrative_context,1,d4d96f43d7e734ba26b0bdefe7d2d3e6ec0096e36dc05af4008d5fc7acfe69fd
asset_gb3_2022_1196_results_pdf,media,series_gb3,GB3 Championship,2022,event_gb3_2022_r2_silverstone,GB3 2022 Round 2 - Silverstone,session_gb3_2022_1196,qualifying,Qualifying,track_silverstone_gp,Silverstone GP,,,,pdf,link_only,Official GB3 result PDF for Silverstone Qualifying.,link_only,media_narrative_context,1,d4d96f43d7e734ba26b0bdefe7d2d3e6ec0096e36dc05af4008d5fc7acfe69fd
asset_gb3_2022_1085_results_pdf,media,series_gb3,GB3 Championship,2022,event_gb3_2022_r3_donington_park,GB3 2022 Round 3 - Donington Park,session_gb3_2022_1085,race,Race 1,track_donington_park_gp,Donington Park GP,,,,pdf,link_only,Official GB3 result PDF for Donington Park Race 1.,link_only,media_narrative_context,1,d4d96f43d7e734ba26b0bdefe7d2d3e6ec0096e36dc05af4008d5fc7acfe69fd
asset_gb3_2022_1087_results_pdf,media,series_gb3,GB3 Championship,2022,event_gb3_2022_r3_donington_park,GB3 2022 Round 3 - Donington Park,session_gb3_2022_1087,race,Race 3 ,track_donington_park_gp,Donington Park GP,,,,pdf,link_only,Official GB3 result PDF for Donington Park Race 3 .,link_only,media_narrative_context,1,d4d96f43d7e734ba26b0bdefe7d2d3e6ec0096e36dc05af4008d5fc7acfe69fd
asset_gb3_2022_1243_results_pdf,media,series_gb3,GB3 Championship,2022,event_gb3_2022_r3_donington_park,GB3 2022 Round 3 - Donington Park,session_gb3_2022_1243,qualifying,Qualifying,track_donington_park_gp,Donington Park GP,,,,pdf,link_only,Official GB3 result PDF for Donington Park Qualifying.,link_only,media_narrative_context,1,d4d96f43d7e734ba26b0bdefe7d2d3e6ec0096e36dc05af4008d5fc7acfe69fd
asset_gb3_2022_1244_results_pdf,media,series_gb3,GB3 Championship,2022,event_gb3_2022_r3_donington_park,GB3 2022 Round 3 - Donington Park,session_gb3_2022_1244,practice,Thursday session 1,track_donington_park_gp,Donington Park GP,,,,pdf,link_only,Official GB3 result PDF for Donington Park Thursday session 1.,link_only,media_narrative_context,1,d4d96f43d7e734ba26b0bdefe7d2d3e6ec0096e36dc05af4008d5fc7acfe69fd
asset_gb3_2022_1245_results_pdf,media,series_gb3,GB3 Championship,2022,event_gb3_2022_r3_donington_park,GB3 2022 Round 3 - Donington Park,session_gb3_2022_1245,practice,Thursday session 2,track_donington_park_gp,Donington Park GP,,,,pdf,link_only,Official GB3 result PDF for Donington Park Thursday session 2.,link_only,media_narrative_context,1,d4d96f43d7e734ba26b0bdefe7d2d3e6ec0096e36dc05af4008d5fc7acfe69fd
asset_gb3_2022_1246_results_pdf,media,series_gb3,GB3 Championship,2022,event_gb3_2022_r3_donington_park,GB3 2022 Round 3 - Donington Park,session_gb3_2022_1246,practice,Thursday session 3,track_donington_park_gp,Donington Park GP,,,,pdf,link_only,Official GB3 result PDF for Donington Park Thursday session 3.,link_only,media_narrative_context,1,d4d96f43d7e734ba26b0bdefe7d2d3e6ec0096e36dc05af4008d5fc7acfe69fd
asset_gb3_2022_1247_results_pdf,media,series_gb3,GB3 Championship,2022,event_gb3_2022_r3_donington_park,GB3 2022 Round 3 - Donington Park,session_gb3_2022_1247,practice,Friday session 1,track_donington_park_gp,Donington Park GP,,,,pdf,link_only,Official GB3 result PDF for Donington Park Friday session 1.,link_only,media_narrative_context,1,d4d96f43d7e734ba26b0bdefe7d2d3e6ec0096e36dc05af4008d5fc7acfe69fd
asset_gb3_2022_1249_results_pdf,media,series_gb3,GB3 Championship,2022,event_gb3_2022_r3_donington_park,GB3 2022 Round 3 - Donington Park,session_gb3_2022_1249,practice,Friday session 3,track_donington_park_gp,Donington Park GP,,,,pdf,link_only,Official GB3 result PDF for Donington Park Friday session 3.,link_only,media_narrative_context,1,d4d96f43d7e734ba26b0bdefe7d2d3e6ec0096e36dc05af4008d5fc7acfe69fd
asset_gb3_2022_1257_results_pdf,media,series_gb3,GB3 Championship,2022,event_gb3_2022_r3_donington_park,GB3 2022 Round 3 - Donington Park,session_gb3_2022_1257,race,Race 2,track_donington_park_gp,Donington Park GP,,,,pdf,link_only,Official GB3 result PDF for Donington Park Race 2.,link_only,media_narrative_context,1,d4d96f43d7e734ba26b0bdefe7d2d3e6ec0096e36dc05af4008d5fc7acfe69fd
asset_gb3_2022_1088_results_pdf,media,series_gb3,GB3 Championship,2022,event_gb3_2022_r4_snetterton,GB3 2022 Round 4 - Snetterton,session_gb3_2022_1088,race,Race 1,track_snetterton_300,Snetterton 300,,,,pdf,link_only,Official GB3 result PDF for Snetterton Race 1.,link_only,media_narrative_context,1,d4d96f43d7e734ba26b0bdefe7d2d3e6ec0096e36dc05af4008d5fc7acfe69fd
asset_gb3_2022_1089_results_pdf,media,series_gb3,GB3 Championship,2022,event_gb3_2022_r4_snetterton,GB3 2022 Round 4 - Snetterton,session_gb3_2022_1089,race,Race 2,track_snetterton_300,Snetterton 300,,,,pdf,link_only,Official GB3 result PDF for Snetterton Race 2.,link_only,media_narrative_context,1,d4d96f43d7e734ba26b0bdefe7d2d3e6ec0096e36dc05af4008d5fc7acfe69fd
asset_gb3_2022_1293_results_pdf,media,series_gb3,GB3 Championship,2022,event_gb3_2022_r4_snetterton,GB3 2022 Round 4 - Snetterton,session_gb3_2022_1293,practice,Thursday session 1,track_snetterton_300,Snetterton 300,,,,pdf,link_only,Official GB3 result PDF for Snetterton Thursday session 1.,link_only,media_narrative_context,1,d4d96f43d7e734ba26b0bdefe7d2d3e6ec0096e36dc05af4008d5fc7acfe69fd
asset_gb3_2022_1294_results_pdf,media,series_gb3,GB3 Championship,2022,event_gb3_2022_r4_snetterton,GB3 2022 Round 4 - Snetterton,session_gb3_2022_1294,practice,Thursday session 2,track_snetterton_300,Snetterton 300,,,,pdf,link_only,Official GB3 result PDF for Snetterton Thursday session 2.,link_only,media_narrative_context,1,d4d96f43d7e734ba26b0bdefe7d2d3e6ec0096e36dc05af4008d5fc7acfe69fd
asset_gb3_2022_1295_results_pdf,media,series_gb3,GB3 Championship,2022,event_gb3_2022_r4_snetterton,GB3 2022 Round 4 - Snetterton,session_gb3_2022_1295,practice,Thursday session 3,track_snetterton_300,Snetterton 300,,,,pdf,link_only,Official GB3 result PDF for Snetterton Thursday session 3.,link_only,media_narrative_context,1,d4d96f43d7e734ba26b0bdefe7d2d3e6ec0096e36dc05af4008d5fc7acfe69fd
asset_gb3_2022_1296_results_pdf,media,series_gb3,GB3 Championship,2022,event_gb3_2022_r4_snetterton,GB3 2022 Round 4 - Snetterton,session_gb3_2022_1296,practice,Friday session 1,track_snetterton_300,Snetterton 300,,,,pdf,link_only,Official GB3 result PDF for Snetterton Friday session 1.,link_only,media_narrative_context,1,d4d96f43d7e734ba26b0bdefe7d2d3e6ec0096e36dc05af4008d5fc7acfe69fd
asset_gb3_2022_1297_results_pdf,media,series_gb3,GB3 Championship,2022,event_gb3_2022_r4_snetterton,GB3 2022 Round 4 - Snetterton,session_gb3_2022_1297,practice,Friday session 2,track_snetterton_300,Snetterton 300,,,,pdf,link_only,Official GB3 result PDF for Snetterton Friday session 2.,link_only,media_narrative_context,1,d4d96f43d7e734ba26b0bdefe7d2d3e6ec0096e36dc05af4008d5fc7acfe69fd
asset_gb3_2022_1298_results_pdf,media,series_gb3,GB3 Championship,2022,event_gb3_2022_r4_snetterton,GB3 2022 Round 4 - Snetterton,session_gb3_2022_1298,qualifying,Qualifying,track_snetterton_300,Snetterton 300,,,,pdf,link_only,Official GB3 result PDF for Snetterton Qualifying.,link_only,media_narrative_context,1,d4d96f43d7e734ba26b0bdefe7d2d3e6ec0096e36dc05af4008d5fc7acfe69fd
asset_gb3_2022_1301_results_pdf,media,series_gb3,GB3 Championship,2022,event_gb3_2022_r4_snetterton,GB3 2022 Round 4 - Snetterton,session_gb3_2022_1301,practice,Thursday combined,track_snetterton_300,Snetterton 300,,,,pdf,link_only,Official GB3 result PDF for Snetterton Thursday combined.,link_only,media_narrative_context,1,d4d96f43d7e734ba26b0bdefe7d2d3e6ec0096e36dc05af4008d5fc7acfe69fd
asset_gb3_2022_1302_results_pdf,media,series_gb3,GB3 Championship,2022,event_gb3_2022_r4_snetterton,GB3 2022 Round 4 - Snetterton,session_gb3_2022_1302,practice,Friday combined,track_snetterton_300,Snetterton 300,,,,pdf,link_only,Official GB3 result PDF for Snetterton Friday combined.,link_only,media_narrative_context,1,d4d96f43d7e734ba26b0bdefe7d2d3e6ec0096e36dc05af4008d5fc7acfe69fd
asset_gb3_2022_1305_results_pdf,media,series_gb3,GB3 Championship,2022,event_gb3_2022_r4_snetterton,GB3 2022 Round 4 - Snetterton,session_gb3_2022_1305,race,Race 3,track_snetterton_300,Snetterton 300,,,,pdf,link_only,Official GB3 result PDF for Snetterton Race 3.,link_only,media_narrative_context,1,d4d96f43d7e734ba26b0bdefe7d2d3e6ec0096e36dc05af4008d5fc7acfe69fd
asset_gb3_2022_1357_results_pdf,media,series_gb3,GB3 Championship,2022,event_gb3_2022_r5_spa,GB3 2022 Round 5 - Spa,session_gb3_2022_1357,practice,Friday session 1,track_spa_gp,Spa GP,,,,pdf,link_only,Official GB3 result PDF for Spa Friday session 1.,link_only,media_narrative_context,1,d4d96f43d7e734ba26b0bdefe7d2d3e6ec0096e36dc05af4008d5fc7acfe69fd
asset_gb3_2022_1358_results_pdf,media,series_gb3,GB3 Championship,2022,event_gb3_2022_r5_spa,GB3 2022 Round 5 - Spa,session_gb3_2022_1358,practice,Friday session 2,track_spa_gp,Spa GP,,,,pdf,link_only,Official GB3 result PDF for Spa Friday session 2.,link_only,media_narrative_context,1,d4d96f43d7e734ba26b0bdefe7d2d3e6ec0096e36dc05af4008d5fc7acfe69fd
asset_gb3_2022_1359_results_pdf,media,series_gb3,GB3 Championship,2022,event_gb3_2022_r5_spa,GB3 2022 Round 5 - Spa,session_gb3_2022_1359,practice,Friday session 3,track_spa_gp,Spa GP,,,,pdf,link_only,Official GB3 result PDF for Spa Friday session 3.,link_only,media_narrative_context,1,d4d96f43d7e734ba26b0bdefe7d2d3e6ec0096e36dc05af4008d5fc7acfe69fd
asset_gb3_2022_1360_results_pdf,media,series_gb3,GB3 Championship,2022,event_gb3_2022_r5_spa,GB3 2022 Round 5 - Spa,session_gb3_2022_1360,qualifying,Qualifying,track_spa_gp,Spa GP,,,,pdf,link_only,Official GB3 result PDF for Spa Qualifying.,link_only,media_narrative_context,1,d4d96f43d7e734ba26b0bdefe7d2d3e6ec0096e36dc05af4008d5fc7acfe69fd
asset_gb3_2022_1363_results_pdf,media,series_gb3,GB3 Championship,2022,event_gb3_2022_r5_spa,GB3 2022 Round 5 - Spa,session_gb3_2022_1363,race,Race 1,track_spa_gp,Spa GP,,,,pdf,link_only,Official GB3 result PDF for Spa Race 1.,link_only,media_narrative_context,1,d4d96f43d7e734ba26b0bdefe7d2d3e6ec0096e36dc05af4008d5fc7acfe69fd
asset_gb3_2022_1364_results_pdf,media,series_gb3,GB3 Championship,2022,event_gb3_2022_r5_spa,GB3 2022 Round 5 - Spa,session_gb3_2022_1364,race,Race 2,track_spa_gp,Spa GP,,,,pdf,link_only,Official GB3 result PDF for Spa Race 2.,link_only,media_narrative_context,1,d4d96f43d7e734ba26b0bdefe7d2d3e6ec0096e36dc05af4008d5fc7acfe69fd
asset_gb3_2022_1365_results_pdf,media,series_gb3,GB3 Championship,2022,event_gb3_2022_r5_spa,GB3 2022 Round 5 - Spa,session_gb3_2022_1365,race,Race 3,track_spa_gp,Spa GP,,,,pdf,link_only,Official GB3 result PDF for Spa Race 3.,link_only,media_narrative_context,1,d4d96f43d7e734ba26b0bdefe7d2d3e6ec0096e36dc05af4008d5fc7acfe69fd
asset_gb3_2022_1094_results_pdf,media,series_gb3,GB3 Championship,2022,event_gb3_2022_r6_silverstone,GB3 2022 Round 6 - Silverstone,session_gb3_2022_1094,race,Race 1,track_silverstone_gp,Silverstone GP,,,,pdf,link_only,Official GB3 result PDF for Silverstone Race 1.,link_only,media_narrative_context,1,d4d96f43d7e734ba26b0bdefe7d2d3e6ec0096e36dc05af4008d5fc7acfe69fd
asset_gb3_2022_1096_results_pdf,media,series_gb3,GB3 Championship,2022,event_gb3_2022_r6_silverstone,GB3 2022 Round 6 - Silverstone,session_gb3_2022_1096,race,Race 3 ,track_silverstone_gp,Silverstone GP,,,,pdf,link_only,Official GB3 result PDF for Silverstone Race 3 .,link_only,media_narrative_context,1,d4d96f43d7e734ba26b0bdefe7d2d3e6ec0096e36dc05af4008d5fc7acfe69fd
asset_gb3_2022_1366_results_pdf,media,series_gb3,GB3 Championship,2022,event_gb3_2022_r6_silverstone,GB3 2022 Round 6 - Silverstone,session_gb3_2022_1366,test,Test session 1,track_silverstone_gp,Silverstone GP,,,,pdf,link_only,Official GB3 result PDF for Silverstone Test session 1.,link_only,media_narrative_context,1,d4d96f43d7e734ba26b0bdefe7d2d3e6ec0096e36dc05af4008d5fc7acfe69fd
asset_gb3_2022_1367_results_pdf,media,series_gb3,GB3 Championship,2022,event_gb3_2022_r6_silverstone,GB3 2022 Round 6 - Silverstone,session_gb3_2022_1367,test,Test session 2,track_silverstone_gp,Silverstone GP,,,,pdf,link_only,Official GB3 result PDF for Silverstone Test session 2.,link_only,media_narrative_context,1,d4d96f43d7e734ba26b0bdefe7d2d3e6ec0096e36dc05af4008d5fc7acfe69fd
asset_gb3_2022_1372_results_pdf,media,series_gb3,GB3 Championship,2022,event_gb3_2022_r6_silverstone,GB3 2022 Round 6 - Silverstone,session_gb3_2022_1372,test,Test Session 1,track_silverstone_gp,Silverstone GP,,,,pdf,link_only,Official GB3 result PDF for Silverstone Test Session 1.,link_only,media_narrative_context,1,d4d96f43d7e734ba26b0bdefe7d2d3e6ec0096e36dc05af4008d5fc7acfe69fd
asset_gb3_2022_1373_results_pdf,media,series_gb3,GB3 Championship,2022,event_gb3_2022_r6_silverstone,GB3 2022 Round 6 - Silverstone,session_gb3_2022_1373,test,Test session 2,track_silverstone_gp,Silverstone GP,,,,pdf,link_only,Official GB3 result PDF for Silverstone Test session 2.,link_only,media_narrative_context,1,d4d96f43d7e734ba26b0bdefe7d2d3e6ec0096e36dc05af4008d5fc7acfe69fd
asset_gb3_2022_1374_results_pdf,media,series_gb3,GB3 Championship,2022,event_gb3_2022_r6_silverstone,GB3 2022 Round 6 - Silverstone,session_gb3_2022_1374,test,Test session 3,track_silverstone_gp,Silverstone GP,,,,pdf,link_only,Official GB3 result PDF for Silverstone Test session 3.,link_only,media_narrative_context,1,d4d96f43d7e734ba26b0bdefe7d2d3e6ec0096e36dc05af4008d5fc7acfe69fd
asset_gb3_2022_1375_results_pdf,media,series_gb3,GB3 Championship,2022,event_gb3_2022_r6_silverstone,GB3 2022 Round 6 - Silverstone,session_gb3_2022_1375,qualifying,Qualifying,track_silverstone_gp,Silverstone GP,,,,pdf,link_only,Official GB3 result PDF for Silverstone Qualifying.,link_only,media_narrative_context,1,d4d96f43d7e734ba26b0bdefe7d2d3e6ec0096e36dc05af4008d5fc7acfe69fd
asset_gb3_2022_1376_results_pdf,media,series_gb3,GB3 Championship,2022,event_gb3_2022_r6_silverstone,GB3 2022 Round 6 - Silverstone,session_gb3_2022_1376,race,Race 2,track_silverstone_gp,Silverstone GP,,,,pdf,link_only,Official GB3 result PDF for Silverstone Race 2.,link_only,media_narrative_context,1,d4d96f43d7e734ba26b0bdefe7d2d3e6ec0096e36dc05af4008d5fc7acfe69fd
asset_gb3_2022_1097_results_pdf,media,series_gb3,GB3 Championship,2022,event_gb3_2022_r7_brands_hatch,GB3 2022 Round 7 - Brands Hatch,session_gb3_2022_1097,race,Race 1,track_brands_hatch_gp,Brands Hatch GP,,,,pdf,link_only,Official GB3 result PDF for Brands Hatch Race 1.,link_only,media_narrative_context,1,d4d96f43d7e734ba26b0bdefe7d2d3e6ec0096e36dc05af4008d5fc7acfe69fd
asset_gb3_2022_1098_results_pdf,media,series_gb3,GB3 Championship,2022,event_gb3_2022_r7_brands_hatch,GB3 2022 Round 7 - Brands Hatch,session_gb3_2022_1098,race,Race 2,track_brands_hatch_gp,Brands Hatch GP,,,,pdf,link_only,Official GB3 result PDF for Brands Hatch Race 2.,link_only,media_narrative_context,1,d4d96f43d7e734ba26b0bdefe7d2d3e6ec0096e36dc05af4008d5fc7acfe69fd
asset_gb3_2022_1099_results_pdf,media,series_gb3,GB3 Championship,2022,event_gb3_2022_r7_brands_hatch,GB3 2022 Round 7 - Brands Hatch,session_gb3_2022_1099,race,Race 3 ,track_brands_hatch_gp,Brands Hatch GP,,,,pdf,link_only,Official GB3 result PDF for Brands Hatch Race 3 .,link_only,media_narrative_context,1,d4d96f43d7e734ba26b0bdefe7d2d3e6ec0096e36dc05af4008d5fc7acfe69fd
asset_gb3_2022_1466_results_pdf,media,series_gb3,GB3 Championship,2022,event_gb3_2022_r7_brands_hatch,GB3 2022 Round 7 - Brands Hatch,session_gb3_2022_1466,practice,Friday session one,track_brands_hatch_gp,Brands Hatch GP,,,,pdf,link_only,Official GB3 result PDF for Brands Hatch Friday session one.,link_only,media_narrative_context,1,d4d96f43d7e734ba26b0bdefe7d2d3e6ec0096e36dc05af4008d5fc7acfe69fd
asset_gb3_2022_1467_results_pdf,media,series_gb3,GB3 Championship,2022,event_gb3_2022_r7_brands_hatch,GB3 2022 Round 7 - Brands Hatch,session_gb3_2022_1467,practice,Friday session two,track_brands_hatch_gp,Brands Hatch GP,,,,pdf,link_only,Official GB3 result PDF for Brands Hatch Friday session two.,link_only,media_narrative_context,1,d4d96f43d7e734ba26b0bdefe7d2d3e6ec0096e36dc05af4008d5fc7acfe69fd
asset_gb3_2022_1468_results_pdf,media,series_gb3,GB3 Championship,2022,event_gb3_2022_r7_brands_hatch,GB3 2022 Round 7 - Brands Hatch,session_gb3_2022_1468,practice,Friday session three,track_brands_hatch_gp,Brands Hatch GP,,,,pdf,link_only,Official GB3 result PDF for Brands Hatch Friday session three.,link_only,media_narrative_context,1,d4d96f43d7e734ba26b0bdefe7d2d3e6ec0096e36dc05af4008d5fc7acfe69fd
asset_gb3_2022_1469_results_pdf,media,series_gb3,GB3 Championship,2022,event_gb3_2022_r7_brands_hatch,GB3 2022 Round 7 - Brands Hatch,session_gb3_2022_1469,practice,Friday session four,track_brands_hatch_gp,Brands Hatch GP,,,,pdf,link_only,Official GB3 result PDF for Brands Hatch Friday session four.,link_only,media_narrative_context,1,d4d96f43d7e734ba26b0bdefe7d2d3e6ec0096e36dc05af4008d5fc7acfe69fd
asset_gb3_2022_1470_results_pdf,media,series_gb3,GB3 Championship,2022,event_gb3_2022_r7_brands_hatch,GB3 2022 Round 7 - Brands Hatch,session_gb3_2022_1470,practice,Practice,track_brands_hatch_gp,Brands Hatch GP,,,,pdf,link_only,Official GB3 result PDF for Brands Hatch Practice.,link_only,media_narrative_context,1,d4d96f43d7e734ba26b0bdefe7d2d3e6ec0096e36dc05af4008d5fc7acfe69fd
asset_gb3_2022_1471_results_pdf,media,series_gb3,GB3 Championship,2022,event_gb3_2022_r7_brands_hatch,GB3 2022 Round 7 - Brands Hatch,session_gb3_2022_1471,qualifying,Qualifying,track_brands_hatch_gp,Brands Hatch GP,,,,pdf,link_only,Official GB3 result PDF for Brands Hatch Qualifying.,link_only,media_narrative_context,1,d4d96f43d7e734ba26b0bdefe7d2d3e6ec0096e36dc05af4008d5fc7acfe69fd
asset_gb3_2022_1103_results_pdf,media,series_gb3,GB3 Championship,2022,event_gb3_2022_r8_donington_park,GB3 2022 Round 8 - Donington Park,session_gb3_2022_1103,race,Race 1,track_donington_park_gp,Donington Park GP,,,,pdf,link_only,Official GB3 result PDF for Donington Park Race 1.,link_only,media_narrative_context,1,d4d96f43d7e734ba26b0bdefe7d2d3e6ec0096e36dc05af4008d5fc7acfe69fd
asset_gb3_2022_1104_results_pdf,media,series_gb3,GB3 Championship,2022,event_gb3_2022_r8_donington_park,GB3 2022 Round 8 - Donington Park,session_gb3_2022_1104,race,Race 2,track_donington_park_gp,Donington Park GP,,,,pdf,link_only,Official GB3 result PDF for Donington Park Race 2.,link_only,media_narrative_context,1,d4d96f43d7e734ba26b0bdefe7d2d3e6ec0096e36dc05af4008d5fc7acfe69fd
asset_gb3_2022_1105_results_pdf,media,series_gb3,GB3 Championship,2022,event_gb3_2022_r8_donington_park,GB3 2022 Round 8 - Donington Park,session_gb3_2022_1105,race,Race 3 ,track_donington_park_gp,Donington Park GP,,,,pdf,link_only,Official GB3 result PDF for Donington Park Race 3 .,link_only,media_narrative_context,1,d4d96f43d7e734ba26b0bdefe7d2d3e6ec0096e36dc05af4008d5fc7acfe69fd
asset_gb3_2022_1485_results_pdf,media,series_gb3,GB3 Championship,2022,event_gb3_2022_r8_donington_park,GB3 2022 Round 8 - Donington Park,session_gb3_2022_1485,practice,Thursday session one,track_donington_park_gp,Donington Park GP,,,,pdf,link_only,Official GB3 result PDF for Donington Park Thursday session one.,link_only,media_narrative_context,1,d4d96f43d7e734ba26b0bdefe7d2d3e6ec0096e36dc05af4008d5fc7acfe69fd
asset_gb3_2022_1486_results_pdf,media,series_gb3,GB3 Championship,2022,event_gb3_2022_r8_donington_park,GB3 2022 Round 8 - Donington Park,session_gb3_2022_1486,practice,Thursday session two,track_donington_park_gp,Donington Park GP,,,,pdf,link_only,Official GB3 result PDF for Donington Park Thursday session two.,link_only,media_narrative_context,1,d4d96f43d7e734ba26b0bdefe7d2d3e6ec0096e36dc05af4008d5fc7acfe69fd
asset_gb3_2022_1487_results_pdf,media,series_gb3,GB3 Championship,2022,event_gb3_2022_r8_donington_park,GB3 2022 Round 8 - Donington Park,session_gb3_2022_1487,practice,Thursday session three,track_donington_park_gp,Donington Park GP,,,,pdf,link_only,Official GB3 result PDF for Donington Park Thursday session three.,link_only,media_narrative_context,1,d4d96f43d7e734ba26b0bdefe7d2d3e6ec0096e36dc05af4008d5fc7acfe69fd
asset_gb3_2022_1488_results_pdf,media,series_gb3,GB3 Championship,2022,event_gb3_2022_r8_donington_park,GB3 2022 Round 8 - Donington Park,session_gb3_2022_1488,practice,Friday session one,track_donington_park_gp,Donington Park GP,,,,pdf,link_only,Official GB3 result PDF for Donington Park Friday session one.,link_only,media_narrative_context,1,d4d96f43d7e734ba26b0bdefe7d2d3e6ec0096e36dc05af4008d5fc7acfe69fd
asset_gb3_2022_1489_results_pdf,media,series_gb3,GB3 Championship,2022,event_gb3_2022_r8_donington_park,GB3 2022 Round 8 - Donington Park,session_gb3_2022_1489,practice,Friday session two,track_donington_park_gp,Donington Park GP,,,,pdf,link_only,Official GB3 result PDF for Donington Park Friday session two.,link_only,media_narrative_context,1,d4d96f43d7e734ba26b0bdefe7d2d3e6ec0096e36dc05af4008d5fc7acfe69fd
asset_gb3_2022_1490_results_pdf,media,series_gb3,GB3 Championship,2022,event_gb3_2022_r8_donington_park,GB3 2022 Round 8 - Donington Park,session_gb3_2022_1490,qualifying,Qualifying,track_donington_park_gp,Donington Park GP,,,,pdf,link_only,Official GB3 result PDF for Donington Park Qualifying.,link_only,media_narrative_context,1,d4d96f43d7e734ba26b0bdefe7d2d3e6ec0096e36dc05af4008d5fc7acfe69fd
asset_euroformula_2023_01-portimao-qualifying_pdf,media,series_euroformula_open,Euroformula Open,2023,event_euroformula_2023_r1_portimao,Euroformula Open 2023 Round 1 - Portimao,session_euroformula_2023_01-portimao-qualifying,qualifying,Qualifying,track_autodromo_internacional_do_algarve,Autodromo Internacional do Algarve,,,,pdf,link_only,Official Euroformula Portimao Qualifying timing PDF.,link_only,media_narrative_context,1,d4d96f43d7e734ba26b0bdefe7d2d3e6ec0096e36dc05af4008d5fc7acfe69fd
asset_euroformula_2023_01-portimao-race-1_pdf,media,series_euroformula_open,Euroformula Open,2023,event_euroformula_2023_r1_portimao,Euroformula Open 2023 Round 1 - Portimao,session_euroformula_2023_01-portimao-race-1,race,Race 1,track_autodromo_internacional_do_algarve,Autodromo Internacional do Algarve,,,,pdf,link_only,Official Euroformula Portimao Race 1 timing PDF.,link_only,media_narrative_context,1,d4d96f43d7e734ba26b0bdefe7d2d3e6ec0096e36dc05af4008d5fc7acfe69fd
asset_euroformula_2023_01-portimao-race-2_pdf,media,series_euroformula_open,Euroformula Open,2023,event_euroformula_2023_r1_portimao,Euroformula Open 2023 Round 1 - Portimao,session_euroformula_2023_01-portimao-race-2,race,Race 2,track_autodromo_internacional_do_algarve,Autodromo Internacional do Algarve,,,,pdf,link_only,Official Euroformula Portimao Race 2 timing PDF.,link_only,media_narrative_context,1,d4d96f43d7e734ba26b0bdefe7d2d3e6ec0096e36dc05af4008d5fc7acfe69fd
asset_euroformula_2023_01-portimao-race-3_pdf,media,series_euroformula_open,Euroformula Open,2023,event_euroformula_2023_r1_portimao,Euroformula Open 2023 Round 1 - Portimao,session_euroformula_2023_01-portimao-race-3,race,Race 3,track_autodromo_internacional_do_algarve,Autodromo Internacional do Algarve,,,,pdf,link_only,Official Euroformula Portimao Race 3 timing PDF.,link_only,media_narrative_context,1,d4d96f43d7e734ba26b0bdefe7d2d3e6ec0096e36dc05af4008d5fc7acfe69fd
asset_euroformula_2023_02-spa_francorchamps-qualifying_pdf,media,series_euroformula_open,Euroformula Open,2023,event_euroformula_2023_r2_spa_francorchamps,Euroformula Open 2023 Round 2 - Spa-Francorchamps,session_euroformula_2023_02-spa_francorchamps-qualifying,qualifying,Qualifying,track_circuit_de_spa_francorchamps,Circuit de Spa-Francorchamps,,,,pdf,link_only,Official Euroformula Spa-Francorchamps Qualifying timing PDF.,link_only,media_narrative_context,1,d4d96f43d7e734ba26b0bdefe7d2d3e6ec0096e36dc05af4008d5fc7acfe69fd
asset_euroformula_2023_02-spa_francorchamps-race-1_pdf,media,series_euroformula_open,Euroformula Open,2023,event_euroformula_2023_r2_spa_francorchamps,Euroformula Open 2023 Round 2 - Spa-Francorchamps,session_euroformula_2023_02-spa_francorchamps-race-1,race,Race 1,track_circuit_de_spa_francorchamps,Circuit de Spa-Francorchamps,,,,pdf,link_only,Official Euroformula Spa-Francorchamps Race 1 timing PDF.,link_only,media_narrative_context,1,d4d96f43d7e734ba26b0bdefe7d2d3e6ec0096e36dc05af4008d5fc7acfe69fd
asset_euroformula_2023_02-spa_francorchamps-race-2_pdf,media,series_euroformula_open,Euroformula Open,2023,event_euroformula_2023_r2_spa_francorchamps,Euroformula Open 2023 Round 2 - Spa-Francorchamps,session_euroformula_2023_02-spa_francorchamps-race-2,race,Race 2,track_circuit_de_spa_francorchamps,Circuit de Spa-Francorchamps,,,,pdf,link_only,Official Euroformula Spa-Francorchamps Race 2 timing PDF.,link_only,media_narrative_context,1,d4d96f43d7e734ba26b0bdefe7d2d3e6ec0096e36dc05af4008d5fc7acfe69fd
asset_euroformula_2023_02-spa_francorchamps-race-3_pdf,media,series_euroformula_open,Euroformula Open,2023,event_euroformula_2023_r2_spa_francorchamps,Euroformula Open 2023 Round 2 - Spa-Francorchamps,session_euroformula_2023_02-spa_francorchamps-race-3,race,Race 3,track_circuit_de_spa_francorchamps,Circuit de Spa-Francorchamps,,,,pdf,link_only,Official Euroformula Spa-Francorchamps Race 3 timing PDF.,link_only,media_narrative_context,1,d4d96f43d7e734ba26b0bdefe7d2d3e6ec0096e36dc05af4008d5fc7acfe69fd
asset_euroformula_2023_03-hungaroring-qualifying_pdf,media,series_euroformula_open,Euroformula Open,2023,event_euroformula_2023_r3_hungaroring,Euroformula Open 2023 Round 3 - Hungaroring,session_euroformula_2023_03-hungaroring-qualifying,qualifying,Qualifying,track_hungaroring,Hungaroring,,,,pdf,link_only,Official Euroformula Hungaroring Qualifying timing PDF.,link_only,media_narrative_context,1,d4d96f43d7e734ba26b0bdefe7d2d3e6ec0096e36dc05af4008d5fc7acfe69fd
asset_euroformula_2023_03-hungaroring-race-1_pdf,media,series_euroformula_open,Euroformula Open,2023,event_euroformula_2023_r3_hungaroring,Euroformula Open 2023 Round 3 - Hungaroring,session_euroformula_2023_03-hungaroring-race-1,race,Race 1,track_hungaroring,Hungaroring,,,,pdf,link_only,Official Euroformula Hungaroring Race 1 timing PDF.,link_only,media_narrative_context,1,d4d96f43d7e734ba26b0bdefe7d2d3e6ec0096e36dc05af4008d5fc7acfe69fd
asset_euroformula_2023_03-hungaroring-race-2_pdf,media,series_euroformula_open,Euroformula Open,2023,event_euroformula_2023_r3_hungaroring,Euroformula Open 2023 Round 3 - Hungaroring,session_euroformula_2023_03-hungaroring-race-2,race,Race 2,track_hungaroring,Hungaroring,,,,pdf,link_only,Official Euroformula Hungaroring Race 2 timing PDF.,link_only,media_narrative_context,1,d4d96f43d7e734ba26b0bdefe7d2d3e6ec0096e36dc05af4008d5fc7acfe69fd
asset_euroformula_2023_03-hungaroring-race-3_pdf,media,series_euroformula_open,Euroformula Open,2023,event_euroformula_2023_r3_hungaroring,Euroformula Open 2023 Round 3 - Hungaroring,session_euroformula_2023_03-hungaroring-race-3,race,Race 3,track_hungaroring,Hungaroring,,,,pdf,link_only,Official Euroformula Hungaroring Race 3 timing PDF.,link_only,media_narrative_context,1,d4d96f43d7e734ba26b0bdefe7d2d3e6ec0096e36dc05af4008d5fc7acfe69fd
asset_euroformula_2023_04-paul_ricard-qualifying_pdf,media,series_euroformula_open,Euroformula Open,2023,event_euroformula_2023_r4_paul_ricard,Euroformula Open 2023 Round 4 - Paul Ricard,session_euroformula_2023_04-paul_ricard-qualifying,qualifying,Qualifying,track_circuit_paul_ricard,Circuit Paul Ricard,,,,pdf,link_only,Official Euroformula Paul Ricard Qualifying timing PDF.,link_only,media_narrative_context,1,d4d96f43d7e734ba26b0bdefe7d2d3e6ec0096e36dc05af4008d5fc7acfe69fd
asset_euroformula_2023_04-paul_ricard-race-1_pdf,media,series_euroformula_open,Euroformula Open,2023,event_euroformula_2023_r4_paul_ricard,Euroformula Open 2023 Round 4 - Paul Ricard,session_euroformula_2023_04-paul_ricard-race-1,race,Race 1,track_circuit_paul_ricard,Circuit Paul Ricard,,,,pdf,link_only,Official Euroformula Paul Ricard Race 1 timing PDF.,link_only,media_narrative_context,1,d4d96f43d7e734ba26b0bdefe7d2d3e6ec0096e36dc05af4008d5fc7acfe69fd
asset_euroformula_2023_04-paul_ricard-race-2_pdf,media,series_euroformula_open,Euroformula Open,2023,event_euroformula_2023_r4_paul_ricard,Euroformula Open 2023 Round 4 - Paul Ricard,session_euroformula_2023_04-paul_ricard-race-2,race,Race 2,track_circuit_paul_ricard,Circuit Paul Ricard,,,,pdf,link_only,Official Euroformula Paul Ricard Race 2 timing PDF.,link_only,media_narrative_context,1,d4d96f43d7e734ba26b0bdefe7d2d3e6ec0096e36dc05af4008d5fc7acfe69fd
asset_euroformula_2023_04-paul_ricard-race-3_pdf,media,series_euroformula_open,Euroformula Open,2023,event_euroformula_2023_r4_paul_ricard,Euroformula Open 2023 Round 4 - Paul Ricard,session_euroformula_2023_04-paul_ricard-race-3,race,Race 3,track_circuit_paul_ricard,Circuit Paul Ricard,,,,pdf,link_only,Official Euroformula Paul Ricard Race 3 timing PDF.,link_only,media_narrative_context,1,d4d96f43d7e734ba26b0bdefe7d2d3e6ec0096e36dc05af4008d5fc7acfe69fd
asset_euroformula_2023_05-red_bull_ring-qualifying_pdf,media,series_euroformula_open,Euroformula Open,2023,event_euroformula_2023_r5_red_bull_ring,Euroformula Open 2023 Round 5 - Red Bull Ring,session_euroformula_2023_05-red_bull_ring-qualifying,qualifying,Qualifying,track_red_bull_ring,Red Bull Ring,,,,pdf,link_only,Official Euroformula Red Bull Ring Qualifying timing PDF.,link_only,media_narrative_context,1,d4d96f43d7e734ba26b0bdefe7d2d3e6ec0096e36dc05af4008d5fc7acfe69fd
asset_euroformula_2023_05-red_bull_ring-race-1_pdf,media,series_euroformula_open,Euroformula Open,2023,event_euroformula_2023_r5_red_bull_ring,Euroformula Open 2023 Round 5 - Red Bull Ring,session_euroformula_2023_05-red_bull_ring-race-1,race,Race 1,track_red_bull_ring,Red Bull Ring,,,,pdf,link_only,Official Euroformula Red Bull Ring Race 1 timing PDF.,link_only,media_narrative_context,1,d4d96f43d7e734ba26b0bdefe7d2d3e6ec0096e36dc05af4008d5fc7acfe69fd
asset_euroformula_2023_05-red_bull_ring-race-2_pdf,media,series_euroformula_open,Euroformula Open,2023,event_euroformula_2023_r5_red_bull_ring,Euroformula Open 2023 Round 5 - Red Bull Ring,session_euroformula_2023_05-red_bull_ring-race-2,race,Race 2,track_red_bull_ring,Red Bull Ring,,,,pdf,link_only,Official Euroformula Red Bull Ring Race 2 timing PDF.,link_only,media_narrative_context,1,d4d96f43d7e734ba26b0bdefe7d2d3e6ec0096e36dc05af4008d5fc7acfe69fd
asset_euroformula_2023_05-red_bull_ring-race-3_pdf,media,series_euroformula_open,Euroformula Open,2023,event_euroformula_2023_r5_red_bull_ring,Euroformula Open 2023 Round 5 - Red Bull Ring,session_euroformula_2023_05-red_bull_ring-race-3,race,Race 3,track_red_bull_ring,Red Bull Ring,,,,pdf,link_only,Official Euroformula Red Bull Ring Race 3 timing PDF.,link_only,media_narrative_context,1,d4d96f43d7e734ba26b0bdefe7d2d3e6ec0096e36dc05af4008d5fc7acfe69fd
asset_euroformula_2023_06-monza-qualifying_pdf,media,series_euroformula_open,Euroformula Open,2023,event_euroformula_2023_r6_monza,Euroformula Open 2023 Round 6 - Monza,session_euroformula_2023_06-monza-qualifying,qualifying,Qualifying,track_autodromo_nazionale_monza,Autodromo Nazionale Monza,,,,pdf,link_only,Official Euroformula Monza Qualifying timing PDF.,link_only,media_narrative_context,1,d4d96f43d7e734ba26b0bdefe7d2d3e6ec0096e36dc05af4008d5fc7acfe69fd
asset_euroformula_2023_06-monza-race-1_pdf,media,series_euroformula_open,Euroformula Open,2023,event_euroformula_2023_r6_monza,Euroformula Open 2023 Round 6 - Monza,session_euroformula_2023_06-monza-race-1,race,Race 1,track_autodromo_nazionale_monza,Autodromo Nazionale Monza,,,,pdf,link_only,Official Euroformula Monza Race 1 timing PDF.,link_only,media_narrative_context,1,d4d96f43d7e734ba26b0bdefe7d2d3e6ec0096e36dc05af4008d5fc7acfe69fd
asset_euroformula_2023_06-monza-race-2_pdf,media,series_euroformula_open,Euroformula Open,2023,event_euroformula_2023_r6_monza,Euroformula Open 2023 Round 6 - Monza,session_euroformula_2023_06-monza-race-2,race,Race 2,track_autodromo_nazionale_monza,Autodromo Nazionale Monza,,,,pdf,link_only,Official Euroformula Monza Race 2 timing PDF.,link_only,media_narrative_context,1,d4d96f43d7e734ba26b0bdefe7d2d3e6ec0096e36dc05af4008d5fc7acfe69fd
asset_euroformula_2023_06-monza-race-3_pdf,media,series_euroformula_open,Euroformula Open,2023,event_euroformula_2023_r6_monza,Euroformula Open 2023 Round 6 - Monza,session_euroformula_2023_06-monza-race-3,race,Race 3,track_autodromo_nazionale_monza,Autodromo Nazionale Monza,,,,pdf,link_only,Official Euroformula Monza Race 3 timing PDF.,link_only,media_narrative_context,1,d4d96f43d7e734ba26b0bdefe7d2d3e6ec0096e36dc05af4008d5fc7acfe69fd
asset_euroformula_2023_07-barcelona-qualifying_pdf,media,series_euroformula_open,Euroformula Open,2023,event_euroformula_2023_r7_barcelona,Euroformula Open 2023 Round 7 - Barcelona,session_euroformula_2023_07-barcelona-qualifying,qualifying,Qualifying,track_circuit_de_barcelona_catalunya,Circuit de Barcelona-Catalunya,,,,pdf,link_only,Official Euroformula Barcelona Qualifying timing PDF.,link_only,media_narrative_context,1,d4d96f43d7e734ba26b0bdefe7d2d3e6ec0096e36dc05af4008d5fc7acfe69fd
asset_euroformula_2023_07-barcelona-race-1_pdf,media,series_euroformula_open,Euroformula Open,2023,event_euroformula_2023_r7_barcelona,Euroformula Open 2023 Round 7 - Barcelona,session_euroformula_2023_07-barcelona-race-1,race,Race 1,track_circuit_de_barcelona_catalunya,Circuit de Barcelona-Catalunya,,,,pdf,link_only,Official Euroformula Barcelona Race 1 timing PDF.,link_only,media_narrative_context,1,d4d96f43d7e734ba26b0bdefe7d2d3e6ec0096e36dc05af4008d5fc7acfe69fd
asset_euroformula_2023_07-barcelona-race-2_pdf,media,series_euroformula_open,Euroformula Open,2023,event_euroformula_2023_r7_barcelona,Euroformula Open 2023 Round 7 - Barcelona,session_euroformula_2023_07-barcelona-race-2,race,Race 2,track_circuit_de_barcelona_catalunya,Circuit de Barcelona-Catalunya,,,,pdf,link_only,Official Euroformula Barcelona Race 2 timing PDF.,link_only,media_narrative_context,1,d4d96f43d7e734ba26b0bdefe7d2d3e6ec0096e36dc05af4008d5fc7acfe69fd
asset_euroformula_2023_07-barcelona-race-3_pdf,media,series_euroformula_open,Euroformula Open,2023,event_euroformula_2023_r7_barcelona,Euroformula Open 2023 Round 7 - Barcelona,session_euroformula_2023_07-barcelona-race-3,race,Race 3,track_circuit_de_barcelona_catalunya,Circuit de Barcelona-Catalunya,,,,pdf,link_only,Official Euroformula Barcelona Race 3 timing PDF.,link_only,media_narrative_context,1,d4d96f43d7e734ba26b0bdefe7d2d3e6ec0096e36dc05af4008d5fc7acfe69fd
asset_froc_2024_r1_taupo_track_1150x790,media,series_froc,Castrol Toyota Formula Regional Oceania Championship,2024,event_froc_2024_r1_taupo_international_motorsport_park,FROC 2024 Round 1 - Taupo International Motorsport Park,,,,track_taupo_international_motorsport_park,Taupo International Motorsport Park,,,,image,link_only,Official Toyota NZ image link from Round 1 results page.,link_only,media_narrative_context,1,d4d96f43d7e734ba26b0bdefe7d2d3e6ec0096e36dc05af4008d5fc7acfe69fd
asset_froc_2024_r1_test_day_toyota_article,media,series_froc,Castrol Toyota Formula Regional Oceania Championship,2024,event_froc_2024_r1_taupo_international_motorsport_park,FROC 2024 Round 1 - Taupo International Motorsport Park,,,,track_taupo_international_motorsport_park,Taupo International Motorsport Park,,,,article,link_only,Official Toyota article published on 2024-01-19 says a general test day on Thursday preceded Friday official practice at Taupo. This supports date-level context only for the Toyota result-page Test 1/2/3 tabs.,link_only,media_narrative_context,1,d4d96f43d7e734ba26b0bdefe7d2d3e6ec0096e36dc05af4008d5fc7acfe69fd
asset_froc_2024_r1_website_timetable_1150x790,media,series_froc,Castrol Toyota Formula Regional Oceania Championship,2024,event_froc_2024_r1_taupo_international_motorsport_park,FROC 2024 Round 1 - Taupo International Motorsport Park,,,,track_taupo_international_motorsport_park,Taupo International Motorsport Park,,,,image,link_only,Official Toyota NZ image link from Round 1 results page.,link_only,media_narrative_context,1,d4d96f43d7e734ba26b0bdefe7d2d3e6ec0096e36dc05af4008d5fc7acfe69fd
asset_froc_2024_r1_qualifying_1_toyota_article,media,series_froc,Castrol Toyota Formula Regional Oceania Championship,2024,event_froc_2024_r1_taupo_international_motorsport_park,FROC 2024 Round 1 - Taupo International Motorsport Park,session_froc_2024_r1_qualifying_1,qualifying,Qualifying 1,track_taupo_international_motorsport_park,Taupo International Motorsport Park,,,,article,link_only,Official Toyota NZ Qualifying 1 article that identifies the Taupo Round 1 Race 1 pole and full qualifying order.,link_only,media_narrative_context,1,d4d96f43d7e734ba26b0bdefe7d2d3e6ec0096e36dc05af4008d5fc7acfe69fd
asset_froc_2024_r1_qualifying_2_toyota_article,media,series_froc,Castrol Toyota Formula Regional Oceania Championship,2024,event_froc_2024_r1_taupo_international_motorsport_park,FROC 2024 Round 1 - Taupo International Motorsport Park,session_froc_2024_r1_qualifying_2,qualifying,Qualifying 2,track_taupo_international_motorsport_park,Taupo International Motorsport Park,,,,article,link_only,Official Toyota NZ Qualifying 2 article that identifies the Taupo Denny Hulme Trophy feature-race grid as Q2-backed and includes the full Q2 order.,link_only,media_narrative_context,1,d4d96f43d7e734ba26b0bdefe7d2d3e6ec0096e36dc05af4008d5fc7acfe69fd
asset_froc_2024_r1_race_2_toyota_article,media,series_froc,Castrol Toyota Formula Regional Oceania Championship,2024,event_froc_2024_r1_taupo_international_motorsport_park,FROC 2024 Round 1 - Taupo International Motorsport Park,session_froc_2024_r1_race_2,race,Race 2,track_taupo_international_motorsport_park,Taupo International Motorsport Park,,,,article,link_only,Official Toyota NZ Race 2 article that identifies the Taupo Race 2 as a reverse top-eight race and validates the top-eight grid mapping.,link_only,media_narrative_context,1,d4d96f43d7e734ba26b0bdefe7d2d3e6ec0096e36dc05af4008d5fc7acfe69fd
asset_froc_2024_r2_2024_ctfroc_website_schedule_r2_1150x790,media,series_froc,Castrol Toyota Formula Regional Oceania Championship,2024,event_froc_2024_r2_manfeild_circuit_chris_amon,FROC 2024 Round 2 - Manfeild - Circuit Chris Amon,,,,track_manfeild_circuit_chris_amon,Manfeild - Circuit Chris Amon,,,,image,link_only,Official Toyota NZ image link from Round 2 results page.,link_only,media_narrative_context,1,d4d96f43d7e734ba26b0bdefe7d2d3e6ec0096e36dc05af4008d5fc7acfe69fd
asset_froc_2024_r2_castrol_manfield_1150x790,media,series_froc,Castrol Toyota Formula Regional Oceania Championship,2024,event_froc_2024_r2_manfeild_circuit_chris_amon,FROC 2024 Round 2 - Manfeild - Circuit Chris Amon,,,,track_manfeild_circuit_chris_amon,Manfeild - Circuit Chris Amon,,,,image,link_only,Official Toyota NZ image link from Round 2 results page.,link_only,media_narrative_context,1,d4d96f43d7e734ba26b0bdefe7d2d3e6ec0096e36dc05af4008d5fc7acfe69fd
asset_froc_2024_r2_fp_1,media,series_froc,Castrol Toyota Formula Regional Oceania Championship,2024,event_froc_2024_r2_manfeild_circuit_chris_amon,FROC 2024 Round 2 - Manfeild - Circuit Chris Amon,,,,track_manfeild_circuit_chris_amon,Manfeild - Circuit Chris Amon,,,,pdf,link_only,Official Toyota NZ pdf link from Round 2 results page.,link_only,media_narrative_context,1,d4d96f43d7e734ba26b0bdefe7d2d3e6ec0096e36dc05af4008d5fc7acfe69fd
asset_froc_2024_r2_fp_2,media,series_froc,Castrol Toyota Formula Regional Oceania Championship,2024,event_froc_2024_r2_manfeild_circuit_chris_amon,FROC 2024 Round 2 - Manfeild - Circuit Chris Amon,,,,track_manfeild_circuit_chris_amon,Manfeild - Circuit Chris Amon,,,,pdf,link_only,Official Toyota NZ pdf link from Round 2 results page.,link_only,media_narrative_context,1,d4d96f43d7e734ba26b0bdefe7d2d3e6ec0096e36dc05af4008d5fc7acfe69fd
asset_froc_2024_r2_fp_3,media,series_froc,Castrol Toyota Formula Regional Oceania Championship,2024,event_froc_2024_r2_manfeild_circuit_chris_amon,FROC 2024 Round 2 - Manfeild - Circuit Chris Amon,,,,track_manfeild_circuit_chris_amon,Manfeild - Circuit Chris Amon,,,,pdf,link_only,Official Toyota NZ pdf link from Round 2 results page.,link_only,media_narrative_context,1,d4d96f43d7e734ba26b0bdefe7d2d3e6ec0096e36dc05af4008d5fc7acfe69fd
asset_froc_2024_r2_grid_r1,media,series_froc,Castrol Toyota Formula Regional Oceania Championship,2024,event_froc_2024_r2_manfeild_circuit_chris_amon,FROC 2024 Round 2 - Manfeild - Circuit Chris Amon,,,,track_manfeild_circuit_chris_amon,Manfeild - Circuit Chris Amon,,,,pdf,link_only,Official Toyota NZ pdf link from Round 2 results page.,link_only,media_narrative_context,1,d4d96f43d7e734ba26b0bdefe7d2d3e6ec0096e36dc05af4008d5fc7acfe69fd
asset_froc_2024_r2_grid_r2,media,series_froc,Castrol Toyota Formula Regional Oceania Championship,2024,event_froc_2024_r2_manfeild_circuit_chris_amon,FROC 2024 Round 2 - Manfeild - Circuit Chris Amon,,,,track_manfeild_circuit_chris_amon,Manfeild - Circuit Chris Amon,,,,pdf,link_only,Official Toyota NZ pdf link from Round 2 results page.,link_only,media_narrative_context,1,d4d96f43d7e734ba26b0bdefe7d2d3e6ec0096e36dc05af4008d5fc7acfe69fd
asset_froc_2024_r2_grid_r3,media,series_froc,Castrol Toyota Formula Regional Oceania Championship,2024,event_froc_2024_r2_manfeild_circuit_chris_amon,FROC 2024 Round 2 - Manfeild - Circuit Chris Amon,,,,track_manfeild_circuit_chris_amon,Manfeild - Circuit Chris Amon,,,,pdf,link_only,Official Toyota NZ pdf link from Round 2 results page.,link_only,media_narrative_context,1,d4d96f43d7e734ba26b0bdefe7d2d3e6ec0096e36dc05af4008d5fc7acfe69fd
asset_froc_2024_r2_qualy_1,media,series_froc,Castrol Toyota Formula Regional Oceania Championship,2024,event_froc_2024_r2_manfeild_circuit_chris_amon,FROC 2024 Round 2 - Manfeild - Circuit Chris Amon,session_froc_2024_r2_qualifying_1,qualifying,Qualifying 1,track_manfeild_circuit_chris_amon,Manfeild - Circuit Chris Amon,,,,pdf,link_only,Official Toyota NZ pdf link from Round 2 results page.,link_only,media_narrative_context,1,d4d96f43d7e734ba26b0bdefe7d2d3e6ec0096e36dc05af4008d5fc7acfe69fd
asset_froc_2024_r2_qualy_2,media,series_froc,Castrol Toyota Formula Regional Oceania Championship,2024,event_froc_2024_r2_manfeild_circuit_chris_amon,FROC 2024 Round 2 - Manfeild - Circuit Chris Amon,session_froc_2024_r2_qualifying_2,qualifying,Qualifying 2,track_manfeild_circuit_chris_amon,Manfeild - Circuit Chris Amon,,,,pdf,link_only,Official Toyota NZ pdf link from Round 2 results page.,link_only,media_narrative_context,1,d4d96f43d7e734ba26b0bdefe7d2d3e6ec0096e36dc05af4008d5fc7acfe69fd
asset_froc_2024_r2_race_1,media,series_froc,Castrol Toyota Formula Regional Oceania Championship,2024,event_froc_2024_r2_manfeild_circuit_chris_amon,FROC 2024 Round 2 - Manfeild - Circuit Chris Amon,session_froc_2024_r2_race_1,race,Race 1,track_manfeild_circuit_chris_amon,Manfeild - Circuit Chris Amon,,,,pdf,link_only,Official Toyota NZ pdf link from Round 2 results page.,link_only,media_narrative_context,1,d4d96f43d7e734ba26b0bdefe7d2d3e6ec0096e36dc05af4008d5fc7acfe69fd
asset_froc_2024_r2_race_2,media,series_froc,Castrol Toyota Formula Regional Oceania Championship,2024,event_froc_2024_r2_manfeild_circuit_chris_amon,FROC 2024 Round 2 - Manfeild - Circuit Chris Amon,session_froc_2024_r2_race_2,race,Race 2,track_manfeild_circuit_chris_amon,Manfeild - Circuit Chris Amon,,,,pdf,link_only,Official Toyota NZ pdf link from Round 2 results page.,link_only,media_narrative_context,1,d4d96f43d7e734ba26b0bdefe7d2d3e6ec0096e36dc05af4008d5fc7acfe69fd
asset_froc_2024_r2_test_1,media,series_froc,Castrol Toyota Formula Regional Oceania Championship,2024,event_froc_2024_r2_manfeild_circuit_chris_amon,FROC 2024 Round 2 - Manfeild - Circuit Chris Amon,session_froc_2024_r2_test_1,test,Test 1,track_manfeild_circuit_chris_amon,Manfeild - Circuit Chris Amon,,,,pdf,link_only,Official Toyota NZ pdf link from Round 2 results page.,link_only,media_narrative_context,1,d4d96f43d7e734ba26b0bdefe7d2d3e6ec0096e36dc05af4008d5fc7acfe69fd
asset_froc_2024_r2_test_2,media,series_froc,Castrol Toyota Formula Regional Oceania Championship,2024,event_froc_2024_r2_manfeild_circuit_chris_amon,FROC 2024 Round 2 - Manfeild - Circuit Chris Amon,session_froc_2024_r2_test_2,test,Test 2,track_manfeild_circuit_chris_amon,Manfeild - Circuit Chris Amon,,,,pdf,link_only,Official Toyota NZ pdf link from Round 2 results page.,link_only,media_narrative_context,1,d4d96f43d7e734ba26b0bdefe7d2d3e6ec0096e36dc05af4008d5fc7acfe69fd
asset_froc_2024_r3_2024_ctfroc_website_schedule_r3_1150x790,media,series_froc,Castrol Toyota Formula Regional Oceania Championship,2024,event_froc_2024_r3_hampton_downs_motorsport_park,FROC 2024 Round 3 - Hampton Downs Motorsport Park,,,,track_hampton_downs_motorsport_park,Hampton Downs Motorsport Park,,,,image,link_only,Official Toyota NZ image link from Round 3 results page.,link_only,media_narrative_context,1,d4d96f43d7e734ba26b0bdefe7d2d3e6ec0096e36dc05af4008d5fc7acfe69fd
asset_froc_2024_r3_hampton_ctfroc_1150x790,media,series_froc,Castrol Toyota Formula Regional Oceania Championship,2024,event_froc_2024_r3_hampton_downs_motorsport_park,FROC 2024 Round 3 - Hampton Downs Motorsport Park,,,,track_hampton_downs_motorsport_park,Hampton Downs Motorsport Park,,,,image,link_only,Official Toyota NZ image link from Round 3 results page.,link_only,media_narrative_context,1,d4d96f43d7e734ba26b0bdefe7d2d3e6ec0096e36dc05af4008d5fc7acfe69fd
asset_froc_2024_r3_test_day_toyota_article,media,series_froc,Castrol Toyota Formula Regional Oceania Championship,2024,event_froc_2024_r3_hampton_downs_motorsport_park,FROC 2024 Round 3 - Hampton Downs Motorsport Park,,,,track_hampton_downs_motorsport_park,Hampton Downs Motorsport Park,,,,article,link_only,Official Toyota article published on 2024-02-01 reports two Thursday Hampton Downs test sessions before Friday official practice. This supports date-level context only for the Toyota result-page Test 1/2 tabs.,link_only,media_narrative_context,1,d4d96f43d7e734ba26b0bdefe7d2d3e6ec0096e36dc05af4008d5fc7acfe69fd
asset_froc_2024_r4_2024_ctfroc_website_schedule_r4_1150x790,media,series_froc,Castrol Toyota Formula Regional Oceania Championship,2024,event_froc_2024_r4_euromarque_motorsport_park,FROC 2024 Round 4 - Euromarque Motorsport Park,,,,track_euromarque_motorsport_park,Euromarque Motorsport Park,,,,image,link_only,Official Toyota NZ image link from Round 4 results page.,link_only,media_narrative_context,1,d4d96f43d7e734ba26b0bdefe7d2d3e6ec0096e36dc05af4008d5fc7acfe69fd
asset_froc_2024_r4_euromarque_track_1150_790,media,series_froc,Castrol Toyota Formula Regional Oceania Championship,2024,event_froc_2024_r4_euromarque_motorsport_park,FROC 2024 Round 4 - Euromarque Motorsport Park,,,,track_euromarque_motorsport_park,Euromarque Motorsport Park,,,,image,link_only,Official Toyota NZ image link from Round 4 results page.,link_only,media_narrative_context,1,d4d96f43d7e734ba26b0bdefe7d2d3e6ec0096e36dc05af4008d5fc7acfe69fd
asset_froc_2024_r4_test_day_toyota_article,media,series_froc,Castrol Toyota Formula Regional Oceania Championship,2024,event_froc_2024_r4_euromarque_motorsport_park,FROC 2024 Round 4 - Euromarque Motorsport Park,,,,track_euromarque_motorsport_park,Euromarque Motorsport Park,,,,article,link_only,Official Toyota article published on 2024-02-08 reports two Euromarque Motorsport Park test sessions before Friday official practice. This supports date-level context only for the Toyota result-page Test 1/2 tabs.,link_only,media_narrative_context,1,d4d96f43d7e734ba26b0bdefe7d2d3e6ec0096e36dc05af4008d5fc7acfe69fd
asset_froc_2024_r4_qualifying_1_toyota_article,media,series_froc,Castrol Toyota Formula Regional Oceania Championship,2024,event_froc_2024_r4_euromarque_motorsport_park,FROC 2024 Round 4 - Euromarque Motorsport Park,session_froc_2024_r4_qualifying_1,qualifying,Qualifying 1,track_euromarque_motorsport_park,Euromarque Motorsport Park,driver_bryce_aron,Bryce Aron,,article,link_only,Official Toyota NZ Qualifying 1 article that identifies the Euromarque Round 4 Race 1 grid and Bryce Aron starting seventh.,link_only,media_narrative_context,1,d4d96f43d7e734ba26b0bdefe7d2d3e6ec0096e36dc05af4008d5fc7acfe69fd
asset_froc_2024_r5_2024_ctfroc_website_schedule_1150x790_round_5,media,series_froc,Castrol Toyota Formula Regional Oceania Championship,2024,event_froc_2024_r5_highlands_motorsport_park,FROC 2024 Round 5 - Highlands Motorsport Park,,,,track_highlands_motorsport_park,Highlands Motorsport Park,,,,image,link_only,Official Toyota NZ image link from Round 5 results page.,link_only,media_narrative_context,1,d4d96f43d7e734ba26b0bdefe7d2d3e6ec0096e36dc05af4008d5fc7acfe69fd
asset_froc_2024_r5_highlands_gp_qualifying_format_article,media,series_froc,Castrol Toyota Formula Regional Oceania Championship,2024,event_froc_2024_r5_highlands_motorsport_park,FROC 2024 Round 5 - Highlands Motorsport Park,,,,track_highlands_motorsport_park,Highlands Motorsport Park,driver_bryce_aron,Bryce Aron,,article,link_only,Official Toyota NZ preview that mentions Bryce Aron and defines the Highlands Grand Prix qualifying format used to derive Round 5 Race 1 and Grand Prix start positions.,link_only,media_narrative_context,1,d4d96f43d7e734ba26b0bdefe7d2d3e6ec0096e36dc05af4008d5fc7acfe69fd
asset_froc_2024_r5_highlands_track_1150x790,media,series_froc,Castrol Toyota Formula Regional Oceania Championship,2024,event_froc_2024_r5_highlands_motorsport_park,FROC 2024 Round 5 - Highlands Motorsport Park,,,,track_highlands_motorsport_park,Highlands Motorsport Park,,,,image,link_only,Official Toyota NZ image link from Round 5 results page.,link_only,media_narrative_context,1,d4d96f43d7e734ba26b0bdefe7d2d3e6ec0096e36dc05af4008d5fc7acfe69fd
asset_froc_2024_r5_test_day_toyota_article,media,series_froc,Castrol Toyota Formula Regional Oceania Championship,2024,event_froc_2024_r5_highlands_motorsport_park,FROC 2024 Round 5 - Highlands Motorsport Park,,,,track_highlands_motorsport_park,Highlands Motorsport Park,,,,article,link_only,Official Toyota article published on 2024-02-16 reports two Highlands testing sessions and matches the Toyota result-page Test 1/2 context. This supports date-level context only for those tabs.,link_only,media_narrative_context,1,d4d96f43d7e734ba26b0bdefe7d2d3e6ec0096e36dc05af4008d5fc7acfe69fd
asset_froc_2024_r5_race_2_toyota_article,media,series_froc,Castrol Toyota Formula Regional Oceania Championship,2024,event_froc_2024_r5_highlands_motorsport_park,FROC 2024 Round 5 - Highlands Motorsport Park,session_froc_2024_r5_race_2,race,Race 2,track_highlands_motorsport_park,Highlands Motorsport Park,driver_bryce_aron,Bryce Aron,,article,link_only,Official Toyota NZ Race 2 article that names the top-eight Highlands Race 2 grid rows and describes Bryce Aron winning the race.,link_only,media_narrative_context,1,d4d96f43d7e734ba26b0bdefe7d2d3e6ec0096e36dc05af4008d5fc7acfe69fd
incident_indy_nxt_caution_2024_6326_1,incident,series_indy_nxt,INDY NXT,2024,event_indy_nxt_2024_5482,Detroit Grand Prix,session_indy_nxt_2024_6326,race,Race,track_streets_of_detroit,Streets of Detroit,driver_bryce_aron,Bryce Aron,3,caution_contact,caution_laps_3_to_8_duration_6,Official caution 1 ran from lap 3 to lap 8 for Contact: Car 27 in Turn 7.,official,official_incident_context,1,d4d96f43d7e734ba26b0bdefe7d2d3e6ec0096e36dc05af4008d5fc7acfe69fd
penalty_indy_nxt_2024_6326_car_75_lap_4_yield_positions,penalty,series_indy_nxt,INDY NXT,2024,event_indy_nxt_2024_5482,Detroit Grand Prix,session_indy_nxt_2024_6326,race,Race,track_streets_of_detroit,Streets of Detroit,driver_ricardo_escotto,Ricardo Escotto,4,yield_positions,positionImpact=-3,yield_positions: Blocking,official,official_penalty_context,1,d4d96f43d7e734ba26b0bdefe7d2d3e6ec0096e36dc05af4008d5fc7acfe69fd
penalty_indy_nxt_2024_6326_car_29_lap_10_yield_positions,penalty,series_indy_nxt,INDY NXT,2024,event_indy_nxt_2024_5482,Detroit Grand Prix,session_indy_nxt_2024_6326,race,Race,track_streets_of_detroit,Streets of Detroit,driver_james_roe,James Roe,10,yield_positions,positionImpact=-3,yield_positions: Blocking,official,official_penalty_context,1,d4d96f43d7e734ba26b0bdefe7d2d3e6ec0096e36dc05af4008d5fc7acfe69fd
incident_indy_nxt_caution_2024_6326_2,incident,series_indy_nxt,INDY NXT,2024,event_indy_nxt_2024_5482,Detroit Grand Prix,session_indy_nxt_2024_6326,race,Race,track_streets_of_detroit,Streets of Detroit,driver_jack_william_miller,Jack William Miller,25,caution_off_course,caution_laps_25_to_26_duration_2,Official caution 2 ran from lap 25 to lap 26 for Off Course: Car 40 in Turn 1.,official,official_incident_context,1,d4d96f43d7e734ba26b0bdefe7d2d3e6ec0096e36dc05af4008d5fc7acfe69fd
penalty_indy_nxt_2024_6326_car_75_lap_29_drive_through,penalty,series_indy_nxt,INDY NXT,2024,event_indy_nxt_2024_5482,Detroit Grand Prix,session_indy_nxt_2024_6326,race,Race,track_streets_of_detroit,Streets of Detroit,driver_ricardo_escotto,Ricardo Escotto,29,drive_through,drive_through,drive_through: Blocking,official,official_penalty_context,1,d4d96f43d7e734ba26b0bdefe7d2d3e6ec0096e36dc05af4008d5fc7acfe69fd
incident_indy_nxt_caution_2024_6326_3,incident,series_indy_nxt,INDY NXT,2024,event_indy_nxt_2024_5482,Detroit Grand Prix,session_indy_nxt_2024_6326,race,Race,track_streets_of_detroit,Streets of Detroit,driver_christian_bogle,Christian Bogle,39,caution,caution_laps_39_to_40_duration_2,Official caution 3 ran from lap 39 to lap 40 for Spin: Car 7 in Turn 7.,official,official_incident_context,1,d4d96f43d7e734ba26b0bdefe7d2d3e6ec0096e36dc05af4008d5fc7acfe69fd
incident_indy_nxt_caution_2024_6326_4,incident,series_indy_nxt,INDY NXT,2024,event_indy_nxt_2024_5482,Detroit Grand Prix,session_indy_nxt_2024_6326,race,Race,track_streets_of_detroit,Streets of Detroit,,,42,caution_contact,caution_laps_42_to_45_duration_4,"Official caution 4 ran from lap 42 to lap 45 for Contact: Cars 7, 11, 29 and 33 in Turn 7.",official,official_incident_context,1,d4d96f43d7e734ba26b0bdefe7d2d3e6ec0096e36dc05af4008d5fc7acfe69fd
penalty_indy_nxt_2024_6326_car_75_lap_45_disqualification,penalty,series_indy_nxt,INDY NXT,2024,event_indy_nxt_2024_5482,Detroit Grand Prix,session_indy_nxt_2024_6326,race,Race,track_streets_of_detroit,Streets of Detroit,driver_ricardo_escotto,Ricardo Escotto,45,disqualification,disqualification,disqualification: Failure to Follow the Direction of INDYCAR,official,official_penalty_context,1,d4d96f43d7e734ba26b0bdefe7d2d3e6ec0096e36dc05af4008d5fc7acfe69fd
incident_indy_nxt_status_2024_6326_driver_bryce_aron,incident,series_indy_nxt,INDY NXT,2024,event_indy_nxt_2024_5482,Detroit Grand Prix,session_indy_nxt_2024_6326,race,Race,track_streets_of_detroit,Streets of Detroit,driver_bryce_aron,Bryce Aron,,contact,finish_position_20_laps_2,"Official INDY NXT result status reported ""Contact"" for Bryce Aron.",official,official_incident_context,1,d4d96f43d7e734ba26b0bdefe7d2d3e6ec0096e36dc05af4008d5fc7acfe69fd
incident_indy_nxt_status_2024_6326_driver_james_roe,incident,series_indy_nxt,INDY NXT,2024,event_indy_nxt_2024_5482,Detroit Grand Prix,session_indy_nxt_2024_6326,race,Race,track_streets_of_detroit,Streets of Detroit,driver_james_roe,James Roe,,contact,finish_position_16_laps_41,"Official INDY NXT result status reported ""Contact"" for James Roe.",official,official_incident_context,1,d4d96f43d7e734ba26b0bdefe7d2d3e6ec0096e36dc05af4008d5fc7acfe69fd
incident_indy_nxt_status_2024_6326_driver_nolan_allaer,incident,series_indy_nxt,INDY NXT,2024,event_indy_nxt_2024_5482,Detroit Grand Prix,session_indy_nxt_2024_6326,race,Race,track_streets_of_detroit,Streets of Detroit,driver_nolan_allaer,Nolan Allaer,,contact,finish_position_17_laps_41,"Official INDY NXT result status reported ""Contact"" for Nolan Allaer.",official,official_incident_context,1,d4d96f43d7e734ba26b0bdefe7d2d3e6ec0096e36dc05af4008d5fc7acfe69fd
asset_indy_nxt_2024_6326_event_summary,media,series_indy_nxt,INDY NXT,2024,event_indy_nxt_2024_5482,Detroit Grand Prix,session_indy_nxt_2024_6326,race,Race,track_streets_of_detroit,Streets of Detroit,,,,pdf,link_only,Official INDY NXT session report for Detroit Grand Prix Race.,link_only,media_narrative_context,1,d4d96f43d7e734ba26b0bdefe7d2d3e6ec0096e36dc05af4008d5fc7acfe69fd
asset_indy_nxt_2024_6326_lap_chart,media,series_indy_nxt,INDY NXT,2024,event_indy_nxt_2024_5482,Detroit Grand Prix,session_indy_nxt_2024_6326,race,Race,track_streets_of_detroit,Streets of Detroit,,,,pdf,link_only,Official INDY NXT session report for Detroit Grand Prix Race.,link_only,media_narrative_context,1,d4d96f43d7e734ba26b0bdefe7d2d3e6ec0096e36dc05af4008d5fc7acfe69fd
asset_indy_nxt_2024_6326_leader_lap_summary,media,series_indy_nxt,INDY NXT,2024,event_indy_nxt_2024_5482,Detroit Grand Prix,session_indy_nxt_2024_6326,race,Race,track_streets_of_detroit,Streets of Detroit,,,,pdf,link_only,Official INDY NXT session report for Detroit Grand Prix Race.,link_only,media_narrative_context,1,d4d96f43d7e734ba26b0bdefe7d2d3e6ec0096e36dc05af4008d5fc7acfe69fd
asset_indy_nxt_2024_6326_results,media,series_indy_nxt,INDY NXT,2024,event_indy_nxt_2024_5482,Detroit Grand Prix,session_indy_nxt_2024_6326,race,Race,track_streets_of_detroit,Streets of Detroit,,,,pdf,link_only,Official INDY NXT session report for Detroit Grand Prix Race.,link_only,media_narrative_context,1,d4d96f43d7e734ba26b0bdefe7d2d3e6ec0096e36dc05af4008d5fc7acfe69fd
asset_indy_nxt_2024_6326_section_results,media,series_indy_nxt,INDY NXT,2024,event_indy_nxt_2024_5482,Detroit Grand Prix,session_indy_nxt_2024_6326,race,Race,track_streets_of_detroit,Streets of Detroit,,,,pdf,link_only,Official INDY NXT session report for Detroit Grand Prix Race.,link_only,media_narrative_context,1,d4d96f43d7e734ba26b0bdefe7d2d3e6ec0096e36dc05af4008d5fc7acfe69fd
asset_indy_nxt_2024_6326_top_section_times,media,series_indy_nxt,INDY NXT,2024,event_indy_nxt_2024_5482,Detroit Grand Prix,session_indy_nxt_2024_6326,race,Race,track_streets_of_detroit,Streets of Detroit,,,,pdf,link_only,Official INDY NXT session report for Detroit Grand Prix Race.,link_only,media_narrative_context,1,d4d96f43d7e734ba26b0bdefe7d2d3e6ec0096e36dc05af4008d5fc7acfe69fd
racecraft_indy_nxt_2024_6326_most_improved_driver_myles_rowe,racecraft,series_indy_nxt,INDY NXT,2024,event_indy_nxt_2024_5482,Detroit Grand Prix,session_indy_nxt_2024_6326,race,Race,track_streets_of_detroit,Streets of Detroit,driver_myles_rowe,Myles Rowe,,start_gain,P19 to P4,"Rowe, Myles was listed as Most Improved in the official Event Summary, improving 15 positions from P19 to P4.",official,official_racecraft_context,1,d4d96f43d7e734ba26b0bdefe7d2d3e6ec0096e36dc05af4008d5fc7acfe69fd
weather_indy_nxt_open_meteo_session_indy_nxt_2024_6326,weather,series_indy_nxt,INDY NXT,2024,event_indy_nxt_2024_5482,Detroit Grand Prix,session_indy_nxt_2024_6326,race,Race,track_streets_of_detroit,Streets of Detroit,,,,grid_reanalysis,wet; light_drizzle,wet / light_drizzle; ambient 19C (Open-Meteo Historical Weather API hourly archive),modeled_medium,modeled_weather_context,1,d4d96f43d7e734ba26b0bdefe7d2d3e6ec0096e36dc05af4008d5fc7acfe69fd
asset_indy_nxt_2024_6391_results,media,series_indy_nxt,INDY NXT,2024,event_indy_nxt_2024_5482,Detroit Grand Prix,session_indy_nxt_2024_6391,practice,Practice 1,track_streets_of_detroit,Streets of Detroit,,,,pdf,link_only,Official INDY NXT session report for Detroit Grand Prix Practice 1.,link_only,media_narrative_context,1,d4d96f43d7e734ba26b0bdefe7d2d3e6ec0096e36dc05af4008d5fc7acfe69fd
asset_indy_nxt_2024_6391_section_results,media,series_indy_nxt,INDY NXT,2024,event_indy_nxt_2024_5482,Detroit Grand Prix,session_indy_nxt_2024_6391,practice,Practice 1,track_streets_of_detroit,Streets of Detroit,,,,pdf,link_only,Official INDY NXT session report for Detroit Grand Prix Practice 1.,link_only,media_narrative_context,1,d4d96f43d7e734ba26b0bdefe7d2d3e6ec0096e36dc05af4008d5fc7acfe69fd
asset_indy_nxt_2024_6391_top_section_times,media,series_indy_nxt,INDY NXT,2024,event_indy_nxt_2024_5482,Detroit Grand Prix,session_indy_nxt_2024_6391,practice,Practice 1,track_streets_of_detroit,Streets of Detroit,,,,pdf,link_only,Official INDY NXT session report for Detroit Grand Prix Practice 1.,link_only,media_narrative_context,1,d4d96f43d7e734ba26b0bdefe7d2d3e6ec0096e36dc05af4008d5fc7acfe69fd
weather_indy_nxt_open_meteo_session_indy_nxt_2024_6391,weather,series_indy_nxt,INDY NXT,2024,event_indy_nxt_2024_5482,Detroit Grand Prix,session_indy_nxt_2024_6391,practice,Practice 1,track_streets_of_detroit,Streets of Detroit,,,,grid_reanalysis,dry; clear_sky,dry / clear_sky; ambient 21.8C (Open-Meteo Historical Weather API hourly archive),modeled_medium,modeled_weather_context,1,d4d96f43d7e734ba26b0bdefe7d2d3e6ec0096e36dc05af4008d5fc7acfe69fd
asset_indy_nxt_2024_6392_combined_results,media,series_indy_nxt,INDY NXT,2024,event_indy_nxt_2024_5482,Detroit Grand Prix,session_indy_nxt_2024_6392,practice,Practice 2,track_streets_of_detroit,Streets of Detroit,,,,pdf,link_only,Official INDY NXT session report for Detroit Grand Prix Practice 2.,link_only,media_narrative_context,1,d4d96f43d7e734ba26b0bdefe7d2d3e6ec0096e36dc05af4008d5fc7acfe69fd
asset_indy_nxt_2024_6392_results,media,series_indy_nxt,INDY NXT,2024,event_indy_nxt_2024_5482,Detroit Grand Prix,session_indy_nxt_2024_6392,practice,Practice 2,track_streets_of_detroit,Streets of Detroit,,,,pdf,link_only,Official INDY NXT session report for Detroit Grand Prix Practice 2.,link_only,media_narrative_context,1,d4d96f43d7e734ba26b0bdefe7d2d3e6ec0096e36dc05af4008d5fc7acfe69fd
asset_indy_nxt_2024_6392_section_results,media,series_indy_nxt,INDY NXT,2024,event_indy_nxt_2024_5482,Detroit Grand Prix,session_indy_nxt_2024_6392,practice,Practice 2,track_streets_of_detroit,Streets of Detroit,,,,pdf,link_only,Official INDY NXT session report for Detroit Grand Prix Practice 2.,link_only,media_narrative_context,1,d4d96f43d7e734ba26b0bdefe7d2d3e6ec0096e36dc05af4008d5fc7acfe69fd
asset_indy_nxt_2024_6392_top_section_times,media,series_indy_nxt,INDY NXT,2024,event_indy_nxt_2024_5482,Detroit Grand Prix,session_indy_nxt_2024_6392,practice,Practice 2,track_streets_of_detroit,Streets of Detroit,,,,pdf,link_only,Official INDY NXT session report for Detroit Grand Prix Practice 2.,link_only,media_narrative_context,1,d4d96f43d7e734ba26b0bdefe7d2d3e6ec0096e36dc05af4008d5fc7acfe69fd
weather_indy_nxt_open_meteo_session_indy_nxt_2024_6392,weather,series_indy_nxt,INDY NXT,2024,event_indy_nxt_2024_5482,Detroit Grand Prix,session_indy_nxt_2024_6392,practice,Practice 2,track_streets_of_detroit,Streets of Detroit,,,,grid_reanalysis,dry; overcast,dry / overcast; ambient 16.9C (Open-Meteo Historical Weather API hourly archive),modeled_medium,modeled_weather_context,1,d4d96f43d7e734ba26b0bdefe7d2d3e6ec0096e36dc05af4008d5fc7acfe69fd
asset_indy_nxt_2024_6393_overall_results,media,series_indy_nxt,INDY NXT,2024,event_indy_nxt_2024_5482,Detroit Grand Prix,session_indy_nxt_2024_6393,qualifying,Qualifications - Group 1,track_streets_of_detroit,Streets of Detroit,,,,pdf,link_only,Official INDY NXT session report for Detroit Grand Prix Qualifications - Group 1.,link_only,media_narrative_context,1,d4d96f43d7e734ba26b0bdefe7d2d3e6ec0096e36dc05af4008d5fc7acfe69fd
asset_indy_nxt_2024_6393_results,media,series_indy_nxt,INDY NXT,2024,event_indy_nxt_2024_5482,Detroit Grand Prix,session_indy_nxt_2024_6393,qualifying,Qualifications - Group 1,track_streets_of_detroit,Streets of Detroit,,,,pdf,link_only,Official INDY NXT session report for Detroit Grand Prix Qualifications - Group 1.,link_only,media_narrative_context,1,d4d96f43d7e734ba26b0bdefe7d2d3e6ec0096e36dc05af4008d5fc7acfe69fd
asset_indy_nxt_2024_6393_section_results,media,series_indy_nxt,INDY NXT,2024,event_indy_nxt_2024_5482,Detroit Grand Prix,session_indy_nxt_2024_6393,qualifying,Qualifications - Group 1,track_streets_of_detroit,Streets of Detroit,,,,pdf,link_only,Official INDY NXT session report for Detroit Grand Prix Qualifications - Group 1.,link_only,media_narrative_context,1,d4d96f43d7e734ba26b0bdefe7d2d3e6ec0096e36dc05af4008d5fc7acfe69fd
asset_indy_nxt_2024_6393_top_section_times,media,series_indy_nxt,INDY NXT,2024,event_indy_nxt_2024_5482,Detroit Grand Prix,session_indy_nxt_2024_6393,qualifying,Qualifications - Group 1,track_streets_of_detroit,Streets of Detroit,,,,pdf,link_only,Official INDY NXT session report for Detroit Grand Prix Qualifications - Group 1.,link_only,media_narrative_context,1,d4d96f43d7e734ba26b0bdefe7d2d3e6ec0096e36dc05af4008d5fc7acfe69fd
asset_indy_nxt_2024_6394_overall_results,media,series_indy_nxt,INDY NXT,2024,event_indy_nxt_2024_5482,Detroit Grand Prix,session_indy_nxt_2024_6394,qualifying,Qualifications - Group 2,track_streets_of_detroit,Streets of Detroit,,,,pdf,link_only,Official INDY NXT session report for Detroit Grand Prix Qualifications - Group 2.,link_only,media_narrative_context,1,d4d96f43d7e734ba26b0bdefe7d2d3e6ec0096e36dc05af4008d5fc7acfe69fd
asset_indy_nxt_2024_6394_results,media,series_indy_nxt,INDY NXT,2024,event_indy_nxt_2024_5482,Detroit Grand Prix,session_indy_nxt_2024_6394,qualifying,Qualifications - Group 2,track_streets_of_detroit,Streets of Detroit,,,,pdf,link_only,Official INDY NXT session report for Detroit Grand Prix Qualifications - Group 2.,link_only,media_narrative_context,1,d4d96f43d7e734ba26b0bdefe7d2d3e6ec0096e36dc05af4008d5fc7acfe69fd
asset_indy_nxt_2024_6394_section_results,media,series_indy_nxt,INDY NXT,2024,event_indy_nxt_2024_5482,Detroit Grand Prix,session_indy_nxt_2024_6394,qualifying,Qualifications - Group 2,track_streets_of_detroit,Streets of Detroit,,,,pdf,link_only,Official INDY NXT session report for Detroit Grand Prix Qualifications - Group 2.,link_only,media_narrative_context,1,d4d96f43d7e734ba26b0bdefe7d2d3e6ec0096e36dc05af4008d5fc7acfe69fd
asset_indy_nxt_2024_6394_top_section_times,media,series_indy_nxt,INDY NXT,2024,event_indy_nxt_2024_5482,Detroit Grand Prix,session_indy_nxt_2024_6394,qualifying,Qualifications - Group 2,track_streets_of_detroit,Streets of Detroit,,,,pdf,link_only,Official INDY NXT session report for Detroit Grand Prix Qualifications - Group 2.,link_only,media_narrative_context,1,d4d96f43d7e734ba26b0bdefe7d2d3e6ec0096e36dc05af4008d5fc7acfe69fd
incident_indy_nxt_caution_2024_6318_1,incident,series_indy_nxt,INDY NXT,2024,event_indy_nxt_2024_5474,Grand Prix at Mid-Ohio,session_indy_nxt_2024_6318,race,Race,track_mid_ohio_sports_car_course,Mid-Ohio Sports Car Course,,,1,caution_contact,caution_laps_1_to_3_duration_3,"Official caution 1 ran from lap 1 to lap 3 for Contact: Cars 21, 27, 28 and 40 in Turn 4.",official,official_incident_context,1,d4d96f43d7e734ba26b0bdefe7d2d3e6ec0096e36dc05af4008d5fc7acfe69fd
incident_indy_nxt_status_2024_6318_driver_myles_rowe,incident,series_indy_nxt,INDY NXT,2024,event_indy_nxt_2024_5474,Grand Prix at Mid-Ohio,session_indy_nxt_2024_6318,race,Race,track_mid_ohio_sports_car_course,Mid-Ohio Sports Car Course,driver_myles_rowe,Myles Rowe,,mechanical,finish_position_19_laps_6,"Official INDY NXT result status reported ""Mechanical"" for Myles Rowe.",official,official_incident_context,1,d4d96f43d7e734ba26b0bdefe7d2d3e6ec0096e36dc05af4008d5fc7acfe69fd
asset_indy_nxt_2024_6318_event_summary,media,series_indy_nxt,INDY NXT,2024,event_indy_nxt_2024_5474,Grand Prix at Mid-Ohio,session_indy_nxt_2024_6318,race,Race,track_mid_ohio_sports_car_course,Mid-Ohio Sports Car Course,,,,pdf,link_only,Official INDY NXT session report for Grand Prix at Mid-Ohio Race.,link_only,media_narrative_context,1,d4d96f43d7e734ba26b0bdefe7d2d3e6ec0096e36dc05af4008d5fc7acfe69fd
asset_indy_nxt_2024_6318_lap_chart,media,series_indy_nxt,INDY NXT,2024,event_indy_nxt_2024_5474,Grand Prix at Mid-Ohio,session_indy_nxt_2024_6318,race,Race,track_mid_ohio_sports_car_course,Mid-Ohio Sports Car Course,,,,pdf,link_only,Official INDY NXT session report for Grand Prix at Mid-Ohio Race.,link_only,media_narrative_context,1,d4d96f43d7e734ba26b0bdefe7d2d3e6ec0096e36dc05af4008d5fc7acfe69fd
asset_indy_nxt_2024_6318_leader_lap_summary,media,series_indy_nxt,INDY NXT,2024,event_indy_nxt_2024_5474,Grand Prix at Mid-Ohio,session_indy_nxt_2024_6318,race,Race,track_mid_ohio_sports_car_course,Mid-Ohio Sports Car Course,,,,pdf,link_only,Official INDY NXT session report for Grand Prix at Mid-Ohio Race.,link_only,media_narrative_context,1,d4d96f43d7e734ba26b0bdefe7d2d3e6ec0096e36dc05af4008d5fc7acfe69fd
asset_indy_nxt_2024_6318_results,media,series_indy_nxt,INDY NXT,2024,event_indy_nxt_2024_5474,Grand Prix at Mid-Ohio,session_indy_nxt_2024_6318,race,Race,track_mid_ohio_sports_car_course,Mid-Ohio Sports Car Course,,,,pdf,link_only,Official INDY NXT session report for Grand Prix at Mid-Ohio Race.,link_only,media_narrative_context,1,d4d96f43d7e734ba26b0bdefe7d2d3e6ec0096e36dc05af4008d5fc7acfe69fd
asset_indy_nxt_2024_6318_section_results,media,series_indy_nxt,INDY NXT,2024,event_indy_nxt_2024_5474,Grand Prix at Mid-Ohio,session_indy_nxt_2024_6318,race,Race,track_mid_ohio_sports_car_course,Mid-Ohio Sports Car Course,,,,pdf,link_only,Official INDY NXT session report for Grand Prix at Mid-Ohio Race.,link_only,media_narrative_context,1,d4d96f43d7e734ba26b0bdefe7d2d3e6ec0096e36dc05af4008d5fc7acfe69fd
asset_indy_nxt_2024_6318_top_section_times,media,series_indy_nxt,INDY NXT,2024,event_indy_nxt_2024_5474,Grand Prix at Mid-Ohio,session_indy_nxt_2024_6318,race,Race,track_mid_ohio_sports_car_course,Mid-Ohio Sports Car Course,,,,pdf,link_only,Official INDY NXT session report for Grand Prix at Mid-Ohio Race.,link_only,media_narrative_context,1,d4d96f43d7e734ba26b0bdefe7d2d3e6ec0096e36dc05af4008d5fc7acfe69fd
racecraft_indy_nxt_2024_6318_most_improved_driver_jack_william_miller,racecraft,series_indy_nxt,INDY NXT,2024,event_indy_nxt_2024_5474,Grand Prix at Mid-Ohio,session_indy_nxt_2024_6318,race,Race,track_mid_ohio_sports_car_course,Mid-Ohio Sports Car Course,driver_jack_william_miller,Jack William Miller,,start_gain,P18 to P12,"Miller, Jack William was listed as Most Improved in the official Event Summary, improving 6 positions from P18 to P12.",official,official_racecraft_context,1,d4d96f43d7e734ba26b0bdefe7d2d3e6ec0096e36dc05af4008d5fc7acfe69fd
weather_indy_nxt_open_meteo_session_indy_nxt_2024_6318,weather,series_indy_nxt,INDY NXT,2024,event_indy_nxt_2024_5474,Grand Prix at Mid-Ohio,session_indy_nxt_2024_6318,race,Race,track_mid_ohio_sports_car_course,Mid-Ohio Sports Car Course,,,,grid_reanalysis,dry; clear_sky,dry / clear_sky; ambient 25.2C (Open-Meteo Historical Weather API hourly archive),modeled_medium,modeled_weather_context,1,d4d96f43d7e734ba26b0bdefe7d2d3e6ec0096e36dc05af4008d5fc7acfe69fd
asset_indy_nxt_2024_6426_results,media,series_indy_nxt,INDY NXT,2024,event_indy_nxt_2024_5474,Grand Prix at Mid-Ohio,session_indy_nxt_2024_6426,practice,Practice 1,track_mid_ohio_sports_car_course,Mid-Ohio Sports Car Course,,,,pdf,link_only,Official INDY NXT session report for Grand Prix at Mid-Ohio Practice 1.,link_only,media_narrative_context,1,d4d96f43d7e734ba26b0bdefe7d2d3e6ec0096e36dc05af4008d5fc7acfe69fd
asset_indy_nxt_2024_6426_section_results,media,series_indy_nxt,INDY NXT,2024,event_indy_nxt_2024_5474,Grand Prix at Mid-Ohio,session_indy_nxt_2024_6426,practice,Practice 1,track_mid_ohio_sports_car_course,Mid-Ohio Sports Car Course,,,,pdf,link_only,Official INDY NXT session report for Grand Prix at Mid-Ohio Practice 1.,link_only,media_narrative_context,1,d4d96f43d7e734ba26b0bdefe7d2d3e6ec0096e36dc05af4008d5fc7acfe69fd
asset_indy_nxt_2024_6426_top_section_times,media,series_indy_nxt,INDY NXT,2024,event_indy_nxt_2024_5474,Grand Prix at Mid-Ohio,session_indy_nxt_2024_6426,practice,Practice 1,track_mid_ohio_sports_car_course,Mid-Ohio Sports Car Course,,,,pdf,link_only,Official INDY NXT session report for Grand Prix at Mid-Ohio Practice 1.,link_only,media_narrative_context,1,d4d96f43d7e734ba26b0bdefe7d2d3e6ec0096e36dc05af4008d5fc7acfe69fd
weather_indy_nxt_open_meteo_session_indy_nxt_2024_6426,weather,series_indy_nxt,INDY NXT,2024,event_indy_nxt_2024_5474,Grand Prix at Mid-Ohio,session_indy_nxt_2024_6426,practice,Practice 1,track_mid_ohio_sports_car_course,Mid-Ohio Sports Car Course,,,,grid_reanalysis,dry; overcast,dry / overcast; ambient 26.9C (Open-Meteo Historical Weather API hourly archive),modeled_medium,modeled_weather_context,1,d4d96f43d7e734ba26b0bdefe7d2d3e6ec0096e36dc05af4008d5fc7acfe69fd
asset_indy_nxt_2024_6427_combined_results,media,series_indy_nxt,INDY NXT,2024,event_indy_nxt_2024_5474,Grand Prix at Mid-Ohio,session_indy_nxt_2024_6427,practice,Practice 2,track_mid_ohio_sports_car_course,Mid-Ohio Sports Car Course,,,,pdf,link_only,Official INDY NXT session report for Grand Prix at Mid-Ohio Practice 2.,link_only,media_narrative_context,1,d4d96f43d7e734ba26b0bdefe7d2d3e6ec0096e36dc05af4008d5fc7acfe69fd
asset_indy_nxt_2024_6427_results,media,series_indy_nxt,INDY NXT,2024,event_indy_nxt_2024_5474,Grand Prix at Mid-Ohio,session_indy_nxt_2024_6427,practice,Practice 2,track_mid_ohio_sports_car_course,Mid-Ohio Sports Car Course,,,,pdf,link_only,Official INDY NXT session report for Grand Prix at Mid-Ohio Practice 2.,link_only,media_narrative_context,1,d4d96f43d7e734ba26b0bdefe7d2d3e6ec0096e36dc05af4008d5fc7acfe69fd
asset_indy_nxt_2024_6427_section_results,media,series_indy_nxt,INDY NXT,2024,event_indy_nxt_2024_5474,Grand Prix at Mid-Ohio,session_indy_nxt_2024_6427,practice,Practice 2,track_mid_ohio_sports_car_course,Mid-Ohio Sports Car Course,,,,pdf,link_only,Official INDY NXT session report for Grand Prix at Mid-Ohio Practice 2.,link_only,media_narrative_context,1,d4d96f43d7e734ba26b0bdefe7d2d3e6ec0096e36dc05af4008d5fc7acfe69fd
asset_indy_nxt_2024_6427_top_section_times,media,series_indy_nxt,INDY NXT,2024,event_indy_nxt_2024_5474,Grand Prix at Mid-Ohio,session_indy_nxt_2024_6427,practice,Practice 2,track_mid_ohio_sports_car_course,Mid-Ohio Sports Car Course,,,,pdf,link_only,Official INDY NXT session report for Grand Prix at Mid-Ohio Practice 2.,link_only,media_narrative_context,1,d4d96f43d7e734ba26b0bdefe7d2d3e6ec0096e36dc05af4008d5fc7acfe69fd
weather_indy_nxt_open_meteo_session_indy_nxt_2024_6427,weather,series_indy_nxt,INDY NXT,2024,event_indy_nxt_2024_5474,Grand Prix at Mid-Ohio,session_indy_nxt_2024_6427,practice,Practice 2,track_mid_ohio_sports_car_course,Mid-Ohio Sports Car Course,,,,grid_reanalysis,dry; mainly_clear,dry / mainly_clear; ambient 22.4C (Open-Meteo Historical Weather API hourly archive),modeled_medium,modeled_weather_context,1,d4d96f43d7e734ba26b0bdefe7d2d3e6ec0096e36dc05af4008d5fc7acfe69fd
asset_indy_nxt_2024_6428_overall_results,media,series_indy_nxt,INDY NXT,2024,event_indy_nxt_2024_5474,Grand Prix at Mid-Ohio,session_indy_nxt_2024_6428,qualifying,Qualifications - Group 1,track_mid_ohio_sports_car_course,Mid-Ohio Sports Car Course,,,,pdf,link_only,Official INDY NXT session report for Grand Prix at Mid-Ohio Qualifications - Group 1.,link_only,media_narrative_context,1,d4d96f43d7e734ba26b0bdefe7d2d3e6ec0096e36dc05af4008d5fc7acfe69fd
asset_indy_nxt_2024_6428_results,media,series_indy_nxt,INDY NXT,2024,event_indy_nxt_2024_5474,Grand Prix at Mid-Ohio,session_indy_nxt_2024_6428,qualifying,Qualifications - Group 1,track_mid_ohio_sports_car_course,Mid-Ohio Sports Car Course,,,,pdf,link_only,Official INDY NXT session report for Grand Prix at Mid-Ohio Qualifications - Group 1.,link_only,media_narrative_context,1,d4d96f43d7e734ba26b0bdefe7d2d3e6ec0096e36dc05af4008d5fc7acfe69fd
asset_indy_nxt_2024_6428_section_results,media,series_indy_nxt,INDY NXT,2024,event_indy_nxt_2024_5474,Grand Prix at Mid-Ohio,session_indy_nxt_2024_6428,qualifying,Qualifications - Group 1,track_mid_ohio_sports_car_course,Mid-Ohio Sports Car Course,,,,pdf,link_only,Official INDY NXT session report for Grand Prix at Mid-Ohio Qualifications - Group 1.,link_only,media_narrative_context,1,d4d96f43d7e734ba26b0bdefe7d2d3e6ec0096e36dc05af4008d5fc7acfe69fd
asset_indy_nxt_2024_6428_top_section_times,media,series_indy_nxt,INDY NXT,2024,event_indy_nxt_2024_5474,Grand Prix at Mid-Ohio,session_indy_nxt_2024_6428,qualifying,Qualifications - Group 1,track_mid_ohio_sports_car_course,Mid-Ohio Sports Car Course,,,,pdf,link_only,Official INDY NXT session report for Grand Prix at Mid-Ohio Qualifications - Group 1.,link_only,media_narrative_context,1,d4d96f43d7e734ba26b0bdefe7d2d3e6ec0096e36dc05af4008d5fc7acfe69fd
asset_indy_nxt_2024_6429_overall_results,media,series_indy_nxt,INDY NXT,2024,event_indy_nxt_2024_5474,Grand Prix at Mid-Ohio,session_indy_nxt_2024_6429,qualifying,Qualifications - Group 2,track_mid_ohio_sports_car_course,Mid-Ohio Sports Car Course,,,,pdf,link_only,Official INDY NXT session report for Grand Prix at Mid-Ohio Qualifications - Group 2.,link_only,media_narrative_context,1,d4d96f43d7e734ba26b0bdefe7d2d3e6ec0096e36dc05af4008d5fc7acfe69fd
asset_indy_nxt_2024_6429_results,media,series_indy_nxt,INDY NXT,2024,event_indy_nxt_2024_5474,Grand Prix at Mid-Ohio,session_indy_nxt_2024_6429,qualifying,Qualifications - Group 2,track_mid_ohio_sports_car_course,Mid-Ohio Sports Car Course,,,,pdf,link_only,Official INDY NXT session report for Grand Prix at Mid-Ohio Qualifications - Group 2.,link_only,media_narrative_context,1,d4d96f43d7e734ba26b0bdefe7d2d3e6ec0096e36dc05af4008d5fc7acfe69fd
asset_indy_nxt_2024_6429_section_results,media,series_indy_nxt,INDY NXT,2024,event_indy_nxt_2024_5474,Grand Prix at Mid-Ohio,session_indy_nxt_2024_6429,qualifying,Qualifications - Group 2,track_mid_ohio_sports_car_course,Mid-Ohio Sports Car Course,,,,pdf,link_only,Official INDY NXT session report for Grand Prix at Mid-Ohio Qualifications - Group 2.,link_only,media_narrative_context,1,d4d96f43d7e734ba26b0bdefe7d2d3e6ec0096e36dc05af4008d5fc7acfe69fd
asset_indy_nxt_2024_6429_top_section_times,media,series_indy_nxt,INDY NXT,2024,event_indy_nxt_2024_5474,Grand Prix at Mid-Ohio,session_indy_nxt_2024_6429,qualifying,Qualifications - Group 2,track_mid_ohio_sports_car_course,Mid-Ohio Sports Car Course,,,,pdf,link_only,Official INDY NXT session report for Grand Prix at Mid-Ohio Qualifications - Group 2.,link_only,media_narrative_context,1,d4d96f43d7e734ba26b0bdefe7d2d3e6ec0096e36dc05af4008d5fc7acfe69fd
incident_indy_nxt_caution_2024_6316_1,incident,series_indy_nxt,INDY NXT,2024,event_indy_nxt_2024_5472,Grand Prix at Road America,session_indy_nxt_2024_6316,race,Race,track_road_america,Road America,,,3,caution_contact,caution_laps_3_to_4_duration_2,Official caution 1 ran from lap 3 to lap 4 for Contact: Cars 29 and 39 in Turn 7.,official,official_incident_context,1,d4d96f43d7e734ba26b0bdefe7d2d3e6ec0096e36dc05af4008d5fc7acfe69fd
penalty_indy_nxt_2024_6316_car_39_lap_6_drive_through,penalty,series_indy_nxt,INDY NXT,2024,event_indy_nxt_2024_5472,Grand Prix at Road America,session_indy_nxt_2024_6316,race,Race,track_road_america,Road America,driver_kiko_porto,Kiko Porto,6,drive_through,drive_through,drive_through: Avoidable Contact,official,official_penalty_context,1,d4d96f43d7e734ba26b0bdefe7d2d3e6ec0096e36dc05af4008d5fc7acfe69fd
incident_indy_nxt_caution_2024_6316_2,incident,series_indy_nxt,INDY NXT,2024,event_indy_nxt_2024_5472,Grand Prix at Road America,session_indy_nxt_2024_6316,race,Race,track_road_america,Road America,driver_salvador_de_alba,Salvador de Alba,10,caution_off_course,caution_laps_10_to_10_duration_1,Official caution 2 ran from lap 10 to lap 10 for Off Course: Car 2 in Turn 14.,official,official_incident_context,1,d4d96f43d7e734ba26b0bdefe7d2d3e6ec0096e36dc05af4008d5fc7acfe69fd
incident_indy_nxt_caution_2024_6316_3,incident,series_indy_nxt,INDY NXT,2024,event_indy_nxt_2024_5472,Grand Prix at Road America,session_indy_nxt_2024_6316,race,Race,track_road_america,Road America,,,16,caution_contact,caution_laps_16_to_16_duration_1,Official caution 3 ran from lap 16 to lap 16 for Contact: Car 21 and 99 in Turn 1.,official,official_incident_context,1,d4d96f43d7e734ba26b0bdefe7d2d3e6ec0096e36dc05af4008d5fc7acfe69fd
incident_indy_nxt_status_2024_6316_driver_jordan_missig,incident,series_indy_nxt,INDY NXT,2024,event_indy_nxt_2024_5472,Grand Prix at Road America,session_indy_nxt_2024_6316,race,Race,track_road_america,Road America,driver_jordan_missig,Jordan Missig,,contact,finish_position_20_laps_16,"Official INDY NXT result status reported ""Contact"" for Jordan Missig.",official,official_incident_context,1,d4d96f43d7e734ba26b0bdefe7d2d3e6ec0096e36dc05af4008d5fc7acfe69fd
incident_indy_nxt_status_2024_6316_driver_myles_rowe,incident,series_indy_nxt,INDY NXT,2024,event_indy_nxt_2024_5472,Grand Prix at Road America,session_indy_nxt_2024_6316,race,Race,track_road_america,Road America,driver_myles_rowe,Myles Rowe,,contact,finish_position_19_laps_16,"Official INDY NXT result status reported ""Contact"" for Myles Rowe.",official,official_incident_context,1,d4d96f43d7e734ba26b0bdefe7d2d3e6ec0096e36dc05af4008d5fc7acfe69fd
incident_indy_nxt_status_2024_6316_driver_salvador_de_alba,incident,series_indy_nxt,INDY NXT,2024,event_indy_nxt_2024_5472,Grand Prix at Road America,session_indy_nxt_2024_6316,race,Race,track_road_america,Road America,driver_salvador_de_alba,Salvador de Alba,,mechanical,finish_position_21_laps_8,"Official INDY NXT result status reported ""Mechanical"" for Salvador de Alba.",official,official_incident_context,1,d4d96f43d7e734ba26b0bdefe7d2d3e6ec0096e36dc05af4008d5fc7acfe69fd
asset_indy_nxt_2024_6316_event_summary,media,series_indy_nxt,INDY NXT,2024,event_indy_nxt_2024_5472,Grand Prix at Road America,session_indy_nxt_2024_6316,race,Race,track_road_america,Road America,,,,pdf,link_only,Official INDY NXT session report for Grand Prix at Road America Race.,link_only,media_narrative_context,1,d4d96f43d7e734ba26b0bdefe7d2d3e6ec0096e36dc05af4008d5fc7acfe69fd
asset_indy_nxt_2024_6316_lap_chart,media,series_indy_nxt,INDY NXT,2024,event_indy_nxt_2024_5472,Grand Prix at Road America,session_indy_nxt_2024_6316,race,Race,track_road_america,Road America,,,,pdf,link_only,Official INDY NXT session report for Grand Prix at Road America Race.,link_only,media_narrative_context,1,d4d96f43d7e734ba26b0bdefe7d2d3e6ec0096e36dc05af4008d5fc7acfe69fd
asset_indy_nxt_2024_6316_leader_lap_summary,media,series_indy_nxt,INDY NXT,2024,event_indy_nxt_2024_5472,Grand Prix at Road America,session_indy_nxt_2024_6316,race,Race,track_road_america,Road America,,,,pdf,link_only,Official INDY NXT session report for Grand Prix at Road America Race.,link_only,media_narrative_context,1,d4d96f43d7e734ba26b0bdefe7d2d3e6ec0096e36dc05af4008d5fc7acfe69fd
asset_indy_nxt_2024_6316_results,media,series_indy_nxt,INDY NXT,2024,event_indy_nxt_2024_5472,Grand Prix at Road America,session_indy_nxt_2024_6316,race,Race,track_road_america,Road America,,,,pdf,link_only,Official INDY NXT session report for Grand Prix at Road America Race.,link_only,media_narrative_context,1,d4d96f43d7e734ba26b0bdefe7d2d3e6ec0096e36dc05af4008d5fc7acfe69fd
asset_indy_nxt_2024_6316_section_results,media,series_indy_nxt,INDY NXT,2024,event_indy_nxt_2024_5472,Grand Prix at Road America,session_indy_nxt_2024_6316,race,Race,track_road_america,Road America,,,,pdf,link_only,Official INDY NXT session report for Grand Prix at Road America Race.,link_only,media_narrative_context,1,d4d96f43d7e734ba26b0bdefe7d2d3e6ec0096e36dc05af4008d5fc7acfe69fd
asset_indy_nxt_2024_6316_top_section_times,media,series_indy_nxt,INDY NXT,2024,event_indy_nxt_2024_5472,Grand Prix at Road America,session_indy_nxt_2024_6316,race,Race,track_road_america,Road America,,,,pdf,link_only,Official INDY NXT session report for Grand Prix at Road America Race.,link_only,media_narrative_context,1,d4d96f43d7e734ba26b0bdefe7d2d3e6ec0096e36dc05af4008d5fc7acfe69fd
racecraft_indy_nxt_2024_6316_most_improved_driver_niels_koolen,racecraft,series_indy_nxt,INDY NXT,2024,event_indy_nxt_2024_5472,Grand Prix at Road America,session_indy_nxt_2024_6316,race,Race,track_road_america,Road America,driver_niels_koolen,Niels Koolen,,start_gain,P20 to P13,"Koolen, Niels was listed as Most Improved in the official Event Summary, improving 7 positions from P20 to P13.",official,official_racecraft_context,1,d4d96f43d7e734ba26b0bdefe7d2d3e6ec0096e36dc05af4008d5fc7acfe69fd
weather_indy_nxt_open_meteo_session_indy_nxt_2024_6316,weather,series_indy_nxt,INDY NXT,2024,event_indy_nxt_2024_5472,Grand Prix at Road America,session_indy_nxt_2024_6316,race,Race,track_road_america,Road America,,,,grid_reanalysis,dry; mainly_clear,dry / mainly_clear; ambient 21.6C (Open-Meteo Historical Weather API hourly archive),modeled_medium,modeled_weather_context,1,d4d96f43d7e734ba26b0bdefe7d2d3e6ec0096e36dc05af4008d5fc7acfe69fd
asset_indy_nxt_2024_6402_results,media,series_indy_nxt,INDY NXT,2024,event_indy_nxt_2024_5472,Grand Prix at Road America,session_indy_nxt_2024_6402,practice,Practice 1,track_road_america,Road America,,,,pdf,link_only,Official INDY NXT session report for Grand Prix at Road America Practice 1.,link_only,media_narrative_context,1,d4d96f43d7e734ba26b0bdefe7d2d3e6ec0096e36dc05af4008d5fc7acfe69fd
asset_indy_nxt_2024_6402_section_results,media,series_indy_nxt,INDY NXT,2024,event_indy_nxt_2024_5472,Grand Prix at Road America,session_indy_nxt_2024_6402,practice,Practice 1,track_road_america,Road America,,,,pdf,link_only,Official INDY NXT session report for Grand Prix at Road America Practice 1.,link_only,media_narrative_context,1,d4d96f43d7e734ba26b0bdefe7d2d3e6ec0096e36dc05af4008d5fc7acfe69fd
asset_indy_nxt_2024_6402_top_section_times,media,series_indy_nxt,INDY NXT,2024,event_indy_nxt_2024_5472,Grand Prix at Road America,session_indy_nxt_2024_6402,practice,Practice 1,track_road_america,Road America,,,,pdf,link_only,Official INDY NXT session report for Grand Prix at Road America Practice 1.,link_only,media_narrative_context,1,d4d96f43d7e734ba26b0bdefe7d2d3e6ec0096e36dc05af4008d5fc7acfe69fd
weather_indy_nxt_open_meteo_session_indy_nxt_2024_6402,weather,series_indy_nxt,INDY NXT,2024,event_indy_nxt_2024_5472,Grand Prix at Road America,session_indy_nxt_2024_6402,practice,Practice 1,track_road_america,Road America,,,,grid_reanalysis,dry; partly_cloudy,dry / partly_cloudy; ambient 20.6C (Open-Meteo Historical Weather API hourly archive),modeled_medium,modeled_weather_context,1,d4d96f43d7e734ba26b0bdefe7d2d3e6ec0096e36dc05af4008d5fc7acfe69fd
asset_indy_nxt_2024_6403_combined_results,media,series_indy_nxt,INDY NXT,2024,event_indy_nxt_2024_5472,Grand Prix at Road America,session_indy_nxt_2024_6403,practice,Practice 2,track_road_america,Road America,,,,pdf,link_only,Official INDY NXT session report for Grand Prix at Road America Practice 2.,link_only,media_narrative_context,1,d4d96f43d7e734ba26b0bdefe7d2d3e6ec0096e36dc05af4008d5fc7acfe69fd
asset_indy_nxt_2024_6403_results,media,series_indy_nxt,INDY NXT,2024,event_indy_nxt_2024_5472,Grand Prix at Road America,session_indy_nxt_2024_6403,practice,Practice 2,track_road_america,Road America,,,,pdf,link_only,Official INDY NXT session report for Grand Prix at Road America Practice 2.,link_only,media_narrative_context,1,d4d96f43d7e734ba26b0bdefe7d2d3e6ec0096e36dc05af4008d5fc7acfe69fd
asset_indy_nxt_2024_6403_section_results,media,series_indy_nxt,INDY NXT,2024,event_indy_nxt_2024_5472,Grand Prix at Road America,session_indy_nxt_2024_6403,practice,Practice 2,track_road_america,Road America,,,,pdf,link_only,Official INDY NXT session report for Grand Prix at Road America Practice 2.,link_only,media_narrative_context,1,d4d96f43d7e734ba26b0bdefe7d2d3e6ec0096e36dc05af4008d5fc7acfe69fd
asset_indy_nxt_2024_6403_top_section_times,media,series_indy_nxt,INDY NXT,2024,event_indy_nxt_2024_5472,Grand Prix at Road America,session_indy_nxt_2024_6403,practice,Practice 2,track_road_america,Road America,,,,pdf,link_only,Official INDY NXT session report for Grand Prix at Road America Practice 2.,link_only,media_narrative_context,1,d4d96f43d7e734ba26b0bdefe7d2d3e6ec0096e36dc05af4008d5fc7acfe69fd
weather_indy_nxt_open_meteo_session_indy_nxt_2024_6403,weather,series_indy_nxt,INDY NXT,2024,event_indy_nxt_2024_5472,Grand Prix at Road America,session_indy_nxt_2024_6403,practice,Practice 2,track_road_america,Road America,,,,grid_reanalysis,dry; partly_cloudy,dry / partly_cloudy; ambient 16.9C (Open-Meteo Historical Weather API hourly archive),modeled_medium,modeled_weather_context,1,d4d96f43d7e734ba26b0bdefe7d2d3e6ec0096e36dc05af4008d5fc7acfe69fd
asset_indy_nxt_2024_6404_overall_results,media,series_indy_nxt,INDY NXT,2024,event_indy_nxt_2024_5472,Grand Prix at Road America,session_indy_nxt_2024_6404,qualifying,Qualifications - Group 1,track_road_america,Road America,,,,pdf,link_only,Official INDY NXT session report for Grand Prix at Road America Qualifications - Group 1.,link_only,media_narrative_context,1,d4d96f43d7e734ba26b0bdefe7d2d3e6ec0096e36dc05af4008d5fc7acfe69fd
asset_indy_nxt_2024_6404_results,media,series_indy_nxt,INDY NXT,2024,event_indy_nxt_2024_5472,Grand Prix at Road America,session_indy_nxt_2024_6404,qualifying,Qualifications - Group 1,track_road_america,Road America,,,,pdf,link_only,Official INDY NXT session report for Grand Prix at Road America Qualifications - Group 1.,link_only,media_narrative_context,1,d4d96f43d7e734ba26b0bdefe7d2d3e6ec0096e36dc05af4008d5fc7acfe69fd
asset_indy_nxt_2024_6404_section_results,media,series_indy_nxt,INDY NXT,2024,event_indy_nxt_2024_5472,Grand Prix at Road America,session_indy_nxt_2024_6404,qualifying,Qualifications - Group 1,track_road_america,Road America,,,,pdf,link_only,Official INDY NXT session report for Grand Prix at Road America Qualifications - Group 1.,link_only,media_narrative_context,1,d4d96f43d7e734ba26b0bdefe7d2d3e6ec0096e36dc05af4008d5fc7acfe69fd
asset_indy_nxt_2024_6404_top_section_times,media,series_indy_nxt,INDY NXT,2024,event_indy_nxt_2024_5472,Grand Prix at Road America,session_indy_nxt_2024_6404,qualifying,Qualifications - Group 1,track_road_america,Road America,,,,pdf,link_only,Official INDY NXT session report for Grand Prix at Road America Qualifications - Group 1.,link_only,media_narrative_context,1,d4d96f43d7e734ba26b0bdefe7d2d3e6ec0096e36dc05af4008d5fc7acfe69fd
asset_indy_nxt_2024_6405_overall_results,media,series_indy_nxt,INDY NXT,2024,event_indy_nxt_2024_5472,Grand Prix at Road America,session_indy_nxt_2024_6405,qualifying,Qualifications - Group 2,track_road_america,Road America,,,,pdf,link_only,Official INDY NXT session report for Grand Prix at Road America Qualifications - Group 2.,link_only,media_narrative_context,1,d4d96f43d7e734ba26b0bdefe7d2d3e6ec0096e36dc05af4008d5fc7acfe69fd
asset_indy_nxt_2024_6405_results,media,series_indy_nxt,INDY NXT,2024,event_indy_nxt_2024_5472,Grand Prix at Road America,session_indy_nxt_2024_6405,qualifying,Qualifications - Group 2,track_road_america,Road America,,,,pdf,link_only,Official INDY NXT session report for Grand Prix at Road America Qualifications - Group 2.,link_only,media_narrative_context,1,d4d96f43d7e734ba26b0bdefe7d2d3e6ec0096e36dc05af4008d5fc7acfe69fd
asset_indy_nxt_2024_6405_section_results,media,series_indy_nxt,INDY NXT,2024,event_indy_nxt_2024_5472,Grand Prix at Road America,session_indy_nxt_2024_6405,qualifying,Qualifications - Group 2,track_road_america,Road America,,,,pdf,link_only,Official INDY NXT session report for Grand Prix at Road America Qualifications - Group 2.,link_only,media_narrative_context,1,d4d96f43d7e734ba26b0bdefe7d2d3e6ec0096e36dc05af4008d5fc7acfe69fd
asset_indy_nxt_2024_6405_top_section_times,media,series_indy_nxt,INDY NXT,2024,event_indy_nxt_2024_5472,Grand Prix at Road America,session_indy_nxt_2024_6405,qualifying,Qualifications - Group 2,track_road_america,Road America,,,,pdf,link_only,Official INDY NXT session report for Grand Prix at Road America Qualifications - Group 2.,link_only,media_narrative_context,1,d4d96f43d7e734ba26b0bdefe7d2d3e6ec0096e36dc05af4008d5fc7acfe69fd
incident_indy_nxt_caution_2024_6314_1,incident,series_indy_nxt,INDY NXT,2024,event_indy_nxt_2024_5470,Grand Prix of Alabama,session_indy_nxt_2024_6314,race,Race,track_barber_motorsports_park,Barber Motorsports Park,driver_yuven_sundaramoorthy,Yuven Sundaramoorthy,5,caution_off_course,caution_laps_5_to_5_duration_1,Official caution 1 ran from lap 5 to lap 5 for Off Course: Car 22 in Turn 14.,official,official_incident_context,1,d4d96f43d7e734ba26b0bdefe7d2d3e6ec0096e36dc05af4008d5fc7acfe69fd
incident_indy_nxt_caution_2024_6314_2,incident,series_indy_nxt,INDY NXT,2024,event_indy_nxt_2024_5470,Grand Prix of Alabama,session_indy_nxt_2024_6314,race,Race,track_barber_motorsports_park,Barber Motorsports Park,driver_jamie_chadwick,Jamie Chadwick,34,caution,caution_laps_34_to_35_duration_2,Official caution 2 ran from lap 34 to lap 35 for Spin: Car 28 in Turn 1.,official,official_incident_context,1,d4d96f43d7e734ba26b0bdefe7d2d3e6ec0096e36dc05af4008d5fc7acfe69fd
asset_indy_nxt_2024_6314_box_score,media,series_indy_nxt,INDY NXT,2024,event_indy_nxt_2024_5470,Grand Prix of Alabama,session_indy_nxt_2024_6314,race,Race,track_barber_motorsports_park,Barber Motorsports Park,,,,pdf,link_only,Official INDY NXT session report for Grand Prix of Alabama Race.,link_only,media_narrative_context,1,d4d96f43d7e734ba26b0bdefe7d2d3e6ec0096e36dc05af4008d5fc7acfe69fd
asset_indy_nxt_2024_6314_event_summary,media,series_indy_nxt,INDY NXT,2024,event_indy_nxt_2024_5470,Grand Prix of Alabama,session_indy_nxt_2024_6314,race,Race,track_barber_motorsports_park,Barber Motorsports Park,,,,pdf,link_only,Official INDY NXT session report for Grand Prix of Alabama Race.,link_only,media_narrative_context,1,d4d96f43d7e734ba26b0bdefe7d2d3e6ec0096e36dc05af4008d5fc7acfe69fd
asset_indy_nxt_2024_6314_lap_chart,media,series_indy_nxt,INDY NXT,2024,event_indy_nxt_2024_5470,Grand Prix of Alabama,session_indy_nxt_2024_6314,race,Race,track_barber_motorsports_park,Barber Motorsports Park,,,,pdf,link_only,Official INDY NXT session report for Grand Prix of Alabama Race.,link_only,media_narrative_context,1,d4d96f43d7e734ba26b0bdefe7d2d3e6ec0096e36dc05af4008d5fc7acfe69fd
asset_indy_nxt_2024_6314_leader_lap_summary,media,series_indy_nxt,INDY NXT,2024,event_indy_nxt_2024_5470,Grand Prix of Alabama,session_indy_nxt_2024_6314,race,Race,track_barber_motorsports_park,Barber Motorsports Park,,,,pdf,link_only,Official INDY NXT session report for Grand Prix of Alabama Race.,link_only,media_narrative_context,1,d4d96f43d7e734ba26b0bdefe7d2d3e6ec0096e36dc05af4008d5fc7acfe69fd
asset_indy_nxt_2024_6314_results,media,series_indy_nxt,INDY NXT,2024,event_indy_nxt_2024_5470,Grand Prix of Alabama,session_indy_nxt_2024_6314,race,Race,track_barber_motorsports_park,Barber Motorsports Park,,,,pdf,link_only,Official INDY NXT session report for Grand Prix of Alabama Race.,link_only,media_narrative_context,1,d4d96f43d7e734ba26b0bdefe7d2d3e6ec0096e36dc05af4008d5fc7acfe69fd
asset_indy_nxt_2024_6314_section_results,media,series_indy_nxt,INDY NXT,2024,event_indy_nxt_2024_5470,Grand Prix of Alabama,session_indy_nxt_2024_6314,race,Race,track_barber_motorsports_park,Barber Motorsports Park,,,,pdf,link_only,Official INDY NXT session report for Grand Prix of Alabama Race.,link_only,media_narrative_context,1,d4d96f43d7e734ba26b0bdefe7d2d3e6ec0096e36dc05af4008d5fc7acfe69fd
asset_indy_nxt_2024_6314_top_section_times,media,series_indy_nxt,INDY NXT,2024,event_indy_nxt_2024_5470,Grand Prix of Alabama,session_indy_nxt_2024_6314,race,Race,track_barber_motorsports_park,Barber Motorsports Park,,,,pdf,link_only,Official INDY NXT session report for Grand Prix of Alabama Race.,link_only,media_narrative_context,1,d4d96f43d7e734ba26b0bdefe7d2d3e6ec0096e36dc05af4008d5fc7acfe69fd
racecraft_indy_nxt_2024_6314_most_improved_driver_louis_foster,racecraft,series_indy_nxt,INDY NXT,2024,event_indy_nxt_2024_5470,Grand Prix of Alabama,session_indy_nxt_2024_6314,race,Race,track_barber_motorsports_park,Barber Motorsports Park,driver_louis_foster,Louis Foster,,start_gain,P21 to P5,"Foster, Louis was listed as Most Improved in the official Event Summary, improving 16 positions from P21 to P5.",official,official_racecraft_context,1,d4d96f43d7e734ba26b0bdefe7d2d3e6ec0096e36dc05af4008d5fc7acfe69fd
weather_indy_nxt_open_meteo_session_indy_nxt_2024_6314,weather,series_indy_nxt,INDY NXT,2024,event_indy_nxt_2024_5470,Grand Prix of Alabama,session_indy_nxt_2024_6314,race,Race,track_barber_motorsports_park,Barber Motorsports Park,,,,grid_reanalysis,dry; overcast,dry / overcast; ambient 21.4C (Open-Meteo Historical Weather API hourly archive),modeled_medium,modeled_weather_context,1,d4d96f43d7e734ba26b0bdefe7d2d3e6ec0096e36dc05af4008d5fc7acfe69fd
asset_indy_nxt_2024_6354_results,media,series_indy_nxt,INDY NXT,2024,event_indy_nxt_2024_5470,Grand Prix of Alabama,session_indy_nxt_2024_6354,practice,Practice 1,track_barber_motorsports_park,Barber Motorsports Park,,,,pdf,link_only,Official INDY NXT session report for Grand Prix of Alabama Practice 1.,link_only,media_narrative_context,1,d4d96f43d7e734ba26b0bdefe7d2d3e6ec0096e36dc05af4008d5fc7acfe69fd
asset_indy_nxt_2024_6354_section_results,media,series_indy_nxt,INDY NXT,2024,event_indy_nxt_2024_5470,Grand Prix of Alabama,session_indy_nxt_2024_6354,practice,Practice 1,track_barber_motorsports_park,Barber Motorsports Park,,,,pdf,link_only,Official INDY NXT session report for Grand Prix of Alabama Practice 1.,link_only,media_narrative_context,1,d4d96f43d7e734ba26b0bdefe7d2d3e6ec0096e36dc05af4008d5fc7acfe69fd
asset_indy_nxt_2024_6354_top_section_times,media,series_indy_nxt,INDY NXT,2024,event_indy_nxt_2024_5470,Grand Prix of Alabama,session_indy_nxt_2024_6354,practice,Practice 1,track_barber_motorsports_park,Barber Motorsports Park,,,,pdf,link_only,Official INDY NXT session report for Grand Prix of Alabama Practice 1.,link_only,media_narrative_context,1,d4d96f43d7e734ba26b0bdefe7d2d3e6ec0096e36dc05af4008d5fc7acfe69fd
weather_indy_nxt_open_meteo_session_indy_nxt_2024_6354,weather,series_indy_nxt,INDY NXT,2024,event_indy_nxt_2024_5470,Grand Prix of Alabama,session_indy_nxt_2024_6354,practice,Practice 1,track_barber_motorsports_park,Barber Motorsports Park,,,,grid_reanalysis,dry; partly_cloudy,dry / partly_cloudy; ambient 27.7C (Open-Meteo Historical Weather API hourly archive),modeled_medium,modeled_weather_context,1,d4d96f43d7e734ba26b0bdefe7d2d3e6ec0096e36dc05af4008d5fc7acfe69fd
asset_indy_nxt_2024_6355_combined_results,media,series_indy_nxt,INDY NXT,2024,event_indy_nxt_2024_5470,Grand Prix of Alabama,session_indy_nxt_2024_6355,practice,Practice 2,track_barber_motorsports_park,Barber Motorsports Park,,,,pdf,link_only,Official INDY NXT session report for Grand Prix of Alabama Practice 2.,link_only,media_narrative_context,1,d4d96f43d7e734ba26b0bdefe7d2d3e6ec0096e36dc05af4008d5fc7acfe69fd
asset_indy_nxt_2024_6355_results,media,series_indy_nxt,INDY NXT,2024,event_indy_nxt_2024_5470,Grand Prix of Alabama,session_indy_nxt_2024_6355,practice,Practice 2,track_barber_motorsports_park,Barber Motorsports Park,,,,pdf,link_only,Official INDY NXT session report for Grand Prix of Alabama Practice 2.,link_only,media_narrative_context,1,d4d96f43d7e734ba26b0bdefe7d2d3e6ec0096e36dc05af4008d5fc7acfe69fd
asset_indy_nxt_2024_6355_section_results,media,series_indy_nxt,INDY NXT,2024,event_indy_nxt_2024_5470,Grand Prix of Alabama,session_indy_nxt_2024_6355,practice,Practice 2,track_barber_motorsports_park,Barber Motorsports Park,,,,pdf,link_only,Official INDY NXT session report for Grand Prix of Alabama Practice 2.,link_only,media_narrative_context,1,d4d96f43d7e734ba26b0bdefe7d2d3e6ec0096e36dc05af4008d5fc7acfe69fd
asset_indy_nxt_2024_6355_top_section_times,media,series_indy_nxt,INDY NXT,2024,event_indy_nxt_2024_5470,Grand Prix of Alabama,session_indy_nxt_2024_6355,practice,Practice 2,track_barber_motorsports_park,Barber Motorsports Park,,,,pdf,link_only,Official INDY NXT session report for Grand Prix of Alabama Practice 2.,link_only,media_narrative_context,1,d4d96f43d7e734ba26b0bdefe7d2d3e6ec0096e36dc05af4008d5fc7acfe69fd
weather_indy_nxt_open_meteo_session_indy_nxt_2024_6355,weather,series_indy_nxt,INDY NXT,2024,event_indy_nxt_2024_5470,Grand Prix of Alabama,session_indy_nxt_2024_6355,practice,Practice 2,track_barber_motorsports_park,Barber Motorsports Park,,,,grid_reanalysis,dry; overcast,dry / overcast; ambient 21.9C (Open-Meteo Historical Weather API hourly archive),modeled_medium,modeled_weather_context,1,d4d96f43d7e734ba26b0bdefe7d2d3e6ec0096e36dc05af4008d5fc7acfe69fd
asset_indy_nxt_2024_6356_results,media,series_indy_nxt,INDY NXT,2024,event_indy_nxt_2024_5470,Grand Prix of Alabama,session_indy_nxt_2024_6356,qualifying,Qualifications - Group 1,track_barber_motorsports_park,Barber Motorsports Park,,,,pdf,link_only,Official INDY NXT session report for Grand Prix of Alabama Qualifications - Group 1.,link_only,media_narrative_context,1,d4d96f43d7e734ba26b0bdefe7d2d3e6ec0096e36dc05af4008d5fc7acfe69fd
asset_indy_nxt_2024_6356_section_results,media,series_indy_nxt,INDY NXT,2024,event_indy_nxt_2024_5470,Grand Prix of Alabama,session_indy_nxt_2024_6356,qualifying,Qualifications - Group 1,track_barber_motorsports_park,Barber Motorsports Park,,,,pdf,link_only,Official INDY NXT session report for Grand Prix of Alabama Qualifications - Group 1.,link_only,media_narrative_context,1,d4d96f43d7e734ba26b0bdefe7d2d3e6ec0096e36dc05af4008d5fc7acfe69fd
asset_indy_nxt_2024_6356_top_section_times,media,series_indy_nxt,INDY NXT,2024,event_indy_nxt_2024_5470,Grand Prix of Alabama,session_indy_nxt_2024_6356,qualifying,Qualifications - Group 1,track_barber_motorsports_park,Barber Motorsports Park,,,,pdf,link_only,Official INDY NXT session report for Grand Prix of Alabama Qualifications - Group 1.,link_only,media_narrative_context,1,d4d96f43d7e734ba26b0bdefe7d2d3e6ec0096e36dc05af4008d5fc7acfe69fd
asset_indy_nxt_2024_6357_overall_results,media,series_indy_nxt,INDY NXT,2024,event_indy_nxt_2024_5470,Grand Prix of Alabama,session_indy_nxt_2024_6357,qualifying,Qualifications - Group 2,track_barber_motorsports_park,Barber Motorsports Park,,,,pdf,link_only,Official INDY NXT session report for Grand Prix of Alabama Qualifications - Group 2.,link_only,media_narrative_context,1,d4d96f43d7e734ba26b0bdefe7d2d3e6ec0096e36dc05af4008d5fc7acfe69fd
asset_indy_nxt_2024_6357_results,media,series_indy_nxt,INDY NXT,2024,event_indy_nxt_2024_5470,Grand Prix of Alabama,session_indy_nxt_2024_6357,qualifying,Qualifications - Group 2,track_barber_motorsports_park,Barber Motorsports Park,,,,pdf,link_only,Official INDY NXT session report for Grand Prix of Alabama Qualifications - Group 2.,link_only,media_narrative_context,1,d4d96f43d7e734ba26b0bdefe7d2d3e6ec0096e36dc05af4008d5fc7acfe69fd
asset_indy_nxt_2024_6357_section_results,media,series_indy_nxt,INDY NXT,2024,event_indy_nxt_2024_5470,Grand Prix of Alabama,session_indy_nxt_2024_6357,qualifying,Qualifications - Group 2,track_barber_motorsports_park,Barber Motorsports Park,,,,pdf,link_only,Official INDY NXT session report for Grand Prix of Alabama Qualifications - Group 2.,link_only,media_narrative_context,1,d4d96f43d7e734ba26b0bdefe7d2d3e6ec0096e36dc05af4008d5fc7acfe69fd
asset_indy_nxt_2024_6357_top_section_times,media,series_indy_nxt,INDY NXT,2024,event_indy_nxt_2024_5470,Grand Prix of Alabama,session_indy_nxt_2024_6357,qualifying,Qualifications - Group 2,track_barber_motorsports_park,Barber Motorsports Park,,,,pdf,link_only,Official INDY NXT session report for Grand Prix of Alabama Qualifications - Group 2.,link_only,media_narrative_context,1,d4d96f43d7e734ba26b0bdefe7d2d3e6ec0096e36dc05af4008d5fc7acfe69fd
incident_indy_nxt_caution_2024_6317_1,incident,series_indy_nxt,INDY NXT,2024,event_indy_nxt_2024_5473,Grand Prix of Monterey Race 1,session_indy_nxt_2024_6317,race,Race,track_weathertech_raceway_laguna_seca,WeatherTech Raceway Laguna Seca,driver_reece_gold,Reece Gold,6,caution_contact,caution_laps_6_to_7_duration_2,Official caution 1 ran from lap 6 to lap 7 for Contact: Car 10 in Turn 5.,official,official_incident_context,1,d4d96f43d7e734ba26b0bdefe7d2d3e6ec0096e36dc05af4008d5fc7acfe69fd
incident_indy_nxt_status_2024_6317_driver_nolan_allaer,incident,series_indy_nxt,INDY NXT,2024,event_indy_nxt_2024_5473,Grand Prix of Monterey Race 1,session_indy_nxt_2024_6317,race,Race,track_weathertech_raceway_laguna_seca,WeatherTech Raceway Laguna Seca,driver_nolan_allaer,Nolan Allaer,,mechanical,finish_position_20_laps_15,"Official INDY NXT result status reported ""Mechanical"" for Nolan Allaer.",official,official_incident_context,1,d4d96f43d7e734ba26b0bdefe7d2d3e6ec0096e36dc05af4008d5fc7acfe69fd
asset_indy_nxt_2024_6317_box_score,media,series_indy_nxt,INDY NXT,2024,event_indy_nxt_2024_5473,Grand Prix of Monterey Race 1,session_indy_nxt_2024_6317,race,Race,track_weathertech_raceway_laguna_seca,WeatherTech Raceway Laguna Seca,,,,pdf,link_only,Official INDY NXT session report for Grand Prix of Monterey Race 1 Race.,link_only,media_narrative_context,1,d4d96f43d7e734ba26b0bdefe7d2d3e6ec0096e36dc05af4008d5fc7acfe69fd
asset_indy_nxt_2024_6317_event_summary,media,series_indy_nxt,INDY NXT,2024,event_indy_nxt_2024_5473,Grand Prix of Monterey Race 1,session_indy_nxt_2024_6317,race,Race,track_weathertech_raceway_laguna_seca,WeatherTech Raceway Laguna Seca,,,,pdf,link_only,Official INDY NXT session report for Grand Prix of Monterey Race 1 Race.,link_only,media_narrative_context,1,d4d96f43d7e734ba26b0bdefe7d2d3e6ec0096e36dc05af4008d5fc7acfe69fd
asset_indy_nxt_2024_6317_lap_chart,media,series_indy_nxt,INDY NXT,2024,event_indy_nxt_2024_5473,Grand Prix of Monterey Race 1,session_indy_nxt_2024_6317,race,Race,track_weathertech_raceway_laguna_seca,WeatherTech Raceway Laguna Seca,,,,pdf,link_only,Official INDY NXT session report for Grand Prix of Monterey Race 1 Race.,link_only,media_narrative_context,1,d4d96f43d7e734ba26b0bdefe7d2d3e6ec0096e36dc05af4008d5fc7acfe69fd
asset_indy_nxt_2024_6317_leader_lap_summary,media,series_indy_nxt,INDY NXT,2024,event_indy_nxt_2024_5473,Grand Prix of Monterey Race 1,session_indy_nxt_2024_6317,race,Race,track_weathertech_raceway_laguna_seca,WeatherTech Raceway Laguna Seca,,,,pdf,link_only,Official INDY NXT session report for Grand Prix of Monterey Race 1 Race.,link_only,media_narrative_context,1,d4d96f43d7e734ba26b0bdefe7d2d3e6ec0096e36dc05af4008d5fc7acfe69fd
asset_indy_nxt_2024_6317_results,media,series_indy_nxt,INDY NXT,2024,event_indy_nxt_2024_5473,Grand Prix of Monterey Race 1,session_indy_nxt_2024_6317,race,Race,track_weathertech_raceway_laguna_seca,WeatherTech Raceway Laguna Seca,,,,pdf,link_only,Official INDY NXT session report for Grand Prix of Monterey Race 1 Race.,link_only,media_narrative_context,1,d4d96f43d7e734ba26b0bdefe7d2d3e6ec0096e36dc05af4008d5fc7acfe69fd
asset_indy_nxt_2024_6317_section_results,media,series_indy_nxt,INDY NXT,2024,event_indy_nxt_2024_5473,Grand Prix of Monterey Race 1,session_indy_nxt_2024_6317,race,Race,track_weathertech_raceway_laguna_seca,WeatherTech Raceway Laguna Seca,,,,pdf,link_only,Official INDY NXT session report for Grand Prix of Monterey Race 1 Race.,link_only,media_narrative_context,1,d4d96f43d7e734ba26b0bdefe7d2d3e6ec0096e36dc05af4008d5fc7acfe69fd
asset_indy_nxt_2024_6317_top_section_times,media,series_indy_nxt,INDY NXT,2024,event_indy_nxt_2024_5473,Grand Prix of Monterey Race 1,session_indy_nxt_2024_6317,race,Race,track_weathertech_raceway_laguna_seca,WeatherTech Raceway Laguna Seca,,,,pdf,link_only,Official INDY NXT session report for Grand Prix of Monterey Race 1 Race.,link_only,media_narrative_context,1,d4d96f43d7e734ba26b0bdefe7d2d3e6ec0096e36dc05af4008d5fc7acfe69fd
racecraft_indy_nxt_2024_6317_most_improved_driver_christian_brooks,racecraft,series_indy_nxt,INDY NXT,2024,event_indy_nxt_2024_5473,Grand Prix of Monterey Race 1,session_indy_nxt_2024_6317,race,Race,track_weathertech_raceway_laguna_seca,WeatherTech Raceway Laguna Seca,driver_christian_brooks,Christian Brooks,,start_gain,P13 to P8,"Brooks, Christian was listed as Most Improved in the official Event Summary, improving 5 positions from P13 to P8.",official,official_racecraft_context,1,d4d96f43d7e734ba26b0bdefe7d2d3e6ec0096e36dc05af4008d5fc7acfe69fd
weather_indy_nxt_open_meteo_session_indy_nxt_2024_6317,weather,series_indy_nxt,INDY NXT,2024,event_indy_nxt_2024_5473,Grand Prix of Monterey Race 1,session_indy_nxt_2024_6317,race,Race,track_weathertech_raceway_laguna_seca,WeatherTech Raceway Laguna Seca,,,,grid_reanalysis,dry; mainly_clear,dry / mainly_clear; ambient 22.3C (Open-Meteo Historical Weather API hourly archive),modeled_medium,modeled_weather_context,1,d4d96f43d7e734ba26b0bdefe7d2d3e6ec0096e36dc05af4008d5fc7acfe69fd
asset_indy_nxt_2024_6413_results,media,series_indy_nxt,INDY NXT,2024,event_indy_nxt_2024_5473,Grand Prix of Monterey Race 1,session_indy_nxt_2024_6413,practice,Practice 1,track_weathertech_raceway_laguna_seca,WeatherTech Raceway Laguna Seca,,,,pdf,link_only,Official INDY NXT session report for Grand Prix of Monterey Race 1 Practice 1.,link_only,media_narrative_context,1,d4d96f43d7e734ba26b0bdefe7d2d3e6ec0096e36dc05af4008d5fc7acfe69fd
asset_indy_nxt_2024_6413_section_results,media,series_indy_nxt,INDY NXT,2024,event_indy_nxt_2024_5473,Grand Prix of Monterey Race 1,session_indy_nxt_2024_6413,practice,Practice 1,track_weathertech_raceway_laguna_seca,WeatherTech Raceway Laguna Seca,,,,pdf,link_only,Official INDY NXT session report for Grand Prix of Monterey Race 1 Practice 1.,link_only,media_narrative_context,1,d4d96f43d7e734ba26b0bdefe7d2d3e6ec0096e36dc05af4008d5fc7acfe69fd
asset_indy_nxt_2024_6413_top_section_times,media,series_indy_nxt,INDY NXT,2024,event_indy_nxt_2024_5473,Grand Prix of Monterey Race 1,session_indy_nxt_2024_6413,practice,Practice 1,track_weathertech_raceway_laguna_seca,WeatherTech Raceway Laguna Seca,,,,pdf,link_only,Official INDY NXT session report for Grand Prix of Monterey Race 1 Practice 1.,link_only,media_narrative_context,1,d4d96f43d7e734ba26b0bdefe7d2d3e6ec0096e36dc05af4008d5fc7acfe69fd
weather_indy_nxt_open_meteo_session_indy_nxt_2024_6413,weather,series_indy_nxt,INDY NXT,2024,event_indy_nxt_2024_5473,Grand Prix of Monterey Race 1,session_indy_nxt_2024_6413,practice,Practice 1,track_weathertech_raceway_laguna_seca,WeatherTech Raceway Laguna Seca,,,,grid_reanalysis,dry; partly_cloudy,dry / partly_cloudy; ambient 15.9C (Open-Meteo Historical Weather API hourly archive),modeled_medium,modeled_weather_context,1,d4d96f43d7e734ba26b0bdefe7d2d3e6ec0096e36dc05af4008d5fc7acfe69fd
asset_indy_nxt_2024_6414_combined_results,media,series_indy_nxt,INDY NXT,2024,event_indy_nxt_2024_5473,Grand Prix of Monterey Race 1,session_indy_nxt_2024_6414,practice,Practice-2,track_weathertech_raceway_laguna_seca,WeatherTech Raceway Laguna Seca,,,,pdf,link_only,Official INDY NXT session report for Grand Prix of Monterey Race 1 Practice-2.,link_only,media_narrative_context,1,d4d96f43d7e734ba26b0bdefe7d2d3e6ec0096e36dc05af4008d5fc7acfe69fd
asset_indy_nxt_2024_6414_results,media,series_indy_nxt,INDY NXT,2024,event_indy_nxt_2024_5473,Grand Prix of Monterey Race 1,session_indy_nxt_2024_6414,practice,Practice-2,track_weathertech_raceway_laguna_seca,WeatherTech Raceway Laguna Seca,,,,pdf,link_only,Official INDY NXT session report for Grand Prix of Monterey Race 1 Practice-2.,link_only,media_narrative_context,1,d4d96f43d7e734ba26b0bdefe7d2d3e6ec0096e36dc05af4008d5fc7acfe69fd
asset_indy_nxt_2024_6414_section_results,media,series_indy_nxt,INDY NXT,2024,event_indy_nxt_2024_5473,Grand Prix of Monterey Race 1,session_indy_nxt_2024_6414,practice,Practice-2,track_weathertech_raceway_laguna_seca,WeatherTech Raceway Laguna Seca,,,,pdf,link_only,Official INDY NXT session report for Grand Prix of Monterey Race 1 Practice-2.,link_only,media_narrative_context,1,d4d96f43d7e734ba26b0bdefe7d2d3e6ec0096e36dc05af4008d5fc7acfe69fd
asset_indy_nxt_2024_6414_top_section_times,media,series_indy_nxt,INDY NXT,2024,event_indy_nxt_2024_5473,Grand Prix of Monterey Race 1,session_indy_nxt_2024_6414,practice,Practice-2,track_weathertech_raceway_laguna_seca,WeatherTech Raceway Laguna Seca,,,,pdf,link_only,Official INDY NXT session report for Grand Prix of Monterey Race 1 Practice-2.,link_only,media_narrative_context,1,d4d96f43d7e734ba26b0bdefe7d2d3e6ec0096e36dc05af4008d5fc7acfe69fd
weather_indy_nxt_open_meteo_session_indy_nxt_2024_6414,weather,series_indy_nxt,INDY NXT,2024,event_indy_nxt_2024_5473,Grand Prix of Monterey Race 1,session_indy_nxt_2024_6414,practice,Practice-2,track_weathertech_raceway_laguna_seca,WeatherTech Raceway Laguna Seca,,,,grid_reanalysis,dry; partly_cloudy,dry / partly_cloudy; ambient 15.1C (Open-Meteo Historical Weather API hourly archive),modeled_medium,modeled_weather_context,1,d4d96f43d7e734ba26b0bdefe7d2d3e6ec0096e36dc05af4008d5fc7acfe69fd
asset_indy_nxt_2024_6415_overall_results,media,series_indy_nxt,INDY NXT,2024,event_indy_nxt_2024_5473,Grand Prix of Monterey Race 1,session_indy_nxt_2024_6415,qualifying,Qualifications - Race 1 Group 1,track_weathertech_raceway_laguna_seca,WeatherTech Raceway Laguna Seca,,,,pdf,link_only,Official INDY NXT session report for Grand Prix of Monterey Race 1 Qualifications - Race 1 Group 1.,link_only,media_narrative_context,1,d4d96f43d7e734ba26b0bdefe7d2d3e6ec0096e36dc05af4008d5fc7acfe69fd
asset_indy_nxt_2024_6415_results,media,series_indy_nxt,INDY NXT,2024,event_indy_nxt_2024_5473,Grand Prix of Monterey Race 1,session_indy_nxt_2024_6415,qualifying,Qualifications - Race 1 Group 1,track_weathertech_raceway_laguna_seca,WeatherTech Raceway Laguna Seca,,,,pdf,link_only,Official INDY NXT session report for Grand Prix of Monterey Race 1 Qualifications - Race 1 Group 1.,link_only,media_narrative_context,1,d4d96f43d7e734ba26b0bdefe7d2d3e6ec0096e36dc05af4008d5fc7acfe69fd
asset_indy_nxt_2024_6415_section_results,media,series_indy_nxt,INDY NXT,2024,event_indy_nxt_2024_5473,Grand Prix of Monterey Race 1,session_indy_nxt_2024_6415,qualifying,Qualifications - Race 1 Group 1,track_weathertech_raceway_laguna_seca,WeatherTech Raceway Laguna Seca,,,,pdf,link_only,Official INDY NXT session report for Grand Prix of Monterey Race 1 Qualifications - Race 1 Group 1.,link_only,media_narrative_context,1,d4d96f43d7e734ba26b0bdefe7d2d3e6ec0096e36dc05af4008d5fc7acfe69fd
asset_indy_nxt_2024_6415_top_section_times,media,series_indy_nxt,INDY NXT,2024,event_indy_nxt_2024_5473,Grand Prix of Monterey Race 1,session_indy_nxt_2024_6415,qualifying,Qualifications - Race 1 Group 1,track_weathertech_raceway_laguna_seca,WeatherTech Raceway Laguna Seca,,,,pdf,link_only,Official INDY NXT session report for Grand Prix of Monterey Race 1 Qualifications - Race 1 Group 1.,link_only,media_narrative_context,1,d4d96f43d7e734ba26b0bdefe7d2d3e6ec0096e36dc05af4008d5fc7acfe69fd
asset_indy_nxt_2024_6416_overall_results,media,series_indy_nxt,INDY NXT,2024,event_indy_nxt_2024_5473,Grand Prix of Monterey Race 1,session_indy_nxt_2024_6416,qualifying,Qualifications - Race 1 Group 2,track_weathertech_raceway_laguna_seca,WeatherTech Raceway Laguna Seca,,,,pdf,link_only,Official INDY NXT session report for Grand Prix of Monterey Race 1 Qualifications - Race 1 Group 2.,link_only,media_narrative_context,1,d4d96f43d7e734ba26b0bdefe7d2d3e6ec0096e36dc05af4008d5fc7acfe69fd
asset_indy_nxt_2024_6416_results,media,series_indy_nxt,INDY NXT,2024,event_indy_nxt_2024_5473,Grand Prix of Monterey Race 1,session_indy_nxt_2024_6416,qualifying,Qualifications - Race 1 Group 2,track_weathertech_raceway_laguna_seca,WeatherTech Raceway Laguna Seca,,,,pdf,link_only,Official INDY NXT session report for Grand Prix of Monterey Race 1 Qualifications - Race 1 Group 2.,link_only,media_narrative_context,1,d4d96f43d7e734ba26b0bdefe7d2d3e6ec0096e36dc05af4008d5fc7acfe69fd
asset_indy_nxt_2024_6416_section_results,media,series_indy_nxt,INDY NXT,2024,event_indy_nxt_2024_5473,Grand Prix of Monterey Race 1,session_indy_nxt_2024_6416,qualifying,Qualifications - Race 1 Group 2,track_weathertech_raceway_laguna_seca,WeatherTech Raceway Laguna Seca,,,,pdf,link_only,Official INDY NXT session report for Grand Prix of Monterey Race 1 Qualifications - Race 1 Group 2.,link_only,media_narrative_context,1,d4d96f43d7e734ba26b0bdefe7d2d3e6ec0096e36dc05af4008d5fc7acfe69fd
asset_indy_nxt_2024_6416_top_section_times,media,series_indy_nxt,INDY NXT,2024,event_indy_nxt_2024_5473,Grand Prix of Monterey Race 1,session_indy_nxt_2024_6416,qualifying,Qualifications - Race 1 Group 2,track_weathertech_raceway_laguna_seca,WeatherTech Raceway Laguna Seca,,,,pdf,link_only,Official INDY NXT session report for Grand Prix of Monterey Race 1 Qualifications - Race 1 Group 2.,link_only,media_narrative_context,1,d4d96f43d7e734ba26b0bdefe7d2d3e6ec0096e36dc05af4008d5fc7acfe69fd
penalty_indy_nxt_2024_6327_car_7_lap_3_yield_positions,penalty,series_indy_nxt,INDY NXT,2024,event_indy_nxt_2024_5483,Grand Prix of Monterey Race 2,session_indy_nxt_2024_6327,race,Race,track_weathertech_raceway_laguna_seca,WeatherTech Raceway Laguna Seca,driver_christian_bogle,Christian Bogle,3,yield_positions,positionImpact=-3,yield_positions: Blocking,official,official_penalty_context,1,d4d96f43d7e734ba26b0bdefe7d2d3e6ec0096e36dc05af4008d5fc7acfe69fd
incident_indy_nxt_caution_2024_6327_1,incident,series_indy_nxt,INDY NXT,2024,event_indy_nxt_2024_5483,Grand Prix of Monterey Race 2,session_indy_nxt_2024_6327,race,Race,track_weathertech_raceway_laguna_seca,WeatherTech Raceway Laguna Seca,,,16,caution_contact,caution_laps_16_to_16_duration_1,Official caution 1 ran from lap 16 to lap 16 for Contact: Cars 17 and 39 in Turn 2.,official,official_incident_context,1,d4d96f43d7e734ba26b0bdefe7d2d3e6ec0096e36dc05af4008d5fc7acfe69fd
penalty_indy_nxt_2024_6327_car_23_lap_18_drive_through,penalty,series_indy_nxt,INDY NXT,2024,event_indy_nxt_2024_5483,Grand Prix of Monterey Race 2,session_indy_nxt_2024_6327,race,Race,track_weathertech_raceway_laguna_seca,WeatherTech Raceway Laguna Seca,driver_jonathan_browne,Jonathan Browne,18,drive_through,drive_through,drive_through: Failure to Follow the Direction of INDYCAR,official,official_penalty_context,1,d4d96f43d7e734ba26b0bdefe7d2d3e6ec0096e36dc05af4008d5fc7acfe69fd
penalty_indy_nxt_2024_6327_car_51_lap_29_drive_through,penalty,series_indy_nxt,INDY NXT,2024,event_indy_nxt_2024_5483,Grand Prix of Monterey Race 2,session_indy_nxt_2024_6327,race,Race,track_weathertech_raceway_laguna_seca,WeatherTech Raceway Laguna Seca,driver_jacob_abel,Jacob Abel,29,drive_through,drive_through,drive_through: Avoidable Contact,official,official_penalty_context,1,d4d96f43d7e734ba26b0bdefe7d2d3e6ec0096e36dc05af4008d5fc7acfe69fd
penalty_indy_nxt_2024_6327_car_99_lap_32_no_further_penalty,penalty,series_indy_nxt,INDY NXT,2024,event_indy_nxt_2024_5483,Grand Prix of Monterey Race 2,session_indy_nxt_2024_6327,race,Race,track_weathertech_raceway_laguna_seca,WeatherTech Raceway Laguna Seca,driver_myles_rowe,Myles Rowe,32,no_further_penalty,no_further_penalty,no_further_penalty: Blocking,official,official_penalty_context,1,d4d96f43d7e734ba26b0bdefe7d2d3e6ec0096e36dc05af4008d5fc7acfe69fd
incident_indy_nxt_status_2024_6327_driver_james_roe,incident,series_indy_nxt,INDY NXT,2024,event_indy_nxt_2024_5483,Grand Prix of Monterey Race 2,session_indy_nxt_2024_6327,race,Race,track_weathertech_raceway_laguna_seca,WeatherTech Raceway Laguna Seca,driver_james_roe,James Roe,,mechanical,finish_position_19_laps_25,"Official INDY NXT result status reported ""Mechanical"" for James Roe.",official,official_incident_context,1,d4d96f43d7e734ba26b0bdefe7d2d3e6ec0096e36dc05af4008d5fc7acfe69fd
incident_indy_nxt_status_2024_6327_driver_reece_gold,incident,series_indy_nxt,INDY NXT,2024,event_indy_nxt_2024_5483,Grand Prix of Monterey Race 2,session_indy_nxt_2024_6327,race,Race,track_weathertech_raceway_laguna_seca,WeatherTech Raceway Laguna Seca,driver_reece_gold,Reece Gold,,contact,finish_position_18_laps_27,"Official INDY NXT result status reported ""Contact"" for Reece Gold.",official,official_incident_context,1,d4d96f43d7e734ba26b0bdefe7d2d3e6ec0096e36dc05af4008d5fc7acfe69fd
asset_indy_nxt_2024_6327_box_score,media,series_indy_nxt,INDY NXT,2024,event_indy_nxt_2024_5483,Grand Prix of Monterey Race 2,session_indy_nxt_2024_6327,race,Race,track_weathertech_raceway_laguna_seca,WeatherTech Raceway Laguna Seca,,,,pdf,link_only,Official INDY NXT session report for Grand Prix of Monterey Race 2 Race.,link_only,media_narrative_context,1,d4d96f43d7e734ba26b0bdefe7d2d3e6ec0096e36dc05af4008d5fc7acfe69fd
asset_indy_nxt_2024_6327_event_summary,media,series_indy_nxt,INDY NXT,2024,event_indy_nxt_2024_5483,Grand Prix of Monterey Race 2,session_indy_nxt_2024_6327,race,Race,track_weathertech_raceway_laguna_seca,WeatherTech Raceway Laguna Seca,,,,pdf,link_only,Official INDY NXT session report for Grand Prix of Monterey Race 2 Race.,link_only,media_narrative_context,1,d4d96f43d7e734ba26b0bdefe7d2d3e6ec0096e36dc05af4008d5fc7acfe69fd
asset_indy_nxt_2024_6327_lap_chart,media,series_indy_nxt,INDY NXT,2024,event_indy_nxt_2024_5483,Grand Prix of Monterey Race 2,session_indy_nxt_2024_6327,race,Race,track_weathertech_raceway_laguna_seca,WeatherTech Raceway Laguna Seca,,,,pdf,link_only,Official INDY NXT session report for Grand Prix of Monterey Race 2 Race.,link_only,media_narrative_context,1,d4d96f43d7e734ba26b0bdefe7d2d3e6ec0096e36dc05af4008d5fc7acfe69fd
asset_indy_nxt_2024_6327_leader_lap_summary,media,series_indy_nxt,INDY NXT,2024,event_indy_nxt_2024_5483,Grand Prix of Monterey Race 2,session_indy_nxt_2024_6327,race,Race,track_weathertech_raceway_laguna_seca,WeatherTech Raceway Laguna Seca,,,,pdf,link_only,Official INDY NXT session report for Grand Prix of Monterey Race 2 Race.,link_only,media_narrative_context,1,d4d96f43d7e734ba26b0bdefe7d2d3e6ec0096e36dc05af4008d5fc7acfe69fd
asset_indy_nxt_2024_6327_results,media,series_indy_nxt,INDY NXT,2024,event_indy_nxt_2024_5483,Grand Prix of Monterey Race 2,session_indy_nxt_2024_6327,race,Race,track_weathertech_raceway_laguna_seca,WeatherTech Raceway Laguna Seca,,,,pdf,link_only,Official INDY NXT session report for Grand Prix of Monterey Race 2 Race.,link_only,media_narrative_context,1,d4d96f43d7e734ba26b0bdefe7d2d3e6ec0096e36dc05af4008d5fc7acfe69fd
asset_indy_nxt_2024_6327_section_results,media,series_indy_nxt,INDY NXT,2024,event_indy_nxt_2024_5483,Grand Prix of Monterey Race 2,session_indy_nxt_2024_6327,race,Race,track_weathertech_raceway_laguna_seca,WeatherTech Raceway Laguna Seca,,,,pdf,link_only,Official INDY NXT session report for Grand Prix of Monterey Race 2 Race.,link_only,media_narrative_context,1,d4d96f43d7e734ba26b0bdefe7d2d3e6ec0096e36dc05af4008d5fc7acfe69fd
asset_indy_nxt_2024_6327_top_section_times,media,series_indy_nxt,INDY NXT,2024,event_indy_nxt_2024_5483,Grand Prix of Monterey Race 2,session_indy_nxt_2024_6327,race,Race,track_weathertech_raceway_laguna_seca,WeatherTech Raceway Laguna Seca,,,,pdf,link_only,Official INDY NXT session report for Grand Prix of Monterey Race 2 Race.,link_only,media_narrative_context,1,d4d96f43d7e734ba26b0bdefe7d2d3e6ec0096e36dc05af4008d5fc7acfe69fd
racecraft_indy_nxt_2024_6327_most_improved_driver_jamie_chadwick,racecraft,series_indy_nxt,INDY NXT,2024,event_indy_nxt_2024_5483,Grand Prix of Monterey Race 2,session_indy_nxt_2024_6327,race,Race,track_weathertech_raceway_laguna_seca,WeatherTech Raceway Laguna Seca,driver_jamie_chadwick,Jamie Chadwick,,start_gain,P14 to P6,"Chadwick, Jamie was listed as Most Improved in the official Event Summary, improving 8 positions from P14 to P6.",official,official_racecraft_context,1,d4d96f43d7e734ba26b0bdefe7d2d3e6ec0096e36dc05af4008d5fc7acfe69fd
weather_indy_nxt_open_meteo_session_indy_nxt_2024_6327,weather,series_indy_nxt,INDY NXT,2024,event_indy_nxt_2024_5483,Grand Prix of Monterey Race 2,session_indy_nxt_2024_6327,race,Race,track_weathertech_raceway_laguna_seca,WeatherTech Raceway Laguna Seca,,,,grid_reanalysis,dry; clear_sky,dry / clear_sky; ambient 20.7C (Open-Meteo Historical Weather API hourly archive),modeled_medium,modeled_weather_context,1,d4d96f43d7e734ba26b0bdefe7d2d3e6ec0096e36dc05af4008d5fc7acfe69fd
asset_indy_nxt_2024_6417_overall_results,media,series_indy_nxt,INDY NXT,2024,event_indy_nxt_2024_5483,Grand Prix of Monterey Race 2,session_indy_nxt_2024_6417,qualifying,Qualifications - Race 2 Group 1,track_weathertech_raceway_laguna_seca,WeatherTech Raceway Laguna Seca,,,,pdf,link_only,Official INDY NXT session report for Grand Prix of Monterey Race 2 Qualifications - Race 2 Group 1.,link_only,media_narrative_context,1,d4d96f43d7e734ba26b0bdefe7d2d3e6ec0096e36dc05af4008d5fc7acfe69fd
asset_indy_nxt_2024_6417_results,media,series_indy_nxt,INDY NXT,2024,event_indy_nxt_2024_5483,Grand Prix of Monterey Race 2,session_indy_nxt_2024_6417,qualifying,Qualifications - Race 2 Group 1,track_weathertech_raceway_laguna_seca,WeatherTech Raceway Laguna Seca,,,,pdf,link_only,Official INDY NXT session report for Grand Prix of Monterey Race 2 Qualifications - Race 2 Group 1.,link_only,media_narrative_context,1,d4d96f43d7e734ba26b0bdefe7d2d3e6ec0096e36dc05af4008d5fc7acfe69fd
asset_indy_nxt_2024_6417_section_results,media,series_indy_nxt,INDY NXT,2024,event_indy_nxt_2024_5483,Grand Prix of Monterey Race 2,session_indy_nxt_2024_6417,qualifying,Qualifications - Race 2 Group 1,track_weathertech_raceway_laguna_seca,WeatherTech Raceway Laguna Seca,,,,pdf,link_only,Official INDY NXT session report for Grand Prix of Monterey Race 2 Qualifications - Race 2 Group 1.,link_only,media_narrative_context,1,d4d96f43d7e734ba26b0bdefe7d2d3e6ec0096e36dc05af4008d5fc7acfe69fd
asset_indy_nxt_2024_6417_top_section_times,media,series_indy_nxt,INDY NXT,2024,event_indy_nxt_2024_5483,Grand Prix of Monterey Race 2,session_indy_nxt_2024_6417,qualifying,Qualifications - Race 2 Group 1,track_weathertech_raceway_laguna_seca,WeatherTech Raceway Laguna Seca,,,,pdf,link_only,Official INDY NXT session report for Grand Prix of Monterey Race 2 Qualifications - Race 2 Group 1.,link_only,media_narrative_context,1,d4d96f43d7e734ba26b0bdefe7d2d3e6ec0096e36dc05af4008d5fc7acfe69fd
asset_indy_nxt_2024_6418_overall_results,media,series_indy_nxt,INDY NXT,2024,event_indy_nxt_2024_5483,Grand Prix of Monterey Race 2,session_indy_nxt_2024_6418,qualifying,Qualifications - Race 2 Group 2,track_weathertech_raceway_laguna_seca,WeatherTech Raceway Laguna Seca,,,,pdf,link_only,Official INDY NXT session report for Grand Prix of Monterey Race 2 Qualifications - Race 2 Group 2.,link_only,media_narrative_context,1,d4d96f43d7e734ba26b0bdefe7d2d3e6ec0096e36dc05af4008d5fc7acfe69fd
asset_indy_nxt_2024_6418_results,media,series_indy_nxt,INDY NXT,2024,event_indy_nxt_2024_5483,Grand Prix of Monterey Race 2,session_indy_nxt_2024_6418,qualifying,Qualifications - Race 2 Group 2,track_weathertech_raceway_laguna_seca,WeatherTech Raceway Laguna Seca,,,,pdf,link_only,Official INDY NXT session report for Grand Prix of Monterey Race 2 Qualifications - Race 2 Group 2.,link_only,media_narrative_context,1,d4d96f43d7e734ba26b0bdefe7d2d3e6ec0096e36dc05af4008d5fc7acfe69fd
asset_indy_nxt_2024_6418_section_results,media,series_indy_nxt,INDY NXT,2024,event_indy_nxt_2024_5483,Grand Prix of Monterey Race 2,session_indy_nxt_2024_6418,qualifying,Qualifications - Race 2 Group 2,track_weathertech_raceway_laguna_seca,WeatherTech Raceway Laguna Seca,,,,pdf,link_only,Official INDY NXT session report for Grand Prix of Monterey Race 2 Qualifications - Race 2 Group 2.,link_only,media_narrative_context,1,d4d96f43d7e734ba26b0bdefe7d2d3e6ec0096e36dc05af4008d5fc7acfe69fd
asset_indy_nxt_2024_6418_top_section_times,media,series_indy_nxt,INDY NXT,2024,event_indy_nxt_2024_5483,Grand Prix of Monterey Race 2,session_indy_nxt_2024_6418,qualifying,Qualifications - Race 2 Group 2,track_weathertech_raceway_laguna_seca,WeatherTech Raceway Laguna Seca,,,,pdf,link_only,Official INDY NXT session report for Grand Prix of Monterey Race 2 Qualifications - Race 2 Group 2.,link_only,media_narrative_context,1,d4d96f43d7e734ba26b0bdefe7d2d3e6ec0096e36dc05af4008d5fc7acfe69fd
penalty_indy_nxt_2024_6321_car_76_lap_5_yield_positions,penalty,series_indy_nxt,INDY NXT,2024,event_indy_nxt_2024_5477,Grand Prix of Portland,session_indy_nxt_2024_6321,race,Race,track_portland_international_raceway,Portland International Raceway,driver_ricardo_escotto,Ricardo Escotto,5,yield_positions,positionImpact=-6,yield_positions: Improper Shortcut Procedure,official,official_penalty_context,1,d4d96f43d7e734ba26b0bdefe7d2d3e6ec0096e36dc05af4008d5fc7acfe69fd
penalty_indy_nxt_2024_6321_car_76_lap_7_pending,penalty,series_indy_nxt,INDY NXT,2024,event_indy_nxt_2024_5477,Grand Prix of Portland,session_indy_nxt_2024_6321,race,Race,track_portland_international_raceway,Portland International Raceway,driver_ricardo_escotto,Ricardo Escotto,7,pending,pending,pending: Avoidable Contact,official,official_penalty_context,1,d4d96f43d7e734ba26b0bdefe7d2d3e6ec0096e36dc05af4008d5fc7acfe69fd
incident_indy_nxt_caution_2024_6321_1,incident,series_indy_nxt,INDY NXT,2024,event_indy_nxt_2024_5477,Grand Prix of Portland,session_indy_nxt_2024_6321,race,Race,track_portland_international_raceway,Portland International Raceway,,,8,caution_contact,caution_laps_8_to_9_duration_2,Official caution 1 ran from lap 8 to lap 9 for Contact: Cars 29 and 76 in Turn 1.,official,official_incident_context,1,d4d96f43d7e734ba26b0bdefe7d2d3e6ec0096e36dc05af4008d5fc7acfe69fd
penalty_indy_nxt_2024_6321_car_40_lap_16_drive_through,penalty,series_indy_nxt,INDY NXT,2024,event_indy_nxt_2024_5477,Grand Prix of Portland,session_indy_nxt_2024_6321,race,Race,track_portland_international_raceway,Portland International Raceway,driver_jack_william_miller,Jack William Miller,16,drive_through,drive_through,drive_through: Blocking,official,official_penalty_context,1,d4d96f43d7e734ba26b0bdefe7d2d3e6ec0096e36dc05af4008d5fc7acfe69fd
penalty_indy_nxt_2024_6321_car_28_lap_29_no_further_penalty,penalty,series_indy_nxt,INDY NXT,2024,event_indy_nxt_2024_5477,Grand Prix of Portland,session_indy_nxt_2024_6321,race,Race,track_portland_international_raceway,Portland International Raceway,driver_jamie_chadwick,Jamie Chadwick,29,no_further_penalty,no_further_penalty,no_further_penalty: Blocking,official,official_penalty_context,1,d4d96f43d7e734ba26b0bdefe7d2d3e6ec0096e36dc05af4008d5fc7acfe69fd
incident_indy_nxt_status_2024_6321_driver_ricardo_escotto,incident,series_indy_nxt,INDY NXT,2024,event_indy_nxt_2024_5477,Grand Prix of Portland,session_indy_nxt_2024_6321,race,Race,track_portland_international_raceway,Portland International Raceway,driver_ricardo_escotto,Ricardo Escotto,,contact,finish_position_17_laps_8,"Official INDY NXT result status reported ""Contact"" for Ricardo Escotto.",official,official_incident_context,1,d4d96f43d7e734ba26b0bdefe7d2d3e6ec0096e36dc05af4008d5fc7acfe69fd
asset_indy_nxt_2024_6321_event_summary,media,series_indy_nxt,INDY NXT,2024,event_indy_nxt_2024_5477,Grand Prix of Portland,session_indy_nxt_2024_6321,race,Race,track_portland_international_raceway,Portland International Raceway,,,,pdf,link_only,Official INDY NXT session report for Grand Prix of Portland Race.,link_only,media_narrative_context,1,d4d96f43d7e734ba26b0bdefe7d2d3e6ec0096e36dc05af4008d5fc7acfe69fd
asset_indy_nxt_2024_6321_lap_chart,media,series_indy_nxt,INDY NXT,2024,event_indy_nxt_2024_5477,Grand Prix of Portland,session_indy_nxt_2024_6321,race,Race,track_portland_international_raceway,Portland International Raceway,,,,pdf,link_only,Official INDY NXT session report for Grand Prix of Portland Race.,link_only,media_narrative_context,1,d4d96f43d7e734ba26b0bdefe7d2d3e6ec0096e36dc05af4008d5fc7acfe69fd
asset_indy_nxt_2024_6321_leader_lap_summary,media,series_indy_nxt,INDY NXT,2024,event_indy_nxt_2024_5477,Grand Prix of Portland,session_indy_nxt_2024_6321,race,Race,track_portland_international_raceway,Portland International Raceway,,,,pdf,link_only,Official INDY NXT session report for Grand Prix of Portland Race.,link_only,media_narrative_context,1,d4d96f43d7e734ba26b0bdefe7d2d3e6ec0096e36dc05af4008d5fc7acfe69fd
asset_indy_nxt_2024_6321_results,media,series_indy_nxt,INDY NXT,2024,event_indy_nxt_2024_5477,Grand Prix of Portland,session_indy_nxt_2024_6321,race,Race,track_portland_international_raceway,Portland International Raceway,,,,pdf,link_only,Official INDY NXT session report for Grand Prix of Portland Race.,link_only,media_narrative_context,1,d4d96f43d7e734ba26b0bdefe7d2d3e6ec0096e36dc05af4008d5fc7acfe69fd
asset_indy_nxt_2024_6321_section_results,media,series_indy_nxt,INDY NXT,2024,event_indy_nxt_2024_5477,Grand Prix of Portland,session_indy_nxt_2024_6321,race,Race,track_portland_international_raceway,Portland International Raceway,,,,pdf,link_only,Official INDY NXT session report for Grand Prix of Portland Race.,link_only,media_narrative_context,1,d4d96f43d7e734ba26b0bdefe7d2d3e6ec0096e36dc05af4008d5fc7acfe69fd
asset_indy_nxt_2024_6321_top_section_times,media,series_indy_nxt,INDY NXT,2024,event_indy_nxt_2024_5477,Grand Prix of Portland,session_indy_nxt_2024_6321,race,Race,track_portland_international_raceway,Portland International Raceway,,,,pdf,link_only,Official INDY NXT session report for Grand Prix of Portland Race.,link_only,media_narrative_context,1,d4d96f43d7e734ba26b0bdefe7d2d3e6ec0096e36dc05af4008d5fc7acfe69fd
racecraft_indy_nxt_2024_6321_most_improved_driver_myles_rowe,racecraft,series_indy_nxt,INDY NXT,2024,event_indy_nxt_2024_5477,Grand Prix of Portland,session_indy_nxt_2024_6321,race,Race,track_portland_international_raceway,Portland International Raceway,driver_myles_rowe,Myles Rowe,,start_gain,P15 to P7,"Rowe, Myles was listed as Most Improved in the official Event Summary, improving 8 positions from P15 to P7.",official,official_racecraft_context,1,d4d96f43d7e734ba26b0bdefe7d2d3e6ec0096e36dc05af4008d5fc7acfe69fd
weather_indy_nxt_open_meteo_session_indy_nxt_2024_6321,weather,series_indy_nxt,INDY NXT,2024,event_indy_nxt_2024_5477,Grand Prix of Portland,session_indy_nxt_2024_6321,race,Race,track_portland_international_raceway,Portland International Raceway,,,,grid_reanalysis,dry; clear_sky,dry / clear_sky; ambient 18.2C (Open-Meteo Historical Weather API hourly archive),modeled_medium,modeled_weather_context,1,d4d96f43d7e734ba26b0bdefe7d2d3e6ec0096e36dc05af4008d5fc7acfe69fd
asset_indy_nxt_2024_6494_results,media,series_indy_nxt,INDY NXT,2024,event_indy_nxt_2024_5477,Grand Prix of Portland,session_indy_nxt_2024_6494,practice,Practice 1,track_portland_international_raceway,Portland International Raceway,,,,pdf,link_only,Official INDY NXT session report for Grand Prix of Portland Practice 1.,link_only,media_narrative_context,1,d4d96f43d7e734ba26b0bdefe7d2d3e6ec0096e36dc05af4008d5fc7acfe69fd
asset_indy_nxt_2024_6494_section_results,media,series_indy_nxt,INDY NXT,2024,event_indy_nxt_2024_5477,Grand Prix of Portland,session_indy_nxt_2024_6494,practice,Practice 1,track_portland_international_raceway,Portland International Raceway,,,,pdf,link_only,Official INDY NXT session report for Grand Prix of Portland Practice 1.,link_only,media_narrative_context,1,d4d96f43d7e734ba26b0bdefe7d2d3e6ec0096e36dc05af4008d5fc7acfe69fd
asset_indy_nxt_2024_6494_top_section_times,media,series_indy_nxt,INDY NXT,2024,event_indy_nxt_2024_5477,Grand Prix of Portland,session_indy_nxt_2024_6494,practice,Practice 1,track_portland_international_raceway,Portland International Raceway,,,,pdf,link_only,Official INDY NXT session report for Grand Prix of Portland Practice 1.,link_only,media_narrative_context,1,d4d96f43d7e734ba26b0bdefe7d2d3e6ec0096e36dc05af4008d5fc7acfe69fd
weather_indy_nxt_open_meteo_session_indy_nxt_2024_6494,weather,series_indy_nxt,INDY NXT,2024,event_indy_nxt_2024_5477,Grand Prix of Portland,session_indy_nxt_2024_6494,practice,Practice 1,track_portland_international_raceway,Portland International Raceway,,,,grid_reanalysis,wet; light_drizzle,wet / light_drizzle; ambient 18.4C (Open-Meteo Historical Weather API hourly archive),modeled_medium,modeled_weather_context,1,d4d96f43d7e734ba26b0bdefe7d2d3e6ec0096e36dc05af4008d5fc7acfe69fd
asset_indy_nxt_2024_6495_combined_results,media,series_indy_nxt,INDY NXT,2024,event_indy_nxt_2024_5477,Grand Prix of Portland,session_indy_nxt_2024_6495,practice,Practice 2,track_portland_international_raceway,Portland International Raceway,,,,pdf,link_only,Official INDY NXT session report for Grand Prix of Portland Practice 2.,link_only,media_narrative_context,1,d4d96f43d7e734ba26b0bdefe7d2d3e6ec0096e36dc05af4008d5fc7acfe69fd
asset_indy_nxt_2024_6495_results,media,series_indy_nxt,INDY NXT,2024,event_indy_nxt_2024_5477,Grand Prix of Portland,session_indy_nxt_2024_6495,practice,Practice 2,track_portland_international_raceway,Portland International Raceway,,,,pdf,link_only,Official INDY NXT session report for Grand Prix of Portland Practice 2.,link_only,media_narrative_context,1,d4d96f43d7e734ba26b0bdefe7d2d3e6ec0096e36dc05af4008d5fc7acfe69fd
asset_indy_nxt_2024_6495_section_results,media,series_indy_nxt,INDY NXT,2024,event_indy_nxt_2024_5477,Grand Prix of Portland,session_indy_nxt_2024_6495,practice,Practice 2,track_portland_international_raceway,Portland International Raceway,,,,pdf,link_only,Official INDY NXT session report for Grand Prix of Portland Practice 2.,link_only,media_narrative_context,1,d4d96f43d7e734ba26b0bdefe7d2d3e6ec0096e36dc05af4008d5fc7acfe69fd
asset_indy_nxt_2024_6495_top_section_times,media,series_indy_nxt,INDY NXT,2024,event_indy_nxt_2024_5477,Grand Prix of Portland,session_indy_nxt_2024_6495,practice,Practice 2,track_portland_international_raceway,Portland International Raceway,,,,pdf,link_only,Official INDY NXT session report for Grand Prix of Portland Practice 2.,link_only,media_narrative_context,1,d4d96f43d7e734ba26b0bdefe7d2d3e6ec0096e36dc05af4008d5fc7acfe69fd
weather_indy_nxt_open_meteo_session_indy_nxt_2024_6495,weather,series_indy_nxt,INDY NXT,2024,event_indy_nxt_2024_5477,Grand Prix of Portland,session_indy_nxt_2024_6495,practice,Practice 2,track_portland_international_raceway,Portland International Raceway,,,,grid_reanalysis,dry; overcast,dry / overcast; ambient 17.8C (Open-Meteo Historical Weather API hourly archive),modeled_medium,modeled_weather_context,1,d4d96f43d7e734ba26b0bdefe7d2d3e6ec0096e36dc05af4008d5fc7acfe69fd
asset_indy_nxt_2024_6496_overall_results,media,series_indy_nxt,INDY NXT,2024,event_indy_nxt_2024_5477,Grand Prix of Portland,session_indy_nxt_2024_6496,qualifying,Qualifications - Group 1,track_portland_international_raceway,Portland International Raceway,,,,pdf,link_only,Official INDY NXT session report for Grand Prix of Portland Qualifications - Group 1.,link_only,media_narrative_context,1,d4d96f43d7e734ba26b0bdefe7d2d3e6ec0096e36dc05af4008d5fc7acfe69fd
asset_indy_nxt_2024_6496_results,media,series_indy_nxt,INDY NXT,2024,event_indy_nxt_2024_5477,Grand Prix of Portland,session_indy_nxt_2024_6496,qualifying,Qualifications - Group 1,track_portland_international_raceway,Portland International Raceway,,,,pdf,link_only,Official INDY NXT session report for Grand Prix of Portland Qualifications - Group 1.,link_only,media_narrative_context,1,d4d96f43d7e734ba26b0bdefe7d2d3e6ec0096e36dc05af4008d5fc7acfe69fd
asset_indy_nxt_2024_6496_section_results,media,series_indy_nxt,INDY NXT,2024,event_indy_nxt_2024_5477,Grand Prix of Portland,session_indy_nxt_2024_6496,qualifying,Qualifications - Group 1,track_portland_international_raceway,Portland International Raceway,,,,pdf,link_only,Official INDY NXT session report for Grand Prix of Portland Qualifications - Group 1.,link_only,media_narrative_context,1,d4d96f43d7e734ba26b0bdefe7d2d3e6ec0096e36dc05af4008d5fc7acfe69fd
asset_indy_nxt_2024_6496_top_section_times,media,series_indy_nxt,INDY NXT,2024,event_indy_nxt_2024_5477,Grand Prix of Portland,session_indy_nxt_2024_6496,qualifying,Qualifications - Group 1,track_portland_international_raceway,Portland International Raceway,,,,pdf,link_only,Official INDY NXT session report for Grand Prix of Portland Qualifications - Group 1.,link_only,media_narrative_context,1,d4d96f43d7e734ba26b0bdefe7d2d3e6ec0096e36dc05af4008d5fc7acfe69fd
asset_indy_nxt_2024_6513_overall_results,media,series_indy_nxt,INDY NXT,2024,event_indy_nxt_2024_5477,Grand Prix of Portland,session_indy_nxt_2024_6513,qualifying,Qualifications - Group 2,track_portland_international_raceway,Portland International Raceway,,,,pdf,link_only,Official INDY NXT session report for Grand Prix of Portland Qualifications - Group 2.,link_only,media_narrative_context,1,d4d96f43d7e734ba26b0bdefe7d2d3e6ec0096e36dc05af4008d5fc7acfe69fd
asset_indy_nxt_2024_6513_results,media,series_indy_nxt,INDY NXT,2024,event_indy_nxt_2024_5477,Grand Prix of Portland,session_indy_nxt_2024_6513,qualifying,Qualifications - Group 2,track_portland_international_raceway,Portland International Raceway,,,,pdf,link_only,Official INDY NXT session report for Grand Prix of Portland Qualifications - Group 2.,link_only,media_narrative_context,1,d4d96f43d7e734ba26b0bdefe7d2d3e6ec0096e36dc05af4008d5fc7acfe69fd
asset_indy_nxt_2024_6513_section_results,media,series_indy_nxt,INDY NXT,2024,event_indy_nxt_2024_5477,Grand Prix of Portland,session_indy_nxt_2024_6513,qualifying,Qualifications - Group 2,track_portland_international_raceway,Portland International Raceway,,,,pdf,link_only,Official INDY NXT session report for Grand Prix of Portland Qualifications - Group 2.,link_only,media_narrative_context,1,d4d96f43d7e734ba26b0bdefe7d2d3e6ec0096e36dc05af4008d5fc7acfe69fd
asset_indy_nxt_2024_6513_top_section_times,media,series_indy_nxt,INDY NXT,2024,event_indy_nxt_2024_5477,Grand Prix of Portland,session_indy_nxt_2024_6513,qualifying,Qualifications - Group 2,track_portland_international_raceway,Portland International Raceway,,,,pdf,link_only,Official INDY NXT session report for Grand Prix of Portland Qualifications - Group 2.,link_only,media_narrative_context,1,d4d96f43d7e734ba26b0bdefe7d2d3e6ec0096e36dc05af4008d5fc7acfe69fd
penalty_indy_nxt_2024_6324_car_10_lap_3_yield_positions,penalty,series_indy_nxt,INDY NXT,2024,event_indy_nxt_2024_5480,Grand Prix of St. Petersburg,session_indy_nxt_2024_6324,race,Race,track_streets_of_st_petersburg,Streets of St. Petersburg,driver_reece_gold,Reece Gold,3,yield_positions,yield_positions,yield_positions: Jumping Start - Changing Columns Prior to Green,official,official_penalty_context,1,d4d96f43d7e734ba26b0bdefe7d2d3e6ec0096e36dc05af4008d5fc7acfe69fd
penalty_indy_nxt_2024_6324_car_14_lap_8_yield_positions,penalty,series_indy_nxt,INDY NXT,2024,event_indy_nxt_2024_5480,Grand Prix of St. Petersburg,session_indy_nxt_2024_6324,race,Race,track_streets_of_st_petersburg,Streets of St. Petersburg,driver_josh_pierson,Josh Pierson,8,yield_positions,yield_positions,yield_positions: Avoidable Contact,official,official_penalty_context,1,d4d96f43d7e734ba26b0bdefe7d2d3e6ec0096e36dc05af4008d5fc7acfe69fd
incident_indy_nxt_caution_2024_6324_1,incident,series_indy_nxt,INDY NXT,2024,event_indy_nxt_2024_5480,Grand Prix of St. Petersburg,session_indy_nxt_2024_6324,race,Race,track_streets_of_st_petersburg,Streets of St. Petersburg,driver_bryce_aron,Bryce Aron,32,caution_contact,caution_laps_32_to_35_duration_4,Official caution 1 ran from lap 32 to lap 35 for Contact - Car 27 - Exit of turn 10.,official,official_incident_context,1,d4d96f43d7e734ba26b0bdefe7d2d3e6ec0096e36dc05af4008d5fc7acfe69fd
incident_indy_nxt_caution_2024_6324_2,incident,series_indy_nxt,INDY NXT,2024,event_indy_nxt_2024_5480,Grand Prix of St. Petersburg,session_indy_nxt_2024_6324,race,Race,track_streets_of_st_petersburg,Streets of St. Petersburg,driver_jack_william_miller,Jack William Miller,37,caution_contact,caution_laps_37_to_37_duration_1,Official caution 2 ran from lap 37 to lap 37 for Contact - Car 40 - turn 4.,official,official_incident_context,1,d4d96f43d7e734ba26b0bdefe7d2d3e6ec0096e36dc05af4008d5fc7acfe69fd
incident_indy_nxt_status_2024_6324_driver_bryce_aron,incident,series_indy_nxt,INDY NXT,2024,event_indy_nxt_2024_5480,Grand Prix of St. Petersburg,session_indy_nxt_2024_6324,race,Race,track_streets_of_st_petersburg,Streets of St. Petersburg,driver_bryce_aron,Bryce Aron,,contact,finish_position_19_laps_31,"Official INDY NXT result status reported ""Contact"" for Bryce Aron.",official,official_incident_context,1,d4d96f43d7e734ba26b0bdefe7d2d3e6ec0096e36dc05af4008d5fc7acfe69fd
incident_indy_nxt_status_2024_6324_driver_jack_william_miller,incident,series_indy_nxt,INDY NXT,2024,event_indy_nxt_2024_5480,Grand Prix of St. Petersburg,session_indy_nxt_2024_6324,race,Race,track_streets_of_st_petersburg,Streets of St. Petersburg,driver_jack_william_miller,Jack William Miller,,contact,finish_position_18_laps_36,"Official INDY NXT result status reported ""Contact"" for Jack William Miller.",official,official_incident_context,1,d4d96f43d7e734ba26b0bdefe7d2d3e6ec0096e36dc05af4008d5fc7acfe69fd
incident_indy_nxt_status_2024_6324_driver_niels_koolen,incident,series_indy_nxt,INDY NXT,2024,event_indy_nxt_2024_5480,Grand Prix of St. Petersburg,session_indy_nxt_2024_6324,race,Race,track_streets_of_st_petersburg,Streets of St. Petersburg,driver_niels_koolen,Niels Koolen,,mechanical,finish_position_21_laps_12,"Official INDY NXT result status reported ""Mechanical"" for Niels Koolen.",official,official_incident_context,1,d4d96f43d7e734ba26b0bdefe7d2d3e6ec0096e36dc05af4008d5fc7acfe69fd
asset_indy_nxt_2024_6324_box_score,media,series_indy_nxt,INDY NXT,2024,event_indy_nxt_2024_5480,Grand Prix of St. Petersburg,session_indy_nxt_2024_6324,race,Race,track_streets_of_st_petersburg,Streets of St. Petersburg,,,,pdf,link_only,Official INDY NXT session report for Grand Prix of St. Petersburg Race.,link_only,media_narrative_context,1,d4d96f43d7e734ba26b0bdefe7d2d3e6ec0096e36dc05af4008d5fc7acfe69fd
asset_indy_nxt_2024_6324_event_summary,media,series_indy_nxt,INDY NXT,2024,event_indy_nxt_2024_5480,Grand Prix of St. Petersburg,session_indy_nxt_2024_6324,race,Race,track_streets_of_st_petersburg,Streets of St. Petersburg,,,,pdf,link_only,Official INDY NXT session report for Grand Prix of St. Petersburg Race.,link_only,media_narrative_context,1,d4d96f43d7e734ba26b0bdefe7d2d3e6ec0096e36dc05af4008d5fc7acfe69fd
asset_indy_nxt_2024_6324_lap_chart,media,series_indy_nxt,INDY NXT,2024,event_indy_nxt_2024_5480,Grand Prix of St. Petersburg,session_indy_nxt_2024_6324,race,Race,track_streets_of_st_petersburg,Streets of St. Petersburg,,,,pdf,link_only,Official INDY NXT session report for Grand Prix of St. Petersburg Race.,link_only,media_narrative_context,1,d4d96f43d7e734ba26b0bdefe7d2d3e6ec0096e36dc05af4008d5fc7acfe69fd
asset_indy_nxt_2024_6324_leader_lap_summary,media,series_indy_nxt,INDY NXT,2024,event_indy_nxt_2024_5480,Grand Prix of St. Petersburg,session_indy_nxt_2024_6324,race,Race,track_streets_of_st_petersburg,Streets of St. Petersburg,,,,pdf,link_only,Official INDY NXT session report for Grand Prix of St. Petersburg Race.,link_only,media_narrative_context,1,d4d96f43d7e734ba26b0bdefe7d2d3e6ec0096e36dc05af4008d5fc7acfe69fd
asset_indy_nxt_2024_6324_results,media,series_indy_nxt,INDY NXT,2024,event_indy_nxt_2024_5480,Grand Prix of St. Petersburg,session_indy_nxt_2024_6324,race,Race,track_streets_of_st_petersburg,Streets of St. Petersburg,,,,pdf,link_only,Official INDY NXT session report for Grand Prix of St. Petersburg Race.,link_only,media_narrative_context,1,d4d96f43d7e734ba26b0bdefe7d2d3e6ec0096e36dc05af4008d5fc7acfe69fd
asset_indy_nxt_2024_6324_section_results,media,series_indy_nxt,INDY NXT,2024,event_indy_nxt_2024_5480,Grand Prix of St. Petersburg,session_indy_nxt_2024_6324,race,Race,track_streets_of_st_petersburg,Streets of St. Petersburg,,,,pdf,link_only,Official INDY NXT session report for Grand Prix of St. Petersburg Race.,link_only,media_narrative_context,1,d4d96f43d7e734ba26b0bdefe7d2d3e6ec0096e36dc05af4008d5fc7acfe69fd
asset_indy_nxt_2024_6324_top_section_times,media,series_indy_nxt,INDY NXT,2024,event_indy_nxt_2024_5480,Grand Prix of St. Petersburg,session_indy_nxt_2024_6324,race,Race,track_streets_of_st_petersburg,Streets of St. Petersburg,,,,pdf,link_only,Official INDY NXT session report for Grand Prix of St. Petersburg Race.,link_only,media_narrative_context,1,d4d96f43d7e734ba26b0bdefe7d2d3e6ec0096e36dc05af4008d5fc7acfe69fd
racecraft_indy_nxt_2024_6324_most_improved_driver_callum_hedge,racecraft,series_indy_nxt,INDY NXT,2024,event_indy_nxt_2024_5480,Grand Prix of St. Petersburg,session_indy_nxt_2024_6324,race,Race,track_streets_of_st_petersburg,Streets of St. Petersburg,driver_callum_hedge,Callum Hedge,,start_gain,P18 to P11,"Hedge, Callum was listed as Most Improved in the official Event Summary, improving 7 positions from P18 to P11.",official,official_racecraft_context,1,d4d96f43d7e734ba26b0bdefe7d2d3e6ec0096e36dc05af4008d5fc7acfe69fd
weather_indy_nxt_open_meteo_session_indy_nxt_2024_6324,weather,series_indy_nxt,INDY NXT,2024,event_indy_nxt_2024_5480,Grand Prix of St. Petersburg,session_indy_nxt_2024_6324,race,Race,track_streets_of_st_petersburg,Streets of St. Petersburg,,,,grid_reanalysis,dry; mainly_clear,dry / mainly_clear; ambient 19.9C (Open-Meteo Historical Weather API hourly archive),modeled_medium,modeled_weather_context,1,d4d96f43d7e734ba26b0bdefe7d2d3e6ec0096e36dc05af4008d5fc7acfe69fd
asset_indy_nxt_2024_6328_results,media,series_indy_nxt,INDY NXT,2024,event_indy_nxt_2024_5480,Grand Prix of St. Petersburg,session_indy_nxt_2024_6328,practice,Practice 1,track_streets_of_st_petersburg,Streets of St. Petersburg,,,,pdf,link_only,Official INDY NXT session report for Grand Prix of St. Petersburg Practice 1.,link_only,media_narrative_context,1,d4d96f43d7e734ba26b0bdefe7d2d3e6ec0096e36dc05af4008d5fc7acfe69fd
asset_indy_nxt_2024_6328_section_results,media,series_indy_nxt,INDY NXT,2024,event_indy_nxt_2024_5480,Grand Prix of St. Petersburg,session_indy_nxt_2024_6328,practice,Practice 1,track_streets_of_st_petersburg,Streets of St. Petersburg,,,,pdf,link_only,Official INDY NXT session report for Grand Prix of St. Petersburg Practice 1.,link_only,media_narrative_context,1,d4d96f43d7e734ba26b0bdefe7d2d3e6ec0096e36dc05af4008d5fc7acfe69fd
asset_indy_nxt_2024_6328_top_section_times,media,series_indy_nxt,INDY NXT,2024,event_indy_nxt_2024_5480,Grand Prix of St. Petersburg,session_indy_nxt_2024_6328,practice,Practice 1,track_streets_of_st_petersburg,Streets of St. Petersburg,,,,pdf,link_only,Official INDY NXT session report for Grand Prix of St. Petersburg Practice 1.,link_only,media_narrative_context,1,d4d96f43d7e734ba26b0bdefe7d2d3e6ec0096e36dc05af4008d5fc7acfe69fd
weather_indy_nxt_open_meteo_session_indy_nxt_2024_6328,weather,series_indy_nxt,INDY NXT,2024,event_indy_nxt_2024_5480,Grand Prix of St. Petersburg,session_indy_nxt_2024_6328,practice,Practice 1,track_streets_of_st_petersburg,Streets of St. Petersburg,,,,grid_reanalysis,dry; overcast,dry / overcast; ambient 26.6C (Open-Meteo Historical Weather API hourly archive),modeled_medium,modeled_weather_context,1,d4d96f43d7e734ba26b0bdefe7d2d3e6ec0096e36dc05af4008d5fc7acfe69fd
asset_indy_nxt_2024_6329_combined_results,media,series_indy_nxt,INDY NXT,2024,event_indy_nxt_2024_5480,Grand Prix of St. Petersburg,session_indy_nxt_2024_6329,practice,Practice 2,track_streets_of_st_petersburg,Streets of St. Petersburg,,,,pdf,link_only,Official INDY NXT session report for Grand Prix of St. Petersburg Practice 2.,link_only,media_narrative_context,1,d4d96f43d7e734ba26b0bdefe7d2d3e6ec0096e36dc05af4008d5fc7acfe69fd
asset_indy_nxt_2024_6329_results,media,series_indy_nxt,INDY NXT,2024,event_indy_nxt_2024_5480,Grand Prix of St. Petersburg,session_indy_nxt_2024_6329,practice,Practice 2,track_streets_of_st_petersburg,Streets of St. Petersburg,,,,pdf,link_only,Official INDY NXT session report for Grand Prix of St. Petersburg Practice 2.,link_only,media_narrative_context,1,d4d96f43d7e734ba26b0bdefe7d2d3e6ec0096e36dc05af4008d5fc7acfe69fd
asset_indy_nxt_2024_6329_section_results,media,series_indy_nxt,INDY NXT,2024,event_indy_nxt_2024_5480,Grand Prix of St. Petersburg,session_indy_nxt_2024_6329,practice,Practice 2,track_streets_of_st_petersburg,Streets of St. Petersburg,,,,pdf,link_only,Official INDY NXT session report for Grand Prix of St. Petersburg Practice 2.,link_only,media_narrative_context,1,d4d96f43d7e734ba26b0bdefe7d2d3e6ec0096e36dc05af4008d5fc7acfe69fd
asset_indy_nxt_2024_6329_top_section_times,media,series_indy_nxt,INDY NXT,2024,event_indy_nxt_2024_5480,Grand Prix of St. Petersburg,session_indy_nxt_2024_6329,practice,Practice 2,track_streets_of_st_petersburg,Streets of St. Petersburg,,,,pdf,link_only,Official INDY NXT session report for Grand Prix of St. Petersburg Practice 2.,link_only,media_narrative_context,1,d4d96f43d7e734ba26b0bdefe7d2d3e6ec0096e36dc05af4008d5fc7acfe69fd
weather_indy_nxt_open_meteo_session_indy_nxt_2024_6329,weather,series_indy_nxt,INDY NXT,2024,event_indy_nxt_2024_5480,Grand Prix of St. Petersburg,session_indy_nxt_2024_6329,practice,Practice 2,track_streets_of_st_petersburg,Streets of St. Petersburg,,,,grid_reanalysis,dry; overcast,dry / overcast; ambient 22.2C (Open-Meteo Historical Weather API hourly archive),modeled_medium,modeled_weather_context,1,d4d96f43d7e734ba26b0bdefe7d2d3e6ec0096e36dc05af4008d5fc7acfe69fd
asset_indy_nxt_2024_6330_results,media,series_indy_nxt,INDY NXT,2024,event_indy_nxt_2024_5480,Grand Prix of St. Petersburg,session_indy_nxt_2024_6330,qualifying,Qualifications - Group 1,track_streets_of_st_petersburg,Streets of St. Petersburg,,,,pdf,link_only,Official INDY NXT session report for Grand Prix of St. Petersburg Qualifications - Group 1.,link_only,media_narrative_context,1,d4d96f43d7e734ba26b0bdefe7d2d3e6ec0096e36dc05af4008d5fc7acfe69fd
asset_indy_nxt_2024_6330_section_results,media,series_indy_nxt,INDY NXT,2024,event_indy_nxt_2024_5480,Grand Prix of St. Petersburg,session_indy_nxt_2024_6330,qualifying,Qualifications - Group 1,track_streets_of_st_petersburg,Streets of St. Petersburg,,,,pdf,link_only,Official INDY NXT session report for Grand Prix of St. Petersburg Qualifications - Group 1.,link_only,media_narrative_context,1,d4d96f43d7e734ba26b0bdefe7d2d3e6ec0096e36dc05af4008d5fc7acfe69fd
asset_indy_nxt_2024_6330_top_section_times,media,series_indy_nxt,INDY NXT,2024,event_indy_nxt_2024_5480,Grand Prix of St. Petersburg,session_indy_nxt_2024_6330,qualifying,Qualifications - Group 1,track_streets_of_st_petersburg,Streets of St. Petersburg,,,,pdf,link_only,Official INDY NXT session report for Grand Prix of St. Petersburg Qualifications - Group 1.,link_only,media_narrative_context,1,d4d96f43d7e734ba26b0bdefe7d2d3e6ec0096e36dc05af4008d5fc7acfe69fd
asset_indy_nxt_2024_6346_overall_results,media,series_indy_nxt,INDY NXT,2024,event_indy_nxt_2024_5480,Grand Prix of St. Petersburg,session_indy_nxt_2024_6346,qualifying,Qualifications - Group 2,track_streets_of_st_petersburg,Streets of St. Petersburg,,,,pdf,link_only,Official INDY NXT session report for Grand Prix of St. Petersburg Qualifications - Group 2.,link_only,media_narrative_context,1,d4d96f43d7e734ba26b0bdefe7d2d3e6ec0096e36dc05af4008d5fc7acfe69fd
asset_indy_nxt_2024_6346_results,media,series_indy_nxt,INDY NXT,2024,event_indy_nxt_2024_5480,Grand Prix of St. Petersburg,session_indy_nxt_2024_6346,qualifying,Qualifications - Group 2,track_streets_of_st_petersburg,Streets of St. Petersburg,,,,pdf,link_only,Official INDY NXT session report for Grand Prix of St. Petersburg Qualifications - Group 2.,link_only,media_narrative_context,1,d4d96f43d7e734ba26b0bdefe7d2d3e6ec0096e36dc05af4008d5fc7acfe69fd
asset_indy_nxt_2024_6346_section_results,media,series_indy_nxt,INDY NXT,2024,event_indy_nxt_2024_5480,Grand Prix of St. Petersburg,session_indy_nxt_2024_6346,qualifying,Qualifications - Group 2,track_streets_of_st_petersburg,Streets of St. Petersburg,,,,pdf,link_only,Official INDY NXT session report for Grand Prix of St. Petersburg Qualifications - Group 2.,link_only,media_narrative_context,1,d4d96f43d7e734ba26b0bdefe7d2d3e6ec0096e36dc05af4008d5fc7acfe69fd
asset_indy_nxt_2024_6346_top_section_times,media,series_indy_nxt,INDY NXT,2024,event_indy_nxt_2024_5480,Grand Prix of St. Petersburg,session_indy_nxt_2024_6346,qualifying,Qualifications - Group 2,track_streets_of_st_petersburg,Streets of St. Petersburg,,,,pdf,link_only,Official INDY NXT session report for Grand Prix of St. Petersburg Qualifications - Group 2.,link_only,media_narrative_context,1,d4d96f43d7e734ba26b0bdefe7d2d3e6ec0096e36dc05af4008d5fc7acfe69fd
penalty_indy_nxt_2024_6322_car_40_lap_10_stop_and_repair,penalty,series_indy_nxt,INDY NXT,2024,event_indy_nxt_2024_5478,INDY NXT By Firestone at The Milwaukee Mile,session_indy_nxt_2024_6322,race,Race,track_the_milwaukee_mile,The Milwaukee Mile,driver_jack_william_miller,Jack William Miller,10,stop_and_repair,stop_and_repair,stop_and_repair: No In-Car Radio Communication,official,official_penalty_context,1,d4d96f43d7e734ba26b0bdefe7d2d3e6ec0096e36dc05af4008d5fc7acfe69fd
incident_indy_nxt_caution_2024_6322_1,incident,series_indy_nxt,INDY NXT,2024,event_indy_nxt_2024_5478,INDY NXT By Firestone at The Milwaukee Mile,session_indy_nxt_2024_6322,race,Race,track_the_milwaukee_mile,The Milwaukee Mile,driver_myles_rowe,Myles Rowe,30,caution,caution_laps_30_to_32_duration_3,Official caution 1 ran from lap 30 to lap 32 for Spin: Car 99 in Turn 2.,official,official_incident_context,1,d4d96f43d7e734ba26b0bdefe7d2d3e6ec0096e36dc05af4008d5fc7acfe69fd
penalty_indy_nxt_2024_6322_car_39_lap_90_yield_positions,penalty,series_indy_nxt,INDY NXT,2024,event_indy_nxt_2024_5478,INDY NXT By Firestone at The Milwaukee Mile,session_indy_nxt_2024_6322,race,Race,track_the_milwaukee_mile,The Milwaukee Mile,driver_christian_brooks,Christian Brooks,90,yield_positions,positionImpact=-3,yield_positions: Blocking,official,official_penalty_context,1,d4d96f43d7e734ba26b0bdefe7d2d3e6ec0096e36dc05af4008d5fc7acfe69fd
incident_indy_nxt_status_2024_6322_driver_jack_william_miller,incident,series_indy_nxt,INDY NXT,2024,event_indy_nxt_2024_5478,INDY NXT By Firestone at The Milwaukee Mile,session_indy_nxt_2024_6322,race,Race,track_the_milwaukee_mile,The Milwaukee Mile,driver_jack_william_miller,Jack William Miller,,mechanical,finish_position_16_laps_14,"Official INDY NXT result status reported ""Mechanical"" for Jack William Miller.",official,official_incident_context,1,d4d96f43d7e734ba26b0bdefe7d2d3e6ec0096e36dc05af4008d5fc7acfe69fd
incident_indy_nxt_status_2024_6322_driver_reece_gold,incident,series_indy_nxt,INDY NXT,2024,event_indy_nxt_2024_5478,INDY NXT By Firestone at The Milwaukee Mile,session_indy_nxt_2024_6322,race,Race,track_the_milwaukee_mile,The Milwaukee Mile,driver_reece_gold,Reece Gold,,dns,finish_position_17_laps_0,"Official INDY NXT result status reported ""DNS1"" for Reece Gold.",official,official_incident_context,1,d4d96f43d7e734ba26b0bdefe7d2d3e6ec0096e36dc05af4008d5fc7acfe69fd
incident_indy_nxt_status_2024_6322_driver_taylor_ferns,incident,series_indy_nxt,INDY NXT,2024,event_indy_nxt_2024_5478,INDY NXT By Firestone at The Milwaukee Mile,session_indy_nxt_2024_6322,race,Race,track_the_milwaukee_mile,The Milwaukee Mile,driver_taylor_ferns,Taylor Ferns,,dns,finish_position_18_laps_0,"Official INDY NXT result status reported ""DNS2"" for Taylor Ferns.",official,official_incident_context,1,d4d96f43d7e734ba26b0bdefe7d2d3e6ec0096e36dc05af4008d5fc7acfe69fd
asset_indy_nxt_2024_6322_event_summary,media,series_indy_nxt,INDY NXT,2024,event_indy_nxt_2024_5478,INDY NXT By Firestone at The Milwaukee Mile,session_indy_nxt_2024_6322,race,Race,track_the_milwaukee_mile,The Milwaukee Mile,,,,pdf,link_only,Official INDY NXT session report for INDY NXT By Firestone at The Milwaukee Mile Race.,link_only,media_narrative_context,1,d4d96f43d7e734ba26b0bdefe7d2d3e6ec0096e36dc05af4008d5fc7acfe69fd
asset_indy_nxt_2024_6322_lap_chart,media,series_indy_nxt,INDY NXT,2024,event_indy_nxt_2024_5478,INDY NXT By Firestone at The Milwaukee Mile,session_indy_nxt_2024_6322,race,Race,track_the_milwaukee_mile,The Milwaukee Mile,,,,pdf,link_only,Official INDY NXT session report for INDY NXT By Firestone at The Milwaukee Mile Race.,link_only,media_narrative_context,1,d4d96f43d7e734ba26b0bdefe7d2d3e6ec0096e36dc05af4008d5fc7acfe69fd
asset_indy_nxt_2024_6322_leader_lap_summary,media,series_indy_nxt,INDY NXT,2024,event_indy_nxt_2024_5478,INDY NXT By Firestone at The Milwaukee Mile,session_indy_nxt_2024_6322,race,Race,track_the_milwaukee_mile,The Milwaukee Mile,,,,pdf,link_only,Official INDY NXT session report for INDY NXT By Firestone at The Milwaukee Mile Race.,link_only,media_narrative_context,1,d4d96f43d7e734ba26b0bdefe7d2d3e6ec0096e36dc05af4008d5fc7acfe69fd
asset_indy_nxt_2024_6322_results,media,series_indy_nxt,INDY NXT,2024,event_indy_nxt_2024_5478,INDY NXT By Firestone at The Milwaukee Mile,session_indy_nxt_2024_6322,race,Race,track_the_milwaukee_mile,The Milwaukee Mile,,,,pdf,link_only,Official INDY NXT session report for INDY NXT By Firestone at The Milwaukee Mile Race.,link_only,media_narrative_context,1,d4d96f43d7e734ba26b0bdefe7d2d3e6ec0096e36dc05af4008d5fc7acfe69fd
asset_indy_nxt_2024_6322_section_results,media,series_indy_nxt,INDY NXT,2024,event_indy_nxt_2024_5478,INDY NXT By Firestone at The Milwaukee Mile,session_indy_nxt_2024_6322,race,Race,track_the_milwaukee_mile,The Milwaukee Mile,,,,pdf,link_only,Official INDY NXT session report for INDY NXT By Firestone at The Milwaukee Mile Race.,link_only,media_narrative_context,1,d4d96f43d7e734ba26b0bdefe7d2d3e6ec0096e36dc05af4008d5fc7acfe69fd
asset_indy_nxt_2024_6322_top_section_times,media,series_indy_nxt,INDY NXT,2024,event_indy_nxt_2024_5478,INDY NXT By Firestone at The Milwaukee Mile,session_indy_nxt_2024_6322,race,Race,track_the_milwaukee_mile,The Milwaukee Mile,,,,pdf,link_only,Official INDY NXT session report for INDY NXT By Firestone at The Milwaukee Mile Race.,link_only,media_narrative_context,1,d4d96f43d7e734ba26b0bdefe7d2d3e6ec0096e36dc05af4008d5fc7acfe69fd
racecraft_indy_nxt_2024_6322_most_improved_driver_jonathan_browne,racecraft,series_indy_nxt,INDY NXT,2024,event_indy_nxt_2024_5478,INDY NXT By Firestone at The Milwaukee Mile,session_indy_nxt_2024_6322,race,Race,track_the_milwaukee_mile,The Milwaukee Mile,driver_jonathan_browne,Jonathan Browne,,start_gain,P14 to P9,"Browne, Jonathan was listed as Most Improved in the official Event Summary, improving 5 positions from P14 to P9.",official,official_racecraft_context,1,d4d96f43d7e734ba26b0bdefe7d2d3e6ec0096e36dc05af4008d5fc7acfe69fd
weather_indy_nxt_open_meteo_session_indy_nxt_2024_6322,weather,series_indy_nxt,INDY NXT,2024,event_indy_nxt_2024_5478,INDY NXT By Firestone at The Milwaukee Mile,session_indy_nxt_2024_6322,race,Race,track_the_milwaukee_mile,The Milwaukee Mile,,,,grid_reanalysis,dry; clear_sky,dry / clear_sky; ambient 28.6C (Open-Meteo Historical Weather API hourly archive),modeled_medium,modeled_weather_context,1,d4d96f43d7e734ba26b0bdefe7d2d3e6ec0096e36dc05af4008d5fc7acfe69fd
asset_indy_nxt_2024_6505_combined_results,media,series_indy_nxt,INDY NXT,2024,event_indy_nxt_2024_5478,INDY NXT By Firestone at The Milwaukee Mile,session_indy_nxt_2024_6505,practice,Practice,track_the_milwaukee_mile,The Milwaukee Mile,,,,pdf,link_only,Official INDY NXT session report for INDY NXT By Firestone at The Milwaukee Mile Practice.,link_only,media_narrative_context,1,d4d96f43d7e734ba26b0bdefe7d2d3e6ec0096e36dc05af4008d5fc7acfe69fd
asset_indy_nxt_2024_6505_results,media,series_indy_nxt,INDY NXT,2024,event_indy_nxt_2024_5478,INDY NXT By Firestone at The Milwaukee Mile,session_indy_nxt_2024_6505,practice,Practice,track_the_milwaukee_mile,The Milwaukee Mile,,,,pdf,link_only,Official INDY NXT session report for INDY NXT By Firestone at The Milwaukee Mile Practice.,link_only,media_narrative_context,1,d4d96f43d7e734ba26b0bdefe7d2d3e6ec0096e36dc05af4008d5fc7acfe69fd
asset_indy_nxt_2024_6505_section_results,media,series_indy_nxt,INDY NXT,2024,event_indy_nxt_2024_5478,INDY NXT By Firestone at The Milwaukee Mile,session_indy_nxt_2024_6505,practice,Practice,track_the_milwaukee_mile,The Milwaukee Mile,,,,pdf,link_only,Official INDY NXT session report for INDY NXT By Firestone at The Milwaukee Mile Practice.,link_only,media_narrative_context,1,d4d96f43d7e734ba26b0bdefe7d2d3e6ec0096e36dc05af4008d5fc7acfe69fd
asset_indy_nxt_2024_6505_top_section_times,media,series_indy_nxt,INDY NXT,2024,event_indy_nxt_2024_5478,INDY NXT By Firestone at The Milwaukee Mile,session_indy_nxt_2024_6505,practice,Practice,track_the_milwaukee_mile,The Milwaukee Mile,,,,pdf,link_only,Official INDY NXT session report for INDY NXT By Firestone at The Milwaukee Mile Practice.,link_only,media_narrative_context,1,d4d96f43d7e734ba26b0bdefe7d2d3e6ec0096e36dc05af4008d5fc7acfe69fd
weather_indy_nxt_open_meteo_session_indy_nxt_2024_6505,weather,series_indy_nxt,INDY NXT,2024,event_indy_nxt_2024_5478,INDY NXT By Firestone at The Milwaukee Mile,session_indy_nxt_2024_6505,practice,Practice,track_the_milwaukee_mile,The Milwaukee Mile,,,,grid_reanalysis,dry; overcast,dry / overcast; ambient 27.5C (Open-Meteo Historical Weather API hourly archive),modeled_medium,modeled_weather_context,1,d4d96f43d7e734ba26b0bdefe7d2d3e6ec0096e36dc05af4008d5fc7acfe69fd
asset_indy_nxt_2024_6506_overall_results,media,series_indy_nxt,INDY NXT,2024,event_indy_nxt_2024_5478,INDY NXT By Firestone at The Milwaukee Mile,session_indy_nxt_2024_6506,qualifying,Qualifications,track_the_milwaukee_mile,The Milwaukee Mile,,,,pdf,link_only,Official INDY NXT session report for INDY NXT By Firestone at The Milwaukee Mile Qualifications.,link_only,media_narrative_context,1,d4d96f43d7e734ba26b0bdefe7d2d3e6ec0096e36dc05af4008d5fc7acfe69fd
asset_indy_nxt_2024_6506_results,media,series_indy_nxt,INDY NXT,2024,event_indy_nxt_2024_5478,INDY NXT By Firestone at The Milwaukee Mile,session_indy_nxt_2024_6506,qualifying,Qualifications,track_the_milwaukee_mile,The Milwaukee Mile,,,,pdf,link_only,Official INDY NXT session report for INDY NXT By Firestone at The Milwaukee Mile Qualifications.,link_only,media_narrative_context,1,d4d96f43d7e734ba26b0bdefe7d2d3e6ec0096e36dc05af4008d5fc7acfe69fd
asset_indy_nxt_2024_6506_section_results,media,series_indy_nxt,INDY NXT,2024,event_indy_nxt_2024_5478,INDY NXT By Firestone at The Milwaukee Mile,session_indy_nxt_2024_6506,qualifying,Qualifications,track_the_milwaukee_mile,The Milwaukee Mile,,,,pdf,link_only,Official INDY NXT session report for INDY NXT By Firestone at The Milwaukee Mile Qualifications.,link_only,media_narrative_context,1,d4d96f43d7e734ba26b0bdefe7d2d3e6ec0096e36dc05af4008d5fc7acfe69fd
asset_indy_nxt_2024_6506_top_section_times,media,series_indy_nxt,INDY NXT,2024,event_indy_nxt_2024_5478,INDY NXT By Firestone at The Milwaukee Mile,session_indy_nxt_2024_6506,qualifying,Qualifications,track_the_milwaukee_mile,The Milwaukee Mile,,,,pdf,link_only,Official INDY NXT session report for INDY NXT By Firestone at The Milwaukee Mile Qualifications.,link_only,media_narrative_context,1,d4d96f43d7e734ba26b0bdefe7d2d3e6ec0096e36dc05af4008d5fc7acfe69fd
weather_indy_nxt_open_meteo_session_indy_nxt_2024_6506,weather,series_indy_nxt,INDY NXT,2024,event_indy_nxt_2024_5478,INDY NXT By Firestone at The Milwaukee Mile,session_indy_nxt_2024_6506,qualifying,Qualifications,track_the_milwaukee_mile,The Milwaukee Mile,,,,grid_reanalysis,dry; clear_sky,dry / clear_sky; ambient 26.9C (Open-Meteo Historical Weather API hourly archive),modeled_medium,modeled_weather_context,1,d4d96f43d7e734ba26b0bdefe7d2d3e6ec0096e36dc05af4008d5fc7acfe69fd
incident_indy_nxt_caution_2024_6319_1,incident,series_indy_nxt,INDY NXT,2024,event_indy_nxt_2024_5475,INDY NXT by Firestone at Iowa Speedway,session_indy_nxt_2024_6319,race,Race,track_iowa_speedway,Iowa Speedway,,,13,caution_contact,caution_laps_13_to_38_duration_26,Official caution 1 ran from lap 13 to lap 38 for Contact: Cars 18 and 99 in Turn 2.,official,official_incident_context,1,d4d96f43d7e734ba26b0bdefe7d2d3e6ec0096e36dc05af4008d5fc7acfe69fd
incident_indy_nxt_caution_2024_6319_2,incident,series_indy_nxt,INDY NXT,2024,event_indy_nxt_2024_5475,INDY NXT by Firestone at Iowa Speedway,session_indy_nxt_2024_6319,race,Race,track_iowa_speedway,Iowa Speedway,driver_jack_william_miller,Jack William Miller,54,caution_contact,caution_laps_54_to_55_duration_2,Official caution 2 ran from lap 54 to lap 55 for Contact: Car 40 in Turn 3.,official,official_incident_context,1,d4d96f43d7e734ba26b0bdefe7d2d3e6ec0096e36dc05af4008d5fc7acfe69fd
incident_indy_nxt_status_2024_6319_driver_caio_collet,incident,series_indy_nxt,INDY NXT,2024,event_indy_nxt_2024_5475,INDY NXT by Firestone at Iowa Speedway,session_indy_nxt_2024_6319,race,Race,track_iowa_speedway,Iowa Speedway,driver_caio_collet,Caio Collet,,contact,finish_position_17_laps_12,"Official INDY NXT result status reported ""Contact"" for Caio Collet.",official,official_incident_context,1,d4d96f43d7e734ba26b0bdefe7d2d3e6ec0096e36dc05af4008d5fc7acfe69fd
incident_indy_nxt_status_2024_6319_driver_jack_william_miller,incident,series_indy_nxt,INDY NXT,2024,event_indy_nxt_2024_5475,INDY NXT by Firestone at Iowa Speedway,session_indy_nxt_2024_6319,race,Race,track_iowa_speedway,Iowa Speedway,driver_jack_william_miller,Jack William Miller,,contact,finish_position_14_laps_52,"Official INDY NXT result status reported ""Contact"" for Jack William Miller.",official,official_incident_context,1,d4d96f43d7e734ba26b0bdefe7d2d3e6ec0096e36dc05af4008d5fc7acfe69fd
incident_indy_nxt_status_2024_6319_driver_myles_rowe,incident,series_indy_nxt,INDY NXT,2024,event_indy_nxt_2024_5475,INDY NXT by Firestone at Iowa Speedway,session_indy_nxt_2024_6319,race,Race,track_iowa_speedway,Iowa Speedway,driver_myles_rowe,Myles Rowe,,contact,finish_position_18_laps_12,"Official INDY NXT result status reported ""Contact"" for Myles Rowe.",official,official_incident_context,1,d4d96f43d7e734ba26b0bdefe7d2d3e6ec0096e36dc05af4008d5fc7acfe69fd
asset_indy_nxt_2024_6319_box_score,media,series_indy_nxt,INDY NXT,2024,event_indy_nxt_2024_5475,INDY NXT by Firestone at Iowa Speedway,session_indy_nxt_2024_6319,race,Race,track_iowa_speedway,Iowa Speedway,,,,pdf,link_only,Official INDY NXT session report for INDY NXT by Firestone at Iowa Speedway Race.,link_only,media_narrative_context,1,d4d96f43d7e734ba26b0bdefe7d2d3e6ec0096e36dc05af4008d5fc7acfe69fd
asset_indy_nxt_2024_6319_event_summary,media,series_indy_nxt,INDY NXT,2024,event_indy_nxt_2024_5475,INDY NXT by Firestone at Iowa Speedway,session_indy_nxt_2024_6319,race,Race,track_iowa_speedway,Iowa Speedway,,,,pdf,link_only,Official INDY NXT session report for INDY NXT by Firestone at Iowa Speedway Race.,link_only,media_narrative_context,1,d4d96f43d7e734ba26b0bdefe7d2d3e6ec0096e36dc05af4008d5fc7acfe69fd
asset_indy_nxt_2024_6319_lap_chart,media,series_indy_nxt,INDY NXT,2024,event_indy_nxt_2024_5475,INDY NXT by Firestone at Iowa Speedway,session_indy_nxt_2024_6319,race,Race,track_iowa_speedway,Iowa Speedway,,,,pdf,link_only,Official INDY NXT session report for INDY NXT by Firestone at Iowa Speedway Race.,link_only,media_narrative_context,1,d4d96f43d7e734ba26b0bdefe7d2d3e6ec0096e36dc05af4008d5fc7acfe69fd
asset_indy_nxt_2024_6319_leader_lap_summary,media,series_indy_nxt,INDY NXT,2024,event_indy_nxt_2024_5475,INDY NXT by Firestone at Iowa Speedway,session_indy_nxt_2024_6319,race,Race,track_iowa_speedway,Iowa Speedway,,,,pdf,link_only,Official INDY NXT session report for INDY NXT by Firestone at Iowa Speedway Race.,link_only,media_narrative_context,1,d4d96f43d7e734ba26b0bdefe7d2d3e6ec0096e36dc05af4008d5fc7acfe69fd
asset_indy_nxt_2024_6319_results,media,series_indy_nxt,INDY NXT,2024,event_indy_nxt_2024_5475,INDY NXT by Firestone at Iowa Speedway,session_indy_nxt_2024_6319,race,Race,track_iowa_speedway,Iowa Speedway,,,,pdf,link_only,Official INDY NXT session report for INDY NXT by Firestone at Iowa Speedway Race.,link_only,media_narrative_context,1,d4d96f43d7e734ba26b0bdefe7d2d3e6ec0096e36dc05af4008d5fc7acfe69fd
asset_indy_nxt_2024_6319_section_results,media,series_indy_nxt,INDY NXT,2024,event_indy_nxt_2024_5475,INDY NXT by Firestone at Iowa Speedway,session_indy_nxt_2024_6319,race,Race,track_iowa_speedway,Iowa Speedway,,,,pdf,link_only,Official INDY NXT session report for INDY NXT by Firestone at Iowa Speedway Race.,link_only,media_narrative_context,1,d4d96f43d7e734ba26b0bdefe7d2d3e6ec0096e36dc05af4008d5fc7acfe69fd
asset_indy_nxt_2024_6319_top_section_times,media,series_indy_nxt,INDY NXT,2024,event_indy_nxt_2024_5475,INDY NXT by Firestone at Iowa Speedway,session_indy_nxt_2024_6319,race,Race,track_iowa_speedway,Iowa Speedway,,,,pdf,link_only,Official INDY NXT session report for INDY NXT by Firestone at Iowa Speedway Race.,link_only,media_narrative_context,1,d4d96f43d7e734ba26b0bdefe7d2d3e6ec0096e36dc05af4008d5fc7acfe69fd
racecraft_indy_nxt_2024_6319_most_improved_driver_salvador_de_alba,racecraft,series_indy_nxt,INDY NXT,2024,event_indy_nxt_2024_5475,INDY NXT by Firestone at Iowa Speedway,session_indy_nxt_2024_6319,race,Race,track_iowa_speedway,Iowa Speedway,driver_salvador_de_alba,Salvador de Alba,,start_gain,P10 to P3,"de Alba Jr, Salvador was listed as Most Improved in the official Event Summary, improving 7 positions from P10 to P3.",official,official_racecraft_context,1,d4d96f43d7e734ba26b0bdefe7d2d3e6ec0096e36dc05af4008d5fc7acfe69fd
weather_indy_nxt_open_meteo_session_indy_nxt_2024_6319,weather,series_indy_nxt,INDY NXT,2024,event_indy_nxt_2024_5475,INDY NXT by Firestone at Iowa Speedway,session_indy_nxt_2024_6319,race,Race,track_iowa_speedway,Iowa Speedway,,,,grid_reanalysis,dry; overcast,dry / overcast; ambient 30.2C (Open-Meteo Historical Weather API hourly archive),modeled_medium,modeled_weather_context,1,d4d96f43d7e734ba26b0bdefe7d2d3e6ec0096e36dc05af4008d5fc7acfe69fd
asset_indy_nxt_2024_6437_results,media,series_indy_nxt,INDY NXT,2024,event_indy_nxt_2024_5475,INDY NXT by Firestone at Iowa Speedway,session_indy_nxt_2024_6437,practice,Practice,track_iowa_speedway,Iowa Speedway,,,,pdf,link_only,Official INDY NXT session report for INDY NXT by Firestone at Iowa Speedway Practice.,link_only,media_narrative_context,1,d4d96f43d7e734ba26b0bdefe7d2d3e6ec0096e36dc05af4008d5fc7acfe69fd
asset_indy_nxt_2024_6437_section_results,media,series_indy_nxt,INDY NXT,2024,event_indy_nxt_2024_5475,INDY NXT by Firestone at Iowa Speedway,session_indy_nxt_2024_6437,practice,Practice,track_iowa_speedway,Iowa Speedway,,,,pdf,link_only,Official INDY NXT session report for INDY NXT by Firestone at Iowa Speedway Practice.,link_only,media_narrative_context,1,d4d96f43d7e734ba26b0bdefe7d2d3e6ec0096e36dc05af4008d5fc7acfe69fd
asset_indy_nxt_2024_6437_top_section_times,media,series_indy_nxt,INDY NXT,2024,event_indy_nxt_2024_5475,INDY NXT by Firestone at Iowa Speedway,session_indy_nxt_2024_6437,practice,Practice,track_iowa_speedway,Iowa Speedway,,,,pdf,link_only,Official INDY NXT session report for INDY NXT by Firestone at Iowa Speedway Practice.,link_only,media_narrative_context,1,d4d96f43d7e734ba26b0bdefe7d2d3e6ec0096e36dc05af4008d5fc7acfe69fd
weather_indy_nxt_open_meteo_session_indy_nxt_2024_6437,weather,series_indy_nxt,INDY NXT,2024,event_indy_nxt_2024_5475,INDY NXT by Firestone at Iowa Speedway,session_indy_nxt_2024_6437,practice,Practice,track_iowa_speedway,Iowa Speedway,,,,grid_reanalysis,dry; clear_sky,dry / clear_sky; ambient 27.9C (Open-Meteo Historical Weather API hourly archive),modeled_medium,modeled_weather_context,1,d4d96f43d7e734ba26b0bdefe7d2d3e6ec0096e36dc05af4008d5fc7acfe69fd
asset_indy_nxt_2024_6438_overall_results,media,series_indy_nxt,INDY NXT,2024,event_indy_nxt_2024_5475,INDY NXT by Firestone at Iowa Speedway,session_indy_nxt_2024_6438,qualifying,Qualifications,track_iowa_speedway,Iowa Speedway,,,,pdf,link_only,Official INDY NXT session report for INDY NXT by Firestone at Iowa Speedway Qualifications.,link_only,media_narrative_context,1,d4d96f43d7e734ba26b0bdefe7d2d3e6ec0096e36dc05af4008d5fc7acfe69fd
asset_indy_nxt_2024_6438_results,media,series_indy_nxt,INDY NXT,2024,event_indy_nxt_2024_5475,INDY NXT by Firestone at Iowa Speedway,session_indy_nxt_2024_6438,qualifying,Qualifications,track_iowa_speedway,Iowa Speedway,,,,pdf,link_only,Official INDY NXT session report for INDY NXT by Firestone at Iowa Speedway Qualifications.,link_only,media_narrative_context,1,d4d96f43d7e734ba26b0bdefe7d2d3e6ec0096e36dc05af4008d5fc7acfe69fd
asset_indy_nxt_2024_6438_section_results,media,series_indy_nxt,INDY NXT,2024,event_indy_nxt_2024_5475,INDY NXT by Firestone at Iowa Speedway,session_indy_nxt_2024_6438,qualifying,Qualifications,track_iowa_speedway,Iowa Speedway,,,,pdf,link_only,Official INDY NXT session report for INDY NXT by Firestone at Iowa Speedway Qualifications.,link_only,media_narrative_context,1,d4d96f43d7e734ba26b0bdefe7d2d3e6ec0096e36dc05af4008d5fc7acfe69fd
asset_indy_nxt_2024_6438_top_section_times,media,series_indy_nxt,INDY NXT,2024,event_indy_nxt_2024_5475,INDY NXT by Firestone at Iowa Speedway,session_indy_nxt_2024_6438,qualifying,Qualifications,track_iowa_speedway,Iowa Speedway,,,,pdf,link_only,Official INDY NXT session report for INDY NXT by Firestone at Iowa Speedway Qualifications.,link_only,media_narrative_context,1,d4d96f43d7e734ba26b0bdefe7d2d3e6ec0096e36dc05af4008d5fc7acfe69fd
weather_indy_nxt_open_meteo_session_indy_nxt_2024_6438,weather,series_indy_nxt,INDY NXT,2024,event_indy_nxt_2024_5475,INDY NXT by Firestone at Iowa Speedway,session_indy_nxt_2024_6438,qualifying,Qualifications,track_iowa_speedway,Iowa Speedway,,,,grid_reanalysis,wet; moderate_drizzle,wet / moderate_drizzle; ambient 28.3C (Open-Meteo Historical Weather API hourly archive),modeled_medium,modeled_weather_context,1,d4d96f43d7e734ba26b0bdefe7d2d3e6ec0096e36dc05af4008d5fc7acfe69fd
penalty_indy_nxt_2024_6315_car_99_lap_2_yield_positions,penalty,series_indy_nxt,INDY NXT,2024,event_indy_nxt_2024_5471,Indianapolis Grand Prix Race 1,session_indy_nxt_2024_6315,race,Race,track_indianapolis_motor_speedway_road_course,Indianapolis Motor Speedway Road Course,driver_myles_rowe,Myles Rowe,2,yield_positions,yield_positions,yield_positions: Short Cutting the Course,official,official_penalty_context,1,d4d96f43d7e734ba26b0bdefe7d2d3e6ec0096e36dc05af4008d5fc7acfe69fd
penalty_indy_nxt_2024_6315_car_11_lap_5_yield_positions,penalty,series_indy_nxt,INDY NXT,2024,event_indy_nxt_2024_5471,Indianapolis Grand Prix Race 1,session_indy_nxt_2024_6315,race,Race,track_indianapolis_motor_speedway_road_course,Indianapolis Motor Speedway Road Course,driver_nolan_allaer,Nolan Allaer,5,yield_positions,yield_positions,yield_positions: Short Cutting the Course,official,official_penalty_context,1,d4d96f43d7e734ba26b0bdefe7d2d3e6ec0096e36dc05af4008d5fc7acfe69fd
penalty_indy_nxt_2024_6315_car_18_lap_6_drive_through,penalty,series_indy_nxt,INDY NXT,2024,event_indy_nxt_2024_5471,Indianapolis Grand Prix Race 1,session_indy_nxt_2024_6315,race,Race,track_indianapolis_motor_speedway_road_course,Indianapolis Motor Speedway Road Course,driver_caio_collet,Caio Collet,6,drive_through,drive_through,drive_through: Blocking,official,official_penalty_context,1,d4d96f43d7e734ba26b0bdefe7d2d3e6ec0096e36dc05af4008d5fc7acfe69fd
penalty_indy_nxt_2024_6315_car_29_lap_12_drive_through,penalty,series_indy_nxt,INDY NXT,2024,event_indy_nxt_2024_5471,Indianapolis Grand Prix Race 1,session_indy_nxt_2024_6315,race,Race,track_indianapolis_motor_speedway_road_course,Indianapolis Motor Speedway Road Course,driver_james_roe,James Roe,12,drive_through,drive_through,drive_through: Improper Pit Exit,official,official_penalty_context,1,d4d96f43d7e734ba26b0bdefe7d2d3e6ec0096e36dc05af4008d5fc7acfe69fd
incident_indy_nxt_caution_2024_6315_1,incident,series_indy_nxt,INDY NXT,2024,event_indy_nxt_2024_5471,Indianapolis Grand Prix Race 1,session_indy_nxt_2024_6315,race,Race,track_indianapolis_motor_speedway_road_course,Indianapolis Motor Speedway Road Course,driver_yuven_sundaramoorthy,Yuven Sundaramoorthy,21,caution_off_course,caution_laps_21_to_25_duration_5,Official caution 1 ran from lap 21 to lap 25 for Off Course: Car 22 in Turn 4.,official,official_incident_context,1,d4d96f43d7e734ba26b0bdefe7d2d3e6ec0096e36dc05af4008d5fc7acfe69fd
penalty_indy_nxt_2024_6315_car_3_lap_26_back_of_field,penalty,series_indy_nxt,INDY NXT,2024,event_indy_nxt_2024_5471,Indianapolis Grand Prix Race 1,session_indy_nxt_2024_6315,race,Race,track_indianapolis_motor_speedway_road_course,Indianapolis Motor Speedway Road Course,driver_michael_d_orlando,Michael d'Orlando,26,back_of_field,back_of_field,back_of_field: Avoidable Contact,official,official_penalty_context,1,d4d96f43d7e734ba26b0bdefe7d2d3e6ec0096e36dc05af4008d5fc7acfe69fd
incident_indy_nxt_caution_2024_6315_2,incident,series_indy_nxt,INDY NXT,2024,event_indy_nxt_2024_5471,Indianapolis Grand Prix Race 1,session_indy_nxt_2024_6315,race,Race,track_indianapolis_motor_speedway_road_course,Indianapolis Motor Speedway Road Course,driver_jordan_missig,Jordan Missig,30,caution_contact,caution_laps_30_to_31_duration_2,Official caution 2 ran from lap 30 to lap 31 for Contact: Car 21 in Turn 7.,official,official_incident_context,1,d4d96f43d7e734ba26b0bdefe7d2d3e6ec0096e36dc05af4008d5fc7acfe69fd
asset_indy_nxt_2024_6315_box_score,media,series_indy_nxt,INDY NXT,2024,event_indy_nxt_2024_5471,Indianapolis Grand Prix Race 1,session_indy_nxt_2024_6315,race,Race,track_indianapolis_motor_speedway_road_course,Indianapolis Motor Speedway Road Course,,,,pdf,link_only,Official INDY NXT session report for Indianapolis Grand Prix Race 1 Race.,link_only,media_narrative_context,1,d4d96f43d7e734ba26b0bdefe7d2d3e6ec0096e36dc05af4008d5fc7acfe69fd
asset_indy_nxt_2024_6315_event_summary,media,series_indy_nxt,INDY NXT,2024,event_indy_nxt_2024_5471,Indianapolis Grand Prix Race 1,session_indy_nxt_2024_6315,race,Race,track_indianapolis_motor_speedway_road_course,Indianapolis Motor Speedway Road Course,,,,pdf,link_only,Official INDY NXT session report for Indianapolis Grand Prix Race 1 Race.,link_only,media_narrative_context,1,d4d96f43d7e734ba26b0bdefe7d2d3e6ec0096e36dc05af4008d5fc7acfe69fd
asset_indy_nxt_2024_6315_lap_chart,media,series_indy_nxt,INDY NXT,2024,event_indy_nxt_2024_5471,Indianapolis Grand Prix Race 1,session_indy_nxt_2024_6315,race,Race,track_indianapolis_motor_speedway_road_course,Indianapolis Motor Speedway Road Course,,,,pdf,link_only,Official INDY NXT session report for Indianapolis Grand Prix Race 1 Race.,link_only,media_narrative_context,1,d4d96f43d7e734ba26b0bdefe7d2d3e6ec0096e36dc05af4008d5fc7acfe69fd
asset_indy_nxt_2024_6315_leader_lap_summary,media,series_indy_nxt,INDY NXT,2024,event_indy_nxt_2024_5471,Indianapolis Grand Prix Race 1,session_indy_nxt_2024_6315,race,Race,track_indianapolis_motor_speedway_road_course,Indianapolis Motor Speedway Road Course,,,,pdf,link_only,Official INDY NXT session report for Indianapolis Grand Prix Race 1 Race.,link_only,media_narrative_context,1,d4d96f43d7e734ba26b0bdefe7d2d3e6ec0096e36dc05af4008d5fc7acfe69fd
asset_indy_nxt_2024_6315_results,media,series_indy_nxt,INDY NXT,2024,event_indy_nxt_2024_5471,Indianapolis Grand Prix Race 1,session_indy_nxt_2024_6315,race,Race,track_indianapolis_motor_speedway_road_course,Indianapolis Motor Speedway Road Course,,,,pdf,link_only,Official INDY NXT session report for Indianapolis Grand Prix Race 1 Race.,link_only,media_narrative_context,1,d4d96f43d7e734ba26b0bdefe7d2d3e6ec0096e36dc05af4008d5fc7acfe69fd
asset_indy_nxt_2024_6315_section_results,media,series_indy_nxt,INDY NXT,2024,event_indy_nxt_2024_5471,Indianapolis Grand Prix Race 1,session_indy_nxt_2024_6315,race,Race,track_indianapolis_motor_speedway_road_course,Indianapolis Motor Speedway Road Course,,,,pdf,link_only,Official INDY NXT session report for Indianapolis Grand Prix Race 1 Race.,link_only,media_narrative_context,1,d4d96f43d7e734ba26b0bdefe7d2d3e6ec0096e36dc05af4008d5fc7acfe69fd
asset_indy_nxt_2024_6315_top_section_times,media,series_indy_nxt,INDY NXT,2024,event_indy_nxt_2024_5471,Indianapolis Grand Prix Race 1,session_indy_nxt_2024_6315,race,Race,track_indianapolis_motor_speedway_road_course,Indianapolis Motor Speedway Road Course,,,,pdf,link_only,Official INDY NXT session report for Indianapolis Grand Prix Race 1 Race.,link_only,media_narrative_context,1,d4d96f43d7e734ba26b0bdefe7d2d3e6ec0096e36dc05af4008d5fc7acfe69fd
racecraft_indy_nxt_2024_6315_most_improved_driver_niels_koolen,racecraft,series_indy_nxt,INDY NXT,2024,event_indy_nxt_2024_5471,Indianapolis Grand Prix Race 1,session_indy_nxt_2024_6315,race,Race,track_indianapolis_motor_speedway_road_course,Indianapolis Motor Speedway Road Course,driver_niels_koolen,Niels Koolen,,start_gain,P19 to P10,"Koolen, Niels was listed as Most Improved in the official Event Summary, improving 9 positions from P19 to P10.",official,official_racecraft_context,1,d4d96f43d7e734ba26b0bdefe7d2d3e6ec0096e36dc05af4008d5fc7acfe69fd
weather_indy_nxt_open_meteo_session_indy_nxt_2024_6315,weather,series_indy_nxt,INDY NXT,2024,event_indy_nxt_2024_5471,Indianapolis Grand Prix Race 1,session_indy_nxt_2024_6315,race,Race,track_indianapolis_motor_speedway_road_course,Indianapolis Motor Speedway Road Course,,,,grid_reanalysis,dry; overcast,dry / overcast; ambient 17.5C (Open-Meteo Historical Weather API hourly archive),modeled_medium,modeled_weather_context,1,d4d96f43d7e734ba26b0bdefe7d2d3e6ec0096e36dc05af4008d5fc7acfe69fd
asset_indy_nxt_2024_6365_results,media,series_indy_nxt,INDY NXT,2024,event_indy_nxt_2024_5471,Indianapolis Grand Prix Race 1,session_indy_nxt_2024_6365,practice,Practice,track_indianapolis_motor_speedway_road_course,Indianapolis Motor Speedway Road Course,,,,pdf,link_only,Official INDY NXT session report for Indianapolis Grand Prix Race 1 Practice.,link_only,media_narrative_context,1,d4d96f43d7e734ba26b0bdefe7d2d3e6ec0096e36dc05af4008d5fc7acfe69fd
asset_indy_nxt_2024_6365_section_results,media,series_indy_nxt,INDY NXT,2024,event_indy_nxt_2024_5471,Indianapolis Grand Prix Race 1,session_indy_nxt_2024_6365,practice,Practice,track_indianapolis_motor_speedway_road_course,Indianapolis Motor Speedway Road Course,,,,pdf,link_only,Official INDY NXT session report for Indianapolis Grand Prix Race 1 Practice.,link_only,media_narrative_context,1,d4d96f43d7e734ba26b0bdefe7d2d3e6ec0096e36dc05af4008d5fc7acfe69fd
asset_indy_nxt_2024_6365_top_section_times,media,series_indy_nxt,INDY NXT,2024,event_indy_nxt_2024_5471,Indianapolis Grand Prix Race 1,session_indy_nxt_2024_6365,practice,Practice,track_indianapolis_motor_speedway_road_course,Indianapolis Motor Speedway Road Course,,,,pdf,link_only,Official INDY NXT session report for Indianapolis Grand Prix Race 1 Practice.,link_only,media_narrative_context,1,d4d96f43d7e734ba26b0bdefe7d2d3e6ec0096e36dc05af4008d5fc7acfe69fd
weather_indy_nxt_open_meteo_session_indy_nxt_2024_6365,weather,series_indy_nxt,INDY NXT,2024,event_indy_nxt_2024_5471,Indianapolis Grand Prix Race 1,session_indy_nxt_2024_6365,practice,Practice,track_indianapolis_motor_speedway_road_course,Indianapolis Motor Speedway Road Course,,,,grid_reanalysis,dry; clear_sky,dry / clear_sky; ambient 15.7C (Open-Meteo Historical Weather API hourly archive),modeled_medium,modeled_weather_context,1,d4d96f43d7e734ba26b0bdefe7d2d3e6ec0096e36dc05af4008d5fc7acfe69fd
asset_indy_nxt_2024_6366_results,media,series_indy_nxt,INDY NXT,2024,event_indy_nxt_2024_5471,Indianapolis Grand Prix Race 1,session_indy_nxt_2024_6366,qualifying,Qualifications - Race 1 Group 1,track_indianapolis_motor_speedway_road_course,Indianapolis Motor Speedway Road Course,,,,pdf,link_only,Official INDY NXT session report for Indianapolis Grand Prix Race 1 Qualifications - Race 1 Group 1.,link_only,media_narrative_context,1,d4d96f43d7e734ba26b0bdefe7d2d3e6ec0096e36dc05af4008d5fc7acfe69fd
asset_indy_nxt_2024_6366_section_results,media,series_indy_nxt,INDY NXT,2024,event_indy_nxt_2024_5471,Indianapolis Grand Prix Race 1,session_indy_nxt_2024_6366,qualifying,Qualifications - Race 1 Group 1,track_indianapolis_motor_speedway_road_course,Indianapolis Motor Speedway Road Course,,,,pdf,link_only,Official INDY NXT session report for Indianapolis Grand Prix Race 1 Qualifications - Race 1 Group 1.,link_only,media_narrative_context,1,d4d96f43d7e734ba26b0bdefe7d2d3e6ec0096e36dc05af4008d5fc7acfe69fd
asset_indy_nxt_2024_6366_top_section_times,media,series_indy_nxt,INDY NXT,2024,event_indy_nxt_2024_5471,Indianapolis Grand Prix Race 1,session_indy_nxt_2024_6366,qualifying,Qualifications - Race 1 Group 1,track_indianapolis_motor_speedway_road_course,Indianapolis Motor Speedway Road Course,,,,pdf,link_only,Official INDY NXT session report for Indianapolis Grand Prix Race 1 Qualifications - Race 1 Group 1.,link_only,media_narrative_context,1,d4d96f43d7e734ba26b0bdefe7d2d3e6ec0096e36dc05af4008d5fc7acfe69fd
asset_indy_nxt_2024_6367_overall_results,media,series_indy_nxt,INDY NXT,2024,event_indy_nxt_2024_5471,Indianapolis Grand Prix Race 1,session_indy_nxt_2024_6367,qualifying,Qualifications - Race 1 Group 2,track_indianapolis_motor_speedway_road_course,Indianapolis Motor Speedway Road Course,,,,pdf,link_only,Official INDY NXT session report for Indianapolis Grand Prix Race 1 Qualifications - Race 1 Group 2.,link_only,media_narrative_context,1,d4d96f43d7e734ba26b0bdefe7d2d3e6ec0096e36dc05af4008d5fc7acfe69fd
asset_indy_nxt_2024_6367_results,media,series_indy_nxt,INDY NXT,2024,event_indy_nxt_2024_5471,Indianapolis Grand Prix Race 1,session_indy_nxt_2024_6367,qualifying,Qualifications - Race 1 Group 2,track_indianapolis_motor_speedway_road_course,Indianapolis Motor Speedway Road Course,,,,pdf,link_only,Official INDY NXT session report for Indianapolis Grand Prix Race 1 Qualifications - Race 1 Group 2.,link_only,media_narrative_context,1,d4d96f43d7e734ba26b0bdefe7d2d3e6ec0096e36dc05af4008d5fc7acfe69fd
asset_indy_nxt_2024_6367_section_results,media,series_indy_nxt,INDY NXT,2024,event_indy_nxt_2024_5471,Indianapolis Grand Prix Race 1,session_indy_nxt_2024_6367,qualifying,Qualifications - Race 1 Group 2,track_indianapolis_motor_speedway_road_course,Indianapolis Motor Speedway Road Course,,,,pdf,link_only,Official INDY NXT session report for Indianapolis Grand Prix Race 1 Qualifications - Race 1 Group 2.,link_only,media_narrative_context,1,d4d96f43d7e734ba26b0bdefe7d2d3e6ec0096e36dc05af4008d5fc7acfe69fd
asset_indy_nxt_2024_6367_top_section_times,media,series_indy_nxt,INDY NXT,2024,event_indy_nxt_2024_5471,Indianapolis Grand Prix Race 1,session_indy_nxt_2024_6367,qualifying,Qualifications - Race 1 Group 2,track_indianapolis_motor_speedway_road_course,Indianapolis Motor Speedway Road Course,,,,pdf,link_only,Official INDY NXT session report for Indianapolis Grand Prix Race 1 Qualifications - Race 1 Group 2.,link_only,media_narrative_context,1,d4d96f43d7e734ba26b0bdefe7d2d3e6ec0096e36dc05af4008d5fc7acfe69fd
penalty_indy_nxt_2024_6325_car_14_lap_3_yield_positions,penalty,series_indy_nxt,INDY NXT,2024,event_indy_nxt_2024_5481,Indianapolis Grand Prix Race 2,session_indy_nxt_2024_6325,race,Race,track_indianapolis_motor_speedway_road_course,Indianapolis Motor Speedway Road Course,driver_josh_pierson,Josh Pierson,3,yield_positions,positionImpact=-2,yield_positions: Track Limits,official,official_penalty_context,1,d4d96f43d7e734ba26b0bdefe7d2d3e6ec0096e36dc05af4008d5fc7acfe69fd
penalty_indy_nxt_2024_6325_car_27_lap_5_drive_through,penalty,series_indy_nxt,INDY NXT,2024,event_indy_nxt_2024_5481,Indianapolis Grand Prix Race 2,session_indy_nxt_2024_6325,race,Race,track_indianapolis_motor_speedway_road_course,Indianapolis Motor Speedway Road Course,driver_bryce_aron,Bryce Aron,5,drive_through,drive_through,drive_through: Avoidable Contact,official,official_penalty_context,1,d4d96f43d7e734ba26b0bdefe7d2d3e6ec0096e36dc05af4008d5fc7acfe69fd
penalty_indy_nxt_2024_6325_car_99_lap_7_yield_positions,penalty,series_indy_nxt,INDY NXT,2024,event_indy_nxt_2024_5481,Indianapolis Grand Prix Race 2,session_indy_nxt_2024_6325,race,Race,track_indianapolis_motor_speedway_road_course,Indianapolis Motor Speedway Road Course,driver_myles_rowe,Myles Rowe,7,yield_positions,yield_positions,yield_positions: Track Limits,official,official_penalty_context,1,d4d96f43d7e734ba26b0bdefe7d2d3e6ec0096e36dc05af4008d5fc7acfe69fd
asset_indy_nxt_2024_6325_box_score,media,series_indy_nxt,INDY NXT,2024,event_indy_nxt_2024_5481,Indianapolis Grand Prix Race 2,session_indy_nxt_2024_6325,race,Race,track_indianapolis_motor_speedway_road_course,Indianapolis Motor Speedway Road Course,,,,pdf,link_only,Official INDY NXT session report for Indianapolis Grand Prix Race 2 Race.,link_only,media_narrative_context,1,d4d96f43d7e734ba26b0bdefe7d2d3e6ec0096e36dc05af4008d5fc7acfe69fd
asset_indy_nxt_2024_6325_event_summary,media,series_indy_nxt,INDY NXT,2024,event_indy_nxt_2024_5481,Indianapolis Grand Prix Race 2,session_indy_nxt_2024_6325,race,Race,track_indianapolis_motor_speedway_road_course,Indianapolis Motor Speedway Road Course,,,,pdf,link_only,Official INDY NXT session report for Indianapolis Grand Prix Race 2 Race.,link_only,media_narrative_context,1,d4d96f43d7e734ba26b0bdefe7d2d3e6ec0096e36dc05af4008d5fc7acfe69fd
asset_indy_nxt_2024_6325_lap_chart,media,series_indy_nxt,INDY NXT,2024,event_indy_nxt_2024_5481,Indianapolis Grand Prix Race 2,session_indy_nxt_2024_6325,race,Race,track_indianapolis_motor_speedway_road_course,Indianapolis Motor Speedway Road Course,,,,pdf,link_only,Official INDY NXT session report for Indianapolis Grand Prix Race 2 Race.,link_only,media_narrative_context,1,d4d96f43d7e734ba26b0bdefe7d2d3e6ec0096e36dc05af4008d5fc7acfe69fd
asset_indy_nxt_2024_6325_leader_lap_summary,media,series_indy_nxt,INDY NXT,2024,event_indy_nxt_2024_5481,Indianapolis Grand Prix Race 2,session_indy_nxt_2024_6325,race,Race,track_indianapolis_motor_speedway_road_course,Indianapolis Motor Speedway Road Course,,,,pdf,link_only,Official INDY NXT session report for Indianapolis Grand Prix Race 2 Race.,link_only,media_narrative_context,1,d4d96f43d7e734ba26b0bdefe7d2d3e6ec0096e36dc05af4008d5fc7acfe69fd
asset_indy_nxt_2024_6325_results,media,series_indy_nxt,INDY NXT,2024,event_indy_nxt_2024_5481,Indianapolis Grand Prix Race 2,session_indy_nxt_2024_6325,race,Race,track_indianapolis_motor_speedway_road_course,Indianapolis Motor Speedway Road Course,,,,pdf,link_only,Official INDY NXT session report for Indianapolis Grand Prix Race 2 Race.,link_only,media_narrative_context,1,d4d96f43d7e734ba26b0bdefe7d2d3e6ec0096e36dc05af4008d5fc7acfe69fd
asset_indy_nxt_2024_6325_section_results,media,series_indy_nxt,INDY NXT,2024,event_indy_nxt_2024_5481,Indianapolis Grand Prix Race 2,session_indy_nxt_2024_6325,race,Race,track_indianapolis_motor_speedway_road_course,Indianapolis Motor Speedway Road Course,,,,pdf,link_only,Official INDY NXT session report for Indianapolis Grand Prix Race 2 Race.,link_only,media_narrative_context,1,d4d96f43d7e734ba26b0bdefe7d2d3e6ec0096e36dc05af4008d5fc7acfe69fd
asset_indy_nxt_2024_6325_top_section_times,media,series_indy_nxt,INDY NXT,2024,event_indy_nxt_2024_5481,Indianapolis Grand Prix Race 2,session_indy_nxt_2024_6325,race,Race,track_indianapolis_motor_speedway_road_course,Indianapolis Motor Speedway Road Course,,,,pdf,link_only,Official INDY NXT session report for Indianapolis Grand Prix Race 2 Race.,link_only,media_narrative_context,1,d4d96f43d7e734ba26b0bdefe7d2d3e6ec0096e36dc05af4008d5fc7acfe69fd
racecraft_indy_nxt_2024_6325_most_improved_driver_niels_koolen,racecraft,series_indy_nxt,INDY NXT,2024,event_indy_nxt_2024_5481,Indianapolis Grand Prix Race 2,session_indy_nxt_2024_6325,race,Race,track_indianapolis_motor_speedway_road_course,Indianapolis Motor Speedway Road Course,driver_niels_koolen,Niels Koolen,,start_gain,P19 to P14,"Koolen, Niels was listed as Most Improved in the official Event Summary, improving 5 positions from P19 to P14.",official,official_racecraft_context,1,d4d96f43d7e734ba26b0bdefe7d2d3e6ec0096e36dc05af4008d5fc7acfe69fd
weather_indy_nxt_open_meteo_session_indy_nxt_2024_6325,weather,series_indy_nxt,INDY NXT,2024,event_indy_nxt_2024_5481,Indianapolis Grand Prix Race 2,session_indy_nxt_2024_6325,race,Race,track_indianapolis_motor_speedway_road_course,Indianapolis Motor Speedway Road Course,,,,grid_reanalysis,dry; clear_sky,dry / clear_sky; ambient 18.5C (Open-Meteo Historical Weather API hourly archive),modeled_medium,modeled_weather_context,1,d4d96f43d7e734ba26b0bdefe7d2d3e6ec0096e36dc05af4008d5fc7acfe69fd
asset_indy_nxt_2024_6389_results,media,series_indy_nxt,INDY NXT,2024,event_indy_nxt_2024_5481,Indianapolis Grand Prix Race 2,session_indy_nxt_2024_6389,qualifying,Qualifications - Race 2 Group 1,track_indianapolis_motor_speedway_road_course,Indianapolis Motor Speedway Road Course,,,,pdf,link_only,Official INDY NXT session report for Indianapolis Grand Prix Race 2 Qualifications - Race 2 Group 1.,link_only,media_narrative_context,1,d4d96f43d7e734ba26b0bdefe7d2d3e6ec0096e36dc05af4008d5fc7acfe69fd
asset_indy_nxt_2024_6389_section_results,media,series_indy_nxt,INDY NXT,2024,event_indy_nxt_2024_5481,Indianapolis Grand Prix Race 2,session_indy_nxt_2024_6389,qualifying,Qualifications - Race 2 Group 1,track_indianapolis_motor_speedway_road_course,Indianapolis Motor Speedway Road Course,,,,pdf,link_only,Official INDY NXT session report for Indianapolis Grand Prix Race 2 Qualifications - Race 2 Group 1.,link_only,media_narrative_context,1,d4d96f43d7e734ba26b0bdefe7d2d3e6ec0096e36dc05af4008d5fc7acfe69fd
asset_indy_nxt_2024_6389_top_section_times,media,series_indy_nxt,INDY NXT,2024,event_indy_nxt_2024_5481,Indianapolis Grand Prix Race 2,session_indy_nxt_2024_6389,qualifying,Qualifications - Race 2 Group 1,track_indianapolis_motor_speedway_road_course,Indianapolis Motor Speedway Road Course,,,,pdf,link_only,Official INDY NXT session report for Indianapolis Grand Prix Race 2 Qualifications - Race 2 Group 1.,link_only,media_narrative_context,1,d4d96f43d7e734ba26b0bdefe7d2d3e6ec0096e36dc05af4008d5fc7acfe69fd
asset_indy_nxt_2024_6390_overall_results,media,series_indy_nxt,INDY NXT,2024,event_indy_nxt_2024_5481,Indianapolis Grand Prix Race 2,session_indy_nxt_2024_6390,qualifying,Qualifications - Race 2 Group 2,track_indianapolis_motor_speedway_road_course,Indianapolis Motor Speedway Road Course,,,,pdf,link_only,Official INDY NXT session report for Indianapolis Grand Prix Race 2 Qualifications - Race 2 Group 2.,link_only,media_narrative_context,1,d4d96f43d7e734ba26b0bdefe7d2d3e6ec0096e36dc05af4008d5fc7acfe69fd
asset_indy_nxt_2024_6390_results,media,series_indy_nxt,INDY NXT,2024,event_indy_nxt_2024_5481,Indianapolis Grand Prix Race 2,session_indy_nxt_2024_6390,qualifying,Qualifications - Race 2 Group 2,track_indianapolis_motor_speedway_road_course,Indianapolis Motor Speedway Road Course,,,,pdf,link_only,Official INDY NXT session report for Indianapolis Grand Prix Race 2 Qualifications - Race 2 Group 2.,link_only,media_narrative_context,1,d4d96f43d7e734ba26b0bdefe7d2d3e6ec0096e36dc05af4008d5fc7acfe69fd
asset_indy_nxt_2024_6390_section_results,media,series_indy_nxt,INDY NXT,2024,event_indy_nxt_2024_5481,Indianapolis Grand Prix Race 2,session_indy_nxt_2024_6390,qualifying,Qualifications - Race 2 Group 2,track_indianapolis_motor_speedway_road_course,Indianapolis Motor Speedway Road Course,,,,pdf,link_only,Official INDY NXT session report for Indianapolis Grand Prix Race 2 Qualifications - Race 2 Group 2.,link_only,media_narrative_context,1,d4d96f43d7e734ba26b0bdefe7d2d3e6ec0096e36dc05af4008d5fc7acfe69fd
asset_indy_nxt_2024_6390_top_section_times,media,series_indy_nxt,INDY NXT,2024,event_indy_nxt_2024_5481,Indianapolis Grand Prix Race 2,session_indy_nxt_2024_6390,qualifying,Qualifications - Race 2 Group 2,track_indianapolis_motor_speedway_road_course,Indianapolis Motor Speedway Road Course,,,,pdf,link_only,Official INDY NXT session report for Indianapolis Grand Prix Race 2 Qualifications - Race 2 Group 2.,link_only,media_narrative_context,1,d4d96f43d7e734ba26b0bdefe7d2d3e6ec0096e36dc05af4008d5fc7acfe69fd
incident_indy_nxt_caution_2024_6323_1,incident,series_indy_nxt,INDY NXT,2024,event_indy_nxt_2024_5479,Music City Grand Prix,session_indy_nxt_2024_6323,race,Race,track_nashville_superspeedway,Nashville Superspeedway,,,52,caution_contact,caution_laps_52_to_57_duration_6,Official caution 1 ran from lap 52 to lap 57 for Contact: Cars 28 and 40 in Turn 2.,official,official_incident_context,1,d4d96f43d7e734ba26b0bdefe7d2d3e6ec0096e36dc05af4008d5fc7acfe69fd
penalty_indy_nxt_2024_6323_car_40_lap_59_drive_through,penalty,series_indy_nxt,INDY NXT,2024,event_indy_nxt_2024_5479,Music City Grand Prix,session_indy_nxt_2024_6323,race,Race,track_nashville_superspeedway,Nashville Superspeedway,driver_jack_william_miller,Jack William Miller,59,drive_through,drive_through,drive_through: Failure to Follow the Direction of INDYCAR,official,official_penalty_context,1,d4d96f43d7e734ba26b0bdefe7d2d3e6ec0096e36dc05af4008d5fc7acfe69fd
penalty_indy_nxt_2024_6323_car_99_lap_60_drive_through,penalty,series_indy_nxt,INDY NXT,2024,event_indy_nxt_2024_5479,Music City Grand Prix,session_indy_nxt_2024_6323,race,Race,track_nashville_superspeedway,Nashville Superspeedway,driver_myles_rowe,Myles Rowe,60,drive_through,drive_through,drive_through: Failure to Follow the Direction of INDYCAR,official,official_penalty_context,1,d4d96f43d7e734ba26b0bdefe7d2d3e6ec0096e36dc05af4008d5fc7acfe69fd
incident_indy_nxt_status_2024_6323_driver_jamie_chadwick,incident,series_indy_nxt,INDY NXT,2024,event_indy_nxt_2024_5479,Music City Grand Prix,session_indy_nxt_2024_6323,race,Race,track_nashville_superspeedway,Nashville Superspeedway,driver_jamie_chadwick,Jamie Chadwick,,contact,finish_position_17_laps_51,"Official INDY NXT result status reported ""Contact"" for Jamie Chadwick.",official,official_incident_context,1,d4d96f43d7e734ba26b0bdefe7d2d3e6ec0096e36dc05af4008d5fc7acfe69fd
asset_indy_nxt_2024_6323_event_summary,media,series_indy_nxt,INDY NXT,2024,event_indy_nxt_2024_5479,Music City Grand Prix,session_indy_nxt_2024_6323,race,Race,track_nashville_superspeedway,Nashville Superspeedway,,,,pdf,link_only,Official INDY NXT session report for Music City Grand Prix Race.,link_only,media_narrative_context,1,d4d96f43d7e734ba26b0bdefe7d2d3e6ec0096e36dc05af4008d5fc7acfe69fd
asset_indy_nxt_2024_6323_lap_chart,media,series_indy_nxt,INDY NXT,2024,event_indy_nxt_2024_5479,Music City Grand Prix,session_indy_nxt_2024_6323,race,Race,track_nashville_superspeedway,Nashville Superspeedway,,,,pdf,link_only,Official INDY NXT session report for Music City Grand Prix Race.,link_only,media_narrative_context,1,d4d96f43d7e734ba26b0bdefe7d2d3e6ec0096e36dc05af4008d5fc7acfe69fd
asset_indy_nxt_2024_6323_leader_lap_summary,media,series_indy_nxt,INDY NXT,2024,event_indy_nxt_2024_5479,Music City Grand Prix,session_indy_nxt_2024_6323,race,Race,track_nashville_superspeedway,Nashville Superspeedway,,,,pdf,link_only,Official INDY NXT session report for Music City Grand Prix Race.,link_only,media_narrative_context,1,d4d96f43d7e734ba26b0bdefe7d2d3e6ec0096e36dc05af4008d5fc7acfe69fd
asset_indy_nxt_2024_6323_results,media,series_indy_nxt,INDY NXT,2024,event_indy_nxt_2024_5479,Music City Grand Prix,session_indy_nxt_2024_6323,race,Race,track_nashville_superspeedway,Nashville Superspeedway,,,,pdf,link_only,Official INDY NXT session report for Music City Grand Prix Race.,link_only,media_narrative_context,1,d4d96f43d7e734ba26b0bdefe7d2d3e6ec0096e36dc05af4008d5fc7acfe69fd
asset_indy_nxt_2024_6323_section_results,media,series_indy_nxt,INDY NXT,2024,event_indy_nxt_2024_5479,Music City Grand Prix,session_indy_nxt_2024_6323,race,Race,track_nashville_superspeedway,Nashville Superspeedway,,,,pdf,link_only,Official INDY NXT session report for Music City Grand Prix Race.,link_only,media_narrative_context,1,d4d96f43d7e734ba26b0bdefe7d2d3e6ec0096e36dc05af4008d5fc7acfe69fd
asset_indy_nxt_2024_6323_top_section_times,media,series_indy_nxt,INDY NXT,2024,event_indy_nxt_2024_5479,Music City Grand Prix,session_indy_nxt_2024_6323,race,Race,track_nashville_superspeedway,Nashville Superspeedway,,,,pdf,link_only,Official INDY NXT session report for Music City Grand Prix Race.,link_only,media_narrative_context,1,d4d96f43d7e734ba26b0bdefe7d2d3e6ec0096e36dc05af4008d5fc7acfe69fd
weather_indy_nxt_open_meteo_session_indy_nxt_2024_6323,weather,series_indy_nxt,INDY NXT,2024,event_indy_nxt_2024_5479,Music City Grand Prix,session_indy_nxt_2024_6323,race,Race,track_nashville_superspeedway,Nashville Superspeedway,,,,grid_reanalysis,dry; mainly_clear,dry / mainly_clear; ambient 27.6C (Open-Meteo Historical Weather API hourly archive),modeled_medium,modeled_weather_context,1,d4d96f43d7e734ba26b0bdefe7d2d3e6ec0096e36dc05af4008d5fc7acfe69fd
asset_indy_nxt_2024_6488_results,media,series_indy_nxt,INDY NXT,2024,event_indy_nxt_2024_5479,Music City Grand Prix,session_indy_nxt_2024_6488,practice,Practice 1,track_nashville_superspeedway,Nashville Superspeedway,,,,pdf,link_only,Official INDY NXT session report for Music City Grand Prix Practice 1.,link_only,media_narrative_context,1,d4d96f43d7e734ba26b0bdefe7d2d3e6ec0096e36dc05af4008d5fc7acfe69fd
asset_indy_nxt_2024_6488_section_results,media,series_indy_nxt,INDY NXT,2024,event_indy_nxt_2024_5479,Music City Grand Prix,session_indy_nxt_2024_6488,practice,Practice 1,track_nashville_superspeedway,Nashville Superspeedway,,,,pdf,link_only,Official INDY NXT session report for Music City Grand Prix Practice 1.,link_only,media_narrative_context,1,d4d96f43d7e734ba26b0bdefe7d2d3e6ec0096e36dc05af4008d5fc7acfe69fd
asset_indy_nxt_2024_6488_top_section_times,media,series_indy_nxt,INDY NXT,2024,event_indy_nxt_2024_5479,Music City Grand Prix,session_indy_nxt_2024_6488,practice,Practice 1,track_nashville_superspeedway,Nashville Superspeedway,,,,pdf,link_only,Official INDY NXT session report for Music City Grand Prix Practice 1.,link_only,media_narrative_context,1,d4d96f43d7e734ba26b0bdefe7d2d3e6ec0096e36dc05af4008d5fc7acfe69fd
weather_indy_nxt_open_meteo_session_indy_nxt_2024_6488,weather,series_indy_nxt,INDY NXT,2024,event_indy_nxt_2024_5479,Music City Grand Prix,session_indy_nxt_2024_6488,practice,Practice 1,track_nashville_superspeedway,Nashville Superspeedway,,,,grid_reanalysis,dry; overcast,dry / overcast; ambient 22.3C (Open-Meteo Historical Weather API hourly archive),modeled_medium,modeled_weather_context,1,d4d96f43d7e734ba26b0bdefe7d2d3e6ec0096e36dc05af4008d5fc7acfe69fd
asset_indy_nxt_2024_6489_results,media,series_indy_nxt,INDY NXT,2024,event_indy_nxt_2024_5479,Music City Grand Prix,session_indy_nxt_2024_6489,qualifying,Qualifications,track_nashville_superspeedway,Nashville Superspeedway,,,,pdf,link_only,Official INDY NXT session report for Music City Grand Prix Qualifications.,link_only,media_narrative_context,1,d4d96f43d7e734ba26b0bdefe7d2d3e6ec0096e36dc05af4008d5fc7acfe69fd
asset_indy_nxt_2024_6489_section_results,media,series_indy_nxt,INDY NXT,2024,event_indy_nxt_2024_5479,Music City Grand Prix,session_indy_nxt_2024_6489,qualifying,Qualifications,track_nashville_superspeedway,Nashville Superspeedway,,,,pdf,link_only,Official INDY NXT session report for Music City Grand Prix Qualifications.,link_only,media_narrative_context,1,d4d96f43d7e734ba26b0bdefe7d2d3e6ec0096e36dc05af4008d5fc7acfe69fd
asset_indy_nxt_2024_6489_top_section_times,media,series_indy_nxt,INDY NXT,2024,event_indy_nxt_2024_5479,Music City Grand Prix,session_indy_nxt_2024_6489,qualifying,Qualifications,track_nashville_superspeedway,Nashville Superspeedway,,,,pdf,link_only,Official INDY NXT session report for Music City Grand Prix Qualifications.,link_only,media_narrative_context,1,d4d96f43d7e734ba26b0bdefe7d2d3e6ec0096e36dc05af4008d5fc7acfe69fd
weather_indy_nxt_open_meteo_session_indy_nxt_2024_6489,weather,series_indy_nxt,INDY NXT,2024,event_indy_nxt_2024_5479,Music City Grand Prix,session_indy_nxt_2024_6489,qualifying,Qualifications,track_nashville_superspeedway,Nashville Superspeedway,,,,grid_reanalysis,wet; light_drizzle,wet / light_drizzle; ambient 23.5C (Open-Meteo Historical Weather API hourly archive),modeled_medium,modeled_weather_context,1,d4d96f43d7e734ba26b0bdefe7d2d3e6ec0096e36dc05af4008d5fc7acfe69fd
asset_indy_nxt_2024_6490_combined_results,media,series_indy_nxt,INDY NXT,2024,event_indy_nxt_2024_5479,Music City Grand Prix,session_indy_nxt_2024_6490,practice,Practice 2,track_nashville_superspeedway,Nashville Superspeedway,,,,pdf,link_only,Official INDY NXT session report for Music City Grand Prix Practice 2.,link_only,media_narrative_context,1,d4d96f43d7e734ba26b0bdefe7d2d3e6ec0096e36dc05af4008d5fc7acfe69fd
asset_indy_nxt_2024_6490_results,media,series_indy_nxt,INDY NXT,2024,event_indy_nxt_2024_5479,Music City Grand Prix,session_indy_nxt_2024_6490,practice,Practice 2,track_nashville_superspeedway,Nashville Superspeedway,,,,pdf,link_only,Official INDY NXT session report for Music City Grand Prix Practice 2.,link_only,media_narrative_context,1,d4d96f43d7e734ba26b0bdefe7d2d3e6ec0096e36dc05af4008d5fc7acfe69fd
asset_indy_nxt_2024_6490_section_results,media,series_indy_nxt,INDY NXT,2024,event_indy_nxt_2024_5479,Music City Grand Prix,session_indy_nxt_2024_6490,practice,Practice 2,track_nashville_superspeedway,Nashville Superspeedway,,,,pdf,link_only,Official INDY NXT session report for Music City Grand Prix Practice 2.,link_only,media_narrative_context,1,d4d96f43d7e734ba26b0bdefe7d2d3e6ec0096e36dc05af4008d5fc7acfe69fd
asset_indy_nxt_2024_6490_top_section_times,media,series_indy_nxt,INDY NXT,2024,event_indy_nxt_2024_5479,Music City Grand Prix,session_indy_nxt_2024_6490,practice,Practice 2,track_nashville_superspeedway,Nashville Superspeedway,,,,pdf,link_only,Official INDY NXT session report for Music City Grand Prix Practice 2.,link_only,media_narrative_context,1,d4d96f43d7e734ba26b0bdefe7d2d3e6ec0096e36dc05af4008d5fc7acfe69fd
weather_indy_nxt_open_meteo_session_indy_nxt_2024_6490,weather,series_indy_nxt,INDY NXT,2024,event_indy_nxt_2024_5479,Music City Grand Prix,session_indy_nxt_2024_6490,practice,Practice 2,track_nashville_superspeedway,Nashville Superspeedway,,,,grid_reanalysis,dry; overcast,dry / overcast; ambient 28.6C (Open-Meteo Historical Weather API hourly archive),modeled_medium,modeled_weather_context,1,d4d96f43d7e734ba26b0bdefe7d2d3e6ec0096e36dc05af4008d5fc7acfe69fd
incident_indy_nxt_caution_2024_6320_1,incident,series_indy_nxt,INDY NXT,2024,event_indy_nxt_2024_5476,OUTFRONT Showdown,session_indy_nxt_2024_6320,race,Race,track_world_wide_technology_raceway,World Wide Technology Raceway,driver_myles_rowe,Myles Rowe,2,caution_contact,caution_laps_2_to_5_duration_4,Official caution 1 ran from lap 2 to lap 5 for Contact: Car 99 in Turn 2.,official,official_incident_context,1,d4d96f43d7e734ba26b0bdefe7d2d3e6ec0096e36dc05af4008d5fc7acfe69fd
incident_indy_nxt_caution_2024_6320_2,incident,series_indy_nxt,INDY NXT,2024,event_indy_nxt_2024_5476,OUTFRONT Showdown,session_indy_nxt_2024_6320,race,Race,track_world_wide_technology_raceway,World Wide Technology Raceway,,,8,caution_contact,caution_laps_8_to_15_duration_8,Official caution 2 ran from lap 8 to lap 15 for Contact: Cars 18 and 28 on Front Straight.,official,official_incident_context,1,d4d96f43d7e734ba26b0bdefe7d2d3e6ec0096e36dc05af4008d5fc7acfe69fd
penalty_indy_nxt_2024_6320_car_18_lap_12_pending,penalty,series_indy_nxt,INDY NXT,2024,event_indy_nxt_2024_5476,OUTFRONT Showdown,session_indy_nxt_2024_6320,race,Race,track_world_wide_technology_raceway,World Wide Technology Raceway,driver_caio_collet,Caio Collet,12,pending,pending,pending: Blocking and Avoidable Contact,official,official_penalty_context,1,d4d96f43d7e734ba26b0bdefe7d2d3e6ec0096e36dc05af4008d5fc7acfe69fd
incident_indy_nxt_caution_2024_6320_3,incident,series_indy_nxt,INDY NXT,2024,event_indy_nxt_2024_5476,OUTFRONT Showdown,session_indy_nxt_2024_6320,race,Race,track_world_wide_technology_raceway,World Wide Technology Raceway,driver_josh_pierson,Josh Pierson,53,caution_contact,caution_laps_53_to_59_duration_7,Official caution 3 ran from lap 53 to lap 59 for Contact: Car 14 in Turn 4.,official,official_incident_context,1,d4d96f43d7e734ba26b0bdefe7d2d3e6ec0096e36dc05af4008d5fc7acfe69fd
incident_indy_nxt_status_2024_6320_driver_caio_collet,incident,series_indy_nxt,INDY NXT,2024,event_indy_nxt_2024_5476,OUTFRONT Showdown,session_indy_nxt_2024_6320,race,Race,track_world_wide_technology_raceway,World Wide Technology Raceway,driver_caio_collet,Caio Collet,,contact,finish_position_14_laps_33,"Official INDY NXT result status reported ""Contact"" for Caio Collet.",official,official_incident_context,1,d4d96f43d7e734ba26b0bdefe7d2d3e6ec0096e36dc05af4008d5fc7acfe69fd
incident_indy_nxt_status_2024_6320_driver_jack_william_miller,incident,series_indy_nxt,INDY NXT,2024,event_indy_nxt_2024_5476,OUTFRONT Showdown,session_indy_nxt_2024_6320,race,Race,track_world_wide_technology_raceway,World Wide Technology Raceway,driver_jack_william_miller,Jack William Miller,,contact,finish_position_18_laps_1,"Official INDY NXT result status reported ""Contact"" for Jack William Miller.",official,official_incident_context,1,d4d96f43d7e734ba26b0bdefe7d2d3e6ec0096e36dc05af4008d5fc7acfe69fd
incident_indy_nxt_status_2024_6320_driver_jamie_chadwick,incident,series_indy_nxt,INDY NXT,2024,event_indy_nxt_2024_5476,OUTFRONT Showdown,session_indy_nxt_2024_6320,race,Race,track_world_wide_technology_raceway,World Wide Technology Raceway,driver_jamie_chadwick,Jamie Chadwick,,contact,finish_position_16_laps_7,"Official INDY NXT result status reported ""Contact"" for Jamie Chadwick.",official,official_incident_context,1,d4d96f43d7e734ba26b0bdefe7d2d3e6ec0096e36dc05af4008d5fc7acfe69fd
incident_indy_nxt_status_2024_6320_driver_josh_pierson,incident,series_indy_nxt,INDY NXT,2024,event_indy_nxt_2024_5476,OUTFRONT Showdown,session_indy_nxt_2024_6320,race,Race,track_world_wide_technology_raceway,World Wide Technology Raceway,driver_josh_pierson,Josh Pierson,,contact,finish_position_13_laps_51,"Official INDY NXT result status reported ""Contact"" for Josh Pierson.",official,official_incident_context,1,d4d96f43d7e734ba26b0bdefe7d2d3e6ec0096e36dc05af4008d5fc7acfe69fd
incident_indy_nxt_status_2024_6320_driver_myles_rowe,incident,series_indy_nxt,INDY NXT,2024,event_indy_nxt_2024_5476,OUTFRONT Showdown,session_indy_nxt_2024_6320,race,Race,track_world_wide_technology_raceway,World Wide Technology Raceway,driver_myles_rowe,Myles Rowe,,contact,finish_position_17_laps_2,"Official INDY NXT result status reported ""Contact"" for Myles Rowe.",official,official_incident_context,1,d4d96f43d7e734ba26b0bdefe7d2d3e6ec0096e36dc05af4008d5fc7acfe69fd
asset_indy_nxt_2024_6320_event_summary,media,series_indy_nxt,INDY NXT,2024,event_indy_nxt_2024_5476,OUTFRONT Showdown,session_indy_nxt_2024_6320,race,Race,track_world_wide_technology_raceway,World Wide Technology Raceway,,,,pdf,link_only,Official INDY NXT session report for OUTFRONT Showdown Race.,link_only,media_narrative_context,1,d4d96f43d7e734ba26b0bdefe7d2d3e6ec0096e36dc05af4008d5fc7acfe69fd
asset_indy_nxt_2024_6320_lap_chart,media,series_indy_nxt,INDY NXT,2024,event_indy_nxt_2024_5476,OUTFRONT Showdown,session_indy_nxt_2024_6320,race,Race,track_world_wide_technology_raceway,World Wide Technology Raceway,,,,pdf,link_only,Official INDY NXT session report for OUTFRONT Showdown Race.,link_only,media_narrative_context,1,d4d96f43d7e734ba26b0bdefe7d2d3e6ec0096e36dc05af4008d5fc7acfe69fd
asset_indy_nxt_2024_6320_leader_lap_summary,media,series_indy_nxt,INDY NXT,2024,event_indy_nxt_2024_5476,OUTFRONT Showdown,session_indy_nxt_2024_6320,race,Race,track_world_wide_technology_raceway,World Wide Technology Raceway,,,,pdf,link_only,Official INDY NXT session report for OUTFRONT Showdown Race.,link_only,media_narrative_context,1,d4d96f43d7e734ba26b0bdefe7d2d3e6ec0096e36dc05af4008d5fc7acfe69fd
asset_indy_nxt_2024_6320_results,media,series_indy_nxt,INDY NXT,2024,event_indy_nxt_2024_5476,OUTFRONT Showdown,session_indy_nxt_2024_6320,race,Race,track_world_wide_technology_raceway,World Wide Technology Raceway,,,,pdf,link_only,Official INDY NXT session report for OUTFRONT Showdown Race.,link_only,media_narrative_context,1,d4d96f43d7e734ba26b0bdefe7d2d3e6ec0096e36dc05af4008d5fc7acfe69fd
asset_indy_nxt_2024_6320_section_results,media,series_indy_nxt,INDY NXT,2024,event_indy_nxt_2024_5476,OUTFRONT Showdown,session_indy_nxt_2024_6320,race,Race,track_world_wide_technology_raceway,World Wide Technology Raceway,,,,pdf,link_only,Official INDY NXT session report for OUTFRONT Showdown Race.,link_only,media_narrative_context,1,d4d96f43d7e734ba26b0bdefe7d2d3e6ec0096e36dc05af4008d5fc7acfe69fd
asset_indy_nxt_2024_6320_top_section_times,media,series_indy_nxt,INDY NXT,2024,event_indy_nxt_2024_5476,OUTFRONT Showdown,session_indy_nxt_2024_6320,race,Race,track_world_wide_technology_raceway,World Wide Technology Raceway,,,,pdf,link_only,Official INDY NXT session report for OUTFRONT Showdown Race.,link_only,media_narrative_context,1,d4d96f43d7e734ba26b0bdefe7d2d3e6ec0096e36dc05af4008d5fc7acfe69fd
racecraft_indy_nxt_2024_6320_most_improved_driver_bryce_aron,racecraft,series_indy_nxt,INDY NXT,2024,event_indy_nxt_2024_5476,OUTFRONT Showdown,session_indy_nxt_2024_6320,race,Race,track_world_wide_technology_raceway,World Wide Technology Raceway,driver_bryce_aron,Bryce Aron,,start_gain,P13 to P6,"Aron, Bryce was listed as Most Improved in the official Event Summary, improving 7 positions from P13 to P6.",official,official_racecraft_context,1,d4d96f43d7e734ba26b0bdefe7d2d3e6ec0096e36dc05af4008d5fc7acfe69fd
weather_indy_nxt_open_meteo_session_indy_nxt_2024_6320,weather,series_indy_nxt,INDY NXT,2024,event_indy_nxt_2024_5476,OUTFRONT Showdown,session_indy_nxt_2024_6320,race,Race,track_world_wide_technology_raceway,World Wide Technology Raceway,,,,grid_reanalysis,dry; clear_sky,dry / clear_sky; ambient 30.9C (Open-Meteo Historical Weather API hourly archive),modeled_medium,modeled_weather_context,1,d4d96f43d7e734ba26b0bdefe7d2d3e6ec0096e36dc05af4008d5fc7acfe69fd
asset_indy_nxt_2024_6480_combined_results,media,series_indy_nxt,INDY NXT,2024,event_indy_nxt_2024_5476,OUTFRONT Showdown,session_indy_nxt_2024_6480,practice,Practice,track_world_wide_technology_raceway,World Wide Technology Raceway,,,,pdf,link_only,Official INDY NXT session report for OUTFRONT Showdown Practice.,link_only,media_narrative_context,1,d4d96f43d7e734ba26b0bdefe7d2d3e6ec0096e36dc05af4008d5fc7acfe69fd
asset_indy_nxt_2024_6480_results,media,series_indy_nxt,INDY NXT,2024,event_indy_nxt_2024_5476,OUTFRONT Showdown,session_indy_nxt_2024_6480,practice,Practice,track_world_wide_technology_raceway,World Wide Technology Raceway,,,,pdf,link_only,Official INDY NXT session report for OUTFRONT Showdown Practice.,link_only,media_narrative_context,1,d4d96f43d7e734ba26b0bdefe7d2d3e6ec0096e36dc05af4008d5fc7acfe69fd
asset_indy_nxt_2024_6480_section_results,media,series_indy_nxt,INDY NXT,2024,event_indy_nxt_2024_5476,OUTFRONT Showdown,session_indy_nxt_2024_6480,practice,Practice,track_world_wide_technology_raceway,World Wide Technology Raceway,,,,pdf,link_only,Official INDY NXT session report for OUTFRONT Showdown Practice.,link_only,media_narrative_context,1,d4d96f43d7e734ba26b0bdefe7d2d3e6ec0096e36dc05af4008d5fc7acfe69fd
asset_indy_nxt_2024_6480_top_section_times,media,series_indy_nxt,INDY NXT,2024,event_indy_nxt_2024_5476,OUTFRONT Showdown,session_indy_nxt_2024_6480,practice,Practice,track_world_wide_technology_raceway,World Wide Technology Raceway,,,,pdf,link_only,Official INDY NXT session report for OUTFRONT Showdown Practice.,link_only,media_narrative_context,1,d4d96f43d7e734ba26b0bdefe7d2d3e6ec0096e36dc05af4008d5fc7acfe69fd
weather_indy_nxt_open_meteo_session_indy_nxt_2024_6480,weather,series_indy_nxt,INDY NXT,2024,event_indy_nxt_2024_5476,OUTFRONT Showdown,session_indy_nxt_2024_6480,practice,Practice,track_world_wide_technology_raceway,World Wide Technology Raceway,,,,grid_reanalysis,dry; mainly_clear,dry / mainly_clear; ambient 32.1C (Open-Meteo Historical Weather API hourly archive),modeled_medium,modeled_weather_context,1,d4d96f43d7e734ba26b0bdefe7d2d3e6ec0096e36dc05af4008d5fc7acfe69fd
asset_indy_nxt_2024_6481_overall_results,media,series_indy_nxt,INDY NXT,2024,event_indy_nxt_2024_5476,OUTFRONT Showdown,session_indy_nxt_2024_6481,qualifying,Qualifications,track_world_wide_technology_raceway,World Wide Technology Raceway,,,,pdf,link_only,Official INDY NXT session report for OUTFRONT Showdown Qualifications.,link_only,media_narrative_context,1,d4d96f43d7e734ba26b0bdefe7d2d3e6ec0096e36dc05af4008d5fc7acfe69fd
asset_indy_nxt_2024_6481_results,media,series_indy_nxt,INDY NXT,2024,event_indy_nxt_2024_5476,OUTFRONT Showdown,session_indy_nxt_2024_6481,qualifying,Qualifications,track_world_wide_technology_raceway,World Wide Technology Raceway,,,,pdf,link_only,Official INDY NXT session report for OUTFRONT Showdown Qualifications.,link_only,media_narrative_context,1,d4d96f43d7e734ba26b0bdefe7d2d3e6ec0096e36dc05af4008d5fc7acfe69fd
asset_indy_nxt_2024_6481_section_results,media,series_indy_nxt,INDY NXT,2024,event_indy_nxt_2024_5476,OUTFRONT Showdown,session_indy_nxt_2024_6481,qualifying,Qualifications,track_world_wide_technology_raceway,World Wide Technology Raceway,,,,pdf,link_only,Official INDY NXT session report for OUTFRONT Showdown Qualifications.,link_only,media_narrative_context,1,d4d96f43d7e734ba26b0bdefe7d2d3e6ec0096e36dc05af4008d5fc7acfe69fd
asset_indy_nxt_2024_6481_top_section_times,media,series_indy_nxt,INDY NXT,2024,event_indy_nxt_2024_5476,OUTFRONT Showdown,session_indy_nxt_2024_6481,qualifying,Qualifications,track_world_wide_technology_raceway,World Wide Technology Raceway,,,,pdf,link_only,Official INDY NXT session report for OUTFRONT Showdown Qualifications.,link_only,media_narrative_context,1,d4d96f43d7e734ba26b0bdefe7d2d3e6ec0096e36dc05af4008d5fc7acfe69fd
weather_indy_nxt_open_meteo_session_indy_nxt_2024_6481,weather,series_indy_nxt,INDY NXT,2024,event_indy_nxt_2024_5476,OUTFRONT Showdown,session_indy_nxt_2024_6481,qualifying,Qualifications,track_world_wide_technology_raceway,World Wide Technology Raceway,,,,grid_reanalysis,dry; mainly_clear,dry / mainly_clear; ambient 31.2C (Open-Meteo Historical Weather API hourly archive),modeled_medium,modeled_weather_context,1,d4d96f43d7e734ba26b0bdefe7d2d3e6ec0096e36dc05af4008d5fc7acfe69fd
asset_imsa_2025_daytona_rolex_24_race_official_csv,media,series_imsa_weathertech,IMSA WeatherTech SportsCar Championship,2025,event_imsa_2025_daytona_rolex_24,Rolex 24 at Daytona,session_imsa_2025_daytona_rolex_24_race,race,Race,track_daytona_international_speedway,Daytona International Speedway,,,,result_sheet,link_only,IMSA 2025 Rolex 24 official race results CSV,link_only,media_narrative_context,1,d4d96f43d7e734ba26b0bdefe7d2d3e6ec0096e36dc05af4008d5fc7acfe69fd
asset_imsa_2025_daytona_rolex_24_race_official_json,media,series_imsa_weathertech,IMSA WeatherTech SportsCar Championship,2025,event_imsa_2025_daytona_rolex_24,Rolex 24 at Daytona,session_imsa_2025_daytona_rolex_24_race,race,Race,track_daytona_international_speedway,Daytona International Speedway,,,,result_sheet,link_only,IMSA 2025 Rolex 24 official race results JSON,link_only,media_narrative_context,1,d4d96f43d7e734ba26b0bdefe7d2d3e6ec0096e36dc05af4008d5fc7acfe69fd
asset_imsa_2025_daytona_rolex_24_results_index,media,series_imsa_weathertech,IMSA WeatherTech SportsCar Championship,2025,event_imsa_2025_daytona_rolex_24,Rolex 24 at Daytona,session_imsa_2025_daytona_rolex_24_race,race,Race,track_daytona_international_speedway,Daytona International Speedway,,,,timing_sheet,link_only,IMSA 2025 Daytona event results index,link_only,media_narrative_context,1,d4d96f43d7e734ba26b0bdefe7d2d3e6ec0096e36dc05af4008d5fc7acfe69fd
asset_imsa_2025_daytona_rolex_24_time_cards_json,media,series_imsa_weathertech,IMSA WeatherTech SportsCar Championship,2025,event_imsa_2025_daytona_rolex_24,Rolex 24 at Daytona,session_imsa_2025_daytona_rolex_24_race,race,Race,track_daytona_international_speedway,Daytona International Speedway,,,,timing_sheet,link_only,IMSA 2025 Rolex 24 official time cards JSON,link_only,media_narrative_context,1,d4d96f43d7e734ba26b0bdefe7d2d3e6ec0096e36dc05af4008d5fc7acfe69fd
weather_imsa_2025_daytona_rolex_24_official_conditions,weather,series_imsa_weathertech,IMSA WeatherTech SportsCar Championship,2025,event_imsa_2025_daytona_rolex_24,Rolex 24 at Daytona,session_imsa_2025_daytona_rolex_24_race,race,Race,track_daytona_international_speedway,Daytona International Speedway,,,,series_report,dry; dry,dry / dry; ambient 17.5C; track 34.6C (IMSA/Al Kamel official race result JSON),official,official_weather_context,1,d4d96f43d7e734ba26b0bdefe7d2d3e6ec0096e36dc05af4008d5fc7acfe69fd
incident_indy_nxt_caution_2025_6455_1,incident,series_indy_nxt,INDY NXT,2025,event_indy_nxt_2025_5497,Detroit Grand Prix,session_indy_nxt_2025_6455,race,Race,track_streets_of_detroit,Streets of Detroit,,,1,caution_contact,caution_laps_1_to_2_duration_2,Official caution 1 ran from lap 1 to lap 2 for Contact: Mutiple Cars in Turn 4.,official,official_incident_context,1,d4d96f43d7e734ba26b0bdefe7d2d3e6ec0096e36dc05af4008d5fc7acfe69fd
penalty_indy_nxt_2025_6455_car_17_lap_4_stop_and_hold,penalty,series_indy_nxt,INDY NXT,2025,event_indy_nxt_2025_5497,Detroit Grand Prix,session_indy_nxt_2025_6455,race,Race,track_streets_of_detroit,Streets of Detroit,driver_callum_hedge,Callum Hedge,4,stop_and_hold,stop_and_hold,stop_and_hold: Avoidable Contact,official,official_penalty_context,1,d4d96f43d7e734ba26b0bdefe7d2d3e6ec0096e36dc05af4008d5fc7acfe69fd
incident_indy_nxt_caution_2025_6455_2,incident,series_indy_nxt,INDY NXT,2025,event_indy_nxt_2025_5497,Detroit Grand Prix,session_indy_nxt_2025_6455,race,Race,track_streets_of_detroit,Streets of Detroit,driver_jordan_missig,Jordan Missig,41,caution_contact,caution_laps_41_to_43_duration_3,Official caution 2 ran from lap 41 to lap 43 for Contact: Car 48 in Turn 2.,official,official_incident_context,1,d4d96f43d7e734ba26b0bdefe7d2d3e6ec0096e36dc05af4008d5fc7acfe69fd
penalty_indy_nxt_2025_6455_car_29_lap_44_pending,penalty,series_indy_nxt,INDY NXT,2025,event_indy_nxt_2025_5497,Detroit Grand Prix,session_indy_nxt_2025_6455,race,Race,track_streets_of_detroit,Streets of Detroit,driver_james_roe,James Roe,44,pending,pending,pending: Failure to Follow the Direction of INDYCAR,official,official_penalty_context,1,d4d96f43d7e734ba26b0bdefe7d2d3e6ec0096e36dc05af4008d5fc7acfe69fd
penalty_indy_nxt_2025_6455_car_29_lap_45_pending,penalty,series_indy_nxt,INDY NXT,2025,event_indy_nxt_2025_5497,Detroit Grand Prix,session_indy_nxt_2025_6455,race,Race,track_streets_of_detroit,Streets of Detroit,driver_james_roe,James Roe,45,pending,pending,pending: Failure to Follow the Direction of INDYCAR,official,official_penalty_context,1,d4d96f43d7e734ba26b0bdefe7d2d3e6ec0096e36dc05af4008d5fc7acfe69fd
penalty_indy_nxt_2025_6455_car_29_lap_45_pending_blocking,penalty,series_indy_nxt,INDY NXT,2025,event_indy_nxt_2025_5497,Detroit Grand Prix,session_indy_nxt_2025_6455,race,Race,track_streets_of_detroit,Streets of Detroit,driver_james_roe,James Roe,45,pending,pending,pending: Blocking,official,official_penalty_context,1,d4d96f43d7e734ba26b0bdefe7d2d3e6ec0096e36dc05af4008d5fc7acfe69fd
incident_indy_nxt_status_2025_6455_driver_jack_william_miller,incident,series_indy_nxt,INDY NXT,2025,event_indy_nxt_2025_5497,Detroit Grand Prix,session_indy_nxt_2025_6455,race,Race,track_streets_of_detroit,Streets of Detroit,driver_jack_william_miller,Jack William Miller,,contact,finish_position_7_laps_44,"Official INDY NXT result status reported ""Contact"" for Jack William Miller.",official,official_incident_context,1,d4d96f43d7e734ba26b0bdefe7d2d3e6ec0096e36dc05af4008d5fc7acfe69fd
incident_indy_nxt_status_2025_6455_driver_max_taylor,incident,series_indy_nxt,INDY NXT,2025,event_indy_nxt_2025_5497,Detroit Grand Prix,session_indy_nxt_2025_6455,race,Race,track_streets_of_detroit,Streets of Detroit,driver_max_taylor,Max Taylor,,contact,finish_position_19_laps_0,"Official INDY NXT result status reported ""Contact"" for Max Taylor.",official,official_incident_context,1,d4d96f43d7e734ba26b0bdefe7d2d3e6ec0096e36dc05af4008d5fc7acfe69fd
incident_indy_nxt_status_2025_6455_driver_myles_rowe,incident,series_indy_nxt,INDY NXT,2025,event_indy_nxt_2025_5497,Detroit Grand Prix,session_indy_nxt_2025_6455,race,Race,track_streets_of_detroit,Streets of Detroit,driver_myles_rowe,Myles Rowe,,contact,finish_position_18_laps_9,"Official INDY NXT result status reported ""Contact"" for Myles Rowe.",official,official_incident_context,1,d4d96f43d7e734ba26b0bdefe7d2d3e6ec0096e36dc05af4008d5fc7acfe69fd
incident_indy_nxt_status_2025_6455_driver_ricardo_escotto,incident,series_indy_nxt,INDY NXT,2025,event_indy_nxt_2025_5497,Detroit Grand Prix,session_indy_nxt_2025_6455,race,Race,track_streets_of_detroit,Streets of Detroit,driver_ricardo_escotto,Ricardo Escotto,,contact,finish_position_20_laps_0,"Official INDY NXT result status reported ""Contact"" for Ricardo Escotto.",official,official_incident_context,1,d4d96f43d7e734ba26b0bdefe7d2d3e6ec0096e36dc05af4008d5fc7acfe69fd
incident_indy_nxt_status_2025_6455_driver_salvador_de_alba,incident,series_indy_nxt,INDY NXT,2025,event_indy_nxt_2025_5497,Detroit Grand Prix,session_indy_nxt_2025_6455,race,Race,track_streets_of_detroit,Streets of Detroit,driver_salvador_de_alba,Salvador de Alba,,contact,finish_position_8_laps_44,"Official INDY NXT result status reported ""Contact"" for Salvador de Alba.",official,official_incident_context,1,d4d96f43d7e734ba26b0bdefe7d2d3e6ec0096e36dc05af4008d5fc7acfe69fd
asset_indy_nxt_2025_6455_event_summary,media,series_indy_nxt,INDY NXT,2025,event_indy_nxt_2025_5497,Detroit Grand Prix,session_indy_nxt_2025_6455,race,Race,track_streets_of_detroit,Streets of Detroit,,,,pdf,link_only,Official INDY NXT session report for Detroit Grand Prix Race.,link_only,media_narrative_context,1,d4d96f43d7e734ba26b0bdefe7d2d3e6ec0096e36dc05af4008d5fc7acfe69fd
asset_indy_nxt_2025_6455_lap_chart,media,series_indy_nxt,INDY NXT,2025,event_indy_nxt_2025_5497,Detroit Grand Prix,session_indy_nxt_2025_6455,race,Race,track_streets_of_detroit,Streets of Detroit,,,,pdf,link_only,Official INDY NXT session report for Detroit Grand Prix Race.,link_only,media_narrative_context,1,d4d96f43d7e734ba26b0bdefe7d2d3e6ec0096e36dc05af4008d5fc7acfe69fd
asset_indy_nxt_2025_6455_leader_lap_summary,media,series_indy_nxt,INDY NXT,2025,event_indy_nxt_2025_5497,Detroit Grand Prix,session_indy_nxt_2025_6455,race,Race,track_streets_of_detroit,Streets of Detroit,,,,pdf,link_only,Official INDY NXT session report for Detroit Grand Prix Race.,link_only,media_narrative_context,1,d4d96f43d7e734ba26b0bdefe7d2d3e6ec0096e36dc05af4008d5fc7acfe69fd
asset_indy_nxt_2025_6455_results,media,series_indy_nxt,INDY NXT,2025,event_indy_nxt_2025_5497,Detroit Grand Prix,session_indy_nxt_2025_6455,race,Race,track_streets_of_detroit,Streets of Detroit,,,,pdf,link_only,Official INDY NXT session report for Detroit Grand Prix Race.,link_only,media_narrative_context,1,d4d96f43d7e734ba26b0bdefe7d2d3e6ec0096e36dc05af4008d5fc7acfe69fd
asset_indy_nxt_2025_6455_section_results,media,series_indy_nxt,INDY NXT,2025,event_indy_nxt_2025_5497,Detroit Grand Prix,session_indy_nxt_2025_6455,race,Race,track_streets_of_detroit,Streets of Detroit,,,,pdf,link_only,Official INDY NXT session report for Detroit Grand Prix Race.,link_only,media_narrative_context,1,d4d96f43d7e734ba26b0bdefe7d2d3e6ec0096e36dc05af4008d5fc7acfe69fd
asset_indy_nxt_2025_6455_top_section_times,media,series_indy_nxt,INDY NXT,2025,event_indy_nxt_2025_5497,Detroit Grand Prix,session_indy_nxt_2025_6455,race,Race,track_streets_of_detroit,Streets of Detroit,,,,pdf,link_only,Official INDY NXT session report for Detroit Grand Prix Race.,link_only,media_narrative_context,1,d4d96f43d7e734ba26b0bdefe7d2d3e6ec0096e36dc05af4008d5fc7acfe69fd
racecraft_indy_nxt_2025_6455_most_improved_driver_jm_correa,racecraft,series_indy_nxt,INDY NXT,2025,event_indy_nxt_2025_5497,Detroit Grand Prix,session_indy_nxt_2025_6455,race,Race,track_streets_of_detroit,Streets of Detroit,driver_jm_correa,JM Correa,,start_gain,P9 to P3,"Correa, Juan Manuel was listed as Most Improved in the official Event Summary, improving 6 positions from P9 to P3.",official,official_racecraft_context,1,d4d96f43d7e734ba26b0bdefe7d2d3e6ec0096e36dc05af4008d5fc7acfe69fd
weather_indy_nxt_open_meteo_session_indy_nxt_2025_6455,weather,series_indy_nxt,INDY NXT,2025,event_indy_nxt_2025_5497,Detroit Grand Prix,session_indy_nxt_2025_6455,race,Race,track_streets_of_detroit,Streets of Detroit,,,,grid_reanalysis,dry; clear_sky,dry / clear_sky; ambient 16.1C (Open-Meteo Historical Weather API hourly archive),modeled_medium,modeled_weather_context,1,d4d96f43d7e734ba26b0bdefe7d2d3e6ec0096e36dc05af4008d5fc7acfe69fd
asset_indy_nxt_2025_6600_overall_results,media,series_indy_nxt,INDY NXT,2025,event_indy_nxt_2025_5497,Detroit Grand Prix,session_indy_nxt_2025_6600,qualifying,Combined Qualifications,track_streets_of_detroit,Streets of Detroit,,,,pdf,link_only,Official INDY NXT session report for Detroit Grand Prix Combined Qualifications.,link_only,media_narrative_context,1,d4d96f43d7e734ba26b0bdefe7d2d3e6ec0096e36dc05af4008d5fc7acfe69fd
asset_indy_nxt_2025_6639_combined_results,media,series_indy_nxt,INDY NXT,2025,event_indy_nxt_2025_5497,Detroit Grand Prix,session_indy_nxt_2025_6639,practice,Practice 1,track_streets_of_detroit,Streets of Detroit,,,,pdf,link_only,Official INDY NXT session report for Detroit Grand Prix Practice 1.,link_only,media_narrative_context,1,d4d96f43d7e734ba26b0bdefe7d2d3e6ec0096e36dc05af4008d5fc7acfe69fd
asset_indy_nxt_2025_6639_results,media,series_indy_nxt,INDY NXT,2025,event_indy_nxt_2025_5497,Detroit Grand Prix,session_indy_nxt_2025_6639,practice,Practice 1,track_streets_of_detroit,Streets of Detroit,,,,pdf,link_only,Official INDY NXT session report for Detroit Grand Prix Practice 1.,link_only,media_narrative_context,1,d4d96f43d7e734ba26b0bdefe7d2d3e6ec0096e36dc05af4008d5fc7acfe69fd
asset_indy_nxt_2025_6639_section_results,media,series_indy_nxt,INDY NXT,2025,event_indy_nxt_2025_5497,Detroit Grand Prix,session_indy_nxt_2025_6639,practice,Practice 1,track_streets_of_detroit,Streets of Detroit,,,,pdf,link_only,Official INDY NXT session report for Detroit Grand Prix Practice 1.,link_only,media_narrative_context,1,d4d96f43d7e734ba26b0bdefe7d2d3e6ec0096e36dc05af4008d5fc7acfe69fd
asset_indy_nxt_2025_6639_top_section_times,media,series_indy_nxt,INDY NXT,2025,event_indy_nxt_2025_5497,Detroit Grand Prix,session_indy_nxt_2025_6639,practice,Practice 1,track_streets_of_detroit,Streets of Detroit,,,,pdf,link_only,Official INDY NXT session report for Detroit Grand Prix Practice 1.,link_only,media_narrative_context,1,d4d96f43d7e734ba26b0bdefe7d2d3e6ec0096e36dc05af4008d5fc7acfe69fd
weather_indy_nxt_open_meteo_session_indy_nxt_2025_6639,weather,series_indy_nxt,INDY NXT,2025,event_indy_nxt_2025_5497,Detroit Grand Prix,session_indy_nxt_2025_6639,practice,Practice 1,track_streets_of_detroit,Streets of Detroit,,,,grid_reanalysis,dry; overcast,dry / overcast; ambient 24.4C (Open-Meteo Historical Weather API hourly archive),modeled_medium,modeled_weather_context,1,d4d96f43d7e734ba26b0bdefe7d2d3e6ec0096e36dc05af4008d5fc7acfe69fd
asset_indy_nxt_2025_6640_combined_results,media,series_indy_nxt,INDY NXT,2025,event_indy_nxt_2025_5497,Detroit Grand Prix,session_indy_nxt_2025_6640,practice,Practice 2,track_streets_of_detroit,Streets of Detroit,,,,pdf,link_only,Official INDY NXT session report for Detroit Grand Prix Practice 2.,link_only,media_narrative_context,1,d4d96f43d7e734ba26b0bdefe7d2d3e6ec0096e36dc05af4008d5fc7acfe69fd
asset_indy_nxt_2025_6640_results,media,series_indy_nxt,INDY NXT,2025,event_indy_nxt_2025_5497,Detroit Grand Prix,session_indy_nxt_2025_6640,practice,Practice 2,track_streets_of_detroit,Streets of Detroit,,,,pdf,link_only,Official INDY NXT session report for Detroit Grand Prix Practice 2.,link_only,media_narrative_context,1,d4d96f43d7e734ba26b0bdefe7d2d3e6ec0096e36dc05af4008d5fc7acfe69fd
asset_indy_nxt_2025_6640_section_results,media,series_indy_nxt,INDY NXT,2025,event_indy_nxt_2025_5497,Detroit Grand Prix,session_indy_nxt_2025_6640,practice,Practice 2,track_streets_of_detroit,Streets of Detroit,,,,pdf,link_only,Official INDY NXT session report for Detroit Grand Prix Practice 2.,link_only,media_narrative_context,1,d4d96f43d7e734ba26b0bdefe7d2d3e6ec0096e36dc05af4008d5fc7acfe69fd
asset_indy_nxt_2025_6640_top_section_times,media,series_indy_nxt,INDY NXT,2025,event_indy_nxt_2025_5497,Detroit Grand Prix,session_indy_nxt_2025_6640,practice,Practice 2,track_streets_of_detroit,Streets of Detroit,,,,pdf,link_only,Official INDY NXT session report for Detroit Grand Prix Practice 2.,link_only,media_narrative_context,1,d4d96f43d7e734ba26b0bdefe7d2d3e6ec0096e36dc05af4008d5fc7acfe69fd
weather_indy_nxt_open_meteo_session_indy_nxt_2025_6640,weather,series_indy_nxt,INDY NXT,2025,event_indy_nxt_2025_5497,Detroit Grand Prix,session_indy_nxt_2025_6640,practice,Practice 2,track_streets_of_detroit,Streets of Detroit,,,,grid_reanalysis,dry; overcast,dry / overcast; ambient 10.1C (Open-Meteo Historical Weather API hourly archive),modeled_medium,modeled_weather_context,1,d4d96f43d7e734ba26b0bdefe7d2d3e6ec0096e36dc05af4008d5fc7acfe69fd
asset_indy_nxt_2025_6641_overall_results,media,series_indy_nxt,INDY NXT,2025,event_indy_nxt_2025_5497,Detroit Grand Prix,session_indy_nxt_2025_6641,qualifying,Qualifications - Group 1,track_streets_of_detroit,Streets of Detroit,,,,pdf,link_only,Official INDY NXT session report for Detroit Grand Prix Qualifications - Group 1.,link_only,media_narrative_context,1,d4d96f43d7e734ba26b0bdefe7d2d3e6ec0096e36dc05af4008d5fc7acfe69fd
asset_indy_nxt_2025_6641_results,media,series_indy_nxt,INDY NXT,2025,event_indy_nxt_2025_5497,Detroit Grand Prix,session_indy_nxt_2025_6641,qualifying,Qualifications - Group 1,track_streets_of_detroit,Streets of Detroit,,,,pdf,link_only,Official INDY NXT session report for Detroit Grand Prix Qualifications - Group 1.,link_only,media_narrative_context,1,d4d96f43d7e734ba26b0bdefe7d2d3e6ec0096e36dc05af4008d5fc7acfe69fd
asset_indy_nxt_2025_6641_section_results,media,series_indy_nxt,INDY NXT,2025,event_indy_nxt_2025_5497,Detroit Grand Prix,session_indy_nxt_2025_6641,qualifying,Qualifications - Group 1,track_streets_of_detroit,Streets of Detroit,,,,pdf,link_only,Official INDY NXT session report for Detroit Grand Prix Qualifications - Group 1.,link_only,media_narrative_context,1,d4d96f43d7e734ba26b0bdefe7d2d3e6ec0096e36dc05af4008d5fc7acfe69fd
asset_indy_nxt_2025_6641_top_section_times,media,series_indy_nxt,INDY NXT,2025,event_indy_nxt_2025_5497,Detroit Grand Prix,session_indy_nxt_2025_6641,qualifying,Qualifications - Group 1,track_streets_of_detroit,Streets of Detroit,,,,pdf,link_only,Official INDY NXT session report for Detroit Grand Prix Qualifications - Group 1.,link_only,media_narrative_context,1,d4d96f43d7e734ba26b0bdefe7d2d3e6ec0096e36dc05af4008d5fc7acfe69fd
asset_indy_nxt_2025_6642_overall_results,media,series_indy_nxt,INDY NXT,2025,event_indy_nxt_2025_5497,Detroit Grand Prix,session_indy_nxt_2025_6642,qualifying,Qualifications - Group 2,track_streets_of_detroit,Streets of Detroit,,,,pdf,link_only,Official INDY NXT session report for Detroit Grand Prix Qualifications - Group 2.,link_only,media_narrative_context,1,d4d96f43d7e734ba26b0bdefe7d2d3e6ec0096e36dc05af4008d5fc7acfe69fd
asset_indy_nxt_2025_6642_results,media,series_indy_nxt,INDY NXT,2025,event_indy_nxt_2025_5497,Detroit Grand Prix,session_indy_nxt_2025_6642,qualifying,Qualifications - Group 2,track_streets_of_detroit,Streets of Detroit,,,,pdf,link_only,Official INDY NXT session report for Detroit Grand Prix Qualifications - Group 2.,link_only,media_narrative_context,1,d4d96f43d7e734ba26b0bdefe7d2d3e6ec0096e36dc05af4008d5fc7acfe69fd
asset_indy_nxt_2025_6642_section_results,media,series_indy_nxt,INDY NXT,2025,event_indy_nxt_2025_5497,Detroit Grand Prix,session_indy_nxt_2025_6642,qualifying,Qualifications - Group 2,track_streets_of_detroit,Streets of Detroit,,,,pdf,link_only,Official INDY NXT session report for Detroit Grand Prix Qualifications - Group 2.,link_only,media_narrative_context,1,d4d96f43d7e734ba26b0bdefe7d2d3e6ec0096e36dc05af4008d5fc7acfe69fd
asset_indy_nxt_2025_6642_top_section_times,media,series_indy_nxt,INDY NXT,2025,event_indy_nxt_2025_5497,Detroit Grand Prix,session_indy_nxt_2025_6642,qualifying,Qualifications - Group 2,track_streets_of_detroit,Streets of Detroit,,,,pdf,link_only,Official INDY NXT session report for Detroit Grand Prix Qualifications - Group 2.,link_only,media_narrative_context,1,d4d96f43d7e734ba26b0bdefe7d2d3e6ec0096e36dc05af4008d5fc7acfe69fd
incident_indy_nxt_caution_2025_6452_1,incident,series_indy_nxt,INDY NXT,2025,event_indy_nxt_2025_5494,Grand Prix at Mid-Ohio,session_indy_nxt_2025_6452,race,Race,track_mid_ohio_sports_car_course,Mid-Ohio Sports Car Course,,,4,caution_contact,caution_laps_4_to_5_duration_2,Official caution 1 ran from lap 4 to lap 5 for Contact: Cars 2 and 3 in Turn 3.,official,official_incident_context,1,d4d96f43d7e734ba26b0bdefe7d2d3e6ec0096e36dc05af4008d5fc7acfe69fd
penalty_indy_nxt_2025_6452_car_11_lap_7_drive_through,penalty,series_indy_nxt,INDY NXT,2025,event_indy_nxt_2025_5494,Grand Prix at Mid-Ohio,session_indy_nxt_2025_6452,race,Race,track_mid_ohio_sports_car_course,Mid-Ohio Sports Car Course,driver_nolan_allaer,Nolan Allaer,7,drive_through,drive_through,drive_through: Failure to Follow the DIrections of INDYCAR,official,official_penalty_context,1,d4d96f43d7e734ba26b0bdefe7d2d3e6ec0096e36dc05af4008d5fc7acfe69fd
penalty_indy_nxt_2025_6452_car_10_lap_16_yield_positions,penalty,series_indy_nxt,INDY NXT,2025,event_indy_nxt_2025_5494,Grand Prix at Mid-Ohio,session_indy_nxt_2025_6452,race,Race,track_mid_ohio_sports_car_course,Mid-Ohio Sports Car Course,driver_niels_koolen,Niels Koolen,16,yield_positions,positionImpact=-2,yield_positions: Blocking,official,official_penalty_context,1,d4d96f43d7e734ba26b0bdefe7d2d3e6ec0096e36dc05af4008d5fc7acfe69fd
incident_indy_nxt_status_2025_6452_driver_ricardo_escotto,incident,series_indy_nxt,INDY NXT,2025,event_indy_nxt_2025_5494,Grand Prix at Mid-Ohio,session_indy_nxt_2025_6452,race,Race,track_mid_ohio_sports_car_course,Mid-Ohio Sports Car Course,driver_ricardo_escotto,Ricardo Escotto,,contact,finish_position_19_laps_3,"Official INDY NXT result status reported ""Contact"" for Ricardo Escotto.",official,official_incident_context,1,d4d96f43d7e734ba26b0bdefe7d2d3e6ec0096e36dc05af4008d5fc7acfe69fd
incident_indy_nxt_status_2025_6452_driver_seb_murray,incident,series_indy_nxt,INDY NXT,2025,event_indy_nxt_2025_5494,Grand Prix at Mid-Ohio,session_indy_nxt_2025_6452,race,Race,track_mid_ohio_sports_car_course,Mid-Ohio Sports Car Course,driver_seb_murray,Seb Murray,,contact,finish_position_18_laps_3,"Official INDY NXT result status reported ""Contact"" for Seb Murray.",official,official_incident_context,1,d4d96f43d7e734ba26b0bdefe7d2d3e6ec0096e36dc05af4008d5fc7acfe69fd
asset_indy_nxt_2025_6452_box_score,media,series_indy_nxt,INDY NXT,2025,event_indy_nxt_2025_5494,Grand Prix at Mid-Ohio,session_indy_nxt_2025_6452,race,Race,track_mid_ohio_sports_car_course,Mid-Ohio Sports Car Course,,,,pdf,link_only,Official INDY NXT session report for Grand Prix at Mid-Ohio Race.,link_only,media_narrative_context,1,d4d96f43d7e734ba26b0bdefe7d2d3e6ec0096e36dc05af4008d5fc7acfe69fd
asset_indy_nxt_2025_6452_event_summary,media,series_indy_nxt,INDY NXT,2025,event_indy_nxt_2025_5494,Grand Prix at Mid-Ohio,session_indy_nxt_2025_6452,race,Race,track_mid_ohio_sports_car_course,Mid-Ohio Sports Car Course,,,,pdf,link_only,Official INDY NXT session report for Grand Prix at Mid-Ohio Race.,link_only,media_narrative_context,1,d4d96f43d7e734ba26b0bdefe7d2d3e6ec0096e36dc05af4008d5fc7acfe69fd
asset_indy_nxt_2025_6452_lap_chart,media,series_indy_nxt,INDY NXT,2025,event_indy_nxt_2025_5494,Grand Prix at Mid-Ohio,session_indy_nxt_2025_6452,race,Race,track_mid_ohio_sports_car_course,Mid-Ohio Sports Car Course,,,,pdf,link_only,Official INDY NXT session report for Grand Prix at Mid-Ohio Race.,link_only,media_narrative_context,1,d4d96f43d7e734ba26b0bdefe7d2d3e6ec0096e36dc05af4008d5fc7acfe69fd
asset_indy_nxt_2025_6452_leader_lap_summary,media,series_indy_nxt,INDY NXT,2025,event_indy_nxt_2025_5494,Grand Prix at Mid-Ohio,session_indy_nxt_2025_6452,race,Race,track_mid_ohio_sports_car_course,Mid-Ohio Sports Car Course,,,,pdf,link_only,Official INDY NXT session report for Grand Prix at Mid-Ohio Race.,link_only,media_narrative_context,1,d4d96f43d7e734ba26b0bdefe7d2d3e6ec0096e36dc05af4008d5fc7acfe69fd
asset_indy_nxt_2025_6452_results,media,series_indy_nxt,INDY NXT,2025,event_indy_nxt_2025_5494,Grand Prix at Mid-Ohio,session_indy_nxt_2025_6452,race,Race,track_mid_ohio_sports_car_course,Mid-Ohio Sports Car Course,,,,pdf,link_only,Official INDY NXT session report for Grand Prix at Mid-Ohio Race.,link_only,media_narrative_context,1,d4d96f43d7e734ba26b0bdefe7d2d3e6ec0096e36dc05af4008d5fc7acfe69fd
asset_indy_nxt_2025_6452_section_results,media,series_indy_nxt,INDY NXT,2025,event_indy_nxt_2025_5494,Grand Prix at Mid-Ohio,session_indy_nxt_2025_6452,race,Race,track_mid_ohio_sports_car_course,Mid-Ohio Sports Car Course,,,,pdf,link_only,Official INDY NXT session report for Grand Prix at Mid-Ohio Race.,link_only,media_narrative_context,1,d4d96f43d7e734ba26b0bdefe7d2d3e6ec0096e36dc05af4008d5fc7acfe69fd
asset_indy_nxt_2025_6452_top_section_times,media,series_indy_nxt,INDY NXT,2025,event_indy_nxt_2025_5494,Grand Prix at Mid-Ohio,session_indy_nxt_2025_6452,race,Race,track_mid_ohio_sports_car_course,Mid-Ohio Sports Car Course,,,,pdf,link_only,Official INDY NXT session report for Grand Prix at Mid-Ohio Race.,link_only,media_narrative_context,1,d4d96f43d7e734ba26b0bdefe7d2d3e6ec0096e36dc05af4008d5fc7acfe69fd
racecraft_indy_nxt_2025_6452_most_improved_driver_myles_rowe,racecraft,series_indy_nxt,INDY NXT,2025,event_indy_nxt_2025_5494,Grand Prix at Mid-Ohio,session_indy_nxt_2025_6452,race,Race,track_mid_ohio_sports_car_course,Mid-Ohio Sports Car Course,driver_myles_rowe,Myles Rowe,,start_gain,P13 to P10,"Rowe, Myles was listed as Most Improved in the official Event Summary, improving 3 positions from P13 to P10.",official,official_racecraft_context,1,d4d96f43d7e734ba26b0bdefe7d2d3e6ec0096e36dc05af4008d5fc7acfe69fd
weather_indy_nxt_open_meteo_session_indy_nxt_2025_6452,weather,series_indy_nxt,INDY NXT,2025,event_indy_nxt_2025_5494,Grand Prix at Mid-Ohio,session_indy_nxt_2025_6452,race,Race,track_mid_ohio_sports_car_course,Mid-Ohio Sports Car Course,,,,grid_reanalysis,dry; clear_sky,dry / clear_sky; ambient 28.2C (Open-Meteo Historical Weather API hourly archive),modeled_medium,modeled_weather_context,1,d4d96f43d7e734ba26b0bdefe7d2d3e6ec0096e36dc05af4008d5fc7acfe69fd
asset_indy_nxt_2025_6597_overall_results,media,series_indy_nxt,INDY NXT,2025,event_indy_nxt_2025_5494,Grand Prix at Mid-Ohio,session_indy_nxt_2025_6597,qualifying,Combined Qualifications,track_mid_ohio_sports_car_course,Mid-Ohio Sports Car Course,,,,pdf,link_only,Official INDY NXT session report for Grand Prix at Mid-Ohio Combined Qualifications.,link_only,media_narrative_context,1,d4d96f43d7e734ba26b0bdefe7d2d3e6ec0096e36dc05af4008d5fc7acfe69fd
asset_indy_nxt_2025_6597_results,media,series_indy_nxt,INDY NXT,2025,event_indy_nxt_2025_5494,Grand Prix at Mid-Ohio,session_indy_nxt_2025_6597,qualifying,Combined Qualifications,track_mid_ohio_sports_car_course,Mid-Ohio Sports Car Course,,,,pdf,link_only,Official INDY NXT session report for Grand Prix at Mid-Ohio Combined Qualifications.,link_only,media_narrative_context,1,d4d96f43d7e734ba26b0bdefe7d2d3e6ec0096e36dc05af4008d5fc7acfe69fd
asset_indy_nxt_2025_6679_combined_results,media,series_indy_nxt,INDY NXT,2025,event_indy_nxt_2025_5494,Grand Prix at Mid-Ohio,session_indy_nxt_2025_6679,practice,Practice 1,track_mid_ohio_sports_car_course,Mid-Ohio Sports Car Course,,,,pdf,link_only,Official INDY NXT session report for Grand Prix at Mid-Ohio Practice 1.,link_only,media_narrative_context,1,d4d96f43d7e734ba26b0bdefe7d2d3e6ec0096e36dc05af4008d5fc7acfe69fd
asset_indy_nxt_2025_6679_results,media,series_indy_nxt,INDY NXT,2025,event_indy_nxt_2025_5494,Grand Prix at Mid-Ohio,session_indy_nxt_2025_6679,practice,Practice 1,track_mid_ohio_sports_car_course,Mid-Ohio Sports Car Course,,,,pdf,link_only,Official INDY NXT session report for Grand Prix at Mid-Ohio Practice 1.,link_only,media_narrative_context,1,d4d96f43d7e734ba26b0bdefe7d2d3e6ec0096e36dc05af4008d5fc7acfe69fd
asset_indy_nxt_2025_6679_section_results,media,series_indy_nxt,INDY NXT,2025,event_indy_nxt_2025_5494,Grand Prix at Mid-Ohio,session_indy_nxt_2025_6679,practice,Practice 1,track_mid_ohio_sports_car_course,Mid-Ohio Sports Car Course,,,,pdf,link_only,Official INDY NXT session report for Grand Prix at Mid-Ohio Practice 1.,link_only,media_narrative_context,1,d4d96f43d7e734ba26b0bdefe7d2d3e6ec0096e36dc05af4008d5fc7acfe69fd
asset_indy_nxt_2025_6679_top_section_times,media,series_indy_nxt,INDY NXT,2025,event_indy_nxt_2025_5494,Grand Prix at Mid-Ohio,session_indy_nxt_2025_6679,practice,Practice 1,track_mid_ohio_sports_car_course,Mid-Ohio Sports Car Course,,,,pdf,link_only,Official INDY NXT session report for Grand Prix at Mid-Ohio Practice 1.,link_only,media_narrative_context,1,d4d96f43d7e734ba26b0bdefe7d2d3e6ec0096e36dc05af4008d5fc7acfe69fd
weather_indy_nxt_open_meteo_session_indy_nxt_2025_6679,weather,series_indy_nxt,INDY NXT,2025,event_indy_nxt_2025_5494,Grand Prix at Mid-Ohio,session_indy_nxt_2025_6679,practice,Practice 1,track_mid_ohio_sports_car_course,Mid-Ohio Sports Car Course,,,,grid_reanalysis,dry; mainly_clear,dry / mainly_clear; ambient 28.8C (Open-Meteo Historical Weather API hourly archive),modeled_medium,modeled_weather_context,1,d4d96f43d7e734ba26b0bdefe7d2d3e6ec0096e36dc05af4008d5fc7acfe69fd
asset_indy_nxt_2025_6680_combined_results,media,series_indy_nxt,INDY NXT,2025,event_indy_nxt_2025_5494,Grand Prix at Mid-Ohio,session_indy_nxt_2025_6680,practice,Practice 2,track_mid_ohio_sports_car_course,Mid-Ohio Sports Car Course,,,,pdf,link_only,Official INDY NXT session report for Grand Prix at Mid-Ohio Practice 2.,link_only,media_narrative_context,1,d4d96f43d7e734ba26b0bdefe7d2d3e6ec0096e36dc05af4008d5fc7acfe69fd
asset_indy_nxt_2025_6680_results,media,series_indy_nxt,INDY NXT,2025,event_indy_nxt_2025_5494,Grand Prix at Mid-Ohio,session_indy_nxt_2025_6680,practice,Practice 2,track_mid_ohio_sports_car_course,Mid-Ohio Sports Car Course,,,,pdf,link_only,Official INDY NXT session report for Grand Prix at Mid-Ohio Practice 2.,link_only,media_narrative_context,1,d4d96f43d7e734ba26b0bdefe7d2d3e6ec0096e36dc05af4008d5fc7acfe69fd
asset_indy_nxt_2025_6680_section_results,media,series_indy_nxt,INDY NXT,2025,event_indy_nxt_2025_5494,Grand Prix at Mid-Ohio,session_indy_nxt_2025_6680,practice,Practice 2,track_mid_ohio_sports_car_course,Mid-Ohio Sports Car Course,,,,pdf,link_only,Official INDY NXT session report for Grand Prix at Mid-Ohio Practice 2.,link_only,media_narrative_context,1,d4d96f43d7e734ba26b0bdefe7d2d3e6ec0096e36dc05af4008d5fc7acfe69fd
asset_indy_nxt_2025_6680_top_section_times,media,series_indy_nxt,INDY NXT,2025,event_indy_nxt_2025_5494,Grand Prix at Mid-Ohio,session_indy_nxt_2025_6680,practice,Practice 2,track_mid_ohio_sports_car_course,Mid-Ohio Sports Car Course,,,,pdf,link_only,Official INDY NXT session report for Grand Prix at Mid-Ohio Practice 2.,link_only,media_narrative_context,1,d4d96f43d7e734ba26b0bdefe7d2d3e6ec0096e36dc05af4008d5fc7acfe69fd
weather_indy_nxt_open_meteo_session_indy_nxt_2025_6680,weather,series_indy_nxt,INDY NXT,2025,event_indy_nxt_2025_5494,Grand Prix at Mid-Ohio,session_indy_nxt_2025_6680,practice,Practice 2,track_mid_ohio_sports_car_course,Mid-Ohio Sports Car Course,,,,grid_reanalysis,dry; clear_sky,dry / clear_sky; ambient 25.7C (Open-Meteo Historical Weather API hourly archive),modeled_medium,modeled_weather_context,1,d4d96f43d7e734ba26b0bdefe7d2d3e6ec0096e36dc05af4008d5fc7acfe69fd
asset_indy_nxt_2025_6681_overall_results,media,series_indy_nxt,INDY NXT,2025,event_indy_nxt_2025_5494,Grand Prix at Mid-Ohio,session_indy_nxt_2025_6681,qualifying,Qualifications - Group 1,track_mid_ohio_sports_car_course,Mid-Ohio Sports Car Course,,,,pdf,link_only,Official INDY NXT session report for Grand Prix at Mid-Ohio Qualifications - Group 1.,link_only,media_narrative_context,1,d4d96f43d7e734ba26b0bdefe7d2d3e6ec0096e36dc05af4008d5fc7acfe69fd
asset_indy_nxt_2025_6681_results,media,series_indy_nxt,INDY NXT,2025,event_indy_nxt_2025_5494,Grand Prix at Mid-Ohio,session_indy_nxt_2025_6681,qualifying,Qualifications - Group 1,track_mid_ohio_sports_car_course,Mid-Ohio Sports Car Course,,,,pdf,link_only,Official INDY NXT session report for Grand Prix at Mid-Ohio Qualifications - Group 1.,link_only,media_narrative_context,1,d4d96f43d7e734ba26b0bdefe7d2d3e6ec0096e36dc05af4008d5fc7acfe69fd
asset_indy_nxt_2025_6681_section_results,media,series_indy_nxt,INDY NXT,2025,event_indy_nxt_2025_5494,Grand Prix at Mid-Ohio,session_indy_nxt_2025_6681,qualifying,Qualifications - Group 1,track_mid_ohio_sports_car_course,Mid-Ohio Sports Car Course,,,,pdf,link_only,Official INDY NXT session report for Grand Prix at Mid-Ohio Qualifications - Group 1.,link_only,media_narrative_context,1,d4d96f43d7e734ba26b0bdefe7d2d3e6ec0096e36dc05af4008d5fc7acfe69fd
asset_indy_nxt_2025_6681_top_section_times,media,series_indy_nxt,INDY NXT,2025,event_indy_nxt_2025_5494,Grand Prix at Mid-Ohio,session_indy_nxt_2025_6681,qualifying,Qualifications - Group 1,track_mid_ohio_sports_car_course,Mid-Ohio Sports Car Course,,,,pdf,link_only,Official INDY NXT session report for Grand Prix at Mid-Ohio Qualifications - Group 1.,link_only,media_narrative_context,1,d4d96f43d7e734ba26b0bdefe7d2d3e6ec0096e36dc05af4008d5fc7acfe69fd
asset_indy_nxt_2025_6682_overall_results,media,series_indy_nxt,INDY NXT,2025,event_indy_nxt_2025_5494,Grand Prix at Mid-Ohio,session_indy_nxt_2025_6682,qualifying,Qualifications - Group 2,track_mid_ohio_sports_car_course,Mid-Ohio Sports Car Course,,,,pdf,link_only,Official INDY NXT session report for Grand Prix at Mid-Ohio Qualifications - Group 2.,link_only,media_narrative_context,1,d4d96f43d7e734ba26b0bdefe7d2d3e6ec0096e36dc05af4008d5fc7acfe69fd
asset_indy_nxt_2025_6682_results,media,series_indy_nxt,INDY NXT,2025,event_indy_nxt_2025_5494,Grand Prix at Mid-Ohio,session_indy_nxt_2025_6682,qualifying,Qualifications - Group 2,track_mid_ohio_sports_car_course,Mid-Ohio Sports Car Course,,,,pdf,link_only,Official INDY NXT session report for Grand Prix at Mid-Ohio Qualifications - Group 2.,link_only,media_narrative_context,1,d4d96f43d7e734ba26b0bdefe7d2d3e6ec0096e36dc05af4008d5fc7acfe69fd
asset_indy_nxt_2025_6682_section_results,media,series_indy_nxt,INDY NXT,2025,event_indy_nxt_2025_5494,Grand Prix at Mid-Ohio,session_indy_nxt_2025_6682,qualifying,Qualifications - Group 2,track_mid_ohio_sports_car_course,Mid-Ohio Sports Car Course,,,,pdf,link_only,Official INDY NXT session report for Grand Prix at Mid-Ohio Qualifications - Group 2.,link_only,media_narrative_context,1,d4d96f43d7e734ba26b0bdefe7d2d3e6ec0096e36dc05af4008d5fc7acfe69fd
asset_indy_nxt_2025_6682_top_section_times,media,series_indy_nxt,INDY NXT,2025,event_indy_nxt_2025_5494,Grand Prix at Mid-Ohio,session_indy_nxt_2025_6682,qualifying,Qualifications - Group 2,track_mid_ohio_sports_car_course,Mid-Ohio Sports Car Course,,,,pdf,link_only,Official INDY NXT session report for Grand Prix at Mid-Ohio Qualifications - Group 2.,link_only,media_narrative_context,1,d4d96f43d7e734ba26b0bdefe7d2d3e6ec0096e36dc05af4008d5fc7acfe69fd
asset_indy_nxt_2025_6453_box_score,media,series_indy_nxt,INDY NXT,2025,event_indy_nxt_2025_5495,Grand Prix at Road America,session_indy_nxt_2025_6453,race,Race,track_road_america,Road America,,,,pdf,link_only,Official INDY NXT session report for Grand Prix at Road America Race.,link_only,media_narrative_context,1,d4d96f43d7e734ba26b0bdefe7d2d3e6ec0096e36dc05af4008d5fc7acfe69fd
asset_indy_nxt_2025_6453_event_summary,media,series_indy_nxt,INDY NXT,2025,event_indy_nxt_2025_5495,Grand Prix at Road America,session_indy_nxt_2025_6453,race,Race,track_road_america,Road America,,,,pdf,link_only,Official INDY NXT session report for Grand Prix at Road America Race.,link_only,media_narrative_context,1,d4d96f43d7e734ba26b0bdefe7d2d3e6ec0096e36dc05af4008d5fc7acfe69fd
asset_indy_nxt_2025_6453_lap_chart,media,series_indy_nxt,INDY NXT,2025,event_indy_nxt_2025_5495,Grand Prix at Road America,session_indy_nxt_2025_6453,race,Race,track_road_america,Road America,,,,pdf,link_only,Official INDY NXT session report for Grand Prix at Road America Race.,link_only,media_narrative_context,1,d4d96f43d7e734ba26b0bdefe7d2d3e6ec0096e36dc05af4008d5fc7acfe69fd
asset_indy_nxt_2025_6453_leader_lap_summary,media,series_indy_nxt,INDY NXT,2025,event_indy_nxt_2025_5495,Grand Prix at Road America,session_indy_nxt_2025_6453,race,Race,track_road_america,Road America,,,,pdf,link_only,Official INDY NXT session report for Grand Prix at Road America Race.,link_only,media_narrative_context,1,d4d96f43d7e734ba26b0bdefe7d2d3e6ec0096e36dc05af4008d5fc7acfe69fd
asset_indy_nxt_2025_6453_results,media,series_indy_nxt,INDY NXT,2025,event_indy_nxt_2025_5495,Grand Prix at Road America,session_indy_nxt_2025_6453,race,Race,track_road_america,Road America,,,,pdf,link_only,Official INDY NXT session report for Grand Prix at Road America Race.,link_only,media_narrative_context,1,d4d96f43d7e734ba26b0bdefe7d2d3e6ec0096e36dc05af4008d5fc7acfe69fd
asset_indy_nxt_2025_6453_section_results,media,series_indy_nxt,INDY NXT,2025,event_indy_nxt_2025_5495,Grand Prix at Road America,session_indy_nxt_2025_6453,race,Race,track_road_america,Road America,,,,pdf,link_only,Official INDY NXT session report for Grand Prix at Road America Race.,link_only,media_narrative_context,1,d4d96f43d7e734ba26b0bdefe7d2d3e6ec0096e36dc05af4008d5fc7acfe69fd
asset_indy_nxt_2025_6453_top_section_times,media,series_indy_nxt,INDY NXT,2025,event_indy_nxt_2025_5495,Grand Prix at Road America,session_indy_nxt_2025_6453,race,Race,track_road_america,Road America,,,,pdf,link_only,Official INDY NXT session report for Grand Prix at Road America Race.,link_only,media_narrative_context,1,d4d96f43d7e734ba26b0bdefe7d2d3e6ec0096e36dc05af4008d5fc7acfe69fd
racecraft_indy_nxt_2025_6453_most_improved_driver_seb_murray,racecraft,series_indy_nxt,INDY NXT,2025,event_indy_nxt_2025_5495,Grand Prix at Road America,session_indy_nxt_2025_6453,race,Race,track_road_america,Road America,driver_seb_murray,Seb Murray,,start_gain,P14 to P11,"Murray, Sebastian was listed as Most Improved in the official Event Summary, improving 3 positions from P14 to P11.",official,official_racecraft_context,1,d4d96f43d7e734ba26b0bdefe7d2d3e6ec0096e36dc05af4008d5fc7acfe69fd
weather_indy_nxt_open_meteo_session_indy_nxt_2025_6453,weather,series_indy_nxt,INDY NXT,2025,event_indy_nxt_2025_5495,Grand Prix at Road America,session_indy_nxt_2025_6453,race,Race,track_road_america,Road America,,,,grid_reanalysis,dry; clear_sky,dry / clear_sky; ambient 30.1C (Open-Meteo Historical Weather API hourly archive),modeled_medium,modeled_weather_context,1,d4d96f43d7e734ba26b0bdefe7d2d3e6ec0096e36dc05af4008d5fc7acfe69fd
asset_indy_nxt_2025_6598_overall_results,media,series_indy_nxt,INDY NXT,2025,event_indy_nxt_2025_5495,Grand Prix at Road America,session_indy_nxt_2025_6598,qualifying,Combined Qualifications,track_road_america,Road America,,,,pdf,link_only,Official INDY NXT session report for Grand Prix at Road America Combined Qualifications.,link_only,media_narrative_context,1,d4d96f43d7e734ba26b0bdefe7d2d3e6ec0096e36dc05af4008d5fc7acfe69fd
asset_indy_nxt_2025_6675_combined_results,media,series_indy_nxt,INDY NXT,2025,event_indy_nxt_2025_5495,Grand Prix at Road America,session_indy_nxt_2025_6675,practice,Practice 1,track_road_america,Road America,,,,pdf,link_only,Official INDY NXT session report for Grand Prix at Road America Practice 1.,link_only,media_narrative_context,1,d4d96f43d7e734ba26b0bdefe7d2d3e6ec0096e36dc05af4008d5fc7acfe69fd
asset_indy_nxt_2025_6675_results,media,series_indy_nxt,INDY NXT,2025,event_indy_nxt_2025_5495,Grand Prix at Road America,session_indy_nxt_2025_6675,practice,Practice 1,track_road_america,Road America,,,,pdf,link_only,Official INDY NXT session report for Grand Prix at Road America Practice 1.,link_only,media_narrative_context,1,d4d96f43d7e734ba26b0bdefe7d2d3e6ec0096e36dc05af4008d5fc7acfe69fd
asset_indy_nxt_2025_6675_section_results,media,series_indy_nxt,INDY NXT,2025,event_indy_nxt_2025_5495,Grand Prix at Road America,session_indy_nxt_2025_6675,practice,Practice 1,track_road_america,Road America,,,,pdf,link_only,Official INDY NXT session report for Grand Prix at Road America Practice 1.,link_only,media_narrative_context,1,d4d96f43d7e734ba26b0bdefe7d2d3e6ec0096e36dc05af4008d5fc7acfe69fd
asset_indy_nxt_2025_6675_top_section_times,media,series_indy_nxt,INDY NXT,2025,event_indy_nxt_2025_5495,Grand Prix at Road America,session_indy_nxt_2025_6675,practice,Practice 1,track_road_america,Road America,,,,pdf,link_only,Official INDY NXT session report for Grand Prix at Road America Practice 1.,link_only,media_narrative_context,1,d4d96f43d7e734ba26b0bdefe7d2d3e6ec0096e36dc05af4008d5fc7acfe69fd
weather_indy_nxt_open_meteo_session_indy_nxt_2025_6675,weather,series_indy_nxt,INDY NXT,2025,event_indy_nxt_2025_5495,Grand Prix at Road America,session_indy_nxt_2025_6675,practice,Practice 1,track_road_america,Road America,,,,grid_reanalysis,dry; mainly_clear,dry / mainly_clear; ambient 26.5C (Open-Meteo Historical Weather API hourly archive),modeled_medium,modeled_weather_context,1,d4d96f43d7e734ba26b0bdefe7d2d3e6ec0096e36dc05af4008d5fc7acfe69fd
asset_indy_nxt_2025_6676_combined_results,media,series_indy_nxt,INDY NXT,2025,event_indy_nxt_2025_5495,Grand Prix at Road America,session_indy_nxt_2025_6676,practice,Practice 2,track_road_america,Road America,,,,pdf,link_only,Official INDY NXT session report for Grand Prix at Road America Practice 2.,link_only,media_narrative_context,1,d4d96f43d7e734ba26b0bdefe7d2d3e6ec0096e36dc05af4008d5fc7acfe69fd
asset_indy_nxt_2025_6676_results,media,series_indy_nxt,INDY NXT,2025,event_indy_nxt_2025_5495,Grand Prix at Road America,session_indy_nxt_2025_6676,practice,Practice 2,track_road_america,Road America,,,,pdf,link_only,Official INDY NXT session report for Grand Prix at Road America Practice 2.,link_only,media_narrative_context,1,d4d96f43d7e734ba26b0bdefe7d2d3e6ec0096e36dc05af4008d5fc7acfe69fd
asset_indy_nxt_2025_6676_section_results,media,series_indy_nxt,INDY NXT,2025,event_indy_nxt_2025_5495,Grand Prix at Road America,session_indy_nxt_2025_6676,practice,Practice 2,track_road_america,Road America,,,,pdf,link_only,Official INDY NXT session report for Grand Prix at Road America Practice 2.,link_only,media_narrative_context,1,d4d96f43d7e734ba26b0bdefe7d2d3e6ec0096e36dc05af4008d5fc7acfe69fd
asset_indy_nxt_2025_6676_top_section_times,media,series_indy_nxt,INDY NXT,2025,event_indy_nxt_2025_5495,Grand Prix at Road America,session_indy_nxt_2025_6676,practice,Practice 2,track_road_america,Road America,,,,pdf,link_only,Official INDY NXT session report for Grand Prix at Road America Practice 2.,link_only,media_narrative_context,1,d4d96f43d7e734ba26b0bdefe7d2d3e6ec0096e36dc05af4008d5fc7acfe69fd
weather_indy_nxt_open_meteo_session_indy_nxt_2025_6676,weather,series_indy_nxt,INDY NXT,2025,event_indy_nxt_2025_5495,Grand Prix at Road America,session_indy_nxt_2025_6676,practice,Practice 2,track_road_america,Road America,,,,grid_reanalysis,dry; overcast,dry / overcast; ambient 27.5C (Open-Meteo Historical Weather API hourly archive),modeled_medium,modeled_weather_context,1,d4d96f43d7e734ba26b0bdefe7d2d3e6ec0096e36dc05af4008d5fc7acfe69fd
asset_indy_nxt_2025_6677_overall_results,media,series_indy_nxt,INDY NXT,2025,event_indy_nxt_2025_5495,Grand Prix at Road America,session_indy_nxt_2025_6677,qualifying,Qualifications - Group 1,track_road_america,Road America,,,,pdf,link_only,Official INDY NXT session report for Grand Prix at Road America Qualifications - Group 1.,link_only,media_narrative_context,1,d4d96f43d7e734ba26b0bdefe7d2d3e6ec0096e36dc05af4008d5fc7acfe69fd
asset_indy_nxt_2025_6677_results,media,series_indy_nxt,INDY NXT,2025,event_indy_nxt_2025_5495,Grand Prix at Road America,session_indy_nxt_2025_6677,qualifying,Qualifications - Group 1,track_road_america,Road America,,,,pdf,link_only,Official INDY NXT session report for Grand Prix at Road America Qualifications - Group 1.,link_only,media_narrative_context,1,d4d96f43d7e734ba26b0bdefe7d2d3e6ec0096e36dc05af4008d5fc7acfe69fd
asset_indy_nxt_2025_6677_section_results,media,series_indy_nxt,INDY NXT,2025,event_indy_nxt_2025_5495,Grand Prix at Road America,session_indy_nxt_2025_6677,qualifying,Qualifications - Group 1,track_road_america,Road America,,,,pdf,link_only,Official INDY NXT session report for Grand Prix at Road America Qualifications - Group 1.,link_only,media_narrative_context,1,d4d96f43d7e734ba26b0bdefe7d2d3e6ec0096e36dc05af4008d5fc7acfe69fd
asset_indy_nxt_2025_6677_top_section_times,media,series_indy_nxt,INDY NXT,2025,event_indy_nxt_2025_5495,Grand Prix at Road America,session_indy_nxt_2025_6677,qualifying,Qualifications - Group 1,track_road_america,Road America,,,,pdf,link_only,Official INDY NXT session report for Grand Prix at Road America Qualifications - Group 1.,link_only,media_narrative_context,1,d4d96f43d7e734ba26b0bdefe7d2d3e6ec0096e36dc05af4008d5fc7acfe69fd
asset_indy_nxt_2025_6678_overall_results,media,series_indy_nxt,INDY NXT,2025,event_indy_nxt_2025_5495,Grand Prix at Road America,session_indy_nxt_2025_6678,qualifying,Qualifications - Group 2,track_road_america,Road America,,,,pdf,link_only,Official INDY NXT session report for Grand Prix at Road America Qualifications - Group 2.,link_only,media_narrative_context,1,d4d96f43d7e734ba26b0bdefe7d2d3e6ec0096e36dc05af4008d5fc7acfe69fd
asset_indy_nxt_2025_6678_results,media,series_indy_nxt,INDY NXT,2025,event_indy_nxt_2025_5495,Grand Prix at Road America,session_indy_nxt_2025_6678,qualifying,Qualifications - Group 2,track_road_america,Road America,,,,pdf,link_only,Official INDY NXT session report for Grand Prix at Road America Qualifications - Group 2.,link_only,media_narrative_context,1,d4d96f43d7e734ba26b0bdefe7d2d3e6ec0096e36dc05af4008d5fc7acfe69fd
asset_indy_nxt_2025_6678_section_results,media,series_indy_nxt,INDY NXT,2025,event_indy_nxt_2025_5495,Grand Prix at Road America,session_indy_nxt_2025_6678,qualifying,Qualifications - Group 2,track_road_america,Road America,,,,pdf,link_only,Official INDY NXT session report for Grand Prix at Road America Qualifications - Group 2.,link_only,media_narrative_context,1,d4d96f43d7e734ba26b0bdefe7d2d3e6ec0096e36dc05af4008d5fc7acfe69fd
asset_indy_nxt_2025_6678_top_section_times,media,series_indy_nxt,INDY NXT,2025,event_indy_nxt_2025_5495,Grand Prix at Road America,session_indy_nxt_2025_6678,qualifying,Qualifications - Group 2,track_road_america,Road America,,,,pdf,link_only,Official INDY NXT session report for Grand Prix at Road America Qualifications - Group 2.,link_only,media_narrative_context,1,d4d96f43d7e734ba26b0bdefe7d2d3e6ec0096e36dc05af4008d5fc7acfe69fd
incident_indy_nxt_caution_2025_6445_1,incident,series_indy_nxt,INDY NXT,2025,event_indy_nxt_2025_5487,Grand Prix of Alabama,session_indy_nxt_2025_6445,race,Race,track_barber_motorsports_park,Barber Motorsports Park,driver_callum_hedge,Callum Hedge,1,caution_off_course,caution_laps_1_to_3_duration_3,Official caution 1 ran from lap 1 to lap 3 for Off Course: Car 17 in Turn 8.,official,official_incident_context,1,d4d96f43d7e734ba26b0bdefe7d2d3e6ec0096e36dc05af4008d5fc7acfe69fd
incident_indy_nxt_caution_2025_6445_2,incident,series_indy_nxt,INDY NXT,2025,event_indy_nxt_2025_5487,Grand Prix of Alabama,session_indy_nxt_2025_6445,race,Race,track_barber_motorsports_park,Barber Motorsports Park,,,11,caution_debris,caution_laps_11_to_12_duration_2,Official caution 2 ran from lap 11 to lap 12 for Debris: Turn 5.,official,official_incident_context,1,d4d96f43d7e734ba26b0bdefe7d2d3e6ec0096e36dc05af4008d5fc7acfe69fd
incident_indy_nxt_status_2025_6445_driver_caio_collet,incident,series_indy_nxt,INDY NXT,2025,event_indy_nxt_2025_5487,Grand Prix of Alabama,session_indy_nxt_2025_6445,race,Race,track_barber_motorsports_park,Barber Motorsports Park,driver_caio_collet,Caio Collet,,mechanical,finish_position_19_laps_27,"Official INDY NXT result status reported ""Mechanical"" for Caio Collet.",official,official_incident_context,1,d4d96f43d7e734ba26b0bdefe7d2d3e6ec0096e36dc05af4008d5fc7acfe69fd
incident_indy_nxt_status_2025_6445_driver_nolan_allaer,incident,series_indy_nxt,INDY NXT,2025,event_indy_nxt_2025_5487,Grand Prix of Alabama,session_indy_nxt_2025_6445,race,Race,track_barber_motorsports_park,Barber Motorsports Park,driver_nolan_allaer,Nolan Allaer,,mechanical,finish_position_20_laps_7,"Official INDY NXT result status reported ""Mechanical"" for Nolan Allaer.",official,official_incident_context,1,d4d96f43d7e734ba26b0bdefe7d2d3e6ec0096e36dc05af4008d5fc7acfe69fd
asset_indy_nxt_2025_6445_event_summary,media,series_indy_nxt,INDY NXT,2025,event_indy_nxt_2025_5487,Grand Prix of Alabama,session_indy_nxt_2025_6445,race,Race,track_barber_motorsports_park,Barber Motorsports Park,,,,pdf,link_only,Official INDY NXT session report for Grand Prix of Alabama Race.,link_only,media_narrative_context,1,d4d96f43d7e734ba26b0bdefe7d2d3e6ec0096e36dc05af4008d5fc7acfe69fd
asset_indy_nxt_2025_6445_lap_chart,media,series_indy_nxt,INDY NXT,2025,event_indy_nxt_2025_5487,Grand Prix of Alabama,session_indy_nxt_2025_6445,race,Race,track_barber_motorsports_park,Barber Motorsports Park,,,,pdf,link_only,Official INDY NXT session report for Grand Prix of Alabama Race.,link_only,media_narrative_context,1,d4d96f43d7e734ba26b0bdefe7d2d3e6ec0096e36dc05af4008d5fc7acfe69fd
asset_indy_nxt_2025_6445_leader_lap_summary,media,series_indy_nxt,INDY NXT,2025,event_indy_nxt_2025_5487,Grand Prix of Alabama,session_indy_nxt_2025_6445,race,Race,track_barber_motorsports_park,Barber Motorsports Park,,,,pdf,link_only,Official INDY NXT session report for Grand Prix of Alabama Race.,link_only,media_narrative_context,1,d4d96f43d7e734ba26b0bdefe7d2d3e6ec0096e36dc05af4008d5fc7acfe69fd
asset_indy_nxt_2025_6445_results,media,series_indy_nxt,INDY NXT,2025,event_indy_nxt_2025_5487,Grand Prix of Alabama,session_indy_nxt_2025_6445,race,Race,track_barber_motorsports_park,Barber Motorsports Park,,,,pdf,link_only,Official INDY NXT session report for Grand Prix of Alabama Race.,link_only,media_narrative_context,1,d4d96f43d7e734ba26b0bdefe7d2d3e6ec0096e36dc05af4008d5fc7acfe69fd
asset_indy_nxt_2025_6445_section_results,media,series_indy_nxt,INDY NXT,2025,event_indy_nxt_2025_5487,Grand Prix of Alabama,session_indy_nxt_2025_6445,race,Race,track_barber_motorsports_park,Barber Motorsports Park,,,,pdf,link_only,Official INDY NXT session report for Grand Prix of Alabama Race.,link_only,media_narrative_context,1,d4d96f43d7e734ba26b0bdefe7d2d3e6ec0096e36dc05af4008d5fc7acfe69fd
asset_indy_nxt_2025_6445_top_section_times,media,series_indy_nxt,INDY NXT,2025,event_indy_nxt_2025_5487,Grand Prix of Alabama,session_indy_nxt_2025_6445,race,Race,track_barber_motorsports_park,Barber Motorsports Park,,,,pdf,link_only,Official INDY NXT session report for Grand Prix of Alabama Race.,link_only,media_narrative_context,1,d4d96f43d7e734ba26b0bdefe7d2d3e6ec0096e36dc05af4008d5fc7acfe69fd
racecraft_indy_nxt_2025_6445_most_improved_driver_jack_william_miller,racecraft,series_indy_nxt,INDY NXT,2025,event_indy_nxt_2025_5487,Grand Prix of Alabama,session_indy_nxt_2025_6445,race,Race,track_barber_motorsports_park,Barber Motorsports Park,driver_jack_william_miller,Jack William Miller,,start_gain,P20 to P8,"Miller, Jack William was listed as Most Improved in the official Event Summary, improving 12 positions from P20 to P8.",official,official_racecraft_context,1,d4d96f43d7e734ba26b0bdefe7d2d3e6ec0096e36dc05af4008d5fc7acfe69fd
weather_indy_nxt_open_meteo_session_indy_nxt_2025_6445,weather,series_indy_nxt,INDY NXT,2025,event_indy_nxt_2025_5487,Grand Prix of Alabama,session_indy_nxt_2025_6445,race,Race,track_barber_motorsports_park,Barber Motorsports Park,,,,grid_reanalysis,dry; mainly_clear,dry / mainly_clear; ambient 16.9C (Open-Meteo Historical Weather API hourly archive),modeled_medium,modeled_weather_context,1,d4d96f43d7e734ba26b0bdefe7d2d3e6ec0096e36dc05af4008d5fc7acfe69fd
asset_indy_nxt_2025_6592_overall_results,media,series_indy_nxt,INDY NXT,2025,event_indy_nxt_2025_5487,Grand Prix of Alabama,session_indy_nxt_2025_6592,qualifying,Combined Qualifications,track_barber_motorsports_park,Barber Motorsports Park,,,,pdf,link_only,Official INDY NXT session report for Grand Prix of Alabama Combined Qualifications.,link_only,media_narrative_context,1,d4d96f43d7e734ba26b0bdefe7d2d3e6ec0096e36dc05af4008d5fc7acfe69fd
asset_indy_nxt_2025_6611_results,media,series_indy_nxt,INDY NXT,2025,event_indy_nxt_2025_5487,Grand Prix of Alabama,session_indy_nxt_2025_6611,practice,Practice 1,track_barber_motorsports_park,Barber Motorsports Park,,,,pdf,link_only,Official INDY NXT session report for Grand Prix of Alabama Practice 1.,link_only,media_narrative_context,1,d4d96f43d7e734ba26b0bdefe7d2d3e6ec0096e36dc05af4008d5fc7acfe69fd
asset_indy_nxt_2025_6611_section_results,media,series_indy_nxt,INDY NXT,2025,event_indy_nxt_2025_5487,Grand Prix of Alabama,session_indy_nxt_2025_6611,practice,Practice 1,track_barber_motorsports_park,Barber Motorsports Park,,,,pdf,link_only,Official INDY NXT session report for Grand Prix of Alabama Practice 1.,link_only,media_narrative_context,1,d4d96f43d7e734ba26b0bdefe7d2d3e6ec0096e36dc05af4008d5fc7acfe69fd
asset_indy_nxt_2025_6611_top_section_times,media,series_indy_nxt,INDY NXT,2025,event_indy_nxt_2025_5487,Grand Prix of Alabama,session_indy_nxt_2025_6611,practice,Practice 1,track_barber_motorsports_park,Barber Motorsports Park,,,,pdf,link_only,Official INDY NXT session report for Grand Prix of Alabama Practice 1.,link_only,media_narrative_context,1,d4d96f43d7e734ba26b0bdefe7d2d3e6ec0096e36dc05af4008d5fc7acfe69fd
weather_indy_nxt_open_meteo_session_indy_nxt_2025_6611,weather,series_indy_nxt,INDY NXT,2025,event_indy_nxt_2025_5487,Grand Prix of Alabama,session_indy_nxt_2025_6611,practice,Practice 1,track_barber_motorsports_park,Barber Motorsports Park,,,,grid_reanalysis,wet; light_drizzle,wet / light_drizzle; ambient 23.9C (Open-Meteo Historical Weather API hourly archive),modeled_medium,modeled_weather_context,1,d4d96f43d7e734ba26b0bdefe7d2d3e6ec0096e36dc05af4008d5fc7acfe69fd
asset_indy_nxt_2025_6612_combined_results,media,series_indy_nxt,INDY NXT,2025,event_indy_nxt_2025_5487,Grand Prix of Alabama,session_indy_nxt_2025_6612,practice,Practice 2,track_barber_motorsports_park,Barber Motorsports Park,,,,pdf,link_only,Official INDY NXT session report for Grand Prix of Alabama Practice 2.,link_only,media_narrative_context,1,d4d96f43d7e734ba26b0bdefe7d2d3e6ec0096e36dc05af4008d5fc7acfe69fd
asset_indy_nxt_2025_6612_results,media,series_indy_nxt,INDY NXT,2025,event_indy_nxt_2025_5487,Grand Prix of Alabama,session_indy_nxt_2025_6612,practice,Practice 2,track_barber_motorsports_park,Barber Motorsports Park,,,,pdf,link_only,Official INDY NXT session report for Grand Prix of Alabama Practice 2.,link_only,media_narrative_context,1,d4d96f43d7e734ba26b0bdefe7d2d3e6ec0096e36dc05af4008d5fc7acfe69fd
asset_indy_nxt_2025_6612_section_results,media,series_indy_nxt,INDY NXT,2025,event_indy_nxt_2025_5487,Grand Prix of Alabama,session_indy_nxt_2025_6612,practice,Practice 2,track_barber_motorsports_park,Barber Motorsports Park,,,,pdf,link_only,Official INDY NXT session report for Grand Prix of Alabama Practice 2.,link_only,media_narrative_context,1,d4d96f43d7e734ba26b0bdefe7d2d3e6ec0096e36dc05af4008d5fc7acfe69fd
asset_indy_nxt_2025_6612_top_section_times,media,series_indy_nxt,INDY NXT,2025,event_indy_nxt_2025_5487,Grand Prix of Alabama,session_indy_nxt_2025_6612,practice,Practice 2,track_barber_motorsports_park,Barber Motorsports Park,,,,pdf,link_only,Official INDY NXT session report for Grand Prix of Alabama Practice 2.,link_only,media_narrative_context,1,d4d96f43d7e734ba26b0bdefe7d2d3e6ec0096e36dc05af4008d5fc7acfe69fd
weather_indy_nxt_open_meteo_session_indy_nxt_2025_6612,weather,series_indy_nxt,INDY NXT,2025,event_indy_nxt_2025_5487,Grand Prix of Alabama,session_indy_nxt_2025_6612,practice,Practice 2,track_barber_motorsports_park,Barber Motorsports Park,,,,grid_reanalysis,wet; light_drizzle,wet / light_drizzle; ambient 16.7C (Open-Meteo Historical Weather API hourly archive),modeled_medium,modeled_weather_context,1,d4d96f43d7e734ba26b0bdefe7d2d3e6ec0096e36dc05af4008d5fc7acfe69fd
asset_indy_nxt_2025_6613_overall_results,media,series_indy_nxt,INDY NXT,2025,event_indy_nxt_2025_5487,Grand Prix of Alabama,session_indy_nxt_2025_6613,qualifying,Qualifications - Group 1,track_barber_motorsports_park,Barber Motorsports Park,,,,pdf,link_only,Official INDY NXT session report for Grand Prix of Alabama Qualifications - Group 1.,link_only,media_narrative_context,1,d4d96f43d7e734ba26b0bdefe7d2d3e6ec0096e36dc05af4008d5fc7acfe69fd
asset_indy_nxt_2025_6613_results,media,series_indy_nxt,INDY NXT,2025,event_indy_nxt_2025_5487,Grand Prix of Alabama,session_indy_nxt_2025_6613,qualifying,Qualifications - Group 1,track_barber_motorsports_park,Barber Motorsports Park,,,,pdf,link_only,Official INDY NXT session report for Grand Prix of Alabama Qualifications - Group 1.,link_only,media_narrative_context,1,d4d96f43d7e734ba26b0bdefe7d2d3e6ec0096e36dc05af4008d5fc7acfe69fd
asset_indy_nxt_2025_6613_section_results,media,series_indy_nxt,INDY NXT,2025,event_indy_nxt_2025_5487,Grand Prix of Alabama,session_indy_nxt_2025_6613,qualifying,Qualifications - Group 1,track_barber_motorsports_park,Barber Motorsports Park,,,,pdf,link_only,Official INDY NXT session report for Grand Prix of Alabama Qualifications - Group 1.,link_only,media_narrative_context,1,d4d96f43d7e734ba26b0bdefe7d2d3e6ec0096e36dc05af4008d5fc7acfe69fd
asset_indy_nxt_2025_6613_top_section_times,media,series_indy_nxt,INDY NXT,2025,event_indy_nxt_2025_5487,Grand Prix of Alabama,session_indy_nxt_2025_6613,qualifying,Qualifications - Group 1,track_barber_motorsports_park,Barber Motorsports Park,,,,pdf,link_only,Official INDY NXT session report for Grand Prix of Alabama Qualifications - Group 1.,link_only,media_narrative_context,1,d4d96f43d7e734ba26b0bdefe7d2d3e6ec0096e36dc05af4008d5fc7acfe69fd
asset_indy_nxt_2025_6614_overall_results,media,series_indy_nxt,INDY NXT,2025,event_indy_nxt_2025_5487,Grand Prix of Alabama,session_indy_nxt_2025_6614,qualifying,Qualifications - Group 2,track_barber_motorsports_park,Barber Motorsports Park,,,,pdf,link_only,Official INDY NXT session report for Grand Prix of Alabama Qualifications - Group 2.,link_only,media_narrative_context,1,d4d96f43d7e734ba26b0bdefe7d2d3e6ec0096e36dc05af4008d5fc7acfe69fd
asset_indy_nxt_2025_6614_results,media,series_indy_nxt,INDY NXT,2025,event_indy_nxt_2025_5487,Grand Prix of Alabama,session_indy_nxt_2025_6614,qualifying,Qualifications - Group 2,track_barber_motorsports_park,Barber Motorsports Park,,,,pdf,link_only,Official INDY NXT session report for Grand Prix of Alabama Qualifications - Group 2.,link_only,media_narrative_context,1,d4d96f43d7e734ba26b0bdefe7d2d3e6ec0096e36dc05af4008d5fc7acfe69fd
asset_indy_nxt_2025_6614_section_results,media,series_indy_nxt,INDY NXT,2025,event_indy_nxt_2025_5487,Grand Prix of Alabama,session_indy_nxt_2025_6614,qualifying,Qualifications - Group 2,track_barber_motorsports_park,Barber Motorsports Park,,,,pdf,link_only,Official INDY NXT session report for Grand Prix of Alabama Qualifications - Group 2.,link_only,media_narrative_context,1,d4d96f43d7e734ba26b0bdefe7d2d3e6ec0096e36dc05af4008d5fc7acfe69fd
asset_indy_nxt_2025_6614_top_section_times,media,series_indy_nxt,INDY NXT,2025,event_indy_nxt_2025_5487,Grand Prix of Alabama,session_indy_nxt_2025_6614,qualifying,Qualifications - Group 2,track_barber_motorsports_park,Barber Motorsports Park,,,,pdf,link_only,Official INDY NXT session report for Grand Prix of Alabama Qualifications - Group 2.,link_only,media_narrative_context,1,d4d96f43d7e734ba26b0bdefe7d2d3e6ec0096e36dc05af4008d5fc7acfe69fd
incident_indy_nxt_caution_2025_6442_1,incident,series_indy_nxt,INDY NXT,2025,event_indy_nxt_2025_5484,Grand Prix of Monterey Race 1,session_indy_nxt_2025_6442,race,Race,track_weathertech_raceway_laguna_seca,WeatherTech Raceway Laguna Seca,,,1,caution_off_course,caution_laps_1_to_4_duration_4,"Official caution 1 ran from lap 1 to lap 4 for Off course Cars 2, 28, 27 and 48..",official,official_incident_context,1,d4d96f43d7e734ba26b0bdefe7d2d3e6ec0096e36dc05af4008d5fc7acfe69fd
penalty_indy_nxt_2025_6442_car_39_lap_6_drive_through,penalty,series_indy_nxt,INDY NXT,2025,event_indy_nxt_2025_5484,Grand Prix of Monterey Race 1,session_indy_nxt_2025_6442,race,Race,track_weathertech_raceway_laguna_seca,WeatherTech Raceway Laguna Seca,driver_jm_correa,JM Correa,6,drive_through,drive_through,drive_through: Avoidable Contact,official,official_penalty_context,1,d4d96f43d7e734ba26b0bdefe7d2d3e6ec0096e36dc05af4008d5fc7acfe69fd
incident_indy_nxt_status_2025_6442_driver_jordan_missig,incident,series_indy_nxt,INDY NXT,2025,event_indy_nxt_2025_5484,Grand Prix of Monterey Race 1,session_indy_nxt_2025_6442,race,Race,track_weathertech_raceway_laguna_seca,WeatherTech Raceway Laguna Seca,driver_jordan_missig,Jordan Missig,,contact,finish_position_18_laps_0,"Official INDY NXT result status reported ""Contact"" for Jordan Missig.",official,official_incident_context,1,d4d96f43d7e734ba26b0bdefe7d2d3e6ec0096e36dc05af4008d5fc7acfe69fd
incident_indy_nxt_status_2025_6442_driver_salvador_de_alba,incident,series_indy_nxt,INDY NXT,2025,event_indy_nxt_2025_5484,Grand Prix of Monterey Race 1,session_indy_nxt_2025_6442,race,Race,track_weathertech_raceway_laguna_seca,WeatherTech Raceway Laguna Seca,driver_salvador_de_alba,Salvador de Alba,,contact,finish_position_19_laps_0,"Official INDY NXT result status reported ""Contact"" for Salvador de Alba.",official,official_incident_context,1,d4d96f43d7e734ba26b0bdefe7d2d3e6ec0096e36dc05af4008d5fc7acfe69fd
incident_indy_nxt_status_2025_6442_driver_seb_murray,incident,series_indy_nxt,INDY NXT,2025,event_indy_nxt_2025_5484,Grand Prix of Monterey Race 1,session_indy_nxt_2025_6442,race,Race,track_weathertech_raceway_laguna_seca,WeatherTech Raceway Laguna Seca,driver_seb_murray,Seb Murray,,mechanical,finish_position_17_laps_21,"Official INDY NXT result status reported ""Mechanical"" for Seb Murray.",official,official_incident_context,1,d4d96f43d7e734ba26b0bdefe7d2d3e6ec0096e36dc05af4008d5fc7acfe69fd
asset_indy_nxt_2025_6442_box_score,media,series_indy_nxt,INDY NXT,2025,event_indy_nxt_2025_5484,Grand Prix of Monterey Race 1,session_indy_nxt_2025_6442,race,Race,track_weathertech_raceway_laguna_seca,WeatherTech Raceway Laguna Seca,,,,pdf,link_only,Official INDY NXT session report for Grand Prix of Monterey Race 1 Race.,link_only,media_narrative_context,1,d4d96f43d7e734ba26b0bdefe7d2d3e6ec0096e36dc05af4008d5fc7acfe69fd
asset_indy_nxt_2025_6442_event_summary,media,series_indy_nxt,INDY NXT,2025,event_indy_nxt_2025_5484,Grand Prix of Monterey Race 1,session_indy_nxt_2025_6442,race,Race,track_weathertech_raceway_laguna_seca,WeatherTech Raceway Laguna Seca,,,,pdf,link_only,Official INDY NXT session report for Grand Prix of Monterey Race 1 Race.,link_only,media_narrative_context,1,d4d96f43d7e734ba26b0bdefe7d2d3e6ec0096e36dc05af4008d5fc7acfe69fd
asset_indy_nxt_2025_6442_lap_chart,media,series_indy_nxt,INDY NXT,2025,event_indy_nxt_2025_5484,Grand Prix of Monterey Race 1,session_indy_nxt_2025_6442,race,Race,track_weathertech_raceway_laguna_seca,WeatherTech Raceway Laguna Seca,,,,pdf,link_only,Official INDY NXT session report for Grand Prix of Monterey Race 1 Race.,link_only,media_narrative_context,1,d4d96f43d7e734ba26b0bdefe7d2d3e6ec0096e36dc05af4008d5fc7acfe69fd
asset_indy_nxt_2025_6442_leader_lap_summary,media,series_indy_nxt,INDY NXT,2025,event_indy_nxt_2025_5484,Grand Prix of Monterey Race 1,session_indy_nxt_2025_6442,race,Race,track_weathertech_raceway_laguna_seca,WeatherTech Raceway Laguna Seca,,,,pdf,link_only,Official INDY NXT session report for Grand Prix of Monterey Race 1 Race.,link_only,media_narrative_context,1,d4d96f43d7e734ba26b0bdefe7d2d3e6ec0096e36dc05af4008d5fc7acfe69fd
asset_indy_nxt_2025_6442_results,media,series_indy_nxt,INDY NXT,2025,event_indy_nxt_2025_5484,Grand Prix of Monterey Race 1,session_indy_nxt_2025_6442,race,Race,track_weathertech_raceway_laguna_seca,WeatherTech Raceway Laguna Seca,,,,pdf,link_only,Official INDY NXT session report for Grand Prix of Monterey Race 1 Race.,link_only,media_narrative_context,1,d4d96f43d7e734ba26b0bdefe7d2d3e6ec0096e36dc05af4008d5fc7acfe69fd
asset_indy_nxt_2025_6442_section_results,media,series_indy_nxt,INDY NXT,2025,event_indy_nxt_2025_5484,Grand Prix of Monterey Race 1,session_indy_nxt_2025_6442,race,Race,track_weathertech_raceway_laguna_seca,WeatherTech Raceway Laguna Seca,,,,pdf,link_only,Official INDY NXT session report for Grand Prix of Monterey Race 1 Race.,link_only,media_narrative_context,1,d4d96f43d7e734ba26b0bdefe7d2d3e6ec0096e36dc05af4008d5fc7acfe69fd
asset_indy_nxt_2025_6442_top_section_times,media,series_indy_nxt,INDY NXT,2025,event_indy_nxt_2025_5484,Grand Prix of Monterey Race 1,session_indy_nxt_2025_6442,race,Race,track_weathertech_raceway_laguna_seca,WeatherTech Raceway Laguna Seca,,,,pdf,link_only,Official INDY NXT session report for Grand Prix of Monterey Race 1 Race.,link_only,media_narrative_context,1,d4d96f43d7e734ba26b0bdefe7d2d3e6ec0096e36dc05af4008d5fc7acfe69fd
racecraft_indy_nxt_2025_6442_most_improved_driver_liam_sceats,racecraft,series_indy_nxt,INDY NXT,2025,event_indy_nxt_2025_5484,Grand Prix of Monterey Race 1,session_indy_nxt_2025_6442,race,Race,track_weathertech_raceway_laguna_seca,WeatherTech Raceway Laguna Seca,driver_liam_sceats,Liam Sceats,,start_gain,P17 to P8,"Sceats, Liam was listed as Most Improved in the official Event Summary, improving 9 positions from P17 to P8.",official,official_racecraft_context,1,d4d96f43d7e734ba26b0bdefe7d2d3e6ec0096e36dc05af4008d5fc7acfe69fd
weather_indy_nxt_open_meteo_session_indy_nxt_2025_6442,weather,series_indy_nxt,INDY NXT,2025,event_indy_nxt_2025_5484,Grand Prix of Monterey Race 1,session_indy_nxt_2025_6442,race,Race,track_weathertech_raceway_laguna_seca,WeatherTech Raceway Laguna Seca,,,,grid_reanalysis,dry; overcast,dry / overcast; ambient 17.5C (Open-Meteo Historical Weather API hourly archive),modeled_medium,modeled_weather_context,1,d4d96f43d7e734ba26b0bdefe7d2d3e6ec0096e36dc05af4008d5fc7acfe69fd
asset_indy_nxt_2025_6589_overall_results,media,series_indy_nxt,INDY NXT,2025,event_indy_nxt_2025_5484,Grand Prix of Monterey Race 1,session_indy_nxt_2025_6589,qualifying,Combined Qualifications,track_weathertech_raceway_laguna_seca,WeatherTech Raceway Laguna Seca,,,,pdf,link_only,Official INDY NXT session report for Grand Prix of Monterey Race 1 Combined Qualifications.,link_only,media_narrative_context,1,d4d96f43d7e734ba26b0bdefe7d2d3e6ec0096e36dc05af4008d5fc7acfe69fd
asset_indy_nxt_2025_6707_combined_results,media,series_indy_nxt,INDY NXT,2025,event_indy_nxt_2025_5484,Grand Prix of Monterey Race 1,session_indy_nxt_2025_6707,practice,Practice 1,track_weathertech_raceway_laguna_seca,WeatherTech Raceway Laguna Seca,,,,pdf,link_only,Official INDY NXT session report for Grand Prix of Monterey Race 1 Practice 1.,link_only,media_narrative_context,1,d4d96f43d7e734ba26b0bdefe7d2d3e6ec0096e36dc05af4008d5fc7acfe69fd
asset_indy_nxt_2025_6707_results,media,series_indy_nxt,INDY NXT,2025,event_indy_nxt_2025_5484,Grand Prix of Monterey Race 1,session_indy_nxt_2025_6707,practice,Practice 1,track_weathertech_raceway_laguna_seca,WeatherTech Raceway Laguna Seca,,,,pdf,link_only,Official INDY NXT session report for Grand Prix of Monterey Race 1 Practice 1.,link_only,media_narrative_context,1,d4d96f43d7e734ba26b0bdefe7d2d3e6ec0096e36dc05af4008d5fc7acfe69fd
asset_indy_nxt_2025_6707_section_results,media,series_indy_nxt,INDY NXT,2025,event_indy_nxt_2025_5484,Grand Prix of Monterey Race 1,session_indy_nxt_2025_6707,practice,Practice 1,track_weathertech_raceway_laguna_seca,WeatherTech Raceway Laguna Seca,,,,pdf,link_only,Official INDY NXT session report for Grand Prix of Monterey Race 1 Practice 1.,link_only,media_narrative_context,1,d4d96f43d7e734ba26b0bdefe7d2d3e6ec0096e36dc05af4008d5fc7acfe69fd
asset_indy_nxt_2025_6707_top_section_times,media,series_indy_nxt,INDY NXT,2025,event_indy_nxt_2025_5484,Grand Prix of Monterey Race 1,session_indy_nxt_2025_6707,practice,Practice 1,track_weathertech_raceway_laguna_seca,WeatherTech Raceway Laguna Seca,,,,pdf,link_only,Official INDY NXT session report for Grand Prix of Monterey Race 1 Practice 1.,link_only,media_narrative_context,1,d4d96f43d7e734ba26b0bdefe7d2d3e6ec0096e36dc05af4008d5fc7acfe69fd
weather_indy_nxt_open_meteo_session_indy_nxt_2025_6707,weather,series_indy_nxt,INDY NXT,2025,event_indy_nxt_2025_5484,Grand Prix of Monterey Race 1,session_indy_nxt_2025_6707,practice,Practice 1,track_weathertech_raceway_laguna_seca,WeatherTech Raceway Laguna Seca,,,,grid_reanalysis,dry; mainly_clear,dry / mainly_clear; ambient 18.2C (Open-Meteo Historical Weather API hourly archive),modeled_medium,modeled_weather_context,1,d4d96f43d7e734ba26b0bdefe7d2d3e6ec0096e36dc05af4008d5fc7acfe69fd
asset_indy_nxt_2025_6708_combined_results,media,series_indy_nxt,INDY NXT,2025,event_indy_nxt_2025_5484,Grand Prix of Monterey Race 1,session_indy_nxt_2025_6708,practice,Practice 2,track_weathertech_raceway_laguna_seca,WeatherTech Raceway Laguna Seca,,,,pdf,link_only,Official INDY NXT session report for Grand Prix of Monterey Race 1 Practice 2.,link_only,media_narrative_context,1,d4d96f43d7e734ba26b0bdefe7d2d3e6ec0096e36dc05af4008d5fc7acfe69fd
asset_indy_nxt_2025_6708_results,media,series_indy_nxt,INDY NXT,2025,event_indy_nxt_2025_5484,Grand Prix of Monterey Race 1,session_indy_nxt_2025_6708,practice,Practice 2,track_weathertech_raceway_laguna_seca,WeatherTech Raceway Laguna Seca,,,,pdf,link_only,Official INDY NXT session report for Grand Prix of Monterey Race 1 Practice 2.,link_only,media_narrative_context,1,d4d96f43d7e734ba26b0bdefe7d2d3e6ec0096e36dc05af4008d5fc7acfe69fd
asset_indy_nxt_2025_6708_section_results,media,series_indy_nxt,INDY NXT,2025,event_indy_nxt_2025_5484,Grand Prix of Monterey Race 1,session_indy_nxt_2025_6708,practice,Practice 2,track_weathertech_raceway_laguna_seca,WeatherTech Raceway Laguna Seca,,,,pdf,link_only,Official INDY NXT session report for Grand Prix of Monterey Race 1 Practice 2.,link_only,media_narrative_context,1,d4d96f43d7e734ba26b0bdefe7d2d3e6ec0096e36dc05af4008d5fc7acfe69fd
asset_indy_nxt_2025_6708_top_section_times,media,series_indy_nxt,INDY NXT,2025,event_indy_nxt_2025_5484,Grand Prix of Monterey Race 1,session_indy_nxt_2025_6708,practice,Practice 2,track_weathertech_raceway_laguna_seca,WeatherTech Raceway Laguna Seca,,,,pdf,link_only,Official INDY NXT session report for Grand Prix of Monterey Race 1 Practice 2.,link_only,media_narrative_context,1,d4d96f43d7e734ba26b0bdefe7d2d3e6ec0096e36dc05af4008d5fc7acfe69fd
weather_indy_nxt_open_meteo_session_indy_nxt_2025_6708,weather,series_indy_nxt,INDY NXT,2025,event_indy_nxt_2025_5484,Grand Prix of Monterey Race 1,session_indy_nxt_2025_6708,practice,Practice 2,track_weathertech_raceway_laguna_seca,WeatherTech Raceway Laguna Seca,,,,grid_reanalysis,dry; partly_cloudy,dry / partly_cloudy; ambient 17.7C (Open-Meteo Historical Weather API hourly archive),modeled_medium,modeled_weather_context,1,d4d96f43d7e734ba26b0bdefe7d2d3e6ec0096e36dc05af4008d5fc7acfe69fd
asset_indy_nxt_2025_6709_overall_results,media,series_indy_nxt,INDY NXT,2025,event_indy_nxt_2025_5484,Grand Prix of Monterey Race 1,session_indy_nxt_2025_6709,qualifying,Qualifications - Race 1 Group 1,track_weathertech_raceway_laguna_seca,WeatherTech Raceway Laguna Seca,,,,pdf,link_only,Official INDY NXT session report for Grand Prix of Monterey Race 1 Qualifications - Race 1 Group 1.,link_only,media_narrative_context,1,d4d96f43d7e734ba26b0bdefe7d2d3e6ec0096e36dc05af4008d5fc7acfe69fd
asset_indy_nxt_2025_6709_results,media,series_indy_nxt,INDY NXT,2025,event_indy_nxt_2025_5484,Grand Prix of Monterey Race 1,session_indy_nxt_2025_6709,qualifying,Qualifications - Race 1 Group 1,track_weathertech_raceway_laguna_seca,WeatherTech Raceway Laguna Seca,,,,pdf,link_only,Official INDY NXT session report for Grand Prix of Monterey Race 1 Qualifications - Race 1 Group 1.,link_only,media_narrative_context,1,d4d96f43d7e734ba26b0bdefe7d2d3e6ec0096e36dc05af4008d5fc7acfe69fd
asset_indy_nxt_2025_6709_section_results,media,series_indy_nxt,INDY NXT,2025,event_indy_nxt_2025_5484,Grand Prix of Monterey Race 1,session_indy_nxt_2025_6709,qualifying,Qualifications - Race 1 Group 1,track_weathertech_raceway_laguna_seca,WeatherTech Raceway Laguna Seca,,,,pdf,link_only,Official INDY NXT session report for Grand Prix of Monterey Race 1 Qualifications - Race 1 Group 1.,link_only,media_narrative_context,1,d4d96f43d7e734ba26b0bdefe7d2d3e6ec0096e36dc05af4008d5fc7acfe69fd
asset_indy_nxt_2025_6709_top_section_times,media,series_indy_nxt,INDY NXT,2025,event_indy_nxt_2025_5484,Grand Prix of Monterey Race 1,session_indy_nxt_2025_6709,qualifying,Qualifications - Race 1 Group 1,track_weathertech_raceway_laguna_seca,WeatherTech Raceway Laguna Seca,,,,pdf,link_only,Official INDY NXT session report for Grand Prix of Monterey Race 1 Qualifications - Race 1 Group 1.,link_only,media_narrative_context,1,d4d96f43d7e734ba26b0bdefe7d2d3e6ec0096e36dc05af4008d5fc7acfe69fd
asset_indy_nxt_2025_6710_overall_results,media,series_indy_nxt,INDY NXT,2025,event_indy_nxt_2025_5484,Grand Prix of Monterey Race 1,session_indy_nxt_2025_6710,qualifying,Qualifications - Race 1 Group 2,track_weathertech_raceway_laguna_seca,WeatherTech Raceway Laguna Seca,,,,pdf,link_only,Official INDY NXT session report for Grand Prix of Monterey Race 1 Qualifications - Race 1 Group 2.,link_only,media_narrative_context,1,d4d96f43d7e734ba26b0bdefe7d2d3e6ec0096e36dc05af4008d5fc7acfe69fd
asset_indy_nxt_2025_6710_results,media,series_indy_nxt,INDY NXT,2025,event_indy_nxt_2025_5484,Grand Prix of Monterey Race 1,session_indy_nxt_2025_6710,qualifying,Qualifications - Race 1 Group 2,track_weathertech_raceway_laguna_seca,WeatherTech Raceway Laguna Seca,,,,pdf,link_only,Official INDY NXT session report for Grand Prix of Monterey Race 1 Qualifications - Race 1 Group 2.,link_only,media_narrative_context,1,d4d96f43d7e734ba26b0bdefe7d2d3e6ec0096e36dc05af4008d5fc7acfe69fd
asset_indy_nxt_2025_6710_section_results,media,series_indy_nxt,INDY NXT,2025,event_indy_nxt_2025_5484,Grand Prix of Monterey Race 1,session_indy_nxt_2025_6710,qualifying,Qualifications - Race 1 Group 2,track_weathertech_raceway_laguna_seca,WeatherTech Raceway Laguna Seca,,,,pdf,link_only,Official INDY NXT session report for Grand Prix of Monterey Race 1 Qualifications - Race 1 Group 2.,link_only,media_narrative_context,1,d4d96f43d7e734ba26b0bdefe7d2d3e6ec0096e36dc05af4008d5fc7acfe69fd
asset_indy_nxt_2025_6710_top_section_times,media,series_indy_nxt,INDY NXT,2025,event_indy_nxt_2025_5484,Grand Prix of Monterey Race 1,session_indy_nxt_2025_6710,qualifying,Qualifications - Race 1 Group 2,track_weathertech_raceway_laguna_seca,WeatherTech Raceway Laguna Seca,,,,pdf,link_only,Official INDY NXT session report for Grand Prix of Monterey Race 1 Qualifications - Race 1 Group 2.,link_only,media_narrative_context,1,d4d96f43d7e734ba26b0bdefe7d2d3e6ec0096e36dc05af4008d5fc7acfe69fd
incident_indy_nxt_caution_2025_6450_1,incident,series_indy_nxt,INDY NXT,2025,event_indy_nxt_2025_5492,Grand Prix of Monterey Race 2,session_indy_nxt_2025_6450,race,Race,track_weathertech_raceway_laguna_seca,WeatherTech Raceway Laguna Seca,,,1,caution_contact,caution_laps_1_to_5_duration_5,"Official caution 1 ran from lap 1 to lap 5 for Contact: Cars 9, 16, and 30 in Turn 3.",official,official_incident_context,1,d4d96f43d7e734ba26b0bdefe7d2d3e6ec0096e36dc05af4008d5fc7acfe69fd
penalty_indy_nxt_2025_6450_car_29_lap_6_no_further_penalty,penalty,series_indy_nxt,INDY NXT,2025,event_indy_nxt_2025_5492,Grand Prix of Monterey Race 2,session_indy_nxt_2025_6450,race,Race,track_weathertech_raceway_laguna_seca,WeatherTech Raceway Laguna Seca,driver_james_roe,James Roe,6,no_further_penalty,no_further_penalty,no_further_penalty: Avoidable Contact,official,official_penalty_context,1,d4d96f43d7e734ba26b0bdefe7d2d3e6ec0096e36dc05af4008d5fc7acfe69fd
penalty_indy_nxt_2025_6450_car_30_lap_7_stop_and_hold,penalty,series_indy_nxt,INDY NXT,2025,event_indy_nxt_2025_5492,Grand Prix of Monterey Race 2,session_indy_nxt_2025_6450,race,Race,track_weathertech_raceway_laguna_seca,WeatherTech Raceway Laguna Seca,driver_liam_sceats,Liam Sceats,7,stop_and_hold,timeImpactSeconds=30,stop_and_hold: Blocking and Avoidable Contact,official,official_penalty_context,1,d4d96f43d7e734ba26b0bdefe7d2d3e6ec0096e36dc05af4008d5fc7acfe69fd
incident_indy_nxt_caution_2025_6450_2,incident,series_indy_nxt,INDY NXT,2025,event_indy_nxt_2025_5492,Grand Prix of Monterey Race 2,session_indy_nxt_2025_6450,race,Race,track_weathertech_raceway_laguna_seca,WeatherTech Raceway Laguna Seca,driver_liam_sceats,Liam Sceats,18,caution_contact,caution_laps_18_to_21_duration_4,Official caution 2 ran from lap 18 to lap 21 for Contact: Car 30 in Turn 6.,official,official_incident_context,1,d4d96f43d7e734ba26b0bdefe7d2d3e6ec0096e36dc05af4008d5fc7acfe69fd
incident_indy_nxt_caution_2025_6450_3,incident,series_indy_nxt,INDY NXT,2025,event_indy_nxt_2025_5492,Grand Prix of Monterey Race 2,session_indy_nxt_2025_6450,race,Race,track_weathertech_raceway_laguna_seca,WeatherTech Raceway Laguna Seca,,,23,caution_contact,caution_laps_23_to_25_duration_3,"Official caution 3 ran from lap 23 to lap 25 for Contact: Cars 11, 16, 38, 39 and 48 in Turn 11.",official,official_incident_context,1,d4d96f43d7e734ba26b0bdefe7d2d3e6ec0096e36dc05af4008d5fc7acfe69fd
penalty_indy_nxt_2025_6450_car_38_lap_26_yield_positions,penalty,series_indy_nxt,INDY NXT,2025,event_indy_nxt_2025_5492,Grand Prix of Monterey Race 2,session_indy_nxt_2025_6450,race,Race,track_weathertech_raceway_laguna_seca,WeatherTech Raceway Laguna Seca,driver_hailie_deegan,Hailie Deegan,26,yield_positions,yield_positions,yield_positions: Pit Speed Violation,official,official_penalty_context,1,d4d96f43d7e734ba26b0bdefe7d2d3e6ec0096e36dc05af4008d5fc7acfe69fd
incident_indy_nxt_caution_2025_6450_4,incident,series_indy_nxt,INDY NXT,2025,event_indy_nxt_2025_5492,Grand Prix of Monterey Race 2,session_indy_nxt_2025_6450,race,Race,track_weathertech_raceway_laguna_seca,WeatherTech Raceway Laguna Seca,,,27,caution_contact,caution_laps_27_to_29_duration_3,Official caution 4 ran from lap 27 to lap 29 for Contact: Cars 26 and 28 in Turn 2..,official,official_incident_context,1,d4d96f43d7e734ba26b0bdefe7d2d3e6ec0096e36dc05af4008d5fc7acfe69fd
penalty_indy_nxt_2025_6450_car_16_lap_31_drive_through,penalty,series_indy_nxt,INDY NXT,2025,event_indy_nxt_2025_5492,Grand Prix of Monterey Race 2,session_indy_nxt_2025_6450,race,Race,track_weathertech_raceway_laguna_seca,WeatherTech Raceway Laguna Seca,driver_tommy_smith,Tommy Smith,31,drive_through,drive_through,drive_through: Avoidable Contact,official,official_penalty_context,1,d4d96f43d7e734ba26b0bdefe7d2d3e6ec0096e36dc05af4008d5fc7acfe69fd
penalty_indy_nxt_2025_6450_car_26_lap_31_drive_through,penalty,series_indy_nxt,INDY NXT,2025,event_indy_nxt_2025_5492,Grand Prix of Monterey Race 2,session_indy_nxt_2025_6450,race,Race,track_weathertech_raceway_laguna_seca,WeatherTech Raceway Laguna Seca,driver_lochie_hughes,Lochie Hughes,31,drive_through,drive_through,drive_through: Jumping Restart,official,official_penalty_context,1,d4d96f43d7e734ba26b0bdefe7d2d3e6ec0096e36dc05af4008d5fc7acfe69fd
penalty_indy_nxt_2025_6450_car_99_lap_32_drive_through,penalty,series_indy_nxt,INDY NXT,2025,event_indy_nxt_2025_5492,Grand Prix of Monterey Race 2,session_indy_nxt_2025_6450,race,Race,track_weathertech_raceway_laguna_seca,WeatherTech Raceway Laguna Seca,driver_myles_rowe,Myles Rowe,32,drive_through,drive_through,drive_through: Avoidable Contact,official,official_penalty_context,1,d4d96f43d7e734ba26b0bdefe7d2d3e6ec0096e36dc05af4008d5fc7acfe69fd
incident_indy_nxt_status_2025_6450_driver_bryce_aron,incident,series_indy_nxt,INDY NXT,2025,event_indy_nxt_2025_5492,Grand Prix of Monterey Race 2,session_indy_nxt_2025_6450,race,Race,track_weathertech_raceway_laguna_seca,WeatherTech Raceway Laguna Seca,driver_bryce_aron,Bryce Aron,,contact,finish_position_19_laps_0,"Official INDY NXT result status reported ""Contact"" for Bryce Aron.",official,official_incident_context,1,d4d96f43d7e734ba26b0bdefe7d2d3e6ec0096e36dc05af4008d5fc7acfe69fd
incident_indy_nxt_status_2025_6450_driver_dennis_hauger,incident,series_indy_nxt,INDY NXT,2025,event_indy_nxt_2025_5492,Grand Prix of Monterey Race 2,session_indy_nxt_2025_6450,race,Race,track_weathertech_raceway_laguna_seca,WeatherTech Raceway Laguna Seca,driver_dennis_hauger,Dennis Hauger,,contact,finish_position_16_laps_26,"Official INDY NXT result status reported ""Contact"" for Dennis Hauger.",official,official_incident_context,1,d4d96f43d7e734ba26b0bdefe7d2d3e6ec0096e36dc05af4008d5fc7acfe69fd
incident_indy_nxt_status_2025_6450_driver_jm_correa,incident,series_indy_nxt,INDY NXT,2025,event_indy_nxt_2025_5492,Grand Prix of Monterey Race 2,session_indy_nxt_2025_6450,race,Race,track_weathertech_raceway_laguna_seca,WeatherTech Raceway Laguna Seca,driver_jm_correa,JM Correa,,contact,finish_position_17_laps_22,"Official INDY NXT result status reported ""Contact"" for JM Correa.",official,official_incident_context,1,d4d96f43d7e734ba26b0bdefe7d2d3e6ec0096e36dc05af4008d5fc7acfe69fd
incident_indy_nxt_status_2025_6450_driver_liam_sceats,incident,series_indy_nxt,INDY NXT,2025,event_indy_nxt_2025_5492,Grand Prix of Monterey Race 2,session_indy_nxt_2025_6450,race,Race,track_weathertech_raceway_laguna_seca,WeatherTech Raceway Laguna Seca,driver_liam_sceats,Liam Sceats,,contact,finish_position_18_laps_14,"Official INDY NXT result status reported ""Contact"" for Liam Sceats.",official,official_incident_context,1,d4d96f43d7e734ba26b0bdefe7d2d3e6ec0096e36dc05af4008d5fc7acfe69fd
asset_indy_nxt_2025_6450_box_score,media,series_indy_nxt,INDY NXT,2025,event_indy_nxt_2025_5492,Grand Prix of Monterey Race 2,session_indy_nxt_2025_6450,race,Race,track_weathertech_raceway_laguna_seca,WeatherTech Raceway Laguna Seca,,,,pdf,link_only,Official INDY NXT session report for Grand Prix of Monterey Race 2 Race.,link_only,media_narrative_context,1,d4d96f43d7e734ba26b0bdefe7d2d3e6ec0096e36dc05af4008d5fc7acfe69fd
asset_indy_nxt_2025_6450_event_summary,media,series_indy_nxt,INDY NXT,2025,event_indy_nxt_2025_5492,Grand Prix of Monterey Race 2,session_indy_nxt_2025_6450,race,Race,track_weathertech_raceway_laguna_seca,WeatherTech Raceway Laguna Seca,,,,pdf,link_only,Official INDY NXT session report for Grand Prix of Monterey Race 2 Race.,link_only,media_narrative_context,1,d4d96f43d7e734ba26b0bdefe7d2d3e6ec0096e36dc05af4008d5fc7acfe69fd
asset_indy_nxt_2025_6450_lap_chart,media,series_indy_nxt,INDY NXT,2025,event_indy_nxt_2025_5492,Grand Prix of Monterey Race 2,session_indy_nxt_2025_6450,race,Race,track_weathertech_raceway_laguna_seca,WeatherTech Raceway Laguna Seca,,,,pdf,link_only,Official INDY NXT session report for Grand Prix of Monterey Race 2 Race.,link_only,media_narrative_context,1,d4d96f43d7e734ba26b0bdefe7d2d3e6ec0096e36dc05af4008d5fc7acfe69fd
asset_indy_nxt_2025_6450_leader_lap_summary,media,series_indy_nxt,INDY NXT,2025,event_indy_nxt_2025_5492,Grand Prix of Monterey Race 2,session_indy_nxt_2025_6450,race,Race,track_weathertech_raceway_laguna_seca,WeatherTech Raceway Laguna Seca,,,,pdf,link_only,Official INDY NXT session report for Grand Prix of Monterey Race 2 Race.,link_only,media_narrative_context,1,d4d96f43d7e734ba26b0bdefe7d2d3e6ec0096e36dc05af4008d5fc7acfe69fd
asset_indy_nxt_2025_6450_results,media,series_indy_nxt,INDY NXT,2025,event_indy_nxt_2025_5492,Grand Prix of Monterey Race 2,session_indy_nxt_2025_6450,race,Race,track_weathertech_raceway_laguna_seca,WeatherTech Raceway Laguna Seca,,,,pdf,link_only,Official INDY NXT session report for Grand Prix of Monterey Race 2 Race.,link_only,media_narrative_context,1,d4d96f43d7e734ba26b0bdefe7d2d3e6ec0096e36dc05af4008d5fc7acfe69fd
asset_indy_nxt_2025_6450_section_results,media,series_indy_nxt,INDY NXT,2025,event_indy_nxt_2025_5492,Grand Prix of Monterey Race 2,session_indy_nxt_2025_6450,race,Race,track_weathertech_raceway_laguna_seca,WeatherTech Raceway Laguna Seca,,,,pdf,link_only,Official INDY NXT session report for Grand Prix of Monterey Race 2 Race.,link_only,media_narrative_context,1,d4d96f43d7e734ba26b0bdefe7d2d3e6ec0096e36dc05af4008d5fc7acfe69fd
asset_indy_nxt_2025_6450_top_section_times,media,series_indy_nxt,INDY NXT,2025,event_indy_nxt_2025_5492,Grand Prix of Monterey Race 2,session_indy_nxt_2025_6450,race,Race,track_weathertech_raceway_laguna_seca,WeatherTech Raceway Laguna Seca,,,,pdf,link_only,Official INDY NXT session report for Grand Prix of Monterey Race 2 Race.,link_only,media_narrative_context,1,d4d96f43d7e734ba26b0bdefe7d2d3e6ec0096e36dc05af4008d5fc7acfe69fd
racecraft_indy_nxt_2025_6450_most_improved_driver_jack_william_miller,racecraft,series_indy_nxt,INDY NXT,2025,event_indy_nxt_2025_5492,Grand Prix of Monterey Race 2,session_indy_nxt_2025_6450,race,Race,track_weathertech_raceway_laguna_seca,WeatherTech Raceway Laguna Seca,driver_jack_william_miller,Jack William Miller,,start_gain,P17 to P7,"Miller, Jack William was listed as Most Improved in the official Event Summary, improving 10 positions from P17 to P7.",official,official_racecraft_context,1,d4d96f43d7e734ba26b0bdefe7d2d3e6ec0096e36dc05af4008d5fc7acfe69fd
weather_indy_nxt_open_meteo_session_indy_nxt_2025_6450,weather,series_indy_nxt,INDY NXT,2025,event_indy_nxt_2025_5492,Grand Prix of Monterey Race 2,session_indy_nxt_2025_6450,race,Race,track_weathertech_raceway_laguna_seca,WeatherTech Raceway Laguna Seca,,,,grid_reanalysis,dry; mainly_clear,dry / mainly_clear; ambient 17.5C (Open-Meteo Historical Weather API hourly archive),modeled_medium,modeled_weather_context,1,d4d96f43d7e734ba26b0bdefe7d2d3e6ec0096e36dc05af4008d5fc7acfe69fd
asset_indy_nxt_2025_6595_overall_results,media,series_indy_nxt,INDY NXT,2025,event_indy_nxt_2025_5492,Grand Prix of Monterey Race 2,session_indy_nxt_2025_6595,qualifying,Combined Qualifications,track_weathertech_raceway_laguna_seca,WeatherTech Raceway Laguna Seca,,,,pdf,link_only,Official INDY NXT session report for Grand Prix of Monterey Race 2 Combined Qualifications.,link_only,media_narrative_context,1,d4d96f43d7e734ba26b0bdefe7d2d3e6ec0096e36dc05af4008d5fc7acfe69fd
asset_indy_nxt_2025_6711_overall_results,media,series_indy_nxt,INDY NXT,2025,event_indy_nxt_2025_5492,Grand Prix of Monterey Race 2,session_indy_nxt_2025_6711,qualifying,Qualifications - Race 2 Group 1,track_weathertech_raceway_laguna_seca,WeatherTech Raceway Laguna Seca,,,,pdf,link_only,Official INDY NXT session report for Grand Prix of Monterey Race 2 Qualifications - Race 2 Group 1.,link_only,media_narrative_context,1,d4d96f43d7e734ba26b0bdefe7d2d3e6ec0096e36dc05af4008d5fc7acfe69fd
asset_indy_nxt_2025_6711_results,media,series_indy_nxt,INDY NXT,2025,event_indy_nxt_2025_5492,Grand Prix of Monterey Race 2,session_indy_nxt_2025_6711,qualifying,Qualifications - Race 2 Group 1,track_weathertech_raceway_laguna_seca,WeatherTech Raceway Laguna Seca,,,,pdf,link_only,Official INDY NXT session report for Grand Prix of Monterey Race 2 Qualifications - Race 2 Group 1.,link_only,media_narrative_context,1,d4d96f43d7e734ba26b0bdefe7d2d3e6ec0096e36dc05af4008d5fc7acfe69fd
asset_indy_nxt_2025_6711_section_results,media,series_indy_nxt,INDY NXT,2025,event_indy_nxt_2025_5492,Grand Prix of Monterey Race 2,session_indy_nxt_2025_6711,qualifying,Qualifications - Race 2 Group 1,track_weathertech_raceway_laguna_seca,WeatherTech Raceway Laguna Seca,,,,pdf,link_only,Official INDY NXT session report for Grand Prix of Monterey Race 2 Qualifications - Race 2 Group 1.,link_only,media_narrative_context,1,d4d96f43d7e734ba26b0bdefe7d2d3e6ec0096e36dc05af4008d5fc7acfe69fd
asset_indy_nxt_2025_6711_top_section_times,media,series_indy_nxt,INDY NXT,2025,event_indy_nxt_2025_5492,Grand Prix of Monterey Race 2,session_indy_nxt_2025_6711,qualifying,Qualifications - Race 2 Group 1,track_weathertech_raceway_laguna_seca,WeatherTech Raceway Laguna Seca,,,,pdf,link_only,Official INDY NXT session report for Grand Prix of Monterey Race 2 Qualifications - Race 2 Group 1.,link_only,media_narrative_context,1,d4d96f43d7e734ba26b0bdefe7d2d3e6ec0096e36dc05af4008d5fc7acfe69fd
asset_indy_nxt_2025_6712_overall_results,media,series_indy_nxt,INDY NXT,2025,event_indy_nxt_2025_5492,Grand Prix of Monterey Race 2,session_indy_nxt_2025_6712,qualifying,Qualifications - Race 2 Group 2,track_weathertech_raceway_laguna_seca,WeatherTech Raceway Laguna Seca,,,,pdf,link_only,Official INDY NXT session report for Grand Prix of Monterey Race 2 Qualifications - Race 2 Group 2.,link_only,media_narrative_context,1,d4d96f43d7e734ba26b0bdefe7d2d3e6ec0096e36dc05af4008d5fc7acfe69fd
asset_indy_nxt_2025_6712_results,media,series_indy_nxt,INDY NXT,2025,event_indy_nxt_2025_5492,Grand Prix of Monterey Race 2,session_indy_nxt_2025_6712,qualifying,Qualifications - Race 2 Group 2,track_weathertech_raceway_laguna_seca,WeatherTech Raceway Laguna Seca,,,,pdf,link_only,Official INDY NXT session report for Grand Prix of Monterey Race 2 Qualifications - Race 2 Group 2.,link_only,media_narrative_context,1,d4d96f43d7e734ba26b0bdefe7d2d3e6ec0096e36dc05af4008d5fc7acfe69fd
asset_indy_nxt_2025_6712_section_results,media,series_indy_nxt,INDY NXT,2025,event_indy_nxt_2025_5492,Grand Prix of Monterey Race 2,session_indy_nxt_2025_6712,qualifying,Qualifications - Race 2 Group 2,track_weathertech_raceway_laguna_seca,WeatherTech Raceway Laguna Seca,,,,pdf,link_only,Official INDY NXT session report for Grand Prix of Monterey Race 2 Qualifications - Race 2 Group 2.,link_only,media_narrative_context,1,d4d96f43d7e734ba26b0bdefe7d2d3e6ec0096e36dc05af4008d5fc7acfe69fd
asset_indy_nxt_2025_6712_top_section_times,media,series_indy_nxt,INDY NXT,2025,event_indy_nxt_2025_5492,Grand Prix of Monterey Race 2,session_indy_nxt_2025_6712,qualifying,Qualifications - Race 2 Group 2,track_weathertech_raceway_laguna_seca,WeatherTech Raceway Laguna Seca,,,,pdf,link_only,Official INDY NXT session report for Grand Prix of Monterey Race 2 Qualifications - Race 2 Group 2.,link_only,media_narrative_context,1,d4d96f43d7e734ba26b0bdefe7d2d3e6ec0096e36dc05af4008d5fc7acfe69fd
incident_indy_nxt_caution_2025_6449_1,incident,series_indy_nxt,INDY NXT,2025,event_indy_nxt_2025_5491,Grand Prix of Portland,session_indy_nxt_2025_6449,race,Race,track_portland_international_raceway,Portland International Raceway,driver_bryce_aron,Bryce Aron,1,caution_contact,caution_laps_1_to_3_duration_3,Official caution 1 ran from lap 1 to lap 3 for Contact: Car 9 in Turn 1.,official,official_incident_context,1,d4d96f43d7e734ba26b0bdefe7d2d3e6ec0096e36dc05af4008d5fc7acfe69fd
incident_indy_nxt_status_2025_6449_driver_bryce_aron,incident,series_indy_nxt,INDY NXT,2025,event_indy_nxt_2025_5491,Grand Prix of Portland,session_indy_nxt_2025_6449,race,Race,track_portland_international_raceway,Portland International Raceway,driver_bryce_aron,Bryce Aron,,contact,finish_position_19_laps_0,"Official INDY NXT result status reported ""Contact"" for Bryce Aron.",official,official_incident_context,1,d4d96f43d7e734ba26b0bdefe7d2d3e6ec0096e36dc05af4008d5fc7acfe69fd
asset_indy_nxt_2025_6449_box_score,media,series_indy_nxt,INDY NXT,2025,event_indy_nxt_2025_5491,Grand Prix of Portland,session_indy_nxt_2025_6449,race,Race,track_portland_international_raceway,Portland International Raceway,,,,pdf,link_only,Official INDY NXT session report for Grand Prix of Portland Race.,link_only,media_narrative_context,1,d4d96f43d7e734ba26b0bdefe7d2d3e6ec0096e36dc05af4008d5fc7acfe69fd
asset_indy_nxt_2025_6449_event_summary,media,series_indy_nxt,INDY NXT,2025,event_indy_nxt_2025_5491,Grand Prix of Portland,session_indy_nxt_2025_6449,race,Race,track_portland_international_raceway,Portland International Raceway,,,,pdf,link_only,Official INDY NXT session report for Grand Prix of Portland Race.,link_only,media_narrative_context,1,d4d96f43d7e734ba26b0bdefe7d2d3e6ec0096e36dc05af4008d5fc7acfe69fd
asset_indy_nxt_2025_6449_lap_chart,media,series_indy_nxt,INDY NXT,2025,event_indy_nxt_2025_5491,Grand Prix of Portland,session_indy_nxt_2025_6449,race,Race,track_portland_international_raceway,Portland International Raceway,,,,pdf,link_only,Official INDY NXT session report for Grand Prix of Portland Race.,link_only,media_narrative_context,1,d4d96f43d7e734ba26b0bdefe7d2d3e6ec0096e36dc05af4008d5fc7acfe69fd
asset_indy_nxt_2025_6449_leader_lap_summary,media,series_indy_nxt,INDY NXT,2025,event_indy_nxt_2025_5491,Grand Prix of Portland,session_indy_nxt_2025_6449,race,Race,track_portland_international_raceway,Portland International Raceway,,,,pdf,link_only,Official INDY NXT session report for Grand Prix of Portland Race.,link_only,media_narrative_context,1,d4d96f43d7e734ba26b0bdefe7d2d3e6ec0096e36dc05af4008d5fc7acfe69fd
asset_indy_nxt_2025_6449_results,media,series_indy_nxt,INDY NXT,2025,event_indy_nxt_2025_5491,Grand Prix of Portland,session_indy_nxt_2025_6449,race,Race,track_portland_international_raceway,Portland International Raceway,,,,pdf,link_only,Official INDY NXT session report for Grand Prix of Portland Race.,link_only,media_narrative_context,1,d4d96f43d7e734ba26b0bdefe7d2d3e6ec0096e36dc05af4008d5fc7acfe69fd
asset_indy_nxt_2025_6449_section_results,media,series_indy_nxt,INDY NXT,2025,event_indy_nxt_2025_5491,Grand Prix of Portland,session_indy_nxt_2025_6449,race,Race,track_portland_international_raceway,Portland International Raceway,,,,pdf,link_only,Official INDY NXT session report for Grand Prix of Portland Race.,link_only,media_narrative_context,1,d4d96f43d7e734ba26b0bdefe7d2d3e6ec0096e36dc05af4008d5fc7acfe69fd
asset_indy_nxt_2025_6449_top_section_times,media,series_indy_nxt,INDY NXT,2025,event_indy_nxt_2025_5491,Grand Prix of Portland,session_indy_nxt_2025_6449,race,Race,track_portland_international_raceway,Portland International Raceway,,,,pdf,link_only,Official INDY NXT session report for Grand Prix of Portland Race.,link_only,media_narrative_context,1,d4d96f43d7e734ba26b0bdefe7d2d3e6ec0096e36dc05af4008d5fc7acfe69fd
racecraft_indy_nxt_2025_6449_most_improved_driver_michael_d_orlando,racecraft,series_indy_nxt,INDY NXT,2025,event_indy_nxt_2025_5491,Grand Prix of Portland,session_indy_nxt_2025_6449,race,Race,track_portland_international_raceway,Portland International Raceway,driver_michael_d_orlando,Michael d'Orlando,,start_gain,P16 to P7,"d'Orlando, Michael was listed as Most Improved in the official Event Summary, improving 9 positions from P16 to P7.",official,official_racecraft_context,1,d4d96f43d7e734ba26b0bdefe7d2d3e6ec0096e36dc05af4008d5fc7acfe69fd
weather_indy_nxt_open_meteo_session_indy_nxt_2025_6449,weather,series_indy_nxt,INDY NXT,2025,event_indy_nxt_2025_5491,Grand Prix of Portland,session_indy_nxt_2025_6449,race,Race,track_portland_international_raceway,Portland International Raceway,,,,grid_reanalysis,dry; clear_sky,dry / clear_sky; ambient 23.8C (Open-Meteo Historical Weather API hourly archive),modeled_medium,modeled_weather_context,1,d4d96f43d7e734ba26b0bdefe7d2d3e6ec0096e36dc05af4008d5fc7acfe69fd
asset_indy_nxt_2025_6594_overall_results,media,series_indy_nxt,INDY NXT,2025,event_indy_nxt_2025_5491,Grand Prix of Portland,session_indy_nxt_2025_6594,qualifying,Combined Qualifications,track_portland_international_raceway,Portland International Raceway,,,,pdf,link_only,Official INDY NXT session report for Grand Prix of Portland Combined Qualifications.,link_only,media_narrative_context,1,d4d96f43d7e734ba26b0bdefe7d2d3e6ec0096e36dc05af4008d5fc7acfe69fd
asset_indy_nxt_2025_6713_combined_results,media,series_indy_nxt,INDY NXT,2025,event_indy_nxt_2025_5491,Grand Prix of Portland,session_indy_nxt_2025_6713,practice,Practice 1,track_portland_international_raceway,Portland International Raceway,,,,pdf,link_only,Official INDY NXT session report for Grand Prix of Portland Practice 1.,link_only,media_narrative_context,1,d4d96f43d7e734ba26b0bdefe7d2d3e6ec0096e36dc05af4008d5fc7acfe69fd
asset_indy_nxt_2025_6713_results,media,series_indy_nxt,INDY NXT,2025,event_indy_nxt_2025_5491,Grand Prix of Portland,session_indy_nxt_2025_6713,practice,Practice 1,track_portland_international_raceway,Portland International Raceway,,,,pdf,link_only,Official INDY NXT session report for Grand Prix of Portland Practice 1.,link_only,media_narrative_context,1,d4d96f43d7e734ba26b0bdefe7d2d3e6ec0096e36dc05af4008d5fc7acfe69fd
asset_indy_nxt_2025_6713_section_results,media,series_indy_nxt,INDY NXT,2025,event_indy_nxt_2025_5491,Grand Prix of Portland,session_indy_nxt_2025_6713,practice,Practice 1,track_portland_international_raceway,Portland International Raceway,,,,pdf,link_only,Official INDY NXT session report for Grand Prix of Portland Practice 1.,link_only,media_narrative_context,1,d4d96f43d7e734ba26b0bdefe7d2d3e6ec0096e36dc05af4008d5fc7acfe69fd
asset_indy_nxt_2025_6713_top_section_times,media,series_indy_nxt,INDY NXT,2025,event_indy_nxt_2025_5491,Grand Prix of Portland,session_indy_nxt_2025_6713,practice,Practice 1,track_portland_international_raceway,Portland International Raceway,,,,pdf,link_only,Official INDY NXT session report for Grand Prix of Portland Practice 1.,link_only,media_narrative_context,1,d4d96f43d7e734ba26b0bdefe7d2d3e6ec0096e36dc05af4008d5fc7acfe69fd
weather_indy_nxt_open_meteo_session_indy_nxt_2025_6713,weather,series_indy_nxt,INDY NXT,2025,event_indy_nxt_2025_5491,Grand Prix of Portland,session_indy_nxt_2025_6713,practice,Practice 1,track_portland_international_raceway,Portland International Raceway,,,,grid_reanalysis,dry; clear_sky,dry / clear_sky; ambient 21C (Open-Meteo Historical Weather API hourly archive),modeled_medium,modeled_weather_context,1,d4d96f43d7e734ba26b0bdefe7d2d3e6ec0096e36dc05af4008d5fc7acfe69fd
asset_indy_nxt_2025_6714_combined_results,media,series_indy_nxt,INDY NXT,2025,event_indy_nxt_2025_5491,Grand Prix of Portland,session_indy_nxt_2025_6714,practice,Practice 2,track_portland_international_raceway,Portland International Raceway,,,,pdf,link_only,Official INDY NXT session report for Grand Prix of Portland Practice 2.,link_only,media_narrative_context,1,d4d96f43d7e734ba26b0bdefe7d2d3e6ec0096e36dc05af4008d5fc7acfe69fd
asset_indy_nxt_2025_6714_results,media,series_indy_nxt,INDY NXT,2025,event_indy_nxt_2025_5491,Grand Prix of Portland,session_indy_nxt_2025_6714,practice,Practice 2,track_portland_international_raceway,Portland International Raceway,,,,pdf,link_only,Official INDY NXT session report for Grand Prix of Portland Practice 2.,link_only,media_narrative_context,1,d4d96f43d7e734ba26b0bdefe7d2d3e6ec0096e36dc05af4008d5fc7acfe69fd
asset_indy_nxt_2025_6714_section_results,media,series_indy_nxt,INDY NXT,2025,event_indy_nxt_2025_5491,Grand Prix of Portland,session_indy_nxt_2025_6714,practice,Practice 2,track_portland_international_raceway,Portland International Raceway,,,,pdf,link_only,Official INDY NXT session report for Grand Prix of Portland Practice 2.,link_only,media_narrative_context,1,d4d96f43d7e734ba26b0bdefe7d2d3e6ec0096e36dc05af4008d5fc7acfe69fd
asset_indy_nxt_2025_6714_top_section_times,media,series_indy_nxt,INDY NXT,2025,event_indy_nxt_2025_5491,Grand Prix of Portland,session_indy_nxt_2025_6714,practice,Practice 2,track_portland_international_raceway,Portland International Raceway,,,,pdf,link_only,Official INDY NXT session report for Grand Prix of Portland Practice 2.,link_only,media_narrative_context,1,d4d96f43d7e734ba26b0bdefe7d2d3e6ec0096e36dc05af4008d5fc7acfe69fd
weather_indy_nxt_open_meteo_session_indy_nxt_2025_6714,weather,series_indy_nxt,INDY NXT,2025,event_indy_nxt_2025_5491,Grand Prix of Portland,session_indy_nxt_2025_6714,practice,Practice 2,track_portland_international_raceway,Portland International Raceway,,,,grid_reanalysis,dry; overcast,dry / overcast; ambient 26.8C (Open-Meteo Historical Weather API hourly archive),modeled_medium,modeled_weather_context,1,d4d96f43d7e734ba26b0bdefe7d2d3e6ec0096e36dc05af4008d5fc7acfe69fd
asset_indy_nxt_2025_6715_overall_results,media,series_indy_nxt,INDY NXT,2025,event_indy_nxt_2025_5491,Grand Prix of Portland,session_indy_nxt_2025_6715,qualifying,Qualifications - Group 1,track_portland_international_raceway,Portland International Raceway,,,,pdf,link_only,Official INDY NXT session report for Grand Prix of Portland Qualifications - Group 1.,link_only,media_narrative_context,1,d4d96f43d7e734ba26b0bdefe7d2d3e6ec0096e36dc05af4008d5fc7acfe69fd
asset_indy_nxt_2025_6715_results,media,series_indy_nxt,INDY NXT,2025,event_indy_nxt_2025_5491,Grand Prix of Portland,session_indy_nxt_2025_6715,qualifying,Qualifications - Group 1,track_portland_international_raceway,Portland International Raceway,,,,pdf,link_only,Official INDY NXT session report for Grand Prix of Portland Qualifications - Group 1.,link_only,media_narrative_context,1,d4d96f43d7e734ba26b0bdefe7d2d3e6ec0096e36dc05af4008d5fc7acfe69fd
asset_indy_nxt_2025_6715_section_results,media,series_indy_nxt,INDY NXT,2025,event_indy_nxt_2025_5491,Grand Prix of Portland,session_indy_nxt_2025_6715,qualifying,Qualifications - Group 1,track_portland_international_raceway,Portland International Raceway,,,,pdf,link_only,Official INDY NXT session report for Grand Prix of Portland Qualifications - Group 1.,link_only,media_narrative_context,1,d4d96f43d7e734ba26b0bdefe7d2d3e6ec0096e36dc05af4008d5fc7acfe69fd
asset_indy_nxt_2025_6715_top_section_times,media,series_indy_nxt,INDY NXT,2025,event_indy_nxt_2025_5491,Grand Prix of Portland,session_indy_nxt_2025_6715,qualifying,Qualifications - Group 1,track_portland_international_raceway,Portland International Raceway,,,,pdf,link_only,Official INDY NXT session report for Grand Prix of Portland Qualifications - Group 1.,link_only,media_narrative_context,1,d4d96f43d7e734ba26b0bdefe7d2d3e6ec0096e36dc05af4008d5fc7acfe69fd
asset_indy_nxt_2025_6716_overall_results,media,series_indy_nxt,INDY NXT,2025,event_indy_nxt_2025_5491,Grand Prix of Portland,session_indy_nxt_2025_6716,qualifying,Qualifications - Group 2,track_portland_international_raceway,Portland International Raceway,,,,pdf,link_only,Official INDY NXT session report for Grand Prix of Portland Qualifications - Group 2.,link_only,media_narrative_context,1,d4d96f43d7e734ba26b0bdefe7d2d3e6ec0096e36dc05af4008d5fc7acfe69fd
asset_indy_nxt_2025_6716_results,media,series_indy_nxt,INDY NXT,2025,event_indy_nxt_2025_5491,Grand Prix of Portland,session_indy_nxt_2025_6716,qualifying,Qualifications - Group 2,track_portland_international_raceway,Portland International Raceway,,,,pdf,link_only,Official INDY NXT session report for Grand Prix of Portland Qualifications - Group 2.,link_only,media_narrative_context,1,d4d96f43d7e734ba26b0bdefe7d2d3e6ec0096e36dc05af4008d5fc7acfe69fd
asset_indy_nxt_2025_6716_section_results,media,series_indy_nxt,INDY NXT,2025,event_indy_nxt_2025_5491,Grand Prix of Portland,session_indy_nxt_2025_6716,qualifying,Qualifications - Group 2,track_portland_international_raceway,Portland International Raceway,,,,pdf,link_only,Official INDY NXT session report for Grand Prix of Portland Qualifications - Group 2.,link_only,media_narrative_context,1,d4d96f43d7e734ba26b0bdefe7d2d3e6ec0096e36dc05af4008d5fc7acfe69fd
asset_indy_nxt_2025_6716_top_section_times,media,series_indy_nxt,INDY NXT,2025,event_indy_nxt_2025_5491,Grand Prix of Portland,session_indy_nxt_2025_6716,qualifying,Qualifications - Group 2,track_portland_international_raceway,Portland International Raceway,,,,pdf,link_only,Official INDY NXT session report for Grand Prix of Portland Qualifications - Group 2.,link_only,media_narrative_context,1,d4d96f43d7e734ba26b0bdefe7d2d3e6ec0096e36dc05af4008d5fc7acfe69fd
incident_indy_nxt_caution_2025_6446_1,incident,series_indy_nxt,INDY NXT,2025,event_indy_nxt_2025_5488,Grand Prix of St. Petersburg,session_indy_nxt_2025_6446,race,Race,track_streets_of_st_petersburg,Streets of St. Petersburg,,,1,caution_contact,caution_laps_1_to_1_duration_1,"Official caution 1 ran from lap 1 to lap 1 for Contact: Car 10, 16 and 29 in Turn 1.",official,official_incident_context,1,d4d96f43d7e734ba26b0bdefe7d2d3e6ec0096e36dc05af4008d5fc7acfe69fd
penalty_indy_nxt_2025_6446_car_16_lap_3_stop_and_hold,penalty,series_indy_nxt,INDY NXT,2025,event_indy_nxt_2025_5488,Grand Prix of St. Petersburg,session_indy_nxt_2025_6446,race,Race,track_streets_of_st_petersburg,Streets of St. Petersburg,driver_tommy_smith,Tommy Smith,3,stop_and_hold,timeImpactSeconds=30,stop_and_hold: Avoidable Contact,official,official_penalty_context,1,d4d96f43d7e734ba26b0bdefe7d2d3e6ec0096e36dc05af4008d5fc7acfe69fd
incident_indy_nxt_caution_2025_6446_2,incident,series_indy_nxt,INDY NXT,2025,event_indy_nxt_2025_5488,Grand Prix of St. Petersburg,session_indy_nxt_2025_6446,race,Race,track_streets_of_st_petersburg,Streets of St. Petersburg,driver_james_roe,James Roe,10,caution_contact,caution_laps_10_to_13_duration_4,Official caution 2 ran from lap 10 to lap 13 for Contact: Car 29 in Turn 10.,official,official_incident_context,1,d4d96f43d7e734ba26b0bdefe7d2d3e6ec0096e36dc05af4008d5fc7acfe69fd
incident_indy_nxt_caution_2025_6446_3,incident,series_indy_nxt,INDY NXT,2025,event_indy_nxt_2025_5488,Grand Prix of St. Petersburg,session_indy_nxt_2025_6446,race,Race,track_streets_of_st_petersburg,Streets of St. Petersburg,driver_nolan_allaer,Nolan Allaer,22,caution_contact,caution_laps_22_to_24_duration_3,Official caution 3 ran from lap 22 to lap 24 for Contact: Car 11 in Turn 11.,official,official_incident_context,1,d4d96f43d7e734ba26b0bdefe7d2d3e6ec0096e36dc05af4008d5fc7acfe69fd
incident_indy_nxt_caution_2025_6446_4,incident,series_indy_nxt,INDY NXT,2025,event_indy_nxt_2025_5488,Grand Prix of St. Petersburg,session_indy_nxt_2025_6446,race,Race,track_streets_of_st_petersburg,Streets of St. Petersburg,driver_jack_william_miller,Jack William Miller,42,caution_contact,caution_laps_42_to_44_duration_3,Official caution 4 ran from lap 42 to lap 44 for Contact: Car 40 in 9.,official,official_incident_context,1,d4d96f43d7e734ba26b0bdefe7d2d3e6ec0096e36dc05af4008d5fc7acfe69fd
incident_indy_nxt_status_2025_6446_driver_jack_william_miller,incident,series_indy_nxt,INDY NXT,2025,event_indy_nxt_2025_5488,Grand Prix of St. Petersburg,session_indy_nxt_2025_6446,race,Race,track_streets_of_st_petersburg,Streets of St. Petersburg,driver_jack_william_miller,Jack William Miller,,contact,finish_position_16_laps_41,"Official INDY NXT result status reported ""Contact"" for Jack William Miller.",official,official_incident_context,1,d4d96f43d7e734ba26b0bdefe7d2d3e6ec0096e36dc05af4008d5fc7acfe69fd
incident_indy_nxt_status_2025_6446_driver_james_roe,incident,series_indy_nxt,INDY NXT,2025,event_indy_nxt_2025_5488,Grand Prix of St. Petersburg,session_indy_nxt_2025_6446,race,Race,track_streets_of_st_petersburg,Streets of St. Petersburg,driver_james_roe,James Roe,,contact,finish_position_20_laps_5,"Official INDY NXT result status reported ""Contact"" for James Roe.",official,official_incident_context,1,d4d96f43d7e734ba26b0bdefe7d2d3e6ec0096e36dc05af4008d5fc7acfe69fd
incident_indy_nxt_status_2025_6446_driver_niels_koolen,incident,series_indy_nxt,INDY NXT,2025,event_indy_nxt_2025_5488,Grand Prix of St. Petersburg,session_indy_nxt_2025_6446,race,Race,track_streets_of_st_petersburg,Streets of St. Petersburg,driver_niels_koolen,Niels Koolen,,contact,finish_position_21_laps_1,"Official INDY NXT result status reported ""Contact"" for Niels Koolen.",official,official_incident_context,1,d4d96f43d7e734ba26b0bdefe7d2d3e6ec0096e36dc05af4008d5fc7acfe69fd
incident_indy_nxt_status_2025_6446_driver_nolan_allaer,incident,series_indy_nxt,INDY NXT,2025,event_indy_nxt_2025_5488,Grand Prix of St. Petersburg,session_indy_nxt_2025_6446,race,Race,track_streets_of_st_petersburg,Streets of St. Petersburg,driver_nolan_allaer,Nolan Allaer,,contact,finish_position_19_laps_20,"Official INDY NXT result status reported ""Contact"" for Nolan Allaer.",official,official_incident_context,1,d4d96f43d7e734ba26b0bdefe7d2d3e6ec0096e36dc05af4008d5fc7acfe69fd
asset_indy_nxt_2025_6446_event_summary,media,series_indy_nxt,INDY NXT,2025,event_indy_nxt_2025_5488,Grand Prix of St. Petersburg,session_indy_nxt_2025_6446,race,Race,track_streets_of_st_petersburg,Streets of St. Petersburg,,,,pdf,link_only,Official INDY NXT session report for Grand Prix of St. Petersburg Race.,link_only,media_narrative_context,1,d4d96f43d7e734ba26b0bdefe7d2d3e6ec0096e36dc05af4008d5fc7acfe69fd
asset_indy_nxt_2025_6446_lap_chart,media,series_indy_nxt,INDY NXT,2025,event_indy_nxt_2025_5488,Grand Prix of St. Petersburg,session_indy_nxt_2025_6446,race,Race,track_streets_of_st_petersburg,Streets of St. Petersburg,,,,pdf,link_only,Official INDY NXT session report for Grand Prix of St. Petersburg Race.,link_only,media_narrative_context,1,d4d96f43d7e734ba26b0bdefe7d2d3e6ec0096e36dc05af4008d5fc7acfe69fd
asset_indy_nxt_2025_6446_leader_lap_summary,media,series_indy_nxt,INDY NXT,2025,event_indy_nxt_2025_5488,Grand Prix of St. Petersburg,session_indy_nxt_2025_6446,race,Race,track_streets_of_st_petersburg,Streets of St. Petersburg,,,,pdf,link_only,Official INDY NXT session report for Grand Prix of St. Petersburg Race.,link_only,media_narrative_context,1,d4d96f43d7e734ba26b0bdefe7d2d3e6ec0096e36dc05af4008d5fc7acfe69fd
asset_indy_nxt_2025_6446_results,media,series_indy_nxt,INDY NXT,2025,event_indy_nxt_2025_5488,Grand Prix of St. Petersburg,session_indy_nxt_2025_6446,race,Race,track_streets_of_st_petersburg,Streets of St. Petersburg,,,,pdf,link_only,Official INDY NXT session report for Grand Prix of St. Petersburg Race.,link_only,media_narrative_context,1,d4d96f43d7e734ba26b0bdefe7d2d3e6ec0096e36dc05af4008d5fc7acfe69fd
asset_indy_nxt_2025_6446_section_results,media,series_indy_nxt,INDY NXT,2025,event_indy_nxt_2025_5488,Grand Prix of St. Petersburg,session_indy_nxt_2025_6446,race,Race,track_streets_of_st_petersburg,Streets of St. Petersburg,,,,pdf,link_only,Official INDY NXT session report for Grand Prix of St. Petersburg Race.,link_only,media_narrative_context,1,d4d96f43d7e734ba26b0bdefe7d2d3e6ec0096e36dc05af4008d5fc7acfe69fd
asset_indy_nxt_2025_6446_top_section_times,media,series_indy_nxt,INDY NXT,2025,event_indy_nxt_2025_5488,Grand Prix of St. Petersburg,session_indy_nxt_2025_6446,race,Race,track_streets_of_st_petersburg,Streets of St. Petersburg,,,,pdf,link_only,Official INDY NXT session report for Grand Prix of St. Petersburg Race.,link_only,media_narrative_context,1,d4d96f43d7e734ba26b0bdefe7d2d3e6ec0096e36dc05af4008d5fc7acfe69fd
racecraft_indy_nxt_2025_6446_most_improved_driver_josh_pierson,racecraft,series_indy_nxt,INDY NXT,2025,event_indy_nxt_2025_5488,Grand Prix of St. Petersburg,session_indy_nxt_2025_6446,race,Race,track_streets_of_st_petersburg,Streets of St. Petersburg,driver_josh_pierson,Josh Pierson,,start_gain,P19 to P9,"Pierson, Josh was listed as Most Improved in the official Event Summary, improving 10 positions from P19 to P9.",official,official_racecraft_context,1,d4d96f43d7e734ba26b0bdefe7d2d3e6ec0096e36dc05af4008d5fc7acfe69fd
weather_indy_nxt_open_meteo_session_indy_nxt_2025_6446,weather,series_indy_nxt,INDY NXT,2025,event_indy_nxt_2025_5488,Grand Prix of St. Petersburg,session_indy_nxt_2025_6446,race,Race,track_streets_of_st_petersburg,Streets of St. Petersburg,,,,grid_reanalysis,dry; clear_sky,dry / clear_sky; ambient 18.7C (Open-Meteo Historical Weather API hourly archive),modeled_medium,modeled_weather_context,1,d4d96f43d7e734ba26b0bdefe7d2d3e6ec0096e36dc05af4008d5fc7acfe69fd
asset_indy_nxt_2025_6515_results,media,series_indy_nxt,INDY NXT,2025,event_indy_nxt_2025_5488,Grand Prix of St. Petersburg,session_indy_nxt_2025_6515,practice,Practice 1,track_streets_of_st_petersburg,Streets of St. Petersburg,,,,pdf,link_only,Official INDY NXT session report for Grand Prix of St. Petersburg Practice 1.,link_only,media_narrative_context,1,d4d96f43d7e734ba26b0bdefe7d2d3e6ec0096e36dc05af4008d5fc7acfe69fd
asset_indy_nxt_2025_6515_section_results,media,series_indy_nxt,INDY NXT,2025,event_indy_nxt_2025_5488,Grand Prix of St. Petersburg,session_indy_nxt_2025_6515,practice,Practice 1,track_streets_of_st_petersburg,Streets of St. Petersburg,,,,pdf,link_only,Official INDY NXT session report for Grand Prix of St. Petersburg Practice 1.,link_only,media_narrative_context,1,d4d96f43d7e734ba26b0bdefe7d2d3e6ec0096e36dc05af4008d5fc7acfe69fd
asset_indy_nxt_2025_6515_top_section_times,media,series_indy_nxt,INDY NXT,2025,event_indy_nxt_2025_5488,Grand Prix of St. Petersburg,session_indy_nxt_2025_6515,practice,Practice 1,track_streets_of_st_petersburg,Streets of St. Petersburg,,,,pdf,link_only,Official INDY NXT session report for Grand Prix of St. Petersburg Practice 1.,link_only,media_narrative_context,1,d4d96f43d7e734ba26b0bdefe7d2d3e6ec0096e36dc05af4008d5fc7acfe69fd
weather_indy_nxt_open_meteo_session_indy_nxt_2025_6515,weather,series_indy_nxt,INDY NXT,2025,event_indy_nxt_2025_5488,Grand Prix of St. Petersburg,session_indy_nxt_2025_6515,practice,Practice 1,track_streets_of_st_petersburg,Streets of St. Petersburg,,,,grid_reanalysis,dry; clear_sky,dry / clear_sky; ambient 21.8C (Open-Meteo Historical Weather API hourly archive),modeled_medium,modeled_weather_context,1,d4d96f43d7e734ba26b0bdefe7d2d3e6ec0096e36dc05af4008d5fc7acfe69fd
asset_indy_nxt_2025_6516_combined_results,media,series_indy_nxt,INDY NXT,2025,event_indy_nxt_2025_5488,Grand Prix of St. Petersburg,session_indy_nxt_2025_6516,practice,Practice 2,track_streets_of_st_petersburg,Streets of St. Petersburg,,,,pdf,link_only,Official INDY NXT session report for Grand Prix of St. Petersburg Practice 2.,link_only,media_narrative_context,1,d4d96f43d7e734ba26b0bdefe7d2d3e6ec0096e36dc05af4008d5fc7acfe69fd
asset_indy_nxt_2025_6516_results,media,series_indy_nxt,INDY NXT,2025,event_indy_nxt_2025_5488,Grand Prix of St. Petersburg,session_indy_nxt_2025_6516,practice,Practice 2,track_streets_of_st_petersburg,Streets of St. Petersburg,,,,pdf,link_only,Official INDY NXT session report for Grand Prix of St. Petersburg Practice 2.,link_only,media_narrative_context,1,d4d96f43d7e734ba26b0bdefe7d2d3e6ec0096e36dc05af4008d5fc7acfe69fd
asset_indy_nxt_2025_6516_section_results,media,series_indy_nxt,INDY NXT,2025,event_indy_nxt_2025_5488,Grand Prix of St. Petersburg,session_indy_nxt_2025_6516,practice,Practice 2,track_streets_of_st_petersburg,Streets of St. Petersburg,,,,pdf,link_only,Official INDY NXT session report for Grand Prix of St. Petersburg Practice 2.,link_only,media_narrative_context,1,d4d96f43d7e734ba26b0bdefe7d2d3e6ec0096e36dc05af4008d5fc7acfe69fd
asset_indy_nxt_2025_6516_top_section_times,media,series_indy_nxt,INDY NXT,2025,event_indy_nxt_2025_5488,Grand Prix of St. Petersburg,session_indy_nxt_2025_6516,practice,Practice 2,track_streets_of_st_petersburg,Streets of St. Petersburg,,,,pdf,link_only,Official INDY NXT session report for Grand Prix of St. Petersburg Practice 2.,link_only,media_narrative_context,1,d4d96f43d7e734ba26b0bdefe7d2d3e6ec0096e36dc05af4008d5fc7acfe69fd
weather_indy_nxt_open_meteo_session_indy_nxt_2025_6516,weather,series_indy_nxt,INDY NXT,2025,event_indy_nxt_2025_5488,Grand Prix of St. Petersburg,session_indy_nxt_2025_6516,practice,Practice 2,track_streets_of_st_petersburg,Streets of St. Petersburg,,,,grid_reanalysis,dry; overcast,dry / overcast; ambient 15.4C (Open-Meteo Historical Weather API hourly archive),modeled_medium,modeled_weather_context,1,d4d96f43d7e734ba26b0bdefe7d2d3e6ec0096e36dc05af4008d5fc7acfe69fd
asset_indy_nxt_2025_6517_overall_results,media,series_indy_nxt,INDY NXT,2025,event_indy_nxt_2025_5488,Grand Prix of St. Petersburg,session_indy_nxt_2025_6517,qualifying,Qualifications - Group 1,track_streets_of_st_petersburg,Streets of St. Petersburg,,,,pdf,link_only,Official INDY NXT session report for Grand Prix of St. Petersburg Qualifications - Group 1.,link_only,media_narrative_context,1,d4d96f43d7e734ba26b0bdefe7d2d3e6ec0096e36dc05af4008d5fc7acfe69fd
asset_indy_nxt_2025_6517_results,media,series_indy_nxt,INDY NXT,2025,event_indy_nxt_2025_5488,Grand Prix of St. Petersburg,session_indy_nxt_2025_6517,qualifying,Qualifications - Group 1,track_streets_of_st_petersburg,Streets of St. Petersburg,,,,pdf,link_only,Official INDY NXT session report for Grand Prix of St. Petersburg Qualifications - Group 1.,link_only,media_narrative_context,1,d4d96f43d7e734ba26b0bdefe7d2d3e6ec0096e36dc05af4008d5fc7acfe69fd
asset_indy_nxt_2025_6517_section_results,media,series_indy_nxt,INDY NXT,2025,event_indy_nxt_2025_5488,Grand Prix of St. Petersburg,session_indy_nxt_2025_6517,qualifying,Qualifications - Group 1,track_streets_of_st_petersburg,Streets of St. Petersburg,,,,pdf,link_only,Official INDY NXT session report for Grand Prix of St. Petersburg Qualifications - Group 1.,link_only,media_narrative_context,1,d4d96f43d7e734ba26b0bdefe7d2d3e6ec0096e36dc05af4008d5fc7acfe69fd
asset_indy_nxt_2025_6517_top_section_times,media,series_indy_nxt,INDY NXT,2025,event_indy_nxt_2025_5488,Grand Prix of St. Petersburg,session_indy_nxt_2025_6517,qualifying,Qualifications - Group 1,track_streets_of_st_petersburg,Streets of St. Petersburg,,,,pdf,link_only,Official INDY NXT session report for Grand Prix of St. Petersburg Qualifications - Group 1.,link_only,media_narrative_context,1,d4d96f43d7e734ba26b0bdefe7d2d3e6ec0096e36dc05af4008d5fc7acfe69fd
asset_indy_nxt_2025_6518_overall_results,media,series_indy_nxt,INDY NXT,2025,event_indy_nxt_2025_5488,Grand Prix of St. Petersburg,session_indy_nxt_2025_6518,qualifying,Qualifications - Group 2,track_streets_of_st_petersburg,Streets of St. Petersburg,,,,pdf,link_only,Official INDY NXT session report for Grand Prix of St. Petersburg Qualifications - Group 2.,link_only,media_narrative_context,1,d4d96f43d7e734ba26b0bdefe7d2d3e6ec0096e36dc05af4008d5fc7acfe69fd
asset_indy_nxt_2025_6518_results,media,series_indy_nxt,INDY NXT,2025,event_indy_nxt_2025_5488,Grand Prix of St. Petersburg,session_indy_nxt_2025_6518,qualifying,Qualifications - Group 2,track_streets_of_st_petersburg,Streets of St. Petersburg,,,,pdf,link_only,Official INDY NXT session report for Grand Prix of St. Petersburg Qualifications - Group 2.,link_only,media_narrative_context,1,d4d96f43d7e734ba26b0bdefe7d2d3e6ec0096e36dc05af4008d5fc7acfe69fd
asset_indy_nxt_2025_6518_section_results,media,series_indy_nxt,INDY NXT,2025,event_indy_nxt_2025_5488,Grand Prix of St. Petersburg,session_indy_nxt_2025_6518,qualifying,Qualifications - Group 2,track_streets_of_st_petersburg,Streets of St. Petersburg,,,,pdf,link_only,Official INDY NXT session report for Grand Prix of St. Petersburg Qualifications - Group 2.,link_only,media_narrative_context,1,d4d96f43d7e734ba26b0bdefe7d2d3e6ec0096e36dc05af4008d5fc7acfe69fd
asset_indy_nxt_2025_6518_top_section_times,media,series_indy_nxt,INDY NXT,2025,event_indy_nxt_2025_5488,Grand Prix of St. Petersburg,session_indy_nxt_2025_6518,qualifying,Qualifications - Group 2,track_streets_of_st_petersburg,Streets of St. Petersburg,,,,pdf,link_only,Official INDY NXT session report for Grand Prix of St. Petersburg Qualifications - Group 2.,link_only,media_narrative_context,1,d4d96f43d7e734ba26b0bdefe7d2d3e6ec0096e36dc05af4008d5fc7acfe69fd
penalty_indy_nxt_2025_6451_car_26_lap_12_drive_through,penalty,series_indy_nxt,INDY NXT,2025,event_indy_nxt_2025_5493,INDY NXT by Firestone at Iowa Speedway,session_indy_nxt_2025_6451,race,Race,track_iowa_speedway,Iowa Speedway,driver_lochie_hughes,Lochie Hughes,12,drive_through,drive_through,drive_through: Blocking,official,official_penalty_context,1,d4d96f43d7e734ba26b0bdefe7d2d3e6ec0096e36dc05af4008d5fc7acfe69fd
incident_indy_nxt_caution_2025_6451_1,incident,series_indy_nxt,INDY NXT,2025,event_indy_nxt_2025_5493,INDY NXT by Firestone at Iowa Speedway,session_indy_nxt_2025_6451,race,Race,track_iowa_speedway,Iowa Speedway,driver_josh_pierson,Josh Pierson,26,caution,caution_laps_26_to_28_duration_3,Official caution 1 ran from lap 26 to lap 28 for Spin: Car 14 in Turn 4.,official,official_incident_context,1,d4d96f43d7e734ba26b0bdefe7d2d3e6ec0096e36dc05af4008d5fc7acfe69fd
incident_indy_nxt_caution_2025_6451_2,incident,series_indy_nxt,INDY NXT,2025,event_indy_nxt_2025_5493,INDY NXT by Firestone at Iowa Speedway,session_indy_nxt_2025_6451,race,Race,track_iowa_speedway,Iowa Speedway,driver_davey_hamilton_jr,Davey Hamilton Jr.,29,caution,caution_laps_29_to_32_duration_4,Official caution 2 ran from lap 29 to lap 32 for Spin: Car 24 in Turn 2.,official,official_incident_context,1,d4d96f43d7e734ba26b0bdefe7d2d3e6ec0096e36dc05af4008d5fc7acfe69fd
incident_indy_nxt_caution_2025_6451_3,incident,series_indy_nxt,INDY NXT,2025,event_indy_nxt_2025_5493,INDY NXT by Firestone at Iowa Speedway,session_indy_nxt_2025_6451,race,Race,track_iowa_speedway,Iowa Speedway,,,34,caution,caution_laps_34_to_36_duration_3,Official caution 3 ran from lap 34 to lap 36 for Spin: Cars 3 and 39 in Turn 4.,official,official_incident_context,1,d4d96f43d7e734ba26b0bdefe7d2d3e6ec0096e36dc05af4008d5fc7acfe69fd
asset_indy_nxt_2025_6451_box_score,media,series_indy_nxt,INDY NXT,2025,event_indy_nxt_2025_5493,INDY NXT by Firestone at Iowa Speedway,session_indy_nxt_2025_6451,race,Race,track_iowa_speedway,Iowa Speedway,,,,pdf,link_only,Official INDY NXT session report for INDY NXT by Firestone at Iowa Speedway Race.,link_only,media_narrative_context,1,d4d96f43d7e734ba26b0bdefe7d2d3e6ec0096e36dc05af4008d5fc7acfe69fd
asset_indy_nxt_2025_6451_event_summary,media,series_indy_nxt,INDY NXT,2025,event_indy_nxt_2025_5493,INDY NXT by Firestone at Iowa Speedway,session_indy_nxt_2025_6451,race,Race,track_iowa_speedway,Iowa Speedway,,,,pdf,link_only,Official INDY NXT session report for INDY NXT by Firestone at Iowa Speedway Race.,link_only,media_narrative_context,1,d4d96f43d7e734ba26b0bdefe7d2d3e6ec0096e36dc05af4008d5fc7acfe69fd
asset_indy_nxt_2025_6451_lap_chart,media,series_indy_nxt,INDY NXT,2025,event_indy_nxt_2025_5493,INDY NXT by Firestone at Iowa Speedway,session_indy_nxt_2025_6451,race,Race,track_iowa_speedway,Iowa Speedway,,,,pdf,link_only,Official INDY NXT session report for INDY NXT by Firestone at Iowa Speedway Race.,link_only,media_narrative_context,1,d4d96f43d7e734ba26b0bdefe7d2d3e6ec0096e36dc05af4008d5fc7acfe69fd
asset_indy_nxt_2025_6451_leader_lap_summary,media,series_indy_nxt,INDY NXT,2025,event_indy_nxt_2025_5493,INDY NXT by Firestone at Iowa Speedway,session_indy_nxt_2025_6451,race,Race,track_iowa_speedway,Iowa Speedway,,,,pdf,link_only,Official INDY NXT session report for INDY NXT by Firestone at Iowa Speedway Race.,link_only,media_narrative_context,1,d4d96f43d7e734ba26b0bdefe7d2d3e6ec0096e36dc05af4008d5fc7acfe69fd
asset_indy_nxt_2025_6451_results,media,series_indy_nxt,INDY NXT,2025,event_indy_nxt_2025_5493,INDY NXT by Firestone at Iowa Speedway,session_indy_nxt_2025_6451,race,Race,track_iowa_speedway,Iowa Speedway,,,,pdf,link_only,Official INDY NXT session report for INDY NXT by Firestone at Iowa Speedway Race.,link_only,media_narrative_context,1,d4d96f43d7e734ba26b0bdefe7d2d3e6ec0096e36dc05af4008d5fc7acfe69fd
asset_indy_nxt_2025_6451_section_results,media,series_indy_nxt,INDY NXT,2025,event_indy_nxt_2025_5493,INDY NXT by Firestone at Iowa Speedway,session_indy_nxt_2025_6451,race,Race,track_iowa_speedway,Iowa Speedway,,,,pdf,link_only,Official INDY NXT session report for INDY NXT by Firestone at Iowa Speedway Race.,link_only,media_narrative_context,1,d4d96f43d7e734ba26b0bdefe7d2d3e6ec0096e36dc05af4008d5fc7acfe69fd
asset_indy_nxt_2025_6451_top_section_times,media,series_indy_nxt,INDY NXT,2025,event_indy_nxt_2025_5493,INDY NXT by Firestone at Iowa Speedway,session_indy_nxt_2025_6451,race,Race,track_iowa_speedway,Iowa Speedway,,,,pdf,link_only,Official INDY NXT session report for INDY NXT by Firestone at Iowa Speedway Race.,link_only,media_narrative_context,1,d4d96f43d7e734ba26b0bdefe7d2d3e6ec0096e36dc05af4008d5fc7acfe69fd
racecraft_indy_nxt_2025_6451_most_improved_driver_max_taylor,racecraft,series_indy_nxt,INDY NXT,2025,event_indy_nxt_2025_5493,INDY NXT by Firestone at Iowa Speedway,session_indy_nxt_2025_6451,race,Race,track_iowa_speedway,Iowa Speedway,driver_max_taylor,Max Taylor,,start_gain,P19 to P10,"Taylor, Max was listed as Most Improved in the official Event Summary, improving 9 positions from P19 to P10.",official,official_racecraft_context,1,d4d96f43d7e734ba26b0bdefe7d2d3e6ec0096e36dc05af4008d5fc7acfe69fd
weather_indy_nxt_open_meteo_session_indy_nxt_2025_6451,weather,series_indy_nxt,INDY NXT,2025,event_indy_nxt_2025_5493,INDY NXT by Firestone at Iowa Speedway,session_indy_nxt_2025_6451,race,Race,track_iowa_speedway,Iowa Speedway,,,,grid_reanalysis,dry; mainly_clear,dry / mainly_clear; ambient 24.4C (Open-Meteo Historical Weather API hourly archive),modeled_medium,modeled_weather_context,1,d4d96f43d7e734ba26b0bdefe7d2d3e6ec0096e36dc05af4008d5fc7acfe69fd
asset_indy_nxt_2025_6596_overall_results,media,series_indy_nxt,INDY NXT,2025,event_indy_nxt_2025_5493,INDY NXT by Firestone at Iowa Speedway,session_indy_nxt_2025_6596,qualifying,Qualifications,track_iowa_speedway,Iowa Speedway,,,,pdf,link_only,Official INDY NXT session report for INDY NXT by Firestone at Iowa Speedway Qualifications.,link_only,media_narrative_context,1,d4d96f43d7e734ba26b0bdefe7d2d3e6ec0096e36dc05af4008d5fc7acfe69fd
asset_indy_nxt_2025_6596_results,media,series_indy_nxt,INDY NXT,2025,event_indy_nxt_2025_5493,INDY NXT by Firestone at Iowa Speedway,session_indy_nxt_2025_6596,qualifying,Qualifications,track_iowa_speedway,Iowa Speedway,,,,pdf,link_only,Official INDY NXT session report for INDY NXT by Firestone at Iowa Speedway Qualifications.,link_only,media_narrative_context,1,d4d96f43d7e734ba26b0bdefe7d2d3e6ec0096e36dc05af4008d5fc7acfe69fd
asset_indy_nxt_2025_6596_section_results,media,series_indy_nxt,INDY NXT,2025,event_indy_nxt_2025_5493,INDY NXT by Firestone at Iowa Speedway,session_indy_nxt_2025_6596,qualifying,Qualifications,track_iowa_speedway,Iowa Speedway,,,,pdf,link_only,Official INDY NXT session report for INDY NXT by Firestone at Iowa Speedway Qualifications.,link_only,media_narrative_context,1,d4d96f43d7e734ba26b0bdefe7d2d3e6ec0096e36dc05af4008d5fc7acfe69fd
asset_indy_nxt_2025_6596_top_section_times,media,series_indy_nxt,INDY NXT,2025,event_indy_nxt_2025_5493,INDY NXT by Firestone at Iowa Speedway,session_indy_nxt_2025_6596,qualifying,Qualifications,track_iowa_speedway,Iowa Speedway,,,,pdf,link_only,Official INDY NXT session report for INDY NXT by Firestone at Iowa Speedway Qualifications.,link_only,media_narrative_context,1,d4d96f43d7e734ba26b0bdefe7d2d3e6ec0096e36dc05af4008d5fc7acfe69fd
asset_indy_nxt_2025_6690_combined_results,media,series_indy_nxt,INDY NXT,2025,event_indy_nxt_2025_5493,INDY NXT by Firestone at Iowa Speedway,session_indy_nxt_2025_6690,practice,Practice,track_iowa_speedway,Iowa Speedway,,,,pdf,link_only,Official INDY NXT session report for INDY NXT by Firestone at Iowa Speedway Practice.,link_only,media_narrative_context,1,d4d96f43d7e734ba26b0bdefe7d2d3e6ec0096e36dc05af4008d5fc7acfe69fd
asset_indy_nxt_2025_6690_results,media,series_indy_nxt,INDY NXT,2025,event_indy_nxt_2025_5493,INDY NXT by Firestone at Iowa Speedway,session_indy_nxt_2025_6690,practice,Practice,track_iowa_speedway,Iowa Speedway,,,,pdf,link_only,Official INDY NXT session report for INDY NXT by Firestone at Iowa Speedway Practice.,link_only,media_narrative_context,1,d4d96f43d7e734ba26b0bdefe7d2d3e6ec0096e36dc05af4008d5fc7acfe69fd
asset_indy_nxt_2025_6690_section_results,media,series_indy_nxt,INDY NXT,2025,event_indy_nxt_2025_5493,INDY NXT by Firestone at Iowa Speedway,session_indy_nxt_2025_6690,practice,Practice,track_iowa_speedway,Iowa Speedway,,,,pdf,link_only,Official INDY NXT session report for INDY NXT by Firestone at Iowa Speedway Practice.,link_only,media_narrative_context,1,d4d96f43d7e734ba26b0bdefe7d2d3e6ec0096e36dc05af4008d5fc7acfe69fd
asset_indy_nxt_2025_6690_top_section_times,media,series_indy_nxt,INDY NXT,2025,event_indy_nxt_2025_5493,INDY NXT by Firestone at Iowa Speedway,session_indy_nxt_2025_6690,practice,Practice,track_iowa_speedway,Iowa Speedway,,,,pdf,link_only,Official INDY NXT session report for INDY NXT by Firestone at Iowa Speedway Practice.,link_only,media_narrative_context,1,d4d96f43d7e734ba26b0bdefe7d2d3e6ec0096e36dc05af4008d5fc7acfe69fd
weather_indy_nxt_open_meteo_session_indy_nxt_2025_6690,weather,series_indy_nxt,INDY NXT,2025,event_indy_nxt_2025_5493,INDY NXT by Firestone at Iowa Speedway,session_indy_nxt_2025_6690,practice,Practice,track_iowa_speedway,Iowa Speedway,,,,grid_reanalysis,wet; slight_rain,wet / slight_rain; ambient 24.1C (Open-Meteo Historical Weather API hourly archive),modeled_medium,modeled_weather_context,1,d4d96f43d7e734ba26b0bdefe7d2d3e6ec0096e36dc05af4008d5fc7acfe69fd
asset_indy_nxt_2025_6454_event_summary,media,series_indy_nxt,INDY NXT,2025,event_indy_nxt_2025_5496,INDY NXT by Firestone at World Wide Technology Raceway,session_indy_nxt_2025_6454,race,Race,track_world_wide_technology_raceway,World Wide Technology Raceway,,,,pdf,link_only,Official INDY NXT session report for INDY NXT by Firestone at World Wide Technology Raceway Race.,link_only,media_narrative_context,1,d4d96f43d7e734ba26b0bdefe7d2d3e6ec0096e36dc05af4008d5fc7acfe69fd
asset_indy_nxt_2025_6454_lap_chart,media,series_indy_nxt,INDY NXT,2025,event_indy_nxt_2025_5496,INDY NXT by Firestone at World Wide Technology Raceway,session_indy_nxt_2025_6454,race,Race,track_world_wide_technology_raceway,World Wide Technology Raceway,,,,pdf,link_only,Official INDY NXT session report for INDY NXT by Firestone at World Wide Technology Raceway Race.,link_only,media_narrative_context,1,d4d96f43d7e734ba26b0bdefe7d2d3e6ec0096e36dc05af4008d5fc7acfe69fd
asset_indy_nxt_2025_6454_leader_lap_summary,media,series_indy_nxt,INDY NXT,2025,event_indy_nxt_2025_5496,INDY NXT by Firestone at World Wide Technology Raceway,session_indy_nxt_2025_6454,race,Race,track_world_wide_technology_raceway,World Wide Technology Raceway,,,,pdf,link_only,Official INDY NXT session report for INDY NXT by Firestone at World Wide Technology Raceway Race.,link_only,media_narrative_context,1,d4d96f43d7e734ba26b0bdefe7d2d3e6ec0096e36dc05af4008d5fc7acfe69fd
asset_indy_nxt_2025_6454_results,media,series_indy_nxt,INDY NXT,2025,event_indy_nxt_2025_5496,INDY NXT by Firestone at World Wide Technology Raceway,session_indy_nxt_2025_6454,race,Race,track_world_wide_technology_raceway,World Wide Technology Raceway,,,,pdf,link_only,Official INDY NXT session report for INDY NXT by Firestone at World Wide Technology Raceway Race.,link_only,media_narrative_context,1,d4d96f43d7e734ba26b0bdefe7d2d3e6ec0096e36dc05af4008d5fc7acfe69fd
asset_indy_nxt_2025_6454_section_results,media,series_indy_nxt,INDY NXT,2025,event_indy_nxt_2025_5496,INDY NXT by Firestone at World Wide Technology Raceway,session_indy_nxt_2025_6454,race,Race,track_world_wide_technology_raceway,World Wide Technology Raceway,,,,pdf,link_only,Official INDY NXT session report for INDY NXT by Firestone at World Wide Technology Raceway Race.,link_only,media_narrative_context,1,d4d96f43d7e734ba26b0bdefe7d2d3e6ec0096e36dc05af4008d5fc7acfe69fd
asset_indy_nxt_2025_6454_top_section_times,media,series_indy_nxt,INDY NXT,2025,event_indy_nxt_2025_5496,INDY NXT by Firestone at World Wide Technology Raceway,session_indy_nxt_2025_6454,race,Race,track_world_wide_technology_raceway,World Wide Technology Raceway,,,,pdf,link_only,Official INDY NXT session report for INDY NXT by Firestone at World Wide Technology Raceway Race.,link_only,media_narrative_context,1,d4d96f43d7e734ba26b0bdefe7d2d3e6ec0096e36dc05af4008d5fc7acfe69fd
racecraft_indy_nxt_2025_6454_most_improved_driver_niels_koolen,racecraft,series_indy_nxt,INDY NXT,2025,event_indy_nxt_2025_5496,INDY NXT by Firestone at World Wide Technology Raceway,session_indy_nxt_2025_6454,race,Race,track_world_wide_technology_raceway,World Wide Technology Raceway,driver_niels_koolen,Niels Koolen,,start_gain,P15 to P10,"Koolen, Niels was listed as Most Improved in the official Event Summary, improving 5 positions from P15 to P10.",official,official_racecraft_context,1,d4d96f43d7e734ba26b0bdefe7d2d3e6ec0096e36dc05af4008d5fc7acfe69fd
weather_indy_nxt_open_meteo_session_indy_nxt_2025_6454,weather,series_indy_nxt,INDY NXT,2025,event_indy_nxt_2025_5496,INDY NXT by Firestone at World Wide Technology Raceway,session_indy_nxt_2025_6454,race,Race,track_world_wide_technology_raceway,World Wide Technology Raceway,,,,grid_reanalysis,dry; overcast,dry / overcast; ambient 27.2C (Open-Meteo Historical Weather API hourly archive),modeled_medium,modeled_weather_context,1,d4d96f43d7e734ba26b0bdefe7d2d3e6ec0096e36dc05af4008d5fc7acfe69fd
asset_indy_nxt_2025_6599_overall_results,media,series_indy_nxt,INDY NXT,2025,event_indy_nxt_2025_5496,INDY NXT by Firestone at World Wide Technology Raceway,session_indy_nxt_2025_6599,qualifying,Qualifications,track_world_wide_technology_raceway,World Wide Technology Raceway,,,,pdf,link_only,Official INDY NXT session report for INDY NXT by Firestone at World Wide Technology Raceway Qualifications.,link_only,media_narrative_context,1,d4d96f43d7e734ba26b0bdefe7d2d3e6ec0096e36dc05af4008d5fc7acfe69fd
asset_indy_nxt_2025_6599_results,media,series_indy_nxt,INDY NXT,2025,event_indy_nxt_2025_5496,INDY NXT by Firestone at World Wide Technology Raceway,session_indy_nxt_2025_6599,qualifying,Qualifications,track_world_wide_technology_raceway,World Wide Technology Raceway,,,,pdf,link_only,Official INDY NXT session report for INDY NXT by Firestone at World Wide Technology Raceway Qualifications.,link_only,media_narrative_context,1,d4d96f43d7e734ba26b0bdefe7d2d3e6ec0096e36dc05af4008d5fc7acfe69fd
asset_indy_nxt_2025_6599_section_results,media,series_indy_nxt,INDY NXT,2025,event_indy_nxt_2025_5496,INDY NXT by Firestone at World Wide Technology Raceway,session_indy_nxt_2025_6599,qualifying,Qualifications,track_world_wide_technology_raceway,World Wide Technology Raceway,,,,pdf,link_only,Official INDY NXT session report for INDY NXT by Firestone at World Wide Technology Raceway Qualifications.,link_only,media_narrative_context,1,d4d96f43d7e734ba26b0bdefe7d2d3e6ec0096e36dc05af4008d5fc7acfe69fd
asset_indy_nxt_2025_6599_top_section_times,media,series_indy_nxt,INDY NXT,2025,event_indy_nxt_2025_5496,INDY NXT by Firestone at World Wide Technology Raceway,session_indy_nxt_2025_6599,qualifying,Qualifications,track_world_wide_technology_raceway,World Wide Technology Raceway,,,,pdf,link_only,Official INDY NXT session report for INDY NXT by Firestone at World Wide Technology Raceway Qualifications.,link_only,media_narrative_context,1,d4d96f43d7e734ba26b0bdefe7d2d3e6ec0096e36dc05af4008d5fc7acfe69fd
weather_indy_nxt_open_meteo_session_indy_nxt_2025_6599,weather,series_indy_nxt,INDY NXT,2025,event_indy_nxt_2025_5496,INDY NXT by Firestone at World Wide Technology Raceway,session_indy_nxt_2025_6599,qualifying,Qualifications,track_world_wide_technology_raceway,World Wide Technology Raceway,,,,grid_reanalysis,wet; light_drizzle,wet / light_drizzle; ambient 25.9C (Open-Meteo Historical Weather API hourly archive),modeled_medium,modeled_weather_context,1,d4d96f43d7e734ba26b0bdefe7d2d3e6ec0096e36dc05af4008d5fc7acfe69fd
asset_indy_nxt_2025_6667_combined_results,media,series_indy_nxt,INDY NXT,2025,event_indy_nxt_2025_5496,INDY NXT by Firestone at World Wide Technology Raceway,session_indy_nxt_2025_6667,practice,Practice,track_world_wide_technology_raceway,World Wide Technology Raceway,,,,pdf,link_only,Official INDY NXT session report for INDY NXT by Firestone at World Wide Technology Raceway Practice.,link_only,media_narrative_context,1,d4d96f43d7e734ba26b0bdefe7d2d3e6ec0096e36dc05af4008d5fc7acfe69fd
asset_indy_nxt_2025_6667_results,media,series_indy_nxt,INDY NXT,2025,event_indy_nxt_2025_5496,INDY NXT by Firestone at World Wide Technology Raceway,session_indy_nxt_2025_6667,practice,Practice,track_world_wide_technology_raceway,World Wide Technology Raceway,,,,pdf,link_only,Official INDY NXT session report for INDY NXT by Firestone at World Wide Technology Raceway Practice.,link_only,media_narrative_context,1,d4d96f43d7e734ba26b0bdefe7d2d3e6ec0096e36dc05af4008d5fc7acfe69fd
asset_indy_nxt_2025_6667_section_results,media,series_indy_nxt,INDY NXT,2025,event_indy_nxt_2025_5496,INDY NXT by Firestone at World Wide Technology Raceway,session_indy_nxt_2025_6667,practice,Practice,track_world_wide_technology_raceway,World Wide Technology Raceway,,,,pdf,link_only,Official INDY NXT session report for INDY NXT by Firestone at World Wide Technology Raceway Practice.,link_only,media_narrative_context,1,d4d96f43d7e734ba26b0bdefe7d2d3e6ec0096e36dc05af4008d5fc7acfe69fd
asset_indy_nxt_2025_6667_top_section_times,media,series_indy_nxt,INDY NXT,2025,event_indy_nxt_2025_5496,INDY NXT by Firestone at World Wide Technology Raceway,session_indy_nxt_2025_6667,practice,Practice,track_world_wide_technology_raceway,World Wide Technology Raceway,,,,pdf,link_only,Official INDY NXT session report for INDY NXT by Firestone at World Wide Technology Raceway Practice.,link_only,media_narrative_context,1,d4d96f43d7e734ba26b0bdefe7d2d3e6ec0096e36dc05af4008d5fc7acfe69fd
weather_indy_nxt_open_meteo_session_indy_nxt_2025_6667,weather,series_indy_nxt,INDY NXT,2025,event_indy_nxt_2025_5496,INDY NXT by Firestone at World Wide Technology Raceway,session_indy_nxt_2025_6667,practice,Practice,track_world_wide_technology_raceway,World Wide Technology Raceway,,,,grid_reanalysis,wet; dense_drizzle,wet / dense_drizzle; ambient 25.9C (Open-Meteo Historical Weather API hourly archive),modeled_medium,modeled_weather_context,1,d4d96f43d7e734ba26b0bdefe7d2d3e6ec0096e36dc05af4008d5fc7acfe69fd
incident_indy_nxt_caution_2025_6448_1,incident,series_indy_nxt,INDY NXT,2025,event_indy_nxt_2025_5490,INDY NXT by Firestone at the Milwaukee Mile,session_indy_nxt_2025_6448,race,Race,track_the_milwaukee_mile,The Milwaukee Mile,driver_jack_william_miller,Jack William Miller,47,caution_contact,caution_laps_47_to_52_duration_6,Official caution 1 ran from lap 47 to lap 52 for Contact: Car 40 in Turn 2.,official,official_incident_context,1,d4d96f43d7e734ba26b0bdefe7d2d3e6ec0096e36dc05af4008d5fc7acfe69fd
incident_indy_nxt_status_2025_6448_driver_davey_hamilton_jr,incident,series_indy_nxt,INDY NXT,2025,event_indy_nxt_2025_5490,INDY NXT by Firestone at the Milwaukee Mile,session_indy_nxt_2025_6448,race,Race,track_the_milwaukee_mile,The Milwaukee Mile,driver_davey_hamilton_jr,Davey Hamilton Jr.,,contact,finish_position_15_laps_77,"Official INDY NXT result status reported ""Contact"" for Davey Hamilton Jr..",official,official_incident_context,1,d4d96f43d7e734ba26b0bdefe7d2d3e6ec0096e36dc05af4008d5fc7acfe69fd
incident_indy_nxt_status_2025_6448_driver_jack_william_miller,incident,series_indy_nxt,INDY NXT,2025,event_indy_nxt_2025_5490,INDY NXT by Firestone at the Milwaukee Mile,session_indy_nxt_2025_6448,race,Race,track_the_milwaukee_mile,The Milwaukee Mile,driver_jack_william_miller,Jack William Miller,,contact,finish_position_17_laps_46,"Official INDY NXT result status reported ""Contact"" for Jack William Miller.",official,official_incident_context,1,d4d96f43d7e734ba26b0bdefe7d2d3e6ec0096e36dc05af4008d5fc7acfe69fd
asset_indy_nxt_2025_6448_box_score,media,series_indy_nxt,INDY NXT,2025,event_indy_nxt_2025_5490,INDY NXT by Firestone at the Milwaukee Mile,session_indy_nxt_2025_6448,race,Race,track_the_milwaukee_mile,The Milwaukee Mile,,,,pdf,link_only,Official INDY NXT session report for INDY NXT by Firestone at the Milwaukee Mile Race.,link_only,media_narrative_context,1,d4d96f43d7e734ba26b0bdefe7d2d3e6ec0096e36dc05af4008d5fc7acfe69fd
asset_indy_nxt_2025_6448_event_summary,media,series_indy_nxt,INDY NXT,2025,event_indy_nxt_2025_5490,INDY NXT by Firestone at the Milwaukee Mile,session_indy_nxt_2025_6448,race,Race,track_the_milwaukee_mile,The Milwaukee Mile,,,,pdf,link_only,Official INDY NXT session report for INDY NXT by Firestone at the Milwaukee Mile Race.,link_only,media_narrative_context,1,d4d96f43d7e734ba26b0bdefe7d2d3e6ec0096e36dc05af4008d5fc7acfe69fd
asset_indy_nxt_2025_6448_lap_chart,media,series_indy_nxt,INDY NXT,2025,event_indy_nxt_2025_5490,INDY NXT by Firestone at the Milwaukee Mile,session_indy_nxt_2025_6448,race,Race,track_the_milwaukee_mile,The Milwaukee Mile,,,,pdf,link_only,Official INDY NXT session report for INDY NXT by Firestone at the Milwaukee Mile Race.,link_only,media_narrative_context,1,d4d96f43d7e734ba26b0bdefe7d2d3e6ec0096e36dc05af4008d5fc7acfe69fd
asset_indy_nxt_2025_6448_leader_lap_summary,media,series_indy_nxt,INDY NXT,2025,event_indy_nxt_2025_5490,INDY NXT by Firestone at the Milwaukee Mile,session_indy_nxt_2025_6448,race,Race,track_the_milwaukee_mile,The Milwaukee Mile,,,,pdf,link_only,Official INDY NXT session report for INDY NXT by Firestone at the Milwaukee Mile Race.,link_only,media_narrative_context,1,d4d96f43d7e734ba26b0bdefe7d2d3e6ec0096e36dc05af4008d5fc7acfe69fd
asset_indy_nxt_2025_6448_results,media,series_indy_nxt,INDY NXT,2025,event_indy_nxt_2025_5490,INDY NXT by Firestone at the Milwaukee Mile,session_indy_nxt_2025_6448,race,Race,track_the_milwaukee_mile,The Milwaukee Mile,,,,pdf,link_only,Official INDY NXT session report for INDY NXT by Firestone at the Milwaukee Mile Race.,link_only,media_narrative_context,1,d4d96f43d7e734ba26b0bdefe7d2d3e6ec0096e36dc05af4008d5fc7acfe69fd
asset_indy_nxt_2025_6448_section_results,media,series_indy_nxt,INDY NXT,2025,event_indy_nxt_2025_5490,INDY NXT by Firestone at the Milwaukee Mile,session_indy_nxt_2025_6448,race,Race,track_the_milwaukee_mile,The Milwaukee Mile,,,,pdf,link_only,Official INDY NXT session report for INDY NXT by Firestone at the Milwaukee Mile Race.,link_only,media_narrative_context,1,d4d96f43d7e734ba26b0bdefe7d2d3e6ec0096e36dc05af4008d5fc7acfe69fd
asset_indy_nxt_2025_6448_top_section_times,media,series_indy_nxt,INDY NXT,2025,event_indy_nxt_2025_5490,INDY NXT by Firestone at the Milwaukee Mile,session_indy_nxt_2025_6448,race,Race,track_the_milwaukee_mile,The Milwaukee Mile,,,,pdf,link_only,Official INDY NXT session report for INDY NXT by Firestone at the Milwaukee Mile Race.,link_only,media_narrative_context,1,d4d96f43d7e734ba26b0bdefe7d2d3e6ec0096e36dc05af4008d5fc7acfe69fd
racecraft_indy_nxt_2025_6448_most_improved_driver_max_taylor,racecraft,series_indy_nxt,INDY NXT,2025,event_indy_nxt_2025_5490,INDY NXT by Firestone at the Milwaukee Mile,session_indy_nxt_2025_6448,race,Race,track_the_milwaukee_mile,The Milwaukee Mile,driver_max_taylor,Max Taylor,,start_gain,P16 to P10,"Taylor, Max was listed as Most Improved in the official Event Summary, improving 6 positions from P16 to P10.",official,official_racecraft_context,1,d4d96f43d7e734ba26b0bdefe7d2d3e6ec0096e36dc05af4008d5fc7acfe69fd
weather_indy_nxt_open_meteo_session_indy_nxt_2025_6448,weather,series_indy_nxt,INDY NXT,2025,event_indy_nxt_2025_5490,INDY NXT by Firestone at the Milwaukee Mile,session_indy_nxt_2025_6448,race,Race,track_the_milwaukee_mile,The Milwaukee Mile,,,,grid_reanalysis,dry; mainly_clear,dry / mainly_clear; ambient 19.6C (Open-Meteo Historical Weather API hourly archive),modeled_medium,modeled_weather_context,1,d4d96f43d7e734ba26b0bdefe7d2d3e6ec0096e36dc05af4008d5fc7acfe69fd
asset_indy_nxt_2025_6588_overall_results,media,series_indy_nxt,INDY NXT,2025,event_indy_nxt_2025_5490,INDY NXT by Firestone at the Milwaukee Mile,session_indy_nxt_2025_6588,qualifying,Qualifications,track_the_milwaukee_mile,The Milwaukee Mile,,,,pdf,link_only,Official INDY NXT session report for INDY NXT by Firestone at the Milwaukee Mile Qualifications.,link_only,media_narrative_context,1,d4d96f43d7e734ba26b0bdefe7d2d3e6ec0096e36dc05af4008d5fc7acfe69fd
asset_indy_nxt_2025_6588_results,media,series_indy_nxt,INDY NXT,2025,event_indy_nxt_2025_5490,INDY NXT by Firestone at the Milwaukee Mile,session_indy_nxt_2025_6588,qualifying,Qualifications,track_the_milwaukee_mile,The Milwaukee Mile,,,,pdf,link_only,Official INDY NXT session report for INDY NXT by Firestone at the Milwaukee Mile Qualifications.,link_only,media_narrative_context,1,d4d96f43d7e734ba26b0bdefe7d2d3e6ec0096e36dc05af4008d5fc7acfe69fd
asset_indy_nxt_2025_6588_section_results,media,series_indy_nxt,INDY NXT,2025,event_indy_nxt_2025_5490,INDY NXT by Firestone at the Milwaukee Mile,session_indy_nxt_2025_6588,qualifying,Qualifications,track_the_milwaukee_mile,The Milwaukee Mile,,,,pdf,link_only,Official INDY NXT session report for INDY NXT by Firestone at the Milwaukee Mile Qualifications.,link_only,media_narrative_context,1,d4d96f43d7e734ba26b0bdefe7d2d3e6ec0096e36dc05af4008d5fc7acfe69fd
asset_indy_nxt_2025_6588_top_section_times,media,series_indy_nxt,INDY NXT,2025,event_indy_nxt_2025_5490,INDY NXT by Firestone at the Milwaukee Mile,session_indy_nxt_2025_6588,qualifying,Qualifications,track_the_milwaukee_mile,The Milwaukee Mile,,,,pdf,link_only,Official INDY NXT session report for INDY NXT by Firestone at the Milwaukee Mile Qualifications.,link_only,media_narrative_context,1,d4d96f43d7e734ba26b0bdefe7d2d3e6ec0096e36dc05af4008d5fc7acfe69fd
weather_indy_nxt_open_meteo_session_indy_nxt_2025_6588,weather,series_indy_nxt,INDY NXT,2025,event_indy_nxt_2025_5490,INDY NXT by Firestone at the Milwaukee Mile,session_indy_nxt_2025_6588,qualifying,Qualifications,track_the_milwaukee_mile,The Milwaukee Mile,,,,grid_reanalysis,dry; clear_sky,dry / clear_sky; ambient 24.3C (Open-Meteo Historical Weather API hourly archive),modeled_medium,modeled_weather_context,1,d4d96f43d7e734ba26b0bdefe7d2d3e6ec0096e36dc05af4008d5fc7acfe69fd
asset_indy_nxt_2025_6727_combined_results,media,series_indy_nxt,INDY NXT,2025,event_indy_nxt_2025_5490,INDY NXT by Firestone at the Milwaukee Mile,session_indy_nxt_2025_6727,practice,Practice,track_the_milwaukee_mile,The Milwaukee Mile,,,,pdf,link_only,Official INDY NXT session report for INDY NXT by Firestone at the Milwaukee Mile Practice.,link_only,media_narrative_context,1,d4d96f43d7e734ba26b0bdefe7d2d3e6ec0096e36dc05af4008d5fc7acfe69fd
asset_indy_nxt_2025_6727_results,media,series_indy_nxt,INDY NXT,2025,event_indy_nxt_2025_5490,INDY NXT by Firestone at the Milwaukee Mile,session_indy_nxt_2025_6727,practice,Practice,track_the_milwaukee_mile,The Milwaukee Mile,,,,pdf,link_only,Official INDY NXT session report for INDY NXT by Firestone at the Milwaukee Mile Practice.,link_only,media_narrative_context,1,d4d96f43d7e734ba26b0bdefe7d2d3e6ec0096e36dc05af4008d5fc7acfe69fd
asset_indy_nxt_2025_6727_section_results,media,series_indy_nxt,INDY NXT,2025,event_indy_nxt_2025_5490,INDY NXT by Firestone at the Milwaukee Mile,session_indy_nxt_2025_6727,practice,Practice,track_the_milwaukee_mile,The Milwaukee Mile,,,,pdf,link_only,Official INDY NXT session report for INDY NXT by Firestone at the Milwaukee Mile Practice.,link_only,media_narrative_context,1,d4d96f43d7e734ba26b0bdefe7d2d3e6ec0096e36dc05af4008d5fc7acfe69fd
asset_indy_nxt_2025_6727_top_section_times,media,series_indy_nxt,INDY NXT,2025,event_indy_nxt_2025_5490,INDY NXT by Firestone at the Milwaukee Mile,session_indy_nxt_2025_6727,practice,Practice,track_the_milwaukee_mile,The Milwaukee Mile,,,,pdf,link_only,Official INDY NXT session report for INDY NXT by Firestone at the Milwaukee Mile Practice.,link_only,media_narrative_context,1,d4d96f43d7e734ba26b0bdefe7d2d3e6ec0096e36dc05af4008d5fc7acfe69fd
weather_indy_nxt_open_meteo_session_indy_nxt_2025_6727,weather,series_indy_nxt,INDY NXT,2025,event_indy_nxt_2025_5490,INDY NXT by Firestone at the Milwaukee Mile,session_indy_nxt_2025_6727,practice,Practice,track_the_milwaukee_mile,The Milwaukee Mile,,,,grid_reanalysis,dry; partly_cloudy,dry / partly_cloudy; ambient 21.1C (Open-Meteo Historical Weather API hourly archive),modeled_medium,modeled_weather_context,1,d4d96f43d7e734ba26b0bdefe7d2d3e6ec0096e36dc05af4008d5fc7acfe69fd
incident_indy_nxt_caution_2025_6444_1,incident,series_indy_nxt,INDY NXT,2025,event_indy_nxt_2025_5486,Indianapolis Grand Prix Race 1,session_indy_nxt_2025_6444,race,Race,track_indianapolis_motor_speedway_road_course,Indianapolis Motor Speedway Road Course,,,10,caution_contact,caution_laps_10_to_11_duration_2,Official caution 1 ran from lap 10 to lap 11 for Contact: Cars 10 and 39 in Turn 1.,official,official_incident_context,1,d4d96f43d7e734ba26b0bdefe7d2d3e6ec0096e36dc05af4008d5fc7acfe69fd
penalty_indy_nxt_2025_6444_car_10_lap_13_stop_and_hold,penalty,series_indy_nxt,INDY NXT,2025,event_indy_nxt_2025_5486,Indianapolis Grand Prix Race 1,session_indy_nxt_2025_6444,race,Race,track_indianapolis_motor_speedway_road_course,Indianapolis Motor Speedway Road Course,driver_niels_koolen,Niels Koolen,13,stop_and_hold,timeImpactSeconds=30,stop_and_hold: Avoidable Contact,official,official_penalty_context,1,d4d96f43d7e734ba26b0bdefe7d2d3e6ec0096e36dc05af4008d5fc7acfe69fd
incident_indy_nxt_caution_2025_6444_2,incident,series_indy_nxt,INDY NXT,2025,event_indy_nxt_2025_5486,Indianapolis Grand Prix Race 1,session_indy_nxt_2025_6444,race,Race,track_indianapolis_motor_speedway_road_course,Indianapolis Motor Speedway Road Course,,,29,caution_contact,caution_laps_29_to_30_duration_2,Official caution 2 ran from lap 29 to lap 30 for Contact: Cars 18 and 29 in Turn 14.,official,official_incident_context,1,d4d96f43d7e734ba26b0bdefe7d2d3e6ec0096e36dc05af4008d5fc7acfe69fd
incident_indy_nxt_status_2025_6444_driver_james_roe,incident,series_indy_nxt,INDY NXT,2025,event_indy_nxt_2025_5486,Indianapolis Grand Prix Race 1,session_indy_nxt_2025_6444,race,Race,track_indianapolis_motor_speedway_road_course,Indianapolis Motor Speedway Road Course,driver_james_roe,James Roe,,contact,finish_position_19_laps_29,"Official INDY NXT result status reported ""Contact"" for James Roe.",official,official_incident_context,1,d4d96f43d7e734ba26b0bdefe7d2d3e6ec0096e36dc05af4008d5fc7acfe69fd
incident_indy_nxt_status_2025_6444_driver_jm_correa,incident,series_indy_nxt,INDY NXT,2025,event_indy_nxt_2025_5486,Indianapolis Grand Prix Race 1,session_indy_nxt_2025_6444,race,Race,track_indianapolis_motor_speedway_road_course,Indianapolis Motor Speedway Road Course,driver_jm_correa,JM Correa,,contact,finish_position_21_laps_8,"Official INDY NXT result status reported ""Contact"" for JM Correa.",official,official_incident_context,1,d4d96f43d7e734ba26b0bdefe7d2d3e6ec0096e36dc05af4008d5fc7acfe69fd
incident_indy_nxt_status_2025_6444_driver_nikita_johnson,incident,series_indy_nxt,INDY NXT,2025,event_indy_nxt_2025_5486,Indianapolis Grand Prix Race 1,session_indy_nxt_2025_6444,race,Race,track_indianapolis_motor_speedway_road_course,Indianapolis Motor Speedway Road Course,driver_nikita_johnson,Nikita Johnson,,contact,finish_position_20_laps_28,"Official INDY NXT result status reported ""Contact"" for Nikita Johnson.",official,official_incident_context,1,d4d96f43d7e734ba26b0bdefe7d2d3e6ec0096e36dc05af4008d5fc7acfe69fd
asset_indy_nxt_2025_6444_event_summary,media,series_indy_nxt,INDY NXT,2025,event_indy_nxt_2025_5486,Indianapolis Grand Prix Race 1,session_indy_nxt_2025_6444,race,Race,track_indianapolis_motor_speedway_road_course,Indianapolis Motor Speedway Road Course,,,,pdf,link_only,Official INDY NXT session report for Indianapolis Grand Prix Race 1 Race.,link_only,media_narrative_context,1,d4d96f43d7e734ba26b0bdefe7d2d3e6ec0096e36dc05af4008d5fc7acfe69fd
asset_indy_nxt_2025_6444_lap_chart,media,series_indy_nxt,INDY NXT,2025,event_indy_nxt_2025_5486,Indianapolis Grand Prix Race 1,session_indy_nxt_2025_6444,race,Race,track_indianapolis_motor_speedway_road_course,Indianapolis Motor Speedway Road Course,,,,pdf,link_only,Official INDY NXT session report for Indianapolis Grand Prix Race 1 Race.,link_only,media_narrative_context,1,d4d96f43d7e734ba26b0bdefe7d2d3e6ec0096e36dc05af4008d5fc7acfe69fd
asset_indy_nxt_2025_6444_leader_lap_summary,media,series_indy_nxt,INDY NXT,2025,event_indy_nxt_2025_5486,Indianapolis Grand Prix Race 1,session_indy_nxt_2025_6444,race,Race,track_indianapolis_motor_speedway_road_course,Indianapolis Motor Speedway Road Course,,,,pdf,link_only,Official INDY NXT session report for Indianapolis Grand Prix Race 1 Race.,link_only,media_narrative_context,1,d4d96f43d7e734ba26b0bdefe7d2d3e6ec0096e36dc05af4008d5fc7acfe69fd
asset_indy_nxt_2025_6444_results,media,series_indy_nxt,INDY NXT,2025,event_indy_nxt_2025_5486,Indianapolis Grand Prix Race 1,session_indy_nxt_2025_6444,race,Race,track_indianapolis_motor_speedway_road_course,Indianapolis Motor Speedway Road Course,,,,pdf,link_only,Official INDY NXT session report for Indianapolis Grand Prix Race 1 Race.,link_only,media_narrative_context,1,d4d96f43d7e734ba26b0bdefe7d2d3e6ec0096e36dc05af4008d5fc7acfe69fd
asset_indy_nxt_2025_6444_section_results,media,series_indy_nxt,INDY NXT,2025,event_indy_nxt_2025_5486,Indianapolis Grand Prix Race 1,session_indy_nxt_2025_6444,race,Race,track_indianapolis_motor_speedway_road_course,Indianapolis Motor Speedway Road Course,,,,pdf,link_only,Official INDY NXT session report for Indianapolis Grand Prix Race 1 Race.,link_only,media_narrative_context,1,d4d96f43d7e734ba26b0bdefe7d2d3e6ec0096e36dc05af4008d5fc7acfe69fd
asset_indy_nxt_2025_6444_top_section_times,media,series_indy_nxt,INDY NXT,2025,event_indy_nxt_2025_5486,Indianapolis Grand Prix Race 1,session_indy_nxt_2025_6444,race,Race,track_indianapolis_motor_speedway_road_course,Indianapolis Motor Speedway Road Course,,,,pdf,link_only,Official INDY NXT session report for Indianapolis Grand Prix Race 1 Race.,link_only,media_narrative_context,1,d4d96f43d7e734ba26b0bdefe7d2d3e6ec0096e36dc05af4008d5fc7acfe69fd
racecraft_indy_nxt_2025_6444_most_improved_driver_liam_sceats,racecraft,series_indy_nxt,INDY NXT,2025,event_indy_nxt_2025_5486,Indianapolis Grand Prix Race 1,session_indy_nxt_2025_6444,race,Race,track_indianapolis_motor_speedway_road_course,Indianapolis Motor Speedway Road Course,driver_liam_sceats,Liam Sceats,,start_gain,P14 to P7,"Sceats, Liam was listed as Most Improved in the official Event Summary, improving 7 positions from P14 to P7.",official,official_racecraft_context,1,d4d96f43d7e734ba26b0bdefe7d2d3e6ec0096e36dc05af4008d5fc7acfe69fd
weather_indy_nxt_open_meteo_session_indy_nxt_2025_6444,weather,series_indy_nxt,INDY NXT,2025,event_indy_nxt_2025_5486,Indianapolis Grand Prix Race 1,session_indy_nxt_2025_6444,race,Race,track_indianapolis_motor_speedway_road_course,Indianapolis Motor Speedway Road Course,,,,grid_reanalysis,dry; clear_sky,dry / clear_sky; ambient 17.2C (Open-Meteo Historical Weather API hourly archive),modeled_medium,modeled_weather_context,1,d4d96f43d7e734ba26b0bdefe7d2d3e6ec0096e36dc05af4008d5fc7acfe69fd
asset_indy_nxt_2025_6591_overall_results,media,series_indy_nxt,INDY NXT,2025,event_indy_nxt_2025_5486,Indianapolis Grand Prix Race 1,session_indy_nxt_2025_6591,qualifying,Combined Qualifications - Race 1,track_indianapolis_motor_speedway_road_course,Indianapolis Motor Speedway Road Course,,,,pdf,link_only,Official INDY NXT session report for Indianapolis Grand Prix Race 1 Combined Qualifications - Race 1.,link_only,media_narrative_context,1,d4d96f43d7e734ba26b0bdefe7d2d3e6ec0096e36dc05af4008d5fc7acfe69fd
asset_indy_nxt_2025_6627_combined_results,media,series_indy_nxt,INDY NXT,2025,event_indy_nxt_2025_5486,Indianapolis Grand Prix Race 1,session_indy_nxt_2025_6627,practice,Practice,track_indianapolis_motor_speedway_road_course,Indianapolis Motor Speedway Road Course,,,,pdf,link_only,Official INDY NXT session report for Indianapolis Grand Prix Race 1 Practice.,link_only,media_narrative_context,1,d4d96f43d7e734ba26b0bdefe7d2d3e6ec0096e36dc05af4008d5fc7acfe69fd
asset_indy_nxt_2025_6627_results,media,series_indy_nxt,INDY NXT,2025,event_indy_nxt_2025_5486,Indianapolis Grand Prix Race 1,session_indy_nxt_2025_6627,practice,Practice,track_indianapolis_motor_speedway_road_course,Indianapolis Motor Speedway Road Course,,,,pdf,link_only,Official INDY NXT session report for Indianapolis Grand Prix Race 1 Practice.,link_only,media_narrative_context,1,d4d96f43d7e734ba26b0bdefe7d2d3e6ec0096e36dc05af4008d5fc7acfe69fd
asset_indy_nxt_2025_6627_section_results,media,series_indy_nxt,INDY NXT,2025,event_indy_nxt_2025_5486,Indianapolis Grand Prix Race 1,session_indy_nxt_2025_6627,practice,Practice,track_indianapolis_motor_speedway_road_course,Indianapolis Motor Speedway Road Course,,,,pdf,link_only,Official INDY NXT session report for Indianapolis Grand Prix Race 1 Practice.,link_only,media_narrative_context,1,d4d96f43d7e734ba26b0bdefe7d2d3e6ec0096e36dc05af4008d5fc7acfe69fd
asset_indy_nxt_2025_6627_top_section_times,media,series_indy_nxt,INDY NXT,2025,event_indy_nxt_2025_5486,Indianapolis Grand Prix Race 1,session_indy_nxt_2025_6627,practice,Practice,track_indianapolis_motor_speedway_road_course,Indianapolis Motor Speedway Road Course,,,,pdf,link_only,Official INDY NXT session report for Indianapolis Grand Prix Race 1 Practice.,link_only,media_narrative_context,1,d4d96f43d7e734ba26b0bdefe7d2d3e6ec0096e36dc05af4008d5fc7acfe69fd
weather_indy_nxt_open_meteo_session_indy_nxt_2025_6627,weather,series_indy_nxt,INDY NXT,2025,event_indy_nxt_2025_5486,Indianapolis Grand Prix Race 1,session_indy_nxt_2025_6627,practice,Practice,track_indianapolis_motor_speedway_road_course,Indianapolis Motor Speedway Road Course,,,,grid_reanalysis,dry; clear_sky,dry / clear_sky; ambient 11.6C (Open-Meteo Historical Weather API hourly archive),modeled_medium,modeled_weather_context,1,d4d96f43d7e734ba26b0bdefe7d2d3e6ec0096e36dc05af4008d5fc7acfe69fd
asset_indy_nxt_2025_6628_overall_results,media,series_indy_nxt,INDY NXT,2025,event_indy_nxt_2025_5486,Indianapolis Grand Prix Race 1,session_indy_nxt_2025_6628,qualifying,Qualifications - Race 1 Group 1,track_indianapolis_motor_speedway_road_course,Indianapolis Motor Speedway Road Course,,,,pdf,link_only,Official INDY NXT session report for Indianapolis Grand Prix Race 1 Qualifications - Race 1 Group 1.,link_only,media_narrative_context,1,d4d96f43d7e734ba26b0bdefe7d2d3e6ec0096e36dc05af4008d5fc7acfe69fd
asset_indy_nxt_2025_6628_results,media,series_indy_nxt,INDY NXT,2025,event_indy_nxt_2025_5486,Indianapolis Grand Prix Race 1,session_indy_nxt_2025_6628,qualifying,Qualifications - Race 1 Group 1,track_indianapolis_motor_speedway_road_course,Indianapolis Motor Speedway Road Course,,,,pdf,link_only,Official INDY NXT session report for Indianapolis Grand Prix Race 1 Qualifications - Race 1 Group 1.,link_only,media_narrative_context,1,d4d96f43d7e734ba26b0bdefe7d2d3e6ec0096e36dc05af4008d5fc7acfe69fd
asset_indy_nxt_2025_6628_section_results,media,series_indy_nxt,INDY NXT,2025,event_indy_nxt_2025_5486,Indianapolis Grand Prix Race 1,session_indy_nxt_2025_6628,qualifying,Qualifications - Race 1 Group 1,track_indianapolis_motor_speedway_road_course,Indianapolis Motor Speedway Road Course,,,,pdf,link_only,Official INDY NXT session report for Indianapolis Grand Prix Race 1 Qualifications - Race 1 Group 1.,link_only,media_narrative_context,1,d4d96f43d7e734ba26b0bdefe7d2d3e6ec0096e36dc05af4008d5fc7acfe69fd
asset_indy_nxt_2025_6628_top_section_times,media,series_indy_nxt,INDY NXT,2025,event_indy_nxt_2025_5486,Indianapolis Grand Prix Race 1,session_indy_nxt_2025_6628,qualifying,Qualifications - Race 1 Group 1,track_indianapolis_motor_speedway_road_course,Indianapolis Motor Speedway Road Course,,,,pdf,link_only,Official INDY NXT session report for Indianapolis Grand Prix Race 1 Qualifications - Race 1 Group 1.,link_only,media_narrative_context,1,d4d96f43d7e734ba26b0bdefe7d2d3e6ec0096e36dc05af4008d5fc7acfe69fd
asset_indy_nxt_2025_6629_overall_results,media,series_indy_nxt,INDY NXT,2025,event_indy_nxt_2025_5486,Indianapolis Grand Prix Race 1,session_indy_nxt_2025_6629,qualifying,Qualifications - Race 1 Group 2,track_indianapolis_motor_speedway_road_course,Indianapolis Motor Speedway Road Course,,,,pdf,link_only,Official INDY NXT session report for Indianapolis Grand Prix Race 1 Qualifications - Race 1 Group 2.,link_only,media_narrative_context,1,d4d96f43d7e734ba26b0bdefe7d2d3e6ec0096e36dc05af4008d5fc7acfe69fd
asset_indy_nxt_2025_6629_results,media,series_indy_nxt,INDY NXT,2025,event_indy_nxt_2025_5486,Indianapolis Grand Prix Race 1,session_indy_nxt_2025_6629,qualifying,Qualifications - Race 1 Group 2,track_indianapolis_motor_speedway_road_course,Indianapolis Motor Speedway Road Course,,,,pdf,link_only,Official INDY NXT session report for Indianapolis Grand Prix Race 1 Qualifications - Race 1 Group 2.,link_only,media_narrative_context,1,d4d96f43d7e734ba26b0bdefe7d2d3e6ec0096e36dc05af4008d5fc7acfe69fd
asset_indy_nxt_2025_6629_section_results,media,series_indy_nxt,INDY NXT,2025,event_indy_nxt_2025_5486,Indianapolis Grand Prix Race 1,session_indy_nxt_2025_6629,qualifying,Qualifications - Race 1 Group 2,track_indianapolis_motor_speedway_road_course,Indianapolis Motor Speedway Road Course,,,,pdf,link_only,Official INDY NXT session report for Indianapolis Grand Prix Race 1 Qualifications - Race 1 Group 2.,link_only,media_narrative_context,1,d4d96f43d7e734ba26b0bdefe7d2d3e6ec0096e36dc05af4008d5fc7acfe69fd
asset_indy_nxt_2025_6629_top_section_times,media,series_indy_nxt,INDY NXT,2025,event_indy_nxt_2025_5486,Indianapolis Grand Prix Race 1,session_indy_nxt_2025_6629,qualifying,Qualifications - Race 1 Group 2,track_indianapolis_motor_speedway_road_course,Indianapolis Motor Speedway Road Course,,,,pdf,link_only,Official INDY NXT session report for Indianapolis Grand Prix Race 1 Qualifications - Race 1 Group 2.,link_only,media_narrative_context,1,d4d96f43d7e734ba26b0bdefe7d2d3e6ec0096e36dc05af4008d5fc7acfe69fd
incident_indy_nxt_caution_2025_6443_3,incident,series_indy_nxt,INDY NXT,2025,event_indy_nxt_2025_5485,Indianapolis Grand Prix Race 2,session_indy_nxt_2025_6443,race,Race,track_indianapolis_motor_speedway_road_course,Indianapolis Motor Speedway Road Course,,,3,caution_contact,caution_laps_3_to_4_duration_2,Official caution 3 ran from lap 3 to lap 4 for Contact: Cars 11 and 40 in Turn 1.,official,official_incident_context,1,d4d96f43d7e734ba26b0bdefe7d2d3e6ec0096e36dc05af4008d5fc7acfe69fd
penalty_indy_nxt_2025_6443_car_48_lap_8_yield_positions,penalty,series_indy_nxt,INDY NXT,2025,event_indy_nxt_2025_5485,Indianapolis Grand Prix Race 2,session_indy_nxt_2025_6443,race,Race,track_indianapolis_motor_speedway_road_course,Indianapolis Motor Speedway Road Course,driver_jordan_missig,Jordan Missig,8,yield_positions,positionImpact=-2,yield_positions: Avoidable Contact,official,official_penalty_context,1,d4d96f43d7e734ba26b0bdefe7d2d3e6ec0096e36dc05af4008d5fc7acfe69fd
penalty_indy_nxt_2025_6443_car_11_lap_9_drive_through,penalty,series_indy_nxt,INDY NXT,2025,event_indy_nxt_2025_5485,Indianapolis Grand Prix Race 2,session_indy_nxt_2025_6443,race,Race,track_indianapolis_motor_speedway_road_course,Indianapolis Motor Speedway Road Course,driver_nolan_allaer,Nolan Allaer,9,drive_through,drive_through,drive_through: Avoidable Contact,official,official_penalty_context,1,d4d96f43d7e734ba26b0bdefe7d2d3e6ec0096e36dc05af4008d5fc7acfe69fd
penalty_indy_nxt_2025_6443_car_9_lap_12_yield_positions,penalty,series_indy_nxt,INDY NXT,2025,event_indy_nxt_2025_5485,Indianapolis Grand Prix Race 2,session_indy_nxt_2025_6443,race,Race,track_indianapolis_motor_speedway_road_course,Indianapolis Motor Speedway Road Course,driver_bryce_aron,Bryce Aron,12,yield_positions,positionImpact=-3,yield_positions: Avoidable Contact,official,official_penalty_context,1,d4d96f43d7e734ba26b0bdefe7d2d3e6ec0096e36dc05af4008d5fc7acfe69fd
penalty_indy_nxt_2025_6443_car_17_lap_33_yield_positions,penalty,series_indy_nxt,INDY NXT,2025,event_indy_nxt_2025_5485,Indianapolis Grand Prix Race 2,session_indy_nxt_2025_6443,race,Race,track_indianapolis_motor_speedway_road_course,Indianapolis Motor Speedway Road Course,driver_callum_hedge,Callum Hedge,33,yield_positions,positionImpact=-3,yield_positions: Blocking,official,official_penalty_context,1,d4d96f43d7e734ba26b0bdefe7d2d3e6ec0096e36dc05af4008d5fc7acfe69fd
incident_indy_nxt_status_2025_6443_driver_tommy_smith,incident,series_indy_nxt,INDY NXT,2025,event_indy_nxt_2025_5485,Indianapolis Grand Prix Race 2,session_indy_nxt_2025_6443,race,Race,track_indianapolis_motor_speedway_road_course,Indianapolis Motor Speedway Road Course,driver_tommy_smith,Tommy Smith,,mechanical,finish_position_21_laps_23,"Official INDY NXT result status reported ""Mechanical"" for Tommy Smith.",official,official_incident_context,1,d4d96f43d7e734ba26b0bdefe7d2d3e6ec0096e36dc05af4008d5fc7acfe69fd
asset_indy_nxt_2025_6443_event_summary,media,series_indy_nxt,INDY NXT,2025,event_indy_nxt_2025_5485,Indianapolis Grand Prix Race 2,session_indy_nxt_2025_6443,race,Race,track_indianapolis_motor_speedway_road_course,Indianapolis Motor Speedway Road Course,,,,pdf,link_only,Official INDY NXT session report for Indianapolis Grand Prix Race 2 Race.,link_only,media_narrative_context,1,d4d96f43d7e734ba26b0bdefe7d2d3e6ec0096e36dc05af4008d5fc7acfe69fd
asset_indy_nxt_2025_6443_lap_chart,media,series_indy_nxt,INDY NXT,2025,event_indy_nxt_2025_5485,Indianapolis Grand Prix Race 2,session_indy_nxt_2025_6443,race,Race,track_indianapolis_motor_speedway_road_course,Indianapolis Motor Speedway Road Course,,,,pdf,link_only,Official INDY NXT session report for Indianapolis Grand Prix Race 2 Race.,link_only,media_narrative_context,1,d4d96f43d7e734ba26b0bdefe7d2d3e6ec0096e36dc05af4008d5fc7acfe69fd
asset_indy_nxt_2025_6443_leader_lap_summary,media,series_indy_nxt,INDY NXT,2025,event_indy_nxt_2025_5485,Indianapolis Grand Prix Race 2,session_indy_nxt_2025_6443,race,Race,track_indianapolis_motor_speedway_road_course,Indianapolis Motor Speedway Road Course,,,,pdf,link_only,Official INDY NXT session report for Indianapolis Grand Prix Race 2 Race.,link_only,media_narrative_context,1,d4d96f43d7e734ba26b0bdefe7d2d3e6ec0096e36dc05af4008d5fc7acfe69fd
asset_indy_nxt_2025_6443_results,media,series_indy_nxt,INDY NXT,2025,event_indy_nxt_2025_5485,Indianapolis Grand Prix Race 2,session_indy_nxt_2025_6443,race,Race,track_indianapolis_motor_speedway_road_course,Indianapolis Motor Speedway Road Course,,,,pdf,link_only,Official INDY NXT session report for Indianapolis Grand Prix Race 2 Race.,link_only,media_narrative_context,1,d4d96f43d7e734ba26b0bdefe7d2d3e6ec0096e36dc05af4008d5fc7acfe69fd
asset_indy_nxt_2025_6443_section_results,media,series_indy_nxt,INDY NXT,2025,event_indy_nxt_2025_5485,Indianapolis Grand Prix Race 2,session_indy_nxt_2025_6443,race,Race,track_indianapolis_motor_speedway_road_course,Indianapolis Motor Speedway Road Course,,,,pdf,link_only,Official INDY NXT session report for Indianapolis Grand Prix Race 2 Race.,link_only,media_narrative_context,1,d4d96f43d7e734ba26b0bdefe7d2d3e6ec0096e36dc05af4008d5fc7acfe69fd
asset_indy_nxt_2025_6443_top_section_times,media,series_indy_nxt,INDY NXT,2025,event_indy_nxt_2025_5485,Indianapolis Grand Prix Race 2,session_indy_nxt_2025_6443,race,Race,track_indianapolis_motor_speedway_road_course,Indianapolis Motor Speedway Road Course,,,,pdf,link_only,Official INDY NXT session report for Indianapolis Grand Prix Race 2 Race.,link_only,media_narrative_context,1,d4d96f43d7e734ba26b0bdefe7d2d3e6ec0096e36dc05af4008d5fc7acfe69fd
racecraft_indy_nxt_2025_6443_most_improved_driver_nikita_johnson,racecraft,series_indy_nxt,INDY NXT,2025,event_indy_nxt_2025_5485,Indianapolis Grand Prix Race 2,session_indy_nxt_2025_6443,race,Race,track_indianapolis_motor_speedway_road_course,Indianapolis Motor Speedway Road Course,driver_nikita_johnson,Nikita Johnson,,start_gain,P13 to P7,"Johnson, Nikita was listed as Most Improved in the official Event Summary, improving 6 positions from P13 to P7.",official,official_racecraft_context,1,d4d96f43d7e734ba26b0bdefe7d2d3e6ec0096e36dc05af4008d5fc7acfe69fd
weather_indy_nxt_open_meteo_session_indy_nxt_2025_6443,weather,series_indy_nxt,INDY NXT,2025,event_indy_nxt_2025_5485,Indianapolis Grand Prix Race 2,session_indy_nxt_2025_6443,race,Race,track_indianapolis_motor_speedway_road_course,Indianapolis Motor Speedway Road Course,,,,grid_reanalysis,dry; clear_sky,dry / clear_sky; ambient 20.2C (Open-Meteo Historical Weather API hourly archive),modeled_medium,modeled_weather_context,1,d4d96f43d7e734ba26b0bdefe7d2d3e6ec0096e36dc05af4008d5fc7acfe69fd
asset_indy_nxt_2025_6590_overall_results,media,series_indy_nxt,INDY NXT,2025,event_indy_nxt_2025_5485,Indianapolis Grand Prix Race 2,session_indy_nxt_2025_6590,qualifying,Combined Qualifications - Race 2,track_indianapolis_motor_speedway_road_course,Indianapolis Motor Speedway Road Course,,,,pdf,link_only,Official INDY NXT session report for Indianapolis Grand Prix Race 2 Combined Qualifications - Race 2.,link_only,media_narrative_context,1,d4d96f43d7e734ba26b0bdefe7d2d3e6ec0096e36dc05af4008d5fc7acfe69fd
asset_indy_nxt_2025_6630_overall_results,media,series_indy_nxt,INDY NXT,2025,event_indy_nxt_2025_5485,Indianapolis Grand Prix Race 2,session_indy_nxt_2025_6630,qualifying,Qualifications - Race 2 Group 1,track_indianapolis_motor_speedway_road_course,Indianapolis Motor Speedway Road Course,,,,pdf,link_only,Official INDY NXT session report for Indianapolis Grand Prix Race 2 Qualifications - Race 2 Group 1.,link_only,media_narrative_context,1,d4d96f43d7e734ba26b0bdefe7d2d3e6ec0096e36dc05af4008d5fc7acfe69fd
asset_indy_nxt_2025_6630_results,media,series_indy_nxt,INDY NXT,2025,event_indy_nxt_2025_5485,Indianapolis Grand Prix Race 2,session_indy_nxt_2025_6630,qualifying,Qualifications - Race 2 Group 1,track_indianapolis_motor_speedway_road_course,Indianapolis Motor Speedway Road Course,,,,pdf,link_only,Official INDY NXT session report for Indianapolis Grand Prix Race 2 Qualifications - Race 2 Group 1.,link_only,media_narrative_context,1,d4d96f43d7e734ba26b0bdefe7d2d3e6ec0096e36dc05af4008d5fc7acfe69fd
asset_indy_nxt_2025_6630_section_results,media,series_indy_nxt,INDY NXT,2025,event_indy_nxt_2025_5485,Indianapolis Grand Prix Race 2,session_indy_nxt_2025_6630,qualifying,Qualifications - Race 2 Group 1,track_indianapolis_motor_speedway_road_course,Indianapolis Motor Speedway Road Course,,,,pdf,link_only,Official INDY NXT session report for Indianapolis Grand Prix Race 2 Qualifications - Race 2 Group 1.,link_only,media_narrative_context,1,d4d96f43d7e734ba26b0bdefe7d2d3e6ec0096e36dc05af4008d5fc7acfe69fd
asset_indy_nxt_2025_6630_top_section_times,media,series_indy_nxt,INDY NXT,2025,event_indy_nxt_2025_5485,Indianapolis Grand Prix Race 2,session_indy_nxt_2025_6630,qualifying,Qualifications - Race 2 Group 1,track_indianapolis_motor_speedway_road_course,Indianapolis Motor Speedway Road Course,,,,pdf,link_only,Official INDY NXT session report for Indianapolis Grand Prix Race 2 Qualifications - Race 2 Group 1.,link_only,media_narrative_context,1,d4d96f43d7e734ba26b0bdefe7d2d3e6ec0096e36dc05af4008d5fc7acfe69fd
asset_indy_nxt_2025_6631_overall_results,media,series_indy_nxt,INDY NXT,2025,event_indy_nxt_2025_5485,Indianapolis Grand Prix Race 2,session_indy_nxt_2025_6631,qualifying,Qualifications - Race 2 Group 2,track_indianapolis_motor_speedway_road_course,Indianapolis Motor Speedway Road Course,,,,pdf,link_only,Official INDY NXT session report for Indianapolis Grand Prix Race 2 Qualifications - Race 2 Group 2.,link_only,media_narrative_context,1,d4d96f43d7e734ba26b0bdefe7d2d3e6ec0096e36dc05af4008d5fc7acfe69fd
asset_indy_nxt_2025_6631_results,media,series_indy_nxt,INDY NXT,2025,event_indy_nxt_2025_5485,Indianapolis Grand Prix Race 2,session_indy_nxt_2025_6631,qualifying,Qualifications - Race 2 Group 2,track_indianapolis_motor_speedway_road_course,Indianapolis Motor Speedway Road Course,,,,pdf,link_only,Official INDY NXT session report for Indianapolis Grand Prix Race 2 Qualifications - Race 2 Group 2.,link_only,media_narrative_context,1,d4d96f43d7e734ba26b0bdefe7d2d3e6ec0096e36dc05af4008d5fc7acfe69fd
asset_indy_nxt_2025_6631_section_results,media,series_indy_nxt,INDY NXT,2025,event_indy_nxt_2025_5485,Indianapolis Grand Prix Race 2,session_indy_nxt_2025_6631,qualifying,Qualifications - Race 2 Group 2,track_indianapolis_motor_speedway_road_course,Indianapolis Motor Speedway Road Course,,,,pdf,link_only,Official INDY NXT session report for Indianapolis Grand Prix Race 2 Qualifications - Race 2 Group 2.,link_only,media_narrative_context,1,d4d96f43d7e734ba26b0bdefe7d2d3e6ec0096e36dc05af4008d5fc7acfe69fd
asset_indy_nxt_2025_6631_top_section_times,media,series_indy_nxt,INDY NXT,2025,event_indy_nxt_2025_5485,Indianapolis Grand Prix Race 2,session_indy_nxt_2025_6631,qualifying,Qualifications - Race 2 Group 2,track_indianapolis_motor_speedway_road_course,Indianapolis Motor Speedway Road Course,,,,pdf,link_only,Official INDY NXT session report for Indianapolis Grand Prix Race 2 Qualifications - Race 2 Group 2.,link_only,media_narrative_context,1,d4d96f43d7e734ba26b0bdefe7d2d3e6ec0096e36dc05af4008d5fc7acfe69fd
penalty_indy_nxt_2025_6447_car_3_lap_21_yield_positions,penalty,series_indy_nxt,INDY NXT,2025,event_indy_nxt_2025_5489,Music City Grand Prix,session_indy_nxt_2025_6447,race,Race,track_nashville_superspeedway,Nashville Superspeedway,driver_michael_d_orlando,Michael d'Orlando,21,yield_positions,positionImpact=-1,yield_positions: Track Limits,official,official_penalty_context,1,d4d96f43d7e734ba26b0bdefe7d2d3e6ec0096e36dc05af4008d5fc7acfe69fd
incident_indy_nxt_caution_2025_6447_1,incident,series_indy_nxt,INDY NXT,2025,event_indy_nxt_2025_5489,Music City Grand Prix,session_indy_nxt_2025_6447,race,Race,track_nashville_superspeedway,Nashville Superspeedway,driver_callum_hedge,Callum Hedge,32,caution_contact,caution_laps_32_to_43_duration_12,Official caution 1 ran from lap 32 to lap 43 for Contact: Car 17 in Turn 2.,official,official_incident_context,1,d4d96f43d7e734ba26b0bdefe7d2d3e6ec0096e36dc05af4008d5fc7acfe69fd
penalty_indy_nxt_2025_6447_car_3_lap_45_stop_and_hold,penalty,series_indy_nxt,INDY NXT,2025,event_indy_nxt_2025_5489,Music City Grand Prix,session_indy_nxt_2025_6447,race,Race,track_nashville_superspeedway,Nashville Superspeedway,driver_michael_d_orlando,Michael d'Orlando,45,stop_and_hold,timeImpactSeconds=10,stop_and_hold: Avoidable Contact,official,official_penalty_context,1,d4d96f43d7e734ba26b0bdefe7d2d3e6ec0096e36dc05af4008d5fc7acfe69fd
incident_indy_nxt_status_2025_6447_driver_callum_hedge,incident,series_indy_nxt,INDY NXT,2025,event_indy_nxt_2025_5489,Music City Grand Prix,session_indy_nxt_2025_6447,race,Race,track_nashville_superspeedway,Nashville Superspeedway,driver_callum_hedge,Callum Hedge,,contact,finish_position_18_laps_31,"Official INDY NXT result status reported ""Contact"" for Callum Hedge.",official,official_incident_context,1,d4d96f43d7e734ba26b0bdefe7d2d3e6ec0096e36dc05af4008d5fc7acfe69fd
asset_indy_nxt_2025_6447_box_score,media,series_indy_nxt,INDY NXT,2025,event_indy_nxt_2025_5489,Music City Grand Prix,session_indy_nxt_2025_6447,race,Race,track_nashville_superspeedway,Nashville Superspeedway,,,,pdf,link_only,Official INDY NXT session report for Music City Grand Prix Race.,link_only,media_narrative_context,1,d4d96f43d7e734ba26b0bdefe7d2d3e6ec0096e36dc05af4008d5fc7acfe69fd
asset_indy_nxt_2025_6447_event_summary,media,series_indy_nxt,INDY NXT,2025,event_indy_nxt_2025_5489,Music City Grand Prix,session_indy_nxt_2025_6447,race,Race,track_nashville_superspeedway,Nashville Superspeedway,,,,pdf,link_only,Official INDY NXT session report for Music City Grand Prix Race.,link_only,media_narrative_context,1,d4d96f43d7e734ba26b0bdefe7d2d3e6ec0096e36dc05af4008d5fc7acfe69fd
asset_indy_nxt_2025_6447_lap_chart,media,series_indy_nxt,INDY NXT,2025,event_indy_nxt_2025_5489,Music City Grand Prix,session_indy_nxt_2025_6447,race,Race,track_nashville_superspeedway,Nashville Superspeedway,,,,pdf,link_only,Official INDY NXT session report for Music City Grand Prix Race.,link_only,media_narrative_context,1,d4d96f43d7e734ba26b0bdefe7d2d3e6ec0096e36dc05af4008d5fc7acfe69fd
asset_indy_nxt_2025_6447_leader_lap_summary,media,series_indy_nxt,INDY NXT,2025,event_indy_nxt_2025_5489,Music City Grand Prix,session_indy_nxt_2025_6447,race,Race,track_nashville_superspeedway,Nashville Superspeedway,,,,pdf,link_only,Official INDY NXT session report for Music City Grand Prix Race.,link_only,media_narrative_context,1,d4d96f43d7e734ba26b0bdefe7d2d3e6ec0096e36dc05af4008d5fc7acfe69fd
asset_indy_nxt_2025_6447_results,media,series_indy_nxt,INDY NXT,2025,event_indy_nxt_2025_5489,Music City Grand Prix,session_indy_nxt_2025_6447,race,Race,track_nashville_superspeedway,Nashville Superspeedway,,,,pdf,link_only,Official INDY NXT session report for Music City Grand Prix Race.,link_only,media_narrative_context,1,d4d96f43d7e734ba26b0bdefe7d2d3e6ec0096e36dc05af4008d5fc7acfe69fd
asset_indy_nxt_2025_6447_section_results,media,series_indy_nxt,INDY NXT,2025,event_indy_nxt_2025_5489,Music City Grand Prix,session_indy_nxt_2025_6447,race,Race,track_nashville_superspeedway,Nashville Superspeedway,,,,pdf,link_only,Official INDY NXT session report for Music City Grand Prix Race.,link_only,media_narrative_context,1,d4d96f43d7e734ba26b0bdefe7d2d3e6ec0096e36dc05af4008d5fc7acfe69fd
asset_indy_nxt_2025_6447_top_section_times,media,series_indy_nxt,INDY NXT,2025,event_indy_nxt_2025_5489,Music City Grand Prix,session_indy_nxt_2025_6447,race,Race,track_nashville_superspeedway,Nashville Superspeedway,,,,pdf,link_only,Official INDY NXT session report for Music City Grand Prix Race.,link_only,media_narrative_context,1,d4d96f43d7e734ba26b0bdefe7d2d3e6ec0096e36dc05af4008d5fc7acfe69fd
racecraft_indy_nxt_2025_6447_most_improved_driver_myles_rowe,racecraft,series_indy_nxt,INDY NXT,2025,event_indy_nxt_2025_5489,Music City Grand Prix,session_indy_nxt_2025_6447,race,Race,track_nashville_superspeedway,Nashville Superspeedway,driver_myles_rowe,Myles Rowe,,start_gain,P9 to P1,"Rowe, Myles was listed as Most Improved in the official Event Summary, improving 8 positions from P9 to P1.",official,official_racecraft_context,1,d4d96f43d7e734ba26b0bdefe7d2d3e6ec0096e36dc05af4008d5fc7acfe69fd
weather_indy_nxt_open_meteo_session_indy_nxt_2025_6447,weather,series_indy_nxt,INDY NXT,2025,event_indy_nxt_2025_5489,Music City Grand Prix,session_indy_nxt_2025_6447,race,Race,track_nashville_superspeedway,Nashville Superspeedway,,,,grid_reanalysis,dry; overcast,dry / overcast; ambient 24.5C (Open-Meteo Historical Weather API hourly archive),modeled_medium,modeled_weather_context,1,d4d96f43d7e734ba26b0bdefe7d2d3e6ec0096e36dc05af4008d5fc7acfe69fd
asset_indy_nxt_2025_6593_overall_results,media,series_indy_nxt,INDY NXT,2025,event_indy_nxt_2025_5489,Music City Grand Prix,session_indy_nxt_2025_6593,qualifying,Qualifications,track_nashville_superspeedway,Nashville Superspeedway,,,,pdf,link_only,Official INDY NXT session report for Music City Grand Prix Qualifications.,link_only,media_narrative_context,1,d4d96f43d7e734ba26b0bdefe7d2d3e6ec0096e36dc05af4008d5fc7acfe69fd
asset_indy_nxt_2025_6593_results,media,series_indy_nxt,INDY NXT,2025,event_indy_nxt_2025_5489,Music City Grand Prix,session_indy_nxt_2025_6593,qualifying,Qualifications,track_nashville_superspeedway,Nashville Superspeedway,,,,pdf,link_only,Official INDY NXT session report for Music City Grand Prix Qualifications.,link_only,media_narrative_context,1,d4d96f43d7e734ba26b0bdefe7d2d3e6ec0096e36dc05af4008d5fc7acfe69fd
asset_indy_nxt_2025_6593_section_results,media,series_indy_nxt,INDY NXT,2025,event_indy_nxt_2025_5489,Music City Grand Prix,session_indy_nxt_2025_6593,qualifying,Qualifications,track_nashville_superspeedway,Nashville Superspeedway,,,,pdf,link_only,Official INDY NXT session report for Music City Grand Prix Qualifications.,link_only,media_narrative_context,1,d4d96f43d7e734ba26b0bdefe7d2d3e6ec0096e36dc05af4008d5fc7acfe69fd
asset_indy_nxt_2025_6593_top_section_times,media,series_indy_nxt,INDY NXT,2025,event_indy_nxt_2025_5489,Music City Grand Prix,session_indy_nxt_2025_6593,qualifying,Qualifications,track_nashville_superspeedway,Nashville Superspeedway,,,,pdf,link_only,Official INDY NXT session report for Music City Grand Prix Qualifications.,link_only,media_narrative_context,1,d4d96f43d7e734ba26b0bdefe7d2d3e6ec0096e36dc05af4008d5fc7acfe69fd
weather_indy_nxt_open_meteo_session_indy_nxt_2025_6593,weather,series_indy_nxt,INDY NXT,2025,event_indy_nxt_2025_5489,Music City Grand Prix,session_indy_nxt_2025_6593,qualifying,Qualifications,track_nashville_superspeedway,Nashville Superspeedway,,,,grid_reanalysis,dry; clear_sky,dry / clear_sky; ambient 28C (Open-Meteo Historical Weather API hourly archive),modeled_medium,modeled_weather_context,1,d4d96f43d7e734ba26b0bdefe7d2d3e6ec0096e36dc05af4008d5fc7acfe69fd
asset_indy_nxt_2025_6731_combined_results,media,series_indy_nxt,INDY NXT,2025,event_indy_nxt_2025_5489,Music City Grand Prix,session_indy_nxt_2025_6731,practice,Practice,track_nashville_superspeedway,Nashville Superspeedway,,,,pdf,link_only,Official INDY NXT session report for Music City Grand Prix Practice.,link_only,media_narrative_context,1,d4d96f43d7e734ba26b0bdefe7d2d3e6ec0096e36dc05af4008d5fc7acfe69fd
asset_indy_nxt_2025_6731_results,media,series_indy_nxt,INDY NXT,2025,event_indy_nxt_2025_5489,Music City Grand Prix,session_indy_nxt_2025_6731,practice,Practice,track_nashville_superspeedway,Nashville Superspeedway,,,,pdf,link_only,Official INDY NXT session report for Music City Grand Prix Practice.,link_only,media_narrative_context,1,d4d96f43d7e734ba26b0bdefe7d2d3e6ec0096e36dc05af4008d5fc7acfe69fd
asset_indy_nxt_2025_6731_section_results,media,series_indy_nxt,INDY NXT,2025,event_indy_nxt_2025_5489,Music City Grand Prix,session_indy_nxt_2025_6731,practice,Practice,track_nashville_superspeedway,Nashville Superspeedway,,,,pdf,link_only,Official INDY NXT session report for Music City Grand Prix Practice.,link_only,media_narrative_context,1,d4d96f43d7e734ba26b0bdefe7d2d3e6ec0096e36dc05af4008d5fc7acfe69fd
asset_indy_nxt_2025_6731_top_section_times,media,series_indy_nxt,INDY NXT,2025,event_indy_nxt_2025_5489,Music City Grand Prix,session_indy_nxt_2025_6731,practice,Practice,track_nashville_superspeedway,Nashville Superspeedway,,,,pdf,link_only,Official INDY NXT session report for Music City Grand Prix Practice.,link_only,media_narrative_context,1,d4d96f43d7e734ba26b0bdefe7d2d3e6ec0096e36dc05af4008d5fc7acfe69fd
weather_indy_nxt_open_meteo_session_indy_nxt_2025_6731,weather,series_indy_nxt,INDY NXT,2025,event_indy_nxt_2025_5489,Music City Grand Prix,session_indy_nxt_2025_6731,practice,Practice,track_nashville_superspeedway,Nashville Superspeedway,,,,grid_reanalysis,dry; clear_sky,dry / clear_sky; ambient 19.3C (Open-Meteo Historical Weather API hourly archive),modeled_medium,modeled_weather_context,1,d4d96f43d7e734ba26b0bdefe7d2d3e6ec0096e36dc05af4008d5fc7acfe69fd
incident_indy_nxt_caution_2026_6749_1,incident,series_indy_nxt,INDY NXT,2026,event_indy_nxt_2026_5532,Detroit Grand Prix,session_indy_nxt_2026_6749,race,Race,track_streets_of_detroit,Streets of Detroit,,,1,caution_contact,caution_laps_1_to_7_duration_7,Official caution 1 ran from lap 1 to lap 7 for Contact: Cars 14 and 26 in Turn 3.,official,official_incident_context,1,d4d96f43d7e734ba26b0bdefe7d2d3e6ec0096e36dc05af4008d5fc7acfe69fd
penalty_indy_nxt_2026_6749_car_26_lap_8_stop_and_hold,penalty,series_indy_nxt,INDY NXT,2026,event_indy_nxt_2026_5532,Detroit Grand Prix,session_indy_nxt_2026_6749,race,Race,track_streets_of_detroit,Streets of Detroit,driver_lochie_hughes,Lochie Hughes,8,stop_and_hold,timeImpactSeconds=30,stop_and_hold: Avoidable Contact,official,official_penalty_context,1,d4d96f43d7e734ba26b0bdefe7d2d3e6ec0096e36dc05af4008d5fc7acfe69fd
penalty_indy_nxt_2026_6749_car_68_lap_10_drive_through,penalty,series_indy_nxt,INDY NXT,2026,event_indy_nxt_2026_5532,Detroit Grand Prix,session_indy_nxt_2026_6749,race,Race,track_streets_of_detroit,Streets of Detroit,driver_jm_correa,JM Correa,10,drive_through,drive_through,drive_through: Avoidable Contact,official,official_penalty_context,1,d4d96f43d7e734ba26b0bdefe7d2d3e6ec0096e36dc05af4008d5fc7acfe69fd
penalty_indy_nxt_2026_6749_car_28_lap_11_drive_through,penalty,series_indy_nxt,INDY NXT,2026,event_indy_nxt_2026_5532,Detroit Grand Prix,session_indy_nxt_2026_6749,race,Race,track_streets_of_detroit,Streets of Detroit,driver_max_taylor,Max Taylor,11,drive_through,drive_through,drive_through: Jumping Restart,official,official_penalty_context,1,d4d96f43d7e734ba26b0bdefe7d2d3e6ec0096e36dc05af4008d5fc7acfe69fd
penalty_indy_nxt_2026_6749_car_20_lap_19_yield_positions,penalty,series_indy_nxt,INDY NXT,2026,event_indy_nxt_2026_5532,Detroit Grand Prix,session_indy_nxt_2026_6749,race,Race,track_streets_of_detroit,Streets of Detroit,driver_matteo_nannini,Matteo Nannini,19,yield_positions,positionImpact=-2,yield_positions: Blocking,official,official_penalty_context,1,d4d96f43d7e734ba26b0bdefe7d2d3e6ec0096e36dc05af4008d5fc7acfe69fd
penalty_indy_nxt_2026_6749_car_20_lap_22_drive_through,penalty,series_indy_nxt,INDY NXT,2026,event_indy_nxt_2026_5532,Detroit Grand Prix,session_indy_nxt_2026_6749,race,Race,track_streets_of_detroit,Streets of Detroit,driver_matteo_nannini,Matteo Nannini,22,drive_through,drive_through,drive_through: Failure to Follow the Directions of INDYCAR,official,official_penalty_context,1,d4d96f43d7e734ba26b0bdefe7d2d3e6ec0096e36dc05af4008d5fc7acfe69fd
penalty_indy_nxt_2026_6749_car_4_lap_24_yield_positions,penalty,series_indy_nxt,INDY NXT,2026,event_indy_nxt_2026_5532,Detroit Grand Prix,session_indy_nxt_2026_6749,race,Race,track_streets_of_detroit,Streets of Detroit,driver_nicholas_monteiro,Nicholas Monteiro,24,yield_positions,positionImpact=-2,yield_positions: Avoidable Contact,official,official_penalty_context,1,d4d96f43d7e734ba26b0bdefe7d2d3e6ec0096e36dc05af4008d5fc7acfe69fd
incident_indy_nxt_caution_2026_6749_2,incident,series_indy_nxt,INDY NXT,2026,event_indy_nxt_2026_5532,Detroit Grand Prix,session_indy_nxt_2026_6749,race,Race,track_streets_of_detroit,Streets of Detroit,,,26,caution_debris,caution_laps_26_to_27_duration_2,Official caution 2 ran from lap 26 to lap 27 for Debris.,official,official_incident_context,1,d4d96f43d7e734ba26b0bdefe7d2d3e6ec0096e36dc05af4008d5fc7acfe69fd
incident_indy_nxt_caution_2026_6749_3,incident,series_indy_nxt,INDY NXT,2026,event_indy_nxt_2026_5532,Detroit Grand Prix,session_indy_nxt_2026_6749,race,Race,track_streets_of_detroit,Streets of Detroit,driver_niels_koolen,Niels Koolen,31,caution_contact,caution_laps_31_to_33_duration_3,Official caution 3 ran from lap 31 to lap 33 for Contact: Car 10 in Turn 8.,official,official_incident_context,1,d4d96f43d7e734ba26b0bdefe7d2d3e6ec0096e36dc05af4008d5fc7acfe69fd
incident_indy_nxt_caution_2026_6749_4,incident,series_indy_nxt,INDY NXT,2026,event_indy_nxt_2026_5532,Detroit Grand Prix,session_indy_nxt_2026_6749,race,Race,track_streets_of_detroit,Streets of Detroit,driver_max_taylor,Max Taylor,40,caution_contact,caution_laps_40_to_42_duration_3,Official caution 4 ran from lap 40 to lap 42 for Contact: Car 28 in Turn 1.,official,official_incident_context,1,d4d96f43d7e734ba26b0bdefe7d2d3e6ec0096e36dc05af4008d5fc7acfe69fd
incident_indy_nxt_status_2026_6749_driver_max_taylor,incident,series_indy_nxt,INDY NXT,2026,event_indy_nxt_2026_5532,Detroit Grand Prix,session_indy_nxt_2026_6749,race,Race,track_streets_of_detroit,Streets of Detroit,driver_max_taylor,Max Taylor,,contact,finish_position_20_laps_39,"Official INDY NXT result status reported ""Contact"" for Max Taylor.",official,official_incident_context,1,d4d96f43d7e734ba26b0bdefe7d2d3e6ec0096e36dc05af4008d5fc7acfe69fd
incident_indy_nxt_status_2026_6749_driver_niels_koolen,incident,series_indy_nxt,INDY NXT,2026,event_indy_nxt_2026_5532,Detroit Grand Prix,session_indy_nxt_2026_6749,race,Race,track_streets_of_detroit,Streets of Detroit,driver_niels_koolen,Niels Koolen,,contact,finish_position_23_laps_29,"Official INDY NXT result status reported ""Contact"" for Niels Koolen.",official,official_incident_context,1,d4d96f43d7e734ba26b0bdefe7d2d3e6ec0096e36dc05af4008d5fc7acfe69fd
asset_indy_nxt_2026_6749_event_summary,media,series_indy_nxt,INDY NXT,2026,event_indy_nxt_2026_5532,Detroit Grand Prix,session_indy_nxt_2026_6749,race,Race,track_streets_of_detroit,Streets of Detroit,,,,pdf,link_only,Official INDY NXT session report for Detroit Grand Prix Race.,link_only,media_narrative_context,1,d4d96f43d7e734ba26b0bdefe7d2d3e6ec0096e36dc05af4008d5fc7acfe69fd
asset_indy_nxt_2026_6749_lap_chart,media,series_indy_nxt,INDY NXT,2026,event_indy_nxt_2026_5532,Detroit Grand Prix,session_indy_nxt_2026_6749,race,Race,track_streets_of_detroit,Streets of Detroit,,,,pdf,link_only,Official INDY NXT session report for Detroit Grand Prix Race.,link_only,media_narrative_context,1,d4d96f43d7e734ba26b0bdefe7d2d3e6ec0096e36dc05af4008d5fc7acfe69fd
asset_indy_nxt_2026_6749_leader_lap_summary,media,series_indy_nxt,INDY NXT,2026,event_indy_nxt_2026_5532,Detroit Grand Prix,session_indy_nxt_2026_6749,race,Race,track_streets_of_detroit,Streets of Detroit,,,,pdf,link_only,Official INDY NXT session report for Detroit Grand Prix Race.,link_only,media_narrative_context,1,d4d96f43d7e734ba26b0bdefe7d2d3e6ec0096e36dc05af4008d5fc7acfe69fd
asset_indy_nxt_2026_6749_results,media,series_indy_nxt,INDY NXT,2026,event_indy_nxt_2026_5532,Detroit Grand Prix,session_indy_nxt_2026_6749,race,Race,track_streets_of_detroit,Streets of Detroit,,,,pdf,link_only,Official INDY NXT session report for Detroit Grand Prix Race.,link_only,media_narrative_context,1,d4d96f43d7e734ba26b0bdefe7d2d3e6ec0096e36dc05af4008d5fc7acfe69fd
asset_indy_nxt_2026_6749_section_results,media,series_indy_nxt,INDY NXT,2026,event_indy_nxt_2026_5532,Detroit Grand Prix,session_indy_nxt_2026_6749,race,Race,track_streets_of_detroit,Streets of Detroit,,,,pdf,link_only,Official INDY NXT session report for Detroit Grand Prix Race.,link_only,media_narrative_context,1,d4d96f43d7e734ba26b0bdefe7d2d3e6ec0096e36dc05af4008d5fc7acfe69fd
asset_indy_nxt_2026_6749_top_section_times,media,series_indy_nxt,INDY NXT,2026,event_indy_nxt_2026_5532,Detroit Grand Prix,session_indy_nxt_2026_6749,race,Race,track_streets_of_detroit,Streets of Detroit,,,,pdf,link_only,Official INDY NXT session report for Detroit Grand Prix Race.,link_only,media_narrative_context,1,d4d96f43d7e734ba26b0bdefe7d2d3e6ec0096e36dc05af4008d5fc7acfe69fd
racecraft_indy_nxt_2026_6749_most_improved_driver_myles_rowe,racecraft,series_indy_nxt,INDY NXT,2026,event_indy_nxt_2026_5532,Detroit Grand Prix,session_indy_nxt_2026_6749,race,Race,track_streets_of_detroit,Streets of Detroit,driver_myles_rowe,Myles Rowe,,start_gain,P11 to P2,"Rowe, Myles was listed as Most Improved in the official Event Summary, improving 9 positions from P11 to P2.",official,official_racecraft_context,1,d4d96f43d7e734ba26b0bdefe7d2d3e6ec0096e36dc05af4008d5fc7acfe69fd
weather_indy_nxt_open_meteo_session_indy_nxt_2026_6749,weather,series_indy_nxt,INDY NXT,2026,event_indy_nxt_2026_5532,Detroit Grand Prix,session_indy_nxt_2026_6749,race,Race,track_streets_of_detroit,Streets of Detroit,,,,grid_reanalysis,dry; clear_sky,dry / clear_sky; ambient 19.3C (Open-Meteo Historical Weather API hourly archive),modeled_medium,modeled_weather_context,1,d4d96f43d7e734ba26b0bdefe7d2d3e6ec0096e36dc05af4008d5fc7acfe69fd
asset_indy_nxt_2026_6850_results,media,series_indy_nxt,INDY NXT,2026,event_indy_nxt_2026_5532,Detroit Grand Prix,session_indy_nxt_2026_6850,practice,Practice 1,track_streets_of_detroit,Streets of Detroit,,,,pdf,link_only,Official INDY NXT session report for Detroit Grand Prix Practice 1.,link_only,media_narrative_context,1,d4d96f43d7e734ba26b0bdefe7d2d3e6ec0096e36dc05af4008d5fc7acfe69fd
asset_indy_nxt_2026_6850_section_results,media,series_indy_nxt,INDY NXT,2026,event_indy_nxt_2026_5532,Detroit Grand Prix,session_indy_nxt_2026_6850,practice,Practice 1,track_streets_of_detroit,Streets of Detroit,,,,pdf,link_only,Official INDY NXT session report for Detroit Grand Prix Practice 1.,link_only,media_narrative_context,1,d4d96f43d7e734ba26b0bdefe7d2d3e6ec0096e36dc05af4008d5fc7acfe69fd
asset_indy_nxt_2026_6850_top_section_times,media,series_indy_nxt,INDY NXT,2026,event_indy_nxt_2026_5532,Detroit Grand Prix,session_indy_nxt_2026_6850,practice,Practice 1,track_streets_of_detroit,Streets of Detroit,,,,pdf,link_only,Official INDY NXT session report for Detroit Grand Prix Practice 1.,link_only,media_narrative_context,1,d4d96f43d7e734ba26b0bdefe7d2d3e6ec0096e36dc05af4008d5fc7acfe69fd
weather_indy_nxt_open_meteo_session_indy_nxt_2026_6850,weather,series_indy_nxt,INDY NXT,2026,event_indy_nxt_2026_5532,Detroit Grand Prix,session_indy_nxt_2026_6850,practice,Practice 1,track_streets_of_detroit,Streets of Detroit,,,,grid_reanalysis,dry; mainly_clear,dry / mainly_clear; ambient 26.6C (Open-Meteo Historical Weather API hourly archive),modeled_medium,modeled_weather_context,1,d4d96f43d7e734ba26b0bdefe7d2d3e6ec0096e36dc05af4008d5fc7acfe69fd
asset_indy_nxt_2026_6851_combined_results,media,series_indy_nxt,INDY NXT,2026,event_indy_nxt_2026_5532,Detroit Grand Prix,session_indy_nxt_2026_6851,practice,Practice 2,track_streets_of_detroit,Streets of Detroit,,,,pdf,link_only,Official INDY NXT session report for Detroit Grand Prix Practice 2.,link_only,media_narrative_context,1,d4d96f43d7e734ba26b0bdefe7d2d3e6ec0096e36dc05af4008d5fc7acfe69fd
asset_indy_nxt_2026_6851_results,media,series_indy_nxt,INDY NXT,2026,event_indy_nxt_2026_5532,Detroit Grand Prix,session_indy_nxt_2026_6851,practice,Practice 2,track_streets_of_detroit,Streets of Detroit,,,,pdf,link_only,Official INDY NXT session report for Detroit Grand Prix Practice 2.,link_only,media_narrative_context,1,d4d96f43d7e734ba26b0bdefe7d2d3e6ec0096e36dc05af4008d5fc7acfe69fd
asset_indy_nxt_2026_6851_section_results,media,series_indy_nxt,INDY NXT,2026,event_indy_nxt_2026_5532,Detroit Grand Prix,session_indy_nxt_2026_6851,practice,Practice 2,track_streets_of_detroit,Streets of Detroit,,,,pdf,link_only,Official INDY NXT session report for Detroit Grand Prix Practice 2.,link_only,media_narrative_context,1,d4d96f43d7e734ba26b0bdefe7d2d3e6ec0096e36dc05af4008d5fc7acfe69fd
asset_indy_nxt_2026_6851_top_section_times,media,series_indy_nxt,INDY NXT,2026,event_indy_nxt_2026_5532,Detroit Grand Prix,session_indy_nxt_2026_6851,practice,Practice 2,track_streets_of_detroit,Streets of Detroit,,,,pdf,link_only,Official INDY NXT session report for Detroit Grand Prix Practice 2.,link_only,media_narrative_context,1,d4d96f43d7e734ba26b0bdefe7d2d3e6ec0096e36dc05af4008d5fc7acfe69fd
weather_indy_nxt_open_meteo_session_indy_nxt_2026_6851,weather,series_indy_nxt,INDY NXT,2026,event_indy_nxt_2026_5532,Detroit Grand Prix,session_indy_nxt_2026_6851,practice,Practice 2,track_streets_of_detroit,Streets of Detroit,,,,grid_reanalysis,dry; clear_sky,dry / clear_sky; ambient 13.1C (Open-Meteo Historical Weather API hourly archive),modeled_medium,modeled_weather_context,1,d4d96f43d7e734ba26b0bdefe7d2d3e6ec0096e36dc05af4008d5fc7acfe69fd
asset_indy_nxt_2026_6852_overall_results,media,series_indy_nxt,INDY NXT,2026,event_indy_nxt_2026_5532,Detroit Grand Prix,session_indy_nxt_2026_6852,qualifying,Qualifying - Group 1,track_streets_of_detroit,Streets of Detroit,,,,pdf,link_only,Official INDY NXT session report for Detroit Grand Prix Qualifying - Group 1.,link_only,media_narrative_context,1,d4d96f43d7e734ba26b0bdefe7d2d3e6ec0096e36dc05af4008d5fc7acfe69fd
asset_indy_nxt_2026_6852_results,media,series_indy_nxt,INDY NXT,2026,event_indy_nxt_2026_5532,Detroit Grand Prix,session_indy_nxt_2026_6852,qualifying,Qualifying - Group 1,track_streets_of_detroit,Streets of Detroit,,,,pdf,link_only,Official INDY NXT session report for Detroit Grand Prix Qualifying - Group 1.,link_only,media_narrative_context,1,d4d96f43d7e734ba26b0bdefe7d2d3e6ec0096e36dc05af4008d5fc7acfe69fd
asset_indy_nxt_2026_6852_section_results,media,series_indy_nxt,INDY NXT,2026,event_indy_nxt_2026_5532,Detroit Grand Prix,session_indy_nxt_2026_6852,qualifying,Qualifying - Group 1,track_streets_of_detroit,Streets of Detroit,,,,pdf,link_only,Official INDY NXT session report for Detroit Grand Prix Qualifying - Group 1.,link_only,media_narrative_context,1,d4d96f43d7e734ba26b0bdefe7d2d3e6ec0096e36dc05af4008d5fc7acfe69fd
asset_indy_nxt_2026_6852_top_section_times,media,series_indy_nxt,INDY NXT,2026,event_indy_nxt_2026_5532,Detroit Grand Prix,session_indy_nxt_2026_6852,qualifying,Qualifying - Group 1,track_streets_of_detroit,Streets of Detroit,,,,pdf,link_only,Official INDY NXT session report for Detroit Grand Prix Qualifying - Group 1.,link_only,media_narrative_context,1,d4d96f43d7e734ba26b0bdefe7d2d3e6ec0096e36dc05af4008d5fc7acfe69fd
weather_indy_nxt_open_meteo_session_indy_nxt_2026_6852,weather,series_indy_nxt,INDY NXT,2026,event_indy_nxt_2026_5532,Detroit Grand Prix,session_indy_nxt_2026_6852,qualifying,Qualifying - Group 1,track_streets_of_detroit,Streets of Detroit,,,,grid_reanalysis,dry; clear_sky,dry / clear_sky; ambient 16.2C (Open-Meteo Historical Weather API hourly archive),modeled_medium,modeled_weather_context,1,d4d96f43d7e734ba26b0bdefe7d2d3e6ec0096e36dc05af4008d5fc7acfe69fd
asset_indy_nxt_2026_6853_overall_results,media,series_indy_nxt,INDY NXT,2026,event_indy_nxt_2026_5532,Detroit Grand Prix,session_indy_nxt_2026_6853,qualifying,Qualifying - Group 2,track_streets_of_detroit,Streets of Detroit,,,,pdf,link_only,Official INDY NXT session report for Detroit Grand Prix Qualifying - Group 2.,link_only,media_narrative_context,1,d4d96f43d7e734ba26b0bdefe7d2d3e6ec0096e36dc05af4008d5fc7acfe69fd
asset_indy_nxt_2026_6853_results,media,series_indy_nxt,INDY NXT,2026,event_indy_nxt_2026_5532,Detroit Grand Prix,session_indy_nxt_2026_6853,qualifying,Qualifying - Group 2,track_streets_of_detroit,Streets of Detroit,,,,pdf,link_only,Official INDY NXT session report for Detroit Grand Prix Qualifying - Group 2.,link_only,media_narrative_context,1,d4d96f43d7e734ba26b0bdefe7d2d3e6ec0096e36dc05af4008d5fc7acfe69fd
asset_indy_nxt_2026_6853_section_results,media,series_indy_nxt,INDY NXT,2026,event_indy_nxt_2026_5532,Detroit Grand Prix,session_indy_nxt_2026_6853,qualifying,Qualifying - Group 2,track_streets_of_detroit,Streets of Detroit,,,,pdf,link_only,Official INDY NXT session report for Detroit Grand Prix Qualifying - Group 2.,link_only,media_narrative_context,1,d4d96f43d7e734ba26b0bdefe7d2d3e6ec0096e36dc05af4008d5fc7acfe69fd
asset_indy_nxt_2026_6853_top_section_times,media,series_indy_nxt,INDY NXT,2026,event_indy_nxt_2026_5532,Detroit Grand Prix,session_indy_nxt_2026_6853,qualifying,Qualifying - Group 2,track_streets_of_detroit,Streets of Detroit,,,,pdf,link_only,Official INDY NXT session report for Detroit Grand Prix Qualifying - Group 2.,link_only,media_narrative_context,1,d4d96f43d7e734ba26b0bdefe7d2d3e6ec0096e36dc05af4008d5fc7acfe69fd
weather_indy_nxt_open_meteo_session_indy_nxt_2026_6853,weather,series_indy_nxt,INDY NXT,2026,event_indy_nxt_2026_5532,Detroit Grand Prix,session_indy_nxt_2026_6853,qualifying,Qualifying - Group 2,track_streets_of_detroit,Streets of Detroit,,,,grid_reanalysis,dry; clear_sky,dry / clear_sky; ambient 16.2C (Open-Meteo Historical Weather API hourly archive),modeled_medium,modeled_weather_context,1,d4d96f43d7e734ba26b0bdefe7d2d3e6ec0096e36dc05af4008d5fc7acfe69fd
asset_indy_nxt_2026_6854_overall_results,media,series_indy_nxt,INDY NXT,2026,event_indy_nxt_2026_5532,Detroit Grand Prix,session_indy_nxt_2026_6854,qualifying,Combined Qualifying,track_streets_of_detroit,Streets of Detroit,,,,pdf,link_only,Official INDY NXT session report for Detroit Grand Prix Combined Qualifying.,link_only,media_narrative_context,1,d4d96f43d7e734ba26b0bdefe7d2d3e6ec0096e36dc05af4008d5fc7acfe69fd
asset_indy_nxt_2026_6854_results,media,series_indy_nxt,INDY NXT,2026,event_indy_nxt_2026_5532,Detroit Grand Prix,session_indy_nxt_2026_6854,qualifying,Combined Qualifying,track_streets_of_detroit,Streets of Detroit,,,,pdf,link_only,Official INDY NXT session report for Detroit Grand Prix Combined Qualifying.,link_only,media_narrative_context,1,d4d96f43d7e734ba26b0bdefe7d2d3e6ec0096e36dc05af4008d5fc7acfe69fd
weather_indy_nxt_open_meteo_session_indy_nxt_2026_6854,weather,series_indy_nxt,INDY NXT,2026,event_indy_nxt_2026_5532,Detroit Grand Prix,session_indy_nxt_2026_6854,qualifying,Combined Qualifying,track_streets_of_detroit,Streets of Detroit,,,,grid_reanalysis,dry; clear_sky,dry / clear_sky; ambient 17.2C (Open-Meteo Historical Weather API hourly archive),modeled_medium,modeled_weather_context,1,d4d96f43d7e734ba26b0bdefe7d2d3e6ec0096e36dc05af4008d5fc7acfe69fd
incident_indy_nxt_caution_2026_6761_1,incident,series_indy_nxt,INDY NXT,2026,event_indy_nxt_2026_5544,Grand Prix at Mid-Ohio Race 1,session_indy_nxt_2026_6761,race,Race,track_mid_ohio_sports_car_course,Mid-Ohio Sports Car Course,driver_nicolas_stati,Nicolas Stati,5,caution,caution_laps_5_to_6_duration_2,Official caution 1 ran from lap 5 to lap 6 for Mechanical: Car 15 Between Turn 2 and 3.,official,official_incident_context,1,d4d96f43d7e734ba26b0bdefe7d2d3e6ec0096e36dc05af4008d5fc7acfe69fd
incident_indy_nxt_caution_2026_6761_2,incident,series_indy_nxt,INDY NXT,2026,event_indy_nxt_2026_5544,Grand Prix at Mid-Ohio Race 1,session_indy_nxt_2026_6761,race,Race,track_mid_ohio_sports_car_course,Mid-Ohio Sports Car Course,driver_nolan_allaer,Nolan Allaer,12,caution,caution_laps_12_to_13_duration_2,Official caution 2 ran from lap 12 to lap 13 for Mechanical: Car 76 in Turn 7.,official,official_incident_context,1,d4d96f43d7e734ba26b0bdefe7d2d3e6ec0096e36dc05af4008d5fc7acfe69fd
incident_indy_nxt_caution_2026_6761_3,incident,series_indy_nxt,INDY NXT,2026,event_indy_nxt_2026_5544,Grand Prix at Mid-Ohio Race 1,session_indy_nxt_2026_6761,race,Race,track_mid_ohio_sports_car_course,Mid-Ohio Sports Car Course,driver_jm_correa,JM Correa,22,caution_off_course,caution_laps_22_to_23_duration_2,Official caution 3 ran from lap 22 to lap 23 for Off Course: Car 68 in Turn 12.,official,official_incident_context,1,d4d96f43d7e734ba26b0bdefe7d2d3e6ec0096e36dc05af4008d5fc7acfe69fd
incident_indy_nxt_status_2026_6761_driver_nolan_allaer,incident,series_indy_nxt,INDY NXT,2026,event_indy_nxt_2026_5544,Grand Prix at Mid-Ohio Race 1,session_indy_nxt_2026_6761,race,Race,track_mid_ohio_sports_car_course,Mid-Ohio Sports Car Course,driver_nolan_allaer,Nolan Allaer,,mechanical,finish_position_24_laps_10,"Official INDY NXT result status reported ""Mechanical"" for Nolan Allaer.",official,official_incident_context,1,d4d96f43d7e734ba26b0bdefe7d2d3e6ec0096e36dc05af4008d5fc7acfe69fd
asset_indy_nxt_2026_6761_box_score,media,series_indy_nxt,INDY NXT,2026,event_indy_nxt_2026_5544,Grand Prix at Mid-Ohio Race 1,session_indy_nxt_2026_6761,race,Race,track_mid_ohio_sports_car_course,Mid-Ohio Sports Car Course,,,,pdf,link_only,Official INDY NXT session report for Grand Prix at Mid-Ohio Race 1 Race.,link_only,media_narrative_context,1,d4d96f43d7e734ba26b0bdefe7d2d3e6ec0096e36dc05af4008d5fc7acfe69fd
asset_indy_nxt_2026_6761_event_summary,media,series_indy_nxt,INDY NXT,2026,event_indy_nxt_2026_5544,Grand Prix at Mid-Ohio Race 1,session_indy_nxt_2026_6761,race,Race,track_mid_ohio_sports_car_course,Mid-Ohio Sports Car Course,,,,pdf,link_only,Official INDY NXT session report for Grand Prix at Mid-Ohio Race 1 Race.,link_only,media_narrative_context,1,d4d96f43d7e734ba26b0bdefe7d2d3e6ec0096e36dc05af4008d5fc7acfe69fd
asset_indy_nxt_2026_6761_lap_chart,media,series_indy_nxt,INDY NXT,2026,event_indy_nxt_2026_5544,Grand Prix at Mid-Ohio Race 1,session_indy_nxt_2026_6761,race,Race,track_mid_ohio_sports_car_course,Mid-Ohio Sports Car Course,,,,pdf,link_only,Official INDY NXT session report for Grand Prix at Mid-Ohio Race 1 Race.,link_only,media_narrative_context,1,d4d96f43d7e734ba26b0bdefe7d2d3e6ec0096e36dc05af4008d5fc7acfe69fd
asset_indy_nxt_2026_6761_leader_lap_summary,media,series_indy_nxt,INDY NXT,2026,event_indy_nxt_2026_5544,Grand Prix at Mid-Ohio Race 1,session_indy_nxt_2026_6761,race,Race,track_mid_ohio_sports_car_course,Mid-Ohio Sports Car Course,,,,pdf,link_only,Official INDY NXT session report for Grand Prix at Mid-Ohio Race 1 Race.,link_only,media_narrative_context,1,d4d96f43d7e734ba26b0bdefe7d2d3e6ec0096e36dc05af4008d5fc7acfe69fd
asset_indy_nxt_2026_6761_results,media,series_indy_nxt,INDY NXT,2026,event_indy_nxt_2026_5544,Grand Prix at Mid-Ohio Race 1,session_indy_nxt_2026_6761,race,Race,track_mid_ohio_sports_car_course,Mid-Ohio Sports Car Course,,,,pdf,link_only,Official INDY NXT session report for Grand Prix at Mid-Ohio Race 1 Race.,link_only,media_narrative_context,1,d4d96f43d7e734ba26b0bdefe7d2d3e6ec0096e36dc05af4008d5fc7acfe69fd
asset_indy_nxt_2026_6761_section_results,media,series_indy_nxt,INDY NXT,2026,event_indy_nxt_2026_5544,Grand Prix at Mid-Ohio Race 1,session_indy_nxt_2026_6761,race,Race,track_mid_ohio_sports_car_course,Mid-Ohio Sports Car Course,,,,pdf,link_only,Official INDY NXT session report for Grand Prix at Mid-Ohio Race 1 Race.,link_only,media_narrative_context,1,d4d96f43d7e734ba26b0bdefe7d2d3e6ec0096e36dc05af4008d5fc7acfe69fd
asset_indy_nxt_2026_6761_top_section_times,media,series_indy_nxt,INDY NXT,2026,event_indy_nxt_2026_5544,Grand Prix at Mid-Ohio Race 1,session_indy_nxt_2026_6761,race,Race,track_mid_ohio_sports_car_course,Mid-Ohio Sports Car Course,,,,pdf,link_only,Official INDY NXT session report for Grand Prix at Mid-Ohio Race 1 Race.,link_only,media_narrative_context,1,d4d96f43d7e734ba26b0bdefe7d2d3e6ec0096e36dc05af4008d5fc7acfe69fd
racecraft_indy_nxt_2026_6761_most_improved_driver_myles_rowe,racecraft,series_indy_nxt,INDY NXT,2026,event_indy_nxt_2026_5544,Grand Prix at Mid-Ohio Race 1,session_indy_nxt_2026_6761,race,Race,track_mid_ohio_sports_car_course,Mid-Ohio Sports Car Course,driver_myles_rowe,Myles Rowe,,start_gain,P23 to P9,"Rowe, Myles was listed as Most Improved in the official Event Summary, improving 14 positions from P23 to P9.",official,official_racecraft_context,1,d4d96f43d7e734ba26b0bdefe7d2d3e6ec0096e36dc05af4008d5fc7acfe69fd
weather_indy_nxt_open_meteo_session_indy_nxt_2026_6761,weather,series_indy_nxt,INDY NXT,2026,event_indy_nxt_2026_5544,Grand Prix at Mid-Ohio Race 1,session_indy_nxt_2026_6761,race,Race,track_mid_ohio_sports_car_course,Mid-Ohio Sports Car Course,,,,grid_reanalysis,dry; mainly_clear,dry / mainly_clear; ambient 28.9C (Open-Meteo Historical Weather API hourly archive),modeled_medium,modeled_weather_context,1,d4d96f43d7e734ba26b0bdefe7d2d3e6ec0096e36dc05af4008d5fc7acfe69fd
asset_indy_nxt_2026_6891_results,media,series_indy_nxt,INDY NXT,2026,event_indy_nxt_2026_5544,Grand Prix at Mid-Ohio Race 1,session_indy_nxt_2026_6891,practice,Practice,track_mid_ohio_sports_car_course,Mid-Ohio Sports Car Course,,,,pdf,link_only,Official INDY NXT session report for Grand Prix at Mid-Ohio Race 1 Practice.,link_only,media_narrative_context,1,d4d96f43d7e734ba26b0bdefe7d2d3e6ec0096e36dc05af4008d5fc7acfe69fd
asset_indy_nxt_2026_6891_section_results,media,series_indy_nxt,INDY NXT,2026,event_indy_nxt_2026_5544,Grand Prix at Mid-Ohio Race 1,session_indy_nxt_2026_6891,practice,Practice,track_mid_ohio_sports_car_course,Mid-Ohio Sports Car Course,,,,pdf,link_only,Official INDY NXT session report for Grand Prix at Mid-Ohio Race 1 Practice.,link_only,media_narrative_context,1,d4d96f43d7e734ba26b0bdefe7d2d3e6ec0096e36dc05af4008d5fc7acfe69fd
asset_indy_nxt_2026_6891_top_section_times,media,series_indy_nxt,INDY NXT,2026,event_indy_nxt_2026_5544,Grand Prix at Mid-Ohio Race 1,session_indy_nxt_2026_6891,practice,Practice,track_mid_ohio_sports_car_course,Mid-Ohio Sports Car Course,,,,pdf,link_only,Official INDY NXT session report for Grand Prix at Mid-Ohio Race 1 Practice.,link_only,media_narrative_context,1,d4d96f43d7e734ba26b0bdefe7d2d3e6ec0096e36dc05af4008d5fc7acfe69fd
weather_indy_nxt_open_meteo_session_indy_nxt_2026_6891,weather,series_indy_nxt,INDY NXT,2026,event_indy_nxt_2026_5544,Grand Prix at Mid-Ohio Race 1,session_indy_nxt_2026_6891,practice,Practice,track_mid_ohio_sports_car_course,Mid-Ohio Sports Car Course,,,,grid_reanalysis,wet; light_drizzle,wet / light_drizzle; ambient 28.1C (Open-Meteo Historical Weather API hourly archive),modeled_medium,modeled_weather_context,1,d4d96f43d7e734ba26b0bdefe7d2d3e6ec0096e36dc05af4008d5fc7acfe69fd
asset_indy_nxt_2026_6892_overall_results,media,series_indy_nxt,INDY NXT,2026,event_indy_nxt_2026_5544,Grand Prix at Mid-Ohio Race 1,session_indy_nxt_2026_6892,qualifying,Qualifying - Race 1 Group 1,track_mid_ohio_sports_car_course,Mid-Ohio Sports Car Course,,,,pdf,link_only,Official INDY NXT session report for Grand Prix at Mid-Ohio Race 1 Qualifying - Race 1 Group 1.,link_only,media_narrative_context,1,d4d96f43d7e734ba26b0bdefe7d2d3e6ec0096e36dc05af4008d5fc7acfe69fd
asset_indy_nxt_2026_6892_results,media,series_indy_nxt,INDY NXT,2026,event_indy_nxt_2026_5544,Grand Prix at Mid-Ohio Race 1,session_indy_nxt_2026_6892,qualifying,Qualifying - Race 1 Group 1,track_mid_ohio_sports_car_course,Mid-Ohio Sports Car Course,,,,pdf,link_only,Official INDY NXT session report for Grand Prix at Mid-Ohio Race 1 Qualifying - Race 1 Group 1.,link_only,media_narrative_context,1,d4d96f43d7e734ba26b0bdefe7d2d3e6ec0096e36dc05af4008d5fc7acfe69fd
asset_indy_nxt_2026_6892_section_results,media,series_indy_nxt,INDY NXT,2026,event_indy_nxt_2026_5544,Grand Prix at Mid-Ohio Race 1,session_indy_nxt_2026_6892,qualifying,Qualifying - Race 1 Group 1,track_mid_ohio_sports_car_course,Mid-Ohio Sports Car Course,,,,pdf,link_only,Official INDY NXT session report for Grand Prix at Mid-Ohio Race 1 Qualifying - Race 1 Group 1.,link_only,media_narrative_context,1,d4d96f43d7e734ba26b0bdefe7d2d3e6ec0096e36dc05af4008d5fc7acfe69fd
asset_indy_nxt_2026_6892_top_section_times,media,series_indy_nxt,INDY NXT,2026,event_indy_nxt_2026_5544,Grand Prix at Mid-Ohio Race 1,session_indy_nxt_2026_6892,qualifying,Qualifying - Race 1 Group 1,track_mid_ohio_sports_car_course,Mid-Ohio Sports Car Course,,,,pdf,link_only,Official INDY NXT session report for Grand Prix at Mid-Ohio Race 1 Qualifying - Race 1 Group 1.,link_only,media_narrative_context,1,d4d96f43d7e734ba26b0bdefe7d2d3e6ec0096e36dc05af4008d5fc7acfe69fd
weather_indy_nxt_open_meteo_session_indy_nxt_2026_6892,weather,series_indy_nxt,INDY NXT,2026,event_indy_nxt_2026_5544,Grand Prix at Mid-Ohio Race 1,session_indy_nxt_2026_6892,qualifying,Qualifying - Race 1 Group 1,track_mid_ohio_sports_car_course,Mid-Ohio Sports Car Course,,,,grid_reanalysis,wet; slight_rain,wet / slight_rain; ambient 22.2C (Open-Meteo Historical Weather API hourly archive),modeled_medium,modeled_weather_context,1,d4d96f43d7e734ba26b0bdefe7d2d3e6ec0096e36dc05af4008d5fc7acfe69fd
asset_indy_nxt_2026_6893_overall_results,media,series_indy_nxt,INDY NXT,2026,event_indy_nxt_2026_5544,Grand Prix at Mid-Ohio Race 1,session_indy_nxt_2026_6893,qualifying,Qualifying - Race 1 Group 2,track_mid_ohio_sports_car_course,Mid-Ohio Sports Car Course,,,,pdf,link_only,Official INDY NXT session report for Grand Prix at Mid-Ohio Race 1 Qualifying - Race 1 Group 2.,link_only,media_narrative_context,1,d4d96f43d7e734ba26b0bdefe7d2d3e6ec0096e36dc05af4008d5fc7acfe69fd
asset_indy_nxt_2026_6893_results,media,series_indy_nxt,INDY NXT,2026,event_indy_nxt_2026_5544,Grand Prix at Mid-Ohio Race 1,session_indy_nxt_2026_6893,qualifying,Qualifying - Race 1 Group 2,track_mid_ohio_sports_car_course,Mid-Ohio Sports Car Course,,,,pdf,link_only,Official INDY NXT session report for Grand Prix at Mid-Ohio Race 1 Qualifying - Race 1 Group 2.,link_only,media_narrative_context,1,d4d96f43d7e734ba26b0bdefe7d2d3e6ec0096e36dc05af4008d5fc7acfe69fd
asset_indy_nxt_2026_6893_section_results,media,series_indy_nxt,INDY NXT,2026,event_indy_nxt_2026_5544,Grand Prix at Mid-Ohio Race 1,session_indy_nxt_2026_6893,qualifying,Qualifying - Race 1 Group 2,track_mid_ohio_sports_car_course,Mid-Ohio Sports Car Course,,,,pdf,link_only,Official INDY NXT session report for Grand Prix at Mid-Ohio Race 1 Qualifying - Race 1 Group 2.,link_only,media_narrative_context,1,d4d96f43d7e734ba26b0bdefe7d2d3e6ec0096e36dc05af4008d5fc7acfe69fd
asset_indy_nxt_2026_6893_top_section_times,media,series_indy_nxt,INDY NXT,2026,event_indy_nxt_2026_5544,Grand Prix at Mid-Ohio Race 1,session_indy_nxt_2026_6893,qualifying,Qualifying - Race 1 Group 2,track_mid_ohio_sports_car_course,Mid-Ohio Sports Car Course,,,,pdf,link_only,Official INDY NXT session report for Grand Prix at Mid-Ohio Race 1 Qualifying - Race 1 Group 2.,link_only,media_narrative_context,1,d4d96f43d7e734ba26b0bdefe7d2d3e6ec0096e36dc05af4008d5fc7acfe69fd
weather_indy_nxt_open_meteo_session_indy_nxt_2026_6893,weather,series_indy_nxt,INDY NXT,2026,event_indy_nxt_2026_5544,Grand Prix at Mid-Ohio Race 1,session_indy_nxt_2026_6893,qualifying,Qualifying - Race 1 Group 2,track_mid_ohio_sports_car_course,Mid-Ohio Sports Car Course,,,,grid_reanalysis,wet; slight_rain,wet / slight_rain; ambient 22.2C (Open-Meteo Historical Weather API hourly archive),modeled_medium,modeled_weather_context,1,d4d96f43d7e734ba26b0bdefe7d2d3e6ec0096e36dc05af4008d5fc7acfe69fd
asset_indy_nxt_2026_6894_overall_results,media,series_indy_nxt,INDY NXT,2026,event_indy_nxt_2026_5544,Grand Prix at Mid-Ohio Race 1,session_indy_nxt_2026_6894,qualifying,Combined Qualifying - Race 1,track_mid_ohio_sports_car_course,Mid-Ohio Sports Car Course,,,,pdf,link_only,Official INDY NXT session report for Grand Prix at Mid-Ohio Race 1 Combined Qualifying - Race 1.,link_only,media_narrative_context,1,d4d96f43d7e734ba26b0bdefe7d2d3e6ec0096e36dc05af4008d5fc7acfe69fd
asset_indy_nxt_2026_6894_results,media,series_indy_nxt,INDY NXT,2026,event_indy_nxt_2026_5544,Grand Prix at Mid-Ohio Race 1,session_indy_nxt_2026_6894,qualifying,Combined Qualifying - Race 1,track_mid_ohio_sports_car_course,Mid-Ohio Sports Car Course,,,,pdf,link_only,Official INDY NXT session report for Grand Prix at Mid-Ohio Race 1 Combined Qualifying - Race 1.,link_only,media_narrative_context,1,d4d96f43d7e734ba26b0bdefe7d2d3e6ec0096e36dc05af4008d5fc7acfe69fd
weather_indy_nxt_open_meteo_session_indy_nxt_2026_6894,weather,series_indy_nxt,INDY NXT,2026,event_indy_nxt_2026_5544,Grand Prix at Mid-Ohio Race 1,session_indy_nxt_2026_6894,qualifying,Combined Qualifying - Race 1,track_mid_ohio_sports_car_course,Mid-Ohio Sports Car Course,,,,grid_reanalysis,wet; light_drizzle,wet / light_drizzle; ambient 24.4C (Open-Meteo Historical Weather API hourly archive),modeled_medium,modeled_weather_context,1,d4d96f43d7e734ba26b0bdefe7d2d3e6ec0096e36dc05af4008d5fc7acfe69fd
asset_indy_nxt_2026_6760_box_score,media,series_indy_nxt,INDY NXT,2026,event_indy_nxt_2026_5543,Grand Prix at Mid-Ohio Race 2,session_indy_nxt_2026_6760,race,Race,track_mid_ohio_sports_car_course,Mid-Ohio Sports Car Course,,,,pdf,link_only,Official INDY NXT session report for Grand Prix at Mid-Ohio Race 2 Race.,link_only,media_narrative_context,1,d4d96f43d7e734ba26b0bdefe7d2d3e6ec0096e36dc05af4008d5fc7acfe69fd
asset_indy_nxt_2026_6760_event_summary,media,series_indy_nxt,INDY NXT,2026,event_indy_nxt_2026_5543,Grand Prix at Mid-Ohio Race 2,session_indy_nxt_2026_6760,race,Race,track_mid_ohio_sports_car_course,Mid-Ohio Sports Car Course,,,,pdf,link_only,Official INDY NXT session report for Grand Prix at Mid-Ohio Race 2 Race.,link_only,media_narrative_context,1,d4d96f43d7e734ba26b0bdefe7d2d3e6ec0096e36dc05af4008d5fc7acfe69fd
asset_indy_nxt_2026_6760_lap_chart,media,series_indy_nxt,INDY NXT,2026,event_indy_nxt_2026_5543,Grand Prix at Mid-Ohio Race 2,session_indy_nxt_2026_6760,race,Race,track_mid_ohio_sports_car_course,Mid-Ohio Sports Car Course,,,,pdf,link_only,Official INDY NXT session report for Grand Prix at Mid-Ohio Race 2 Race.,link_only,media_narrative_context,1,d4d96f43d7e734ba26b0bdefe7d2d3e6ec0096e36dc05af4008d5fc7acfe69fd
asset_indy_nxt_2026_6760_leader_lap_summary,media,series_indy_nxt,INDY NXT,2026,event_indy_nxt_2026_5543,Grand Prix at Mid-Ohio Race 2,session_indy_nxt_2026_6760,race,Race,track_mid_ohio_sports_car_course,Mid-Ohio Sports Car Course,,,,pdf,link_only,Official INDY NXT session report for Grand Prix at Mid-Ohio Race 2 Race.,link_only,media_narrative_context,1,d4d96f43d7e734ba26b0bdefe7d2d3e6ec0096e36dc05af4008d5fc7acfe69fd
asset_indy_nxt_2026_6760_results,media,series_indy_nxt,INDY NXT,2026,event_indy_nxt_2026_5543,Grand Prix at Mid-Ohio Race 2,session_indy_nxt_2026_6760,race,Race,track_mid_ohio_sports_car_course,Mid-Ohio Sports Car Course,,,,pdf,link_only,Official INDY NXT session report for Grand Prix at Mid-Ohio Race 2 Race.,link_only,media_narrative_context,1,d4d96f43d7e734ba26b0bdefe7d2d3e6ec0096e36dc05af4008d5fc7acfe69fd
asset_indy_nxt_2026_6760_section_results,media,series_indy_nxt,INDY NXT,2026,event_indy_nxt_2026_5543,Grand Prix at Mid-Ohio Race 2,session_indy_nxt_2026_6760,race,Race,track_mid_ohio_sports_car_course,Mid-Ohio Sports Car Course,,,,pdf,link_only,Official INDY NXT session report for Grand Prix at Mid-Ohio Race 2 Race.,link_only,media_narrative_context,1,d4d96f43d7e734ba26b0bdefe7d2d3e6ec0096e36dc05af4008d5fc7acfe69fd
asset_indy_nxt_2026_6760_top_section_times,media,series_indy_nxt,INDY NXT,2026,event_indy_nxt_2026_5543,Grand Prix at Mid-Ohio Race 2,session_indy_nxt_2026_6760,race,Race,track_mid_ohio_sports_car_course,Mid-Ohio Sports Car Course,,,,pdf,link_only,Official INDY NXT session report for Grand Prix at Mid-Ohio Race 2 Race.,link_only,media_narrative_context,1,d4d96f43d7e734ba26b0bdefe7d2d3e6ec0096e36dc05af4008d5fc7acfe69fd
racecraft_indy_nxt_2026_6760_most_improved_driver_myles_rowe,racecraft,series_indy_nxt,INDY NXT,2026,event_indy_nxt_2026_5543,Grand Prix at Mid-Ohio Race 2,session_indy_nxt_2026_6760,race,Race,track_mid_ohio_sports_car_course,Mid-Ohio Sports Car Course,driver_myles_rowe,Myles Rowe,,start_gain,P23 to P16,"Rowe, Myles was listed as Most Improved in the official Event Summary, improving 7 positions from P23 to P16.",official,official_racecraft_context,1,d4d96f43d7e734ba26b0bdefe7d2d3e6ec0096e36dc05af4008d5fc7acfe69fd
weather_indy_nxt_open_meteo_session_indy_nxt_2026_6760,weather,series_indy_nxt,INDY NXT,2026,event_indy_nxt_2026_5543,Grand Prix at Mid-Ohio Race 2,session_indy_nxt_2026_6760,race,Race,track_mid_ohio_sports_car_course,Mid-Ohio Sports Car Course,,,,grid_reanalysis,wet; moderate_rain,wet / moderate_rain; ambient 21.3C (Open-Meteo Historical Weather API hourly archive),modeled_medium,modeled_weather_context,1,d4d96f43d7e734ba26b0bdefe7d2d3e6ec0096e36dc05af4008d5fc7acfe69fd
asset_indy_nxt_2026_6895_overall_results,media,series_indy_nxt,INDY NXT,2026,event_indy_nxt_2026_5543,Grand Prix at Mid-Ohio Race 2,session_indy_nxt_2026_6895,qualifying,Qualifying - Race 2 Group 1,track_mid_ohio_sports_car_course,Mid-Ohio Sports Car Course,,,,pdf,link_only,Official INDY NXT session report for Grand Prix at Mid-Ohio Race 2 Qualifying - Race 2 Group 1.,link_only,media_narrative_context,1,d4d96f43d7e734ba26b0bdefe7d2d3e6ec0096e36dc05af4008d5fc7acfe69fd
asset_indy_nxt_2026_6895_results,media,series_indy_nxt,INDY NXT,2026,event_indy_nxt_2026_5543,Grand Prix at Mid-Ohio Race 2,session_indy_nxt_2026_6895,qualifying,Qualifying - Race 2 Group 1,track_mid_ohio_sports_car_course,Mid-Ohio Sports Car Course,,,,pdf,link_only,Official INDY NXT session report for Grand Prix at Mid-Ohio Race 2 Qualifying - Race 2 Group 1.,link_only,media_narrative_context,1,d4d96f43d7e734ba26b0bdefe7d2d3e6ec0096e36dc05af4008d5fc7acfe69fd
asset_indy_nxt_2026_6895_section_results,media,series_indy_nxt,INDY NXT,2026,event_indy_nxt_2026_5543,Grand Prix at Mid-Ohio Race 2,session_indy_nxt_2026_6895,qualifying,Qualifying - Race 2 Group 1,track_mid_ohio_sports_car_course,Mid-Ohio Sports Car Course,,,,pdf,link_only,Official INDY NXT session report for Grand Prix at Mid-Ohio Race 2 Qualifying - Race 2 Group 1.,link_only,media_narrative_context,1,d4d96f43d7e734ba26b0bdefe7d2d3e6ec0096e36dc05af4008d5fc7acfe69fd
asset_indy_nxt_2026_6895_top_section_times,media,series_indy_nxt,INDY NXT,2026,event_indy_nxt_2026_5543,Grand Prix at Mid-Ohio Race 2,session_indy_nxt_2026_6895,qualifying,Qualifying - Race 2 Group 1,track_mid_ohio_sports_car_course,Mid-Ohio Sports Car Course,,,,pdf,link_only,Official INDY NXT session report for Grand Prix at Mid-Ohio Race 2 Qualifying - Race 2 Group 1.,link_only,media_narrative_context,1,d4d96f43d7e734ba26b0bdefe7d2d3e6ec0096e36dc05af4008d5fc7acfe69fd
weather_indy_nxt_open_meteo_session_indy_nxt_2026_6895,weather,series_indy_nxt,INDY NXT,2026,event_indy_nxt_2026_5543,Grand Prix at Mid-Ohio Race 2,session_indy_nxt_2026_6895,qualifying,Qualifying - Race 2 Group 1,track_mid_ohio_sports_car_course,Mid-Ohio Sports Car Course,,,,grid_reanalysis,wet; slight_rain,wet / slight_rain; ambient 22.2C (Open-Meteo Historical Weather API hourly archive),modeled_medium,modeled_weather_context,1,d4d96f43d7e734ba26b0bdefe7d2d3e6ec0096e36dc05af4008d5fc7acfe69fd
asset_indy_nxt_2026_6896_overall_results,media,series_indy_nxt,INDY NXT,2026,event_indy_nxt_2026_5543,Grand Prix at Mid-Ohio Race 2,session_indy_nxt_2026_6896,qualifying,Qualifying - Race 2 Group 2,track_mid_ohio_sports_car_course,Mid-Ohio Sports Car Course,,,,pdf,link_only,Official INDY NXT session report for Grand Prix at Mid-Ohio Race 2 Qualifying - Race 2 Group 2.,link_only,media_narrative_context,1,d4d96f43d7e734ba26b0bdefe7d2d3e6ec0096e36dc05af4008d5fc7acfe69fd
asset_indy_nxt_2026_6896_results,media,series_indy_nxt,INDY NXT,2026,event_indy_nxt_2026_5543,Grand Prix at Mid-Ohio Race 2,session_indy_nxt_2026_6896,qualifying,Qualifying - Race 2 Group 2,track_mid_ohio_sports_car_course,Mid-Ohio Sports Car Course,,,,pdf,link_only,Official INDY NXT session report for Grand Prix at Mid-Ohio Race 2 Qualifying - Race 2 Group 2.,link_only,media_narrative_context,1,d4d96f43d7e734ba26b0bdefe7d2d3e6ec0096e36dc05af4008d5fc7acfe69fd
asset_indy_nxt_2026_6896_section_results,media,series_indy_nxt,INDY NXT,2026,event_indy_nxt_2026_5543,Grand Prix at Mid-Ohio Race 2,session_indy_nxt_2026_6896,qualifying,Qualifying - Race 2 Group 2,track_mid_ohio_sports_car_course,Mid-Ohio Sports Car Course,,,,pdf,link_only,Official INDY NXT session report for Grand Prix at Mid-Ohio Race 2 Qualifying - Race 2 Group 2.,link_only,media_narrative_context,1,d4d96f43d7e734ba26b0bdefe7d2d3e6ec0096e36dc05af4008d5fc7acfe69fd
asset_indy_nxt_2026_6896_top_section_times,media,series_indy_nxt,INDY NXT,2026,event_indy_nxt_2026_5543,Grand Prix at Mid-Ohio Race 2,session_indy_nxt_2026_6896,qualifying,Qualifying - Race 2 Group 2,track_mid_ohio_sports_car_course,Mid-Ohio Sports Car Course,,,,pdf,link_only,Official INDY NXT session report for Grand Prix at Mid-Ohio Race 2 Qualifying - Race 2 Group 2.,link_only,media_narrative_context,1,d4d96f43d7e734ba26b0bdefe7d2d3e6ec0096e36dc05af4008d5fc7acfe69fd
weather_indy_nxt_open_meteo_session_indy_nxt_2026_6896,weather,series_indy_nxt,INDY NXT,2026,event_indy_nxt_2026_5543,Grand Prix at Mid-Ohio Race 2,session_indy_nxt_2026_6896,qualifying,Qualifying - Race 2 Group 2,track_mid_ohio_sports_car_course,Mid-Ohio Sports Car Course,,,,grid_reanalysis,wet; slight_rain,wet / slight_rain; ambient 22.2C (Open-Meteo Historical Weather API hourly archive),modeled_medium,modeled_weather_context,1,d4d96f43d7e734ba26b0bdefe7d2d3e6ec0096e36dc05af4008d5fc7acfe69fd
asset_indy_nxt_2026_6897_overall_results,media,series_indy_nxt,INDY NXT,2026,event_indy_nxt_2026_5543,Grand Prix at Mid-Ohio Race 2,session_indy_nxt_2026_6897,qualifying,Combined Qualifying - Race 2,track_mid_ohio_sports_car_course,Mid-Ohio Sports Car Course,,,,pdf,link_only,Official INDY NXT session report for Grand Prix at Mid-Ohio Race 2 Combined Qualifying - Race 2.,link_only,media_narrative_context,1,d4d96f43d7e734ba26b0bdefe7d2d3e6ec0096e36dc05af4008d5fc7acfe69fd
asset_indy_nxt_2026_6897_results,media,series_indy_nxt,INDY NXT,2026,event_indy_nxt_2026_5543,Grand Prix at Mid-Ohio Race 2,session_indy_nxt_2026_6897,qualifying,Combined Qualifying - Race 2,track_mid_ohio_sports_car_course,Mid-Ohio Sports Car Course,,,,pdf,link_only,Official INDY NXT session report for Grand Prix at Mid-Ohio Race 2 Combined Qualifying - Race 2.,link_only,media_narrative_context,1,d4d96f43d7e734ba26b0bdefe7d2d3e6ec0096e36dc05af4008d5fc7acfe69fd
weather_indy_nxt_open_meteo_session_indy_nxt_2026_6897,weather,series_indy_nxt,INDY NXT,2026,event_indy_nxt_2026_5543,Grand Prix at Mid-Ohio Race 2,session_indy_nxt_2026_6897,qualifying,Combined Qualifying - Race 2,track_mid_ohio_sports_car_course,Mid-Ohio Sports Car Course,,,,grid_reanalysis,wet; light_drizzle,wet / light_drizzle; ambient 24.4C (Open-Meteo Historical Weather API hourly archive),modeled_medium,modeled_weather_context,1,d4d96f43d7e734ba26b0bdefe7d2d3e6ec0096e36dc05af4008d5fc7acfe69fd
incident_indy_nxt_caution_2026_6762_1,incident,series_indy_nxt,INDY NXT,2026,event_indy_nxt_2026_5545,Grand Prix at Road America Race 1,session_indy_nxt_2026_6762,race,Race,track_road_america,Road America,,,1,caution_contact,caution_laps_1_to_3_duration_3,Official caution 1 ran from lap 1 to lap 3 for Contact: Cars 10 and 48 between Turn 11 and Turn 12.,official,official_incident_context,1,d4d96f43d7e734ba26b0bdefe7d2d3e6ec0096e36dc05af4008d5fc7acfe69fd
incident_indy_nxt_caution_2026_6762_2,incident,series_indy_nxt,INDY NXT,2026,event_indy_nxt_2026_5545,Grand Prix at Road America Race 1,session_indy_nxt_2026_6762,race,Race,track_road_america,Road America,,,5,caution_contact,caution_laps_5_to_7_duration_3,Official caution 2 ran from lap 5 to lap 7 for Contact: Cars 4 and 75 in Turn 12.,official,official_incident_context,1,d4d96f43d7e734ba26b0bdefe7d2d3e6ec0096e36dc05af4008d5fc7acfe69fd
incident_indy_nxt_caution_2026_6762_3,incident,series_indy_nxt,INDY NXT,2026,event_indy_nxt_2026_5545,Grand Prix at Road America Race 1,session_indy_nxt_2026_6762,race,Race,track_road_america,Road America,,,9,caution_contact,caution_laps_9_to_10_duration_2,Official caution 3 ran from lap 9 to lap 10 for Contact: Cars 9 and 57 in Turn 1.,official,official_incident_context,1,d4d96f43d7e734ba26b0bdefe7d2d3e6ec0096e36dc05af4008d5fc7acfe69fd
penalty_indy_nxt_2026_6762_car_9_lap_10_drive_through,penalty,series_indy_nxt,INDY NXT,2026,event_indy_nxt_2026_5545,Grand Prix at Road America Race 1,session_indy_nxt_2026_6762,race,Race,track_road_america,Road America,driver_bryce_aron,Bryce Aron,10,drive_through,drive_through,drive_through: Avoidable Contact,official,official_penalty_context,1,d4d96f43d7e734ba26b0bdefe7d2d3e6ec0096e36dc05af4008d5fc7acfe69fd
penalty_indy_nxt_2026_6762_car_75_lap_20_pending,penalty,series_indy_nxt,INDY NXT,2026,event_indy_nxt_2026_5545,Grand Prix at Road America Race 1,session_indy_nxt_2026_6762,race,Race,track_road_america,Road America,driver_alexander_koreiba,Alexander Koreiba,20,pending,pending,pending: Avoidable Contact,official,official_penalty_context,1,d4d96f43d7e734ba26b0bdefe7d2d3e6ec0096e36dc05af4008d5fc7acfe69fd
incident_indy_nxt_status_2026_6762_driver_alexander_koreiba,incident,series_indy_nxt,INDY NXT,2026,event_indy_nxt_2026_5545,Grand Prix at Road America Race 1,session_indy_nxt_2026_6762,race,Race,track_road_america,Road America,driver_alexander_koreiba,Alexander Koreiba,,contact,finish_position_23_laps_4,"Official INDY NXT result status reported ""Contact"" for Alexander Koreiba.",official,official_incident_context,1,d4d96f43d7e734ba26b0bdefe7d2d3e6ec0096e36dc05af4008d5fc7acfe69fd
incident_indy_nxt_status_2026_6762_driver_jordan_missig,incident,series_indy_nxt,INDY NXT,2026,event_indy_nxt_2026_5545,Grand Prix at Road America Race 1,session_indy_nxt_2026_6762,race,Race,track_road_america,Road America,driver_jordan_missig,Jordan Missig,,contact,finish_position_24_laps_0,"Official INDY NXT result status reported ""Contact"" for Jordan Missig.",official,official_incident_context,1,d4d96f43d7e734ba26b0bdefe7d2d3e6ec0096e36dc05af4008d5fc7acfe69fd
asset_indy_nxt_2026_6762_event_summary,media,series_indy_nxt,INDY NXT,2026,event_indy_nxt_2026_5545,Grand Prix at Road America Race 1,session_indy_nxt_2026_6762,race,Race,track_road_america,Road America,,,,pdf,link_only,Official INDY NXT session report for Grand Prix at Road America Race 1 Race.,link_only,media_narrative_context,1,d4d96f43d7e734ba26b0bdefe7d2d3e6ec0096e36dc05af4008d5fc7acfe69fd
asset_indy_nxt_2026_6762_lap_chart,media,series_indy_nxt,INDY NXT,2026,event_indy_nxt_2026_5545,Grand Prix at Road America Race 1,session_indy_nxt_2026_6762,race,Race,track_road_america,Road America,,,,pdf,link_only,Official INDY NXT session report for Grand Prix at Road America Race 1 Race.,link_only,media_narrative_context,1,d4d96f43d7e734ba26b0bdefe7d2d3e6ec0096e36dc05af4008d5fc7acfe69fd
asset_indy_nxt_2026_6762_leader_lap_summary,media,series_indy_nxt,INDY NXT,2026,event_indy_nxt_2026_5545,Grand Prix at Road America Race 1,session_indy_nxt_2026_6762,race,Race,track_road_america,Road America,,,,pdf,link_only,Official INDY NXT session report for Grand Prix at Road America Race 1 Race.,link_only,media_narrative_context,1,d4d96f43d7e734ba26b0bdefe7d2d3e6ec0096e36dc05af4008d5fc7acfe69fd
asset_indy_nxt_2026_6762_results,media,series_indy_nxt,INDY NXT,2026,event_indy_nxt_2026_5545,Grand Prix at Road America Race 1,session_indy_nxt_2026_6762,race,Race,track_road_america,Road America,,,,pdf,link_only,Official INDY NXT session report for Grand Prix at Road America Race 1 Race.,link_only,media_narrative_context,1,d4d96f43d7e734ba26b0bdefe7d2d3e6ec0096e36dc05af4008d5fc7acfe69fd
asset_indy_nxt_2026_6762_section_results,media,series_indy_nxt,INDY NXT,2026,event_indy_nxt_2026_5545,Grand Prix at Road America Race 1,session_indy_nxt_2026_6762,race,Race,track_road_america,Road America,,,,pdf,link_only,Official INDY NXT session report for Grand Prix at Road America Race 1 Race.,link_only,media_narrative_context,1,d4d96f43d7e734ba26b0bdefe7d2d3e6ec0096e36dc05af4008d5fc7acfe69fd
asset_indy_nxt_2026_6762_top_section_times,media,series_indy_nxt,INDY NXT,2026,event_indy_nxt_2026_5545,Grand Prix at Road America Race 1,session_indy_nxt_2026_6762,race,Race,track_road_america,Road America,,,,pdf,link_only,Official INDY NXT session report for Grand Prix at Road America Race 1 Race.,link_only,media_narrative_context,1,d4d96f43d7e734ba26b0bdefe7d2d3e6ec0096e36dc05af4008d5fc7acfe69fd
racecraft_indy_nxt_2026_6762_most_improved_driver_carson_etter,racecraft,series_indy_nxt,INDY NXT,2026,event_indy_nxt_2026_5545,Grand Prix at Road America Race 1,session_indy_nxt_2026_6762,race,Race,track_road_america,Road America,driver_carson_etter,Carson Etter,,start_gain,P23 to P16,"Etter, Carson was listed as Most Improved in the official Event Summary, improving 7 positions from P23 to P16.",official,official_racecraft_context,1,d4d96f43d7e734ba26b0bdefe7d2d3e6ec0096e36dc05af4008d5fc7acfe69fd
weather_indy_nxt_open_meteo_session_indy_nxt_2026_6762,weather,series_indy_nxt,INDY NXT,2026,event_indy_nxt_2026_5545,Grand Prix at Road America Race 1,session_indy_nxt_2026_6762,race,Race,track_road_america,Road America,,,,grid_reanalysis,dry; partly_cloudy,dry / partly_cloudy; ambient 20.2C (Open-Meteo Historical Weather API hourly archive),modeled_medium,modeled_weather_context,1,d4d96f43d7e734ba26b0bdefe7d2d3e6ec0096e36dc05af4008d5fc7acfe69fd
asset_indy_nxt_2026_6869_results,media,series_indy_nxt,INDY NXT,2026,event_indy_nxt_2026_5545,Grand Prix at Road America Race 1,session_indy_nxt_2026_6869,practice,Practice,track_road_america,Road America,,,,pdf,link_only,Official INDY NXT session report for Grand Prix at Road America Race 1 Practice.,link_only,media_narrative_context,1,d4d96f43d7e734ba26b0bdefe7d2d3e6ec0096e36dc05af4008d5fc7acfe69fd
asset_indy_nxt_2026_6869_section_results,media,series_indy_nxt,INDY NXT,2026,event_indy_nxt_2026_5545,Grand Prix at Road America Race 1,session_indy_nxt_2026_6869,practice,Practice,track_road_america,Road America,,,,pdf,link_only,Official INDY NXT session report for Grand Prix at Road America Race 1 Practice.,link_only,media_narrative_context,1,d4d96f43d7e734ba26b0bdefe7d2d3e6ec0096e36dc05af4008d5fc7acfe69fd
asset_indy_nxt_2026_6869_top_section_times,media,series_indy_nxt,INDY NXT,2026,event_indy_nxt_2026_5545,Grand Prix at Road America Race 1,session_indy_nxt_2026_6869,practice,Practice,track_road_america,Road America,,,,pdf,link_only,Official INDY NXT session report for Grand Prix at Road America Race 1 Practice.,link_only,media_narrative_context,1,d4d96f43d7e734ba26b0bdefe7d2d3e6ec0096e36dc05af4008d5fc7acfe69fd
weather_indy_nxt_open_meteo_session_indy_nxt_2026_6869,weather,series_indy_nxt,INDY NXT,2026,event_indy_nxt_2026_5545,Grand Prix at Road America Race 1,session_indy_nxt_2026_6869,practice,Practice,track_road_america,Road America,,,,grid_reanalysis,dry; clear_sky,dry / clear_sky; ambient 21.6C (Open-Meteo Historical Weather API hourly archive),modeled_medium,modeled_weather_context,1,d4d96f43d7e734ba26b0bdefe7d2d3e6ec0096e36dc05af4008d5fc7acfe69fd
asset_indy_nxt_2026_6870_overall_results,media,series_indy_nxt,INDY NXT,2026,event_indy_nxt_2026_5545,Grand Prix at Road America Race 1,session_indy_nxt_2026_6870,qualifying,Qualifying - Race 1 Group 1,track_road_america,Road America,,,,pdf,link_only,Official INDY NXT session report for Grand Prix at Road America Race 1 Qualifying - Race 1 Group 1.,link_only,media_narrative_context,1,d4d96f43d7e734ba26b0bdefe7d2d3e6ec0096e36dc05af4008d5fc7acfe69fd
asset_indy_nxt_2026_6870_results,media,series_indy_nxt,INDY NXT,2026,event_indy_nxt_2026_5545,Grand Prix at Road America Race 1,session_indy_nxt_2026_6870,qualifying,Qualifying - Race 1 Group 1,track_road_america,Road America,,,,pdf,link_only,Official INDY NXT session report for Grand Prix at Road America Race 1 Qualifying - Race 1 Group 1.,link_only,media_narrative_context,1,d4d96f43d7e734ba26b0bdefe7d2d3e6ec0096e36dc05af4008d5fc7acfe69fd
asset_indy_nxt_2026_6870_section_results,media,series_indy_nxt,INDY NXT,2026,event_indy_nxt_2026_5545,Grand Prix at Road America Race 1,session_indy_nxt_2026_6870,qualifying,Qualifying - Race 1 Group 1,track_road_america,Road America,,,,pdf,link_only,Official INDY NXT session report for Grand Prix at Road America Race 1 Qualifying - Race 1 Group 1.,link_only,media_narrative_context,1,d4d96f43d7e734ba26b0bdefe7d2d3e6ec0096e36dc05af4008d5fc7acfe69fd
asset_indy_nxt_2026_6870_top_section_times,media,series_indy_nxt,INDY NXT,2026,event_indy_nxt_2026_5545,Grand Prix at Road America Race 1,session_indy_nxt_2026_6870,qualifying,Qualifying - Race 1 Group 1,track_road_america,Road America,,,,pdf,link_only,Official INDY NXT session report for Grand Prix at Road America Race 1 Qualifying - Race 1 Group 1.,link_only,media_narrative_context,1,d4d96f43d7e734ba26b0bdefe7d2d3e6ec0096e36dc05af4008d5fc7acfe69fd
weather_indy_nxt_open_meteo_session_indy_nxt_2026_6870,weather,series_indy_nxt,INDY NXT,2026,event_indy_nxt_2026_5545,Grand Prix at Road America Race 1,session_indy_nxt_2026_6870,qualifying,Qualifying - Race 1 Group 1,track_road_america,Road America,,,,grid_reanalysis,dry; partly_cloudy,dry / partly_cloudy; ambient 16.7C (Open-Meteo Historical Weather API hourly archive),modeled_medium,modeled_weather_context,1,d4d96f43d7e734ba26b0bdefe7d2d3e6ec0096e36dc05af4008d5fc7acfe69fd
asset_indy_nxt_2026_6871_overall_results,media,series_indy_nxt,INDY NXT,2026,event_indy_nxt_2026_5545,Grand Prix at Road America Race 1,session_indy_nxt_2026_6871,qualifying,Qualifying - Race 1 Group 2,track_road_america,Road America,,,,pdf,link_only,Official INDY NXT session report for Grand Prix at Road America Race 1 Qualifying - Race 1 Group 2.,link_only,media_narrative_context,1,d4d96f43d7e734ba26b0bdefe7d2d3e6ec0096e36dc05af4008d5fc7acfe69fd
asset_indy_nxt_2026_6871_section_results,media,series_indy_nxt,INDY NXT,2026,event_indy_nxt_2026_5545,Grand Prix at Road America Race 1,session_indy_nxt_2026_6871,qualifying,Qualifying - Race 1 Group 2,track_road_america,Road America,,,,pdf,link_only,Official INDY NXT session report for Grand Prix at Road America Race 1 Qualifying - Race 1 Group 2.,link_only,media_narrative_context,1,d4d96f43d7e734ba26b0bdefe7d2d3e6ec0096e36dc05af4008d5fc7acfe69fd
asset_indy_nxt_2026_6871_top_section_times,media,series_indy_nxt,INDY NXT,2026,event_indy_nxt_2026_5545,Grand Prix at Road America Race 1,session_indy_nxt_2026_6871,qualifying,Qualifying - Race 1 Group 2,track_road_america,Road America,,,,pdf,link_only,Official INDY NXT session report for Grand Prix at Road America Race 1 Qualifying - Race 1 Group 2.,link_only,media_narrative_context,1,d4d96f43d7e734ba26b0bdefe7d2d3e6ec0096e36dc05af4008d5fc7acfe69fd
weather_indy_nxt_open_meteo_session_indy_nxt_2026_6871,weather,series_indy_nxt,INDY NXT,2026,event_indy_nxt_2026_5545,Grand Prix at Road America Race 1,session_indy_nxt_2026_6871,qualifying,Qualifying - Race 1 Group 2,track_road_america,Road America,,,,grid_reanalysis,dry; partly_cloudy,dry / partly_cloudy; ambient 16.7C (Open-Meteo Historical Weather API hourly archive),modeled_medium,modeled_weather_context,1,d4d96f43d7e734ba26b0bdefe7d2d3e6ec0096e36dc05af4008d5fc7acfe69fd
asset_indy_nxt_2026_6872_overall_results,media,series_indy_nxt,INDY NXT,2026,event_indy_nxt_2026_5545,Grand Prix at Road America Race 1,session_indy_nxt_2026_6872,qualifying,Combined Qualifying - Race 1,track_road_america,Road America,,,,pdf,link_only,Official INDY NXT session report for Grand Prix at Road America Race 1 Combined Qualifying - Race 1.,link_only,media_narrative_context,1,d4d96f43d7e734ba26b0bdefe7d2d3e6ec0096e36dc05af4008d5fc7acfe69fd
asset_indy_nxt_2026_6872_results,media,series_indy_nxt,INDY NXT,2026,event_indy_nxt_2026_5545,Grand Prix at Road America Race 1,session_indy_nxt_2026_6872,qualifying,Combined Qualifying - Race 1,track_road_america,Road America,,,,pdf,link_only,Official INDY NXT session report for Grand Prix at Road America Race 1 Combined Qualifying - Race 1.,link_only,media_narrative_context,1,d4d96f43d7e734ba26b0bdefe7d2d3e6ec0096e36dc05af4008d5fc7acfe69fd
weather_indy_nxt_open_meteo_session_indy_nxt_2026_6872,weather,series_indy_nxt,INDY NXT,2026,event_indy_nxt_2026_5545,Grand Prix at Road America Race 1,session_indy_nxt_2026_6872,qualifying,Combined Qualifying - Race 1,track_road_america,Road America,,,,grid_reanalysis,wet; light_drizzle,wet / light_drizzle; ambient 17.6C (Open-Meteo Historical Weather API hourly archive),modeled_medium,modeled_weather_context,1,d4d96f43d7e734ba26b0bdefe7d2d3e6ec0096e36dc05af4008d5fc7acfe69fd
incident_indy_nxt_caution_2026_6754_1,incident,series_indy_nxt,INDY NXT,2026,event_indy_nxt_2026_5537,Grand Prix at Road America Race 2,session_indy_nxt_2026_6754,race,Race,track_road_america,Road America,driver_james_roe,James Roe,6,caution_off_course,caution_laps_6_to_6_duration_1,Official caution 1 ran from lap 6 to lap 6 for Off Course: Car 8 in Turn 13.,official,official_incident_context,1,d4d96f43d7e734ba26b0bdefe7d2d3e6ec0096e36dc05af4008d5fc7acfe69fd
incident_indy_nxt_caution_2026_6754_2,incident,series_indy_nxt,INDY NXT,2026,event_indy_nxt_2026_5537,Grand Prix at Road America Race 2,session_indy_nxt_2026_6754,race,Race,track_road_america,Road America,driver_colin_kaminsky,Colin Kaminsky,15,caution_contact,caution_laps_15_to_16_duration_2,Official caution 2 ran from lap 15 to lap 16 for Contact: Car 57 in Turn 1.,official,official_incident_context,1,d4d96f43d7e734ba26b0bdefe7d2d3e6ec0096e36dc05af4008d5fc7acfe69fd
penalty_indy_nxt_2026_6754_car_14_lap_18_disqualification,penalty,series_indy_nxt,INDY NXT,2026,event_indy_nxt_2026_5537,Grand Prix at Road America Race 2,session_indy_nxt_2026_6754,race,Race,track_road_america,Road America,driver_alessandro_de_tullio,Alessandro de Tullio,18,disqualification,disqualification,disqualification: Rules 15.1.3 and 15.1.12.1,official,official_penalty_context,1,d4d96f43d7e734ba26b0bdefe7d2d3e6ec0096e36dc05af4008d5fc7acfe69fd
penalty_indy_nxt_2026_6754_car_4_lap_18_disqualification,penalty,series_indy_nxt,INDY NXT,2026,event_indy_nxt_2026_5537,Grand Prix at Road America Race 2,session_indy_nxt_2026_6754,race,Race,track_road_america,Road America,driver_nicholas_monteiro,Nicholas Monteiro,18,disqualification,disqualification,disqualification: Rules 15.1.3 and 15.1.12.2,official,official_penalty_context,1,d4d96f43d7e734ba26b0bdefe7d2d3e6ec0096e36dc05af4008d5fc7acfe69fd
incident_indy_nxt_status_2026_6754_driver_colin_kaminsky,incident,series_indy_nxt,INDY NXT,2026,event_indy_nxt_2026_5537,Grand Prix at Road America Race 2,session_indy_nxt_2026_6754,race,Race,track_road_america,Road America,driver_colin_kaminsky,Colin Kaminsky,,contact,finish_position_21_laps_14,"Official INDY NXT result status reported ""Contact"" for Colin Kaminsky.",official,official_incident_context,1,d4d96f43d7e734ba26b0bdefe7d2d3e6ec0096e36dc05af4008d5fc7acfe69fd
asset_indy_nxt_2026_6754_event_summary,media,series_indy_nxt,INDY NXT,2026,event_indy_nxt_2026_5537,Grand Prix at Road America Race 2,session_indy_nxt_2026_6754,race,Race,track_road_america,Road America,,,,pdf,link_only,Official INDY NXT session report for Grand Prix at Road America Race 2 Race.,link_only,media_narrative_context,1,d4d96f43d7e734ba26b0bdefe7d2d3e6ec0096e36dc05af4008d5fc7acfe69fd
asset_indy_nxt_2026_6754_lap_chart,media,series_indy_nxt,INDY NXT,2026,event_indy_nxt_2026_5537,Grand Prix at Road America Race 2,session_indy_nxt_2026_6754,race,Race,track_road_america,Road America,,,,pdf,link_only,Official INDY NXT session report for Grand Prix at Road America Race 2 Race.,link_only,media_narrative_context,1,d4d96f43d7e734ba26b0bdefe7d2d3e6ec0096e36dc05af4008d5fc7acfe69fd
asset_indy_nxt_2026_6754_results,media,series_indy_nxt,INDY NXT,2026,event_indy_nxt_2026_5537,Grand Prix at Road America Race 2,session_indy_nxt_2026_6754,race,Race,track_road_america,Road America,,,,pdf,link_only,Official INDY NXT session report for Grand Prix at Road America Race 2 Race.,link_only,media_narrative_context,1,d4d96f43d7e734ba26b0bdefe7d2d3e6ec0096e36dc05af4008d5fc7acfe69fd
asset_indy_nxt_2026_6754_section_results,media,series_indy_nxt,INDY NXT,2026,event_indy_nxt_2026_5537,Grand Prix at Road America Race 2,session_indy_nxt_2026_6754,race,Race,track_road_america,Road America,,,,pdf,link_only,Official INDY NXT session report for Grand Prix at Road America Race 2 Race.,link_only,media_narrative_context,1,d4d96f43d7e734ba26b0bdefe7d2d3e6ec0096e36dc05af4008d5fc7acfe69fd
asset_indy_nxt_2026_6754_top_section_times,media,series_indy_nxt,INDY NXT,2026,event_indy_nxt_2026_5537,Grand Prix at Road America Race 2,session_indy_nxt_2026_6754,race,Race,track_road_america,Road America,,,,pdf,link_only,Official INDY NXT session report for Grand Prix at Road America Race 2 Race.,link_only,media_narrative_context,1,d4d96f43d7e734ba26b0bdefe7d2d3e6ec0096e36dc05af4008d5fc7acfe69fd
racecraft_indy_nxt_2026_6754_most_improved_driver_tymek_kucharczyk,racecraft,series_indy_nxt,INDY NXT,2026,event_indy_nxt_2026_5537,Grand Prix at Road America Race 2,session_indy_nxt_2026_6754,race,Race,track_road_america,Road America,driver_tymek_kucharczyk,Tymek Kucharczyk,,start_gain,P16 to P2,"Kucharczyk, Tymek was listed as Most Improved in the official Event Summary, improving 14 positions from P16 to P2.",official,official_racecraft_context,1,d4d96f43d7e734ba26b0bdefe7d2d3e6ec0096e36dc05af4008d5fc7acfe69fd
weather_indy_nxt_open_meteo_session_indy_nxt_2026_6754,weather,series_indy_nxt,INDY NXT,2026,event_indy_nxt_2026_5537,Grand Prix at Road America Race 2,session_indy_nxt_2026_6754,race,Race,track_road_america,Road America,,,,grid_reanalysis,dry; overcast,dry / overcast; ambient 21.6C (Open-Meteo Historical Weather API hourly archive),modeled_medium,modeled_weather_context,1,d4d96f43d7e734ba26b0bdefe7d2d3e6ec0096e36dc05af4008d5fc7acfe69fd
asset_indy_nxt_2026_6873_overall_results,media,series_indy_nxt,INDY NXT,2026,event_indy_nxt_2026_5537,Grand Prix at Road America Race 2,session_indy_nxt_2026_6873,qualifying,Qualifying - Race 2 Group 1,track_road_america,Road America,,,,pdf,link_only,Official INDY NXT session report for Grand Prix at Road America Race 2 Qualifying - Race 2 Group 1.,link_only,media_narrative_context,1,d4d96f43d7e734ba26b0bdefe7d2d3e6ec0096e36dc05af4008d5fc7acfe69fd
asset_indy_nxt_2026_6873_results,media,series_indy_nxt,INDY NXT,2026,event_indy_nxt_2026_5537,Grand Prix at Road America Race 2,session_indy_nxt_2026_6873,qualifying,Qualifying - Race 2 Group 1,track_road_america,Road America,,,,pdf,link_only,Official INDY NXT session report for Grand Prix at Road America Race 2 Qualifying - Race 2 Group 1.,link_only,media_narrative_context,1,d4d96f43d7e734ba26b0bdefe7d2d3e6ec0096e36dc05af4008d5fc7acfe69fd
asset_indy_nxt_2026_6873_section_results,media,series_indy_nxt,INDY NXT,2026,event_indy_nxt_2026_5537,Grand Prix at Road America Race 2,session_indy_nxt_2026_6873,qualifying,Qualifying - Race 2 Group 1,track_road_america,Road America,,,,pdf,link_only,Official INDY NXT session report for Grand Prix at Road America Race 2 Qualifying - Race 2 Group 1.,link_only,media_narrative_context,1,d4d96f43d7e734ba26b0bdefe7d2d3e6ec0096e36dc05af4008d5fc7acfe69fd
asset_indy_nxt_2026_6873_top_section_times,media,series_indy_nxt,INDY NXT,2026,event_indy_nxt_2026_5537,Grand Prix at Road America Race 2,session_indy_nxt_2026_6873,qualifying,Qualifying - Race 2 Group 1,track_road_america,Road America,,,,pdf,link_only,Official INDY NXT session report for Grand Prix at Road America Race 2 Qualifying - Race 2 Group 1.,link_only,media_narrative_context,1,d4d96f43d7e734ba26b0bdefe7d2d3e6ec0096e36dc05af4008d5fc7acfe69fd
weather_indy_nxt_open_meteo_session_indy_nxt_2026_6873,weather,series_indy_nxt,INDY NXT,2026,event_indy_nxt_2026_5537,Grand Prix at Road America Race 2,session_indy_nxt_2026_6873,qualifying,Qualifying - Race 2 Group 1,track_road_america,Road America,,,,grid_reanalysis,dry; partly_cloudy,dry / partly_cloudy; ambient 16.7C (Open-Meteo Historical Weather API hourly archive),modeled_medium,modeled_weather_context,1,d4d96f43d7e734ba26b0bdefe7d2d3e6ec0096e36dc05af4008d5fc7acfe69fd
asset_indy_nxt_2026_6874_overall_results,media,series_indy_nxt,INDY NXT,2026,event_indy_nxt_2026_5537,Grand Prix at Road America Race 2,session_indy_nxt_2026_6874,qualifying,Qualifying - Race 2 Group 2,track_road_america,Road America,,,,pdf,link_only,Official INDY NXT session report for Grand Prix at Road America Race 2 Qualifying - Race 2 Group 2.,link_only,media_narrative_context,1,d4d96f43d7e734ba26b0bdefe7d2d3e6ec0096e36dc05af4008d5fc7acfe69fd
asset_indy_nxt_2026_6874_results,media,series_indy_nxt,INDY NXT,2026,event_indy_nxt_2026_5537,Grand Prix at Road America Race 2,session_indy_nxt_2026_6874,qualifying,Qualifying - Race 2 Group 2,track_road_america,Road America,,,,pdf,link_only,Official INDY NXT session report for Grand Prix at Road America Race 2 Qualifying - Race 2 Group 2.,link_only,media_narrative_context,1,d4d96f43d7e734ba26b0bdefe7d2d3e6ec0096e36dc05af4008d5fc7acfe69fd
asset_indy_nxt_2026_6874_section_results,media,series_indy_nxt,INDY NXT,2026,event_indy_nxt_2026_5537,Grand Prix at Road America Race 2,session_indy_nxt_2026_6874,qualifying,Qualifying - Race 2 Group 2,track_road_america,Road America,,,,pdf,link_only,Official INDY NXT session report for Grand Prix at Road America Race 2 Qualifying - Race 2 Group 2.,link_only,media_narrative_context,1,d4d96f43d7e734ba26b0bdefe7d2d3e6ec0096e36dc05af4008d5fc7acfe69fd
asset_indy_nxt_2026_6874_top_section_times,media,series_indy_nxt,INDY NXT,2026,event_indy_nxt_2026_5537,Grand Prix at Road America Race 2,session_indy_nxt_2026_6874,qualifying,Qualifying - Race 2 Group 2,track_road_america,Road America,,,,pdf,link_only,Official INDY NXT session report for Grand Prix at Road America Race 2 Qualifying - Race 2 Group 2.,link_only,media_narrative_context,1,d4d96f43d7e734ba26b0bdefe7d2d3e6ec0096e36dc05af4008d5fc7acfe69fd
weather_indy_nxt_open_meteo_session_indy_nxt_2026_6874,weather,series_indy_nxt,INDY NXT,2026,event_indy_nxt_2026_5537,Grand Prix at Road America Race 2,session_indy_nxt_2026_6874,qualifying,Qualifying - Race 2 Group 2,track_road_america,Road America,,,,grid_reanalysis,dry; partly_cloudy,dry / partly_cloudy; ambient 16.7C (Open-Meteo Historical Weather API hourly archive),modeled_medium,modeled_weather_context,1,d4d96f43d7e734ba26b0bdefe7d2d3e6ec0096e36dc05af4008d5fc7acfe69fd
asset_indy_nxt_2026_6875_overall_results,media,series_indy_nxt,INDY NXT,2026,event_indy_nxt_2026_5537,Grand Prix at Road America Race 2,session_indy_nxt_2026_6875,qualifying,Combined Qualifying - Race 2,track_road_america,Road America,,,,pdf,link_only,Official INDY NXT session report for Grand Prix at Road America Race 2 Combined Qualifying - Race 2.,link_only,media_narrative_context,1,d4d96f43d7e734ba26b0bdefe7d2d3e6ec0096e36dc05af4008d5fc7acfe69fd
asset_indy_nxt_2026_6875_results,media,series_indy_nxt,INDY NXT,2026,event_indy_nxt_2026_5537,Grand Prix at Road America Race 2,session_indy_nxt_2026_6875,qualifying,Combined Qualifying - Race 2,track_road_america,Road America,,,,pdf,link_only,Official INDY NXT session report for Grand Prix at Road America Race 2 Combined Qualifying - Race 2.,link_only,media_narrative_context,1,d4d96f43d7e734ba26b0bdefe7d2d3e6ec0096e36dc05af4008d5fc7acfe69fd
weather_indy_nxt_open_meteo_session_indy_nxt_2026_6875,weather,series_indy_nxt,INDY NXT,2026,event_indy_nxt_2026_5537,Grand Prix at Road America Race 2,session_indy_nxt_2026_6875,qualifying,Combined Qualifying - Race 2,track_road_america,Road America,,,,grid_reanalysis,wet; light_drizzle,wet / light_drizzle; ambient 17.6C (Open-Meteo Historical Weather API hourly archive),modeled_medium,modeled_weather_context,1,d4d96f43d7e734ba26b0bdefe7d2d3e6ec0096e36dc05af4008d5fc7acfe69fd
incident_indy_nxt_caution_2026_6750_1,incident,series_indy_nxt,INDY NXT,2026,event_indy_nxt_2026_5533,Grand Prix of Alabama Race 1,session_indy_nxt_2026_6750,race,Race,track_barber_motorsports_park,Barber Motorsports Park,,,1,caution_contact,caution_laps_1_to_3_duration_3,"Official caution 1 ran from lap 1 to lap 3 for Contact: Cars 17, 27 and 29 in Turn 6.",official,official_incident_context,1,d4d96f43d7e734ba26b0bdefe7d2d3e6ec0096e36dc05af4008d5fc7acfe69fd
penalty_indy_nxt_2026_6750_car_27_lap_5_stop_and_hold,penalty,series_indy_nxt,INDY NXT,2026,event_indy_nxt_2026_5533,Grand Prix of Alabama Race 1,session_indy_nxt_2026_6750,race,Race,track_barber_motorsports_park,Barber Motorsports Park,driver_seb_murray,Seb Murray,5,stop_and_hold,timeImpactSeconds=30,stop_and_hold: Avoidable Contact,official,official_penalty_context,1,d4d96f43d7e734ba26b0bdefe7d2d3e6ec0096e36dc05af4008d5fc7acfe69fd
incident_indy_nxt_caution_2026_6750_2,incident,series_indy_nxt,INDY NXT,2026,event_indy_nxt_2026_5533,Grand Prix of Alabama Race 1,session_indy_nxt_2026_6750,race,Race,track_barber_motorsports_park,Barber Motorsports Park,,,28,caution_contact,caution_laps_28_to_29_duration_2,Official caution 2 ran from lap 28 to lap 29 for Contact: Cars 14 and 28 in Turn 16.,official,official_incident_context,1,d4d96f43d7e734ba26b0bdefe7d2d3e6ec0096e36dc05af4008d5fc7acfe69fd
penalty_indy_nxt_2026_6750_car_28_lap_31_stop_and_hold,penalty,series_indy_nxt,INDY NXT,2026,event_indy_nxt_2026_5533,Grand Prix of Alabama Race 1,session_indy_nxt_2026_6750,race,Race,track_barber_motorsports_park,Barber Motorsports Park,driver_max_taylor,Max Taylor,31,stop_and_hold,timeImpactSeconds=30,stop_and_hold: Avoidable Contact,official,official_penalty_context,1,d4d96f43d7e734ba26b0bdefe7d2d3e6ec0096e36dc05af4008d5fc7acfe69fd
incident_indy_nxt_status_2026_6750_driver_josh_pierson,incident,series_indy_nxt,INDY NXT,2026,event_indy_nxt_2026_5533,Grand Prix of Alabama Race 1,session_indy_nxt_2026_6750,race,Race,track_barber_motorsports_park,Barber Motorsports Park,driver_josh_pierson,Josh Pierson,,contact,finish_position_24_laps_0,"Official INDY NXT result status reported ""Contact"" for Josh Pierson.",official,official_incident_context,1,d4d96f43d7e734ba26b0bdefe7d2d3e6ec0096e36dc05af4008d5fc7acfe69fd
asset_indy_nxt_2026_6750_box_score,media,series_indy_nxt,INDY NXT,2026,event_indy_nxt_2026_5533,Grand Prix of Alabama Race 1,session_indy_nxt_2026_6750,race,Race,track_barber_motorsports_park,Barber Motorsports Park,,,,pdf,link_only,Official INDY NXT session report for Grand Prix of Alabama Race 1 Race.,link_only,media_narrative_context,1,d4d96f43d7e734ba26b0bdefe7d2d3e6ec0096e36dc05af4008d5fc7acfe69fd
asset_indy_nxt_2026_6750_event_summary,media,series_indy_nxt,INDY NXT,2026,event_indy_nxt_2026_5533,Grand Prix of Alabama Race 1,session_indy_nxt_2026_6750,race,Race,track_barber_motorsports_park,Barber Motorsports Park,,,,pdf,link_only,Official INDY NXT session report for Grand Prix of Alabama Race 1 Race.,link_only,media_narrative_context,1,d4d96f43d7e734ba26b0bdefe7d2d3e6ec0096e36dc05af4008d5fc7acfe69fd
asset_indy_nxt_2026_6750_lap_chart,media,series_indy_nxt,INDY NXT,2026,event_indy_nxt_2026_5533,Grand Prix of Alabama Race 1,session_indy_nxt_2026_6750,race,Race,track_barber_motorsports_park,Barber Motorsports Park,,,,pdf,link_only,Official INDY NXT session report for Grand Prix of Alabama Race 1 Race.,link_only,media_narrative_context,1,d4d96f43d7e734ba26b0bdefe7d2d3e6ec0096e36dc05af4008d5fc7acfe69fd
asset_indy_nxt_2026_6750_leader_lap_summary,media,series_indy_nxt,INDY NXT,2026,event_indy_nxt_2026_5533,Grand Prix of Alabama Race 1,session_indy_nxt_2026_6750,race,Race,track_barber_motorsports_park,Barber Motorsports Park,,,,pdf,link_only,Official INDY NXT session report for Grand Prix of Alabama Race 1 Race.,link_only,media_narrative_context,1,d4d96f43d7e734ba26b0bdefe7d2d3e6ec0096e36dc05af4008d5fc7acfe69fd
asset_indy_nxt_2026_6750_results,media,series_indy_nxt,INDY NXT,2026,event_indy_nxt_2026_5533,Grand Prix of Alabama Race 1,session_indy_nxt_2026_6750,race,Race,track_barber_motorsports_park,Barber Motorsports Park,,,,pdf,link_only,Official INDY NXT session report for Grand Prix of Alabama Race 1 Race.,link_only,media_narrative_context,1,d4d96f43d7e734ba26b0bdefe7d2d3e6ec0096e36dc05af4008d5fc7acfe69fd
asset_indy_nxt_2026_6750_section_results,media,series_indy_nxt,INDY NXT,2026,event_indy_nxt_2026_5533,Grand Prix of Alabama Race 1,session_indy_nxt_2026_6750,race,Race,track_barber_motorsports_park,Barber Motorsports Park,,,,pdf,link_only,Official INDY NXT session report for Grand Prix of Alabama Race 1 Race.,link_only,media_narrative_context,1,d4d96f43d7e734ba26b0bdefe7d2d3e6ec0096e36dc05af4008d5fc7acfe69fd
asset_indy_nxt_2026_6750_top_section_times,media,series_indy_nxt,INDY NXT,2026,event_indy_nxt_2026_5533,Grand Prix of Alabama Race 1,session_indy_nxt_2026_6750,race,Race,track_barber_motorsports_park,Barber Motorsports Park,,,,pdf,link_only,Official INDY NXT session report for Grand Prix of Alabama Race 1 Race.,link_only,media_narrative_context,1,d4d96f43d7e734ba26b0bdefe7d2d3e6ec0096e36dc05af4008d5fc7acfe69fd
racecraft_indy_nxt_2026_6750_most_improved_driver_jack_beeton,racecraft,series_indy_nxt,INDY NXT,2026,event_indy_nxt_2026_5533,Grand Prix of Alabama Race 1,session_indy_nxt_2026_6750,race,Race,track_barber_motorsports_park,Barber Motorsports Park,driver_jack_beeton,Jack Beeton,,start_gain,P17 to P9,"Beeton, Jack was listed as Most Improved in the official Event Summary, improving 8 positions from P17 to P9.",official,official_racecraft_context,1,d4d96f43d7e734ba26b0bdefe7d2d3e6ec0096e36dc05af4008d5fc7acfe69fd
weather_indy_nxt_open_meteo_session_indy_nxt_2026_6750,weather,series_indy_nxt,INDY NXT,2026,event_indy_nxt_2026_5533,Grand Prix of Alabama Race 1,session_indy_nxt_2026_6750,race,Race,track_barber_motorsports_park,Barber Motorsports Park,,,,grid_reanalysis,dry; clear_sky,dry / clear_sky; ambient 14.5C (Open-Meteo Historical Weather API hourly archive),modeled_medium,modeled_weather_context,1,d4d96f43d7e734ba26b0bdefe7d2d3e6ec0096e36dc05af4008d5fc7acfe69fd
asset_indy_nxt_2026_6804_combined_results,media,series_indy_nxt,INDY NXT,2026,event_indy_nxt_2026_5533,Grand Prix of Alabama Race 1,session_indy_nxt_2026_6804,practice,Practice,track_barber_motorsports_park,Barber Motorsports Park,,,,pdf,link_only,Official INDY NXT session report for Grand Prix of Alabama Race 1 Practice.,link_only,media_narrative_context,1,d4d96f43d7e734ba26b0bdefe7d2d3e6ec0096e36dc05af4008d5fc7acfe69fd
asset_indy_nxt_2026_6804_results,media,series_indy_nxt,INDY NXT,2026,event_indy_nxt_2026_5533,Grand Prix of Alabama Race 1,session_indy_nxt_2026_6804,practice,Practice,track_barber_motorsports_park,Barber Motorsports Park,,,,pdf,link_only,Official INDY NXT session report for Grand Prix of Alabama Race 1 Practice.,link_only,media_narrative_context,1,d4d96f43d7e734ba26b0bdefe7d2d3e6ec0096e36dc05af4008d5fc7acfe69fd
asset_indy_nxt_2026_6804_section_results,media,series_indy_nxt,INDY NXT,2026,event_indy_nxt_2026_5533,Grand Prix of Alabama Race 1,session_indy_nxt_2026_6804,practice,Practice,track_barber_motorsports_park,Barber Motorsports Park,,,,pdf,link_only,Official INDY NXT session report for Grand Prix of Alabama Race 1 Practice.,link_only,media_narrative_context,1,d4d96f43d7e734ba26b0bdefe7d2d3e6ec0096e36dc05af4008d5fc7acfe69fd
asset_indy_nxt_2026_6804_top_section_times,media,series_indy_nxt,INDY NXT,2026,event_indy_nxt_2026_5533,Grand Prix of Alabama Race 1,session_indy_nxt_2026_6804,practice,Practice,track_barber_motorsports_park,Barber Motorsports Park,,,,pdf,link_only,Official INDY NXT session report for Grand Prix of Alabama Race 1 Practice.,link_only,media_narrative_context,1,d4d96f43d7e734ba26b0bdefe7d2d3e6ec0096e36dc05af4008d5fc7acfe69fd
weather_indy_nxt_open_meteo_session_indy_nxt_2026_6804,weather,series_indy_nxt,INDY NXT,2026,event_indy_nxt_2026_5533,Grand Prix of Alabama Race 1,session_indy_nxt_2026_6804,practice,Practice,track_barber_motorsports_park,Barber Motorsports Park,,,,grid_reanalysis,dry; partly_cloudy,dry / partly_cloudy; ambient 26C (Open-Meteo Historical Weather API hourly archive),modeled_medium,modeled_weather_context,1,d4d96f43d7e734ba26b0bdefe7d2d3e6ec0096e36dc05af4008d5fc7acfe69fd
asset_indy_nxt_2026_6805_overall_results,media,series_indy_nxt,INDY NXT,2026,event_indy_nxt_2026_5533,Grand Prix of Alabama Race 1,session_indy_nxt_2026_6805,qualifying,Qualifying - Race 1 Group 1,track_barber_motorsports_park,Barber Motorsports Park,,,,pdf,link_only,Official INDY NXT session report for Grand Prix of Alabama Race 1 Qualifying - Race 1 Group 1.,link_only,media_narrative_context,1,d4d96f43d7e734ba26b0bdefe7d2d3e6ec0096e36dc05af4008d5fc7acfe69fd
asset_indy_nxt_2026_6805_results,media,series_indy_nxt,INDY NXT,2026,event_indy_nxt_2026_5533,Grand Prix of Alabama Race 1,session_indy_nxt_2026_6805,qualifying,Qualifying - Race 1 Group 1,track_barber_motorsports_park,Barber Motorsports Park,,,,pdf,link_only,Official INDY NXT session report for Grand Prix of Alabama Race 1 Qualifying - Race 1 Group 1.,link_only,media_narrative_context,1,d4d96f43d7e734ba26b0bdefe7d2d3e6ec0096e36dc05af4008d5fc7acfe69fd
asset_indy_nxt_2026_6805_section_results,media,series_indy_nxt,INDY NXT,2026,event_indy_nxt_2026_5533,Grand Prix of Alabama Race 1,session_indy_nxt_2026_6805,qualifying,Qualifying - Race 1 Group 1,track_barber_motorsports_park,Barber Motorsports Park,,,,pdf,link_only,Official INDY NXT session report for Grand Prix of Alabama Race 1 Qualifying - Race 1 Group 1.,link_only,media_narrative_context,1,d4d96f43d7e734ba26b0bdefe7d2d3e6ec0096e36dc05af4008d5fc7acfe69fd
asset_indy_nxt_2026_6805_top_section_times,media,series_indy_nxt,INDY NXT,2026,event_indy_nxt_2026_5533,Grand Prix of Alabama Race 1,session_indy_nxt_2026_6805,qualifying,Qualifying - Race 1 Group 1,track_barber_motorsports_park,Barber Motorsports Park,,,,pdf,link_only,Official INDY NXT session report for Grand Prix of Alabama Race 1 Qualifying - Race 1 Group 1.,link_only,media_narrative_context,1,d4d96f43d7e734ba26b0bdefe7d2d3e6ec0096e36dc05af4008d5fc7acfe69fd
asset_indy_nxt_2026_6806_overall_results,media,series_indy_nxt,INDY NXT,2026,event_indy_nxt_2026_5533,Grand Prix of Alabama Race 1,session_indy_nxt_2026_6806,qualifying,Qualifying - Race 1 Group 2,track_barber_motorsports_park,Barber Motorsports Park,,,,pdf,link_only,Official INDY NXT session report for Grand Prix of Alabama Race 1 Qualifying - Race 1 Group 2.,link_only,media_narrative_context,1,d4d96f43d7e734ba26b0bdefe7d2d3e6ec0096e36dc05af4008d5fc7acfe69fd
asset_indy_nxt_2026_6806_results,media,series_indy_nxt,INDY NXT,2026,event_indy_nxt_2026_5533,Grand Prix of Alabama Race 1,session_indy_nxt_2026_6806,qualifying,Qualifying - Race 1 Group 2,track_barber_motorsports_park,Barber Motorsports Park,,,,pdf,link_only,Official INDY NXT session report for Grand Prix of Alabama Race 1 Qualifying - Race 1 Group 2.,link_only,media_narrative_context,1,d4d96f43d7e734ba26b0bdefe7d2d3e6ec0096e36dc05af4008d5fc7acfe69fd
asset_indy_nxt_2026_6806_section_results,media,series_indy_nxt,INDY NXT,2026,event_indy_nxt_2026_5533,Grand Prix of Alabama Race 1,session_indy_nxt_2026_6806,qualifying,Qualifying - Race 1 Group 2,track_barber_motorsports_park,Barber Motorsports Park,,,,pdf,link_only,Official INDY NXT session report for Grand Prix of Alabama Race 1 Qualifying - Race 1 Group 2.,link_only,media_narrative_context,1,d4d96f43d7e734ba26b0bdefe7d2d3e6ec0096e36dc05af4008d5fc7acfe69fd
asset_indy_nxt_2026_6806_top_section_times,media,series_indy_nxt,INDY NXT,2026,event_indy_nxt_2026_5533,Grand Prix of Alabama Race 1,session_indy_nxt_2026_6806,qualifying,Qualifying - Race 1 Group 2,track_barber_motorsports_park,Barber Motorsports Park,,,,pdf,link_only,Official INDY NXT session report for Grand Prix of Alabama Race 1 Qualifying - Race 1 Group 2.,link_only,media_narrative_context,1,d4d96f43d7e734ba26b0bdefe7d2d3e6ec0096e36dc05af4008d5fc7acfe69fd
asset_indy_nxt_2026_6807_overall_results,media,series_indy_nxt,INDY NXT,2026,event_indy_nxt_2026_5533,Grand Prix of Alabama Race 1,session_indy_nxt_2026_6807,qualifying,Combined Qualifying - Race 1,track_barber_motorsports_park,Barber Motorsports Park,,,,pdf,link_only,Official INDY NXT session report for Grand Prix of Alabama Race 1 Combined Qualifying - Race 1.,link_only,media_narrative_context,1,d4d96f43d7e734ba26b0bdefe7d2d3e6ec0096e36dc05af4008d5fc7acfe69fd
asset_indy_nxt_2026_6807_results,media,series_indy_nxt,INDY NXT,2026,event_indy_nxt_2026_5533,Grand Prix of Alabama Race 1,session_indy_nxt_2026_6807,qualifying,Combined Qualifying - Race 1,track_barber_motorsports_park,Barber Motorsports Park,,,,pdf,link_only,Official INDY NXT session report for Grand Prix of Alabama Race 1 Combined Qualifying - Race 1.,link_only,media_narrative_context,1,d4d96f43d7e734ba26b0bdefe7d2d3e6ec0096e36dc05af4008d5fc7acfe69fd
penalty_indy_nxt_2026_6752_car_99_lap_3_stop_and_hold,penalty,series_indy_nxt,INDY NXT,2026,event_indy_nxt_2026_5535,Grand Prix of Alabama Race 2,session_indy_nxt_2026_6752,race,Race,track_barber_motorsports_park,Barber Motorsports Park,driver_myles_rowe,Myles Rowe,3,stop_and_hold,timeImpactSeconds=30,stop_and_hold: Avoidable Contact,official,official_penalty_context,1,d4d96f43d7e734ba26b0bdefe7d2d3e6ec0096e36dc05af4008d5fc7acfe69fd
penalty_indy_nxt_2026_6752_car_29_lap_26_yield_positions,penalty,series_indy_nxt,INDY NXT,2026,event_indy_nxt_2026_5535,Grand Prix of Alabama Race 2,session_indy_nxt_2026_6752,race,Race,track_barber_motorsports_park,Barber Motorsports Park,driver_josh_pierson,Josh Pierson,26,yield_positions,positionImpact=-3,yield_positions: Avoidable Contact,official,official_penalty_context,1,d4d96f43d7e734ba26b0bdefe7d2d3e6ec0096e36dc05af4008d5fc7acfe69fd
asset_indy_nxt_2026_6752_event_summary,media,series_indy_nxt,INDY NXT,2026,event_indy_nxt_2026_5535,Grand Prix of Alabama Race 2,session_indy_nxt_2026_6752,race,Race,track_barber_motorsports_park,Barber Motorsports Park,,,,pdf,link_only,Official INDY NXT session report for Grand Prix of Alabama Race 2 Race.,link_only,media_narrative_context,1,d4d96f43d7e734ba26b0bdefe7d2d3e6ec0096e36dc05af4008d5fc7acfe69fd
asset_indy_nxt_2026_6752_lap_chart,media,series_indy_nxt,INDY NXT,2026,event_indy_nxt_2026_5535,Grand Prix of Alabama Race 2,session_indy_nxt_2026_6752,race,Race,track_barber_motorsports_park,Barber Motorsports Park,,,,pdf,link_only,Official INDY NXT session report for Grand Prix of Alabama Race 2 Race.,link_only,media_narrative_context,1,d4d96f43d7e734ba26b0bdefe7d2d3e6ec0096e36dc05af4008d5fc7acfe69fd
asset_indy_nxt_2026_6752_leader_lap_summary,media,series_indy_nxt,INDY NXT,2026,event_indy_nxt_2026_5535,Grand Prix of Alabama Race 2,session_indy_nxt_2026_6752,race,Race,track_barber_motorsports_park,Barber Motorsports Park,,,,pdf,link_only,Official INDY NXT session report for Grand Prix of Alabama Race 2 Race.,link_only,media_narrative_context,1,d4d96f43d7e734ba26b0bdefe7d2d3e6ec0096e36dc05af4008d5fc7acfe69fd
asset_indy_nxt_2026_6752_results,media,series_indy_nxt,INDY NXT,2026,event_indy_nxt_2026_5535,Grand Prix of Alabama Race 2,session_indy_nxt_2026_6752,race,Race,track_barber_motorsports_park,Barber Motorsports Park,,,,pdf,link_only,Official INDY NXT session report for Grand Prix of Alabama Race 2 Race.,link_only,media_narrative_context,1,d4d96f43d7e734ba26b0bdefe7d2d3e6ec0096e36dc05af4008d5fc7acfe69fd
asset_indy_nxt_2026_6752_section_results,media,series_indy_nxt,INDY NXT,2026,event_indy_nxt_2026_5535,Grand Prix of Alabama Race 2,session_indy_nxt_2026_6752,race,Race,track_barber_motorsports_park,Barber Motorsports Park,,,,pdf,link_only,Official INDY NXT session report for Grand Prix of Alabama Race 2 Race.,link_only,media_narrative_context,1,d4d96f43d7e734ba26b0bdefe7d2d3e6ec0096e36dc05af4008d5fc7acfe69fd
asset_indy_nxt_2026_6752_top_section_times,media,series_indy_nxt,INDY NXT,2026,event_indy_nxt_2026_5535,Grand Prix of Alabama Race 2,session_indy_nxt_2026_6752,race,Race,track_barber_motorsports_park,Barber Motorsports Park,,,,pdf,link_only,Official INDY NXT session report for Grand Prix of Alabama Race 2 Race.,link_only,media_narrative_context,1,d4d96f43d7e734ba26b0bdefe7d2d3e6ec0096e36dc05af4008d5fc7acfe69fd
racecraft_indy_nxt_2026_6752_most_improved_driver_jack_beeton,racecraft,series_indy_nxt,INDY NXT,2026,event_indy_nxt_2026_5535,Grand Prix of Alabama Race 2,session_indy_nxt_2026_6752,race,Race,track_barber_motorsports_park,Barber Motorsports Park,driver_jack_beeton,Jack Beeton,,start_gain,P15 to P9,"Beeton, Jack was listed as Most Improved in the official Event Summary, improving 6 positions from P15 to P9.",official,official_racecraft_context,1,d4d96f43d7e734ba26b0bdefe7d2d3e6ec0096e36dc05af4008d5fc7acfe69fd
weather_indy_nxt_open_meteo_session_indy_nxt_2026_6752,weather,series_indy_nxt,INDY NXT,2026,event_indy_nxt_2026_5535,Grand Prix of Alabama Race 2,session_indy_nxt_2026_6752,race,Race,track_barber_motorsports_park,Barber Motorsports Park,,,,grid_reanalysis,dry; clear_sky,dry / clear_sky; ambient 14.4C (Open-Meteo Historical Weather API hourly archive),modeled_medium,modeled_weather_context,1,d4d96f43d7e734ba26b0bdefe7d2d3e6ec0096e36dc05af4008d5fc7acfe69fd
asset_indy_nxt_2026_6808_overall_results,media,series_indy_nxt,INDY NXT,2026,event_indy_nxt_2026_5535,Grand Prix of Alabama Race 2,session_indy_nxt_2026_6808,qualifying,Qualifying - Race 2 Group 1,track_barber_motorsports_park,Barber Motorsports Park,,,,pdf,link_only,Official INDY NXT session report for Grand Prix of Alabama Race 2 Qualifying - Race 2 Group 1.,link_only,media_narrative_context,1,d4d96f43d7e734ba26b0bdefe7d2d3e6ec0096e36dc05af4008d5fc7acfe69fd
asset_indy_nxt_2026_6808_results,media,series_indy_nxt,INDY NXT,2026,event_indy_nxt_2026_5535,Grand Prix of Alabama Race 2,session_indy_nxt_2026_6808,qualifying,Qualifying - Race 2 Group 1,track_barber_motorsports_park,Barber Motorsports Park,,,,pdf,link_only,Official INDY NXT session report for Grand Prix of Alabama Race 2 Qualifying - Race 2 Group 1.,link_only,media_narrative_context,1,d4d96f43d7e734ba26b0bdefe7d2d3e6ec0096e36dc05af4008d5fc7acfe69fd
asset_indy_nxt_2026_6808_section_results,media,series_indy_nxt,INDY NXT,2026,event_indy_nxt_2026_5535,Grand Prix of Alabama Race 2,session_indy_nxt_2026_6808,qualifying,Qualifying - Race 2 Group 1,track_barber_motorsports_park,Barber Motorsports Park,,,,pdf,link_only,Official INDY NXT session report for Grand Prix of Alabama Race 2 Qualifying - Race 2 Group 1.,link_only,media_narrative_context,1,d4d96f43d7e734ba26b0bdefe7d2d3e6ec0096e36dc05af4008d5fc7acfe69fd
asset_indy_nxt_2026_6808_top_section_times,media,series_indy_nxt,INDY NXT,2026,event_indy_nxt_2026_5535,Grand Prix of Alabama Race 2,session_indy_nxt_2026_6808,qualifying,Qualifying - Race 2 Group 1,track_barber_motorsports_park,Barber Motorsports Park,,,,pdf,link_only,Official INDY NXT session report for Grand Prix of Alabama Race 2 Qualifying - Race 2 Group 1.,link_only,media_narrative_context,1,d4d96f43d7e734ba26b0bdefe7d2d3e6ec0096e36dc05af4008d5fc7acfe69fd
asset_indy_nxt_2026_6809_overall_results,media,series_indy_nxt,INDY NXT,2026,event_indy_nxt_2026_5535,Grand Prix of Alabama Race 2,session_indy_nxt_2026_6809,qualifying,Qualifying - Race 2 Group 2,track_barber_motorsports_park,Barber Motorsports Park,,,,pdf,link_only,Official INDY NXT session report for Grand Prix of Alabama Race 2 Qualifying - Race 2 Group 2.,link_only,media_narrative_context,1,d4d96f43d7e734ba26b0bdefe7d2d3e6ec0096e36dc05af4008d5fc7acfe69fd
asset_indy_nxt_2026_6809_results,media,series_indy_nxt,INDY NXT,2026,event_indy_nxt_2026_5535,Grand Prix of Alabama Race 2,session_indy_nxt_2026_6809,qualifying,Qualifying - Race 2 Group 2,track_barber_motorsports_park,Barber Motorsports Park,,,,pdf,link_only,Official INDY NXT session report for Grand Prix of Alabama Race 2 Qualifying - Race 2 Group 2.,link_only,media_narrative_context,1,d4d96f43d7e734ba26b0bdefe7d2d3e6ec0096e36dc05af4008d5fc7acfe69fd
asset_indy_nxt_2026_6809_section_results,media,series_indy_nxt,INDY NXT,2026,event_indy_nxt_2026_5535,Grand Prix of Alabama Race 2,session_indy_nxt_2026_6809,qualifying,Qualifying - Race 2 Group 2,track_barber_motorsports_park,Barber Motorsports Park,,,,pdf,link_only,Official INDY NXT session report for Grand Prix of Alabama Race 2 Qualifying - Race 2 Group 2.,link_only,media_narrative_context,1,d4d96f43d7e734ba26b0bdefe7d2d3e6ec0096e36dc05af4008d5fc7acfe69fd
asset_indy_nxt_2026_6809_top_section_times,media,series_indy_nxt,INDY NXT,2026,event_indy_nxt_2026_5535,Grand Prix of Alabama Race 2,session_indy_nxt_2026_6809,qualifying,Qualifying - Race 2 Group 2,track_barber_motorsports_park,Barber Motorsports Park,,,,pdf,link_only,Official INDY NXT session report for Grand Prix of Alabama Race 2 Qualifying - Race 2 Group 2.,link_only,media_narrative_context,1,d4d96f43d7e734ba26b0bdefe7d2d3e6ec0096e36dc05af4008d5fc7acfe69fd
asset_indy_nxt_2026_6810_overall_results,media,series_indy_nxt,INDY NXT,2026,event_indy_nxt_2026_5535,Grand Prix of Alabama Race 2,session_indy_nxt_2026_6810,qualifying,Combined Qualifying - Race 2,track_barber_motorsports_park,Barber Motorsports Park,,,,pdf,link_only,Official INDY NXT session report for Grand Prix of Alabama Race 2 Combined Qualifying - Race 2.,link_only,media_narrative_context,1,d4d96f43d7e734ba26b0bdefe7d2d3e6ec0096e36dc05af4008d5fc7acfe69fd
asset_indy_nxt_2026_6810_results,media,series_indy_nxt,INDY NXT,2026,event_indy_nxt_2026_5535,Grand Prix of Alabama Race 2,session_indy_nxt_2026_6810,qualifying,Combined Qualifying - Race 2,track_barber_motorsports_park,Barber Motorsports Park,,,,pdf,link_only,Official INDY NXT session report for Grand Prix of Alabama Race 2 Combined Qualifying - Race 2.,link_only,media_narrative_context,1,d4d96f43d7e734ba26b0bdefe7d2d3e6ec0096e36dc05af4008d5fc7acfe69fd
incident_indy_nxt_caution_2026_6753_1,incident,series_indy_nxt,INDY NXT,2026,event_indy_nxt_2026_5536,Grand Prix of Arlington,session_indy_nxt_2026_6753,race,Race,track_streets_of_arlington,Streets of Arlington,driver_colin_kaminsky,Colin Kaminsky,1,caution_contact,caution_laps_1_to_4_duration_4,Official caution 1 ran from lap 1 to lap 4 for Contact: Car 57 on Back Stretech.,official,official_incident_context,1,d4d96f43d7e734ba26b0bdefe7d2d3e6ec0096e36dc05af4008d5fc7acfe69fd
penalty_indy_nxt_2026_6753_car_45_lap_3_back_of_field,penalty,series_indy_nxt,INDY NXT,2026,event_indy_nxt_2026_5536,Grand Prix of Arlington,session_indy_nxt_2026_6753,race,Race,track_streets_of_arlington,Streets of Arlington,driver_jack_beeton,Jack Beeton,3,back_of_field,back_of_field,back_of_field: Jumping Start,official,official_penalty_context,1,d4d96f43d7e734ba26b0bdefe7d2d3e6ec0096e36dc05af4008d5fc7acfe69fd
penalty_indy_nxt_2026_6753_car_45_lap_5_stop_and_hold,penalty,series_indy_nxt,INDY NXT,2026,event_indy_nxt_2026_5536,Grand Prix of Arlington,session_indy_nxt_2026_6753,race,Race,track_streets_of_arlington,Streets of Arlington,driver_jack_beeton,Jack Beeton,5,stop_and_hold,timeImpactSeconds=30,stop_and_hold: Jumping Start,official,official_penalty_context,1,d4d96f43d7e734ba26b0bdefe7d2d3e6ec0096e36dc05af4008d5fc7acfe69fd
penalty_indy_nxt_2026_6753_car_4_lap_6_drive_through,penalty,series_indy_nxt,INDY NXT,2026,event_indy_nxt_2026_5536,Grand Prix of Arlington,session_indy_nxt_2026_6753,race,Race,track_streets_of_arlington,Streets of Arlington,driver_nicholas_monteiro,Nicholas Monteiro,6,drive_through,drive_through,drive_through: Jumping Restart,official,official_penalty_context,1,d4d96f43d7e734ba26b0bdefe7d2d3e6ec0096e36dc05af4008d5fc7acfe69fd
incident_indy_nxt_caution_2026_6753_2,incident,series_indy_nxt,INDY NXT,2026,event_indy_nxt_2026_5536,Grand Prix of Arlington,session_indy_nxt_2026_6753,race,Race,track_streets_of_arlington,Streets of Arlington,driver_josh_pierson,Josh Pierson,11,caution_contact,caution_laps_11_to_11_duration_1,Official caution 2 ran from lap 11 to lap 11 for Contact: Car 29 in Turn 14.,official,official_incident_context,1,d4d96f43d7e734ba26b0bdefe7d2d3e6ec0096e36dc05af4008d5fc7acfe69fd
penalty_indy_nxt_2026_6753_car_17_lap_13_drive_through,penalty,series_indy_nxt,INDY NXT,2026,event_indy_nxt_2026_5536,Grand Prix of Arlington,session_indy_nxt_2026_6753,race,Race,track_streets_of_arlington,Streets of Arlington,driver_salvador_de_alba,Salvador de Alba,13,drive_through,drive_through,drive_through: Jumping Restart,official,official_penalty_context,1,d4d96f43d7e734ba26b0bdefe7d2d3e6ec0096e36dc05af4008d5fc7acfe69fd
incident_indy_nxt_status_2026_6753_driver_colin_kaminsky,incident,series_indy_nxt,INDY NXT,2026,event_indy_nxt_2026_5536,Grand Prix of Arlington,session_indy_nxt_2026_6753,race,Race,track_streets_of_arlington,Streets of Arlington,driver_colin_kaminsky,Colin Kaminsky,,contact,finish_position_24_laps_0,"Official INDY NXT result status reported ""Contact"" for Colin Kaminsky.",official,official_incident_context,1,d4d96f43d7e734ba26b0bdefe7d2d3e6ec0096e36dc05af4008d5fc7acfe69fd
incident_indy_nxt_status_2026_6753_driver_josh_pierson,incident,series_indy_nxt,INDY NXT,2026,event_indy_nxt_2026_5536,Grand Prix of Arlington,session_indy_nxt_2026_6753,race,Race,track_streets_of_arlington,Streets of Arlington,driver_josh_pierson,Josh Pierson,,contact,finish_position_23_laps_10,"Official INDY NXT result status reported ""Contact"" for Josh Pierson.",official,official_incident_context,1,d4d96f43d7e734ba26b0bdefe7d2d3e6ec0096e36dc05af4008d5fc7acfe69fd
asset_indy_nxt_2026_6753_box_score,media,series_indy_nxt,INDY NXT,2026,event_indy_nxt_2026_5536,Grand Prix of Arlington,session_indy_nxt_2026_6753,race,Race,track_streets_of_arlington,Streets of Arlington,,,,pdf,link_only,Official INDY NXT session report for Grand Prix of Arlington Race.,link_only,media_narrative_context,1,d4d96f43d7e734ba26b0bdefe7d2d3e6ec0096e36dc05af4008d5fc7acfe69fd
asset_indy_nxt_2026_6753_event_summary,media,series_indy_nxt,INDY NXT,2026,event_indy_nxt_2026_5536,Grand Prix of Arlington,session_indy_nxt_2026_6753,race,Race,track_streets_of_arlington,Streets of Arlington,,,,pdf,link_only,Official INDY NXT session report for Grand Prix of Arlington Race.,link_only,media_narrative_context,1,d4d96f43d7e734ba26b0bdefe7d2d3e6ec0096e36dc05af4008d5fc7acfe69fd
asset_indy_nxt_2026_6753_lap_chart,media,series_indy_nxt,INDY NXT,2026,event_indy_nxt_2026_5536,Grand Prix of Arlington,session_indy_nxt_2026_6753,race,Race,track_streets_of_arlington,Streets of Arlington,,,,pdf,link_only,Official INDY NXT session report for Grand Prix of Arlington Race.,link_only,media_narrative_context,1,d4d96f43d7e734ba26b0bdefe7d2d3e6ec0096e36dc05af4008d5fc7acfe69fd
asset_indy_nxt_2026_6753_leader_lap_summary,media,series_indy_nxt,INDY NXT,2026,event_indy_nxt_2026_5536,Grand Prix of Arlington,session_indy_nxt_2026_6753,race,Race,track_streets_of_arlington,Streets of Arlington,,,,pdf,link_only,Official INDY NXT session report for Grand Prix of Arlington Race.,link_only,media_narrative_context,1,d4d96f43d7e734ba26b0bdefe7d2d3e6ec0096e36dc05af4008d5fc7acfe69fd
asset_indy_nxt_2026_6753_results,media,series_indy_nxt,INDY NXT,2026,event_indy_nxt_2026_5536,Grand Prix of Arlington,session_indy_nxt_2026_6753,race,Race,track_streets_of_arlington,Streets of Arlington,,,,pdf,link_only,Official INDY NXT session report for Grand Prix of Arlington Race.,link_only,media_narrative_context,1,d4d96f43d7e734ba26b0bdefe7d2d3e6ec0096e36dc05af4008d5fc7acfe69fd
asset_indy_nxt_2026_6753_section_results,media,series_indy_nxt,INDY NXT,2026,event_indy_nxt_2026_5536,Grand Prix of Arlington,session_indy_nxt_2026_6753,race,Race,track_streets_of_arlington,Streets of Arlington,,,,pdf,link_only,Official INDY NXT session report for Grand Prix of Arlington Race.,link_only,media_narrative_context,1,d4d96f43d7e734ba26b0bdefe7d2d3e6ec0096e36dc05af4008d5fc7acfe69fd
asset_indy_nxt_2026_6753_top_section_times,media,series_indy_nxt,INDY NXT,2026,event_indy_nxt_2026_5536,Grand Prix of Arlington,session_indy_nxt_2026_6753,race,Race,track_streets_of_arlington,Streets of Arlington,,,,pdf,link_only,Official INDY NXT session report for Grand Prix of Arlington Race.,link_only,media_narrative_context,1,d4d96f43d7e734ba26b0bdefe7d2d3e6ec0096e36dc05af4008d5fc7acfe69fd
racecraft_indy_nxt_2026_6753_most_improved_driver_alexander_koreiba,racecraft,series_indy_nxt,INDY NXT,2026,event_indy_nxt_2026_5536,Grand Prix of Arlington,session_indy_nxt_2026_6753,race,Race,track_streets_of_arlington,Streets of Arlington,driver_alexander_koreiba,Alexander Koreiba,,start_gain,P24 to P16,"Koreiba, Alexander was listed as Most Improved in the official Event Summary, improving 8 positions from P24 to P16.",official,official_racecraft_context,1,d4d96f43d7e734ba26b0bdefe7d2d3e6ec0096e36dc05af4008d5fc7acfe69fd
weather_indy_nxt_open_meteo_session_indy_nxt_2026_6753,weather,series_indy_nxt,INDY NXT,2026,event_indy_nxt_2026_5536,Grand Prix of Arlington,session_indy_nxt_2026_6753,race,Race,track_streets_of_arlington,Streets of Arlington,,,,grid_reanalysis,dry; clear_sky,dry / clear_sky; ambient 21.7C (Open-Meteo Historical Weather API hourly archive),modeled_medium,modeled_weather_context,1,d4d96f43d7e734ba26b0bdefe7d2d3e6ec0096e36dc05af4008d5fc7acfe69fd
asset_indy_nxt_2026_6783_results,media,series_indy_nxt,INDY NXT,2026,event_indy_nxt_2026_5536,Grand Prix of Arlington,session_indy_nxt_2026_6783,practice,Practice 1,track_streets_of_arlington,Streets of Arlington,,,,pdf,link_only,Official INDY NXT session report for Grand Prix of Arlington Practice 1.,link_only,media_narrative_context,1,d4d96f43d7e734ba26b0bdefe7d2d3e6ec0096e36dc05af4008d5fc7acfe69fd
asset_indy_nxt_2026_6783_section_results,media,series_indy_nxt,INDY NXT,2026,event_indy_nxt_2026_5536,Grand Prix of Arlington,session_indy_nxt_2026_6783,practice,Practice 1,track_streets_of_arlington,Streets of Arlington,,,,pdf,link_only,Official INDY NXT session report for Grand Prix of Arlington Practice 1.,link_only,media_narrative_context,1,d4d96f43d7e734ba26b0bdefe7d2d3e6ec0096e36dc05af4008d5fc7acfe69fd
asset_indy_nxt_2026_6783_top_section_times,media,series_indy_nxt,INDY NXT,2026,event_indy_nxt_2026_5536,Grand Prix of Arlington,session_indy_nxt_2026_6783,practice,Practice 1,track_streets_of_arlington,Streets of Arlington,,,,pdf,link_only,Official INDY NXT session report for Grand Prix of Arlington Practice 1.,link_only,media_narrative_context,1,d4d96f43d7e734ba26b0bdefe7d2d3e6ec0096e36dc05af4008d5fc7acfe69fd
weather_indy_nxt_open_meteo_session_indy_nxt_2026_6783,weather,series_indy_nxt,INDY NXT,2026,event_indy_nxt_2026_5536,Grand Prix of Arlington,session_indy_nxt_2026_6783,practice,Practice 1,track_streets_of_arlington,Streets of Arlington,,,,grid_reanalysis,dry; clear_sky,dry / clear_sky; ambient 22.2C (Open-Meteo Historical Weather API hourly archive),modeled_medium,modeled_weather_context,1,d4d96f43d7e734ba26b0bdefe7d2d3e6ec0096e36dc05af4008d5fc7acfe69fd
asset_indy_nxt_2026_6784_combined_results,media,series_indy_nxt,INDY NXT,2026,event_indy_nxt_2026_5536,Grand Prix of Arlington,session_indy_nxt_2026_6784,practice,Practice 2,track_streets_of_arlington,Streets of Arlington,,,,pdf,link_only,Official INDY NXT session report for Grand Prix of Arlington Practice 2.,link_only,media_narrative_context,1,d4d96f43d7e734ba26b0bdefe7d2d3e6ec0096e36dc05af4008d5fc7acfe69fd
asset_indy_nxt_2026_6784_results,media,series_indy_nxt,INDY NXT,2026,event_indy_nxt_2026_5536,Grand Prix of Arlington,session_indy_nxt_2026_6784,practice,Practice 2,track_streets_of_arlington,Streets of Arlington,,,,pdf,link_only,Official INDY NXT session report for Grand Prix of Arlington Practice 2.,link_only,media_narrative_context,1,d4d96f43d7e734ba26b0bdefe7d2d3e6ec0096e36dc05af4008d5fc7acfe69fd
asset_indy_nxt_2026_6784_section_results,media,series_indy_nxt,INDY NXT,2026,event_indy_nxt_2026_5536,Grand Prix of Arlington,session_indy_nxt_2026_6784,practice,Practice 2,track_streets_of_arlington,Streets of Arlington,,,,pdf,link_only,Official INDY NXT session report for Grand Prix of Arlington Practice 2.,link_only,media_narrative_context,1,d4d96f43d7e734ba26b0bdefe7d2d3e6ec0096e36dc05af4008d5fc7acfe69fd
asset_indy_nxt_2026_6784_top_section_times,media,series_indy_nxt,INDY NXT,2026,event_indy_nxt_2026_5536,Grand Prix of Arlington,session_indy_nxt_2026_6784,practice,Practice 2,track_streets_of_arlington,Streets of Arlington,,,,pdf,link_only,Official INDY NXT session report for Grand Prix of Arlington Practice 2.,link_only,media_narrative_context,1,d4d96f43d7e734ba26b0bdefe7d2d3e6ec0096e36dc05af4008d5fc7acfe69fd
weather_indy_nxt_open_meteo_session_indy_nxt_2026_6784,weather,series_indy_nxt,INDY NXT,2026,event_indy_nxt_2026_5536,Grand Prix of Arlington,session_indy_nxt_2026_6784,practice,Practice 2,track_streets_of_arlington,Streets of Arlington,,,,grid_reanalysis,dry; clear_sky,dry / clear_sky; ambient 15.9C (Open-Meteo Historical Weather API hourly archive),modeled_medium,modeled_weather_context,1,d4d96f43d7e734ba26b0bdefe7d2d3e6ec0096e36dc05af4008d5fc7acfe69fd
asset_indy_nxt_2026_6785_overall_results,media,series_indy_nxt,INDY NXT,2026,event_indy_nxt_2026_5536,Grand Prix of Arlington,session_indy_nxt_2026_6785,qualifying,Qualifications - Group 1,track_streets_of_arlington,Streets of Arlington,,,,pdf,link_only,Official INDY NXT session report for Grand Prix of Arlington Qualifications - Group 1.,link_only,media_narrative_context,1,d4d96f43d7e734ba26b0bdefe7d2d3e6ec0096e36dc05af4008d5fc7acfe69fd
asset_indy_nxt_2026_6785_results,media,series_indy_nxt,INDY NXT,2026,event_indy_nxt_2026_5536,Grand Prix of Arlington,session_indy_nxt_2026_6785,qualifying,Qualifications - Group 1,track_streets_of_arlington,Streets of Arlington,,,,pdf,link_only,Official INDY NXT session report for Grand Prix of Arlington Qualifications - Group 1.,link_only,media_narrative_context,1,d4d96f43d7e734ba26b0bdefe7d2d3e6ec0096e36dc05af4008d5fc7acfe69fd
asset_indy_nxt_2026_6785_section_results,media,series_indy_nxt,INDY NXT,2026,event_indy_nxt_2026_5536,Grand Prix of Arlington,session_indy_nxt_2026_6785,qualifying,Qualifications - Group 1,track_streets_of_arlington,Streets of Arlington,,,,pdf,link_only,Official INDY NXT session report for Grand Prix of Arlington Qualifications - Group 1.,link_only,media_narrative_context,1,d4d96f43d7e734ba26b0bdefe7d2d3e6ec0096e36dc05af4008d5fc7acfe69fd
asset_indy_nxt_2026_6785_top_section_times,media,series_indy_nxt,INDY NXT,2026,event_indy_nxt_2026_5536,Grand Prix of Arlington,session_indy_nxt_2026_6785,qualifying,Qualifications - Group 1,track_streets_of_arlington,Streets of Arlington,,,,pdf,link_only,Official INDY NXT session report for Grand Prix of Arlington Qualifications - Group 1.,link_only,media_narrative_context,1,d4d96f43d7e734ba26b0bdefe7d2d3e6ec0096e36dc05af4008d5fc7acfe69fd
asset_indy_nxt_2026_6786_overall_results,media,series_indy_nxt,INDY NXT,2026,event_indy_nxt_2026_5536,Grand Prix of Arlington,session_indy_nxt_2026_6786,qualifying,Qualifications - Group 2,track_streets_of_arlington,Streets of Arlington,,,,pdf,link_only,Official INDY NXT session report for Grand Prix of Arlington Qualifications - Group 2.,link_only,media_narrative_context,1,d4d96f43d7e734ba26b0bdefe7d2d3e6ec0096e36dc05af4008d5fc7acfe69fd
asset_indy_nxt_2026_6786_results,media,series_indy_nxt,INDY NXT,2026,event_indy_nxt_2026_5536,Grand Prix of Arlington,session_indy_nxt_2026_6786,qualifying,Qualifications - Group 2,track_streets_of_arlington,Streets of Arlington,,,,pdf,link_only,Official INDY NXT session report for Grand Prix of Arlington Qualifications - Group 2.,link_only,media_narrative_context,1,d4d96f43d7e734ba26b0bdefe7d2d3e6ec0096e36dc05af4008d5fc7acfe69fd
asset_indy_nxt_2026_6786_section_results,media,series_indy_nxt,INDY NXT,2026,event_indy_nxt_2026_5536,Grand Prix of Arlington,session_indy_nxt_2026_6786,qualifying,Qualifications - Group 2,track_streets_of_arlington,Streets of Arlington,,,,pdf,link_only,Official INDY NXT session report for Grand Prix of Arlington Qualifications - Group 2.,link_only,media_narrative_context,1,d4d96f43d7e734ba26b0bdefe7d2d3e6ec0096e36dc05af4008d5fc7acfe69fd
asset_indy_nxt_2026_6786_top_section_times,media,series_indy_nxt,INDY NXT,2026,event_indy_nxt_2026_5536,Grand Prix of Arlington,session_indy_nxt_2026_6786,qualifying,Qualifications - Group 2,track_streets_of_arlington,Streets of Arlington,,,,pdf,link_only,Official INDY NXT session report for Grand Prix of Arlington Qualifications - Group 2.,link_only,media_narrative_context,1,d4d96f43d7e734ba26b0bdefe7d2d3e6ec0096e36dc05af4008d5fc7acfe69fd
asset_indy_nxt_2026_6787_overall_results,media,series_indy_nxt,INDY NXT,2026,event_indy_nxt_2026_5536,Grand Prix of Arlington,session_indy_nxt_2026_6787,qualifying,Combined Qualifications,track_streets_of_arlington,Streets of Arlington,,,,pdf,link_only,Official INDY NXT session report for Grand Prix of Arlington Combined Qualifications.,link_only,media_narrative_context,1,d4d96f43d7e734ba26b0bdefe7d2d3e6ec0096e36dc05af4008d5fc7acfe69fd
penalty_indy_nxt_2026_6759_car_99_lap_2_drive_through,penalty,series_indy_nxt,INDY NXT,2026,event_indy_nxt_2026_5542,Grand Prix of Monterey Race 1,session_indy_nxt_2026_6759,race,Race,track_weathertech_raceway_laguna_seca,WeatherTech Raceway Laguna Seca,driver_myles_rowe,Myles Rowe,2,drive_through,drive_through,drive_through: Avoidable Contact,official,official_penalty_context,1,d4d96f43d7e734ba26b0bdefe7d2d3e6ec0096e36dc05af4008d5fc7acfe69fd
incident_indy_nxt_caution_2026_6759_1,incident,series_indy_nxt,INDY NXT,2026,event_indy_nxt_2026_5542,Grand Prix of Monterey Race 1,session_indy_nxt_2026_6759,race,Race,track_weathertech_raceway_laguna_seca,WeatherTech Raceway Laguna Seca,driver_carson_etter,Carson Etter,13,caution_off_course,caution_laps_13_to_14_duration_2,Official caution 1 ran from lap 13 to lap 14 for Off Course: Car 11 in Turn 9.,official,official_incident_context,1,d4d96f43d7e734ba26b0bdefe7d2d3e6ec0096e36dc05af4008d5fc7acfe69fd
incident_indy_nxt_caution_2026_6759_2,incident,series_indy_nxt,INDY NXT,2026,event_indy_nxt_2026_5542,Grand Prix of Monterey Race 1,session_indy_nxt_2026_6759,race,Race,track_weathertech_raceway_laguna_seca,WeatherTech Raceway Laguna Seca,,,17,caution_contact,caution_laps_17_to_19_duration_3,"Official caution 2 ran from lap 17 to lap 19 for Contact: Cars 4, 8, and 99 in Turn 5.",official,official_incident_context,1,d4d96f43d7e734ba26b0bdefe7d2d3e6ec0096e36dc05af4008d5fc7acfe69fd
penalty_indy_nxt_2026_6759_car_99_lap_20_pending,penalty,series_indy_nxt,INDY NXT,2026,event_indy_nxt_2026_5542,Grand Prix of Monterey Race 1,session_indy_nxt_2026_6759,race,Race,track_weathertech_raceway_laguna_seca,WeatherTech Raceway Laguna Seca,driver_myles_rowe,Myles Rowe,20,pending,pending,pending: Avoidable Contact,official,official_penalty_context,1,d4d96f43d7e734ba26b0bdefe7d2d3e6ec0096e36dc05af4008d5fc7acfe69fd
incident_indy_nxt_caution_2026_6759_3,incident,series_indy_nxt,INDY NXT,2026,event_indy_nxt_2026_5542,Grand Prix of Monterey Race 1,session_indy_nxt_2026_6759,race,Race,track_weathertech_raceway_laguna_seca,WeatherTech Raceway Laguna Seca,,,22,caution_contact,caution_laps_22_to_26_duration_5,Official caution 3 ran from lap 22 to lap 26 for Contact: Cars 27 and 57 in Turn 3.,official,official_incident_context,1,d4d96f43d7e734ba26b0bdefe7d2d3e6ec0096e36dc05af4008d5fc7acfe69fd
penalty_indy_nxt_2026_6759_car_14_lap_28_drive_through,penalty,series_indy_nxt,INDY NXT,2026,event_indy_nxt_2026_5542,Grand Prix of Monterey Race 1,session_indy_nxt_2026_6759,race,Race,track_weathertech_raceway_laguna_seca,WeatherTech Raceway Laguna Seca,driver_alessandro_de_tullio,Alessandro de Tullio,28,drive_through,drive_through,drive_through: Avoidable Contact,official,official_penalty_context,1,d4d96f43d7e734ba26b0bdefe7d2d3e6ec0096e36dc05af4008d5fc7acfe69fd
incident_indy_nxt_status_2026_6759_driver_myles_rowe,incident,series_indy_nxt,INDY NXT,2026,event_indy_nxt_2026_5542,Grand Prix of Monterey Race 1,session_indy_nxt_2026_6759,race,Race,track_weathertech_raceway_laguna_seca,WeatherTech Raceway Laguna Seca,driver_myles_rowe,Myles Rowe,,contact,finish_position_23_laps_16,"Official INDY NXT result status reported ""Contact"" for Myles Rowe.",official,official_incident_context,1,d4d96f43d7e734ba26b0bdefe7d2d3e6ec0096e36dc05af4008d5fc7acfe69fd
incident_indy_nxt_status_2026_6759_driver_nicholas_monteiro,incident,series_indy_nxt,INDY NXT,2026,event_indy_nxt_2026_5542,Grand Prix of Monterey Race 1,session_indy_nxt_2026_6759,race,Race,track_weathertech_raceway_laguna_seca,WeatherTech Raceway Laguna Seca,driver_nicholas_monteiro,Nicholas Monteiro,,contact,finish_position_24_laps_16,"Official INDY NXT result status reported ""Contact"" for Nicholas Monteiro.",official,official_incident_context,1,d4d96f43d7e734ba26b0bdefe7d2d3e6ec0096e36dc05af4008d5fc7acfe69fd
incident_indy_nxt_status_2026_6759_driver_seb_murray,incident,series_indy_nxt,INDY NXT,2026,event_indy_nxt_2026_5542,Grand Prix of Monterey Race 1,session_indy_nxt_2026_6759,race,Race,track_weathertech_raceway_laguna_seca,WeatherTech Raceway Laguna Seca,driver_seb_murray,Seb Murray,,contact,finish_position_22_laps_21,"Official INDY NXT result status reported ""Contact"" for Seb Murray.",official,official_incident_context,1,d4d96f43d7e734ba26b0bdefe7d2d3e6ec0096e36dc05af4008d5fc7acfe69fd
asset_indy_nxt_2026_6759_event_summary,media,series_indy_nxt,INDY NXT,2026,event_indy_nxt_2026_5542,Grand Prix of Monterey Race 1,session_indy_nxt_2026_6759,race,Race,track_weathertech_raceway_laguna_seca,WeatherTech Raceway Laguna Seca,,,,pdf,link_only,Official INDY NXT session report for Grand Prix of Monterey Race 1 Race.,link_only,media_narrative_context,1,d4d96f43d7e734ba26b0bdefe7d2d3e6ec0096e36dc05af4008d5fc7acfe69fd
asset_indy_nxt_2026_6759_lap_chart,media,series_indy_nxt,INDY NXT,2026,event_indy_nxt_2026_5542,Grand Prix of Monterey Race 1,session_indy_nxt_2026_6759,race,Race,track_weathertech_raceway_laguna_seca,WeatherTech Raceway Laguna Seca,,,,pdf,link_only,Official INDY NXT session report for Grand Prix of Monterey Race 1 Race.,link_only,media_narrative_context,1,d4d96f43d7e734ba26b0bdefe7d2d3e6ec0096e36dc05af4008d5fc7acfe69fd
asset_indy_nxt_2026_6759_leader_lap_summary,media,series_indy_nxt,INDY NXT,2026,event_indy_nxt_2026_5542,Grand Prix of Monterey Race 1,session_indy_nxt_2026_6759,race,Race,track_weathertech_raceway_laguna_seca,WeatherTech Raceway Laguna Seca,,,,pdf,link_only,Official INDY NXT session report for Grand Prix of Monterey Race 1 Race.,link_only,media_narrative_context,1,d4d96f43d7e734ba26b0bdefe7d2d3e6ec0096e36dc05af4008d5fc7acfe69fd
asset_indy_nxt_2026_6759_results,media,series_indy_nxt,INDY NXT,2026,event_indy_nxt_2026_5542,Grand Prix of Monterey Race 1,session_indy_nxt_2026_6759,race,Race,track_weathertech_raceway_laguna_seca,WeatherTech Raceway Laguna Seca,,,,pdf,link_only,Official INDY NXT session report for Grand Prix of Monterey Race 1 Race.,link_only,media_narrative_context,1,d4d96f43d7e734ba26b0bdefe7d2d3e6ec0096e36dc05af4008d5fc7acfe69fd
asset_indy_nxt_2026_6759_section_results,media,series_indy_nxt,INDY NXT,2026,event_indy_nxt_2026_5542,Grand Prix of Monterey Race 1,session_indy_nxt_2026_6759,race,Race,track_weathertech_raceway_laguna_seca,WeatherTech Raceway Laguna Seca,,,,pdf,link_only,Official INDY NXT session report for Grand Prix of Monterey Race 1 Race.,link_only,media_narrative_context,1,d4d96f43d7e734ba26b0bdefe7d2d3e6ec0096e36dc05af4008d5fc7acfe69fd
asset_indy_nxt_2026_6759_top_section_times,media,series_indy_nxt,INDY NXT,2026,event_indy_nxt_2026_5542,Grand Prix of Monterey Race 1,session_indy_nxt_2026_6759,race,Race,track_weathertech_raceway_laguna_seca,WeatherTech Raceway Laguna Seca,,,,pdf,link_only,Official INDY NXT session report for Grand Prix of Monterey Race 1 Race.,link_only,media_narrative_context,1,d4d96f43d7e734ba26b0bdefe7d2d3e6ec0096e36dc05af4008d5fc7acfe69fd
racecraft_indy_nxt_2026_6759_most_improved_driver_max_taylor,racecraft,series_indy_nxt,INDY NXT,2026,event_indy_nxt_2026_5542,Grand Prix of Monterey Race 1,session_indy_nxt_2026_6759,race,Race,track_weathertech_raceway_laguna_seca,WeatherTech Raceway Laguna Seca,driver_max_taylor,Max Taylor,,start_gain,P17 to P7,"Taylor, Max was listed as Most Improved in the official Event Summary, improving 10 positions from P17 to P7.",official,official_racecraft_context,1,d4d96f43d7e734ba26b0bdefe7d2d3e6ec0096e36dc05af4008d5fc7acfe69fd
weather_indy_nxt_open_meteo_session_indy_nxt_2026_6759,weather,series_indy_nxt,INDY NXT,2026,event_indy_nxt_2026_5542,Grand Prix of Monterey Race 1,session_indy_nxt_2026_6759,race,Race,track_weathertech_raceway_laguna_seca,WeatherTech Raceway Laguna Seca,,,,grid_reanalysis,dry; clear_sky,dry / clear_sky; ambient 19.2C (Open-Meteo Historical Weather API hourly archive),modeled_medium,modeled_weather_context,1,d4d96f43d7e734ba26b0bdefe7d2d3e6ec0096e36dc05af4008d5fc7acfe69fd
asset_indy_nxt_2026_6947_results,media,series_indy_nxt,INDY NXT,2026,event_indy_nxt_2026_5542,Grand Prix of Monterey Race 1,session_indy_nxt_2026_6947,practice,Practice 1,track_weathertech_raceway_laguna_seca,WeatherTech Raceway Laguna Seca,,,,pdf,link_only,Official INDY NXT session report for Grand Prix of Monterey Race 1 Practice 1.,link_only,media_narrative_context,1,d4d96f43d7e734ba26b0bdefe7d2d3e6ec0096e36dc05af4008d5fc7acfe69fd
asset_indy_nxt_2026_6947_section_results,media,series_indy_nxt,INDY NXT,2026,event_indy_nxt_2026_5542,Grand Prix of Monterey Race 1,session_indy_nxt_2026_6947,practice,Practice 1,track_weathertech_raceway_laguna_seca,WeatherTech Raceway Laguna Seca,,,,pdf,link_only,Official INDY NXT session report for Grand Prix of Monterey Race 1 Practice 1.,link_only,media_narrative_context,1,d4d96f43d7e734ba26b0bdefe7d2d3e6ec0096e36dc05af4008d5fc7acfe69fd
asset_indy_nxt_2026_6947_top_section_times,media,series_indy_nxt,INDY NXT,2026,event_indy_nxt_2026_5542,Grand Prix of Monterey Race 1,session_indy_nxt_2026_6947,practice,Practice 1,track_weathertech_raceway_laguna_seca,WeatherTech Raceway Laguna Seca,,,,pdf,link_only,Official INDY NXT session report for Grand Prix of Monterey Race 1 Practice 1.,link_only,media_narrative_context,1,d4d96f43d7e734ba26b0bdefe7d2d3e6ec0096e36dc05af4008d5fc7acfe69fd
weather_indy_nxt_open_meteo_session_indy_nxt_2026_6947,weather,series_indy_nxt,INDY NXT,2026,event_indy_nxt_2026_5542,Grand Prix of Monterey Race 1,session_indy_nxt_2026_6947,practice,Practice 1,track_weathertech_raceway_laguna_seca,WeatherTech Raceway Laguna Seca,,,,grid_reanalysis,dry; clear_sky,dry / clear_sky; ambient 21.1C (Open-Meteo Historical Weather API hourly archive),modeled_medium,modeled_weather_context,1,d4d96f43d7e734ba26b0bdefe7d2d3e6ec0096e36dc05af4008d5fc7acfe69fd
asset_indy_nxt_2026_6948_combined_results,media,series_indy_nxt,INDY NXT,2026,event_indy_nxt_2026_5542,Grand Prix of Monterey Race 1,session_indy_nxt_2026_6948,practice,Practice 2,track_weathertech_raceway_laguna_seca,WeatherTech Raceway Laguna Seca,,,,pdf,link_only,Official INDY NXT session report for Grand Prix of Monterey Race 1 Practice 2.,link_only,media_narrative_context,1,d4d96f43d7e734ba26b0bdefe7d2d3e6ec0096e36dc05af4008d5fc7acfe69fd
asset_indy_nxt_2026_6948_results,media,series_indy_nxt,INDY NXT,2026,event_indy_nxt_2026_5542,Grand Prix of Monterey Race 1,session_indy_nxt_2026_6948,practice,Practice 2,track_weathertech_raceway_laguna_seca,WeatherTech Raceway Laguna Seca,,,,pdf,link_only,Official INDY NXT session report for Grand Prix of Monterey Race 1 Practice 2.,link_only,media_narrative_context,1,d4d96f43d7e734ba26b0bdefe7d2d3e6ec0096e36dc05af4008d5fc7acfe69fd
asset_indy_nxt_2026_6948_section_results,media,series_indy_nxt,INDY NXT,2026,event_indy_nxt_2026_5542,Grand Prix of Monterey Race 1,session_indy_nxt_2026_6948,practice,Practice 2,track_weathertech_raceway_laguna_seca,WeatherTech Raceway Laguna Seca,,,,pdf,link_only,Official INDY NXT session report for Grand Prix of Monterey Race 1 Practice 2.,link_only,media_narrative_context,1,d4d96f43d7e734ba26b0bdefe7d2d3e6ec0096e36dc05af4008d5fc7acfe69fd
asset_indy_nxt_2026_6948_top_section_times,media,series_indy_nxt,INDY NXT,2026,event_indy_nxt_2026_5542,Grand Prix of Monterey Race 1,session_indy_nxt_2026_6948,practice,Practice 2,track_weathertech_raceway_laguna_seca,WeatherTech Raceway Laguna Seca,,,,pdf,link_only,Official INDY NXT session report for Grand Prix of Monterey Race 1 Practice 2.,link_only,media_narrative_context,1,d4d96f43d7e734ba26b0bdefe7d2d3e6ec0096e36dc05af4008d5fc7acfe69fd
weather_indy_nxt_open_meteo_session_indy_nxt_2026_6948,weather,series_indy_nxt,INDY NXT,2026,event_indy_nxt_2026_5542,Grand Prix of Monterey Race 1,session_indy_nxt_2026_6948,practice,Practice 2,track_weathertech_raceway_laguna_seca,WeatherTech Raceway Laguna Seca,,,,grid_reanalysis,dry; clear_sky,dry / clear_sky; ambient 20C (Open-Meteo Historical Weather API hourly archive),modeled_medium,modeled_weather_context,1,d4d96f43d7e734ba26b0bdefe7d2d3e6ec0096e36dc05af4008d5fc7acfe69fd
asset_indy_nxt_2026_6949_overall_results,media,series_indy_nxt,INDY NXT,2026,event_indy_nxt_2026_5542,Grand Prix of Monterey Race 1,session_indy_nxt_2026_6949,qualifying,Qualifying - Race 1 Group 1,track_weathertech_raceway_laguna_seca,WeatherTech Raceway Laguna Seca,,,,pdf,link_only,Official INDY NXT session report for Grand Prix of Monterey Race 1 Qualifying - Race 1 Group 1.,link_only,media_narrative_context,1,d4d96f43d7e734ba26b0bdefe7d2d3e6ec0096e36dc05af4008d5fc7acfe69fd
asset_indy_nxt_2026_6949_results,media,series_indy_nxt,INDY NXT,2026,event_indy_nxt_2026_5542,Grand Prix of Monterey Race 1,session_indy_nxt_2026_6949,qualifying,Qualifying - Race 1 Group 1,track_weathertech_raceway_laguna_seca,WeatherTech Raceway Laguna Seca,,,,pdf,link_only,Official INDY NXT session report for Grand Prix of Monterey Race 1 Qualifying - Race 1 Group 1.,link_only,media_narrative_context,1,d4d96f43d7e734ba26b0bdefe7d2d3e6ec0096e36dc05af4008d5fc7acfe69fd
asset_indy_nxt_2026_6949_section_results,media,series_indy_nxt,INDY NXT,2026,event_indy_nxt_2026_5542,Grand Prix of Monterey Race 1,session_indy_nxt_2026_6949,qualifying,Qualifying - Race 1 Group 1,track_weathertech_raceway_laguna_seca,WeatherTech Raceway Laguna Seca,,,,pdf,link_only,Official INDY NXT session report for Grand Prix of Monterey Race 1 Qualifying - Race 1 Group 1.,link_only,media_narrative_context,1,d4d96f43d7e734ba26b0bdefe7d2d3e6ec0096e36dc05af4008d5fc7acfe69fd
asset_indy_nxt_2026_6949_top_section_times,media,series_indy_nxt,INDY NXT,2026,event_indy_nxt_2026_5542,Grand Prix of Monterey Race 1,session_indy_nxt_2026_6949,qualifying,Qualifying - Race 1 Group 1,track_weathertech_raceway_laguna_seca,WeatherTech Raceway Laguna Seca,,,,pdf,link_only,Official INDY NXT session report for Grand Prix of Monterey Race 1 Qualifying - Race 1 Group 1.,link_only,media_narrative_context,1,d4d96f43d7e734ba26b0bdefe7d2d3e6ec0096e36dc05af4008d5fc7acfe69fd
weather_indy_nxt_open_meteo_session_indy_nxt_2026_6949,weather,series_indy_nxt,INDY NXT,2026,event_indy_nxt_2026_5542,Grand Prix of Monterey Race 1,session_indy_nxt_2026_6949,qualifying,Qualifying - Race 1 Group 1,track_weathertech_raceway_laguna_seca,WeatherTech Raceway Laguna Seca,,,,grid_reanalysis,dry; clear_sky,dry / clear_sky; ambient 21.5C (Open-Meteo Historical Weather API hourly archive),modeled_medium,modeled_weather_context,1,d4d96f43d7e734ba26b0bdefe7d2d3e6ec0096e36dc05af4008d5fc7acfe69fd
asset_indy_nxt_2026_6950_overall_results,media,series_indy_nxt,INDY NXT,2026,event_indy_nxt_2026_5542,Grand Prix of Monterey Race 1,session_indy_nxt_2026_6950,qualifying,Qualifying - Race 1 Group 2,track_weathertech_raceway_laguna_seca,WeatherTech Raceway Laguna Seca,,,,pdf,link_only,Official INDY NXT session report for Grand Prix of Monterey Race 1 Qualifying - Race 1 Group 2.,link_only,media_narrative_context,1,d4d96f43d7e734ba26b0bdefe7d2d3e6ec0096e36dc05af4008d5fc7acfe69fd
asset_indy_nxt_2026_6950_results,media,series_indy_nxt,INDY NXT,2026,event_indy_nxt_2026_5542,Grand Prix of Monterey Race 1,session_indy_nxt_2026_6950,qualifying,Qualifying - Race 1 Group 2,track_weathertech_raceway_laguna_seca,WeatherTech Raceway Laguna Seca,,,,pdf,link_only,Official INDY NXT session report for Grand Prix of Monterey Race 1 Qualifying - Race 1 Group 2.,link_only,media_narrative_context,1,d4d96f43d7e734ba26b0bdefe7d2d3e6ec0096e36dc05af4008d5fc7acfe69fd
asset_indy_nxt_2026_6950_section_results,media,series_indy_nxt,INDY NXT,2026,event_indy_nxt_2026_5542,Grand Prix of Monterey Race 1,session_indy_nxt_2026_6950,qualifying,Qualifying - Race 1 Group 2,track_weathertech_raceway_laguna_seca,WeatherTech Raceway Laguna Seca,,,,pdf,link_only,Official INDY NXT session report for Grand Prix of Monterey Race 1 Qualifying - Race 1 Group 2.,link_only,media_narrative_context,1,d4d96f43d7e734ba26b0bdefe7d2d3e6ec0096e36dc05af4008d5fc7acfe69fd
asset_indy_nxt_2026_6950_top_section_times,media,series_indy_nxt,INDY NXT,2026,event_indy_nxt_2026_5542,Grand Prix of Monterey Race 1,session_indy_nxt_2026_6950,qualifying,Qualifying - Race 1 Group 2,track_weathertech_raceway_laguna_seca,WeatherTech Raceway Laguna Seca,,,,pdf,link_only,Official INDY NXT session report for Grand Prix of Monterey Race 1 Qualifying - Race 1 Group 2.,link_only,media_narrative_context,1,d4d96f43d7e734ba26b0bdefe7d2d3e6ec0096e36dc05af4008d5fc7acfe69fd
weather_indy_nxt_open_meteo_session_indy_nxt_2026_6950,weather,series_indy_nxt,INDY NXT,2026,event_indy_nxt_2026_5542,Grand Prix of Monterey Race 1,session_indy_nxt_2026_6950,qualifying,Qualifying - Race 1 Group 2,track_weathertech_raceway_laguna_seca,WeatherTech Raceway Laguna Seca,,,,grid_reanalysis,dry; clear_sky,dry / clear_sky; ambient 21.5C (Open-Meteo Historical Weather API hourly archive),modeled_medium,modeled_weather_context,1,d4d96f43d7e734ba26b0bdefe7d2d3e6ec0096e36dc05af4008d5fc7acfe69fd
asset_indy_nxt_2026_6951_results,media,series_indy_nxt,INDY NXT,2026,event_indy_nxt_2026_5542,Grand Prix of Monterey Race 1,session_indy_nxt_2026_6951,qualifying,Combined Qualifying - Race 1,track_weathertech_raceway_laguna_seca,WeatherTech Raceway Laguna Seca,,,,pdf,link_only,Official INDY NXT session report for Grand Prix of Monterey Race 1 Combined Qualifying - Race 1.,link_only,media_narrative_context,1,d4d96f43d7e734ba26b0bdefe7d2d3e6ec0096e36dc05af4008d5fc7acfe69fd
weather_indy_nxt_open_meteo_session_indy_nxt_2026_6951,weather,series_indy_nxt,INDY NXT,2026,event_indy_nxt_2026_5542,Grand Prix of Monterey Race 1,session_indy_nxt_2026_6951,qualifying,Combined Qualifying - Race 1,track_weathertech_raceway_laguna_seca,WeatherTech Raceway Laguna Seca,,,,grid_reanalysis,dry; clear_sky,dry / clear_sky; ambient 20.8C (Open-Meteo Historical Weather API hourly archive),modeled_medium,modeled_weather_context,1,d4d96f43d7e734ba26b0bdefe7d2d3e6ec0096e36dc05af4008d5fc7acfe69fd
incident_indy_nxt_caution_2026_6758_1,incident,series_indy_nxt,INDY NXT,2026,event_indy_nxt_2026_5541,Grand Prix of Monterey Race 2,session_indy_nxt_2026_6758,race,Race,track_weathertech_raceway_laguna_seca,WeatherTech Raceway Laguna Seca,,,1,caution_contact,caution_laps_1_to_4_duration_4,"Official caution 1 ran from lap 1 to lap 4 for Contact: Cars 10, 12, and 29 at Start/Finish.",official,official_incident_context,1,d4d96f43d7e734ba26b0bdefe7d2d3e6ec0096e36dc05af4008d5fc7acfe69fd
penalty_indy_nxt_2026_6758_car_12_lap_6_stop_and_hold,penalty,series_indy_nxt,INDY NXT,2026,event_indy_nxt_2026_5541,Grand Prix of Monterey Race 2,session_indy_nxt_2026_6758,race,Race,track_weathertech_raceway_laguna_seca,WeatherTech Raceway Laguna Seca,driver_max_garcia,Max Garcia,6,stop_and_hold,timeImpactSeconds=10,stop_and_hold: Avoidable Contact,official,official_penalty_context,1,d4d96f43d7e734ba26b0bdefe7d2d3e6ec0096e36dc05af4008d5fc7acfe69fd
incident_indy_nxt_status_2026_6758_driver_josh_pierson,incident,series_indy_nxt,INDY NXT,2026,event_indy_nxt_2026_5541,Grand Prix of Monterey Race 2,session_indy_nxt_2026_6758,race,Race,track_weathertech_raceway_laguna_seca,WeatherTech Raceway Laguna Seca,driver_josh_pierson,Josh Pierson,,contact,finish_position_24_laps_0,"Official INDY NXT result status reported ""Contact"" for Josh Pierson.",official,official_incident_context,1,d4d96f43d7e734ba26b0bdefe7d2d3e6ec0096e36dc05af4008d5fc7acfe69fd
incident_indy_nxt_status_2026_6758_driver_niels_koolen,incident,series_indy_nxt,INDY NXT,2026,event_indy_nxt_2026_5541,Grand Prix of Monterey Race 2,session_indy_nxt_2026_6758,race,Race,track_weathertech_raceway_laguna_seca,WeatherTech Raceway Laguna Seca,driver_niels_koolen,Niels Koolen,,contact,finish_position_23_laps_0,"Official INDY NXT result status reported ""Contact"" for Niels Koolen.",official,official_incident_context,1,d4d96f43d7e734ba26b0bdefe7d2d3e6ec0096e36dc05af4008d5fc7acfe69fd
asset_indy_nxt_2026_6758_event_summary,media,series_indy_nxt,INDY NXT,2026,event_indy_nxt_2026_5541,Grand Prix of Monterey Race 2,session_indy_nxt_2026_6758,race,Race,track_weathertech_raceway_laguna_seca,WeatherTech Raceway Laguna Seca,,,,pdf,link_only,Official INDY NXT session report for Grand Prix of Monterey Race 2 Race.,link_only,media_narrative_context,1,d4d96f43d7e734ba26b0bdefe7d2d3e6ec0096e36dc05af4008d5fc7acfe69fd
asset_indy_nxt_2026_6758_lap_chart,media,series_indy_nxt,INDY NXT,2026,event_indy_nxt_2026_5541,Grand Prix of Monterey Race 2,session_indy_nxt_2026_6758,race,Race,track_weathertech_raceway_laguna_seca,WeatherTech Raceway Laguna Seca,,,,pdf,link_only,Official INDY NXT session report for Grand Prix of Monterey Race 2 Race.,link_only,media_narrative_context,1,d4d96f43d7e734ba26b0bdefe7d2d3e6ec0096e36dc05af4008d5fc7acfe69fd
asset_indy_nxt_2026_6758_leader_lap_summary,media,series_indy_nxt,INDY NXT,2026,event_indy_nxt_2026_5541,Grand Prix of Monterey Race 2,session_indy_nxt_2026_6758,race,Race,track_weathertech_raceway_laguna_seca,WeatherTech Raceway Laguna Seca,,,,pdf,link_only,Official INDY NXT session report for Grand Prix of Monterey Race 2 Race.,link_only,media_narrative_context,1,d4d96f43d7e734ba26b0bdefe7d2d3e6ec0096e36dc05af4008d5fc7acfe69fd
asset_indy_nxt_2026_6758_results,media,series_indy_nxt,INDY NXT,2026,event_indy_nxt_2026_5541,Grand Prix of Monterey Race 2,session_indy_nxt_2026_6758,race,Race,track_weathertech_raceway_laguna_seca,WeatherTech Raceway Laguna Seca,,,,pdf,link_only,Official INDY NXT session report for Grand Prix of Monterey Race 2 Race.,link_only,media_narrative_context,1,d4d96f43d7e734ba26b0bdefe7d2d3e6ec0096e36dc05af4008d5fc7acfe69fd
asset_indy_nxt_2026_6758_section_results,media,series_indy_nxt,INDY NXT,2026,event_indy_nxt_2026_5541,Grand Prix of Monterey Race 2,session_indy_nxt_2026_6758,race,Race,track_weathertech_raceway_laguna_seca,WeatherTech Raceway Laguna Seca,,,,pdf,link_only,Official INDY NXT session report for Grand Prix of Monterey Race 2 Race.,link_only,media_narrative_context,1,d4d96f43d7e734ba26b0bdefe7d2d3e6ec0096e36dc05af4008d5fc7acfe69fd
asset_indy_nxt_2026_6758_top_section_times,media,series_indy_nxt,INDY NXT,2026,event_indy_nxt_2026_5541,Grand Prix of Monterey Race 2,session_indy_nxt_2026_6758,race,Race,track_weathertech_raceway_laguna_seca,WeatherTech Raceway Laguna Seca,,,,pdf,link_only,Official INDY NXT session report for Grand Prix of Monterey Race 2 Race.,link_only,media_narrative_context,1,d4d96f43d7e734ba26b0bdefe7d2d3e6ec0096e36dc05af4008d5fc7acfe69fd
racecraft_indy_nxt_2026_6758_most_improved_driver_enzo_fittipaldi,racecraft,series_indy_nxt,INDY NXT,2026,event_indy_nxt_2026_5541,Grand Prix of Monterey Race 2,session_indy_nxt_2026_6758,race,Race,track_weathertech_raceway_laguna_seca,WeatherTech Raceway Laguna Seca,driver_enzo_fittipaldi,Enzo Fittipaldi,,start_gain,P12 to P5,"Fittipaldi, Enzo was listed as Most Improved in the official Event Summary, improving 7 positions from P12 to P5.",official,official_racecraft_context,1,d4d96f43d7e734ba26b0bdefe7d2d3e6ec0096e36dc05af4008d5fc7acfe69fd
weather_indy_nxt_open_meteo_session_indy_nxt_2026_6758,weather,series_indy_nxt,INDY NXT,2026,event_indy_nxt_2026_5541,Grand Prix of Monterey Race 2,session_indy_nxt_2026_6758,race,Race,track_weathertech_raceway_laguna_seca,WeatherTech Raceway Laguna Seca,,,,grid_reanalysis,dry; clear_sky,dry / clear_sky; ambient 17.1C (Open-Meteo Historical Weather API hourly archive),modeled_medium,modeled_weather_context,1,d4d96f43d7e734ba26b0bdefe7d2d3e6ec0096e36dc05af4008d5fc7acfe69fd
asset_indy_nxt_2026_6952_overall_results,media,series_indy_nxt,INDY NXT,2026,event_indy_nxt_2026_5541,Grand Prix of Monterey Race 2,session_indy_nxt_2026_6952,qualifying,Qualifying - Race 2 Group 1,track_weathertech_raceway_laguna_seca,WeatherTech Raceway Laguna Seca,,,,pdf,link_only,Official INDY NXT session report for Grand Prix of Monterey Race 2 Qualifying - Race 2 Group 1.,link_only,media_narrative_context,1,d4d96f43d7e734ba26b0bdefe7d2d3e6ec0096e36dc05af4008d5fc7acfe69fd
asset_indy_nxt_2026_6952_results,media,series_indy_nxt,INDY NXT,2026,event_indy_nxt_2026_5541,Grand Prix of Monterey Race 2,session_indy_nxt_2026_6952,qualifying,Qualifying - Race 2 Group 1,track_weathertech_raceway_laguna_seca,WeatherTech Raceway Laguna Seca,,,,pdf,link_only,Official INDY NXT session report for Grand Prix of Monterey Race 2 Qualifying - Race 2 Group 1.,link_only,media_narrative_context,1,d4d96f43d7e734ba26b0bdefe7d2d3e6ec0096e36dc05af4008d5fc7acfe69fd
asset_indy_nxt_2026_6952_section_results,media,series_indy_nxt,INDY NXT,2026,event_indy_nxt_2026_5541,Grand Prix of Monterey Race 2,session_indy_nxt_2026_6952,qualifying,Qualifying - Race 2 Group 1,track_weathertech_raceway_laguna_seca,WeatherTech Raceway Laguna Seca,,,,pdf,link_only,Official INDY NXT session report for Grand Prix of Monterey Race 2 Qualifying - Race 2 Group 1.,link_only,media_narrative_context,1,d4d96f43d7e734ba26b0bdefe7d2d3e6ec0096e36dc05af4008d5fc7acfe69fd
asset_indy_nxt_2026_6952_top_section_times,media,series_indy_nxt,INDY NXT,2026,event_indy_nxt_2026_5541,Grand Prix of Monterey Race 2,session_indy_nxt_2026_6952,qualifying,Qualifying - Race 2 Group 1,track_weathertech_raceway_laguna_seca,WeatherTech Raceway Laguna Seca,,,,pdf,link_only,Official INDY NXT session report for Grand Prix of Monterey Race 2 Qualifying - Race 2 Group 1.,link_only,media_narrative_context,1,d4d96f43d7e734ba26b0bdefe7d2d3e6ec0096e36dc05af4008d5fc7acfe69fd
weather_indy_nxt_open_meteo_session_indy_nxt_2026_6952,weather,series_indy_nxt,INDY NXT,2026,event_indy_nxt_2026_5541,Grand Prix of Monterey Race 2,session_indy_nxt_2026_6952,qualifying,Qualifying - Race 2 Group 1,track_weathertech_raceway_laguna_seca,WeatherTech Raceway Laguna Seca,,,,grid_reanalysis,dry; clear_sky,dry / clear_sky; ambient 21.5C (Open-Meteo Historical Weather API hourly archive),modeled_medium,modeled_weather_context,1,d4d96f43d7e734ba26b0bdefe7d2d3e6ec0096e36dc05af4008d5fc7acfe69fd
asset_indy_nxt_2026_6953_overall_results,media,series_indy_nxt,INDY NXT,2026,event_indy_nxt_2026_5541,Grand Prix of Monterey Race 2,session_indy_nxt_2026_6953,qualifying,Qualifying - Race 2 Group 2,track_weathertech_raceway_laguna_seca,WeatherTech Raceway Laguna Seca,,,,pdf,link_only,Official INDY NXT session report for Grand Prix of Monterey Race 2 Qualifying - Race 2 Group 2.,link_only,media_narrative_context,1,d4d96f43d7e734ba26b0bdefe7d2d3e6ec0096e36dc05af4008d5fc7acfe69fd
asset_indy_nxt_2026_6953_results,media,series_indy_nxt,INDY NXT,2026,event_indy_nxt_2026_5541,Grand Prix of Monterey Race 2,session_indy_nxt_2026_6953,qualifying,Qualifying - Race 2 Group 2,track_weathertech_raceway_laguna_seca,WeatherTech Raceway Laguna Seca,,,,pdf,link_only,Official INDY NXT session report for Grand Prix of Monterey Race 2 Qualifying - Race 2 Group 2.,link_only,media_narrative_context,1,d4d96f43d7e734ba26b0bdefe7d2d3e6ec0096e36dc05af4008d5fc7acfe69fd
asset_indy_nxt_2026_6953_section_results,media,series_indy_nxt,INDY NXT,2026,event_indy_nxt_2026_5541,Grand Prix of Monterey Race 2,session_indy_nxt_2026_6953,qualifying,Qualifying - Race 2 Group 2,track_weathertech_raceway_laguna_seca,WeatherTech Raceway Laguna Seca,,,,pdf,link_only,Official INDY NXT session report for Grand Prix of Monterey Race 2 Qualifying - Race 2 Group 2.,link_only,media_narrative_context,1,d4d96f43d7e734ba26b0bdefe7d2d3e6ec0096e36dc05af4008d5fc7acfe69fd
asset_indy_nxt_2026_6953_top_section_times,media,series_indy_nxt,INDY NXT,2026,event_indy_nxt_2026_5541,Grand Prix of Monterey Race 2,session_indy_nxt_2026_6953,qualifying,Qualifying - Race 2 Group 2,track_weathertech_raceway_laguna_seca,WeatherTech Raceway Laguna Seca,,,,pdf,link_only,Official INDY NXT session report for Grand Prix of Monterey Race 2 Qualifying - Race 2 Group 2.,link_only,media_narrative_context,1,d4d96f43d7e734ba26b0bdefe7d2d3e6ec0096e36dc05af4008d5fc7acfe69fd
weather_indy_nxt_open_meteo_session_indy_nxt_2026_6953,weather,series_indy_nxt,INDY NXT,2026,event_indy_nxt_2026_5541,Grand Prix of Monterey Race 2,session_indy_nxt_2026_6953,qualifying,Qualifying - Race 2 Group 2,track_weathertech_raceway_laguna_seca,WeatherTech Raceway Laguna Seca,,,,grid_reanalysis,dry; clear_sky,dry / clear_sky; ambient 21.5C (Open-Meteo Historical Weather API hourly archive),modeled_medium,modeled_weather_context,1,d4d96f43d7e734ba26b0bdefe7d2d3e6ec0096e36dc05af4008d5fc7acfe69fd
asset_indy_nxt_2026_6954_results,media,series_indy_nxt,INDY NXT,2026,event_indy_nxt_2026_5541,Grand Prix of Monterey Race 2,session_indy_nxt_2026_6954,qualifying,Combined Qualifying - Race 2,track_weathertech_raceway_laguna_seca,WeatherTech Raceway Laguna Seca,,,,pdf,link_only,Official INDY NXT session report for Grand Prix of Monterey Race 2 Combined Qualifying - Race 2.,link_only,media_narrative_context,1,d4d96f43d7e734ba26b0bdefe7d2d3e6ec0096e36dc05af4008d5fc7acfe69fd
weather_indy_nxt_open_meteo_session_indy_nxt_2026_6954,weather,series_indy_nxt,INDY NXT,2026,event_indy_nxt_2026_5541,Grand Prix of Monterey Race 2,session_indy_nxt_2026_6954,qualifying,Combined Qualifying - Race 2,track_weathertech_raceway_laguna_seca,WeatherTech Raceway Laguna Seca,,,,grid_reanalysis,dry; clear_sky,dry / clear_sky; ambient 20.8C (Open-Meteo Historical Weather API hourly archive),modeled_medium,modeled_weather_context,1,d4d96f43d7e734ba26b0bdefe7d2d3e6ec0096e36dc05af4008d5fc7acfe69fd
incident_indy_nxt_caution_2026_6764_1,incident,series_indy_nxt,INDY NXT,2026,event_indy_nxt_2026_5547,Grand Prix of Portland,session_indy_nxt_2026_6764,race,Race,track_portland_international_raceway,Portland International Raceway,driver_carson_etter,Carson Etter,3,caution_contact,caution_laps_3_to_4_duration_2,Official caution 1 ran from lap 3 to lap 4 for Contact: Car 11 in Turn 12.,official,official_incident_context,1,d4d96f43d7e734ba26b0bdefe7d2d3e6ec0096e36dc05af4008d5fc7acfe69fd
penalty_indy_nxt_2026_6764_car_20_lap_6_drive_through,penalty,series_indy_nxt,INDY NXT,2026,event_indy_nxt_2026_5547,Grand Prix of Portland,session_indy_nxt_2026_6764,race,Race,track_portland_international_raceway,Portland International Raceway,driver_matteo_nannini,Matteo Nannini,6,drive_through,drive_through,drive_through: Avoidable Contact,official,official_penalty_context,1,d4d96f43d7e734ba26b0bdefe7d2d3e6ec0096e36dc05af4008d5fc7acfe69fd
penalty_indy_nxt_2026_6764_car_12_lap_9_yield_positions,penalty,series_indy_nxt,INDY NXT,2026,event_indy_nxt_2026_5547,Grand Prix of Portland,session_indy_nxt_2026_6764,race,Race,track_portland_international_raceway,Portland International Raceway,driver_max_garcia,Max Garcia,9,yield_positions,positionImpact=-2,yield_positions: Shortcutting Course,official,official_penalty_context,1,d4d96f43d7e734ba26b0bdefe7d2d3e6ec0096e36dc05af4008d5fc7acfe69fd
penalty_indy_nxt_2026_6764_car_10_lap_11_drive_through,penalty,series_indy_nxt,INDY NXT,2026,event_indy_nxt_2026_5547,Grand Prix of Portland,session_indy_nxt_2026_6764,race,Race,track_portland_international_raceway,Portland International Raceway,driver_niels_koolen,Niels Koolen,11,drive_through,drive_through,drive_through: Avoidable Contact,official,official_penalty_context,1,d4d96f43d7e734ba26b0bdefe7d2d3e6ec0096e36dc05af4008d5fc7acfe69fd
penalty_indy_nxt_2026_6764_car_99_lap_27_yield_positions,penalty,series_indy_nxt,INDY NXT,2026,event_indy_nxt_2026_5547,Grand Prix of Portland,session_indy_nxt_2026_6764,race,Race,track_portland_international_raceway,Portland International Raceway,driver_myles_rowe,Myles Rowe,27,yield_positions,positionImpact=-1,yield_positions: Shortcutting Course,official,official_penalty_context,1,d4d96f43d7e734ba26b0bdefe7d2d3e6ec0096e36dc05af4008d5fc7acfe69fd
asset_indy_nxt_2026_6764_box_score,media,series_indy_nxt,INDY NXT,2026,event_indy_nxt_2026_5547,Grand Prix of Portland,session_indy_nxt_2026_6764,race,Race,track_portland_international_raceway,Portland International Raceway,,,,pdf,link_only,Official INDY NXT session report for Grand Prix of Portland Race.,link_only,media_narrative_context,1,d4d96f43d7e734ba26b0bdefe7d2d3e6ec0096e36dc05af4008d5fc7acfe69fd
asset_indy_nxt_2026_6764_event_summary,media,series_indy_nxt,INDY NXT,2026,event_indy_nxt_2026_5547,Grand Prix of Portland,session_indy_nxt_2026_6764,race,Race,track_portland_international_raceway,Portland International Raceway,,,,pdf,link_only,Official INDY NXT session report for Grand Prix of Portland Race.,link_only,media_narrative_context,1,d4d96f43d7e734ba26b0bdefe7d2d3e6ec0096e36dc05af4008d5fc7acfe69fd
asset_indy_nxt_2026_6764_lap_chart,media,series_indy_nxt,INDY NXT,2026,event_indy_nxt_2026_5547,Grand Prix of Portland,session_indy_nxt_2026_6764,race,Race,track_portland_international_raceway,Portland International Raceway,,,,pdf,link_only,Official INDY NXT session report for Grand Prix of Portland Race.,link_only,media_narrative_context,1,d4d96f43d7e734ba26b0bdefe7d2d3e6ec0096e36dc05af4008d5fc7acfe69fd
asset_indy_nxt_2026_6764_leader_lap_summary,media,series_indy_nxt,INDY NXT,2026,event_indy_nxt_2026_5547,Grand Prix of Portland,session_indy_nxt_2026_6764,race,Race,track_portland_international_raceway,Portland International Raceway,,,,pdf,link_only,Official INDY NXT session report for Grand Prix of Portland Race.,link_only,media_narrative_context,1,d4d96f43d7e734ba26b0bdefe7d2d3e6ec0096e36dc05af4008d5fc7acfe69fd
asset_indy_nxt_2026_6764_results,media,series_indy_nxt,INDY NXT,2026,event_indy_nxt_2026_5547,Grand Prix of Portland,session_indy_nxt_2026_6764,race,Race,track_portland_international_raceway,Portland International Raceway,,,,pdf,link_only,Official INDY NXT session report for Grand Prix of Portland Race.,link_only,media_narrative_context,1,d4d96f43d7e734ba26b0bdefe7d2d3e6ec0096e36dc05af4008d5fc7acfe69fd
asset_indy_nxt_2026_6764_section_results,media,series_indy_nxt,INDY NXT,2026,event_indy_nxt_2026_5547,Grand Prix of Portland,session_indy_nxt_2026_6764,race,Race,track_portland_international_raceway,Portland International Raceway,,,,pdf,link_only,Official INDY NXT session report for Grand Prix of Portland Race.,link_only,media_narrative_context,1,d4d96f43d7e734ba26b0bdefe7d2d3e6ec0096e36dc05af4008d5fc7acfe69fd
asset_indy_nxt_2026_6764_top_section_times,media,series_indy_nxt,INDY NXT,2026,event_indy_nxt_2026_5547,Grand Prix of Portland,session_indy_nxt_2026_6764,race,Race,track_portland_international_raceway,Portland International Raceway,,,,pdf,link_only,Official INDY NXT session report for Grand Prix of Portland Race.,link_only,media_narrative_context,1,d4d96f43d7e734ba26b0bdefe7d2d3e6ec0096e36dc05af4008d5fc7acfe69fd
racecraft_indy_nxt_2026_6764_most_improved_driver_nolan_allaer,racecraft,series_indy_nxt,INDY NXT,2026,event_indy_nxt_2026_5547,Grand Prix of Portland,session_indy_nxt_2026_6764,race,Race,track_portland_international_raceway,Portland International Raceway,driver_nolan_allaer,Nolan Allaer,,start_gain,P22 to P11,"Allaer, Nolan was listed as Most Improved in the official Event Summary, improving 11 positions from P22 to P11.",official,official_racecraft_context,1,d4d96f43d7e734ba26b0bdefe7d2d3e6ec0096e36dc05af4008d5fc7acfe69fd
weather_indy_nxt_open_meteo_session_indy_nxt_2026_6764,weather,series_indy_nxt,INDY NXT,2026,event_indy_nxt_2026_5547,Grand Prix of Portland,session_indy_nxt_2026_6764,race,Race,track_portland_international_raceway,Portland International Raceway,,,,grid_reanalysis,dry; mainly_clear,dry / mainly_clear; ambient 20.1C (Open-Meteo Historical Weather API hourly archive),modeled_medium,modeled_weather_context,1,d4d96f43d7e734ba26b0bdefe7d2d3e6ec0096e36dc05af4008d5fc7acfe69fd
asset_indy_nxt_2026_6898_results,media,series_indy_nxt,INDY NXT,2026,event_indy_nxt_2026_5547,Grand Prix of Portland,session_indy_nxt_2026_6898,practice,Practice 1,track_portland_international_raceway,Portland International Raceway,,,,pdf,link_only,Official INDY NXT session report for Grand Prix of Portland Practice 1.,link_only,media_narrative_context,1,d4d96f43d7e734ba26b0bdefe7d2d3e6ec0096e36dc05af4008d5fc7acfe69fd
asset_indy_nxt_2026_6898_section_results,media,series_indy_nxt,INDY NXT,2026,event_indy_nxt_2026_5547,Grand Prix of Portland,session_indy_nxt_2026_6898,practice,Practice 1,track_portland_international_raceway,Portland International Raceway,,,,pdf,link_only,Official INDY NXT session report for Grand Prix of Portland Practice 1.,link_only,media_narrative_context,1,d4d96f43d7e734ba26b0bdefe7d2d3e6ec0096e36dc05af4008d5fc7acfe69fd
asset_indy_nxt_2026_6898_top_section_times,media,series_indy_nxt,INDY NXT,2026,event_indy_nxt_2026_5547,Grand Prix of Portland,session_indy_nxt_2026_6898,practice,Practice 1,track_portland_international_raceway,Portland International Raceway,,,,pdf,link_only,Official INDY NXT session report for Grand Prix of Portland Practice 1.,link_only,media_narrative_context,1,d4d96f43d7e734ba26b0bdefe7d2d3e6ec0096e36dc05af4008d5fc7acfe69fd
weather_indy_nxt_open_meteo_session_indy_nxt_2026_6898,weather,series_indy_nxt,INDY NXT,2026,event_indy_nxt_2026_5547,Grand Prix of Portland,session_indy_nxt_2026_6898,practice,Practice 1,track_portland_international_raceway,Portland International Raceway,,,,grid_reanalysis,dry; clear_sky,dry / clear_sky; ambient 28.6C (Open-Meteo Historical Weather API hourly archive),modeled_medium,modeled_weather_context,1,d4d96f43d7e734ba26b0bdefe7d2d3e6ec0096e36dc05af4008d5fc7acfe69fd
asset_indy_nxt_2026_6899_combined_results,media,series_indy_nxt,INDY NXT,2026,event_indy_nxt_2026_5547,Grand Prix of Portland,session_indy_nxt_2026_6899,practice,Practice 2,track_portland_international_raceway,Portland International Raceway,,,,pdf,link_only,Official INDY NXT session report for Grand Prix of Portland Practice 2.,link_only,media_narrative_context,1,d4d96f43d7e734ba26b0bdefe7d2d3e6ec0096e36dc05af4008d5fc7acfe69fd
asset_indy_nxt_2026_6899_results,media,series_indy_nxt,INDY NXT,2026,event_indy_nxt_2026_5547,Grand Prix of Portland,session_indy_nxt_2026_6899,practice,Practice 2,track_portland_international_raceway,Portland International Raceway,,,,pdf,link_only,Official INDY NXT session report for Grand Prix of Portland Practice 2.,link_only,media_narrative_context,1,d4d96f43d7e734ba26b0bdefe7d2d3e6ec0096e36dc05af4008d5fc7acfe69fd
asset_indy_nxt_2026_6899_section_results,media,series_indy_nxt,INDY NXT,2026,event_indy_nxt_2026_5547,Grand Prix of Portland,session_indy_nxt_2026_6899,practice,Practice 2,track_portland_international_raceway,Portland International Raceway,,,,pdf,link_only,Official INDY NXT session report for Grand Prix of Portland Practice 2.,link_only,media_narrative_context,1,d4d96f43d7e734ba26b0bdefe7d2d3e6ec0096e36dc05af4008d5fc7acfe69fd
asset_indy_nxt_2026_6899_top_section_times,media,series_indy_nxt,INDY NXT,2026,event_indy_nxt_2026_5547,Grand Prix of Portland,session_indy_nxt_2026_6899,practice,Practice 2,track_portland_international_raceway,Portland International Raceway,,,,pdf,link_only,Official INDY NXT session report for Grand Prix of Portland Practice 2.,link_only,media_narrative_context,1,d4d96f43d7e734ba26b0bdefe7d2d3e6ec0096e36dc05af4008d5fc7acfe69fd
weather_indy_nxt_open_meteo_session_indy_nxt_2026_6899,weather,series_indy_nxt,INDY NXT,2026,event_indy_nxt_2026_5547,Grand Prix of Portland,session_indy_nxt_2026_6899,practice,Practice 2,track_portland_international_raceway,Portland International Raceway,,,,grid_reanalysis,dry; partly_cloudy,dry / partly_cloudy; ambient 18.1C (Open-Meteo Historical Weather API hourly archive),modeled_medium,modeled_weather_context,1,d4d96f43d7e734ba26b0bdefe7d2d3e6ec0096e36dc05af4008d5fc7acfe69fd
asset_indy_nxt_2026_6900_overall_results,media,series_indy_nxt,INDY NXT,2026,event_indy_nxt_2026_5547,Grand Prix of Portland,session_indy_nxt_2026_6900,qualifying,Qualifying - Group 1,track_portland_international_raceway,Portland International Raceway,,,,pdf,link_only,Official INDY NXT session report for Grand Prix of Portland Qualifying - Group 1.,link_only,media_narrative_context,1,d4d96f43d7e734ba26b0bdefe7d2d3e6ec0096e36dc05af4008d5fc7acfe69fd
asset_indy_nxt_2026_6900_results,media,series_indy_nxt,INDY NXT,2026,event_indy_nxt_2026_5547,Grand Prix of Portland,session_indy_nxt_2026_6900,qualifying,Qualifying - Group 1,track_portland_international_raceway,Portland International Raceway,,,,pdf,link_only,Official INDY NXT session report for Grand Prix of Portland Qualifying - Group 1.,link_only,media_narrative_context,1,d4d96f43d7e734ba26b0bdefe7d2d3e6ec0096e36dc05af4008d5fc7acfe69fd
asset_indy_nxt_2026_6900_section_results,media,series_indy_nxt,INDY NXT,2026,event_indy_nxt_2026_5547,Grand Prix of Portland,session_indy_nxt_2026_6900,qualifying,Qualifying - Group 1,track_portland_international_raceway,Portland International Raceway,,,,pdf,link_only,Official INDY NXT session report for Grand Prix of Portland Qualifying - Group 1.,link_only,media_narrative_context,1,d4d96f43d7e734ba26b0bdefe7d2d3e6ec0096e36dc05af4008d5fc7acfe69fd
asset_indy_nxt_2026_6900_top_section_times,media,series_indy_nxt,INDY NXT,2026,event_indy_nxt_2026_5547,Grand Prix of Portland,session_indy_nxt_2026_6900,qualifying,Qualifying - Group 1,track_portland_international_raceway,Portland International Raceway,,,,pdf,link_only,Official INDY NXT session report for Grand Prix of Portland Qualifying - Group 1.,link_only,media_narrative_context,1,d4d96f43d7e734ba26b0bdefe7d2d3e6ec0096e36dc05af4008d5fc7acfe69fd
weather_indy_nxt_open_meteo_session_indy_nxt_2026_6900,weather,series_indy_nxt,INDY NXT,2026,event_indy_nxt_2026_5547,Grand Prix of Portland,session_indy_nxt_2026_6900,qualifying,Qualifying - Group 1,track_portland_international_raceway,Portland International Raceway,,,,grid_reanalysis,dry; clear_sky,dry / clear_sky; ambient 24.2C (Open-Meteo Historical Weather API hourly archive),modeled_medium,modeled_weather_context,1,d4d96f43d7e734ba26b0bdefe7d2d3e6ec0096e36dc05af4008d5fc7acfe69fd
asset_indy_nxt_2026_6901_overall_results,media,series_indy_nxt,INDY NXT,2026,event_indy_nxt_2026_5547,Grand Prix of Portland,session_indy_nxt_2026_6901,qualifying,Qualifying - Group 2,track_portland_international_raceway,Portland International Raceway,,,,pdf,link_only,Official INDY NXT session report for Grand Prix of Portland Qualifying - Group 2.,link_only,media_narrative_context,1,d4d96f43d7e734ba26b0bdefe7d2d3e6ec0096e36dc05af4008d5fc7acfe69fd
asset_indy_nxt_2026_6901_results,media,series_indy_nxt,INDY NXT,2026,event_indy_nxt_2026_5547,Grand Prix of Portland,session_indy_nxt_2026_6901,qualifying,Qualifying - Group 2,track_portland_international_raceway,Portland International Raceway,,,,pdf,link_only,Official INDY NXT session report for Grand Prix of Portland Qualifying - Group 2.,link_only,media_narrative_context,1,d4d96f43d7e734ba26b0bdefe7d2d3e6ec0096e36dc05af4008d5fc7acfe69fd
asset_indy_nxt_2026_6901_section_results,media,series_indy_nxt,INDY NXT,2026,event_indy_nxt_2026_5547,Grand Prix of Portland,session_indy_nxt_2026_6901,qualifying,Qualifying - Group 2,track_portland_international_raceway,Portland International Raceway,,,,pdf,link_only,Official INDY NXT session report for Grand Prix of Portland Qualifying - Group 2.,link_only,media_narrative_context,1,d4d96f43d7e734ba26b0bdefe7d2d3e6ec0096e36dc05af4008d5fc7acfe69fd
asset_indy_nxt_2026_6901_top_section_times,media,series_indy_nxt,INDY NXT,2026,event_indy_nxt_2026_5547,Grand Prix of Portland,session_indy_nxt_2026_6901,qualifying,Qualifying - Group 2,track_portland_international_raceway,Portland International Raceway,,,,pdf,link_only,Official INDY NXT session report for Grand Prix of Portland Qualifying - Group 2.,link_only,media_narrative_context,1,d4d96f43d7e734ba26b0bdefe7d2d3e6ec0096e36dc05af4008d5fc7acfe69fd
weather_indy_nxt_open_meteo_session_indy_nxt_2026_6901,weather,series_indy_nxt,INDY NXT,2026,event_indy_nxt_2026_5547,Grand Prix of Portland,session_indy_nxt_2026_6901,qualifying,Qualifying - Group 2,track_portland_international_raceway,Portland International Raceway,,,,grid_reanalysis,dry; clear_sky,dry / clear_sky; ambient 24.2C (Open-Meteo Historical Weather API hourly archive),modeled_medium,modeled_weather_context,1,d4d96f43d7e734ba26b0bdefe7d2d3e6ec0096e36dc05af4008d5fc7acfe69fd
asset_indy_nxt_2026_6902_overall_results,media,series_indy_nxt,INDY NXT,2026,event_indy_nxt_2026_5547,Grand Prix of Portland,session_indy_nxt_2026_6902,qualifying,Combined Qualifying,track_portland_international_raceway,Portland International Raceway,,,,pdf,link_only,Official INDY NXT session report for Grand Prix of Portland Combined Qualifying.,link_only,media_narrative_context,1,d4d96f43d7e734ba26b0bdefe7d2d3e6ec0096e36dc05af4008d5fc7acfe69fd
asset_indy_nxt_2026_6902_results,media,series_indy_nxt,INDY NXT,2026,event_indy_nxt_2026_5547,Grand Prix of Portland,session_indy_nxt_2026_6902,qualifying,Combined Qualifying,track_portland_international_raceway,Portland International Raceway,,,,pdf,link_only,Official INDY NXT session report for Grand Prix of Portland Combined Qualifying.,link_only,media_narrative_context,1,d4d96f43d7e734ba26b0bdefe7d2d3e6ec0096e36dc05af4008d5fc7acfe69fd
weather_indy_nxt_open_meteo_session_indy_nxt_2026_6902,weather,series_indy_nxt,INDY NXT,2026,event_indy_nxt_2026_5547,Grand Prix of Portland,session_indy_nxt_2026_6902,qualifying,Combined Qualifying,track_portland_international_raceway,Portland International Raceway,,,,grid_reanalysis,dry; mainly_clear,dry / mainly_clear; ambient 26.4C (Open-Meteo Historical Weather API hourly archive),modeled_medium,modeled_weather_context,1,d4d96f43d7e734ba26b0bdefe7d2d3e6ec0096e36dc05af4008d5fc7acfe69fd
incident_indy_nxt_caution_2026_6751_1,incident,series_indy_nxt,INDY NXT,2026,event_indy_nxt_2026_5534,Grand Prix of St. Petersburg,session_indy_nxt_2026_6751,race,Race,track_streets_of_st_petersburg,Streets of St. Petersburg,,,1,caution_debris,caution_laps_1_to_2_duration_2,Official caution 1 ran from lap 1 to lap 2 for Debris; Turn 4.,official,official_incident_context,1,d4d96f43d7e734ba26b0bdefe7d2d3e6ec0096e36dc05af4008d5fc7acfe69fd
incident_indy_nxt_caution_2026_6751_2,incident,series_indy_nxt,INDY NXT,2026,event_indy_nxt_2026_5534,Grand Prix of St. Petersburg,session_indy_nxt_2026_6751,race,Race,track_streets_of_st_petersburg,Streets of St. Petersburg,driver_carson_etter,Carson Etter,6,caution_contact,caution_laps_6_to_8_duration_3,Official caution 2 ran from lap 6 to lap 8 for Contact: Car 11 in Turn 8.,official,official_incident_context,1,d4d96f43d7e734ba26b0bdefe7d2d3e6ec0096e36dc05af4008d5fc7acfe69fd
incident_indy_nxt_caution_2026_6751_3,incident,series_indy_nxt,INDY NXT,2026,event_indy_nxt_2026_5534,Grand Prix of St. Petersburg,session_indy_nxt_2026_6751,race,Race,track_streets_of_st_petersburg,Streets of St. Petersburg,driver_nicholas_monteiro,Nicholas Monteiro,17,caution_contact,caution_laps_17_to_19_duration_3,Official caution 3 ran from lap 17 to lap 19 for Contact: Car 4 in Turn 9.,official,official_incident_context,1,d4d96f43d7e734ba26b0bdefe7d2d3e6ec0096e36dc05af4008d5fc7acfe69fd
incident_indy_nxt_caution_2026_6751_4,incident,series_indy_nxt,INDY NXT,2026,event_indy_nxt_2026_5534,Grand Prix of St. Petersburg,session_indy_nxt_2026_6751,race,Race,track_streets_of_st_petersburg,Streets of St. Petersburg,,,21,caution_contact,caution_laps_21_to_24_duration_4,Official caution 4 ran from lap 21 to lap 24 for Contact: Car 8 and 10 in Turn 2.,official,official_incident_context,1,d4d96f43d7e734ba26b0bdefe7d2d3e6ec0096e36dc05af4008d5fc7acfe69fd
penalty_indy_nxt_2026_6751_car_20_lap_22_back_of_field,penalty,series_indy_nxt,INDY NXT,2026,event_indy_nxt_2026_5534,Grand Prix of St. Petersburg,session_indy_nxt_2026_6751,race,Race,track_streets_of_st_petersburg,Streets of St. Petersburg,driver_matteo_nannini,Matteo Nannini,22,back_of_field,back_of_field,back_of_field: Jumping Restart,official,official_penalty_context,1,d4d96f43d7e734ba26b0bdefe7d2d3e6ec0096e36dc05af4008d5fc7acfe69fd
penalty_indy_nxt_2026_6751_car_75_lap_22_back_of_field,penalty,series_indy_nxt,INDY NXT,2026,event_indy_nxt_2026_5534,Grand Prix of St. Petersburg,session_indy_nxt_2026_6751,race,Race,track_streets_of_st_petersburg,Streets of St. Petersburg,driver_alexander_koreiba,Alexander Koreiba,22,back_of_field,back_of_field,back_of_field: Jumping Restart,official,official_penalty_context,1,d4d96f43d7e734ba26b0bdefe7d2d3e6ec0096e36dc05af4008d5fc7acfe69fd
incident_indy_nxt_status_2026_6751_driver_carson_etter,incident,series_indy_nxt,INDY NXT,2026,event_indy_nxt_2026_5534,Grand Prix of St. Petersburg,session_indy_nxt_2026_6751,race,Race,track_streets_of_st_petersburg,Streets of St. Petersburg,driver_carson_etter,Carson Etter,,contact,finish_position_24_laps_5,"Official INDY NXT result status reported ""Contact"" for Carson Etter.",official,official_incident_context,1,d4d96f43d7e734ba26b0bdefe7d2d3e6ec0096e36dc05af4008d5fc7acfe69fd
incident_indy_nxt_status_2026_6751_driver_james_roe,incident,series_indy_nxt,INDY NXT,2026,event_indy_nxt_2026_5534,Grand Prix of St. Petersburg,session_indy_nxt_2026_6751,race,Race,track_streets_of_st_petersburg,Streets of St. Petersburg,driver_james_roe,James Roe,,contact,finish_position_21_laps_20,"Official INDY NXT result status reported ""Contact"" for James Roe.",official,official_incident_context,1,d4d96f43d7e734ba26b0bdefe7d2d3e6ec0096e36dc05af4008d5fc7acfe69fd
incident_indy_nxt_status_2026_6751_driver_nicholas_monteiro,incident,series_indy_nxt,INDY NXT,2026,event_indy_nxt_2026_5534,Grand Prix of St. Petersburg,session_indy_nxt_2026_6751,race,Race,track_streets_of_st_petersburg,Streets of St. Petersburg,driver_nicholas_monteiro,Nicholas Monteiro,,contact,finish_position_23_laps_16,"Official INDY NXT result status reported ""Contact"" for Nicholas Monteiro.",official,official_incident_context,1,d4d96f43d7e734ba26b0bdefe7d2d3e6ec0096e36dc05af4008d5fc7acfe69fd
incident_indy_nxt_status_2026_6751_driver_niels_koolen,incident,series_indy_nxt,INDY NXT,2026,event_indy_nxt_2026_5534,Grand Prix of St. Petersburg,session_indy_nxt_2026_6751,race,Race,track_streets_of_st_petersburg,Streets of St. Petersburg,driver_niels_koolen,Niels Koolen,,contact,finish_position_22_laps_20,"Official INDY NXT result status reported ""Contact"" for Niels Koolen.",official,official_incident_context,1,d4d96f43d7e734ba26b0bdefe7d2d3e6ec0096e36dc05af4008d5fc7acfe69fd
asset_indy_nxt_2026_6751_box_score,media,series_indy_nxt,INDY NXT,2026,event_indy_nxt_2026_5534,Grand Prix of St. Petersburg,session_indy_nxt_2026_6751,race,Race,track_streets_of_st_petersburg,Streets of St. Petersburg,,,,pdf,link_only,Official INDY NXT session report for Grand Prix of St. Petersburg Race.,link_only,media_narrative_context,1,d4d96f43d7e734ba26b0bdefe7d2d3e6ec0096e36dc05af4008d5fc7acfe69fd
asset_indy_nxt_2026_6751_event_summary,media,series_indy_nxt,INDY NXT,2026,event_indy_nxt_2026_5534,Grand Prix of St. Petersburg,session_indy_nxt_2026_6751,race,Race,track_streets_of_st_petersburg,Streets of St. Petersburg,,,,pdf,link_only,Official INDY NXT session report for Grand Prix of St. Petersburg Race.,link_only,media_narrative_context,1,d4d96f43d7e734ba26b0bdefe7d2d3e6ec0096e36dc05af4008d5fc7acfe69fd
asset_indy_nxt_2026_6751_lap_chart,media,series_indy_nxt,INDY NXT,2026,event_indy_nxt_2026_5534,Grand Prix of St. Petersburg,session_indy_nxt_2026_6751,race,Race,track_streets_of_st_petersburg,Streets of St. Petersburg,,,,pdf,link_only,Official INDY NXT session report for Grand Prix of St. Petersburg Race.,link_only,media_narrative_context,1,d4d96f43d7e734ba26b0bdefe7d2d3e6ec0096e36dc05af4008d5fc7acfe69fd
asset_indy_nxt_2026_6751_leader_lap_summary,media,series_indy_nxt,INDY NXT,2026,event_indy_nxt_2026_5534,Grand Prix of St. Petersburg,session_indy_nxt_2026_6751,race,Race,track_streets_of_st_petersburg,Streets of St. Petersburg,,,,pdf,link_only,Official INDY NXT session report for Grand Prix of St. Petersburg Race.,link_only,media_narrative_context,1,d4d96f43d7e734ba26b0bdefe7d2d3e6ec0096e36dc05af4008d5fc7acfe69fd
asset_indy_nxt_2026_6751_results,media,series_indy_nxt,INDY NXT,2026,event_indy_nxt_2026_5534,Grand Prix of St. Petersburg,session_indy_nxt_2026_6751,race,Race,track_streets_of_st_petersburg,Streets of St. Petersburg,,,,pdf,link_only,Official INDY NXT session report for Grand Prix of St. Petersburg Race.,link_only,media_narrative_context,1,d4d96f43d7e734ba26b0bdefe7d2d3e6ec0096e36dc05af4008d5fc7acfe69fd
asset_indy_nxt_2026_6751_section_results,media,series_indy_nxt,INDY NXT,2026,event_indy_nxt_2026_5534,Grand Prix of St. Petersburg,session_indy_nxt_2026_6751,race,Race,track_streets_of_st_petersburg,Streets of St. Petersburg,,,,pdf,link_only,Official INDY NXT session report for Grand Prix of St. Petersburg Race.,link_only,media_narrative_context,1,d4d96f43d7e734ba26b0bdefe7d2d3e6ec0096e36dc05af4008d5fc7acfe69fd
asset_indy_nxt_2026_6751_top_section_times,media,series_indy_nxt,INDY NXT,2026,event_indy_nxt_2026_5534,Grand Prix of St. Petersburg,session_indy_nxt_2026_6751,race,Race,track_streets_of_st_petersburg,Streets of St. Petersburg,,,,pdf,link_only,Official INDY NXT session report for Grand Prix of St. Petersburg Race.,link_only,media_narrative_context,1,d4d96f43d7e734ba26b0bdefe7d2d3e6ec0096e36dc05af4008d5fc7acfe69fd
racecraft_indy_nxt_2026_6751_most_improved_driver_enzo_fittipaldi,racecraft,series_indy_nxt,INDY NXT,2026,event_indy_nxt_2026_5534,Grand Prix of St. Petersburg,session_indy_nxt_2026_6751,race,Race,track_streets_of_st_petersburg,Streets of St. Petersburg,driver_enzo_fittipaldi,Enzo Fittipaldi,,start_gain,P24 to P17,"Fittipaldi, Enzo was listed as Most Improved in the official Event Summary, improving 7 positions from P24 to P17.",official,official_racecraft_context,1,d4d96f43d7e734ba26b0bdefe7d2d3e6ec0096e36dc05af4008d5fc7acfe69fd
weather_indy_nxt_open_meteo_session_indy_nxt_2026_6751,weather,series_indy_nxt,INDY NXT,2026,event_indy_nxt_2026_5534,Grand Prix of St. Petersburg,session_indy_nxt_2026_6751,race,Race,track_streets_of_st_petersburg,Streets of St. Petersburg,,,,grid_reanalysis,dry; overcast,dry / overcast; ambient 17.6C (Open-Meteo Historical Weather API hourly archive),modeled_medium,modeled_weather_context,1,d4d96f43d7e734ba26b0bdefe7d2d3e6ec0096e36dc05af4008d5fc7acfe69fd
asset_indy_nxt_2026_6766_results,media,series_indy_nxt,INDY NXT,2026,event_indy_nxt_2026_5534,Grand Prix of St. Petersburg,session_indy_nxt_2026_6766,practice,Practice 1,track_streets_of_st_petersburg,Streets of St. Petersburg,,,,pdf,link_only,Official INDY NXT session report for Grand Prix of St. Petersburg Practice 1.,link_only,media_narrative_context,1,d4d96f43d7e734ba26b0bdefe7d2d3e6ec0096e36dc05af4008d5fc7acfe69fd
asset_indy_nxt_2026_6766_section_results,media,series_indy_nxt,INDY NXT,2026,event_indy_nxt_2026_5534,Grand Prix of St. Petersburg,session_indy_nxt_2026_6766,practice,Practice 1,track_streets_of_st_petersburg,Streets of St. Petersburg,,,,pdf,link_only,Official INDY NXT session report for Grand Prix of St. Petersburg Practice 1.,link_only,media_narrative_context,1,d4d96f43d7e734ba26b0bdefe7d2d3e6ec0096e36dc05af4008d5fc7acfe69fd
asset_indy_nxt_2026_6766_top_section_times,media,series_indy_nxt,INDY NXT,2026,event_indy_nxt_2026_5534,Grand Prix of St. Petersburg,session_indy_nxt_2026_6766,practice,Practice 1,track_streets_of_st_petersburg,Streets of St. Petersburg,,,,pdf,link_only,Official INDY NXT session report for Grand Prix of St. Petersburg Practice 1.,link_only,media_narrative_context,1,d4d96f43d7e734ba26b0bdefe7d2d3e6ec0096e36dc05af4008d5fc7acfe69fd
weather_indy_nxt_open_meteo_session_indy_nxt_2026_6766,weather,series_indy_nxt,INDY NXT,2026,event_indy_nxt_2026_5534,Grand Prix of St. Petersburg,session_indy_nxt_2026_6766,practice,Practice 1,track_streets_of_st_petersburg,Streets of St. Petersburg,,,,grid_reanalysis,dry; mainly_clear,dry / mainly_clear; ambient 25.1C (Open-Meteo Historical Weather API hourly archive),modeled_medium,modeled_weather_context,1,d4d96f43d7e734ba26b0bdefe7d2d3e6ec0096e36dc05af4008d5fc7acfe69fd
asset_indy_nxt_2026_6767_combined_results,media,series_indy_nxt,INDY NXT,2026,event_indy_nxt_2026_5534,Grand Prix of St. Petersburg,session_indy_nxt_2026_6767,practice,Practice 2,track_streets_of_st_petersburg,Streets of St. Petersburg,,,,pdf,link_only,Official INDY NXT session report for Grand Prix of St. Petersburg Practice 2.,link_only,media_narrative_context,1,d4d96f43d7e734ba26b0bdefe7d2d3e6ec0096e36dc05af4008d5fc7acfe69fd
asset_indy_nxt_2026_6767_results,media,series_indy_nxt,INDY NXT,2026,event_indy_nxt_2026_5534,Grand Prix of St. Petersburg,session_indy_nxt_2026_6767,practice,Practice 2,track_streets_of_st_petersburg,Streets of St. Petersburg,,,,pdf,link_only,Official INDY NXT session report for Grand Prix of St. Petersburg Practice 2.,link_only,media_narrative_context,1,d4d96f43d7e734ba26b0bdefe7d2d3e6ec0096e36dc05af4008d5fc7acfe69fd
asset_indy_nxt_2026_6767_section_results,media,series_indy_nxt,INDY NXT,2026,event_indy_nxt_2026_5534,Grand Prix of St. Petersburg,session_indy_nxt_2026_6767,practice,Practice 2,track_streets_of_st_petersburg,Streets of St. Petersburg,,,,pdf,link_only,Official INDY NXT session report for Grand Prix of St. Petersburg Practice 2.,link_only,media_narrative_context,1,d4d96f43d7e734ba26b0bdefe7d2d3e6ec0096e36dc05af4008d5fc7acfe69fd
asset_indy_nxt_2026_6767_top_section_times,media,series_indy_nxt,INDY NXT,2026,event_indy_nxt_2026_5534,Grand Prix of St. Petersburg,session_indy_nxt_2026_6767,practice,Practice 2,track_streets_of_st_petersburg,Streets of St. Petersburg,,,,pdf,link_only,Official INDY NXT session report for Grand Prix of St. Petersburg Practice 2.,link_only,media_narrative_context,1,d4d96f43d7e734ba26b0bdefe7d2d3e6ec0096e36dc05af4008d5fc7acfe69fd
weather_indy_nxt_open_meteo_session_indy_nxt_2026_6767,weather,series_indy_nxt,INDY NXT,2026,event_indy_nxt_2026_5534,Grand Prix of St. Petersburg,session_indy_nxt_2026_6767,practice,Practice 2,track_streets_of_st_petersburg,Streets of St. Petersburg,,,,grid_reanalysis,dry; overcast,dry / overcast; ambient 18.1C (Open-Meteo Historical Weather API hourly archive),modeled_medium,modeled_weather_context,1,d4d96f43d7e734ba26b0bdefe7d2d3e6ec0096e36dc05af4008d5fc7acfe69fd
asset_indy_nxt_2026_6768_overall_results,media,series_indy_nxt,INDY NXT,2026,event_indy_nxt_2026_5534,Grand Prix of St. Petersburg,session_indy_nxt_2026_6768,qualifying,Qualifications - Group 1,track_streets_of_st_petersburg,Streets of St. Petersburg,,,,pdf,link_only,Official INDY NXT session report for Grand Prix of St. Petersburg Qualifications - Group 1.,link_only,media_narrative_context,1,d4d96f43d7e734ba26b0bdefe7d2d3e6ec0096e36dc05af4008d5fc7acfe69fd
asset_indy_nxt_2026_6768_results,media,series_indy_nxt,INDY NXT,2026,event_indy_nxt_2026_5534,Grand Prix of St. Petersburg,session_indy_nxt_2026_6768,qualifying,Qualifications - Group 1,track_streets_of_st_petersburg,Streets of St. Petersburg,,,,pdf,link_only,Official INDY NXT session report for Grand Prix of St. Petersburg Qualifications - Group 1.,link_only,media_narrative_context,1,d4d96f43d7e734ba26b0bdefe7d2d3e6ec0096e36dc05af4008d5fc7acfe69fd
asset_indy_nxt_2026_6768_section_results,media,series_indy_nxt,INDY NXT,2026,event_indy_nxt_2026_5534,Grand Prix of St. Petersburg,session_indy_nxt_2026_6768,qualifying,Qualifications - Group 1,track_streets_of_st_petersburg,Streets of St. Petersburg,,,,pdf,link_only,Official INDY NXT session report for Grand Prix of St. Petersburg Qualifications - Group 1.,link_only,media_narrative_context,1,d4d96f43d7e734ba26b0bdefe7d2d3e6ec0096e36dc05af4008d5fc7acfe69fd
asset_indy_nxt_2026_6768_top_section_times,media,series_indy_nxt,INDY NXT,2026,event_indy_nxt_2026_5534,Grand Prix of St. Petersburg,session_indy_nxt_2026_6768,qualifying,Qualifications - Group 1,track_streets_of_st_petersburg,Streets of St. Petersburg,,,,pdf,link_only,Official INDY NXT session report for Grand Prix of St. Petersburg Qualifications - Group 1.,link_only,media_narrative_context,1,d4d96f43d7e734ba26b0bdefe7d2d3e6ec0096e36dc05af4008d5fc7acfe69fd
asset_indy_nxt_2026_6769_overall_results,media,series_indy_nxt,INDY NXT,2026,event_indy_nxt_2026_5534,Grand Prix of St. Petersburg,session_indy_nxt_2026_6769,qualifying,Qualifications - Group 2,track_streets_of_st_petersburg,Streets of St. Petersburg,,,,pdf,link_only,Official INDY NXT session report for Grand Prix of St. Petersburg Qualifications - Group 2.,link_only,media_narrative_context,1,d4d96f43d7e734ba26b0bdefe7d2d3e6ec0096e36dc05af4008d5fc7acfe69fd
asset_indy_nxt_2026_6769_results,media,series_indy_nxt,INDY NXT,2026,event_indy_nxt_2026_5534,Grand Prix of St. Petersburg,session_indy_nxt_2026_6769,qualifying,Qualifications - Group 2,track_streets_of_st_petersburg,Streets of St. Petersburg,,,,pdf,link_only,Official INDY NXT session report for Grand Prix of St. Petersburg Qualifications - Group 2.,link_only,media_narrative_context,1,d4d96f43d7e734ba26b0bdefe7d2d3e6ec0096e36dc05af4008d5fc7acfe69fd
asset_indy_nxt_2026_6769_section_results,media,series_indy_nxt,INDY NXT,2026,event_indy_nxt_2026_5534,Grand Prix of St. Petersburg,session_indy_nxt_2026_6769,qualifying,Qualifications - Group 2,track_streets_of_st_petersburg,Streets of St. Petersburg,,,,pdf,link_only,Official INDY NXT session report for Grand Prix of St. Petersburg Qualifications - Group 2.,link_only,media_narrative_context,1,d4d96f43d7e734ba26b0bdefe7d2d3e6ec0096e36dc05af4008d5fc7acfe69fd
asset_indy_nxt_2026_6769_top_section_times,media,series_indy_nxt,INDY NXT,2026,event_indy_nxt_2026_5534,Grand Prix of St. Petersburg,session_indy_nxt_2026_6769,qualifying,Qualifications - Group 2,track_streets_of_st_petersburg,Streets of St. Petersburg,,,,pdf,link_only,Official INDY NXT session report for Grand Prix of St. Petersburg Qualifications - Group 2.,link_only,media_narrative_context,1,d4d96f43d7e734ba26b0bdefe7d2d3e6ec0096e36dc05af4008d5fc7acfe69fd
asset_indy_nxt_2026_6770_overall_results,media,series_indy_nxt,INDY NXT,2026,event_indy_nxt_2026_5534,Grand Prix of St. Petersburg,session_indy_nxt_2026_6770,qualifying,Combined Qualifications,track_streets_of_st_petersburg,Streets of St. Petersburg,,,,pdf,link_only,Official INDY NXT session report for Grand Prix of St. Petersburg Combined Qualifications.,link_only,media_narrative_context,1,d4d96f43d7e734ba26b0bdefe7d2d3e6ec0096e36dc05af4008d5fc7acfe69fd
asset_indy_nxt_2026_6770_results,media,series_indy_nxt,INDY NXT,2026,event_indy_nxt_2026_5534,Grand Prix of St. Petersburg,session_indy_nxt_2026_6770,qualifying,Combined Qualifications,track_streets_of_st_petersburg,Streets of St. Petersburg,,,,pdf,link_only,Official INDY NXT session report for Grand Prix of St. Petersburg Combined Qualifications.,link_only,media_narrative_context,1,d4d96f43d7e734ba26b0bdefe7d2d3e6ec0096e36dc05af4008d5fc7acfe69fd
incident_indy_nxt_caution_2026_6757_1,incident,series_indy_nxt,INDY NXT,2026,event_indy_nxt_2026_5540,INDY NXT by Firestone at Milwaukee Mile,session_indy_nxt_2026_6757,race,Race,track_the_milwaukee_mile,The Milwaukee Mile,driver_josh_pierson,Josh Pierson,54,caution_contact,caution_laps_54_to_63_duration_10,Official caution 1 ran from lap 54 to lap 63 for Contact: Car 29 in Turn 2.,official,official_incident_context,1,d4d96f43d7e734ba26b0bdefe7d2d3e6ec0096e36dc05af4008d5fc7acfe69fd
incident_indy_nxt_caution_2026_6757_2,incident,series_indy_nxt,INDY NXT,2026,event_indy_nxt_2026_5540,INDY NXT by Firestone at Milwaukee Mile,session_indy_nxt_2026_6757,race,Race,track_the_milwaukee_mile,The Milwaukee Mile,driver_lochie_hughes,Lochie Hughes,69,caution,caution_laps_69_to_72_duration_4,Official caution 2 ran from lap 69 to lap 72 for Spin: Car 26 in Turn 2.,official,official_incident_context,1,d4d96f43d7e734ba26b0bdefe7d2d3e6ec0096e36dc05af4008d5fc7acfe69fd
incident_indy_nxt_caution_2026_6757_3,incident,series_indy_nxt,INDY NXT,2026,event_indy_nxt_2026_5540,INDY NXT by Firestone at Milwaukee Mile,session_indy_nxt_2026_6757,race,Race,track_the_milwaukee_mile,The Milwaukee Mile,,,78,caution_contact,caution_laps_78_to_81_duration_4,Official caution 3 ran from lap 78 to lap 81 for Contact: Car 17 and 99 in Turn 4.,official,official_incident_context,1,d4d96f43d7e734ba26b0bdefe7d2d3e6ec0096e36dc05af4008d5fc7acfe69fd
incident_indy_nxt_caution_2026_6757_4,incident,series_indy_nxt,INDY NXT,2026,event_indy_nxt_2026_5540,INDY NXT by Firestone at Milwaukee Mile,session_indy_nxt_2026_6757,race,Race,track_the_milwaukee_mile,The Milwaukee Mile,driver_colin_kaminsky,Colin Kaminsky,83,caution,caution_laps_83_to_85_duration_3,Official caution 4 ran from lap 83 to lap 85 for Spin: Car 57 in Turn 2.,official,official_incident_context,1,d4d96f43d7e734ba26b0bdefe7d2d3e6ec0096e36dc05af4008d5fc7acfe69fd
incident_indy_nxt_status_2026_6757_driver_josh_pierson,incident,series_indy_nxt,INDY NXT,2026,event_indy_nxt_2026_5540,INDY NXT by Firestone at Milwaukee Mile,session_indy_nxt_2026_6757,race,Race,track_the_milwaukee_mile,The Milwaukee Mile,driver_josh_pierson,Josh Pierson,,contact,finish_position_22_laps_53,"Official INDY NXT result status reported ""Contact"" for Josh Pierson.",official,official_incident_context,1,d4d96f43d7e734ba26b0bdefe7d2d3e6ec0096e36dc05af4008d5fc7acfe69fd
incident_indy_nxt_status_2026_6757_driver_myles_rowe,incident,series_indy_nxt,INDY NXT,2026,event_indy_nxt_2026_5540,INDY NXT by Firestone at Milwaukee Mile,session_indy_nxt_2026_6757,race,Race,track_the_milwaukee_mile,The Milwaukee Mile,driver_myles_rowe,Myles Rowe,,contact,finish_position_21_laps_77,"Official INDY NXT result status reported ""Contact"" for Myles Rowe.",official,official_incident_context,1,d4d96f43d7e734ba26b0bdefe7d2d3e6ec0096e36dc05af4008d5fc7acfe69fd
incident_indy_nxt_status_2026_6757_driver_niels_koolen,incident,series_indy_nxt,INDY NXT,2026,event_indy_nxt_2026_5540,INDY NXT by Firestone at Milwaukee Mile,session_indy_nxt_2026_6757,race,Race,track_the_milwaukee_mile,The Milwaukee Mile,driver_niels_koolen,Niels Koolen,,contact,finish_position_23_laps_38,"Official INDY NXT result status reported ""Contact"" for Niels Koolen.",official,official_incident_context,1,d4d96f43d7e734ba26b0bdefe7d2d3e6ec0096e36dc05af4008d5fc7acfe69fd
asset_indy_nxt_2026_6757_event_summary,media,series_indy_nxt,INDY NXT,2026,event_indy_nxt_2026_5540,INDY NXT by Firestone at Milwaukee Mile,session_indy_nxt_2026_6757,race,Race,track_the_milwaukee_mile,The Milwaukee Mile,,,,pdf,link_only,Official INDY NXT session report for INDY NXT by Firestone at Milwaukee Mile Race.,link_only,media_narrative_context,1,d4d96f43d7e734ba26b0bdefe7d2d3e6ec0096e36dc05af4008d5fc7acfe69fd
asset_indy_nxt_2026_6757_lap_chart,media,series_indy_nxt,INDY NXT,2026,event_indy_nxt_2026_5540,INDY NXT by Firestone at Milwaukee Mile,session_indy_nxt_2026_6757,race,Race,track_the_milwaukee_mile,The Milwaukee Mile,,,,pdf,link_only,Official INDY NXT session report for INDY NXT by Firestone at Milwaukee Mile Race.,link_only,media_narrative_context,1,d4d96f43d7e734ba26b0bdefe7d2d3e6ec0096e36dc05af4008d5fc7acfe69fd
asset_indy_nxt_2026_6757_leader_lap_summary,media,series_indy_nxt,INDY NXT,2026,event_indy_nxt_2026_5540,INDY NXT by Firestone at Milwaukee Mile,session_indy_nxt_2026_6757,race,Race,track_the_milwaukee_mile,The Milwaukee Mile,,,,pdf,link_only,Official INDY NXT session report for INDY NXT by Firestone at Milwaukee Mile Race.,link_only,media_narrative_context,1,d4d96f43d7e734ba26b0bdefe7d2d3e6ec0096e36dc05af4008d5fc7acfe69fd
asset_indy_nxt_2026_6757_results,media,series_indy_nxt,INDY NXT,2026,event_indy_nxt_2026_5540,INDY NXT by Firestone at Milwaukee Mile,session_indy_nxt_2026_6757,race,Race,track_the_milwaukee_mile,The Milwaukee Mile,,,,pdf,link_only,Official INDY NXT session report for INDY NXT by Firestone at Milwaukee Mile Race.,link_only,media_narrative_context,1,d4d96f43d7e734ba26b0bdefe7d2d3e6ec0096e36dc05af4008d5fc7acfe69fd
asset_indy_nxt_2026_6757_section_results,media,series_indy_nxt,INDY NXT,2026,event_indy_nxt_2026_5540,INDY NXT by Firestone at Milwaukee Mile,session_indy_nxt_2026_6757,race,Race,track_the_milwaukee_mile,The Milwaukee Mile,,,,pdf,link_only,Official INDY NXT session report for INDY NXT by Firestone at Milwaukee Mile Race.,link_only,media_narrative_context,1,d4d96f43d7e734ba26b0bdefe7d2d3e6ec0096e36dc05af4008d5fc7acfe69fd
asset_indy_nxt_2026_6757_top_section_times,media,series_indy_nxt,INDY NXT,2026,event_indy_nxt_2026_5540,INDY NXT by Firestone at Milwaukee Mile,session_indy_nxt_2026_6757,race,Race,track_the_milwaukee_mile,The Milwaukee Mile,,,,pdf,link_only,Official INDY NXT session report for INDY NXT by Firestone at Milwaukee Mile Race.,link_only,media_narrative_context,1,d4d96f43d7e734ba26b0bdefe7d2d3e6ec0096e36dc05af4008d5fc7acfe69fd
racecraft_indy_nxt_2026_6757_most_improved_driver_alessandro_de_tullio,racecraft,series_indy_nxt,INDY NXT,2026,event_indy_nxt_2026_5540,INDY NXT by Firestone at Milwaukee Mile,session_indy_nxt_2026_6757,race,Race,track_the_milwaukee_mile,The Milwaukee Mile,driver_alessandro_de_tullio,Alessandro de Tullio,,start_gain,P21 to P6,"de Tullio, Alessandro was listed as Most Improved in the official Event Summary, improving 15 positions from P21 to P6.",official,official_racecraft_context,1,d4d96f43d7e734ba26b0bdefe7d2d3e6ec0096e36dc05af4008d5fc7acfe69fd
weather_indy_nxt_open_meteo_session_indy_nxt_2026_6757,weather,series_indy_nxt,INDY NXT,2026,event_indy_nxt_2026_5540,INDY NXT by Firestone at Milwaukee Mile,session_indy_nxt_2026_6757,race,Race,track_the_milwaukee_mile,The Milwaukee Mile,,,,grid_reanalysis,dry; clear_sky,dry / clear_sky; ambient 24.5C (Open-Meteo Historical Weather API hourly archive),modeled_medium,modeled_weather_context,1,d4d96f43d7e734ba26b0bdefe7d2d3e6ec0096e36dc05af4008d5fc7acfe69fd
asset_indy_nxt_2026_6934_results,media,series_indy_nxt,INDY NXT,2026,event_indy_nxt_2026_5540,INDY NXT by Firestone at Milwaukee Mile,session_indy_nxt_2026_6934,practice,Practice,track_the_milwaukee_mile,The Milwaukee Mile,,,,pdf,link_only,Official INDY NXT session report for INDY NXT by Firestone at Milwaukee Mile Practice.,link_only,media_narrative_context,1,d4d96f43d7e734ba26b0bdefe7d2d3e6ec0096e36dc05af4008d5fc7acfe69fd
asset_indy_nxt_2026_6934_section_results,media,series_indy_nxt,INDY NXT,2026,event_indy_nxt_2026_5540,INDY NXT by Firestone at Milwaukee Mile,session_indy_nxt_2026_6934,practice,Practice,track_the_milwaukee_mile,The Milwaukee Mile,,,,pdf,link_only,Official INDY NXT session report for INDY NXT by Firestone at Milwaukee Mile Practice.,link_only,media_narrative_context,1,d4d96f43d7e734ba26b0bdefe7d2d3e6ec0096e36dc05af4008d5fc7acfe69fd
asset_indy_nxt_2026_6934_top_section_times,media,series_indy_nxt,INDY NXT,2026,event_indy_nxt_2026_5540,INDY NXT by Firestone at Milwaukee Mile,session_indy_nxt_2026_6934,practice,Practice,track_the_milwaukee_mile,The Milwaukee Mile,,,,pdf,link_only,Official INDY NXT session report for INDY NXT by Firestone at Milwaukee Mile Practice.,link_only,media_narrative_context,1,d4d96f43d7e734ba26b0bdefe7d2d3e6ec0096e36dc05af4008d5fc7acfe69fd
weather_indy_nxt_open_meteo_session_indy_nxt_2026_6934,weather,series_indy_nxt,INDY NXT,2026,event_indy_nxt_2026_5540,INDY NXT by Firestone at Milwaukee Mile,session_indy_nxt_2026_6934,practice,Practice,track_the_milwaukee_mile,The Milwaukee Mile,,,,grid_reanalysis,dry; overcast,dry / overcast; ambient 19.5C (Open-Meteo Historical Weather API hourly archive),modeled_medium,modeled_weather_context,1,d4d96f43d7e734ba26b0bdefe7d2d3e6ec0096e36dc05af4008d5fc7acfe69fd
asset_indy_nxt_2026_6935_overall_results,media,series_indy_nxt,INDY NXT,2026,event_indy_nxt_2026_5540,INDY NXT by Firestone at Milwaukee Mile,session_indy_nxt_2026_6935,qualifying,Qualifying,track_the_milwaukee_mile,The Milwaukee Mile,,,,pdf,link_only,Official INDY NXT session report for INDY NXT by Firestone at Milwaukee Mile Qualifying.,link_only,media_narrative_context,1,d4d96f43d7e734ba26b0bdefe7d2d3e6ec0096e36dc05af4008d5fc7acfe69fd
asset_indy_nxt_2026_6935_results,media,series_indy_nxt,INDY NXT,2026,event_indy_nxt_2026_5540,INDY NXT by Firestone at Milwaukee Mile,session_indy_nxt_2026_6935,qualifying,Qualifying,track_the_milwaukee_mile,The Milwaukee Mile,,,,pdf,link_only,Official INDY NXT session report for INDY NXT by Firestone at Milwaukee Mile Qualifying.,link_only,media_narrative_context,1,d4d96f43d7e734ba26b0bdefe7d2d3e6ec0096e36dc05af4008d5fc7acfe69fd
asset_indy_nxt_2026_6935_section_results,media,series_indy_nxt,INDY NXT,2026,event_indy_nxt_2026_5540,INDY NXT by Firestone at Milwaukee Mile,session_indy_nxt_2026_6935,qualifying,Qualifying,track_the_milwaukee_mile,The Milwaukee Mile,,,,pdf,link_only,Official INDY NXT session report for INDY NXT by Firestone at Milwaukee Mile Qualifying.,link_only,media_narrative_context,1,d4d96f43d7e734ba26b0bdefe7d2d3e6ec0096e36dc05af4008d5fc7acfe69fd
asset_indy_nxt_2026_6935_top_section_times,media,series_indy_nxt,INDY NXT,2026,event_indy_nxt_2026_5540,INDY NXT by Firestone at Milwaukee Mile,session_indy_nxt_2026_6935,qualifying,Qualifying,track_the_milwaukee_mile,The Milwaukee Mile,,,,pdf,link_only,Official INDY NXT session report for INDY NXT by Firestone at Milwaukee Mile Qualifying.,link_only,media_narrative_context,1,d4d96f43d7e734ba26b0bdefe7d2d3e6ec0096e36dc05af4008d5fc7acfe69fd
weather_indy_nxt_open_meteo_session_indy_nxt_2026_6935,weather,series_indy_nxt,INDY NXT,2026,event_indy_nxt_2026_5540,INDY NXT by Firestone at Milwaukee Mile,session_indy_nxt_2026_6935,qualifying,Qualifying,track_the_milwaukee_mile,The Milwaukee Mile,,,,grid_reanalysis,dry; overcast,dry / overcast; ambient 25.5C (Open-Meteo Historical Weather API hourly archive),modeled_medium,modeled_weather_context,1,d4d96f43d7e734ba26b0bdefe7d2d3e6ec0096e36dc05af4008d5fc7acfe69fd
incident_indy_nxt_caution_2026_6763_1,incident,series_indy_nxt,INDY NXT,2026,event_indy_nxt_2026_5546,INDY NXT by Firestone at World Wide Technology Raceway,session_indy_nxt_2026_6763,race,Race,track_world_wide_technology_raceway,World Wide Technology Raceway,driver_alexander_koreiba,Alexander Koreiba,5,caution_contact,caution_laps_5_to_11_duration_7,Official caution 1 ran from lap 5 to lap 11 for Contact: Car 75 in Turn 4.,official,official_incident_context,1,d4d96f43d7e734ba26b0bdefe7d2d3e6ec0096e36dc05af4008d5fc7acfe69fd
incident_indy_nxt_caution_2026_6763_2,incident,series_indy_nxt,INDY NXT,2026,event_indy_nxt_2026_5546,INDY NXT by Firestone at World Wide Technology Raceway,session_indy_nxt_2026_6763,race,Race,track_world_wide_technology_raceway,World Wide Technology Raceway,,,54,caution_debris,caution_laps_54_to_57_duration_4,Official caution 2 ran from lap 54 to lap 57 for Debris.,official,official_incident_context,1,d4d96f43d7e734ba26b0bdefe7d2d3e6ec0096e36dc05af4008d5fc7acfe69fd
incident_indy_nxt_caution_2026_6763_3,incident,series_indy_nxt,INDY NXT,2026,event_indy_nxt_2026_5546,INDY NXT by Firestone at World Wide Technology Raceway,session_indy_nxt_2026_6763,race,Race,track_world_wide_technology_raceway,World Wide Technology Raceway,,,61,caution_contact,caution_laps_61_to_66_duration_6,Official caution 3 ran from lap 61 to lap 66 for Contact: Cars 15 and 17 on Turn 2.,official,official_incident_context,1,d4d96f43d7e734ba26b0bdefe7d2d3e6ec0096e36dc05af4008d5fc7acfe69fd
penalty_indy_nxt_2026_6763_car_17_lap_75_pending,penalty,series_indy_nxt,INDY NXT,2026,event_indy_nxt_2026_5546,INDY NXT by Firestone at World Wide Technology Raceway,session_indy_nxt_2026_6763,race,Race,track_world_wide_technology_raceway,World Wide Technology Raceway,driver_salvador_de_alba,Salvador de Alba,75,pending,pending,pending: Avoidable Contact,official,official_penalty_context,1,d4d96f43d7e734ba26b0bdefe7d2d3e6ec0096e36dc05af4008d5fc7acfe69fd
incident_indy_nxt_status_2026_6763_driver_alexander_koreiba,incident,series_indy_nxt,INDY NXT,2026,event_indy_nxt_2026_5546,INDY NXT by Firestone at World Wide Technology Raceway,session_indy_nxt_2026_6763,race,Race,track_world_wide_technology_raceway,World Wide Technology Raceway,driver_alexander_koreiba,Alexander Koreiba,,contact,finish_position_24_laps_4,"Official INDY NXT result status reported ""Contact"" for Alexander Koreiba.",official,official_incident_context,1,d4d96f43d7e734ba26b0bdefe7d2d3e6ec0096e36dc05af4008d5fc7acfe69fd
incident_indy_nxt_status_2026_6763_driver_bryce_aron,incident,series_indy_nxt,INDY NXT,2026,event_indy_nxt_2026_5546,INDY NXT by Firestone at World Wide Technology Raceway,session_indy_nxt_2026_6763,race,Race,track_world_wide_technology_raceway,World Wide Technology Raceway,driver_bryce_aron,Bryce Aron,,mechanical,finish_position_23_laps_5,"Official INDY NXT result status reported ""Mechanical"" for Bryce Aron.",official,official_incident_context,1,d4d96f43d7e734ba26b0bdefe7d2d3e6ec0096e36dc05af4008d5fc7acfe69fd
incident_indy_nxt_status_2026_6763_driver_salvador_de_alba,incident,series_indy_nxt,INDY NXT,2026,event_indy_nxt_2026_5546,INDY NXT by Firestone at World Wide Technology Raceway,session_indy_nxt_2026_6763,race,Race,track_world_wide_technology_raceway,World Wide Technology Raceway,driver_salvador_de_alba,Salvador de Alba,,contact,finish_position_22_laps_60,"Official INDY NXT result status reported ""Contact"" for Salvador de Alba.",official,official_incident_context,1,d4d96f43d7e734ba26b0bdefe7d2d3e6ec0096e36dc05af4008d5fc7acfe69fd
incident_indy_nxt_status_2026_6763_driver_yuven_sundaramoorthy,incident,series_indy_nxt,INDY NXT,2026,event_indy_nxt_2026_5546,INDY NXT by Firestone at World Wide Technology Raceway,session_indy_nxt_2026_6763,race,Race,track_world_wide_technology_raceway,World Wide Technology Raceway,driver_yuven_sundaramoorthy,Yuven Sundaramoorthy,,contact,finish_position_21_laps_61,"Official INDY NXT result status reported ""Contact"" for Yuven Sundaramoorthy.",official,official_incident_context,1,d4d96f43d7e734ba26b0bdefe7d2d3e6ec0096e36dc05af4008d5fc7acfe69fd
asset_indy_nxt_2026_6763_event_summary,media,series_indy_nxt,INDY NXT,2026,event_indy_nxt_2026_5546,INDY NXT by Firestone at World Wide Technology Raceway,session_indy_nxt_2026_6763,race,Race,track_world_wide_technology_raceway,World Wide Technology Raceway,,,,pdf,link_only,Official INDY NXT session report for INDY NXT by Firestone at World Wide Technology Raceway Race.,link_only,media_narrative_context,1,d4d96f43d7e734ba26b0bdefe7d2d3e6ec0096e36dc05af4008d5fc7acfe69fd
asset_indy_nxt_2026_6763_lap_chart,media,series_indy_nxt,INDY NXT,2026,event_indy_nxt_2026_5546,INDY NXT by Firestone at World Wide Technology Raceway,session_indy_nxt_2026_6763,race,Race,track_world_wide_technology_raceway,World Wide Technology Raceway,,,,pdf,link_only,Official INDY NXT session report for INDY NXT by Firestone at World Wide Technology Raceway Race.,link_only,media_narrative_context,1,d4d96f43d7e734ba26b0bdefe7d2d3e6ec0096e36dc05af4008d5fc7acfe69fd
asset_indy_nxt_2026_6763_leader_lap_summary,media,series_indy_nxt,INDY NXT,2026,event_indy_nxt_2026_5546,INDY NXT by Firestone at World Wide Technology Raceway,session_indy_nxt_2026_6763,race,Race,track_world_wide_technology_raceway,World Wide Technology Raceway,,,,pdf,link_only,Official INDY NXT session report for INDY NXT by Firestone at World Wide Technology Raceway Race.,link_only,media_narrative_context,1,d4d96f43d7e734ba26b0bdefe7d2d3e6ec0096e36dc05af4008d5fc7acfe69fd
asset_indy_nxt_2026_6763_results,media,series_indy_nxt,INDY NXT,2026,event_indy_nxt_2026_5546,INDY NXT by Firestone at World Wide Technology Raceway,session_indy_nxt_2026_6763,race,Race,track_world_wide_technology_raceway,World Wide Technology Raceway,,,,pdf,link_only,Official INDY NXT session report for INDY NXT by Firestone at World Wide Technology Raceway Race.,link_only,media_narrative_context,1,d4d96f43d7e734ba26b0bdefe7d2d3e6ec0096e36dc05af4008d5fc7acfe69fd
asset_indy_nxt_2026_6763_section_results,media,series_indy_nxt,INDY NXT,2026,event_indy_nxt_2026_5546,INDY NXT by Firestone at World Wide Technology Raceway,session_indy_nxt_2026_6763,race,Race,track_world_wide_technology_raceway,World Wide Technology Raceway,,,,pdf,link_only,Official INDY NXT session report for INDY NXT by Firestone at World Wide Technology Raceway Race.,link_only,media_narrative_context,1,d4d96f43d7e734ba26b0bdefe7d2d3e6ec0096e36dc05af4008d5fc7acfe69fd
asset_indy_nxt_2026_6763_top_section_times,media,series_indy_nxt,INDY NXT,2026,event_indy_nxt_2026_5546,INDY NXT by Firestone at World Wide Technology Raceway,session_indy_nxt_2026_6763,race,Race,track_world_wide_technology_raceway,World Wide Technology Raceway,,,,pdf,link_only,Official INDY NXT session report for INDY NXT by Firestone at World Wide Technology Raceway Race.,link_only,media_narrative_context,1,d4d96f43d7e734ba26b0bdefe7d2d3e6ec0096e36dc05af4008d5fc7acfe69fd
racecraft_indy_nxt_2026_6763_most_improved_driver_myles_rowe,racecraft,series_indy_nxt,INDY NXT,2026,event_indy_nxt_2026_5546,INDY NXT by Firestone at World Wide Technology Raceway,session_indy_nxt_2026_6763,race,Race,track_world_wide_technology_raceway,World Wide Technology Raceway,driver_myles_rowe,Myles Rowe,,start_gain,P24 to P1,"Rowe, Myles was listed as Most Improved in the official Event Summary, improving 23 positions from P24 to P1.",official,official_racecraft_context,1,d4d96f43d7e734ba26b0bdefe7d2d3e6ec0096e36dc05af4008d5fc7acfe69fd
weather_indy_nxt_open_meteo_session_indy_nxt_2026_6763,weather,series_indy_nxt,INDY NXT,2026,event_indy_nxt_2026_5546,INDY NXT by Firestone at World Wide Technology Raceway,session_indy_nxt_2026_6763,race,Race,track_world_wide_technology_raceway,World Wide Technology Raceway,,,,grid_reanalysis,wet; light_drizzle,wet / light_drizzle; ambient 30.2C (Open-Meteo Historical Weather API hourly archive),modeled_medium,modeled_weather_context,1,d4d96f43d7e734ba26b0bdefe7d2d3e6ec0096e36dc05af4008d5fc7acfe69fd
asset_indy_nxt_2026_6863_combined_results,media,series_indy_nxt,INDY NXT,2026,event_indy_nxt_2026_5546,INDY NXT by Firestone at World Wide Technology Raceway,session_indy_nxt_2026_6863,practice,Practice,track_world_wide_technology_raceway,World Wide Technology Raceway,,,,pdf,link_only,Official INDY NXT session report for INDY NXT by Firestone at World Wide Technology Raceway Practice.,link_only,media_narrative_context,1,d4d96f43d7e734ba26b0bdefe7d2d3e6ec0096e36dc05af4008d5fc7acfe69fd
asset_indy_nxt_2026_6863_results,media,series_indy_nxt,INDY NXT,2026,event_indy_nxt_2026_5546,INDY NXT by Firestone at World Wide Technology Raceway,session_indy_nxt_2026_6863,practice,Practice,track_world_wide_technology_raceway,World Wide Technology Raceway,,,,pdf,link_only,Official INDY NXT session report for INDY NXT by Firestone at World Wide Technology Raceway Practice.,link_only,media_narrative_context,1,d4d96f43d7e734ba26b0bdefe7d2d3e6ec0096e36dc05af4008d5fc7acfe69fd
asset_indy_nxt_2026_6863_section_results,media,series_indy_nxt,INDY NXT,2026,event_indy_nxt_2026_5546,INDY NXT by Firestone at World Wide Technology Raceway,session_indy_nxt_2026_6863,practice,Practice,track_world_wide_technology_raceway,World Wide Technology Raceway,,,,pdf,link_only,Official INDY NXT session report for INDY NXT by Firestone at World Wide Technology Raceway Practice.,link_only,media_narrative_context,1,d4d96f43d7e734ba26b0bdefe7d2d3e6ec0096e36dc05af4008d5fc7acfe69fd
asset_indy_nxt_2026_6863_top_section_times,media,series_indy_nxt,INDY NXT,2026,event_indy_nxt_2026_5546,INDY NXT by Firestone at World Wide Technology Raceway,session_indy_nxt_2026_6863,practice,Practice,track_world_wide_technology_raceway,World Wide Technology Raceway,,,,pdf,link_only,Official INDY NXT session report for INDY NXT by Firestone at World Wide Technology Raceway Practice.,link_only,media_narrative_context,1,d4d96f43d7e734ba26b0bdefe7d2d3e6ec0096e36dc05af4008d5fc7acfe69fd
weather_indy_nxt_open_meteo_session_indy_nxt_2026_6863,weather,series_indy_nxt,INDY NXT,2026,event_indy_nxt_2026_5546,INDY NXT by Firestone at World Wide Technology Raceway,session_indy_nxt_2026_6863,practice,Practice,track_world_wide_technology_raceway,World Wide Technology Raceway,,,,grid_reanalysis,wet; moderate_rain,wet / moderate_rain; ambient 25.9C (Open-Meteo Historical Weather API hourly archive),modeled_medium,modeled_weather_context,1,d4d96f43d7e734ba26b0bdefe7d2d3e6ec0096e36dc05af4008d5fc7acfe69fd
asset_indy_nxt_2026_6864_overall_results,media,series_indy_nxt,INDY NXT,2026,event_indy_nxt_2026_5546,INDY NXT by Firestone at World Wide Technology Raceway,session_indy_nxt_2026_6864,qualifying,Qualifying,track_world_wide_technology_raceway,World Wide Technology Raceway,,,,pdf,link_only,Official INDY NXT session report for INDY NXT by Firestone at World Wide Technology Raceway Qualifying.,link_only,media_narrative_context,1,d4d96f43d7e734ba26b0bdefe7d2d3e6ec0096e36dc05af4008d5fc7acfe69fd
asset_indy_nxt_2026_6864_results,media,series_indy_nxt,INDY NXT,2026,event_indy_nxt_2026_5546,INDY NXT by Firestone at World Wide Technology Raceway,session_indy_nxt_2026_6864,qualifying,Qualifying,track_world_wide_technology_raceway,World Wide Technology Raceway,,,,pdf,link_only,Official INDY NXT session report for INDY NXT by Firestone at World Wide Technology Raceway Qualifying.,link_only,media_narrative_context,1,d4d96f43d7e734ba26b0bdefe7d2d3e6ec0096e36dc05af4008d5fc7acfe69fd
asset_indy_nxt_2026_6864_section_results,media,series_indy_nxt,INDY NXT,2026,event_indy_nxt_2026_5546,INDY NXT by Firestone at World Wide Technology Raceway,session_indy_nxt_2026_6864,qualifying,Qualifying,track_world_wide_technology_raceway,World Wide Technology Raceway,,,,pdf,link_only,Official INDY NXT session report for INDY NXT by Firestone at World Wide Technology Raceway Qualifying.,link_only,media_narrative_context,1,d4d96f43d7e734ba26b0bdefe7d2d3e6ec0096e36dc05af4008d5fc7acfe69fd
asset_indy_nxt_2026_6864_top_section_times,media,series_indy_nxt,INDY NXT,2026,event_indy_nxt_2026_5546,INDY NXT by Firestone at World Wide Technology Raceway,session_indy_nxt_2026_6864,qualifying,Qualifying,track_world_wide_technology_raceway,World Wide Technology Raceway,,,,pdf,link_only,Official INDY NXT session report for INDY NXT by Firestone at World Wide Technology Raceway Qualifying.,link_only,media_narrative_context,1,d4d96f43d7e734ba26b0bdefe7d2d3e6ec0096e36dc05af4008d5fc7acfe69fd
weather_indy_nxt_open_meteo_session_indy_nxt_2026_6864,weather,series_indy_nxt,INDY NXT,2026,event_indy_nxt_2026_5546,INDY NXT by Firestone at World Wide Technology Raceway,session_indy_nxt_2026_6864,qualifying,Qualifying,track_world_wide_technology_raceway,World Wide Technology Raceway,,,,grid_reanalysis,dry; overcast,dry / overcast; ambient 26.7C (Open-Meteo Historical Weather API hourly archive),modeled_medium,modeled_weather_context,1,d4d96f43d7e734ba26b0bdefe7d2d3e6ec0096e36dc05af4008d5fc7acfe69fd
incident_indy_nxt_caution_2026_6756_1,incident,series_indy_nxt,INDY NXT,2026,event_indy_nxt_2026_5539,Indianapolis Grand Prix Race 1,session_indy_nxt_2026_6756,race,Race,track_indianapolis_motor_speedway_road_course,Indianapolis Motor Speedway Road Course,,,11,caution,caution_laps_11_to_15_duration_5,Official caution 1 ran from lap 11 to lap 15 for Conditions.,official,official_incident_context,1,d4d96f43d7e734ba26b0bdefe7d2d3e6ec0096e36dc05af4008d5fc7acfe69fd
penalty_indy_nxt_2026_6756_car_57_lap_16_back_of_field,penalty,series_indy_nxt,INDY NXT,2026,event_indy_nxt_2026_5539,Indianapolis Grand Prix Race 1,session_indy_nxt_2026_6756,race,Race,track_indianapolis_motor_speedway_road_course,Indianapolis Motor Speedway Road Course,driver_colin_kaminsky,Colin Kaminsky,16,back_of_field,back_of_field,back_of_field: Rule 7.1.4.3.1,official,official_penalty_context,1,d4d96f43d7e734ba26b0bdefe7d2d3e6ec0096e36dc05af4008d5fc7acfe69fd
penalty_indy_nxt_2026_6756_car_27_lap_17_drive_through,penalty,series_indy_nxt,INDY NXT,2026,event_indy_nxt_2026_5539,Indianapolis Grand Prix Race 1,session_indy_nxt_2026_6756,race,Race,track_indianapolis_motor_speedway_road_course,Indianapolis Motor Speedway Road Course,driver_seb_murray,Seb Murray,17,drive_through,drive_through,drive_through: Avoidable Contact,official,official_penalty_context,1,d4d96f43d7e734ba26b0bdefe7d2d3e6ec0096e36dc05af4008d5fc7acfe69fd
incident_indy_nxt_caution_2026_6756_2,incident,series_indy_nxt,INDY NXT,2026,event_indy_nxt_2026_5539,Indianapolis Grand Prix Race 1,session_indy_nxt_2026_6756,race,Race,track_indianapolis_motor_speedway_road_course,Indianapolis Motor Speedway Road Course,driver_bryce_aron,Bryce Aron,29,caution,caution_laps_29_to_29_duration_1,Official caution 2 ran from lap 29 to lap 29 for Spin: Car 9 in Turn 3.,official,official_incident_context,1,d4d96f43d7e734ba26b0bdefe7d2d3e6ec0096e36dc05af4008d5fc7acfe69fd
asset_indy_nxt_2026_6756_box_score,media,series_indy_nxt,INDY NXT,2026,event_indy_nxt_2026_5539,Indianapolis Grand Prix Race 1,session_indy_nxt_2026_6756,race,Race,track_indianapolis_motor_speedway_road_course,Indianapolis Motor Speedway Road Course,,,,pdf,link_only,Official INDY NXT session report for Indianapolis Grand Prix Race 1 Race.,link_only,media_narrative_context,1,d4d96f43d7e734ba26b0bdefe7d2d3e6ec0096e36dc05af4008d5fc7acfe69fd
asset_indy_nxt_2026_6756_event_summary,media,series_indy_nxt,INDY NXT,2026,event_indy_nxt_2026_5539,Indianapolis Grand Prix Race 1,session_indy_nxt_2026_6756,race,Race,track_indianapolis_motor_speedway_road_course,Indianapolis Motor Speedway Road Course,,,,pdf,link_only,Official INDY NXT session report for Indianapolis Grand Prix Race 1 Race.,link_only,media_narrative_context,1,d4d96f43d7e734ba26b0bdefe7d2d3e6ec0096e36dc05af4008d5fc7acfe69fd
asset_indy_nxt_2026_6756_lap_chart,media,series_indy_nxt,INDY NXT,2026,event_indy_nxt_2026_5539,Indianapolis Grand Prix Race 1,session_indy_nxt_2026_6756,race,Race,track_indianapolis_motor_speedway_road_course,Indianapolis Motor Speedway Road Course,,,,pdf,link_only,Official INDY NXT session report for Indianapolis Grand Prix Race 1 Race.,link_only,media_narrative_context,1,d4d96f43d7e734ba26b0bdefe7d2d3e6ec0096e36dc05af4008d5fc7acfe69fd
asset_indy_nxt_2026_6756_leader_lap_summary,media,series_indy_nxt,INDY NXT,2026,event_indy_nxt_2026_5539,Indianapolis Grand Prix Race 1,session_indy_nxt_2026_6756,race,Race,track_indianapolis_motor_speedway_road_course,Indianapolis Motor Speedway Road Course,,,,pdf,link_only,Official INDY NXT session report for Indianapolis Grand Prix Race 1 Race.,link_only,media_narrative_context,1,d4d96f43d7e734ba26b0bdefe7d2d3e6ec0096e36dc05af4008d5fc7acfe69fd
asset_indy_nxt_2026_6756_results,media,series_indy_nxt,INDY NXT,2026,event_indy_nxt_2026_5539,Indianapolis Grand Prix Race 1,session_indy_nxt_2026_6756,race,Race,track_indianapolis_motor_speedway_road_course,Indianapolis Motor Speedway Road Course,,,,pdf,link_only,Official INDY NXT session report for Indianapolis Grand Prix Race 1 Race.,link_only,media_narrative_context,1,d4d96f43d7e734ba26b0bdefe7d2d3e6ec0096e36dc05af4008d5fc7acfe69fd
asset_indy_nxt_2026_6756_section_results,media,series_indy_nxt,INDY NXT,2026,event_indy_nxt_2026_5539,Indianapolis Grand Prix Race 1,session_indy_nxt_2026_6756,race,Race,track_indianapolis_motor_speedway_road_course,Indianapolis Motor Speedway Road Course,,,,pdf,link_only,Official INDY NXT session report for Indianapolis Grand Prix Race 1 Race.,link_only,media_narrative_context,1,d4d96f43d7e734ba26b0bdefe7d2d3e6ec0096e36dc05af4008d5fc7acfe69fd
asset_indy_nxt_2026_6756_top_section_times,media,series_indy_nxt,INDY NXT,2026,event_indy_nxt_2026_5539,Indianapolis Grand Prix Race 1,session_indy_nxt_2026_6756,race,Race,track_indianapolis_motor_speedway_road_course,Indianapolis Motor Speedway Road Course,,,,pdf,link_only,Official INDY NXT session report for Indianapolis Grand Prix Race 1 Race.,link_only,media_narrative_context,1,d4d96f43d7e734ba26b0bdefe7d2d3e6ec0096e36dc05af4008d5fc7acfe69fd
racecraft_indy_nxt_2026_6756_most_improved_driver_niels_koolen,racecraft,series_indy_nxt,INDY NXT,2026,event_indy_nxt_2026_5539,Indianapolis Grand Prix Race 1,session_indy_nxt_2026_6756,race,Race,track_indianapolis_motor_speedway_road_course,Indianapolis Motor Speedway Road Course,driver_niels_koolen,Niels Koolen,,start_gain,P22 to P8,"Koolen, Niels was listed as Most Improved in the official Event Summary, improving 14 positions from P22 to P8.",official,official_racecraft_context,1,d4d96f43d7e734ba26b0bdefe7d2d3e6ec0096e36dc05af4008d5fc7acfe69fd
weather_indy_nxt_open_meteo_session_indy_nxt_2026_6756,weather,series_indy_nxt,INDY NXT,2026,event_indy_nxt_2026_5539,Indianapolis Grand Prix Race 1,session_indy_nxt_2026_6756,race,Race,track_indianapolis_motor_speedway_road_course,Indianapolis Motor Speedway Road Course,,,,grid_reanalysis,wet; light_drizzle,wet / light_drizzle; ambient 16.7C (Open-Meteo Historical Weather API hourly archive),modeled_medium,modeled_weather_context,1,d4d96f43d7e734ba26b0bdefe7d2d3e6ec0096e36dc05af4008d5fc7acfe69fd
asset_indy_nxt_2026_6828_results,media,series_indy_nxt,INDY NXT,2026,event_indy_nxt_2026_5539,Indianapolis Grand Prix Race 1,session_indy_nxt_2026_6828,practice,Practice,track_indianapolis_motor_speedway_road_course,Indianapolis Motor Speedway Road Course,,,,pdf,link_only,Official INDY NXT session report for Indianapolis Grand Prix Race 1 Practice.,link_only,media_narrative_context,1,d4d96f43d7e734ba26b0bdefe7d2d3e6ec0096e36dc05af4008d5fc7acfe69fd
asset_indy_nxt_2026_6828_section_results,media,series_indy_nxt,INDY NXT,2026,event_indy_nxt_2026_5539,Indianapolis Grand Prix Race 1,session_indy_nxt_2026_6828,practice,Practice,track_indianapolis_motor_speedway_road_course,Indianapolis Motor Speedway Road Course,,,,pdf,link_only,Official INDY NXT session report for Indianapolis Grand Prix Race 1 Practice.,link_only,media_narrative_context,1,d4d96f43d7e734ba26b0bdefe7d2d3e6ec0096e36dc05af4008d5fc7acfe69fd
asset_indy_nxt_2026_6828_top_section_times,media,series_indy_nxt,INDY NXT,2026,event_indy_nxt_2026_5539,Indianapolis Grand Prix Race 1,session_indy_nxt_2026_6828,practice,Practice,track_indianapolis_motor_speedway_road_course,Indianapolis Motor Speedway Road Course,,,,pdf,link_only,Official INDY NXT session report for Indianapolis Grand Prix Race 1 Practice.,link_only,media_narrative_context,1,d4d96f43d7e734ba26b0bdefe7d2d3e6ec0096e36dc05af4008d5fc7acfe69fd
weather_indy_nxt_open_meteo_session_indy_nxt_2026_6828,weather,series_indy_nxt,INDY NXT,2026,event_indy_nxt_2026_5539,Indianapolis Grand Prix Race 1,session_indy_nxt_2026_6828,practice,Practice,track_indianapolis_motor_speedway_road_course,Indianapolis Motor Speedway Road Course,,,,grid_reanalysis,dry; clear_sky,dry / clear_sky; ambient 9.8C (Open-Meteo Historical Weather API hourly archive),modeled_medium,modeled_weather_context,1,d4d96f43d7e734ba26b0bdefe7d2d3e6ec0096e36dc05af4008d5fc7acfe69fd
asset_indy_nxt_2026_6829_overall_results,media,series_indy_nxt,INDY NXT,2026,event_indy_nxt_2026_5539,Indianapolis Grand Prix Race 1,session_indy_nxt_2026_6829,qualifying,Combined Qualifying - Race 1,track_indianapolis_motor_speedway_road_course,Indianapolis Motor Speedway Road Course,,,,pdf,link_only,Official INDY NXT session report for Indianapolis Grand Prix Race 1 Combined Qualifying - Race 1.,link_only,media_narrative_context,1,d4d96f43d7e734ba26b0bdefe7d2d3e6ec0096e36dc05af4008d5fc7acfe69fd
asset_indy_nxt_2026_6829_results,media,series_indy_nxt,INDY NXT,2026,event_indy_nxt_2026_5539,Indianapolis Grand Prix Race 1,session_indy_nxt_2026_6829,qualifying,Combined Qualifying - Race 1,track_indianapolis_motor_speedway_road_course,Indianapolis Motor Speedway Road Course,,,,pdf,link_only,Official INDY NXT session report for Indianapolis Grand Prix Race 1 Combined Qualifying - Race 1.,link_only,media_narrative_context,1,d4d96f43d7e734ba26b0bdefe7d2d3e6ec0096e36dc05af4008d5fc7acfe69fd
asset_indy_nxt_2026_6830_overall_results,media,series_indy_nxt,INDY NXT,2026,event_indy_nxt_2026_5539,Indianapolis Grand Prix Race 1,session_indy_nxt_2026_6830,qualifying,Qualifying - Race 1 Group 2,track_indianapolis_motor_speedway_road_course,Indianapolis Motor Speedway Road Course,,,,pdf,link_only,Official INDY NXT session report for Indianapolis Grand Prix Race 1 Qualifying - Race 1 Group 2.,link_only,media_narrative_context,1,d4d96f43d7e734ba26b0bdefe7d2d3e6ec0096e36dc05af4008d5fc7acfe69fd
asset_indy_nxt_2026_6830_results,media,series_indy_nxt,INDY NXT,2026,event_indy_nxt_2026_5539,Indianapolis Grand Prix Race 1,session_indy_nxt_2026_6830,qualifying,Qualifying - Race 1 Group 2,track_indianapolis_motor_speedway_road_course,Indianapolis Motor Speedway Road Course,,,,pdf,link_only,Official INDY NXT session report for Indianapolis Grand Prix Race 1 Qualifying - Race 1 Group 2.,link_only,media_narrative_context,1,d4d96f43d7e734ba26b0bdefe7d2d3e6ec0096e36dc05af4008d5fc7acfe69fd
asset_indy_nxt_2026_6830_section_results,media,series_indy_nxt,INDY NXT,2026,event_indy_nxt_2026_5539,Indianapolis Grand Prix Race 1,session_indy_nxt_2026_6830,qualifying,Qualifying - Race 1 Group 2,track_indianapolis_motor_speedway_road_course,Indianapolis Motor Speedway Road Course,,,,pdf,link_only,Official INDY NXT session report for Indianapolis Grand Prix Race 1 Qualifying - Race 1 Group 2.,link_only,media_narrative_context,1,d4d96f43d7e734ba26b0bdefe7d2d3e6ec0096e36dc05af4008d5fc7acfe69fd
asset_indy_nxt_2026_6830_top_section_times,media,series_indy_nxt,INDY NXT,2026,event_indy_nxt_2026_5539,Indianapolis Grand Prix Race 1,session_indy_nxt_2026_6830,qualifying,Qualifying - Race 1 Group 2,track_indianapolis_motor_speedway_road_course,Indianapolis Motor Speedway Road Course,,,,pdf,link_only,Official INDY NXT session report for Indianapolis Grand Prix Race 1 Qualifying - Race 1 Group 2.,link_only,media_narrative_context,1,d4d96f43d7e734ba26b0bdefe7d2d3e6ec0096e36dc05af4008d5fc7acfe69fd
asset_indy_nxt_2026_6831_overall_results,media,series_indy_nxt,INDY NXT,2026,event_indy_nxt_2026_5539,Indianapolis Grand Prix Race 1,session_indy_nxt_2026_6831,qualifying,Qualifying - Race 1 Group 1,track_indianapolis_motor_speedway_road_course,Indianapolis Motor Speedway Road Course,,,,pdf,link_only,Official INDY NXT session report for Indianapolis Grand Prix Race 1 Qualifying - Race 1 Group 1.,link_only,media_narrative_context,1,d4d96f43d7e734ba26b0bdefe7d2d3e6ec0096e36dc05af4008d5fc7acfe69fd
asset_indy_nxt_2026_6831_results,media,series_indy_nxt,INDY NXT,2026,event_indy_nxt_2026_5539,Indianapolis Grand Prix Race 1,session_indy_nxt_2026_6831,qualifying,Qualifying - Race 1 Group 1,track_indianapolis_motor_speedway_road_course,Indianapolis Motor Speedway Road Course,,,,pdf,link_only,Official INDY NXT session report for Indianapolis Grand Prix Race 1 Qualifying - Race 1 Group 1.,link_only,media_narrative_context,1,d4d96f43d7e734ba26b0bdefe7d2d3e6ec0096e36dc05af4008d5fc7acfe69fd
asset_indy_nxt_2026_6831_section_results,media,series_indy_nxt,INDY NXT,2026,event_indy_nxt_2026_5539,Indianapolis Grand Prix Race 1,session_indy_nxt_2026_6831,qualifying,Qualifying - Race 1 Group 1,track_indianapolis_motor_speedway_road_course,Indianapolis Motor Speedway Road Course,,,,pdf,link_only,Official INDY NXT session report for Indianapolis Grand Prix Race 1 Qualifying - Race 1 Group 1.,link_only,media_narrative_context,1,d4d96f43d7e734ba26b0bdefe7d2d3e6ec0096e36dc05af4008d5fc7acfe69fd
asset_indy_nxt_2026_6831_top_section_times,media,series_indy_nxt,INDY NXT,2026,event_indy_nxt_2026_5539,Indianapolis Grand Prix Race 1,session_indy_nxt_2026_6831,qualifying,Qualifying - Race 1 Group 1,track_indianapolis_motor_speedway_road_course,Indianapolis Motor Speedway Road Course,,,,pdf,link_only,Official INDY NXT session report for Indianapolis Grand Prix Race 1 Qualifying - Race 1 Group 1.,link_only,media_narrative_context,1,d4d96f43d7e734ba26b0bdefe7d2d3e6ec0096e36dc05af4008d5fc7acfe69fd
penalty_indy_nxt_2026_6765_car_68_lap_4_yield_positions,penalty,series_indy_nxt,INDY NXT,2026,event_indy_nxt_2026_5548,Indianapolis Grand Prix Race 2,session_indy_nxt_2026_6765,race,Race,track_indianapolis_motor_speedway_road_course,Indianapolis Motor Speedway Road Course,driver_jm_correa,JM Correa,4,yield_positions,positionImpact=-3,yield_positions: Short Cut,official,official_penalty_context,1,d4d96f43d7e734ba26b0bdefe7d2d3e6ec0096e36dc05af4008d5fc7acfe69fd
penalty_indy_nxt_2026_6765_car_10_lap_5_yield_positions,penalty,series_indy_nxt,INDY NXT,2026,event_indy_nxt_2026_5548,Indianapolis Grand Prix Race 2,session_indy_nxt_2026_6765,race,Race,track_indianapolis_motor_speedway_road_course,Indianapolis Motor Speedway Road Course,driver_niels_koolen,Niels Koolen,5,yield_positions,positionImpact=-3,yield_positions: Short Cut,official,official_penalty_context,1,d4d96f43d7e734ba26b0bdefe7d2d3e6ec0096e36dc05af4008d5fc7acfe69fd
penalty_indy_nxt_2026_6765_car_15_lap_14_no_further_penalty,penalty,series_indy_nxt,INDY NXT,2026,event_indy_nxt_2026_5548,Indianapolis Grand Prix Race 2,session_indy_nxt_2026_6765,race,Race,track_indianapolis_motor_speedway_road_course,Indianapolis Motor Speedway Road Course,driver_nicolas_stati,Nicolas Stati,14,no_further_penalty,no_further_penalty,no_further_penalty: Jumping Start,official,official_penalty_context,1,d4d96f43d7e734ba26b0bdefe7d2d3e6ec0096e36dc05af4008d5fc7acfe69fd
penalty_indy_nxt_2026_6765_car_75_lap_18_yield_positions,penalty,series_indy_nxt,INDY NXT,2026,event_indy_nxt_2026_5548,Indianapolis Grand Prix Race 2,session_indy_nxt_2026_6765,race,Race,track_indianapolis_motor_speedway_road_course,Indianapolis Motor Speedway Road Course,driver_alexander_koreiba,Alexander Koreiba,18,yield_positions,positionImpact=-3,yield_positions: Avoidable Contact,official,official_penalty_context,1,d4d96f43d7e734ba26b0bdefe7d2d3e6ec0096e36dc05af4008d5fc7acfe69fd
penalty_indy_nxt_2026_6765_car_12_lap_23_drive_through,penalty,series_indy_nxt,INDY NXT,2026,event_indy_nxt_2026_5548,Indianapolis Grand Prix Race 2,session_indy_nxt_2026_6765,race,Race,track_indianapolis_motor_speedway_road_course,Indianapolis Motor Speedway Road Course,driver_max_garcia,Max Garcia,23,drive_through,drive_through,drive_through: Pit Speed Violation,official,official_penalty_context,1,d4d96f43d7e734ba26b0bdefe7d2d3e6ec0096e36dc05af4008d5fc7acfe69fd
penalty_indy_nxt_2026_6765_car_76_lap_27_yield_positions,penalty,series_indy_nxt,INDY NXT,2026,event_indy_nxt_2026_5548,Indianapolis Grand Prix Race 2,session_indy_nxt_2026_6765,race,Race,track_indianapolis_motor_speedway_road_course,Indianapolis Motor Speedway Road Course,driver_ricardo_escotto,Ricardo Escotto,27,yield_positions,positionImpact=-2,yield_positions: Blocking,official,official_penalty_context,1,d4d96f43d7e734ba26b0bdefe7d2d3e6ec0096e36dc05af4008d5fc7acfe69fd
penalty_indy_nxt_2026_6765_car_76_lap_28_drive_through,penalty,series_indy_nxt,INDY NXT,2026,event_indy_nxt_2026_5548,Indianapolis Grand Prix Race 2,session_indy_nxt_2026_6765,race,Race,track_indianapolis_motor_speedway_road_course,Indianapolis Motor Speedway Road Course,driver_ricardo_escotto,Ricardo Escotto,28,drive_through,drive_through,drive_through: Failure to Follow the Directions of INDYCAR,official,official_penalty_context,1,d4d96f43d7e734ba26b0bdefe7d2d3e6ec0096e36dc05af4008d5fc7acfe69fd
incident_indy_nxt_status_2026_6765_driver_myles_rowe,incident,series_indy_nxt,INDY NXT,2026,event_indy_nxt_2026_5548,Indianapolis Grand Prix Race 2,session_indy_nxt_2026_6765,race,Race,track_indianapolis_motor_speedway_road_course,Indianapolis Motor Speedway Road Course,driver_myles_rowe,Myles Rowe,,contact,finish_position_24_laps_9,"Official INDY NXT result status reported ""Contact"" for Myles Rowe.",official,official_incident_context,1,d4d96f43d7e734ba26b0bdefe7d2d3e6ec0096e36dc05af4008d5fc7acfe69fd
asset_indy_nxt_2026_6765_box_score,media,series_indy_nxt,INDY NXT,2026,event_indy_nxt_2026_5548,Indianapolis Grand Prix Race 2,session_indy_nxt_2026_6765,race,Race,track_indianapolis_motor_speedway_road_course,Indianapolis Motor Speedway Road Course,,,,pdf,link_only,Official INDY NXT session report for Indianapolis Grand Prix Race 2 Race.,link_only,media_narrative_context,1,d4d96f43d7e734ba26b0bdefe7d2d3e6ec0096e36dc05af4008d5fc7acfe69fd
asset_indy_nxt_2026_6765_event_summary,media,series_indy_nxt,INDY NXT,2026,event_indy_nxt_2026_5548,Indianapolis Grand Prix Race 2,session_indy_nxt_2026_6765,race,Race,track_indianapolis_motor_speedway_road_course,Indianapolis Motor Speedway Road Course,,,,pdf,link_only,Official INDY NXT session report for Indianapolis Grand Prix Race 2 Race.,link_only,media_narrative_context,1,d4d96f43d7e734ba26b0bdefe7d2d3e6ec0096e36dc05af4008d5fc7acfe69fd
asset_indy_nxt_2026_6765_lap_chart,media,series_indy_nxt,INDY NXT,2026,event_indy_nxt_2026_5548,Indianapolis Grand Prix Race 2,session_indy_nxt_2026_6765,race,Race,track_indianapolis_motor_speedway_road_course,Indianapolis Motor Speedway Road Course,,,,pdf,link_only,Official INDY NXT session report for Indianapolis Grand Prix Race 2 Race.,link_only,media_narrative_context,1,d4d96f43d7e734ba26b0bdefe7d2d3e6ec0096e36dc05af4008d5fc7acfe69fd
asset_indy_nxt_2026_6765_leader_lap_summary,media,series_indy_nxt,INDY NXT,2026,event_indy_nxt_2026_5548,Indianapolis Grand Prix Race 2,session_indy_nxt_2026_6765,race,Race,track_indianapolis_motor_speedway_road_course,Indianapolis Motor Speedway Road Course,,,,pdf,link_only,Official INDY NXT session report for Indianapolis Grand Prix Race 2 Race.,link_only,media_narrative_context,1,d4d96f43d7e734ba26b0bdefe7d2d3e6ec0096e36dc05af4008d5fc7acfe69fd
asset_indy_nxt_2026_6765_results,media,series_indy_nxt,INDY NXT,2026,event_indy_nxt_2026_5548,Indianapolis Grand Prix Race 2,session_indy_nxt_2026_6765,race,Race,track_indianapolis_motor_speedway_road_course,Indianapolis Motor Speedway Road Course,,,,pdf,link_only,Official INDY NXT session report for Indianapolis Grand Prix Race 2 Race.,link_only,media_narrative_context,1,d4d96f43d7e734ba26b0bdefe7d2d3e6ec0096e36dc05af4008d5fc7acfe69fd
asset_indy_nxt_2026_6765_section_results,media,series_indy_nxt,INDY NXT,2026,event_indy_nxt_2026_5548,Indianapolis Grand Prix Race 2,session_indy_nxt_2026_6765,race,Race,track_indianapolis_motor_speedway_road_course,Indianapolis Motor Speedway Road Course,,,,pdf,link_only,Official INDY NXT session report for Indianapolis Grand Prix Race 2 Race.,link_only,media_narrative_context,1,d4d96f43d7e734ba26b0bdefe7d2d3e6ec0096e36dc05af4008d5fc7acfe69fd
asset_indy_nxt_2026_6765_top_section_times,media,series_indy_nxt,INDY NXT,2026,event_indy_nxt_2026_5548,Indianapolis Grand Prix Race 2,session_indy_nxt_2026_6765,race,Race,track_indianapolis_motor_speedway_road_course,Indianapolis Motor Speedway Road Course,,,,pdf,link_only,Official INDY NXT session report for Indianapolis Grand Prix Race 2 Race.,link_only,media_narrative_context,1,d4d96f43d7e734ba26b0bdefe7d2d3e6ec0096e36dc05af4008d5fc7acfe69fd
racecraft_indy_nxt_2026_6765_most_improved_driver_niels_koolen,racecraft,series_indy_nxt,INDY NXT,2026,event_indy_nxt_2026_5548,Indianapolis Grand Prix Race 2,session_indy_nxt_2026_6765,race,Race,track_indianapolis_motor_speedway_road_course,Indianapolis Motor Speedway Road Course,driver_niels_koolen,Niels Koolen,,start_gain,P21 to P14,"Koolen, Niels was listed as Most Improved in the official Event Summary, improving 7 positions from P21 to P14.",official,official_racecraft_context,1,d4d96f43d7e734ba26b0bdefe7d2d3e6ec0096e36dc05af4008d5fc7acfe69fd
weather_indy_nxt_open_meteo_session_indy_nxt_2026_6765,weather,series_indy_nxt,INDY NXT,2026,event_indy_nxt_2026_5548,Indianapolis Grand Prix Race 2,session_indy_nxt_2026_6765,race,Race,track_indianapolis_motor_speedway_road_course,Indianapolis Motor Speedway Road Course,,,,grid_reanalysis,dry; clear_sky,dry / clear_sky; ambient 21.2C (Open-Meteo Historical Weather API hourly archive),modeled_medium,modeled_weather_context,1,d4d96f43d7e734ba26b0bdefe7d2d3e6ec0096e36dc05af4008d5fc7acfe69fd
asset_indy_nxt_2026_6832_overall_results,media,series_indy_nxt,INDY NXT,2026,event_indy_nxt_2026_5548,Indianapolis Grand Prix Race 2,session_indy_nxt_2026_6832,qualifying,Combined Qualifying - Race 2,track_indianapolis_motor_speedway_road_course,Indianapolis Motor Speedway Road Course,,,,pdf,link_only,Official INDY NXT session report for Indianapolis Grand Prix Race 2 Combined Qualifying - Race 2.,link_only,media_narrative_context,1,d4d96f43d7e734ba26b0bdefe7d2d3e6ec0096e36dc05af4008d5fc7acfe69fd
asset_indy_nxt_2026_6832_results,media,series_indy_nxt,INDY NXT,2026,event_indy_nxt_2026_5548,Indianapolis Grand Prix Race 2,session_indy_nxt_2026_6832,qualifying,Combined Qualifying - Race 2,track_indianapolis_motor_speedway_road_course,Indianapolis Motor Speedway Road Course,,,,pdf,link_only,Official INDY NXT session report for Indianapolis Grand Prix Race 2 Combined Qualifying - Race 2.,link_only,media_narrative_context,1,d4d96f43d7e734ba26b0bdefe7d2d3e6ec0096e36dc05af4008d5fc7acfe69fd
asset_indy_nxt_2026_6833_overall_results,media,series_indy_nxt,INDY NXT,2026,event_indy_nxt_2026_5548,Indianapolis Grand Prix Race 2,session_indy_nxt_2026_6833,qualifying,Qualifying - Race 2 Group 1,track_indianapolis_motor_speedway_road_course,Indianapolis Motor Speedway Road Course,,,,pdf,link_only,Official INDY NXT session report for Indianapolis Grand Prix Race 2 Qualifying - Race 2 Group 1.,link_only,media_narrative_context,1,d4d96f43d7e734ba26b0bdefe7d2d3e6ec0096e36dc05af4008d5fc7acfe69fd
asset_indy_nxt_2026_6833_results,media,series_indy_nxt,INDY NXT,2026,event_indy_nxt_2026_5548,Indianapolis Grand Prix Race 2,session_indy_nxt_2026_6833,qualifying,Qualifying - Race 2 Group 1,track_indianapolis_motor_speedway_road_course,Indianapolis Motor Speedway Road Course,,,,pdf,link_only,Official INDY NXT session report for Indianapolis Grand Prix Race 2 Qualifying - Race 2 Group 1.,link_only,media_narrative_context,1,d4d96f43d7e734ba26b0bdefe7d2d3e6ec0096e36dc05af4008d5fc7acfe69fd
asset_indy_nxt_2026_6833_section_results,media,series_indy_nxt,INDY NXT,2026,event_indy_nxt_2026_5548,Indianapolis Grand Prix Race 2,session_indy_nxt_2026_6833,qualifying,Qualifying - Race 2 Group 1,track_indianapolis_motor_speedway_road_course,Indianapolis Motor Speedway Road Course,,,,pdf,link_only,Official INDY NXT session report for Indianapolis Grand Prix Race 2 Qualifying - Race 2 Group 1.,link_only,media_narrative_context,1,d4d96f43d7e734ba26b0bdefe7d2d3e6ec0096e36dc05af4008d5fc7acfe69fd
asset_indy_nxt_2026_6833_top_section_times,media,series_indy_nxt,INDY NXT,2026,event_indy_nxt_2026_5548,Indianapolis Grand Prix Race 2,session_indy_nxt_2026_6833,qualifying,Qualifying - Race 2 Group 1,track_indianapolis_motor_speedway_road_course,Indianapolis Motor Speedway Road Course,,,,pdf,link_only,Official INDY NXT session report for Indianapolis Grand Prix Race 2 Qualifying - Race 2 Group 1.,link_only,media_narrative_context,1,d4d96f43d7e734ba26b0bdefe7d2d3e6ec0096e36dc05af4008d5fc7acfe69fd
asset_indy_nxt_2026_6834_overall_results,media,series_indy_nxt,INDY NXT,2026,event_indy_nxt_2026_5548,Indianapolis Grand Prix Race 2,session_indy_nxt_2026_6834,qualifying,Qualifying - Race 2 Group 2,track_indianapolis_motor_speedway_road_course,Indianapolis Motor Speedway Road Course,,,,pdf,link_only,Official INDY NXT session report for Indianapolis Grand Prix Race 2 Qualifying - Race 2 Group 2.,link_only,media_narrative_context,1,d4d96f43d7e734ba26b0bdefe7d2d3e6ec0096e36dc05af4008d5fc7acfe69fd
asset_indy_nxt_2026_6834_results,media,series_indy_nxt,INDY NXT,2026,event_indy_nxt_2026_5548,Indianapolis Grand Prix Race 2,session_indy_nxt_2026_6834,qualifying,Qualifying - Race 2 Group 2,track_indianapolis_motor_speedway_road_course,Indianapolis Motor Speedway Road Course,,,,pdf,link_only,Official INDY NXT session report for Indianapolis Grand Prix Race 2 Qualifying - Race 2 Group 2.,link_only,media_narrative_context,1,d4d96f43d7e734ba26b0bdefe7d2d3e6ec0096e36dc05af4008d5fc7acfe69fd
asset_indy_nxt_2026_6834_section_results,media,series_indy_nxt,INDY NXT,2026,event_indy_nxt_2026_5548,Indianapolis Grand Prix Race 2,session_indy_nxt_2026_6834,qualifying,Qualifying - Race 2 Group 2,track_indianapolis_motor_speedway_road_course,Indianapolis Motor Speedway Road Course,,,,pdf,link_only,Official INDY NXT session report for Indianapolis Grand Prix Race 2 Qualifying - Race 2 Group 2.,link_only,media_narrative_context,1,d4d96f43d7e734ba26b0bdefe7d2d3e6ec0096e36dc05af4008d5fc7acfe69fd
asset_indy_nxt_2026_6834_top_section_times,media,series_indy_nxt,INDY NXT,2026,event_indy_nxt_2026_5548,Indianapolis Grand Prix Race 2,session_indy_nxt_2026_6834,qualifying,Qualifying - Race 2 Group 2,track_indianapolis_motor_speedway_road_course,Indianapolis Motor Speedway Road Course,,,,pdf,link_only,Official INDY NXT session report for Indianapolis Grand Prix Race 2 Qualifying - Race 2 Group 2.,link_only,media_narrative_context,1,d4d96f43d7e734ba26b0bdefe7d2d3e6ec0096e36dc05af4008d5fc7acfe69fd
incident_indy_nxt_caution_2026_6755_1,incident,series_indy_nxt,INDY NXT,2026,event_indy_nxt_2026_5538,Music City Grand Prix,session_indy_nxt_2026_6755,race,Race,track_nashville_superspeedway,Nashville Superspeedway,,,5,caution_contact,caution_laps_5_to_13_duration_9,Official caution 1 ran from lap 5 to lap 13 for Contact: Cars 48 and 68 in Turn 4.,official,official_incident_context,1,d4d96f43d7e734ba26b0bdefe7d2d3e6ec0096e36dc05af4008d5fc7acfe69fd
incident_indy_nxt_caution_2026_6755_2,incident,series_indy_nxt,INDY NXT,2026,event_indy_nxt_2026_5538,Music City Grand Prix,session_indy_nxt_2026_6755,race,Race,track_nashville_superspeedway,Nashville Superspeedway,,,18,caution_debris,caution_laps_18_to_19_duration_2,Official caution 2 ran from lap 18 to lap 19 for Debris.,official,official_incident_context,1,d4d96f43d7e734ba26b0bdefe7d2d3e6ec0096e36dc05af4008d5fc7acfe69fd
incident_indy_nxt_status_2026_6755_driver_colin_kaminsky,incident,series_indy_nxt,INDY NXT,2026,event_indy_nxt_2026_5538,Music City Grand Prix,session_indy_nxt_2026_6755,race,Race,track_nashville_superspeedway,Nashville Superspeedway,driver_colin_kaminsky,Colin Kaminsky,,contact,finish_position_19_laps_52,"Official INDY NXT result status reported ""Contact"" for Colin Kaminsky.",official,official_incident_context,1,d4d96f43d7e734ba26b0bdefe7d2d3e6ec0096e36dc05af4008d5fc7acfe69fd
incident_indy_nxt_status_2026_6755_driver_jm_correa,incident,series_indy_nxt,INDY NXT,2026,event_indy_nxt_2026_5538,Music City Grand Prix,session_indy_nxt_2026_6755,race,Race,track_nashville_superspeedway,Nashville Superspeedway,driver_jm_correa,JM Correa,,contact,finish_position_23_laps_4,"Official INDY NXT result status reported ""Contact"" for JM Correa.",official,official_incident_context,1,d4d96f43d7e734ba26b0bdefe7d2d3e6ec0096e36dc05af4008d5fc7acfe69fd
incident_indy_nxt_status_2026_6755_driver_jordan_missig,incident,series_indy_nxt,INDY NXT,2026,event_indy_nxt_2026_5538,Music City Grand Prix,session_indy_nxt_2026_6755,race,Race,track_nashville_superspeedway,Nashville Superspeedway,driver_jordan_missig,Jordan Missig,,contact,finish_position_22_laps_4,"Official INDY NXT result status reported ""Contact"" for Jordan Missig.",official,official_incident_context,1,d4d96f43d7e734ba26b0bdefe7d2d3e6ec0096e36dc05af4008d5fc7acfe69fd
asset_indy_nxt_2026_6755_event_summary,media,series_indy_nxt,INDY NXT,2026,event_indy_nxt_2026_5538,Music City Grand Prix,session_indy_nxt_2026_6755,race,Race,track_nashville_superspeedway,Nashville Superspeedway,,,,pdf,link_only,Official INDY NXT session report for Music City Grand Prix Race.,link_only,media_narrative_context,1,d4d96f43d7e734ba26b0bdefe7d2d3e6ec0096e36dc05af4008d5fc7acfe69fd
asset_indy_nxt_2026_6755_lap_chart,media,series_indy_nxt,INDY NXT,2026,event_indy_nxt_2026_5538,Music City Grand Prix,session_indy_nxt_2026_6755,race,Race,track_nashville_superspeedway,Nashville Superspeedway,,,,pdf,link_only,Official INDY NXT session report for Music City Grand Prix Race.,link_only,media_narrative_context,1,d4d96f43d7e734ba26b0bdefe7d2d3e6ec0096e36dc05af4008d5fc7acfe69fd
asset_indy_nxt_2026_6755_leader_lap_summary,media,series_indy_nxt,INDY NXT,2026,event_indy_nxt_2026_5538,Music City Grand Prix,session_indy_nxt_2026_6755,race,Race,track_nashville_superspeedway,Nashville Superspeedway,,,,pdf,link_only,Official INDY NXT session report for Music City Grand Prix Race.,link_only,media_narrative_context,1,d4d96f43d7e734ba26b0bdefe7d2d3e6ec0096e36dc05af4008d5fc7acfe69fd
asset_indy_nxt_2026_6755_results,media,series_indy_nxt,INDY NXT,2026,event_indy_nxt_2026_5538,Music City Grand Prix,session_indy_nxt_2026_6755,race,Race,track_nashville_superspeedway,Nashville Superspeedway,,,,pdf,link_only,Official INDY NXT session report for Music City Grand Prix Race.,link_only,media_narrative_context,1,d4d96f43d7e734ba26b0bdefe7d2d3e6ec0096e36dc05af4008d5fc7acfe69fd
asset_indy_nxt_2026_6755_section_results,media,series_indy_nxt,INDY NXT,2026,event_indy_nxt_2026_5538,Music City Grand Prix,session_indy_nxt_2026_6755,race,Race,track_nashville_superspeedway,Nashville Superspeedway,,,,pdf,link_only,Official INDY NXT session report for Music City Grand Prix Race.,link_only,media_narrative_context,1,d4d96f43d7e734ba26b0bdefe7d2d3e6ec0096e36dc05af4008d5fc7acfe69fd
asset_indy_nxt_2026_6755_top_section_times,media,series_indy_nxt,INDY NXT,2026,event_indy_nxt_2026_5538,Music City Grand Prix,session_indy_nxt_2026_6755,race,Race,track_nashville_superspeedway,Nashville Superspeedway,,,,pdf,link_only,Official INDY NXT session report for Music City Grand Prix Race.,link_only,media_narrative_context,1,d4d96f43d7e734ba26b0bdefe7d2d3e6ec0096e36dc05af4008d5fc7acfe69fd
racecraft_indy_nxt_2026_6755_most_improved_driver_alexander_koreiba,racecraft,series_indy_nxt,INDY NXT,2026,event_indy_nxt_2026_5538,Music City Grand Prix,session_indy_nxt_2026_6755,race,Race,track_nashville_superspeedway,Nashville Superspeedway,driver_alexander_koreiba,Alexander Koreiba,,start_gain,P22 to P14,"Koreiba, Alexander was listed as Most Improved in the official Event Summary, improving 8 positions from P22 to P14.",official,official_racecraft_context,1,d4d96f43d7e734ba26b0bdefe7d2d3e6ec0096e36dc05af4008d5fc7acfe69fd
weather_indy_nxt_open_meteo_session_indy_nxt_2026_6755,weather,series_indy_nxt,INDY NXT,2026,event_indy_nxt_2026_5538,Music City Grand Prix,session_indy_nxt_2026_6755,race,Race,track_nashville_superspeedway,Nashville Superspeedway,,,,grid_reanalysis,dry; mainly_clear,dry / mainly_clear; ambient 30.2C (Open-Meteo Historical Weather API hourly archive),modeled_medium,modeled_weather_context,1,d4d96f43d7e734ba26b0bdefe7d2d3e6ec0096e36dc05af4008d5fc7acfe69fd
asset_indy_nxt_2026_6923_overall_results,media,series_indy_nxt,INDY NXT,2026,event_indy_nxt_2026_5538,Music City Grand Prix,session_indy_nxt_2026_6923,qualifying,Qualifying,track_nashville_superspeedway,Nashville Superspeedway,,,,pdf,link_only,Official INDY NXT session report for Music City Grand Prix Qualifying.,link_only,media_narrative_context,1,d4d96f43d7e734ba26b0bdefe7d2d3e6ec0096e36dc05af4008d5fc7acfe69fd
asset_indy_nxt_2026_6923_results,media,series_indy_nxt,INDY NXT,2026,event_indy_nxt_2026_5538,Music City Grand Prix,session_indy_nxt_2026_6923,qualifying,Qualifying,track_nashville_superspeedway,Nashville Superspeedway,,,,pdf,link_only,Official INDY NXT session report for Music City Grand Prix Qualifying.,link_only,media_narrative_context,1,d4d96f43d7e734ba26b0bdefe7d2d3e6ec0096e36dc05af4008d5fc7acfe69fd
asset_indy_nxt_2026_6923_section_results,media,series_indy_nxt,INDY NXT,2026,event_indy_nxt_2026_5538,Music City Grand Prix,session_indy_nxt_2026_6923,qualifying,Qualifying,track_nashville_superspeedway,Nashville Superspeedway,,,,pdf,link_only,Official INDY NXT session report for Music City Grand Prix Qualifying.,link_only,media_narrative_context,1,d4d96f43d7e734ba26b0bdefe7d2d3e6ec0096e36dc05af4008d5fc7acfe69fd
asset_indy_nxt_2026_6923_top_section_times,media,series_indy_nxt,INDY NXT,2026,event_indy_nxt_2026_5538,Music City Grand Prix,session_indy_nxt_2026_6923,qualifying,Qualifying,track_nashville_superspeedway,Nashville Superspeedway,,,,pdf,link_only,Official INDY NXT session report for Music City Grand Prix Qualifying.,link_only,media_narrative_context,1,d4d96f43d7e734ba26b0bdefe7d2d3e6ec0096e36dc05af4008d5fc7acfe69fd
weather_indy_nxt_open_meteo_session_indy_nxt_2026_6923,weather,series_indy_nxt,INDY NXT,2026,event_indy_nxt_2026_5538,Music City Grand Prix,session_indy_nxt_2026_6923,qualifying,Qualifying,track_nashville_superspeedway,Nashville Superspeedway,,,,grid_reanalysis,dry; mainly_clear,dry / mainly_clear; ambient 31.7C (Open-Meteo Historical Weather API hourly archive),modeled_medium,modeled_weather_context,1,d4d96f43d7e734ba26b0bdefe7d2d3e6ec0096e36dc05af4008d5fc7acfe69fd
asset_indy_nxt_2026_6924_combined_results,media,series_indy_nxt,INDY NXT,2026,event_indy_nxt_2026_5538,Music City Grand Prix,session_indy_nxt_2026_6924,practice,Practice,track_nashville_superspeedway,Nashville Superspeedway,,,,pdf,link_only,Official INDY NXT session report for Music City Grand Prix Practice.,link_only,media_narrative_context,1,d4d96f43d7e734ba26b0bdefe7d2d3e6ec0096e36dc05af4008d5fc7acfe69fd
asset_indy_nxt_2026_6924_results,media,series_indy_nxt,INDY NXT,2026,event_indy_nxt_2026_5538,Music City Grand Prix,session_indy_nxt_2026_6924,practice,Practice,track_nashville_superspeedway,Nashville Superspeedway,,,,pdf,link_only,Official INDY NXT session report for Music City Grand Prix Practice.,link_only,media_narrative_context,1,d4d96f43d7e734ba26b0bdefe7d2d3e6ec0096e36dc05af4008d5fc7acfe69fd
asset_indy_nxt_2026_6924_section_results,media,series_indy_nxt,INDY NXT,2026,event_indy_nxt_2026_5538,Music City Grand Prix,session_indy_nxt_2026_6924,practice,Practice,track_nashville_superspeedway,Nashville Superspeedway,,,,pdf,link_only,Official INDY NXT session report for Music City Grand Prix Practice.,link_only,media_narrative_context,1,d4d96f43d7e734ba26b0bdefe7d2d3e6ec0096e36dc05af4008d5fc7acfe69fd
asset_indy_nxt_2026_6924_top_section_times,media,series_indy_nxt,INDY NXT,2026,event_indy_nxt_2026_5538,Music City Grand Prix,session_indy_nxt_2026_6924,practice,Practice,track_nashville_superspeedway,Nashville Superspeedway,,,,pdf,link_only,Official INDY NXT session report for Music City Grand Prix Practice.,link_only,media_narrative_context,1,d4d96f43d7e734ba26b0bdefe7d2d3e6ec0096e36dc05af4008d5fc7acfe69fd
weather_indy_nxt_open_meteo_session_indy_nxt_2026_6924,weather,series_indy_nxt,INDY NXT,2026,event_indy_nxt_2026_5538,Music City Grand Prix,session_indy_nxt_2026_6924,practice,Practice,track_nashville_superspeedway,Nashville Superspeedway,,,,grid_reanalysis,wet; moderate_drizzle,wet / moderate_drizzle; ambient 26.6C (Open-Meteo Historical Weather API hourly archive),modeled_medium,modeled_weather_context,1,d4d96f43d7e734ba26b0bdefe7d2d3e6ec0096e36dc05af4008d5fc7acfe69fd
