mediaId,assetType,title,rightsStatus,publishedAt,seriesId,seriesName,seasonYear,eventId,eventName,sessionId,sessionType,sessionName,driverId,driverName,isBryceFocused,hasQuote,summary,url,provenanceRefCount,sourceHash
asset_froc_2024_r1_taupo_track_1150x790,image,FROC 2024 Round 1 Taupo_Track-1150x790,link_only,,series_froc,Castrol Toyota Formula Regional Oceania Championship,2024,event_froc_2024_r1_taupo_international_motorsport_park,FROC 2024 Round 1 - Taupo International Motorsport Park,,,,,,no,no,Official Toyota NZ image link from Round 1 results page.,https://www.toyota.co.nz/globalassets/toyota-racing-website/new-website/castrol-toyota-racing-series/calendar/2024-season/taupo_track-1150x790.png,1,900ddfcb701b1977f16e33501302742c328980f5ffcccd190d2e433bba0b5681
asset_froc_2024_r1_website_timetable_1150x790,image,FROC 2024 Round 1 Website_TimeTable_1150x790,link_only,,series_froc,Castrol Toyota Formula Regional Oceania Championship,2024,event_froc_2024_r1_taupo_international_motorsport_park,FROC 2024 Round 1 - Taupo International Motorsport Park,,,,,,no,no,Official Toyota NZ image link from Round 1 results page.,https://www.toyota.co.nz/globalassets/toyota-racing-website/new-website/castrol-toyota-racing-series/calendar/2024-season/rounds-2024/round-1---taupo/website_timetable_1150x790.jpg,1,900ddfcb701b1977f16e33501302742c328980f5ffcccd190d2e433bba0b5681
asset_froc_2024_r2_2024_ctfroc_website_schedule_r2_1150x790,image,FROC 2024 Round 2 2024 CTFROC Website schedule R2 1150x790,link_only,,series_froc,Castrol Toyota Formula Regional Oceania Championship,2024,event_froc_2024_r2_manfeild_circuit_chris_amon,FROC 2024 Round 2 - Manfeild - Circuit Chris Amon,,,,,,no,no,Official Toyota NZ image link from Round 2 results page.,https://www.toyota.co.nz/globalassets/toyota-racing-website/new-website/castrol-toyota-racing-series/calendar/2024-season/rounds-2024/round-2---manfeild/2024-ctfroc-website-schedule-r2-1150x790.jpg,1,900ddfcb701b1977f16e33501302742c328980f5ffcccd190d2e433bba0b5681
asset_froc_2024_r2_castrol_manfield_1150x790,image,FROC 2024 Round 2 castrol-manfield-1150x790,link_only,,series_froc,Castrol Toyota Formula Regional Oceania Championship,2024,event_froc_2024_r2_manfeild_circuit_chris_amon,FROC 2024 Round 2 - Manfeild - Circuit Chris Amon,,,,,,no,no,Official Toyota NZ image link from Round 2 results page.,https://www.toyota.co.nz/globalassets/toyota-racing-website/new-website/castrol-toyota-racing-series/calendar/2023-season/castrol-manfield-1150x790.jpg,1,900ddfcb701b1977f16e33501302742c328980f5ffcccd190d2e433bba0b5681
asset_froc_2024_r2_fp_1,pdf,FROC 2024 Round 2 FP 1,link_only,,series_froc,Castrol Toyota Formula Regional Oceania Championship,2024,event_froc_2024_r2_manfeild_circuit_chris_amon,FROC 2024 Round 2 - Manfeild - Circuit Chris Amon,,,,,,no,no,Official Toyota NZ pdf link from Round 2 results page.,https://www.toyota.co.nz/globalassets/toyota-racing-website/new-website/castrol-toyota-racing-series/calendar/2024-season/rounds-2024/round-2---manfeild/ctfroc_rd2_practice-01---overall-classification.pdf,1,900ddfcb701b1977f16e33501302742c328980f5ffcccd190d2e433bba0b5681
asset_froc_2024_r2_fp_2,pdf,FROC 2024 Round 2 FP 2,link_only,,series_froc,Castrol Toyota Formula Regional Oceania Championship,2024,event_froc_2024_r2_manfeild_circuit_chris_amon,FROC 2024 Round 2 - Manfeild - Circuit Chris Amon,,,,,,no,no,Official Toyota NZ pdf link from Round 2 results page.,https://www.toyota.co.nz/globalassets/toyota-racing-website/new-website/castrol-toyota-racing-series/calendar/2024-season/rounds-2024/round-2---manfeild/ctfroc_rd2_practice-02---overall-classification.pdf,1,900ddfcb701b1977f16e33501302742c328980f5ffcccd190d2e433bba0b5681
asset_froc_2024_r2_fp_3,pdf,FROC 2024 Round 2 FP 3,link_only,,series_froc,Castrol Toyota Formula Regional Oceania Championship,2024,event_froc_2024_r2_manfeild_circuit_chris_amon,FROC 2024 Round 2 - Manfeild - Circuit Chris Amon,,,,,,no,no,Official Toyota NZ pdf link from Round 2 results page.,https://www.toyota.co.nz/globalassets/toyota-racing-website/new-website/castrol-toyota-racing-series/calendar/2024-season/rounds-2024/round-2---manfeild/ctfroc_rd2_practice-03---overall-classification.pdf,1,900ddfcb701b1977f16e33501302742c328980f5ffcccd190d2e433bba0b5681
asset_froc_2024_r2_grid_r1,pdf,FROC 2024 Round 2 Grid R1,link_only,,series_froc,Castrol Toyota Formula Regional Oceania Championship,2024,event_froc_2024_r2_manfeild_circuit_chris_amon,FROC 2024 Round 2 - Manfeild - Circuit Chris Amon,,,,,,no,no,Official Toyota NZ pdf link from Round 2 results page.,https://www.toyota.co.nz/globalassets/toyota-racing-website/new-website/castrol-toyota-racing-series/calendar/2024-season/rounds-2024/round-2---manfeild/castrol-toyota-fr-oceania-championship----race-1---startinggrid.pdf,1,900ddfcb701b1977f16e33501302742c328980f5ffcccd190d2e433bba0b5681
asset_froc_2024_r2_grid_r2,pdf,FROC 2024 Round 2 Grid R2,link_only,,series_froc,Castrol Toyota Formula Regional Oceania Championship,2024,event_froc_2024_r2_manfeild_circuit_chris_amon,FROC 2024 Round 2 - Manfeild - Circuit Chris Amon,,,,,,no,no,Official Toyota NZ pdf link from Round 2 results page.,https://www.toyota.co.nz/globalassets/toyota-racing-website/new-website/castrol-toyota-racing-series/calendar/2024-season/rounds-2024/round-2---manfeild/ctfroc_rd2--grid-race-2.pdf,1,900ddfcb701b1977f16e33501302742c328980f5ffcccd190d2e433bba0b5681
asset_froc_2024_r2_grid_r3,pdf,FROC 2024 Round 2 Grid R3,link_only,,series_froc,Castrol Toyota Formula Regional Oceania Championship,2024,event_froc_2024_r2_manfeild_circuit_chris_amon,FROC 2024 Round 2 - Manfeild - Circuit Chris Amon,,,,,,no,no,Official Toyota NZ pdf link from Round 2 results page.,https://www.toyota.co.nz/globalassets/toyota-racing-website/new-website/castrol-toyota-racing-series/calendar/2024-season/rounds-2024/round-2---manfeild/ctfroc_rd2--grid-race-3.pdf,1,900ddfcb701b1977f16e33501302742c328980f5ffcccd190d2e433bba0b5681
asset_froc_2024_r2_qualy_1,pdf,FROC 2024 Round 2 Qualy 1,link_only,,series_froc,Castrol Toyota Formula Regional Oceania Championship,2024,event_froc_2024_r2_manfeild_circuit_chris_amon,FROC 2024 Round 2 - Manfeild - Circuit Chris Amon,session_froc_2024_r2_qualifying_1,qualifying,Qualifying 1,,,no,no,Official Toyota NZ pdf link from Round 2 results page.,https://www.toyota.co.nz/globalassets/toyota-racing-website/new-website/castrol-toyota-racing-series/calendar/2024-season/rounds-2024/round-2---manfeild/castrol-toyota-fr-oceania-championship----qualifying-1---qualifyreduced.pdf,1,900ddfcb701b1977f16e33501302742c328980f5ffcccd190d2e433bba0b5681
asset_froc_2024_r2_qualy_2,pdf,FROC 2024 Round 2 Qualy 2,link_only,,series_froc,Castrol Toyota Formula Regional Oceania Championship,2024,event_froc_2024_r2_manfeild_circuit_chris_amon,FROC 2024 Round 2 - Manfeild - Circuit Chris Amon,session_froc_2024_r2_qualifying_2,qualifying,Qualifying 2,,,no,no,Official Toyota NZ pdf link from Round 2 results page.,https://www.toyota.co.nz/globalassets/toyota-racing-website/new-website/castrol-toyota-racing-series/calendar/2024-season/rounds-2024/round-2---manfeild/ctfroc_rd2_qualifying-02---final-classification.pdf,1,900ddfcb701b1977f16e33501302742c328980f5ffcccd190d2e433bba0b5681
asset_froc_2024_r2_race_1,pdf,FROC 2024 Round 2 Race 1,link_only,,series_froc,Castrol Toyota Formula Regional Oceania Championship,2024,event_froc_2024_r2_manfeild_circuit_chris_amon,FROC 2024 Round 2 - Manfeild - Circuit Chris Amon,session_froc_2024_r2_race_1,race,Race 1,,,no,no,Official Toyota NZ pdf link from Round 2 results page.,https://www.toyota.co.nz/globalassets/toyota-racing-website/new-website/castrol-toyota-racing-series/calendar/2024-season/rounds-2024/round-2---manfeild/ctfroc_rd2_race-1---final-classification.pdf,1,900ddfcb701b1977f16e33501302742c328980f5ffcccd190d2e433bba0b5681
asset_froc_2024_r2_race_2,pdf,FROC 2024 Round 2 Race 2,link_only,,series_froc,Castrol Toyota Formula Regional Oceania Championship,2024,event_froc_2024_r2_manfeild_circuit_chris_amon,FROC 2024 Round 2 - Manfeild - Circuit Chris Amon,session_froc_2024_r2_race_2,race,Race 2,,,no,no,Official Toyota NZ pdf link from Round 2 results page.,https://www.toyota.co.nz/globalassets/toyota-racing-website/new-website/castrol-toyota-racing-series/calendar/2024-season/rounds-2024/round-2---manfeild/ctfroc_rd2_race-2---provisional-classification.pdf,1,900ddfcb701b1977f16e33501302742c328980f5ffcccd190d2e433bba0b5681
asset_froc_2024_r2_test_1,pdf,FROC 2024 Round 2 Test 1,link_only,,series_froc,Castrol Toyota Formula Regional Oceania Championship,2024,event_froc_2024_r2_manfeild_circuit_chris_amon,FROC 2024 Round 2 - Manfeild - Circuit Chris Amon,session_froc_2024_r2_test_1,test,Test 1,,,no,no,Official Toyota NZ pdf link from Round 2 results page.,https://www.toyota.co.nz/globalassets/toyota-racing-website/new-website/castrol-toyota-racing-series/calendar/2024-season/rounds-2024/round-2---manfeild/castrol-toyota-fr-oceania-championship----test-session-01---qualifyfull.pdf,1,900ddfcb701b1977f16e33501302742c328980f5ffcccd190d2e433bba0b5681
asset_froc_2024_r2_test_2,pdf,FROC 2024 Round 2 Test 2,link_only,,series_froc,Castrol Toyota Formula Regional Oceania Championship,2024,event_froc_2024_r2_manfeild_circuit_chris_amon,FROC 2024 Round 2 - Manfeild - Circuit Chris Amon,session_froc_2024_r2_test_2,test,Test 2,,,no,no,Official Toyota NZ pdf link from Round 2 results page.,https://www.toyota.co.nz/globalassets/toyota-racing-website/new-website/castrol-toyota-racing-series/calendar/2024-season/rounds-2024/round-2---manfeild/castrol-toyota-fr-oceania-championship----test-session-02---qualifyfull.pdf,1,900ddfcb701b1977f16e33501302742c328980f5ffcccd190d2e433bba0b5681
asset_froc_2024_r3_2024_ctfroc_website_schedule_r3_1150x790,image,FROC 2024 Round 3 2024 CTFROC Website schedule R3 1150x790,link_only,,series_froc,Castrol Toyota Formula Regional Oceania Championship,2024,event_froc_2024_r3_hampton_downs_motorsport_park,FROC 2024 Round 3 - Hampton Downs Motorsport Park,,,,,,no,no,Official Toyota NZ image link from Round 3 results page.,https://www.toyota.co.nz/globalassets/toyota-racing-website/new-website/castrol-toyota-racing-series/calendar/2024-season/rounds-2024/round-3---hampton-downs/2024-ctfroc-website-schedule-r3-1150x790.jpg,1,900ddfcb701b1977f16e33501302742c328980f5ffcccd190d2e433bba0b5681
asset_froc_2024_r3_hampton_ctfroc_1150x790,image,FROC 2024 Round 3 Hampton-CTFROC-1150x790,link_only,,series_froc,Castrol Toyota Formula Regional Oceania Championship,2024,event_froc_2024_r3_hampton_downs_motorsport_park,FROC 2024 Round 3 - Hampton Downs Motorsport Park,,,,,,no,no,Official Toyota NZ image link from Round 3 results page.,https://www.toyota.co.nz/globalassets/toyota-racing-website/new-website/castrol-toyota-racing-series/calendar/2024-season/rounds-2024/round-3---hampton-downs/hampton-ctfroc-1150x790.jpg,1,900ddfcb701b1977f16e33501302742c328980f5ffcccd190d2e433bba0b5681
asset_froc_2024_r4_2024_ctfroc_website_schedule_r4_1150x790,image,FROC 2024 Round 4 2024 CTFROC Website schedule R4 1150x790,link_only,,series_froc,Castrol Toyota Formula Regional Oceania Championship,2024,event_froc_2024_r4_euromarque_motorsport_park,FROC 2024 Round 4 - Euromarque Motorsport Park,,,,,,no,no,Official Toyota NZ image link from Round 4 results page.,https://www.toyota.co.nz/globalassets/toyota-racing-website/new-website/castrol-toyota-racing-series/calendar/2024-season/rounds-2024/round-4---euromarque/2024-ctfroc-website-schedule-r4-1150x790.jpg,1,900ddfcb701b1977f16e33501302742c328980f5ffcccd190d2e433bba0b5681
asset_froc_2024_r4_euromarque_track_1150_790,image,FROC 2024 Round 4 Euromarque-Track-1150-790,link_only,,series_froc,Castrol Toyota Formula Regional Oceania Championship,2024,event_froc_2024_r4_euromarque_motorsport_park,FROC 2024 Round 4 - Euromarque Motorsport Park,,,,,,no,no,Official Toyota NZ image link from Round 4 results page.,https://www.toyota.co.nz/globalassets/toyota-racing-website/new-website/castrol-toyota-racing-series/calendar/2024-season/rounds-2024/round-4---euromarque/euromarque-track-1150-790.png,1,900ddfcb701b1977f16e33501302742c328980f5ffcccd190d2e433bba0b5681
asset_froc_2024_r5_2024_ctfroc_website_schedule_1150x790_round_5,image,FROC 2024 Round 5 2024 CTFROC Website schedule 1150x790 Round 5,link_only,,series_froc,Castrol Toyota Formula Regional Oceania Championship,2024,event_froc_2024_r5_highlands_motorsport_park,FROC 2024 Round 5 - Highlands Motorsport Park,,,,,,no,no,Official Toyota NZ image link from Round 5 results page.,https://www.toyota.co.nz/globalassets/toyota-racing-website/new-website/castrol-toyota-racing-series/calendar/2024-season/rounds-2024/round-5---highlands/2024-ctfroc-website-schedule-1150x790-round-5.jpg,1,900ddfcb701b1977f16e33501302742c328980f5ffcccd190d2e433bba0b5681
asset_froc_2024_r5_highlands_track_1150x790,image,FROC 2024 Round 5 Highlands_Track-1150x790,link_only,,series_froc,Castrol Toyota Formula Regional Oceania Championship,2024,event_froc_2024_r5_highlands_motorsport_park,FROC 2024 Round 5 - Highlands Motorsport Park,,,,,,no,no,Official Toyota NZ image link from Round 5 results page.,https://www.toyota.co.nz/globalassets/toyota-racing-website/new-website/castrol-toyota-racing-series/calendar/2024-season/highlands_track-1150x790.png,1,900ddfcb701b1977f16e33501302742c328980f5ffcccd190d2e433bba0b5681
asset_frp_f1600_2019_r1_03_qualifying_pdf,pdf,FRP F1600 2019 Road Atlanta Qualifying timing PDF,link_only,,series_frp_f1600,F1600 Championship Series,2019,event_frp_f1600_2019_r1_road_atlanta,FRP F1600 2019 Round 1 - Road Atlanta,session_frp_f1600_2019_r1_03_qualifying,qualifying,Qualifying,,,no,no,Official FRP F1600 timing PDF for Road Atlanta Qualifying.,https://cdn.prod.website-files.com/5e6065f5b2e7eb0f83419949/60954eb52369ead9b8fe584d_F1600_Merge_P1P2_Qualify_R1.pdf,2,900ddfcb701b1977f16e33501302742c328980f5ffcccd190d2e433bba0b5681
asset_frp_f1600_2019_points_pdf,pdf,FRP F1600 2019 season points PDF,link_only,,global_context,Global / career context,,,,,,,,,no,no,Official FRP F1600 2019 season points PDF with drops.,https://cdn.prod.website-files.com/5e6065f5b2e7eb7c7741994a/5e6065f5b2e7ebeb26419ba1_F1600_Season_Points_NJMP_with_DROPS_2019(1).pdf,2,900ddfcb701b1977f16e33501302742c328980f5ffcccd190d2e433bba0b5681
asset_indy_nxt_2026_6766_results,pdf,Results,link_only,2/27/2026,series_indy_nxt,INDY NXT,2026,event_indy_nxt_2026_5534,Grand Prix of St. Petersburg,session_indy_nxt_2026_6766,practice,Practice 1,,,no,no,Official INDY NXT session report for Grand Prix of St. Petersburg Practice 1.,http://www.imscdn.com/INDYCAR/Documents/5534/6766/indynxt-results-p1.pdf,1,900ddfcb701b1977f16e33501302742c328980f5ffcccd190d2e433bba0b5681
asset_indy_nxt_2026_6766_section_results,pdf,Section Results,link_only,2/27/2026,series_indy_nxt,INDY NXT,2026,event_indy_nxt_2026_5534,Grand Prix of St. Petersburg,session_indy_nxt_2026_6766,practice,Practice 1,,,no,no,Official INDY NXT session report for Grand Prix of St. Petersburg Practice 1.,http://www.imscdn.com/INDYCAR/Documents/5534/6766/indynxt-sectionresults-p1.pdf,1,900ddfcb701b1977f16e33501302742c328980f5ffcccd190d2e433bba0b5681
asset_indy_nxt_2026_6766_top_section_times,pdf,Top Section Times,link_only,2/27/2026,series_indy_nxt,INDY NXT,2026,event_indy_nxt_2026_5534,Grand Prix of St. Petersburg,session_indy_nxt_2026_6766,practice,Practice 1,,,no,no,Official INDY NXT session report for Grand Prix of St. Petersburg Practice 1.,http://www.imscdn.com/INDYCAR/Documents/5534/6766/indynxt-topsectiontimes-p1.pdf,1,900ddfcb701b1977f16e33501302742c328980f5ffcccd190d2e433bba0b5681
asset_indy_nxt_2025_6515_results,pdf,Results,link_only,2/28/2025,series_indy_nxt,INDY NXT,2025,event_indy_nxt_2025_5488,Grand Prix of St. Petersburg,session_indy_nxt_2025_6515,practice,Practice 1,,,no,no,Official INDY NXT session report for Grand Prix of St. Petersburg Practice 1.,http://www.imscdn.com/INDYCAR/Documents/6515/2025-02-28/indynxt-results-p1.pdf,1,900ddfcb701b1977f16e33501302742c328980f5ffcccd190d2e433bba0b5681
asset_indy_nxt_2025_6515_section_results,pdf,Section Results,link_only,2/28/2025,series_indy_nxt,INDY NXT,2025,event_indy_nxt_2025_5488,Grand Prix of St. Petersburg,session_indy_nxt_2025_6515,practice,Practice 1,,,no,no,Official INDY NXT session report for Grand Prix of St. Petersburg Practice 1.,http://www.imscdn.com/INDYCAR/Documents/6515/2025-02-28/indynxt-sectionresults-p1.pdf,1,900ddfcb701b1977f16e33501302742c328980f5ffcccd190d2e433bba0b5681
asset_indy_nxt_2025_6515_top_section_times,pdf,Top Section Times,link_only,2/28/2025,series_indy_nxt,INDY NXT,2025,event_indy_nxt_2025_5488,Grand Prix of St. Petersburg,session_indy_nxt_2025_6515,practice,Practice 1,,,no,no,Official INDY NXT session report for Grand Prix of St. Petersburg Practice 1.,http://www.imscdn.com/INDYCAR/Documents/6515/2025-02-28/indynxt-topsectiontimes-p1.pdf,1,900ddfcb701b1977f16e33501302742c328980f5ffcccd190d2e433bba0b5681
asset_indy_nxt_2026_6767_combined_results,pdf,Combined Results,link_only,2/28/2026,series_indy_nxt,INDY NXT,2026,event_indy_nxt_2026_5534,Grand Prix of St. Petersburg,session_indy_nxt_2026_6767,practice,Practice 2,,,no,no,Official INDY NXT session report for Grand Prix of St. Petersburg Practice 2.,http://www.imscdn.com/INDYCAR/Documents/5534/6767/indynxt-results-pcomb-p2.pdf,1,900ddfcb701b1977f16e33501302742c328980f5ffcccd190d2e433bba0b5681
asset_indy_nxt_2026_6767_results,pdf,Results,link_only,2/28/2026,series_indy_nxt,INDY NXT,2026,event_indy_nxt_2026_5534,Grand Prix of St. Petersburg,session_indy_nxt_2026_6767,practice,Practice 2,,,no,no,Official INDY NXT session report for Grand Prix of St. Petersburg Practice 2.,http://www.imscdn.com/INDYCAR/Documents/5534/6767/indynxt-results-p2.pdf,1,900ddfcb701b1977f16e33501302742c328980f5ffcccd190d2e433bba0b5681
asset_indy_nxt_2026_6767_section_results,pdf,Section Results,link_only,2/28/2026,series_indy_nxt,INDY NXT,2026,event_indy_nxt_2026_5534,Grand Prix of St. Petersburg,session_indy_nxt_2026_6767,practice,Practice 2,,,no,no,Official INDY NXT session report for Grand Prix of St. Petersburg Practice 2.,http://www.imscdn.com/INDYCAR/Documents/5534/6767/indynxt-sectionresults-p2.pdf,1,900ddfcb701b1977f16e33501302742c328980f5ffcccd190d2e433bba0b5681
asset_indy_nxt_2026_6767_top_section_times,pdf,Top Section Times,link_only,2/28/2026,series_indy_nxt,INDY NXT,2026,event_indy_nxt_2026_5534,Grand Prix of St. Petersburg,session_indy_nxt_2026_6767,practice,Practice 2,,,no,no,Official INDY NXT session report for Grand Prix of St. Petersburg Practice 2.,http://www.imscdn.com/INDYCAR/Documents/5534/6767/indynxt-topsectiontimes-p2.pdf,1,900ddfcb701b1977f16e33501302742c328980f5ffcccd190d2e433bba0b5681
asset_indy_nxt_2026_6768_overall_results,pdf,Overall Results,link_only,2/28/2026,series_indy_nxt,INDY NXT,2026,event_indy_nxt_2026_5534,Grand Prix of St. Petersburg,session_indy_nxt_2026_6768,qualifying,Qualifications - Group 1,,,no,no,Official INDY NXT session report for Grand Prix of St. Petersburg Qualifications - Group 1.,http://www.imscdn.com/INDYCAR/Documents/5534/6768/indynxt-results-quals.pdf,1,900ddfcb701b1977f16e33501302742c328980f5ffcccd190d2e433bba0b5681
asset_indy_nxt_2026_6768_results,pdf,Results,link_only,2/28/2026,series_indy_nxt,INDY NXT,2026,event_indy_nxt_2026_5534,Grand Prix of St. Petersburg,session_indy_nxt_2026_6768,qualifying,Qualifications - Group 1,,,no,no,Official INDY NXT session report for Grand Prix of St. Petersburg Qualifications - Group 1.,http://www.imscdn.com/INDYCAR/Documents/5534/6768/indynxt-results-quals-g1.pdf,1,900ddfcb701b1977f16e33501302742c328980f5ffcccd190d2e433bba0b5681
asset_indy_nxt_2026_6768_section_results,pdf,Section Results,link_only,2/28/2026,series_indy_nxt,INDY NXT,2026,event_indy_nxt_2026_5534,Grand Prix of St. Petersburg,session_indy_nxt_2026_6768,qualifying,Qualifications - Group 1,,,no,no,Official INDY NXT session report for Grand Prix of St. Petersburg Qualifications - Group 1.,http://www.imscdn.com/INDYCAR/Documents/5534/6768/indynxt-sectionresults-quals-g1.pdf,1,900ddfcb701b1977f16e33501302742c328980f5ffcccd190d2e433bba0b5681
asset_indy_nxt_2026_6768_top_section_times,pdf,Top Section Times,link_only,2/28/2026,series_indy_nxt,INDY NXT,2026,event_indy_nxt_2026_5534,Grand Prix of St. Petersburg,session_indy_nxt_2026_6768,qualifying,Qualifications - Group 1,,,no,no,Official INDY NXT session report for Grand Prix of St. Petersburg Qualifications - Group 1.,http://www.imscdn.com/INDYCAR/Documents/5534/6768/indynxt-topsectiontimes-quals-g1.pdf,1,900ddfcb701b1977f16e33501302742c328980f5ffcccd190d2e433bba0b5681
asset_indy_nxt_2026_6769_overall_results,pdf,Overall Results,link_only,2/28/2026,series_indy_nxt,INDY NXT,2026,event_indy_nxt_2026_5534,Grand Prix of St. Petersburg,session_indy_nxt_2026_6769,qualifying,Qualifications - Group 2,,,no,no,Official INDY NXT session report for Grand Prix of St. Petersburg Qualifications - Group 2.,http://www.imscdn.com/INDYCAR/Documents/5534/6769/indynxt-results-quals.pdf,1,900ddfcb701b1977f16e33501302742c328980f5ffcccd190d2e433bba0b5681
asset_indy_nxt_2026_6769_results,pdf,Results,link_only,2/28/2026,series_indy_nxt,INDY NXT,2026,event_indy_nxt_2026_5534,Grand Prix of St. Petersburg,session_indy_nxt_2026_6769,qualifying,Qualifications - Group 2,,,no,no,Official INDY NXT session report for Grand Prix of St. Petersburg Qualifications - Group 2.,http://www.imscdn.com/INDYCAR/Documents/5534/6769/indynxt-results-quals-g2.pdf,1,900ddfcb701b1977f16e33501302742c328980f5ffcccd190d2e433bba0b5681
asset_indy_nxt_2026_6769_section_results,pdf,Section Results,link_only,2/28/2026,series_indy_nxt,INDY NXT,2026,event_indy_nxt_2026_5534,Grand Prix of St. Petersburg,session_indy_nxt_2026_6769,qualifying,Qualifications - Group 2,,,no,no,Official INDY NXT session report for Grand Prix of St. Petersburg Qualifications - Group 2.,http://www.imscdn.com/INDYCAR/Documents/5534/6769/indynxt-sectionresults-quals-g2.pdf,1,900ddfcb701b1977f16e33501302742c328980f5ffcccd190d2e433bba0b5681
asset_indy_nxt_2026_6769_top_section_times,pdf,Top Section Times,link_only,2/28/2026,series_indy_nxt,INDY NXT,2026,event_indy_nxt_2026_5534,Grand Prix of St. Petersburg,session_indy_nxt_2026_6769,qualifying,Qualifications - Group 2,,,no,no,Official INDY NXT session report for Grand Prix of St. Petersburg Qualifications - Group 2.,http://www.imscdn.com/INDYCAR/Documents/5534/6769/indynxt-topsectiontimes-quals-g2.pdf,1,900ddfcb701b1977f16e33501302742c328980f5ffcccd190d2e433bba0b5681
asset_indy_nxt_2026_6770_overall_results,pdf,Overall Results,link_only,2/28/2026,series_indy_nxt,INDY NXT,2026,event_indy_nxt_2026_5534,Grand Prix of St. Petersburg,session_indy_nxt_2026_6770,qualifying,Combined Qualifications,,,no,no,Official INDY NXT session report for Grand Prix of St. Petersburg Combined Qualifications.,http://www.imscdn.com/INDYCAR/Documents/5534/6770/indynxt-results-quals.pdf,1,900ddfcb701b1977f16e33501302742c328980f5ffcccd190d2e433bba0b5681
asset_indy_nxt_2026_6770_results,pdf,Results,link_only,2/28/2026,series_indy_nxt,INDY NXT,2026,event_indy_nxt_2026_5534,Grand Prix of St. Petersburg,session_indy_nxt_2026_6770,qualifying,Combined Qualifications,,,no,no,Official INDY NXT session report for Grand Prix of St. Petersburg Combined Qualifications.,http://www.imscdn.com/INDYCAR/Documents/5534/6770/indynxt-results-quals.pdf,1,900ddfcb701b1977f16e33501302742c328980f5ffcccd190d2e433bba0b5681
asset_frp_f1600_2019_r1_01_practice_1_pdf,pdf,FRP F1600 2019 Road Atlanta Practice 1 timing PDF,link_only,2019-04-18T11:10:00,series_frp_f1600,F1600 Championship Series,2019,event_frp_f1600_2019_r1_road_atlanta,FRP F1600 2019 Round 1 - Road Atlanta,session_frp_f1600_2019_r1_01_practice_1,practice,Practice 1,,,no,no,Official FRP F1600 timing PDF for Road Atlanta Practice 1.,https://cdn.prod.website-files.com/5e6065f5b2e7eb0f83419949/60954e8ac09ba448b6fc6893_Road_Atlantic_F1600_P1.pdf,2,900ddfcb701b1977f16e33501302742c328980f5ffcccd190d2e433bba0b5681
asset_frp_f1600_2019_r1_02_practice_2_pdf,pdf,FRP F1600 2019 Road Atlanta Practice 2 timing PDF,link_only,2019-04-18T15:10:00,series_frp_f1600,F1600 Championship Series,2019,event_frp_f1600_2019_r1_road_atlanta,FRP F1600 2019 Round 1 - Road Atlanta,session_frp_f1600_2019_r1_02_practice_2,practice,Practice 2,,,no,no,Official FRP F1600 timing PDF for Road Atlanta Practice 2.,https://cdn.prod.website-files.com/5e6065f5b2e7eb0f83419949/60954e8f083d27b9b7ffc13c_Road_Atlanta_F1600_P2.pdf,2,900ddfcb701b1977f16e33501302742c328980f5ffcccd190d2e433bba0b5681
asset_frp_f1600_2019_r1_04_race_1_pdf,pdf,FRP F1600 2019 Road Atlanta Race 1 timing PDF,link_only,2019-04-19T16:00:00,series_frp_f1600,F1600 Championship Series,2019,event_frp_f1600_2019_r1_road_atlanta,FRP F1600 2019 Round 1 - Road Atlanta,session_frp_f1600_2019_r1_04_race_1,race,Race 1,,,no,no,Official FRP F1600 timing PDF for Road Atlanta Race 1.,https://cdn.prod.website-files.com/5e6065f5b2e7eb0f83419949/60954f359d2909a1afbc1c5e_F16_FINAL_R1_FIXED_FAST_LAP.pdf,2,900ddfcb701b1977f16e33501302742c328980f5ffcccd190d2e433bba0b5681
asset_frp_f1600_2019_r1_05_race_2_pdf,pdf,FRP F1600 2019 Road Atlanta Race 2 timing PDF,link_only,2019-04-20T11:20:00,series_frp_f1600,F1600 Championship Series,2019,event_frp_f1600_2019_r1_road_atlanta,FRP F1600 2019 Round 1 - Road Atlanta,session_frp_f1600_2019_r1_05_race_2,race,Race 2,,,no,no,Official FRP F1600 timing PDF for Road Atlanta Race 2.,https://cdn.prod.website-files.com/5e6065f5b2e7eb0f83419949/60954ec9c3c85300299ec436_F16_Provisional_Race_2_Results.pdf,2,900ddfcb701b1977f16e33501302742c328980f5ffcccd190d2e433bba0b5681
asset_frp_f1600_2019_r1_06_race_3_pdf,pdf,FRP F1600 2019 Road Atlanta Race 3 timing PDF,link_only,2019-04-20T15:45:00,series_frp_f1600,F1600 Championship Series,2019,event_frp_f1600_2019_r1_road_atlanta,FRP F1600 2019 Round 1 - Road Atlanta,session_frp_f1600_2019_r1_06_race_3,race,Race 3,,,no,no,Official FRP F1600 timing PDF for Road Atlanta Race 3.,https://cdn.prod.website-files.com/5e6065f5b2e7eb0f83419949/60954f1db0916c79f8fbd26f_F16_Provisional_Race_3_Results.pdf,2,900ddfcb701b1977f16e33501302742c328980f5ffcccd190d2e433bba0b5681
asset_frp_f1600_2019_r2_01_practice_1_pdf,pdf,FRP F1600 2019 Watkins Glen International Practice 1 timing PDF,link_only,2019-05-10T15:30:00,series_frp_f1600,F1600 Championship Series,2019,event_frp_f1600_2019_r2_watkins_glen_international,FRP F1600 2019 Round 2 - Watkins Glen International,session_frp_f1600_2019_r2_01_practice_1,practice,Practice 1,,,no,no,Official FRP F1600 timing PDF for Watkins Glen International Practice 1.,https://cdn.prod.website-files.com/5e6065f5b2e7eb0f83419949/60954f68fdc2125037fd2728_WGI_-_F1600_P1_Fri.pdf,2,900ddfcb701b1977f16e33501302742c328980f5ffcccd190d2e433bba0b5681
asset_frp_f1600_2019_r2_02_practice_2_pdf,pdf,FRP F1600 2019 Watkins Glen International Practice 2 timing PDF,link_only,2019-05-11T09:05:00,series_frp_f1600,F1600 Championship Series,2019,event_frp_f1600_2019_r2_watkins_glen_international,FRP F1600 2019 Round 2 - Watkins Glen International,session_frp_f1600_2019_r2_02_practice_2,practice,Practice 2,,,no,no,Official FRP F1600 timing PDF for Watkins Glen International Practice 2.,https://cdn.prod.website-files.com/5e6065f5b2e7eb0f83419949/6095538b75db58022d82ba00_WGI%20F1600%20P2%20Sat.pdf,2,900ddfcb701b1977f16e33501302742c328980f5ffcccd190d2e433bba0b5681
asset_frp_f1600_2019_r2_03_qualifying_pdf,pdf,FRP F1600 2019 Watkins Glen International Qualifying timing PDF,link_only,2019-05-11T11:30:00,series_frp_f1600,F1600 Championship Series,2019,event_frp_f1600_2019_r2_watkins_glen_international,FRP F1600 2019 Round 2 - Watkins Glen International,session_frp_f1600_2019_r2_03_qualifying,qualifying,Qualifying,,,no,no,Official FRP F1600 timing PDF for Watkins Glen International Qualifying.,https://cdn.prod.website-files.com/5e6065f5b2e7eb0f83419949/60954f89f80f04558fa25498_WGI_-_F1600_Q1_for_R1_Sat%20(1).pdf,2,900ddfcb701b1977f16e33501302742c328980f5ffcccd190d2e433bba0b5681
asset_frp_f1600_2019_r2_04_race_1_pdf,pdf,FRP F1600 2019 Watkins Glen International Race 1 timing PDF,link_only,2019-05-11T14:35:00,series_frp_f1600,F1600 Championship Series,2019,event_frp_f1600_2019_r2_watkins_glen_international,FRP F1600 2019 Round 2 - Watkins Glen International,session_frp_f1600_2019_r2_04_race_1,race,Race 1,,,no,no,Official FRP F1600 timing PDF for Watkins Glen International Race 1.,https://cdn.prod.website-files.com/5e6065f5b2e7eb0f83419949/60954faba44aca714973d627_WGI_F1600_Provisional_Race_1_Results.pdf,2,900ddfcb701b1977f16e33501302742c328980f5ffcccd190d2e433bba0b5681
asset_frp_f1600_2019_r2_05_race_2_pdf,pdf,FRP F1600 2019 Watkins Glen International Race 2 timing PDF,link_only,2019-05-12T10:25:00,series_frp_f1600,F1600 Championship Series,2019,event_frp_f1600_2019_r2_watkins_glen_international,FRP F1600 2019 Round 2 - Watkins Glen International,session_frp_f1600_2019_r2_05_race_2,race,Race 2,,,no,no,Official FRP F1600 timing PDF for Watkins Glen International Race 2.,https://cdn.prod.website-files.com/5e6065f5b2e7eb0f83419949/60954faff08ffb95e1a6fd07_WGI_-_F1600_Provisional_Race_2_Results-2.pdf,2,900ddfcb701b1977f16e33501302742c328980f5ffcccd190d2e433bba0b5681
asset_frp_f1600_2019_r2_06_race_3_pdf,pdf,FRP F1600 2019 Watkins Glen International Race 3 timing PDF,link_only,2019-05-12T14:06:00,series_frp_f1600,F1600 Championship Series,2019,event_frp_f1600_2019_r2_watkins_glen_international,FRP F1600 2019 Round 2 - Watkins Glen International,session_frp_f1600_2019_r2_06_race_3,race,Race 3,,,no,no,Official FRP F1600 timing PDF for Watkins Glen International Race 3.,https://cdn.prod.website-files.com/5e6065f5b2e7eb0f83419949/60954fb45f9c2842d74c154c_WGI_-_F1600_Provisional_Race_3_Results.pdf,2,900ddfcb701b1977f16e33501302742c328980f5ffcccd190d2e433bba0b5681
asset_frp_f1600_2019_r3_01_practice_1_pdf,pdf,FRP F1600 2019 Mid Ohio Sports Car Course Practice 1 timing PDF,link_only,2019-06-28T08:30:00,series_frp_f1600,F1600 Championship Series,2019,event_frp_f1600_2019_r3_mid_ohio_sports_car_course,FRP F1600 2019 Round 3 - Mid Ohio Sports Car Course,session_frp_f1600_2019_r3_01_practice_1,practice,Practice 1,,,no,no,Official FRP F1600 timing PDF for Mid Ohio Sports Car Course Practice 1.,https://cdn.prod.website-files.com/5e6065f5b2e7eb0f83419949/60954fe7f08ffb9f6ba6fdc8_MidO_F1600_P1_Fri.pdf,2,900ddfcb701b1977f16e33501302742c328980f5ffcccd190d2e433bba0b5681
asset_frp_f1600_2019_r3_02_practice_2_pdf,pdf,FRP F1600 2019 Mid Ohio Sports Car Course Practice 2 timing PDF,link_only,2019-06-28T13:10:00,series_frp_f1600,F1600 Championship Series,2019,event_frp_f1600_2019_r3_mid_ohio_sports_car_course,FRP F1600 2019 Round 3 - Mid Ohio Sports Car Course,session_frp_f1600_2019_r3_02_practice_2,practice,Practice 2,,,no,no,Official FRP F1600 timing PDF for Mid Ohio Sports Car Course Practice 2.,https://cdn.prod.website-files.com/5e6065f5b2e7eb0f83419949/6095500f037f99687c5b541d_MidO_F1600_P2_Fri.pdf,2,900ddfcb701b1977f16e33501302742c328980f5ffcccd190d2e433bba0b5681
asset_frp_f1600_2019_r3_03_qualifying_pdf,pdf,FRP F1600 2019 Mid Ohio Sports Car Course Qualifying timing PDF,link_only,2019-06-29T08:30:00,series_frp_f1600,F1600 Championship Series,2019,event_frp_f1600_2019_r3_mid_ohio_sports_car_course,FRP F1600 2019 Round 3 - Mid Ohio Sports Car Course,session_frp_f1600_2019_r3_03_qualifying,qualifying,Qualifying,,,no,no,Official FRP F1600 timing PDF for Mid Ohio Sports Car Course Qualifying.,https://cdn.prod.website-files.com/5e6065f5b2e7eb0f83419949/60955027d0c8967fa1149387_MidO_F1600_Q1_with_penalty.pdf,2,900ddfcb701b1977f16e33501302742c328980f5ffcccd190d2e433bba0b5681
asset_frp_f1600_2019_r3_04_race_1_pdf,pdf,FRP F1600 2019 Mid Ohio Sports Car Course Race 1 timing PDF,link_only,2019-06-29T13:05:00,series_frp_f1600,F1600 Championship Series,2019,event_frp_f1600_2019_r3_mid_ohio_sports_car_course,FRP F1600 2019 Round 3 - Mid Ohio Sports Car Course,session_frp_f1600_2019_r3_04_race_1,race,Race 1,,,no,no,Official FRP F1600 timing PDF for Mid Ohio Sports Car Course Race 1.,https://cdn.prod.website-files.com/5e6065f5b2e7eb0f83419949/6095502c2675113ff1d4fa88_MidO_F1600_R1_Sat.pdf,2,900ddfcb701b1977f16e33501302742c328980f5ffcccd190d2e433bba0b5681
asset_frp_f1600_2019_r3_05_race_2_pdf,pdf,FRP F1600 2019 Mid Ohio Sports Car Course Race 2 timing PDF,link_only,2019-06-30T08:00:00,series_frp_f1600,F1600 Championship Series,2019,event_frp_f1600_2019_r3_mid_ohio_sports_car_course,FRP F1600 2019 Round 3 - Mid Ohio Sports Car Course,session_frp_f1600_2019_r3_05_race_2,race,Race 2,,,no,no,Official FRP F1600 timing PDF for Mid Ohio Sports Car Course Race 2.,https://cdn.prod.website-files.com/5e6065f5b2e7eb0f83419949/60955034d0c8961a5a1493b6_F1600_Provisional_R2_Results.pdf,2,900ddfcb701b1977f16e33501302742c328980f5ffcccd190d2e433bba0b5681
asset_frp_f1600_2019_r3_06_race_3_pdf,pdf,FRP F1600 2019 Mid Ohio Sports Car Course Race 3 timing PDF,link_only,2019-06-30T11:05:00,series_frp_f1600,F1600 Championship Series,2019,event_frp_f1600_2019_r3_mid_ohio_sports_car_course,FRP F1600 2019 Round 3 - Mid Ohio Sports Car Course,session_frp_f1600_2019_r3_06_race_3,race,Race 3,,,no,no,Official FRP F1600 timing PDF for Mid Ohio Sports Car Course Race 3.,https://cdn.prod.website-files.com/5e6065f5b2e7eb0f83419949/609550399887013c84bf40eb_F1600_Provisional_R3_Results.pdf,2,900ddfcb701b1977f16e33501302742c328980f5ffcccd190d2e433bba0b5681
asset_frp_f1600_2019_r4_01_qualifying_pdf,pdf,FRP F1600 2019 Virginia International Raceway Qualifying timing PDF,link_only,2019-07-27T10:55:00,series_frp_f1600,F1600 Championship Series,2019,event_frp_f1600_2019_r4_virginia_international_raceway,FRP F1600 2019 Round 4 - Virginia International Raceway,session_frp_f1600_2019_r4_01_qualifying,qualifying,Qualifying,,,no,no,Official FRP F1600 timing PDF for Virginia International Raceway Qualifying.,https://cdn.prod.website-files.com/5e6065f5b2e7eb0f83419949/609550d847d094d5f41a1f38_F16_Q1.01.pdf,2,900ddfcb701b1977f16e33501302742c328980f5ffcccd190d2e433bba0b5681
asset_frp_f1600_2019_r4_02_race_1_pdf,pdf,FRP F1600 2019 Virginia International Raceway Race 1 timing PDF,link_only,2019-07-27T16:15:00,series_frp_f1600,F1600 Championship Series,2019,event_frp_f1600_2019_r4_virginia_international_raceway,FRP F1600 2019 Round 4 - Virginia International Raceway,session_frp_f1600_2019_r4_02_race_1,race,Race 1,,,no,no,Official FRP F1600 timing PDF for Virginia International Raceway Race 1.,https://cdn.prod.website-files.com/5e6065f5b2e7eb0f83419949/609550e193c38d23d6fb667c_F16_Provisional_R1_Results.pdf,2,900ddfcb701b1977f16e33501302742c328980f5ffcccd190d2e433bba0b5681
asset_frp_f1600_2019_r4_03_race_2_pdf,pdf,FRP F1600 2019 Virginia International Raceway Race 2 timing PDF,link_only,2019-07-28T11:00:00,series_frp_f1600,F1600 Championship Series,2019,event_frp_f1600_2019_r4_virginia_international_raceway,FRP F1600 2019 Round 4 - Virginia International Raceway,session_frp_f1600_2019_r4_03_race_2,race,Race 2,,,no,no,Official FRP F1600 timing PDF for Virginia International Raceway Race 2.,https://cdn.prod.website-files.com/5e6065f5b2e7eb0f83419949/609551032369ea0541fe65b2_F16_R2_Provisional_Results.pdf,2,900ddfcb701b1977f16e33501302742c328980f5ffcccd190d2e433bba0b5681
asset_frp_f1600_2019_r4_04_race_3_pdf,pdf,FRP F1600 2019 Virginia International Raceway Race 3 timing PDF,link_only,2019-07-28T16:15:00,series_frp_f1600,F1600 Championship Series,2019,event_frp_f1600_2019_r4_virginia_international_raceway,FRP F1600 2019 Round 4 - Virginia International Raceway,session_frp_f1600_2019_r4_04_race_3,race,Race 3,,,no,no,Official FRP F1600 timing PDF for Virginia International Raceway Race 3.,https://cdn.prod.website-files.com/5e6065f5b2e7eb0f83419949/60955109c1d3f5efb89e0a01_F16_R3_Provisional_Results.pdf,2,900ddfcb701b1977f16e33501302742c328980f5ffcccd190d2e433bba0b5681
asset_frp_f1600_2019_r5_02_race_1_pdf,pdf,FRP F1600 2019 Pittsburgh International Race Complex Race 1 timing PDF,link_only,2019-08-03T16:10:00,series_frp_f1600,F1600 Championship Series,2019,event_frp_f1600_2019_r5_pittsburgh_international_race_complex,FRP F1600 2019 Round 5 - Pittsburgh International Race Complex,session_frp_f1600_2019_r5_02_race_1,race,Race 1,,,no,no,Official FRP F1600 timing PDF for Pittsburgh International Race Complex Race 1.,https://cdn.prod.website-files.com/5e6065f5b2e7eb0f83419949/6095518ca44aca353573e1ee_F16_Provisional_R1_Results.01.pdf,2,900ddfcb701b1977f16e33501302742c328980f5ffcccd190d2e433bba0b5681
asset_frp_f1600_2019_r5_03_race_2_pdf,pdf,FRP F1600 2019 Pittsburgh International Race Complex Race 2 timing PDF,link_only,2019-08-04T09:40:00,series_frp_f1600,F1600 Championship Series,2019,event_frp_f1600_2019_r5_pittsburgh_international_race_complex,FRP F1600 2019 Round 5 - Pittsburgh International Race Complex,session_frp_f1600_2019_r5_03_race_2,race,Race 2,,,no,no,Official FRP F1600 timing PDF for Pittsburgh International Race Complex Race 2.,https://cdn.prod.website-files.com/5e6065f5b2e7eb0f83419949/60955193c09ba443b1fc7fc3_F16_Provisional_R2_Results.pdf,2,900ddfcb701b1977f16e33501302742c328980f5ffcccd190d2e433bba0b5681
asset_frp_f1600_2019_r5_04_race_3_pdf,pdf,FRP F1600 2019 Pittsburgh International Race Complex Race 3 timing PDF,link_only,2019-08-04T13:30:00,series_frp_f1600,F1600 Championship Series,2019,event_frp_f1600_2019_r5_pittsburgh_international_race_complex,FRP F1600 2019 Round 5 - Pittsburgh International Race Complex,session_frp_f1600_2019_r5_04_race_3,race,Race 3,,,no,no,Official FRP F1600 timing PDF for Pittsburgh International Race Complex Race 3.,https://cdn.prod.website-files.com/5e6065f5b2e7eb0f83419949/60955199b8edb842ea8f344f_F16_Provisional_R3_Results.pdf,2,900ddfcb701b1977f16e33501302742c328980f5ffcccd190d2e433bba0b5681
asset_frp_f1600_2019_r6_01_practice_1_pdf,pdf,FRP F1600 2019 Summit Point Practice 1 timing PDF,link_only,2019-08-23T08:30:00,series_frp_f1600,F1600 Championship Series,2019,event_frp_f1600_2019_r6_summit_point,FRP F1600 2019 Round 6 - Summit Point,session_frp_f1600_2019_r6_01_practice_1,practice,Practice 1,,,no,no,Official FRP F1600 timing PDF for Summit Point Practice 1.,https://cdn.prod.website-files.com/5e6065f5b2e7eb0f83419949/609551d7d927ffe408391b2f_F16_P1%20(3).pdf,2,900ddfcb701b1977f16e33501302742c328980f5ffcccd190d2e433bba0b5681
asset_frp_f1600_2019_r6_02_practice_2_pdf,pdf,FRP F1600 2019 Summit Point Practice 2 timing PDF,link_only,2019-08-23T11:25:00,series_frp_f1600,F1600 Championship Series,2019,event_frp_f1600_2019_r6_summit_point,FRP F1600 2019 Round 6 - Summit Point,session_frp_f1600_2019_r6_02_practice_2,practice,Practice 2,,,no,no,Official FRP F1600 timing PDF for Summit Point Practice 2.,https://cdn.prod.website-files.com/5e6065f5b2e7eb0f83419949/609551e167d1eab5c531859c_F16_P2%20(1).pdf,2,900ddfcb701b1977f16e33501302742c328980f5ffcccd190d2e433bba0b5681
asset_frp_f1600_2019_r6_03_qualifying_pdf,pdf,FRP F1600 2019 Summit Point Qualifying timing PDF,link_only,2019-08-23T14:40:00,series_frp_f1600,F1600 Championship Series,2019,event_frp_f1600_2019_r6_summit_point,FRP F1600 2019 Round 6 - Summit Point,session_frp_f1600_2019_r6_03_qualifying,qualifying,Qualifying,,,no,no,Official FRP F1600 timing PDF for Summit Point Qualifying.,https://cdn.prod.website-files.com/5e6065f5b2e7eb0f83419949/609551eb037f99237a5b623b_F16_Q1_FOR_R1%20(1).pdf,2,900ddfcb701b1977f16e33501302742c328980f5ffcccd190d2e433bba0b5681
asset_frp_f1600_2019_r5_01_qualifying_pdf,pdf,FRP F1600 2019 Pittsburgh International Race Complex Qualifying timing PDF,link_only,2019-08-23T14:40:00,global_context,Global / career context,,,,,,,,,no,no,Archive-linked PDF preserved but not attributed because PDF header/date does not match Pittsburgh International Race Complex.,https://cdn.prod.website-files.com/5e6065f5b2e7eb0f83419949/6095518398870138f8bf4afb_F16_Q1_FOR_R1.pdf,2,900ddfcb701b1977f16e33501302742c328980f5ffcccd190d2e433bba0b5681
asset_frp_f1600_2019_r6_04_race_1_pdf,pdf,FRP F1600 2019 Summit Point Race 1 timing PDF,link_only,2019-08-24T09:55:00,series_frp_f1600,F1600 Championship Series,2019,event_frp_f1600_2019_r6_summit_point,FRP F1600 2019 Round 6 - Summit Point,session_frp_f1600_2019_r6_04_race_1,race,Race 1,,,no,no,Official FRP F1600 timing PDF for Summit Point Race 1.,https://cdn.prod.website-files.com/5e6065f5b2e7eb0f83419949/609551f3fd1fe55a0bdaa25b_Summit_F16_Provisional_R1_Results.pdf,2,900ddfcb701b1977f16e33501302742c328980f5ffcccd190d2e433bba0b5681
asset_frp_f1600_2019_r6_05_race_2_pdf,pdf,FRP F1600 2019 Summit Point Race 2 timing PDF,link_only,2019-08-24T14:45:00,series_frp_f1600,F1600 Championship Series,2019,event_frp_f1600_2019_r6_summit_point,FRP F1600 2019 Round 6 - Summit Point,session_frp_f1600_2019_r6_05_race_2,race,Race 2,,,no,no,Official FRP F1600 timing PDF for Summit Point Race 2.,https://cdn.prod.website-files.com/5e6065f5b2e7eb0f83419949/609551fcd927ff4202391c3c_Summit_F16_Provisional_R2_Results.pdf,2,900ddfcb701b1977f16e33501302742c328980f5ffcccd190d2e433bba0b5681
asset_frp_f1600_2019_r6_06_race_3_pdf,pdf,FRP F1600 2019 Summit Point Race 3 timing PDF,link_only,2019-08-25T10:40:00,series_frp_f1600,F1600 Championship Series,2019,event_frp_f1600_2019_r6_summit_point,FRP F1600 2019 Round 6 - Summit Point,session_frp_f1600_2019_r6_06_race_3,race,Race 3,,,no,no,Official FRP F1600 timing PDF for Summit Point Race 3.,https://cdn.prod.website-files.com/5e6065f5b2e7eb0f83419949/609552037aaf1d9cb4c46848_Summit_F16_Provisional_R3_Results.pdf,2,900ddfcb701b1977f16e33501302742c328980f5ffcccd190d2e433bba0b5681
asset_frp_f1600_2019_r7_01_practice_1_pdf,pdf,FRP F1600 2019 New Jersey Motorsports Park Practice 1 timing PDF,link_only,2019-09-14T09:35:00,series_frp_f1600,F1600 Championship Series,2019,event_frp_f1600_2019_r7_new_jersey_motorsports_park,FRP F1600 2019 Round 7 - New Jersey Motorsports Park,session_frp_f1600_2019_r7_01_practice_1,practice,Practice 1,,,no,no,Official FRP F1600 timing PDF for New Jersey Motorsports Park Practice 1.,https://cdn.prod.website-files.com/5e6065f5b2e7eb0f83419949/60955250c1102f2482284401_F16_P1.01%20(1).pdf,2,900ddfcb701b1977f16e33501302742c328980f5ffcccd190d2e433bba0b5681
asset_frp_f1600_2019_r7_02_practice_2_pdf,pdf,FRP F1600 2019 New Jersey Motorsports Park Practice 2 timing PDF,link_only,2019-09-14T13:45:00,series_frp_f1600,F1600 Championship Series,2019,event_frp_f1600_2019_r7_new_jersey_motorsports_park,FRP F1600 2019 Round 7 - New Jersey Motorsports Park,session_frp_f1600_2019_r7_02_practice_2,practice,Practice 2,,,no,no,Official FRP F1600 timing PDF for New Jersey Motorsports Park Practice 2.,https://cdn.prod.website-files.com/5e6065f5b2e7eb0f83419949/6095526567d1eab426318759_F16_P2.03.pdf,2,900ddfcb701b1977f16e33501302742c328980f5ffcccd190d2e433bba0b5681
asset_frp_f1600_2019_r7_03_qualifying_pdf,pdf,FRP F1600 2019 New Jersey Motorsports Park Qualifying timing PDF,link_only,2019-09-14T17:05:00,series_frp_f1600,F1600 Championship Series,2019,event_frp_f1600_2019_r7_new_jersey_motorsports_park,FRP F1600 2019 Round 7 - New Jersey Motorsports Park,session_frp_f1600_2019_r7_03_qualifying,qualifying,Qualifying,,,no,no,Official FRP F1600 timing PDF for New Jersey Motorsports Park Qualifying.,https://cdn.prod.website-files.com/5e6065f5b2e7eb0f83419949/6095526fe0d83a78178beff3_F16_Q1_for_R1.pdf,2,900ddfcb701b1977f16e33501302742c328980f5ffcccd190d2e433bba0b5681
asset_frp_f1600_2019_r7_04_race_1_pdf,pdf,FRP F1600 2019 New Jersey Motorsports Park Race 1 timing PDF,link_only,2019-09-15T10:10:00,series_frp_f1600,F1600 Championship Series,2019,event_frp_f1600_2019_r7_new_jersey_motorsports_park,FRP F1600 2019 Round 7 - New Jersey Motorsports Park,session_frp_f1600_2019_r7_04_race_1,race,Race 1,,,no,no,Official FRP F1600 timing PDF for New Jersey Motorsports Park Race 1.,https://cdn.prod.website-files.com/5e6065f5b2e7eb0f83419949/60955278c09ba42c92fc83ed_F16_Provisional_R1_Results.02.pdf,2,900ddfcb701b1977f16e33501302742c328980f5ffcccd190d2e433bba0b5681
asset_frp_f1600_2019_r7_05_race_2_pdf,pdf,FRP F1600 2019 New Jersey Motorsports Park Race 2 timing PDF,link_only,2019-09-15T13:45:00,series_frp_f1600,F1600 Championship Series,2019,event_frp_f1600_2019_r7_new_jersey_motorsports_park,FRP F1600 2019 Round 7 - New Jersey Motorsports Park,session_frp_f1600_2019_r7_05_race_2,race,Race 2,,,no,no,Official FRP F1600 timing PDF for New Jersey Motorsports Park Race 2.,https://cdn.prod.website-files.com/5e6065f5b2e7eb0f83419949/609552884cd542424019a7eb_F16_Provisional_R2_Results.01.pdf,2,900ddfcb701b1977f16e33501302742c328980f5ffcccd190d2e433bba0b5681
asset_frp_f1600_2019_r7_06_race_3_pdf,pdf,FRP F1600 2019 New Jersey Motorsports Park Race 3 timing PDF,link_only,2019-09-15T16:05:00,series_frp_f1600,F1600 Championship Series,2019,event_frp_f1600_2019_r7_new_jersey_motorsports_park,FRP F1600 2019 Round 7 - New Jersey Motorsports Park,session_frp_f1600_2019_r7_06_race_3,race,Race 3,,,no,no,Official FRP F1600 timing PDF for New Jersey Motorsports Park Race 3.,https://cdn.prod.website-files.com/5e6065f5b2e7eb0f83419949/60955289c068d81b011060c9_F16_Provisional_R3_Results.01.pdf,2,900ddfcb701b1977f16e33501302742c328980f5ffcccd190d2e433bba0b5681
asset_formula_ford_2020_national_oulton_park_book_pdf,pdf,BRSCC National FF1600 2020 Oulton Park TSL results book,link_only,2020-07-18,series_formula_ford,Formula Ford,2020,event_formula_ford_2020_national_oulton_park,BRSCC National FF1600 2020 - Oulton Park,,,,,,no,no,"Official TSL/BRSCC Avon Tyres National and Northern Formula Ford Championship Oulton Park result book with qualifying, grids, race classifications, lap charts, and timing analysis.",https://www.tsl-timing.com/file/?f=BRSCC/2020/202931ffn.pdf,1,900ddfcb701b1977f16e33501302742c328980f5ffcccd190d2e433bba0b5681
asset_formula_ford_2020_champion_cadwell_book_pdf,pdf,MSVR Champion of Cadwell for FF1600 2020 TSL results book,link_only,2020-08-22,series_formula_ford,Formula Ford,2020,event_formula_ford_2020_champion_cadwell,The Champion of Cadwell for FF1600 2020,,,,,,no,no,"Official TSL/MSVR Champion of Cadwell for FF1600 2020 result book with qualifying, grids, race classifications, lap charts, and timing analysis.",https://www.tsl-timing.com/file/?f=MSVR/2020/203452hef.pdf,1,900ddfcb701b1977f16e33501302742c328980f5ffcccd190d2e433bba0b5681
asset_formula_ford_2020_champion_cadwell_event_page,timing_sheet,The Champion of Cadwell for FF1600 2020 TSL event page,link_only,2020-08-22,series_formula_ford,Formula Ford,2020,event_formula_ford_2020_champion_cadwell,The Champion of Cadwell for FF1600 2020,,,,,,no,no,Official TSL event page listing The Champion of Cadwell for FF1600 2020 timing documents and session links.,https://www.tsl-timing.com/event/203452,1,900ddfcb701b1977f16e33501302742c328980f5ffcccd190d2e433bba0b5681
asset_formula_ford_2020_champion_brands_book_pdf,pdf,MSVR Champion of Brands 2020 TSL results book,link_only,2020-09-12,series_formula_ford,Formula Ford,2020,event_formula_ford_2020_champion_brands,Champion of Brands 2020,,,,,,no,no,"Official TSL/MSVR Champion of Brands 2020 result book with qualifying, grids, race classifications, lap charts, and timing analysis.",https://www.tsl-timing.com/file/?f=MSVR/2020/203752cob.pdf,1,900ddfcb701b1977f16e33501302742c328980f5ffcccd190d2e433bba0b5681
asset_formula_ford_2020_champion_brands_event_page,timing_sheet,Champion of Brands 2020 TSL event page,link_only,2020-09-12,series_formula_ford,Formula Ford,2020,event_formula_ford_2020_champion_brands,Champion of Brands 2020,,,,,,no,no,Official TSL event page listing Champion of Brands 2020 timing documents and session links.,https://www.tsl-timing.com/event/203752,1,900ddfcb701b1977f16e33501302742c328980f5ffcccd190d2e433bba0b5681
asset_team_usa_2020_winners_announcement,article,Team USA Scholarship selects Bryce Aron for 2020,link_only,2020-09-18,global_context,Global / career context,,,,,,,driver_bryce_aron,Bryce Aron,yes,no,"Team USA Scholarship named Bryce Aron a 2020 scholarship winner, alongside Jackson Lee and Simon Sikes, with planned UK Formula Ford starts including the Formula Ford Festival, Walter Hayes Trophy, and Avon National Formula Ford 1600 finale.",https://teamusascholarship.org/?p=5355,1,900ddfcb701b1977f16e33501302742c328980f5ffcccd190d2e433bba0b5681
asset_formula_ford_2020_national_brands_hatch_book_pdf,pdf,BRSCC National FF1600 2020 Brands Hatch TSL results book,link_only,2020-09-27,series_formula_ford,Formula Ford,2020,event_formula_ford_2020_national_brands_hatch,BRSCC National FF1600 2020 - Brands Hatch,,,,,,no,no,"Official TSL/BRSCC Avon Tyres National and Northern Formula Ford Championship Brands Hatch result book with qualifying, grids, race classifications, lap charts, and timing analysis.",https://www.tsl-timing.com/file/?f=BRSCC/2020/203931ffn.pdf,1,900ddfcb701b1977f16e33501302742c328980f5ffcccd190d2e433bba0b5681
asset_team_usa_2020_bryce_aron_blog,article,Bryce Aron Team USA blog and early-career milestones,link_only,2020-09-29,global_context,Global / career context,,,,,,,driver_bryce_aron,Bryce Aron,yes,no,"Bryce Aron Team USA blog preserves early-career context: 2018 BKC TaG Jr champion, Yamaha KT100 runner-up, 2019 FRP F1600 P3 with eight podiums, and 2020 UK Formula Ford development context.",https://teamusascholarship.org/?p=5362,1,900ddfcb701b1977f16e33501302742c328980f5ffcccd190d2e433bba0b5681
asset_formula_ford_2020_national_silverstone_book_pdf,pdf,BRSCC National FF1600 2020 Silverstone International TSL results book,link_only,2020-10-10,series_formula_ford,Formula Ford,2020,event_formula_ford_2020_national_silverstone,BRSCC National FF1600 2020 - Silverstone International,,,,,,no,no,"Official TSL/BARC-hosted Avon Tyres National and Northern Formula Ford Championship Silverstone International result book with qualifying, grids, race classifications, lap charts, and timing analysis.",https://www.tsl-timing.com/file/?f=BARC/2020/204121ffn.pdf,1,900ddfcb701b1977f16e33501302742c328980f5ffcccd190d2e433bba0b5681
asset_formula_ford_2020_festival_book_pdf,pdf,BRSCC Formula Ford Festival 2020 TSL results book,link_only,2020-10-25,series_formula_ford,Formula Ford,2020,event_formula_ford_2020_formula_ford_festival,BRSCC Formula Ford Festival 2020,,,,,,no,no,"Official BRSCC/TSL Formula Ford Festival 2020 result book with qualifying, heats, semi-finals, finals, lap charts, and timing analysis.",https://brscc.co.uk/wp-content/uploads/2021/04/2020-BRSCC-Formula-Ford-Festival-TSL-Results.pdf,1,900ddfcb701b1977f16e33501302742c328980f5ffcccd190d2e433bba0b5681
asset_formula_ford_2020_wht_book_pdf,pdf,HSCC Walter Hayes Trophy 2020 TSL results book,link_only,2020-11-01,series_formula_ford,Formula Ford,2020,event_formula_ford_2020_walter_hayes_trophy,Walter Hayes Trophy 2020,,,,,,no,no,"Official TSL Walter Hayes Trophy 2020 result book with qualifying, heats, progression, last chance, semi-final, and final classifications.",https://www.tsl-timing.com/file/?f=HSCC/2020/204456wht.pdf,1,900ddfcb701b1977f16e33501302742c328980f5ffcccd190d2e433bba0b5681
asset_formula_ford_2020_wht_event_page,timing_sheet,TSL Walter Hayes Trophy 2020 event page,link_only,2020-11-01,series_formula_ford,Formula Ford,2020,event_formula_ford_2020_walter_hayes_trophy,Walter Hayes Trophy 2020,,,,,,no,no,Official TSL event page listing WHT timing documents and session links.,https://www.tsl-timing.com/event/204456,1,900ddfcb701b1977f16e33501302742c328980f5ffcccd190d2e433bba0b5681
asset_formula_ford_2020_wht_grand_final_pdf,result_sheet,TSL Walter Hayes Trophy 2020 Grand Final classification PDF,link_only,2020-11-01,series_formula_ford,Formula Ford,2020,event_formula_ford_2020_walter_hayes_trophy,Walter Hayes Trophy 2020,session_formula_ford_2020_wht_grand_final,race,GRAND FINAL,driver_bryce_aron,Bryce Aron,yes,no,Official WHT Grand Final classification cross-check. Bryce Aron finished P3 in car 21.,https://www.tsl-timing.com/file/?f=HSCC/2020/204456finwht.pdf,1,900ddfcb701b1977f16e33501302742c328980f5ffcccd190d2e433bba0b5681
asset_team_usa_2020_walter_hayes_report,article,Bryce Aron Walter Hayes Trophy podium report,link_only,2020-11-01,global_context,Global / career context,,,,,,,driver_bryce_aron,Bryce Aron,yes,no,"Team USA report gives narrative support for Bryce Aron Walter Hayes Trophy Grand Final P3 after he started ninth at Silverstone, complementing the official TSL timing classification.",https://teamusascholarship.org/?p=5614,1,900ddfcb701b1977f16e33501302742c328980f5ffcccd190d2e433bba0b5681
asset_gb3_2021_212005_fp1_pdf,pdf,GB3 2021 Brands Hatch Free Practice 1 timing PDF,link_only,2021-05-22,series_gb3,GB3 Championship,2021,event_gb3_2021_r1_brands_hatch,GB3 2021 Round 1 - Brands Hatch,session_gb3_2021_212005_free_practice_1,practice,Free Practice 1,,,no,no,Official TSL timing PDF for Brands Hatch Free Practice 1.,https://www.tsl-timing.com/file/?f=BF3GT/2021/212005fp1bf3.pdf,2,900ddfcb701b1977f16e33501302742c328980f5ffcccd190d2e433bba0b5681
asset_gb3_2021_212005_gr2_pdf,pdf,GB3 2021 Brands Hatch Grid for Race 2 timing PDF,link_only,2021-05-22,series_gb3,GB3 Championship,2021,event_gb3_2021_r1_brands_hatch,GB3 2021 Round 1 - Brands Hatch,session_gb3_2021_212005_race_2_result,race,Race 2 Result,,,no,no,Official TSL grid PDF for Brands Hatch Grid for Race 2.,https://www.tsl-timing.com/file/?f=BF3GT/2021/212005gr2bf3.pdf,2,900ddfcb701b1977f16e33501302742c328980f5ffcccd190d2e433bba0b5681
asset_gb3_2021_212005_grd_pdf,pdf,GB3 2021 Brands Hatch Grid for Race 1 timing PDF,link_only,2021-05-22,series_gb3,GB3 Championship,2021,event_gb3_2021_r1_brands_hatch,GB3 2021 Round 1 - Brands Hatch,session_gb3_2021_212005_race_1_result,race,Race 1 Result,,,no,no,Official TSL grid PDF for Brands Hatch Grid for Race 1.,https://www.tsl-timing.com/file/?f=BF3GT/2021/212005grdbf3.pdf,2,900ddfcb701b1977f16e33501302742c328980f5ffcccd190d2e433bba0b5681
asset_gb3_2021_212005_qu1_pdf,pdf,GB3 2021 Brands Hatch Qualifying timing PDF,link_only,2021-05-22,series_gb3,GB3 Championship,2021,event_gb3_2021_r1_brands_hatch,GB3 2021 Round 1 - Brands Hatch,session_gb3_2021_212005_qualifying,qualifying,Qualifying,,,no,no,Official TSL timing PDF for Brands Hatch Qualifying.,https://www.tsl-timing.com/file/?f=BF3GT/2021/212005qu1bf3.pdf,2,900ddfcb701b1977f16e33501302742c328980f5ffcccd190d2e433bba0b5681
asset_gb3_2021_212005_qu2_pdf,pdf,GB3 2021 Brands Hatch Qualifying 2nd Fastest timing PDF,link_only,2021-05-22,series_gb3,GB3 Championship,2021,event_gb3_2021_r1_brands_hatch,GB3 2021 Round 1 - Brands Hatch,session_gb3_2021_212005_qualifying_2nd_fastest,qualifying,Qualifying 2nd Fastest,,,no,no,Official TSL timing PDF for Brands Hatch Qualifying 2nd Fastest.,https://www.tsl-timing.com/file/?f=BF3GT/2021/212005qu2bf3.pdf,2,900ddfcb701b1977f16e33501302742c328980f5ffcccd190d2e433bba0b5681
asset_gb3_2021_212005_rc1_pdf,pdf,GB3 2021 Brands Hatch Race 1 Result timing PDF,link_only,2021-05-22,series_gb3,GB3 Championship,2021,event_gb3_2021_r1_brands_hatch,GB3 2021 Round 1 - Brands Hatch,session_gb3_2021_212005_race_1_result,race,Race 1 Result,,,no,no,Official TSL timing PDF for Brands Hatch Race 1 Result.,https://www.tsl-timing.com/file/?f=BF3GT/2021/212005rc1bf3.pdf,2,900ddfcb701b1977f16e33501302742c328980f5ffcccd190d2e433bba0b5681
asset_gb3_2021_212005_gr3_pdf,pdf,GB3 2021 Brands Hatch Grid for Race 3 timing PDF,link_only,2021-05-23,series_gb3,GB3 Championship,2021,event_gb3_2021_r1_brands_hatch,GB3 2021 Round 1 - Brands Hatch,session_gb3_2021_212005_race_3_result,race,Race 3 Result,,,no,no,Official TSL grid PDF for Brands Hatch Grid for Race 3.,https://www.tsl-timing.com/file/?f=BF3GT/2021/212005gr3bf3.pdf,2,900ddfcb701b1977f16e33501302742c328980f5ffcccd190d2e433bba0b5681
asset_gb3_2021_212005_pdf_book,pdf,GB3 2021 Brands Hatch TSL PDF book,link_only,2021-05-23,series_gb3,GB3 Championship,2021,event_gb3_2021_r1_brands_hatch,GB3 2021 Round 1 - Brands Hatch,,,,,,no,no,Official TSL PDF book for GB3/BRDC British F3 at Brands Hatch.,https://www.tsl-timing.com/file/?f=BF3GT/2021/212005bf3.pdf,1,900ddfcb701b1977f16e33501302742c328980f5ffcccd190d2e433bba0b5681
asset_gb3_2021_212005_rc2_pdf,pdf,GB3 2021 Brands Hatch Race 2 Result timing PDF,link_only,2021-05-23,series_gb3,GB3 Championship,2021,event_gb3_2021_r1_brands_hatch,GB3 2021 Round 1 - Brands Hatch,session_gb3_2021_212005_race_2_result,race,Race 2 Result,,,no,no,Official TSL timing PDF for Brands Hatch Race 2 Result.,https://www.tsl-timing.com/file/?f=BF3GT/2021/212005rc2bf3.pdf,2,900ddfcb701b1977f16e33501302742c328980f5ffcccd190d2e433bba0b5681
asset_gb3_2021_212005_rc3_pdf,pdf,GB3 2021 Brands Hatch Race 3 Result timing PDF,link_only,2021-05-23,series_gb3,GB3 Championship,2021,event_gb3_2021_r1_brands_hatch,GB3 2021 Round 1 - Brands Hatch,session_gb3_2021_212005_race_3_result,race,Race 3 Result,,,no,no,Official TSL timing PDF for Brands Hatch Race 3 Result.,https://www.tsl-timing.com/file/?f=BF3GT/2021/212005rc3bf3.pdf,2,900ddfcb701b1977f16e33501302742c328980f5ffcccd190d2e433bba0b5681
asset_gb3_2021_212505_gr2_pdf,pdf,GB3 2021 Silverstone Grid for Race 2 timing PDF,link_only,2021-06-26,series_gb3,GB3 Championship,2021,event_gb3_2021_r2_silverstone,GB3 2021 Round 2 - Silverstone,session_gb3_2021_212505_race_2_result,race,Race 2 Result,,,no,no,Official TSL grid PDF for Silverstone Grid for Race 2.,https://www.tsl-timing.com/file/?f=BF3GT/2021/212505gr2bf3.pdf,2,900ddfcb701b1977f16e33501302742c328980f5ffcccd190d2e433bba0b5681
asset_gb3_2021_212505_grd_pdf,pdf,GB3 2021 Silverstone Grid for Race 1 timing PDF,link_only,2021-06-26,series_gb3,GB3 Championship,2021,event_gb3_2021_r2_silverstone,GB3 2021 Round 2 - Silverstone,session_gb3_2021_212505_race_1_result,race,Race 1 Result,,,no,no,Official TSL grid PDF for Silverstone Grid for Race 1.,https://www.tsl-timing.com/file/?f=BF3GT/2021/212505grdbf3.pdf,2,900ddfcb701b1977f16e33501302742c328980f5ffcccd190d2e433bba0b5681
asset_gb3_2021_212505_gr3_pdf,pdf,GB3 2021 Silverstone Grid for Race 3 timing PDF,link_only,2021-06-27,series_gb3,GB3 Championship,2021,event_gb3_2021_r2_silverstone,GB3 2021 Round 2 - Silverstone,session_gb3_2021_212505_race_3_result,race,Race 3 Result,,,no,no,Official TSL grid PDF for Silverstone Grid for Race 3.,https://www.tsl-timing.com/file/?f=BF3GT/2021/212505gr3bf3.pdf,2,900ddfcb701b1977f16e33501302742c328980f5ffcccd190d2e433bba0b5681
asset_gb3_2021_212505_pdf_book,pdf,GB3 2021 Silverstone TSL PDF book,link_only,2021-06-27,series_gb3,GB3 Championship,2021,event_gb3_2021_r2_silverstone,GB3 2021 Round 2 - Silverstone,,,,,,no,no,Official TSL PDF book for GB3/BRDC British F3 at Silverstone.,https://www.tsl-timing.com/file/?f=BF3GT/2021/212505bf3.pdf,1,900ddfcb701b1977f16e33501302742c328980f5ffcccd190d2e433bba0b5681
asset_gb3_2021_212505_qu1_pdf,pdf,GB3 2021 Silverstone Qualifying timing PDF,link_only,2021-06-27,series_gb3,GB3 Championship,2021,event_gb3_2021_r2_silverstone,GB3 2021 Round 2 - Silverstone,session_gb3_2021_212505_qualifying,qualifying,Qualifying,,,no,no,Official TSL timing PDF for Silverstone Qualifying.,https://www.tsl-timing.com/file/?f=BF3GT/2021/212505qu1bf3.pdf,2,900ddfcb701b1977f16e33501302742c328980f5ffcccd190d2e433bba0b5681
asset_gb3_2021_212505_qu2_pdf,pdf,GB3 2021 Silverstone Qualifying 2nd Fastest timing PDF,link_only,2021-06-27,series_gb3,GB3 Championship,2021,event_gb3_2021_r2_silverstone,GB3 2021 Round 2 - Silverstone,session_gb3_2021_212505_qualifying_2nd_fastest,qualifying,Qualifying 2nd Fastest,,,no,no,Official TSL timing PDF for Silverstone Qualifying 2nd Fastest.,https://www.tsl-timing.com/file/?f=BF3GT/2021/212505qu2bf3.pdf,2,900ddfcb701b1977f16e33501302742c328980f5ffcccd190d2e433bba0b5681
asset_gb3_2021_212505_rc1_pdf,pdf,GB3 2021 Silverstone Race 1 Result timing PDF,link_only,2021-06-27,series_gb3,GB3 Championship,2021,event_gb3_2021_r2_silverstone,GB3 2021 Round 2 - Silverstone,session_gb3_2021_212505_race_1_result,race,Race 1 Result,,,no,no,Official TSL timing PDF for Silverstone Race 1 Result.,https://www.tsl-timing.com/file/?f=BF3GT/2021/212505rc1bf3.pdf,2,900ddfcb701b1977f16e33501302742c328980f5ffcccd190d2e433bba0b5681
asset_gb3_2021_212505_rc2_pdf,pdf,GB3 2021 Silverstone Race 2 Result timing PDF,link_only,2021-06-27,series_gb3,GB3 Championship,2021,event_gb3_2021_r2_silverstone,GB3 2021 Round 2 - Silverstone,session_gb3_2021_212505_race_2_result,race,Race 2 Result,,,no,no,Official TSL timing PDF for Silverstone Race 2 Result.,https://www.tsl-timing.com/file/?f=BF3GT/2021/212505rc2bf3.pdf,2,900ddfcb701b1977f16e33501302742c328980f5ffcccd190d2e433bba0b5681
asset_gb3_2021_212505_rc3_pdf,pdf,GB3 2021 Silverstone Race 3 Result timing PDF,link_only,2021-06-27,series_gb3,GB3 Championship,2021,event_gb3_2021_r2_silverstone,GB3 2021 Round 2 - Silverstone,session_gb3_2021_212505_race_3_result,race,Race 3 Result,,,no,no,Official TSL timing PDF for Silverstone Race 3 Result.,https://www.tsl-timing.com/file/?f=BF3GT/2021/212505rc3bf3.pdf,2,900ddfcb701b1977f16e33501302742c328980f5ffcccd190d2e433bba0b5681
asset_gb3_2021_212705_gr2_pdf,pdf,GB3 2021 Donington Park Grid for Race 2 timing PDF,link_only,2021-07-10,series_gb3,GB3 Championship,2021,event_gb3_2021_r3_donington_park,GB3 2021 Round 3 - Donington Park,session_gb3_2021_212705_race_2_result,race,Race 2 Result,,,no,no,Official TSL grid PDF for Donington Park Grid for Race 2.,https://www.tsl-timing.com/file/?f=BF3GT/2021/212705gr2bf3.pdf,2,900ddfcb701b1977f16e33501302742c328980f5ffcccd190d2e433bba0b5681
asset_gb3_2021_212705_grd_pdf,pdf,GB3 2021 Donington Park Grid for Race 1 timing PDF,link_only,2021-07-10,series_gb3,GB3 Championship,2021,event_gb3_2021_r3_donington_park,GB3 2021 Round 3 - Donington Park,session_gb3_2021_212705_race_1_result,race,Race 1 Result,,,no,no,Official TSL grid PDF for Donington Park Grid for Race 1.,https://www.tsl-timing.com/file/?f=BF3GT/2021/212705grdbf3.pdf,2,900ddfcb701b1977f16e33501302742c328980f5ffcccd190d2e433bba0b5681
asset_gb3_2021_212705_qu1_pdf,pdf,GB3 2021 Donington Park Qualifying timing PDF,link_only,2021-07-10,series_gb3,GB3 Championship,2021,event_gb3_2021_r3_donington_park,GB3 2021 Round 3 - Donington Park,session_gb3_2021_212705_qualifying,qualifying,Qualifying,,,no,no,Official TSL timing PDF for Donington Park Qualifying.,https://www.tsl-timing.com/file/?f=BF3GT/2021/212705qu1bf3.pdf,2,900ddfcb701b1977f16e33501302742c328980f5ffcccd190d2e433bba0b5681
asset_gb3_2021_212705_qu2_pdf,pdf,GB3 2021 Donington Park Qualifying 2nd Fastest timing PDF,link_only,2021-07-10,series_gb3,GB3 Championship,2021,event_gb3_2021_r3_donington_park,GB3 2021 Round 3 - Donington Park,session_gb3_2021_212705_qualifying_2nd_fastest,qualifying,Qualifying 2nd Fastest,,,no,no,Official TSL timing PDF for Donington Park Qualifying 2nd Fastest.,https://www.tsl-timing.com/file/?f=BF3GT/2021/212705qu2bf3.pdf,2,900ddfcb701b1977f16e33501302742c328980f5ffcccd190d2e433bba0b5681
asset_gb3_2021_212705_rc1_pdf,pdf,GB3 2021 Donington Park Race 1 Result timing PDF,link_only,2021-07-10,series_gb3,GB3 Championship,2021,event_gb3_2021_r3_donington_park,GB3 2021 Round 3 - Donington Park,session_gb3_2021_212705_race_1_result,race,Race 1 Result,,,no,no,Official TSL timing PDF for Donington Park Race 1 Result.,https://www.tsl-timing.com/file/?f=BF3GT/2021/212705rc1bf3.pdf,2,900ddfcb701b1977f16e33501302742c328980f5ffcccd190d2e433bba0b5681
asset_gb3_2021_212705_gr3_pdf,pdf,GB3 2021 Donington Park Grid for Race 3 timing PDF,link_only,2021-07-11,series_gb3,GB3 Championship,2021,event_gb3_2021_r3_donington_park,GB3 2021 Round 3 - Donington Park,session_gb3_2021_212705_race_3_result,race,Race 3 Result,,,no,no,Official TSL grid PDF for Donington Park Grid for Race 3.,https://www.tsl-timing.com/file/?f=BF3GT/2021/212705gr3bf3.pdf,2,900ddfcb701b1977f16e33501302742c328980f5ffcccd190d2e433bba0b5681
asset_gb3_2021_212705_pdf_book,pdf,GB3 2021 Donington Park TSL PDF book,link_only,2021-07-11,series_gb3,GB3 Championship,2021,event_gb3_2021_r3_donington_park,GB3 2021 Round 3 - Donington Park,,,,,,no,no,Official TSL PDF book for GB3/BRDC British F3 at Donington Park.,https://www.tsl-timing.com/file/?f=BF3GT/2021/212705bf3.pdf,1,900ddfcb701b1977f16e33501302742c328980f5ffcccd190d2e433bba0b5681
asset_gb3_2021_212705_rc2_pdf,pdf,GB3 2021 Donington Park Race 2 Result timing PDF,link_only,2021-07-11,series_gb3,GB3 Championship,2021,event_gb3_2021_r3_donington_park,GB3 2021 Round 3 - Donington Park,session_gb3_2021_212705_race_2_result,race,Race 2 Result,,,no,no,Official TSL timing PDF for Donington Park Race 2 Result.,https://www.tsl-timing.com/file/?f=BF3GT/2021/212705rc2bf3.pdf,2,900ddfcb701b1977f16e33501302742c328980f5ffcccd190d2e433bba0b5681
asset_gb3_2021_212705_rc3_pdf,pdf,GB3 2021 Donington Park Race 3 Result timing PDF,link_only,2021-07-11,series_gb3,GB3 Championship,2021,event_gb3_2021_r3_donington_park,GB3 2021 Round 3 - Donington Park,session_gb3_2021_212705_race_3_result,race,Race 3 Result,,,no,no,Official TSL timing PDF for Donington Park Race 3 Result.,https://www.tsl-timing.com/file/?f=BF3GT/2021/212705rc3bf3.pdf,2,900ddfcb701b1977f16e33501302742c328980f5ffcccd190d2e433bba0b5681
asset_gb3_2021_212905_fp1_pdf,pdf,GB3 2021 Spa-Francorchamps Free Practice 1 timing PDF,link_only,2021-07-23,series_gb3,GB3 Championship,2021,event_gb3_2021_r4_spa_francorchamps,GB3 2021 Round 4 - Spa-Francorchamps,session_gb3_2021_212905_free_practice_1,practice,Free Practice 1,,,no,no,Official TSL timing PDF for Spa-Francorchamps Free Practice 1.,https://www.tsl-timing.com/file/?f=BF3GT/2021/212905fp1bf3.pdf,2,900ddfcb701b1977f16e33501302742c328980f5ffcccd190d2e433bba0b5681
asset_gb3_2021_212905_fp2_pdf,pdf,GB3 2021 Spa-Francorchamps Free Practice 2 timing PDF,link_only,2021-07-23,series_gb3,GB3 Championship,2021,event_gb3_2021_r4_spa_francorchamps,GB3 2021 Round 4 - Spa-Francorchamps,session_gb3_2021_212905_free_practice_2,practice,Free Practice 2,,,no,no,Official TSL timing PDF for Spa-Francorchamps Free Practice 2.,https://www.tsl-timing.com/file/?f=BF3GT/2021/212905fp2bf3.pdf,2,900ddfcb701b1977f16e33501302742c328980f5ffcccd190d2e433bba0b5681
asset_gb3_2021_212905_fp3_pdf,pdf,GB3 2021 Spa-Francorchamps Free Practice 3 timing PDF,link_only,2021-07-23,series_gb3,GB3 Championship,2021,event_gb3_2021_r4_spa_francorchamps,GB3 2021 Round 4 - Spa-Francorchamps,session_gb3_2021_212905_free_practice_3,practice,Free Practice 3,,,no,no,Official TSL timing PDF for Spa-Francorchamps Free Practice 3.,https://www.tsl-timing.com/file/?f=BF3GT/2021/212905fp3bf3.pdf,2,900ddfcb701b1977f16e33501302742c328980f5ffcccd190d2e433bba0b5681
asset_gb3_2021_212905_qu1_pdf,pdf,GB3 2021 Spa-Francorchamps Qualifying timing PDF,link_only,2021-07-23,series_gb3,GB3 Championship,2021,event_gb3_2021_r4_spa_francorchamps,GB3 2021 Round 4 - Spa-Francorchamps,session_gb3_2021_212905_qualifying,qualifying,Qualifying,,,no,no,Official TSL timing PDF for Spa-Francorchamps Qualifying.,https://www.tsl-timing.com/file/?f=BF3GT/2021/212905qu1bf3.pdf,2,900ddfcb701b1977f16e33501302742c328980f5ffcccd190d2e433bba0b5681
asset_gb3_2021_212905_qu2_pdf,pdf,GB3 2021 Spa-Francorchamps Qualifying 2nd Fastest timing PDF,link_only,2021-07-23,series_gb3,GB3 Championship,2021,event_gb3_2021_r4_spa_francorchamps,GB3 2021 Round 4 - Spa-Francorchamps,session_gb3_2021_212905_qualifying_2nd_fastest,qualifying,Qualifying 2nd Fastest,,,no,no,Official TSL timing PDF for Spa-Francorchamps Qualifying 2nd Fastest.,https://www.tsl-timing.com/file/?f=BF3GT/2021/212905qu2bf3.pdf,2,900ddfcb701b1977f16e33501302742c328980f5ffcccd190d2e433bba0b5681
asset_gb3_2021_212905_gr2_pdf,pdf,GB3 2021 Spa-Francorchamps Grid for Race 2 timing PDF,link_only,2021-07-24,series_gb3,GB3 Championship,2021,event_gb3_2021_r4_spa_francorchamps,GB3 2021 Round 4 - Spa-Francorchamps,session_gb3_2021_212905_race_2_result,race,Race 2 Result,,,no,no,Official TSL grid PDF for Spa-Francorchamps Grid for Race 2.,https://www.tsl-timing.com/file/?f=BF3GT/2021/212905gr2bf3.pdf,2,900ddfcb701b1977f16e33501302742c328980f5ffcccd190d2e433bba0b5681
asset_gb3_2021_212905_gr3_pdf,pdf,GB3 2021 Spa-Francorchamps Grid for Race 3 timing PDF,link_only,2021-07-24,series_gb3,GB3 Championship,2021,event_gb3_2021_r4_spa_francorchamps,GB3 2021 Round 4 - Spa-Francorchamps,session_gb3_2021_212905_race_3_result,race,Race 3 Result,,,no,no,Official TSL grid PDF for Spa-Francorchamps Grid for Race 3.,https://www.tsl-timing.com/file/?f=BF3GT/2021/212905gr3bf3.pdf,2,900ddfcb701b1977f16e33501302742c328980f5ffcccd190d2e433bba0b5681
asset_gb3_2021_212905_grd_pdf,pdf,GB3 2021 Spa-Francorchamps Grid for Race 1 timing PDF,link_only,2021-07-24,series_gb3,GB3 Championship,2021,event_gb3_2021_r4_spa_francorchamps,GB3 2021 Round 4 - Spa-Francorchamps,session_gb3_2021_212905_race_1_result,race,Race 1 Result,,,no,no,Official TSL grid PDF for Spa-Francorchamps Grid for Race 1.,https://www.tsl-timing.com/file/?f=BF3GT/2021/212905grdbf3.pdf,2,900ddfcb701b1977f16e33501302742c328980f5ffcccd190d2e433bba0b5681
asset_gb3_2021_212905_rc1_pdf,pdf,GB3 2021 Spa-Francorchamps Race 1 Result timing PDF,link_only,2021-07-24,series_gb3,GB3 Championship,2021,event_gb3_2021_r4_spa_francorchamps,GB3 2021 Round 4 - Spa-Francorchamps,session_gb3_2021_212905_race_1_result,race,Race 1 Result,,,no,no,Official TSL timing PDF for Spa-Francorchamps Race 1 Result.,https://www.tsl-timing.com/file/?f=BF3GT/2021/212905rc1bf3.pdf,2,900ddfcb701b1977f16e33501302742c328980f5ffcccd190d2e433bba0b5681
asset_gb3_2021_212905_rc2_pdf,pdf,GB3 2021 Spa-Francorchamps Race 2 Result timing PDF,link_only,2021-07-24,series_gb3,GB3 Championship,2021,event_gb3_2021_r4_spa_francorchamps,GB3 2021 Round 4 - Spa-Francorchamps,session_gb3_2021_212905_race_2_result,race,Race 2 Result,,,no,no,Official TSL timing PDF for Spa-Francorchamps Race 2 Result.,https://www.tsl-timing.com/file/?f=BF3GT/2021/212905rc2bf3.pdf,2,900ddfcb701b1977f16e33501302742c328980f5ffcccd190d2e433bba0b5681
asset_gb3_2021_212905_pdf_book,pdf,GB3 2021 Spa-Francorchamps TSL PDF book,link_only,2021-07-25,series_gb3,GB3 Championship,2021,event_gb3_2021_r4_spa_francorchamps,GB3 2021 Round 4 - Spa-Francorchamps,,,,,,no,no,Official TSL PDF book for GB3/BRDC British F3 at Spa-Francorchamps.,https://www.tsl-timing.com/file/?f=BF3GT/2021/212905bf3.pdf,1,900ddfcb701b1977f16e33501302742c328980f5ffcccd190d2e433bba0b5681
asset_gb3_2021_212905_rc3_pdf,pdf,GB3 2021 Spa-Francorchamps Race 3 Result timing PDF,link_only,2021-07-25,series_gb3,GB3 Championship,2021,event_gb3_2021_r4_spa_francorchamps,GB3 2021 Round 4 - Spa-Francorchamps,session_gb3_2021_212905_race_3_result,race,Race 3 Result,,,no,no,Official TSL timing PDF for Spa-Francorchamps Race 3 Result.,https://www.tsl-timing.com/file/?f=BF3GT/2021/212905rc3bf3.pdf,2,900ddfcb701b1977f16e33501302742c328980f5ffcccd190d2e433bba0b5681
asset_gb3_2021_213105_gr2_pdf,pdf,GB3 2021 Snetterton Grid for Race 2 timing PDF,link_only,2021-08-07,series_gb3,GB3 Championship,2021,event_gb3_2021_r5_snetterton,GB3 2021 Round 5 - Snetterton,session_gb3_2021_213105_race_2_result,race,Race 2 Result,,,no,no,Official TSL grid PDF for Snetterton Grid for Race 2.,https://www.tsl-timing.com/file/?f=BF3GT/2021/213105gr2bf3.pdf,2,900ddfcb701b1977f16e33501302742c328980f5ffcccd190d2e433bba0b5681
asset_gb3_2021_213105_gr3_pdf,pdf,GB3 2021 Snetterton Grid for Race 3 timing PDF,link_only,2021-08-07,series_gb3,GB3 Championship,2021,event_gb3_2021_r5_snetterton,GB3 2021 Round 5 - Snetterton,session_gb3_2021_213105_race_3_result,race,Race 3 Result,,,no,no,Official TSL grid PDF for Snetterton Grid for Race 3.,https://www.tsl-timing.com/file/?f=BF3GT/2021/213105gr3bf3.pdf,2,900ddfcb701b1977f16e33501302742c328980f5ffcccd190d2e433bba0b5681
asset_gb3_2021_213105_grd_pdf,pdf,GB3 2021 Snetterton Grid for Race 1 timing PDF,link_only,2021-08-07,series_gb3,GB3 Championship,2021,event_gb3_2021_r5_snetterton,GB3 2021 Round 5 - Snetterton,session_gb3_2021_213105_race_1_result,race,Race 1 Result,,,no,no,Official TSL grid PDF for Snetterton Grid for Race 1.,https://www.tsl-timing.com/file/?f=BF3GT/2021/213105grdbf3.pdf,2,900ddfcb701b1977f16e33501302742c328980f5ffcccd190d2e433bba0b5681
asset_gb3_2021_213105_qu1_pdf,pdf,GB3 2021 Snetterton Qualifying timing PDF,link_only,2021-08-07,series_gb3,GB3 Championship,2021,event_gb3_2021_r5_snetterton,GB3 2021 Round 5 - Snetterton,session_gb3_2021_213105_qualifying,qualifying,Qualifying,,,no,no,Official TSL timing PDF for Snetterton Qualifying.,https://www.tsl-timing.com/file/?f=BF3GT/2021/213105qu1bf3.pdf,2,900ddfcb701b1977f16e33501302742c328980f5ffcccd190d2e433bba0b5681
asset_gb3_2021_213105_qu2_pdf,pdf,GB3 2021 Snetterton Qualifying 2nd Fastest timing PDF,link_only,2021-08-07,series_gb3,GB3 Championship,2021,event_gb3_2021_r5_snetterton,GB3 2021 Round 5 - Snetterton,session_gb3_2021_213105_qualifying_2nd_fastest,qualifying,Qualifying 2nd Fastest,,,no,no,Official TSL timing PDF for Snetterton Qualifying 2nd Fastest.,https://www.tsl-timing.com/file/?f=BF3GT/2021/213105qu2bf3.pdf,2,900ddfcb701b1977f16e33501302742c328980f5ffcccd190d2e433bba0b5681
asset_gb3_2021_213105_rc1_pdf,pdf,GB3 2021 Snetterton Race 1 Result timing PDF,link_only,2021-08-07,series_gb3,GB3 Championship,2021,event_gb3_2021_r5_snetterton,GB3 2021 Round 5 - Snetterton,session_gb3_2021_213105_race_1_result,race,Race 1 Result,,,no,no,Official TSL timing PDF for Snetterton Race 1 Result.,https://www.tsl-timing.com/file/?f=BF3GT/2021/213105rc1bf3.pdf,2,900ddfcb701b1977f16e33501302742c328980f5ffcccd190d2e433bba0b5681
asset_gb3_2021_213105_pdf_book,pdf,GB3 2021 Snetterton TSL PDF book,link_only,2021-08-08,series_gb3,GB3 Championship,2021,event_gb3_2021_r5_snetterton,GB3 2021 Round 5 - Snetterton,,,,,,no,no,Official TSL PDF book for GB3/BRDC British F3 at Snetterton.,https://www.tsl-timing.com/file/?f=BF3GT/2021/213105bf3.pdf,1,900ddfcb701b1977f16e33501302742c328980f5ffcccd190d2e433bba0b5681
asset_gb3_2021_213105_rc2_pdf,pdf,GB3 2021 Snetterton Race 2 Result timing PDF,link_only,2021-08-08,series_gb3,GB3 Championship,2021,event_gb3_2021_r5_snetterton,GB3 2021 Round 5 - Snetterton,session_gb3_2021_213105_race_2_result,race,Race 2 Result,,,no,no,Official TSL timing PDF for Snetterton Race 2 Result.,https://www.tsl-timing.com/file/?f=BF3GT/2021/213105rc2bf3.pdf,2,900ddfcb701b1977f16e33501302742c328980f5ffcccd190d2e433bba0b5681
asset_gb3_2021_213105_rc3_pdf,pdf,GB3 2021 Snetterton Race 3 Result timing PDF,link_only,2021-08-08,series_gb3,GB3 Championship,2021,event_gb3_2021_r5_snetterton,GB3 2021 Round 5 - Snetterton,session_gb3_2021_213105_race_3_result,race,Race 3 Result,,,no,no,Official TSL timing PDF for Snetterton Race 3 Result.,https://www.tsl-timing.com/file/?f=BF3GT/2021/213105rc3bf3.pdf,2,900ddfcb701b1977f16e33501302742c328980f5ffcccd190d2e433bba0b5681
asset_gb3_2021_213605_gr2_pdf,pdf,GB3 2021 Oulton Park Grid for Race 2 timing PDF,link_only,2021-09-11,series_gb3,GB3 Championship,2021,event_gb3_2021_r6_oulton_park,GB3 2021 Round 6 - Oulton Park,session_gb3_2021_213605_race_2_result,race,Race 2 Result,,,no,no,Official TSL grid PDF for Oulton Park Grid for Race 2.,https://www.tsl-timing.com/file/?f=BF3GT/2021/213605gr2bf3.pdf,2,900ddfcb701b1977f16e33501302742c328980f5ffcccd190d2e433bba0b5681
asset_gb3_2021_213605_gr3_pdf,pdf,GB3 2021 Oulton Park Grid for Race 3 timing PDF,link_only,2021-09-11,series_gb3,GB3 Championship,2021,event_gb3_2021_r6_oulton_park,GB3 2021 Round 6 - Oulton Park,session_gb3_2021_213605_race_3_result,race,Race 3 Result,,,no,no,Official TSL grid PDF for Oulton Park Grid for Race 3.,https://www.tsl-timing.com/file/?f=BF3GT/2021/213605gr3bf3.pdf,2,900ddfcb701b1977f16e33501302742c328980f5ffcccd190d2e433bba0b5681
asset_gb3_2021_213605_grd_pdf,pdf,GB3 2021 Oulton Park Grid for Race 1 timing PDF,link_only,2021-09-11,series_gb3,GB3 Championship,2021,event_gb3_2021_r6_oulton_park,GB3 2021 Round 6 - Oulton Park,session_gb3_2021_213605_race_1_result,race,Race 1 Result,,,no,no,Official TSL grid PDF for Oulton Park Grid for Race 1.,https://www.tsl-timing.com/file/?f=BF3GT/2021/213605grdbf3.pdf,2,900ddfcb701b1977f16e33501302742c328980f5ffcccd190d2e433bba0b5681
asset_gb3_2021_213605_qu1_pdf,pdf,GB3 2021 Oulton Park Qualifying timing PDF,link_only,2021-09-11,series_gb3,GB3 Championship,2021,event_gb3_2021_r6_oulton_park,GB3 2021 Round 6 - Oulton Park,session_gb3_2021_213605_qualifying,qualifying,Qualifying,,,no,no,Official TSL timing PDF for Oulton Park Qualifying.,https://www.tsl-timing.com/file/?f=BF3GT/2021/213605qu1bf3.pdf,2,900ddfcb701b1977f16e33501302742c328980f5ffcccd190d2e433bba0b5681
asset_gb3_2021_213605_qu2_pdf,pdf,GB3 2021 Oulton Park Qualifying 2nd Fastest timing PDF,link_only,2021-09-11,series_gb3,GB3 Championship,2021,event_gb3_2021_r6_oulton_park,GB3 2021 Round 6 - Oulton Park,session_gb3_2021_213605_qualifying_2nd_fastest,qualifying,Qualifying 2nd Fastest,,,no,no,Official TSL timing PDF for Oulton Park Qualifying 2nd Fastest.,https://www.tsl-timing.com/file/?f=BF3GT/2021/213605qu2bf3.pdf,2,900ddfcb701b1977f16e33501302742c328980f5ffcccd190d2e433bba0b5681
asset_gb3_2021_213605_rc1_pdf,pdf,GB3 2021 Oulton Park Race 1 Result timing PDF,link_only,2021-09-11,series_gb3,GB3 Championship,2021,event_gb3_2021_r6_oulton_park,GB3 2021 Round 6 - Oulton Park,session_gb3_2021_213605_race_1_result,race,Race 1 Result,,,no,no,Official TSL timing PDF for Oulton Park Race 1 Result.,https://www.tsl-timing.com/file/?f=BF3GT/2021/213605rc1bf3.pdf,2,900ddfcb701b1977f16e33501302742c328980f5ffcccd190d2e433bba0b5681
asset_gb3_2021_213605_pdf_book,pdf,GB3 2021 Oulton Park TSL PDF book,link_only,2021-09-12,series_gb3,GB3 Championship,2021,event_gb3_2021_r6_oulton_park,GB3 2021 Round 6 - Oulton Park,,,,,,no,no,Official TSL PDF book for GB3/BRDC British F3 at Oulton Park.,https://www.tsl-timing.com/file/?f=BF3GT/2021/213605bf3.pdf,1,900ddfcb701b1977f16e33501302742c328980f5ffcccd190d2e433bba0b5681
asset_gb3_2021_213605_rc2_pdf,pdf,GB3 2021 Oulton Park Race 2 Result timing PDF,link_only,2021-09-12,series_gb3,GB3 Championship,2021,event_gb3_2021_r6_oulton_park,GB3 2021 Round 6 - Oulton Park,session_gb3_2021_213605_race_2_result,race,Race 2 Result,,,no,no,Official TSL timing PDF for Oulton Park Race 2 Result.,https://www.tsl-timing.com/file/?f=BF3GT/2021/213605rc2bf3.pdf,2,900ddfcb701b1977f16e33501302742c328980f5ffcccd190d2e433bba0b5681
asset_gb3_2021_213605_rc3_pdf,pdf,GB3 2021 Oulton Park Race 3 Result timing PDF,link_only,2021-09-12,series_gb3,GB3 Championship,2021,event_gb3_2021_r6_oulton_park,GB3 2021 Round 6 - Oulton Park,session_gb3_2021_213605_race_3_result,race,Race 3 Result,,,no,no,Official TSL timing PDF for Oulton Park Race 3 Result.,https://www.tsl-timing.com/file/?f=BF3GT/2021/213605rc3bf3.pdf,2,900ddfcb701b1977f16e33501302742c328980f5ffcccd190d2e433bba0b5681
asset_gb3_2021_214105_gr2_pdf,pdf,GB3 2021 Donington Park Grid for Race 2 timing PDF,link_only,2021-10-16,series_gb3,GB3 Championship,2021,event_gb3_2021_r7_donington_park,GB3 2021 Round 7 - Donington Park,session_gb3_2021_214105_race_2_result,race,Race 2 Result,,,no,no,Official TSL grid PDF for Donington Park Grid for Race 2.,https://www.tsl-timing.com/file/?f=BF3GT/2021/214105gr2bf3.pdf,2,900ddfcb701b1977f16e33501302742c328980f5ffcccd190d2e433bba0b5681
asset_gb3_2021_214105_gr3_pdf,pdf,GB3 2021 Donington Park Grid for Race 3 timing PDF,link_only,2021-10-16,series_gb3,GB3 Championship,2021,event_gb3_2021_r7_donington_park,GB3 2021 Round 7 - Donington Park,session_gb3_2021_214105_race_3_result,race,Race 3 Result,,,no,no,Official TSL grid PDF for Donington Park Grid for Race 3.,https://www.tsl-timing.com/file/?f=BF3GT/2021/214105gr3bf3.pdf,2,900ddfcb701b1977f16e33501302742c328980f5ffcccd190d2e433bba0b5681
asset_gb3_2021_214105_grd_pdf,pdf,GB3 2021 Donington Park Grid for Race 1 timing PDF,link_only,2021-10-16,series_gb3,GB3 Championship,2021,event_gb3_2021_r7_donington_park,GB3 2021 Round 7 - Donington Park,session_gb3_2021_214105_race_1_result,race,Race 1 Result,,,no,no,Official TSL grid PDF for Donington Park Grid for Race 1.,https://www.tsl-timing.com/file/?f=BF3GT/2021/214105grdbf3.pdf,2,900ddfcb701b1977f16e33501302742c328980f5ffcccd190d2e433bba0b5681
asset_gb3_2021_214105_qu1_pdf,pdf,GB3 2021 Donington Park Qualifying timing PDF,link_only,2021-10-16,series_gb3,GB3 Championship,2021,event_gb3_2021_r7_donington_park,GB3 2021 Round 7 - Donington Park,session_gb3_2021_214105_qualifying,qualifying,Qualifying,,,no,no,Official TSL timing PDF for Donington Park Qualifying.,https://www.tsl-timing.com/file/?f=BF3GT/2021/214105qu1bf3.pdf,2,900ddfcb701b1977f16e33501302742c328980f5ffcccd190d2e433bba0b5681
asset_gb3_2021_214105_qu2_pdf,pdf,GB3 2021 Donington Park Qualifying 2nd Fastest timing PDF,link_only,2021-10-16,series_gb3,GB3 Championship,2021,event_gb3_2021_r7_donington_park,GB3 2021 Round 7 - Donington Park,session_gb3_2021_214105_qualifying_2nd_fastest,qualifying,Qualifying 2nd Fastest,,,no,no,Official TSL timing PDF for Donington Park Qualifying 2nd Fastest.,https://www.tsl-timing.com/file/?f=BF3GT/2021/214105qu2bf3.pdf,2,900ddfcb701b1977f16e33501302742c328980f5ffcccd190d2e433bba0b5681
asset_gb3_2021_214105_rc1_pdf,pdf,GB3 2021 Donington Park Race 1 Result timing PDF,link_only,2021-10-16,series_gb3,GB3 Championship,2021,event_gb3_2021_r7_donington_park,GB3 2021 Round 7 - Donington Park,session_gb3_2021_214105_race_1_result,race,Race 1 Result,,,no,no,Official TSL timing PDF for Donington Park Race 1 Result.,https://www.tsl-timing.com/file/?f=BF3GT/2021/214105rc1bf3.pdf,2,900ddfcb701b1977f16e33501302742c328980f5ffcccd190d2e433bba0b5681
asset_gb3_2021_214105_pdf_book,pdf,GB3 2021 Donington Park TSL PDF book,link_only,2021-10-17,series_gb3,GB3 Championship,2021,event_gb3_2021_r7_donington_park,GB3 2021 Round 7 - Donington Park,,,,,,no,no,Official TSL PDF book for GB3/BRDC British F3 at Donington Park.,https://www.tsl-timing.com/file/?f=BF3GT/2021/214105bf3.pdf,1,900ddfcb701b1977f16e33501302742c328980f5ffcccd190d2e433bba0b5681
asset_gb3_2021_214105_rc2_pdf,pdf,GB3 2021 Donington Park Race 2 Result timing PDF,link_only,2021-10-17,series_gb3,GB3 Championship,2021,event_gb3_2021_r7_donington_park,GB3 2021 Round 7 - Donington Park,session_gb3_2021_214105_race_2_result,race,Race 2 Result,,,no,no,Official TSL timing PDF for Donington Park Race 2 Result.,https://www.tsl-timing.com/file/?f=BF3GT/2021/214105rc2bf3.pdf,2,900ddfcb701b1977f16e33501302742c328980f5ffcccd190d2e433bba0b5681
asset_gb3_2021_214105_rc3_pdf,pdf,GB3 2021 Donington Park Race 3 Result timing PDF,link_only,2021-10-17,series_gb3,GB3 Championship,2021,event_gb3_2021_r7_donington_park,GB3 2021 Round 7 - Donington Park,session_gb3_2021_214105_race_3_result,race,Race 3 Result,,,no,no,Official TSL timing PDF for Donington Park Race 3 Result.,https://www.tsl-timing.com/file/?f=BF3GT/2021/214105rc3bf3.pdf,2,900ddfcb701b1977f16e33501302742c328980f5ffcccd190d2e433bba0b5681
asset_gb3_2022_1108_results_pdf,pdf,GB3 2022 Oulton Park Thursday session 1 results PDF,link_only,2022-04-14T09:00:00,series_gb3,GB3 Championship,2022,event_gb3_2022_r1_oulton_park,GB3 2022 Round 1 - Oulton Park,session_gb3_2022_1108,practice,Thursday session 1,,,no,no,Official GB3 result PDF for Oulton Park Thursday session 1.,https://msvstatic.blob.core.windows.net/bsb-results/Session-1108.pdf,1,900ddfcb701b1977f16e33501302742c328980f5ffcccd190d2e433bba0b5681
asset_gb3_2022_1110_results_pdf,pdf,GB3 2022 Oulton Park Thursday session 2 results PDF,link_only,2022-04-14T12:00:00,series_gb3,GB3 Championship,2022,event_gb3_2022_r1_oulton_park,GB3 2022 Round 1 - Oulton Park,session_gb3_2022_1110,practice,Thursday session 2,,,no,no,Official GB3 result PDF for Oulton Park Thursday session 2.,https://msvstatic.blob.core.windows.net/bsb-results/Session-1110.pdf,1,900ddfcb701b1977f16e33501302742c328980f5ffcccd190d2e433bba0b5681
asset_gb3_2022_1109_results_pdf,pdf,GB3 2022 Oulton Park Thursday session 3 results PDF,link_only,2022-04-14T16:50:00,series_gb3,GB3 Championship,2022,event_gb3_2022_r1_oulton_park,GB3 2022 Round 1 - Oulton Park,session_gb3_2022_1109,practice,Thursday session 3,,,no,no,Official GB3 result PDF for Oulton Park Thursday session 3.,https://msvstatic.blob.core.windows.net/bsb-results/Session-1109.pdf,1,900ddfcb701b1977f16e33501302742c328980f5ffcccd190d2e433bba0b5681
asset_gb3_2022_1111_results_pdf,pdf,GB3 2022 Oulton Park Friday session 1 results PDF,link_only,2022-04-15T09:00:00,series_gb3,GB3 Championship,2022,event_gb3_2022_r1_oulton_park,GB3 2022 Round 1 - Oulton Park,session_gb3_2022_1111,practice,Friday session 1,,,no,no,Official GB3 result PDF for Oulton Park Friday session 1.,https://msvstatic.blob.core.windows.net/bsb-results/Session-1111.pdf,1,900ddfcb701b1977f16e33501302742c328980f5ffcccd190d2e433bba0b5681
asset_gb3_2022_1112_results_pdf,pdf,GB3 2022 Oulton Park Friday session 2 results PDF,link_only,2022-04-15T14:00:00,series_gb3,GB3 Championship,2022,event_gb3_2022_r1_oulton_park,GB3 2022 Round 1 - Oulton Park,session_gb3_2022_1112,practice,Friday session 2,,,no,no,Official GB3 result PDF for Oulton Park Friday session 2.,https://msvstatic.blob.core.windows.net/bsb-results/Session-1112.pdf,1,900ddfcb701b1977f16e33501302742c328980f5ffcccd190d2e433bba0b5681
asset_gb3_2022_1113_results_pdf,pdf,GB3 2022 Oulton Park Qualifying results PDF,link_only,2022-04-16T10:00:00,series_gb3,GB3 Championship,2022,event_gb3_2022_r1_oulton_park,GB3 2022 Round 1 - Oulton Park,session_gb3_2022_1113,qualifying,Qualifying,,,no,no,Official GB3 result PDF for Oulton Park Qualifying.,https://msvstatic.blob.core.windows.net/bsb-results/Session-1113.pdf,1,900ddfcb701b1977f16e33501302742c328980f5ffcccd190d2e433bba0b5681
asset_gb3_2022_778_results_pdf,pdf,GB3 2022 Oulton Park Race 1 results PDF,link_only,2022-04-16T14:45:00,series_gb3,GB3 Championship,2022,event_gb3_2022_r1_oulton_park,GB3 2022 Round 1 - Oulton Park,session_gb3_2022_778,race,Race 1,,,no,no,Official GB3 result PDF for Oulton Park Race 1.,https://msvstatic.blob.core.windows.net/bsb-results/Session-778.pdf,1,900ddfcb701b1977f16e33501302742c328980f5ffcccd190d2e433bba0b5681
asset_gb3_2022_779_results_pdf,pdf,GB3 2022 Oulton Park Race 2 results PDF,link_only,2022-04-18T13:05:00,series_gb3,GB3 Championship,2022,event_gb3_2022_r1_oulton_park,GB3 2022 Round 1 - Oulton Park,session_gb3_2022_779,race,Race 2,,,no,no,Official GB3 result PDF for Oulton Park Race 2.,https://msvstatic.blob.core.windows.net/bsb-results/Session-779.pdf,1,900ddfcb701b1977f16e33501302742c328980f5ffcccd190d2e433bba0b5681
asset_gb3_2022_780_results_pdf,pdf,GB3 2022 Oulton Park Race 3  results PDF,link_only,2022-04-18T15:25:00,series_gb3,GB3 Championship,2022,event_gb3_2022_r1_oulton_park,GB3 2022 Round 1 - Oulton Park,session_gb3_2022_780,race,Race 3 ,,,no,no,Official GB3 result PDF for Oulton Park Race 3 .,https://msvstatic.blob.core.windows.net/bsb-results/Session-780.pdf,1,900ddfcb701b1977f16e33501302742c328980f5ffcccd190d2e433bba0b5681
asset_gb3_2022_1187_results_pdf,pdf,GB3 2022 Silverstone Thursday session 1 results PDF,link_only,2022-05-05T09:00:00,series_gb3,GB3 Championship,2022,event_gb3_2022_r2_silverstone,GB3 2022 Round 2 - Silverstone,session_gb3_2022_1187,practice,Thursday session 1,,,no,no,Official GB3 result PDF for Silverstone Thursday session 1.,https://msvstatic.blob.core.windows.net/championship-results/Session-1187.pdf,1,900ddfcb701b1977f16e33501302742c328980f5ffcccd190d2e433bba0b5681
asset_gb3_2022_1188_results_pdf,pdf,GB3 2022 Silverstone Thursday session 2 results PDF,link_only,2022-05-05T10:00:00,series_gb3,GB3 Championship,2022,event_gb3_2022_r2_silverstone,GB3 2022 Round 2 - Silverstone,session_gb3_2022_1188,practice,Thursday session 2,,,no,no,Official GB3 result PDF for Silverstone Thursday session 2.,https://msvstatic.blob.core.windows.net/championship-results/Session-1188.pdf,1,900ddfcb701b1977f16e33501302742c328980f5ffcccd190d2e433bba0b5681
asset_gb3_2022_1189_results_pdf,pdf,GB3 2022 Silverstone Thursday session 3 results PDF,link_only,2022-05-05T12:00:00,series_gb3,GB3 Championship,2022,event_gb3_2022_r2_silverstone,GB3 2022 Round 2 - Silverstone,session_gb3_2022_1189,practice,Thursday session 3,,,no,no,Official GB3 result PDF for Silverstone Thursday session 3.,https://msvstatic.blob.core.windows.net/championship-results/Session-1189.pdf,1,900ddfcb701b1977f16e33501302742c328980f5ffcccd190d2e433bba0b5681
asset_gb3_2022_1191_results_pdf,pdf,GB3 2022 Silverstone Thursday session 4 results PDF,link_only,2022-05-05T15:00:00,series_gb3,GB3 Championship,2022,event_gb3_2022_r2_silverstone,GB3 2022 Round 2 - Silverstone,session_gb3_2022_1191,practice,Thursday session 4,,,no,no,Official GB3 result PDF for Silverstone Thursday session 4.,https://msvstatic.blob.core.windows.net/championship-results/Session-1191.pdf,1,900ddfcb701b1977f16e33501302742c328980f5ffcccd190d2e433bba0b5681
asset_gb3_2022_1193_results_pdf,pdf,GB3 2022 Silverstone Friday session 1 results PDF,link_only,2022-05-06T00:00:00,series_gb3,GB3 Championship,2022,event_gb3_2022_r2_silverstone,GB3 2022 Round 2 - Silverstone,session_gb3_2022_1193,practice,Friday session 1,,,no,no,Official GB3 result PDF for Silverstone Friday session 1.,https://msvstatic.blob.core.windows.net/championship-results/Session-1193.pdf,1,900ddfcb701b1977f16e33501302742c328980f5ffcccd190d2e433bba0b5681
asset_gb3_2022_1194_results_pdf,pdf,GB3 2022 Silverstone Friday session 2 results PDF,link_only,2022-05-06T15:00:00,series_gb3,GB3 Championship,2022,event_gb3_2022_r2_silverstone,GB3 2022 Round 2 - Silverstone,session_gb3_2022_1194,practice,Friday session 2,,,no,no,Official GB3 result PDF for Silverstone Friday session 2.,https://msvstatic.blob.core.windows.net/championship-results/Session-1194.pdf,1,900ddfcb701b1977f16e33501302742c328980f5ffcccd190d2e433bba0b5681
asset_gb3_2022_1195_results_pdf,pdf,GB3 2022 Silverstone Friday combined results PDF,link_only,2022-05-06T17:00:00,series_gb3,GB3 Championship,2022,event_gb3_2022_r2_silverstone,GB3 2022 Round 2 - Silverstone,session_gb3_2022_1195,practice,Friday combined,,,no,no,Official GB3 result PDF for Silverstone Friday combined.,https://msvstatic.blob.core.windows.net/championship-results/Session-1195.pdf,1,900ddfcb701b1977f16e33501302742c328980f5ffcccd190d2e433bba0b5681
asset_gb3_2022_1082_results_pdf,pdf,GB3 2022 Silverstone Race 1 results PDF,link_only,2022-05-07T10:00:00,series_gb3,GB3 Championship,2022,event_gb3_2022_r2_silverstone,GB3 2022 Round 2 - Silverstone,session_gb3_2022_1082,race,Race 1,,,no,no,Official GB3 result PDF for Silverstone Race 1.,https://msvstatic.blob.core.windows.net/championship-results/Session-1082.pdf,1,900ddfcb701b1977f16e33501302742c328980f5ffcccd190d2e433bba0b5681
asset_gb3_2022_1196_results_pdf,pdf,GB3 2022 Silverstone Qualifying results PDF,link_only,2022-05-07T10:00:00,series_gb3,GB3 Championship,2022,event_gb3_2022_r2_silverstone,GB3 2022 Round 2 - Silverstone,session_gb3_2022_1196,qualifying,Qualifying,,,no,no,Official GB3 result PDF for Silverstone Qualifying.,https://msvstatic.blob.core.windows.net/championship-results/Session-1196.pdf,1,900ddfcb701b1977f16e33501302742c328980f5ffcccd190d2e433bba0b5681
asset_gb3_2022_1083_results_pdf,pdf,GB3 2022 Silverstone Race 2 results PDF,link_only,2022-05-08T10:00:00,series_gb3,GB3 Championship,2022,event_gb3_2022_r2_silverstone,GB3 2022 Round 2 - Silverstone,session_gb3_2022_1083,race,Race 2,,,no,no,Official GB3 result PDF for Silverstone Race 2.,https://msvstatic.blob.core.windows.net/championship-results/Session-1083.pdf,1,900ddfcb701b1977f16e33501302742c328980f5ffcccd190d2e433bba0b5681
asset_gb3_2022_1084_results_pdf,pdf,GB3 2022 Silverstone Race 3  results PDF,link_only,2022-05-08T14:00:00,series_gb3,GB3 Championship,2022,event_gb3_2022_r2_silverstone,GB3 2022 Round 2 - Silverstone,session_gb3_2022_1084,race,Race 3 ,,,no,no,Official GB3 result PDF for Silverstone Race 3 .,https://msvstatic.blob.core.windows.net/championship-results/Session-1084.pdf,1,900ddfcb701b1977f16e33501302742c328980f5ffcccd190d2e433bba0b5681
asset_gb3_2022_1244_results_pdf,pdf,GB3 2022 Donington Park Thursday session 1 results PDF,link_only,2022-05-26T09:40:00,series_gb3,GB3 Championship,2022,event_gb3_2022_r3_donington_park,GB3 2022 Round 3 - Donington Park,session_gb3_2022_1244,practice,Thursday session 1,,,no,no,Official GB3 result PDF for Donington Park Thursday session 1.,https://msvstatic.blob.core.windows.net/championship-results/Session-1244.pdf,1,900ddfcb701b1977f16e33501302742c328980f5ffcccd190d2e433bba0b5681
asset_gb3_2022_1245_results_pdf,pdf,GB3 2022 Donington Park Thursday session 2 results PDF,link_only,2022-05-26T12:40:00,series_gb3,GB3 Championship,2022,event_gb3_2022_r3_donington_park,GB3 2022 Round 3 - Donington Park,session_gb3_2022_1245,practice,Thursday session 2,,,no,no,Official GB3 result PDF for Donington Park Thursday session 2.,https://msvstatic.blob.core.windows.net/championship-results/Session-1245.pdf,1,900ddfcb701b1977f16e33501302742c328980f5ffcccd190d2e433bba0b5681
asset_gb3_2022_1246_results_pdf,pdf,GB3 2022 Donington Park Thursday session 3 results PDF,link_only,2022-05-26T17:05:00,series_gb3,GB3 Championship,2022,event_gb3_2022_r3_donington_park,GB3 2022 Round 3 - Donington Park,session_gb3_2022_1246,practice,Thursday session 3,,,no,no,Official GB3 result PDF for Donington Park Thursday session 3.,https://msvstatic.blob.core.windows.net/championship-results/Session-1246.pdf,1,900ddfcb701b1977f16e33501302742c328980f5ffcccd190d2e433bba0b5681
asset_gb3_2022_1247_results_pdf,pdf,GB3 2022 Donington Park Friday session 1 results PDF,link_only,2022-05-27T11:15:00,series_gb3,GB3 Championship,2022,event_gb3_2022_r3_donington_park,GB3 2022 Round 3 - Donington Park,session_gb3_2022_1247,practice,Friday session 1,,,no,no,Official GB3 result PDF for Donington Park Friday session 1.,https://msvstatic.blob.core.windows.net/championship-results/Session-1247.pdf,1,900ddfcb701b1977f16e33501302742c328980f5ffcccd190d2e433bba0b5681
asset_gb3_2022_1249_results_pdf,pdf,GB3 2022 Donington Park Friday session 3 results PDF,link_only,2022-05-27T17:45:00,series_gb3,GB3 Championship,2022,event_gb3_2022_r3_donington_park,GB3 2022 Round 3 - Donington Park,session_gb3_2022_1249,practice,Friday session 3,,,no,no,Official GB3 result PDF for Donington Park Friday session 3.,https://msvstatic.blob.core.windows.net/championship-results/Session-1249.pdf,1,900ddfcb701b1977f16e33501302742c328980f5ffcccd190d2e433bba0b5681
asset_gb3_2022_1243_results_pdf,pdf,GB3 2022 Donington Park Qualifying results PDF,link_only,2022-05-28T11:40:00,series_gb3,GB3 Championship,2022,event_gb3_2022_r3_donington_park,GB3 2022 Round 3 - Donington Park,session_gb3_2022_1243,qualifying,Qualifying,,,no,no,Official GB3 result PDF for Donington Park Qualifying.,https://msvstatic.blob.core.windows.net/championship-results/Session-1243.pdf,1,900ddfcb701b1977f16e33501302742c328980f5ffcccd190d2e433bba0b5681
asset_gb3_2022_1085_results_pdf,pdf,GB3 2022 Donington Park Race 1 results PDF,link_only,2022-05-28T15:35:00,series_gb3,GB3 Championship,2022,event_gb3_2022_r3_donington_park,GB3 2022 Round 3 - Donington Park,session_gb3_2022_1085,race,Race 1,,,no,no,Official GB3 result PDF for Donington Park Race 1.,https://msvstatic.blob.core.windows.net/championship-results/Session-1085.pdf,1,900ddfcb701b1977f16e33501302742c328980f5ffcccd190d2e433bba0b5681
asset_gb3_2022_1257_results_pdf,pdf,GB3 2022 Donington Park Race 2 results PDF,link_only,2022-05-29T10:07:00,series_gb3,GB3 Championship,2022,event_gb3_2022_r3_donington_park,GB3 2022 Round 3 - Donington Park,session_gb3_2022_1257,race,Race 2,,,no,no,Official GB3 result PDF for Donington Park Race 2.,https://msvstatic.blob.core.windows.net/championship-results/Session-1257.pdf,1,900ddfcb701b1977f16e33501302742c328980f5ffcccd190d2e433bba0b5681
asset_gb3_2022_1087_results_pdf,pdf,GB3 2022 Donington Park Race 3  results PDF,link_only,2022-05-29T16:50:00,series_gb3,GB3 Championship,2022,event_gb3_2022_r3_donington_park,GB3 2022 Round 3 - Donington Park,session_gb3_2022_1087,race,Race 3 ,,,no,no,Official GB3 result PDF for Donington Park Race 3 .,https://msvstatic.blob.core.windows.net/championship-results/Session-1087.pdf,1,900ddfcb701b1977f16e33501302742c328980f5ffcccd190d2e433bba0b5681
asset_gb3_2022_1293_results_pdf,pdf,GB3 2022 Snetterton Thursday session 1 results PDF,link_only,2022-06-23T09:45:00,series_gb3,GB3 Championship,2022,event_gb3_2022_r4_snetterton,GB3 2022 Round 4 - Snetterton,session_gb3_2022_1293,practice,Thursday session 1,,,no,no,Official GB3 result PDF for Snetterton Thursday session 1.,https://msvstatic.blob.core.windows.net/championship-results/Session-1293.pdf,1,900ddfcb701b1977f16e33501302742c328980f5ffcccd190d2e433bba0b5681
asset_gb3_2022_1294_results_pdf,pdf,GB3 2022 Snetterton Thursday session 2 results PDF,link_only,2022-06-23T13:00:00,series_gb3,GB3 Championship,2022,event_gb3_2022_r4_snetterton,GB3 2022 Round 4 - Snetterton,session_gb3_2022_1294,practice,Thursday session 2,,,no,no,Official GB3 result PDF for Snetterton Thursday session 2.,https://msvstatic.blob.core.windows.net/championship-results/Session-1294.pdf,1,900ddfcb701b1977f16e33501302742c328980f5ffcccd190d2e433bba0b5681
asset_gb3_2022_1295_results_pdf,pdf,GB3 2022 Snetterton Thursday session 3 results PDF,link_only,2022-06-23T15:15:00,series_gb3,GB3 Championship,2022,event_gb3_2022_r4_snetterton,GB3 2022 Round 4 - Snetterton,session_gb3_2022_1295,practice,Thursday session 3,,,no,no,Official GB3 result PDF for Snetterton Thursday session 3.,https://msvstatic.blob.core.windows.net/championship-results/Session-1295.pdf,1,900ddfcb701b1977f16e33501302742c328980f5ffcccd190d2e433bba0b5681
asset_gb3_2022_1301_results_pdf,pdf,GB3 2022 Snetterton Thursday combined results PDF,link_only,2022-06-23T17:00:00,series_gb3,GB3 Championship,2022,event_gb3_2022_r4_snetterton,GB3 2022 Round 4 - Snetterton,session_gb3_2022_1301,practice,Thursday combined,,,no,no,Official GB3 result PDF for Snetterton Thursday combined.,https://msvstatic.blob.core.windows.net/championship-results/Session-1301.pdf,1,900ddfcb701b1977f16e33501302742c328980f5ffcccd190d2e433bba0b5681
asset_gb3_2022_1296_results_pdf,pdf,GB3 2022 Snetterton Friday session 1 results PDF,link_only,2022-06-24T09:40:00,series_gb3,GB3 Championship,2022,event_gb3_2022_r4_snetterton,GB3 2022 Round 4 - Snetterton,session_gb3_2022_1296,practice,Friday session 1,,,no,no,Official GB3 result PDF for Snetterton Friday session 1.,https://msvstatic.blob.core.windows.net/championship-results/Session-1296.pdf,1,900ddfcb701b1977f16e33501302742c328980f5ffcccd190d2e433bba0b5681
asset_gb3_2022_1297_results_pdf,pdf,GB3 2022 Snetterton Friday session 2 results PDF,link_only,2022-06-24T12:40:00,series_gb3,GB3 Championship,2022,event_gb3_2022_r4_snetterton,GB3 2022 Round 4 - Snetterton,session_gb3_2022_1297,practice,Friday session 2,,,no,no,Official GB3 result PDF for Snetterton Friday session 2.,https://msvstatic.blob.core.windows.net/championship-results/Session-1297.pdf,1,900ddfcb701b1977f16e33501302742c328980f5ffcccd190d2e433bba0b5681
asset_gb3_2022_1302_results_pdf,pdf,GB3 2022 Snetterton Friday combined results PDF,link_only,2022-06-24T13:40:00,series_gb3,GB3 Championship,2022,event_gb3_2022_r4_snetterton,GB3 2022 Round 4 - Snetterton,session_gb3_2022_1302,practice,Friday combined,,,no,no,Official GB3 result PDF for Snetterton Friday combined.,https://msvstatic.blob.core.windows.net/championship-results/Session-1302.pdf,1,900ddfcb701b1977f16e33501302742c328980f5ffcccd190d2e433bba0b5681
asset_gb3_2022_1298_results_pdf,pdf,GB3 2022 Snetterton Qualifying results PDF,link_only,2022-06-25T10:40:00,series_gb3,GB3 Championship,2022,event_gb3_2022_r4_snetterton,GB3 2022 Round 4 - Snetterton,session_gb3_2022_1298,qualifying,Qualifying,,,no,no,Official GB3 result PDF for Snetterton Qualifying.,https://msvstatic.blob.core.windows.net/championship-results/Session-1298.pdf,1,900ddfcb701b1977f16e33501302742c328980f5ffcccd190d2e433bba0b5681
asset_gb3_2022_1088_results_pdf,pdf,GB3 2022 Snetterton Race 1 results PDF,link_only,2022-06-25T13:20:00,series_gb3,GB3 Championship,2022,event_gb3_2022_r4_snetterton,GB3 2022 Round 4 - Snetterton,session_gb3_2022_1088,race,Race 1,,,no,no,Official GB3 result PDF for Snetterton Race 1.,https://msvstatic.blob.core.windows.net/championship-results/Session-1088.pdf,1,900ddfcb701b1977f16e33501302742c328980f5ffcccd190d2e433bba0b5681
asset_gb3_2022_1089_results_pdf,pdf,GB3 2022 Snetterton Race 2 results PDF,link_only,2022-06-26T10:00:00,series_gb3,GB3 Championship,2022,event_gb3_2022_r4_snetterton,GB3 2022 Round 4 - Snetterton,session_gb3_2022_1089,race,Race 2,,,no,no,Official GB3 result PDF for Snetterton Race 2.,https://msvstatic.blob.core.windows.net/championship-results/Session-1089.pdf,1,900ddfcb701b1977f16e33501302742c328980f5ffcccd190d2e433bba0b5681
asset_gb3_2022_1305_results_pdf,pdf,GB3 2022 Snetterton Race 3 results PDF,link_only,2022-06-26T13:45:00,series_gb3,GB3 Championship,2022,event_gb3_2022_r4_snetterton,GB3 2022 Round 4 - Snetterton,session_gb3_2022_1305,race,Race 3,,,no,no,Official GB3 result PDF for Snetterton Race 3.,https://msvstatic.blob.core.windows.net/championship-results/Session-1305.pdf,1,900ddfcb701b1977f16e33501302742c328980f5ffcccd190d2e433bba0b5681
asset_gb3_2022_1357_results_pdf,pdf,GB3 2022 Spa Friday session 1 results PDF,link_only,2022-07-22T08:00:00,series_gb3,GB3 Championship,2022,event_gb3_2022_r5_spa,GB3 2022 Round 5 - Spa,session_gb3_2022_1357,practice,Friday session 1,,,no,no,Official GB3 result PDF for Spa Friday session 1.,https://msvstatic.blob.core.windows.net/championship-results/Session-1357.pdf,1,900ddfcb701b1977f16e33501302742c328980f5ffcccd190d2e433bba0b5681
asset_gb3_2022_1358_results_pdf,pdf,GB3 2022 Spa Friday session 2 results PDF,link_only,2022-07-22T09:35:00,series_gb3,GB3 Championship,2022,event_gb3_2022_r5_spa,GB3 2022 Round 5 - Spa,session_gb3_2022_1358,practice,Friday session 2,,,no,no,Official GB3 result PDF for Spa Friday session 2.,https://msvstatic.blob.core.windows.net/championship-results/Session-1358.pdf,1,900ddfcb701b1977f16e33501302742c328980f5ffcccd190d2e433bba0b5681
asset_gb3_2022_1359_results_pdf,pdf,GB3 2022 Spa Friday session 3 results PDF,link_only,2022-07-22T11:40:00,series_gb3,GB3 Championship,2022,event_gb3_2022_r5_spa,GB3 2022 Round 5 - Spa,session_gb3_2022_1359,practice,Friday session 3,,,no,no,Official GB3 result PDF for Spa Friday session 3.,https://msvstatic.blob.core.windows.net/championship-results/Session-1359.pdf,1,900ddfcb701b1977f16e33501302742c328980f5ffcccd190d2e433bba0b5681
asset_gb3_2022_1360_results_pdf,pdf,GB3 2022 Spa Qualifying results PDF,link_only,2022-07-22T15:35:00,series_gb3,GB3 Championship,2022,event_gb3_2022_r5_spa,GB3 2022 Round 5 - Spa,session_gb3_2022_1360,qualifying,Qualifying,,,no,no,Official GB3 result PDF for Spa Qualifying.,https://msvstatic.blob.core.windows.net/championship-results/Session-1360.pdf,1,900ddfcb701b1977f16e33501302742c328980f5ffcccd190d2e433bba0b5681
asset_gb3_2022_1363_results_pdf,pdf,GB3 2022 Spa Race 1 results PDF,link_only,2022-07-23T13:50:00,series_gb3,GB3 Championship,2022,event_gb3_2022_r5_spa,GB3 2022 Round 5 - Spa,session_gb3_2022_1363,race,Race 1,,,no,no,Official GB3 result PDF for Spa Race 1.,https://msvstatic.blob.core.windows.net/championship-results/Session-1363.pdf,1,900ddfcb701b1977f16e33501302742c328980f5ffcccd190d2e433bba0b5681
asset_gb3_2022_1364_results_pdf,pdf,GB3 2022 Spa Race 2 results PDF,link_only,2022-07-23T19:50:00,series_gb3,GB3 Championship,2022,event_gb3_2022_r5_spa,GB3 2022 Round 5 - Spa,session_gb3_2022_1364,race,Race 2,,,no,no,Official GB3 result PDF for Spa Race 2.,https://msvstatic.blob.core.windows.net/championship-results/Session-1364.pdf,1,900ddfcb701b1977f16e33501302742c328980f5ffcccd190d2e433bba0b5681
asset_gb3_2022_1365_results_pdf,pdf,GB3 2022 Spa Race 3 results PDF,link_only,2022-07-24T11:35:00,series_gb3,GB3 Championship,2022,event_gb3_2022_r5_spa,GB3 2022 Round 5 - Spa,session_gb3_2022_1365,race,Race 3,,,no,no,Official GB3 result PDF for Spa Race 3.,https://msvstatic.blob.core.windows.net/championship-results/Session-1365.pdf,1,900ddfcb701b1977f16e33501302742c328980f5ffcccd190d2e433bba0b5681
asset_gb3_2022_1366_results_pdf,pdf,GB3 2022 Silverstone Test session 1 results PDF,link_only,2022-07-28T10:50:00,series_gb3,GB3 Championship,2022,event_gb3_2022_r6_silverstone,GB3 2022 Round 6 - Silverstone,session_gb3_2022_1366,test,Test session 1,,,no,no,Official GB3 result PDF for Silverstone Test session 1.,https://msvstatic.blob.core.windows.net/championship-results/Session-1366.pdf,1,900ddfcb701b1977f16e33501302742c328980f5ffcccd190d2e433bba0b5681
asset_gb3_2022_1367_results_pdf,pdf,GB3 2022 Silverstone Test session 2 results PDF,link_only,2022-07-28T11:30:00,series_gb3,GB3 Championship,2022,event_gb3_2022_r6_silverstone,GB3 2022 Round 6 - Silverstone,session_gb3_2022_1367,test,Test session 2,,,no,no,Official GB3 result PDF for Silverstone Test session 2.,https://msvstatic.blob.core.windows.net/championship-results/Session-1367.pdf,1,900ddfcb701b1977f16e33501302742c328980f5ffcccd190d2e433bba0b5681
asset_gb3_2022_1372_results_pdf,pdf,GB3 2022 Silverstone Test Session 1 results PDF,link_only,2022-07-29T11:20:00,series_gb3,GB3 Championship,2022,event_gb3_2022_r6_silverstone,GB3 2022 Round 6 - Silverstone,session_gb3_2022_1372,test,Test Session 1,,,no,no,Official GB3 result PDF for Silverstone Test Session 1.,https://msvstatic.blob.core.windows.net/championship-results/Session-1372.pdf,1,900ddfcb701b1977f16e33501302742c328980f5ffcccd190d2e433bba0b5681
asset_gb3_2022_1373_results_pdf,pdf,GB3 2022 Silverstone Test session 2 results PDF,link_only,2022-07-29T13:15:00,series_gb3,GB3 Championship,2022,event_gb3_2022_r6_silverstone,GB3 2022 Round 6 - Silverstone,session_gb3_2022_1373,test,Test session 2,,,no,no,Official GB3 result PDF for Silverstone Test session 2.,https://msvstatic.blob.core.windows.net/championship-results/Session-1373.pdf,1,900ddfcb701b1977f16e33501302742c328980f5ffcccd190d2e433bba0b5681
asset_gb3_2022_1374_results_pdf,pdf,GB3 2022 Silverstone Test session 3 results PDF,link_only,2022-07-29T15:45:00,series_gb3,GB3 Championship,2022,event_gb3_2022_r6_silverstone,GB3 2022 Round 6 - Silverstone,session_gb3_2022_1374,test,Test session 3,,,no,no,Official GB3 result PDF for Silverstone Test session 3.,https://msvstatic.blob.core.windows.net/championship-results/Session-1374.pdf,1,900ddfcb701b1977f16e33501302742c328980f5ffcccd190d2e433bba0b5681
asset_gb3_2022_1375_results_pdf,pdf,GB3 2022 Silverstone Qualifying results PDF,link_only,2022-07-30T10:20:00,series_gb3,GB3 Championship,2022,event_gb3_2022_r6_silverstone,GB3 2022 Round 6 - Silverstone,session_gb3_2022_1375,qualifying,Qualifying,,,no,no,Official GB3 result PDF for Silverstone Qualifying.,https://msvstatic.blob.core.windows.net/championship-results/Session-1375.pdf,1,900ddfcb701b1977f16e33501302742c328980f5ffcccd190d2e433bba0b5681
asset_gb3_2022_1094_results_pdf,pdf,GB3 2022 Silverstone Race 1 results PDF,link_only,2022-07-30T14:15:00,series_gb3,GB3 Championship,2022,event_gb3_2022_r6_silverstone,GB3 2022 Round 6 - Silverstone,session_gb3_2022_1094,race,Race 1,,,no,no,Official GB3 result PDF for Silverstone Race 1.,https://msvstatic.blob.core.windows.net/championship-results/Session-1094.pdf,1,900ddfcb701b1977f16e33501302742c328980f5ffcccd190d2e433bba0b5681
asset_gb3_2022_1376_results_pdf,pdf,GB3 2022 Silverstone Race 2 results PDF,link_only,2022-07-31T09:35:00,series_gb3,GB3 Championship,2022,event_gb3_2022_r6_silverstone,GB3 2022 Round 6 - Silverstone,session_gb3_2022_1376,race,Race 2,,,no,no,Official GB3 result PDF for Silverstone Race 2.,https://msvstatic.blob.core.windows.net/championship-results/Session-1376.pdf,1,900ddfcb701b1977f16e33501302742c328980f5ffcccd190d2e433bba0b5681
asset_gb3_2022_1096_results_pdf,pdf,GB3 2022 Silverstone Race 3  results PDF,link_only,2022-07-31T15:00:00,series_gb3,GB3 Championship,2022,event_gb3_2022_r6_silverstone,GB3 2022 Round 6 - Silverstone,session_gb3_2022_1096,race,Race 3 ,,,no,no,Official GB3 result PDF for Silverstone Race 3 .,https://msvstatic.blob.core.windows.net/championship-results/Session-1096.pdf,1,900ddfcb701b1977f16e33501302742c328980f5ffcccd190d2e433bba0b5681
asset_gb3_2022_1466_results_pdf,pdf,GB3 2022 Brands Hatch Friday session one results PDF,link_only,2022-09-09T10:00:00,series_gb3,GB3 Championship,2022,event_gb3_2022_r7_brands_hatch,GB3 2022 Round 7 - Brands Hatch,session_gb3_2022_1466,practice,Friday session one,,,no,no,Official GB3 result PDF for Brands Hatch Friday session one.,https://msvstatic.blob.core.windows.net/championship-results/Session-1466.pdf,1,900ddfcb701b1977f16e33501302742c328980f5ffcccd190d2e433bba0b5681
asset_gb3_2022_1467_results_pdf,pdf,GB3 2022 Brands Hatch Friday session two results PDF,link_only,2022-09-09T12:00:00,series_gb3,GB3 Championship,2022,event_gb3_2022_r7_brands_hatch,GB3 2022 Round 7 - Brands Hatch,session_gb3_2022_1467,practice,Friday session two,,,no,no,Official GB3 result PDF for Brands Hatch Friday session two.,https://msvstatic.blob.core.windows.net/championship-results/Session-1467.pdf,1,900ddfcb701b1977f16e33501302742c328980f5ffcccd190d2e433bba0b5681
asset_gb3_2022_1468_results_pdf,pdf,GB3 2022 Brands Hatch Friday session three results PDF,link_only,2022-09-09T14:45:00,series_gb3,GB3 Championship,2022,event_gb3_2022_r7_brands_hatch,GB3 2022 Round 7 - Brands Hatch,session_gb3_2022_1468,practice,Friday session three,,,no,no,Official GB3 result PDF for Brands Hatch Friday session three.,https://msvstatic.blob.core.windows.net/championship-results/Session-1468.pdf,1,900ddfcb701b1977f16e33501302742c328980f5ffcccd190d2e433bba0b5681
asset_gb3_2022_1469_results_pdf,pdf,GB3 2022 Brands Hatch Friday session four results PDF,link_only,2022-09-09T16:45:00,series_gb3,GB3 Championship,2022,event_gb3_2022_r7_brands_hatch,GB3 2022 Round 7 - Brands Hatch,session_gb3_2022_1469,practice,Friday session four,,,no,no,Official GB3 result PDF for Brands Hatch Friday session four.,https://msvstatic.blob.core.windows.net/championship-results/Session-1469.pdf,1,900ddfcb701b1977f16e33501302742c328980f5ffcccd190d2e433bba0b5681
asset_gb3_2022_1470_results_pdf,pdf,GB3 2022 Brands Hatch Practice results PDF,link_only,2022-09-10T09:00:00,series_gb3,GB3 Championship,2022,event_gb3_2022_r7_brands_hatch,GB3 2022 Round 7 - Brands Hatch,session_gb3_2022_1470,practice,Practice,,,no,no,Official GB3 result PDF for Brands Hatch Practice.,https://msvstatic.blob.core.windows.net/championship-results/Session-1470.pdf,1,900ddfcb701b1977f16e33501302742c328980f5ffcccd190d2e433bba0b5681
asset_gb3_2022_1471_results_pdf,pdf,GB3 2022 Brands Hatch Qualifying results PDF,link_only,2022-09-10T11:35:00,series_gb3,GB3 Championship,2022,event_gb3_2022_r7_brands_hatch,GB3 2022 Round 7 - Brands Hatch,session_gb3_2022_1471,qualifying,Qualifying,,,no,no,Official GB3 result PDF for Brands Hatch Qualifying.,https://msvstatic.blob.core.windows.net/championship-results/Session-1471.pdf,1,900ddfcb701b1977f16e33501302742c328980f5ffcccd190d2e433bba0b5681
asset_gb3_2022_1097_results_pdf,pdf,GB3 2022 Brands Hatch Race 1 results PDF,link_only,2022-09-10T16:50:00,series_gb3,GB3 Championship,2022,event_gb3_2022_r7_brands_hatch,GB3 2022 Round 7 - Brands Hatch,session_gb3_2022_1097,race,Race 1,,,no,no,Official GB3 result PDF for Brands Hatch Race 1.,https://msvstatic.blob.core.windows.net/championship-results/Session-1097.pdf,1,900ddfcb701b1977f16e33501302742c328980f5ffcccd190d2e433bba0b5681
asset_gb3_2022_1098_results_pdf,pdf,GB3 2022 Brands Hatch Race 2 results PDF,link_only,2022-09-11T11:00:00,series_gb3,GB3 Championship,2022,event_gb3_2022_r7_brands_hatch,GB3 2022 Round 7 - Brands Hatch,session_gb3_2022_1098,race,Race 2,,,no,no,Official GB3 result PDF for Brands Hatch Race 2.,https://msvstatic.blob.core.windows.net/championship-results/Session-1098.pdf,1,900ddfcb701b1977f16e33501302742c328980f5ffcccd190d2e433bba0b5681
asset_gb3_2022_1099_results_pdf,pdf,GB3 2022 Brands Hatch Race 3  results PDF,link_only,2022-09-11T15:45:00,series_gb3,GB3 Championship,2022,event_gb3_2022_r7_brands_hatch,GB3 2022 Round 7 - Brands Hatch,session_gb3_2022_1099,race,Race 3 ,,,no,no,Official GB3 result PDF for Brands Hatch Race 3 .,https://msvstatic.blob.core.windows.net/championship-results/Session-1099.pdf,1,900ddfcb701b1977f16e33501302742c328980f5ffcccd190d2e433bba0b5681
asset_gb3_2022_1485_results_pdf,pdf,GB3 2022 Donington Park Thursday session one results PDF,link_only,2022-10-13T09:40:00,series_gb3,GB3 Championship,2022,event_gb3_2022_r8_donington_park,GB3 2022 Round 8 - Donington Park,session_gb3_2022_1485,practice,Thursday session one,,,no,no,Official GB3 result PDF for Donington Park Thursday session one.,https://msvstatic.blob.core.windows.net/championship-results/Session-1485.pdf,1,900ddfcb701b1977f16e33501302742c328980f5ffcccd190d2e433bba0b5681
asset_gb3_2022_1486_results_pdf,pdf,GB3 2022 Donington Park Thursday session two results PDF,link_only,2022-10-13T12:40:00,series_gb3,GB3 Championship,2022,event_gb3_2022_r8_donington_park,GB3 2022 Round 8 - Donington Park,session_gb3_2022_1486,practice,Thursday session two,,,no,no,Official GB3 result PDF for Donington Park Thursday session two.,https://msvstatic.blob.core.windows.net/championship-results/Session-1486.pdf,1,900ddfcb701b1977f16e33501302742c328980f5ffcccd190d2e433bba0b5681
asset_gb3_2022_1487_results_pdf,pdf,GB3 2022 Donington Park Thursday session three results PDF,link_only,2022-10-13T17:05:00,series_gb3,GB3 Championship,2022,event_gb3_2022_r8_donington_park,GB3 2022 Round 8 - Donington Park,session_gb3_2022_1487,practice,Thursday session three,,,no,no,Official GB3 result PDF for Donington Park Thursday session three.,https://msvstatic.blob.core.windows.net/championship-results/Session-1487.pdf,1,900ddfcb701b1977f16e33501302742c328980f5ffcccd190d2e433bba0b5681
asset_gb3_2022_1488_results_pdf,pdf,GB3 2022 Donington Park Friday session one results PDF,link_only,2022-10-14T11:20:00,series_gb3,GB3 Championship,2022,event_gb3_2022_r8_donington_park,GB3 2022 Round 8 - Donington Park,session_gb3_2022_1488,practice,Friday session one,,,no,no,Official GB3 result PDF for Donington Park Friday session one.,https://msvstatic.blob.core.windows.net/championship-results/Session-1488.pdf,1,900ddfcb701b1977f16e33501302742c328980f5ffcccd190d2e433bba0b5681
asset_gb3_2022_1489_results_pdf,pdf,GB3 2022 Donington Park Friday session two results PDF,link_only,2022-10-14T15:05:00,series_gb3,GB3 Championship,2022,event_gb3_2022_r8_donington_park,GB3 2022 Round 8 - Donington Park,session_gb3_2022_1489,practice,Friday session two,,,no,no,Official GB3 result PDF for Donington Park Friday session two.,https://msvstatic.blob.core.windows.net/championship-results/Session-1489.pdf,1,900ddfcb701b1977f16e33501302742c328980f5ffcccd190d2e433bba0b5681
asset_gb3_2022_1490_results_pdf,pdf,GB3 2022 Donington Park Qualifying results PDF,link_only,2022-10-15T10:50:00,series_gb3,GB3 Championship,2022,event_gb3_2022_r8_donington_park,GB3 2022 Round 8 - Donington Park,session_gb3_2022_1490,qualifying,Qualifying,,,no,no,Official GB3 result PDF for Donington Park Qualifying.,https://msvstatic.blob.core.windows.net/championship-results/Session-1490.pdf,1,900ddfcb701b1977f16e33501302742c328980f5ffcccd190d2e433bba0b5681
asset_gb3_2022_1103_results_pdf,pdf,GB3 2022 Donington Park Race 1 results PDF,link_only,2022-10-15T15:02:00,series_gb3,GB3 Championship,2022,event_gb3_2022_r8_donington_park,GB3 2022 Round 8 - Donington Park,session_gb3_2022_1103,race,Race 1,,,no,no,Official GB3 result PDF for Donington Park Race 1.,https://msvstatic.blob.core.windows.net/championship-results/Session-1103.pdf,1,900ddfcb701b1977f16e33501302742c328980f5ffcccd190d2e433bba0b5681
asset_gb3_2022_1104_results_pdf,pdf,GB3 2022 Donington Park Race 2 results PDF,link_only,2022-10-16T10:07:00,series_gb3,GB3 Championship,2022,event_gb3_2022_r8_donington_park,GB3 2022 Round 8 - Donington Park,session_gb3_2022_1104,race,Race 2,,,no,no,Official GB3 result PDF for Donington Park Race 2.,https://msvstatic.blob.core.windows.net/championship-results/Session-1104.pdf,1,900ddfcb701b1977f16e33501302742c328980f5ffcccd190d2e433bba0b5681
asset_gb3_2022_1105_results_pdf,pdf,GB3 2022 Donington Park Race 3  results PDF,link_only,2022-10-16T15:20:00,series_gb3,GB3 Championship,2022,event_gb3_2022_r8_donington_park,GB3 2022 Round 8 - Donington Park,session_gb3_2022_1105,race,Race 3 ,,,no,no,Official GB3 result PDF for Donington Park Race 3 .,https://msvstatic.blob.core.windows.net/championship-results/Session-1105.pdf,1,900ddfcb701b1977f16e33501302742c328980f5ffcccd190d2e433bba0b5681
asset_euroformula_2023_01-portimao-qualifying_pdf,pdf,Euroformula 2023 Portimao Qualifying results PDF,link_only,2023-04-29,series_euroformula_open,Euroformula Open,2023,event_euroformula_2023_r1_portimao,Euroformula Open 2023 Round 1 - Portimao,session_euroformula_2023_01-portimao-qualifying,qualifying,Qualifying,,,no,no,Official Euroformula Portimao Qualifying timing PDF.,https://gtsports-media.s3.eu-west-3.amazonaws.com/Qualifying - Portimao.pdf,1,900ddfcb701b1977f16e33501302742c328980f5ffcccd190d2e433bba0b5681
asset_euroformula_2023_01-portimao-race-1_pdf,pdf,Euroformula 2023 Portimao Race 1 results PDF,link_only,2023-04-29,series_euroformula_open,Euroformula Open,2023,event_euroformula_2023_r1_portimao,Euroformula Open 2023 Round 1 - Portimao,session_euroformula_2023_01-portimao-race-1,race,Race 1,,,no,no,Official Euroformula Portimao Race 1 timing PDF.,https://gtsports-media.s3.eu-west-3.amazonaws.com/Race 1 - Portimao.pdf,1,900ddfcb701b1977f16e33501302742c328980f5ffcccd190d2e433bba0b5681
asset_euroformula_2023_01-portimao-race-2_pdf,pdf,Euroformula 2023 Portimao Race 2 results PDF,link_only,2023-04-30,series_euroformula_open,Euroformula Open,2023,event_euroformula_2023_r1_portimao,Euroformula Open 2023 Round 1 - Portimao,session_euroformula_2023_01-portimao-race-2,race,Race 2,,,no,no,Official Euroformula Portimao Race 2 timing PDF.,https://gtsports-media.s3.eu-west-3.amazonaws.com/Race 2 - Portimao.pdf,1,900ddfcb701b1977f16e33501302742c328980f5ffcccd190d2e433bba0b5681
asset_euroformula_2023_01-portimao-race-3_pdf,pdf,Euroformula 2023 Portimao Race 3 results PDF,link_only,2023-04-30,series_euroformula_open,Euroformula Open,2023,event_euroformula_2023_r1_portimao,Euroformula Open 2023 Round 1 - Portimao,session_euroformula_2023_01-portimao-race-3,race,Race 3,,,no,no,Official Euroformula Portimao Race 3 timing PDF.,https://gtsports-media.s3.eu-west-3.amazonaws.com/Race 3 - Portimao.pdf,1,900ddfcb701b1977f16e33501302742c328980f5ffcccd190d2e433bba0b5681
asset_euroformula_2023_02-spa_francorchamps-qualifying_pdf,pdf,Euroformula 2023 Spa-Francorchamps Qualifying results PDF,link_only,2023-05-27,series_euroformula_open,Euroformula Open,2023,event_euroformula_2023_r2_spa_francorchamps,Euroformula Open 2023 Round 2 - Spa-Francorchamps,session_euroformula_2023_02-spa_francorchamps-qualifying,qualifying,Qualifying,,,no,no,Official Euroformula Spa-Francorchamps Qualifying timing PDF.,https://gtsports-media.s3.eu-west-3.amazonaws.com/Qualifying - Spa-Francorchamps.pdf,1,900ddfcb701b1977f16e33501302742c328980f5ffcccd190d2e433bba0b5681
asset_euroformula_2023_02-spa_francorchamps-race-1_pdf,pdf,Euroformula 2023 Spa-Francorchamps Race 1 results PDF,link_only,2023-05-27,series_euroformula_open,Euroformula Open,2023,event_euroformula_2023_r2_spa_francorchamps,Euroformula Open 2023 Round 2 - Spa-Francorchamps,session_euroformula_2023_02-spa_francorchamps-race-1,race,Race 1,,,no,no,Official Euroformula Spa-Francorchamps Race 1 timing PDF.,https://gtsports-media.s3.eu-west-3.amazonaws.com/Race 1 - Spa-Francorchamps.pdf,1,900ddfcb701b1977f16e33501302742c328980f5ffcccd190d2e433bba0b5681
asset_euroformula_2023_02-spa_francorchamps-race-2_pdf,pdf,Euroformula 2023 Spa-Francorchamps Race 2 results PDF,link_only,2023-05-28,series_euroformula_open,Euroformula Open,2023,event_euroformula_2023_r2_spa_francorchamps,Euroformula Open 2023 Round 2 - Spa-Francorchamps,session_euroformula_2023_02-spa_francorchamps-race-2,race,Race 2,,,no,no,Official Euroformula Spa-Francorchamps Race 2 timing PDF.,https://gtsports-media.s3.eu-west-3.amazonaws.com/Race 2 - Spa-Francorchamps.pdf,1,900ddfcb701b1977f16e33501302742c328980f5ffcccd190d2e433bba0b5681
asset_euroformula_2023_02-spa_francorchamps-race-3_pdf,pdf,Euroformula 2023 Spa-Francorchamps Race 3 results PDF,link_only,2023-05-28,series_euroformula_open,Euroformula Open,2023,event_euroformula_2023_r2_spa_francorchamps,Euroformula Open 2023 Round 2 - Spa-Francorchamps,session_euroformula_2023_02-spa_francorchamps-race-3,race,Race 3,,,no,no,Official Euroformula Spa-Francorchamps Race 3 timing PDF.,https://gtsports-media.s3.eu-west-3.amazonaws.com/Race 3 - Spa-Francorchamps.pdf,1,900ddfcb701b1977f16e33501302742c328980f5ffcccd190d2e433bba0b5681
asset_euroformula_2023_03-hungaroring-qualifying_pdf,pdf,Euroformula 2023 Hungaroring Qualifying results PDF,link_only,2023-06-17,series_euroformula_open,Euroformula Open,2023,event_euroformula_2023_r3_hungaroring,Euroformula Open 2023 Round 3 - Hungaroring,session_euroformula_2023_03-hungaroring-qualifying,qualifying,Qualifying,,,no,no,Official Euroformula Hungaroring Qualifying timing PDF.,https://gtsports-media.s3.eu-west-3.amazonaws.com/Qualifying - Hungaroring.pdf,1,900ddfcb701b1977f16e33501302742c328980f5ffcccd190d2e433bba0b5681
asset_euroformula_2023_03-hungaroring-race-1_pdf,pdf,Euroformula 2023 Hungaroring Race 1 results PDF,link_only,2023-06-17,series_euroformula_open,Euroformula Open,2023,event_euroformula_2023_r3_hungaroring,Euroformula Open 2023 Round 3 - Hungaroring,session_euroformula_2023_03-hungaroring-race-1,race,Race 1,,,no,no,Official Euroformula Hungaroring Race 1 timing PDF.,https://gtsports-media.s3.eu-west-3.amazonaws.com/Race 1 - Hungaroring.pdf,1,900ddfcb701b1977f16e33501302742c328980f5ffcccd190d2e433bba0b5681
asset_euroformula_2023_03-hungaroring-race-2_pdf,pdf,Euroformula 2023 Hungaroring Race 2 results PDF,link_only,2023-06-18,series_euroformula_open,Euroformula Open,2023,event_euroformula_2023_r3_hungaroring,Euroformula Open 2023 Round 3 - Hungaroring,session_euroformula_2023_03-hungaroring-race-2,race,Race 2,,,no,no,Official Euroformula Hungaroring Race 2 timing PDF.,https://gtsports-media.s3.eu-west-3.amazonaws.com/Race 2 - Hungaroring.pdf,1,900ddfcb701b1977f16e33501302742c328980f5ffcccd190d2e433bba0b5681
asset_euroformula_2023_03-hungaroring-race-3_pdf,pdf,Euroformula 2023 Hungaroring Race 3 results PDF,link_only,2023-06-18,series_euroformula_open,Euroformula Open,2023,event_euroformula_2023_r3_hungaroring,Euroformula Open 2023 Round 3 - Hungaroring,session_euroformula_2023_03-hungaroring-race-3,race,Race 3,,,no,no,Official Euroformula Hungaroring Race 3 timing PDF.,https://gtsports-media.s3.eu-west-3.amazonaws.com/Race 3 - Hungaroring.pdf,1,900ddfcb701b1977f16e33501302742c328980f5ffcccd190d2e433bba0b5681
asset_euroformula_2023_04-paul_ricard-qualifying_pdf,pdf,Euroformula 2023 Paul Ricard Qualifying results PDF,link_only,2023-07-22,series_euroformula_open,Euroformula Open,2023,event_euroformula_2023_r4_paul_ricard,Euroformula Open 2023 Round 4 - Paul Ricard,session_euroformula_2023_04-paul_ricard-qualifying,qualifying,Qualifying,,,no,no,Official Euroformula Paul Ricard Qualifying timing PDF.,https://gtsports-media.s3.eu-west-3.amazonaws.com/Qualifying - Paul Ricard.pdf,1,900ddfcb701b1977f16e33501302742c328980f5ffcccd190d2e433bba0b5681
asset_euroformula_2023_04-paul_ricard-race-1_pdf,pdf,Euroformula 2023 Paul Ricard Race 1 results PDF,link_only,2023-07-22,series_euroformula_open,Euroformula Open,2023,event_euroformula_2023_r4_paul_ricard,Euroformula Open 2023 Round 4 - Paul Ricard,session_euroformula_2023_04-paul_ricard-race-1,race,Race 1,,,no,no,Official Euroformula Paul Ricard Race 1 timing PDF.,https://gtsports-media.s3.eu-west-3.amazonaws.com/Race 1 - Paul Ricard.pdf,1,900ddfcb701b1977f16e33501302742c328980f5ffcccd190d2e433bba0b5681
asset_euroformula_2023_04-paul_ricard-race-2_pdf,pdf,Euroformula 2023 Paul Ricard Race 2 results PDF,link_only,2023-07-23,series_euroformula_open,Euroformula Open,2023,event_euroformula_2023_r4_paul_ricard,Euroformula Open 2023 Round 4 - Paul Ricard,session_euroformula_2023_04-paul_ricard-race-2,race,Race 2,,,no,no,Official Euroformula Paul Ricard Race 2 timing PDF.,https://gtsports-media.s3.eu-west-3.amazonaws.com/Race 2 - Paul Ricard.pdf,1,900ddfcb701b1977f16e33501302742c328980f5ffcccd190d2e433bba0b5681
asset_euroformula_2023_04-paul_ricard-race-3_pdf,pdf,Euroformula 2023 Paul Ricard Race 3 results PDF,link_only,2023-07-23,series_euroformula_open,Euroformula Open,2023,event_euroformula_2023_r4_paul_ricard,Euroformula Open 2023 Round 4 - Paul Ricard,session_euroformula_2023_04-paul_ricard-race-3,race,Race 3,,,no,no,Official Euroformula Paul Ricard Race 3 timing PDF.,https://gtsports-media.s3.eu-west-3.amazonaws.com/Race 3 - Paul Ricard.pdf,1,900ddfcb701b1977f16e33501302742c328980f5ffcccd190d2e433bba0b5681
asset_euroformula_2023_05-red_bull_ring-qualifying_pdf,pdf,Euroformula 2023 Red Bull Ring Qualifying results PDF,link_only,2023-09-09,series_euroformula_open,Euroformula Open,2023,event_euroformula_2023_r5_red_bull_ring,Euroformula Open 2023 Round 5 - Red Bull Ring,session_euroformula_2023_05-red_bull_ring-qualifying,qualifying,Qualifying,,,no,no,Official Euroformula Red Bull Ring Qualifying timing PDF.,https://gtsports-media.s3.eu-west-3.amazonaws.com/Qualifying - Red Bull Ring.pdf,1,900ddfcb701b1977f16e33501302742c328980f5ffcccd190d2e433bba0b5681
asset_euroformula_2023_05-red_bull_ring-race-1_pdf,pdf,Euroformula 2023 Red Bull Ring Race 1 results PDF,link_only,2023-09-09,series_euroformula_open,Euroformula Open,2023,event_euroformula_2023_r5_red_bull_ring,Euroformula Open 2023 Round 5 - Red Bull Ring,session_euroformula_2023_05-red_bull_ring-race-1,race,Race 1,,,no,no,Official Euroformula Red Bull Ring Race 1 timing PDF.,https://gtsports-media.s3.eu-west-3.amazonaws.com/Race 1 - Red Bull Ring.pdf,1,900ddfcb701b1977f16e33501302742c328980f5ffcccd190d2e433bba0b5681
asset_euroformula_2023_05-red_bull_ring-race-2_pdf,pdf,Euroformula 2023 Red Bull Ring Race 2 results PDF,link_only,2023-09-10,series_euroformula_open,Euroformula Open,2023,event_euroformula_2023_r5_red_bull_ring,Euroformula Open 2023 Round 5 - Red Bull Ring,session_euroformula_2023_05-red_bull_ring-race-2,race,Race 2,,,no,no,Official Euroformula Red Bull Ring Race 2 timing PDF.,https://gtsports-media.s3.eu-west-3.amazonaws.com/Race 2 - Red Bull Ring.pdf,1,900ddfcb701b1977f16e33501302742c328980f5ffcccd190d2e433bba0b5681
asset_euroformula_2023_05-red_bull_ring-race-3_pdf,pdf,Euroformula 2023 Red Bull Ring Race 3 results PDF,link_only,2023-09-10,series_euroformula_open,Euroformula Open,2023,event_euroformula_2023_r5_red_bull_ring,Euroformula Open 2023 Round 5 - Red Bull Ring,session_euroformula_2023_05-red_bull_ring-race-3,race,Race 3,,,no,no,Official Euroformula Red Bull Ring Race 3 timing PDF.,https://gtsports-media.s3.eu-west-3.amazonaws.com/Race 3 - Red Bull Ring.pdf,1,900ddfcb701b1977f16e33501302742c328980f5ffcccd190d2e433bba0b5681
asset_euroformula_2023_06-monza-qualifying_pdf,pdf,Euroformula 2023 Monza Qualifying results PDF,link_only,2023-09-23,series_euroformula_open,Euroformula Open,2023,event_euroformula_2023_r6_monza,Euroformula Open 2023 Round 6 - Monza,session_euroformula_2023_06-monza-qualifying,qualifying,Qualifying,,,no,no,Official Euroformula Monza Qualifying timing PDF.,https://gtsports-media.s3.eu-west-3.amazonaws.com/Qualifying - Monza.pdf,1,900ddfcb701b1977f16e33501302742c328980f5ffcccd190d2e433bba0b5681
asset_euroformula_2023_06-monza-race-1_pdf,pdf,Euroformula 2023 Monza Race 1 results PDF,link_only,2023-09-23,series_euroformula_open,Euroformula Open,2023,event_euroformula_2023_r6_monza,Euroformula Open 2023 Round 6 - Monza,session_euroformula_2023_06-monza-race-1,race,Race 1,,,no,no,Official Euroformula Monza Race 1 timing PDF.,https://gtsports-media.s3.eu-west-3.amazonaws.com/Race 1 - Monza.pdf,1,900ddfcb701b1977f16e33501302742c328980f5ffcccd190d2e433bba0b5681
asset_euroformula_2023_06-monza-race-2_pdf,pdf,Euroformula 2023 Monza Race 2 results PDF,link_only,2023-09-24,series_euroformula_open,Euroformula Open,2023,event_euroformula_2023_r6_monza,Euroformula Open 2023 Round 6 - Monza,session_euroformula_2023_06-monza-race-2,race,Race 2,,,no,no,Official Euroformula Monza Race 2 timing PDF.,https://gtsports-media.s3.eu-west-3.amazonaws.com/Race 2 - Monza.pdf,1,900ddfcb701b1977f16e33501302742c328980f5ffcccd190d2e433bba0b5681
asset_euroformula_2023_06-monza-race-3_pdf,pdf,Euroformula 2023 Monza Race 3 results PDF,link_only,2023-09-24,series_euroformula_open,Euroformula Open,2023,event_euroformula_2023_r6_monza,Euroformula Open 2023 Round 6 - Monza,session_euroformula_2023_06-monza-race-3,race,Race 3,,,no,no,Official Euroformula Monza Race 3 timing PDF.,https://gtsports-media.s3.eu-west-3.amazonaws.com/Race 3 - Monza.pdf,1,900ddfcb701b1977f16e33501302742c328980f5ffcccd190d2e433bba0b5681
asset_euroformula_2023_07-barcelona-qualifying_pdf,pdf,Euroformula 2023 Barcelona Qualifying results PDF,link_only,2023-10-21,series_euroformula_open,Euroformula Open,2023,event_euroformula_2023_r7_barcelona,Euroformula Open 2023 Round 7 - Barcelona,session_euroformula_2023_07-barcelona-qualifying,qualifying,Qualifying,,,no,no,Official Euroformula Barcelona Qualifying timing PDF.,https://gtsports-media.s3.eu-west-3.amazonaws.com/Qualifying - Barcelona.pdf,1,900ddfcb701b1977f16e33501302742c328980f5ffcccd190d2e433bba0b5681
asset_euroformula_2023_07-barcelona-race-1_pdf,pdf,Euroformula 2023 Barcelona Race 1 results PDF,link_only,2023-10-21,series_euroformula_open,Euroformula Open,2023,event_euroformula_2023_r7_barcelona,Euroformula Open 2023 Round 7 - Barcelona,session_euroformula_2023_07-barcelona-race-1,race,Race 1,,,no,no,Official Euroformula Barcelona Race 1 timing PDF.,https://gtsports-media.s3.eu-west-3.amazonaws.com/Race 1 - Barcelona.pdf,1,900ddfcb701b1977f16e33501302742c328980f5ffcccd190d2e433bba0b5681
asset_euroformula_2023_07-barcelona-race-2_pdf,pdf,Euroformula 2023 Barcelona Race 2 results PDF,link_only,2023-10-22,series_euroformula_open,Euroformula Open,2023,event_euroformula_2023_r7_barcelona,Euroformula Open 2023 Round 7 - Barcelona,session_euroformula_2023_07-barcelona-race-2,race,Race 2,,,no,no,Official Euroformula Barcelona Race 2 timing PDF.,https://gtsports-media.s3.eu-west-3.amazonaws.com/Race 2 - Barcelona.pdf,1,900ddfcb701b1977f16e33501302742c328980f5ffcccd190d2e433bba0b5681
asset_euroformula_2023_07-barcelona-race-3_pdf,pdf,Euroformula 2023 Barcelona Race 3 results PDF,link_only,2023-10-22,series_euroformula_open,Euroformula Open,2023,event_euroformula_2023_r7_barcelona,Euroformula Open 2023 Round 7 - Barcelona,session_euroformula_2023_07-barcelona-race-3,race,Race 3,,,no,no,Official Euroformula Barcelona Race 3 timing PDF.,https://gtsports-media.s3.eu-west-3.amazonaws.com/Race 3 - Barcelona.pdf,1,900ddfcb701b1977f16e33501302742c328980f5ffcccd190d2e433bba0b5681
asset_froc_2024_r1_test_day_toyota_article,article,Mansell's fastest ever Taupo lap an earthshaker,link_only,2024-01-19,series_froc,Castrol Toyota Formula Regional Oceania Championship,2024,event_froc_2024_r1_taupo_international_motorsport_park,FROC 2024 Round 1 - Taupo International Motorsport Park,,,,,,no,no,Official Toyota article published on 2024-01-19 says a general test day on Thursday preceded Friday official practice at Taupo. This supports date-level context only for the Toyota result-page Test 1/2/3 tabs.,https://www.toyota.co.nz/toyota-racing/castrol-toyota-fr-oceania/news/2024/january/mansells-fastest-ever-taupo-lap-an-earthshaker/,1,900ddfcb701b1977f16e33501302742c328980f5ffcccd190d2e433bba0b5681
asset_froc_2024_r1_qualifying_1_toyota_article,article,Patient Mansell hits sweet spot for first pole position of the season,link_only,2024-01-20,series_froc,Castrol Toyota Formula Regional Oceania Championship,2024,event_froc_2024_r1_taupo_international_motorsport_park,FROC 2024 Round 1 - Taupo International Motorsport Park,session_froc_2024_r1_qualifying_1,qualifying,Qualifying 1,,,no,no,Official Toyota NZ Qualifying 1 article that identifies the Taupo Round 1 Race 1 pole and full qualifying order.,https://www.toyota.co.nz/toyota-racing/castrol-toyota-fr-oceania/news/2024/january/picture-1--christian-mansell-mastered-slippery-conditions-at-taupo-to-secure-pole-position/,1,900ddfcb701b1977f16e33501302742c328980f5ffcccd190d2e433bba0b5681
asset_froc_2024_r1_qualifying_2_toyota_article,article,Mansell to start Denny Hulme Trophy race from the front,link_only,2024-01-21,series_froc,Castrol Toyota Formula Regional Oceania Championship,2024,event_froc_2024_r1_taupo_international_motorsport_park,FROC 2024 Round 1 - Taupo International Motorsport Park,session_froc_2024_r1_qualifying_2,qualifying,Qualifying 2,,,no,no,Official Toyota NZ Qualifying 2 article that identifies the Taupo Denny Hulme Trophy feature-race grid as Q2-backed and includes the full Q2 order.,https://www.toyota.co.nz/toyota-racing/castrol-toyota-fr-oceania/news/2024/january/mansell-to-start-denny-hulme-trophy-race-from-the-front/,1,900ddfcb701b1977f16e33501302742c328980f5ffcccd190d2e433bba0b5681
asset_froc_2024_r1_race_2_toyota_article,article,Xie opens CTFROC account with fine win at Taupo,link_only,2024-01-21,series_froc,Castrol Toyota Formula Regional Oceania Championship,2024,event_froc_2024_r1_taupo_international_motorsport_park,FROC 2024 Round 1 - Taupo International Motorsport Park,session_froc_2024_r1_race_2,race,Race 2,,,no,no,Official Toyota NZ Race 2 article that identifies the Taupo Race 2 as a reverse top-eight race and validates the top-eight grid mapping.,https://www.toyota.co.nz/toyota-racing/castrol-toyota-fr-oceania/news/2024/january/xie-opens-ctfroc-account-with-fine-win-at-taupo/,1,900ddfcb701b1977f16e33501302742c328980f5ffcccd190d2e433bba0b5681
asset_froc_2024_r3_test_day_toyota_article,article,Woods-Toth sets Hampton Downs pace,link_only,2024-02-01,series_froc,Castrol Toyota Formula Regional Oceania Championship,2024,event_froc_2024_r3_hampton_downs_motorsport_park,FROC 2024 Round 3 - Hampton Downs Motorsport Park,,,,,,no,no,Official Toyota article published on 2024-02-01 reports two Thursday Hampton Downs test sessions before Friday official practice. This supports date-level context only for the Toyota result-page Test 1/2 tabs.,https://www.toyota.co.nz/toyota-racing/castrol-toyota-fr-oceania/news/2024/february/woods-toth-sets-hampton-dpwns-pace/,1,900ddfcb701b1977f16e33501302742c328980f5ffcccd190d2e433bba0b5681
asset_froc_2024_r4_test_day_toyota_article,article,Woods-Toth pips Bilinski in Euromarque Motorsport Park test,link_only,2024-02-08,series_froc,Castrol Toyota Formula Regional Oceania Championship,2024,event_froc_2024_r4_euromarque_motorsport_park,FROC 2024 Round 4 - Euromarque Motorsport Park,,,,,,no,no,Official Toyota article published on 2024-02-08 reports two Euromarque Motorsport Park test sessions before Friday official practice. This supports date-level context only for the Toyota result-page Test 1/2 tabs.,https://www.toyota.co.nz/toyota-racing/castrol-toyota-fr-oceania/news/2024/february/woods-toth-pips-bilinski-in-euromarque-motorsport-park-test/,1,900ddfcb701b1977f16e33501302742c328980f5ffcccd190d2e433bba0b5681
asset_froc_2024_r4_qualifying_1_toyota_article,article,Bilinski again but Sceats more than Abel to challenge,link_only,2024-02-10,series_froc,Castrol Toyota Formula Regional Oceania Championship,2024,event_froc_2024_r4_euromarque_motorsport_park,FROC 2024 Round 4 - Euromarque Motorsport Park,session_froc_2024_r4_qualifying_1,qualifying,Qualifying 1,driver_bryce_aron,Bryce Aron,yes,no,Official Toyota NZ Qualifying 1 article that identifies the Euromarque Round 4 Race 1 grid and Bryce Aron starting seventh.,https://www.toyota.co.nz/toyota-racing/castrol-toyota-fr-oceania/news/2024/february/bilinski-again-but-sceats-more-than-abel-to-challenge/,1,900ddfcb701b1977f16e33501302742c328980f5ffcccd190d2e433bba0b5681
asset_froc_2024_r5_highlands_gp_qualifying_format_article,article,Highlands all set for landmark Grand Prix weekend,link_only,2024-02-15,series_froc,Castrol Toyota Formula Regional Oceania Championship,2024,event_froc_2024_r5_highlands_motorsport_park,FROC 2024 Round 5 - Highlands Motorsport Park,,,,driver_bryce_aron,Bryce Aron,yes,no,Official Toyota NZ preview that mentions Bryce Aron and defines the Highlands Grand Prix qualifying format used to derive Round 5 Race 1 and Grand Prix start positions.,https://www.toyota.co.nz/toyota-racing/castrol-toyota-fr-oceania/news/2024/february/highlands-all-set-for-landmark-grand-prix-weekend/,1,900ddfcb701b1977f16e33501302742c328980f5ffcccd190d2e433bba0b5681
asset_froc_2024_r5_test_day_toyota_article,article,"Abel tops Highlands testing, Hedge a major dark horse",link_only,2024-02-16,series_froc,Castrol Toyota Formula Regional Oceania Championship,2024,event_froc_2024_r5_highlands_motorsport_park,FROC 2024 Round 5 - Highlands Motorsport Park,,,,,,no,no,Official Toyota article published on 2024-02-16 reports two Highlands testing sessions and matches the Toyota result-page Test 1/2 context. This supports date-level context only for those tabs.,https://www.toyota.co.nz/toyota-racing/castrol-toyota-fr-oceania/news/2024/february/abel-tops-highlands-testing-hedge-a-major-dark-horse/,1,900ddfcb701b1977f16e33501302742c328980f5ffcccd190d2e433bba0b5681
asset_froc_2024_r5_race_2_toyota_article,article,"Aron wins race, but Bilinski takes FR Oceania title",link_only,2024-02-18,series_froc,Castrol Toyota Formula Regional Oceania Championship,2024,event_froc_2024_r5_highlands_motorsport_park,FROC 2024 Round 5 - Highlands Motorsport Park,session_froc_2024_r5_race_2,race,Race 2,driver_bryce_aron,Bryce Aron,yes,no,Official Toyota NZ Race 2 article that names the top-eight Highlands Race 2 grid rows and describes Bryce Aron winning the race.,https://www.toyota.co.nz/toyota-racing/castrol-toyota-fr-oceania/news/2024/february/aron-wins-race-but-bilinski-takes-fr-oceania-title/,1,900ddfcb701b1977f16e33501302742c328980f5ffcccd190d2e433bba0b5681
asset_imsa_2025_daytona_rolex_24_race_official_csv,result_sheet,IMSA 2025 Rolex 24 official race results CSV,link_only,2025-01-25T13:40:00,series_imsa_weathertech,IMSA WeatherTech SportsCar Championship,2025,event_imsa_2025_daytona_rolex_24,Rolex 24 at Daytona,session_imsa_2025_daytona_rolex_24_race,race,Race,,,no,no,IMSA 2025 Rolex 24 official race results CSV,https://imsa.results.alkamelcloud.com/Results/25_2025/02_Daytona%20International%20Speedway/01_IMSA%20WeatherTech%20SportsCar%20Championship/202501251340_Race/24_Hour%2024/03_Results_Race_Official.CSV,1,900ddfcb701b1977f16e33501302742c328980f5ffcccd190d2e433bba0b5681
asset_imsa_2025_daytona_rolex_24_race_official_json,result_sheet,IMSA 2025 Rolex 24 official race results JSON,link_only,2025-01-25T13:40:00,series_imsa_weathertech,IMSA WeatherTech SportsCar Championship,2025,event_imsa_2025_daytona_rolex_24,Rolex 24 at Daytona,session_imsa_2025_daytona_rolex_24_race,race,Race,,,no,no,IMSA 2025 Rolex 24 official race results JSON,https://imsa.results.alkamelcloud.com/Results/25_2025/02_Daytona%20International%20Speedway/01_IMSA%20WeatherTech%20SportsCar%20Championship/202501251340_Race/24_Hour%2024/03_Results_Race_Official.JSON,1,900ddfcb701b1977f16e33501302742c328980f5ffcccd190d2e433bba0b5681
asset_imsa_2025_daytona_rolex_24_results_index,timing_sheet,IMSA 2025 Daytona event results index,link_only,2025-01-25T13:40:00,series_imsa_weathertech,IMSA WeatherTech SportsCar Championship,2025,event_imsa_2025_daytona_rolex_24,Rolex 24 at Daytona,session_imsa_2025_daytona_rolex_24_race,race,Race,,,no,no,IMSA 2025 Daytona event results index,https://imsa.results.alkamelcloud.com/index.php?season=25_2025&evvent=02_Daytona%20International%20Speedway,1,900ddfcb701b1977f16e33501302742c328980f5ffcccd190d2e433bba0b5681
asset_imsa_2025_daytona_rolex_24_time_cards_json,timing_sheet,IMSA 2025 Rolex 24 official time cards JSON,link_only,2025-01-25T13:40:00,series_imsa_weathertech,IMSA WeatherTech SportsCar Championship,2025,event_imsa_2025_daytona_rolex_24,Rolex 24 at Daytona,session_imsa_2025_daytona_rolex_24_race,race,Race,,,no,no,IMSA 2025 Rolex 24 official time cards JSON,https://imsa.results.alkamelcloud.com/Results/25_2025/02_Daytona%20International%20Speedway/01_IMSA%20WeatherTech%20SportsCar%20Championship/202501251340_Race/24_Hour%2024/23_Time%20Cards_Race.JSON,1,900ddfcb701b1977f16e33501302742c328980f5ffcccd190d2e433bba0b5681
asset_indy_nxt_2025_6516_combined_results,pdf,Combined Results,link_only,3/1/2025,series_indy_nxt,INDY NXT,2025,event_indy_nxt_2025_5488,Grand Prix of St. Petersburg,session_indy_nxt_2025_6516,practice,Practice 2,,,no,no,Official INDY NXT session report for Grand Prix of St. Petersburg Practice 2.,http://www.imscdn.com/INDYCAR/Documents/6516/2025-03-01/indynxt-results-pcomb-p2.pdf,1,900ddfcb701b1977f16e33501302742c328980f5ffcccd190d2e433bba0b5681
asset_indy_nxt_2025_6516_results,pdf,Results,link_only,3/1/2025,series_indy_nxt,INDY NXT,2025,event_indy_nxt_2025_5488,Grand Prix of St. Petersburg,session_indy_nxt_2025_6516,practice,Practice 2,,,no,no,Official INDY NXT session report for Grand Prix of St. Petersburg Practice 2.,http://www.imscdn.com/INDYCAR/Documents/6516/2025-03-01/indynxt-results-p2.pdf,1,900ddfcb701b1977f16e33501302742c328980f5ffcccd190d2e433bba0b5681
asset_indy_nxt_2025_6516_section_results,pdf,Section Results,link_only,3/1/2025,series_indy_nxt,INDY NXT,2025,event_indy_nxt_2025_5488,Grand Prix of St. Petersburg,session_indy_nxt_2025_6516,practice,Practice 2,,,no,no,Official INDY NXT session report for Grand Prix of St. Petersburg Practice 2.,http://www.imscdn.com/INDYCAR/Documents/6516/2025-03-01/indynxt-sectionresults-p2.pdf,1,900ddfcb701b1977f16e33501302742c328980f5ffcccd190d2e433bba0b5681
asset_indy_nxt_2025_6516_top_section_times,pdf,Top Section Times,link_only,3/1/2025,series_indy_nxt,INDY NXT,2025,event_indy_nxt_2025_5488,Grand Prix of St. Petersburg,session_indy_nxt_2025_6516,practice,Practice 2,,,no,no,Official INDY NXT session report for Grand Prix of St. Petersburg Practice 2.,http://www.imscdn.com/INDYCAR/Documents/6516/2025-03-01/indynxt-topsectiontimes-p2.pdf,1,900ddfcb701b1977f16e33501302742c328980f5ffcccd190d2e433bba0b5681
asset_indy_nxt_2025_6517_overall_results,pdf,Overall Results,link_only,3/1/2025,series_indy_nxt,INDY NXT,2025,event_indy_nxt_2025_5488,Grand Prix of St. Petersburg,session_indy_nxt_2025_6517,qualifying,Qualifications - Group 1,,,no,no,Official INDY NXT session report for Grand Prix of St. Petersburg Qualifications - Group 1.,http://www.imscdn.com/INDYCAR/Documents/6517/2025-03-01/indynxt-officialqualsfinalpostings.pdf,1,900ddfcb701b1977f16e33501302742c328980f5ffcccd190d2e433bba0b5681
asset_indy_nxt_2025_6517_results,pdf,Results,link_only,3/1/2025,series_indy_nxt,INDY NXT,2025,event_indy_nxt_2025_5488,Grand Prix of St. Petersburg,session_indy_nxt_2025_6517,qualifying,Qualifications - Group 1,,,no,no,Official INDY NXT session report for Grand Prix of St. Petersburg Qualifications - Group 1.,http://www.imscdn.com/INDYCAR/Documents/6517/2025-03-01/indynxt-results-quals-g1.pdf,1,900ddfcb701b1977f16e33501302742c328980f5ffcccd190d2e433bba0b5681
asset_indy_nxt_2025_6517_section_results,pdf,Section Results,link_only,3/1/2025,series_indy_nxt,INDY NXT,2025,event_indy_nxt_2025_5488,Grand Prix of St. Petersburg,session_indy_nxt_2025_6517,qualifying,Qualifications - Group 1,,,no,no,Official INDY NXT session report for Grand Prix of St. Petersburg Qualifications - Group 1.,http://www.imscdn.com/INDYCAR/Documents/6517/2025-03-01/indynxt-sectionresults-quals-g1.pdf,1,900ddfcb701b1977f16e33501302742c328980f5ffcccd190d2e433bba0b5681
asset_indy_nxt_2025_6517_top_section_times,pdf,Top Section Times,link_only,3/1/2025,series_indy_nxt,INDY NXT,2025,event_indy_nxt_2025_5488,Grand Prix of St. Petersburg,session_indy_nxt_2025_6517,qualifying,Qualifications - Group 1,,,no,no,Official INDY NXT session report for Grand Prix of St. Petersburg Qualifications - Group 1.,http://www.imscdn.com/INDYCAR/Documents/6517/2025-03-01/indynxt-topsectiontimes-quals-g1.pdf,1,900ddfcb701b1977f16e33501302742c328980f5ffcccd190d2e433bba0b5681
asset_indy_nxt_2025_6518_overall_results,pdf,Overall Results,link_only,3/1/2025,series_indy_nxt,INDY NXT,2025,event_indy_nxt_2025_5488,Grand Prix of St. Petersburg,session_indy_nxt_2025_6518,qualifying,Qualifications - Group 2,,,no,no,Official INDY NXT session report for Grand Prix of St. Petersburg Qualifications - Group 2.,http://www.imscdn.com/INDYCAR/Documents/6518/2025-03-01/indynxt-officialqualsfinalpostings.pdf,1,900ddfcb701b1977f16e33501302742c328980f5ffcccd190d2e433bba0b5681
asset_indy_nxt_2025_6518_results,pdf,Results,link_only,3/1/2025,series_indy_nxt,INDY NXT,2025,event_indy_nxt_2025_5488,Grand Prix of St. Petersburg,session_indy_nxt_2025_6518,qualifying,Qualifications - Group 2,,,no,no,Official INDY NXT session report for Grand Prix of St. Petersburg Qualifications - Group 2.,http://www.imscdn.com/INDYCAR/Documents/6518/2025-03-01/indynxt-results-quals-g2.pdf,1,900ddfcb701b1977f16e33501302742c328980f5ffcccd190d2e433bba0b5681
asset_indy_nxt_2025_6518_section_results,pdf,Section Results,link_only,3/1/2025,series_indy_nxt,INDY NXT,2025,event_indy_nxt_2025_5488,Grand Prix of St. Petersburg,session_indy_nxt_2025_6518,qualifying,Qualifications - Group 2,,,no,no,Official INDY NXT session report for Grand Prix of St. Petersburg Qualifications - Group 2.,http://www.imscdn.com/INDYCAR/Documents/6518/2025-03-01/indynxt-sectionresults-quals-g2.pdf,1,900ddfcb701b1977f16e33501302742c328980f5ffcccd190d2e433bba0b5681
asset_indy_nxt_2025_6518_top_section_times,pdf,Top Section Times,link_only,3/1/2025,series_indy_nxt,INDY NXT,2025,event_indy_nxt_2025_5488,Grand Prix of St. Petersburg,session_indy_nxt_2025_6518,qualifying,Qualifications - Group 2,,,no,no,Official INDY NXT session report for Grand Prix of St. Petersburg Qualifications - Group 2.,http://www.imscdn.com/INDYCAR/Documents/6518/2025-03-01/indynxt-topsectiontimes-quals-g2.pdf,1,900ddfcb701b1977f16e33501302742c328980f5ffcccd190d2e433bba0b5681
asset_indy_nxt_2026_6751_box_score,pdf,Box Score,link_only,3/1/2026,series_indy_nxt,INDY NXT,2026,event_indy_nxt_2026_5534,Grand Prix of St. Petersburg,session_indy_nxt_2026_6751,race,Race,,,no,no,Official INDY NXT session report for Grand Prix of St. Petersburg Race.,http://www.imscdn.com/INDYCAR/Documents/5534/6751/indynxt-race-results.pdf,1,900ddfcb701b1977f16e33501302742c328980f5ffcccd190d2e433bba0b5681
asset_indy_nxt_2026_6751_event_summary,pdf,Event Summary,link_only,3/1/2026,series_indy_nxt,INDY NXT,2026,event_indy_nxt_2026_5534,Grand Prix of St. Petersburg,session_indy_nxt_2026_6751,race,Race,,,no,no,Official INDY NXT session report for Grand Prix of St. Petersburg Race.,http://www.imscdn.com/INDYCAR/Documents/5534/6751/indynxt-eventsummary.pdf,1,900ddfcb701b1977f16e33501302742c328980f5ffcccd190d2e433bba0b5681
asset_indy_nxt_2026_6751_lap_chart,pdf,Lap Chart,link_only,3/1/2026,series_indy_nxt,INDY NXT,2026,event_indy_nxt_2026_5534,Grand Prix of St. Petersburg,session_indy_nxt_2026_6751,race,Race,,,no,no,Official INDY NXT session report for Grand Prix of St. Petersburg Race.,http://www.imscdn.com/INDYCAR/Documents/5534/6751/indynxt-race-lapchart.pdf,1,900ddfcb701b1977f16e33501302742c328980f5ffcccd190d2e433bba0b5681
asset_indy_nxt_2026_6751_leader_lap_summary,pdf,Leader Lap Summary,link_only,3/1/2026,series_indy_nxt,INDY NXT,2026,event_indy_nxt_2026_5534,Grand Prix of St. Petersburg,session_indy_nxt_2026_6751,race,Race,,,no,no,Official INDY NXT session report for Grand Prix of St. Petersburg Race.,http://www.imscdn.com/INDYCAR/Documents/5534/6751/indynxt-race-leaderlapsummary.pdf,1,900ddfcb701b1977f16e33501302742c328980f5ffcccd190d2e433bba0b5681
asset_indy_nxt_2026_6751_results,pdf,Results,link_only,3/1/2026,series_indy_nxt,INDY NXT,2026,event_indy_nxt_2026_5534,Grand Prix of St. Petersburg,session_indy_nxt_2026_6751,race,Race,,,no,no,Official INDY NXT session report for Grand Prix of St. Petersburg Race.,http://www.imscdn.com/INDYCAR/Documents/5534/6751/indynxt-race-results.pdf,1,900ddfcb701b1977f16e33501302742c328980f5ffcccd190d2e433bba0b5681
asset_indy_nxt_2026_6751_section_results,pdf,Section Results,link_only,3/1/2026,series_indy_nxt,INDY NXT,2026,event_indy_nxt_2026_5534,Grand Prix of St. Petersburg,session_indy_nxt_2026_6751,race,Race,,,no,no,Official INDY NXT session report for Grand Prix of St. Petersburg Race.,http://www.imscdn.com/INDYCAR/Documents/5534/6751/indynxt-sectionresults-race.pdf,1,900ddfcb701b1977f16e33501302742c328980f5ffcccd190d2e433bba0b5681
asset_indy_nxt_2026_6751_top_section_times,pdf,Top Section Times,link_only,3/1/2026,series_indy_nxt,INDY NXT,2026,event_indy_nxt_2026_5534,Grand Prix of St. Petersburg,session_indy_nxt_2026_6751,race,Race,,,no,no,Official INDY NXT session report for Grand Prix of St. Petersburg Race.,http://www.imscdn.com/INDYCAR/Documents/5534/6751/indynxt-topsectiontimes-race.pdf,1,900ddfcb701b1977f16e33501302742c328980f5ffcccd190d2e433bba0b5681
asset_indy_nxt_2024_6324_box_score,pdf,Box Score,link_only,3/10/2024,series_indy_nxt,INDY NXT,2024,event_indy_nxt_2024_5480,Grand Prix of St. Petersburg,session_indy_nxt_2024_6324,race,Race,,,no,no,Official INDY NXT session report for Grand Prix of St. Petersburg Race.,http://www.imscdn.com/INDYCAR/Documents/6324/2024-03-10/indynxt-officialraceresults.pdf,1,900ddfcb701b1977f16e33501302742c328980f5ffcccd190d2e433bba0b5681
asset_indy_nxt_2024_6324_event_summary,pdf,Event Summary,link_only,3/10/2024,series_indy_nxt,INDY NXT,2024,event_indy_nxt_2024_5480,Grand Prix of St. Petersburg,session_indy_nxt_2024_6324,race,Race,,,no,no,Official INDY NXT session report for Grand Prix of St. Petersburg Race.,http://www.imscdn.com/INDYCAR/Documents/6324/2024-03-10/indynxt-eventsummary.pdf,1,900ddfcb701b1977f16e33501302742c328980f5ffcccd190d2e433bba0b5681
asset_indy_nxt_2024_6324_lap_chart,pdf,Lap Chart,link_only,3/10/2024,series_indy_nxt,INDY NXT,2024,event_indy_nxt_2024_5480,Grand Prix of St. Petersburg,session_indy_nxt_2024_6324,race,Race,,,no,no,Official INDY NXT session report for Grand Prix of St. Petersburg Race.,http://www.imscdn.com/INDYCAR/Documents/6324/2024-03-10/indynxt-race-lapchart.pdf,1,900ddfcb701b1977f16e33501302742c328980f5ffcccd190d2e433bba0b5681
asset_indy_nxt_2024_6324_leader_lap_summary,pdf,Leader Lap Summary,link_only,3/10/2024,series_indy_nxt,INDY NXT,2024,event_indy_nxt_2024_5480,Grand Prix of St. Petersburg,session_indy_nxt_2024_6324,race,Race,,,no,no,Official INDY NXT session report for Grand Prix of St. Petersburg Race.,http://www.imscdn.com/INDYCAR/Documents/6324/2024-03-10/indynxt-race-leaderlapsummary.pdf,1,900ddfcb701b1977f16e33501302742c328980f5ffcccd190d2e433bba0b5681
asset_indy_nxt_2024_6324_results,pdf,Results,link_only,3/10/2024,series_indy_nxt,INDY NXT,2024,event_indy_nxt_2024_5480,Grand Prix of St. Petersburg,session_indy_nxt_2024_6324,race,Race,,,no,no,Official INDY NXT session report for Grand Prix of St. Petersburg Race.,http://www.imscdn.com/INDYCAR/Documents/6324/2024-03-10/indynxt-race-results.pdf,1,900ddfcb701b1977f16e33501302742c328980f5ffcccd190d2e433bba0b5681
asset_indy_nxt_2024_6324_section_results,pdf,Section Results,link_only,3/10/2024,series_indy_nxt,INDY NXT,2024,event_indy_nxt_2024_5480,Grand Prix of St. Petersburg,session_indy_nxt_2024_6324,race,Race,,,no,no,Official INDY NXT session report for Grand Prix of St. Petersburg Race.,http://www.imscdn.com/INDYCAR/Documents/6324/2024-03-10/indynxt-sectionresults-race.pdf,1,900ddfcb701b1977f16e33501302742c328980f5ffcccd190d2e433bba0b5681
asset_indy_nxt_2024_6324_top_section_times,pdf,Top Section Times,link_only,3/10/2024,series_indy_nxt,INDY NXT,2024,event_indy_nxt_2024_5480,Grand Prix of St. Petersburg,session_indy_nxt_2024_6324,race,Race,,,no,no,Official INDY NXT session report for Grand Prix of St. Petersburg Race.,http://www.imscdn.com/INDYCAR/Documents/6324/2024-03-10/indynxt-topsectiontimes-race.pdf,1,900ddfcb701b1977f16e33501302742c328980f5ffcccd190d2e433bba0b5681
asset_indy_nxt_2026_6783_results,pdf,Results,link_only,3/13/2026,series_indy_nxt,INDY NXT,2026,event_indy_nxt_2026_5536,Grand Prix of Arlington,session_indy_nxt_2026_6783,practice,Practice 1,,,no,no,Official INDY NXT session report for Grand Prix of Arlington Practice 1.,http://www.imscdn.com/INDYCAR/Documents/5536/6783/indynxt-results-p1.pdf,1,900ddfcb701b1977f16e33501302742c328980f5ffcccd190d2e433bba0b5681
asset_indy_nxt_2026_6783_section_results,pdf,Section Results,link_only,3/13/2026,series_indy_nxt,INDY NXT,2026,event_indy_nxt_2026_5536,Grand Prix of Arlington,session_indy_nxt_2026_6783,practice,Practice 1,,,no,no,Official INDY NXT session report for Grand Prix of Arlington Practice 1.,http://www.imscdn.com/INDYCAR/Documents/5536/6783/indynxt-sectionresults-p1.pdf,1,900ddfcb701b1977f16e33501302742c328980f5ffcccd190d2e433bba0b5681
asset_indy_nxt_2026_6783_top_section_times,pdf,Top Section Times,link_only,3/13/2026,series_indy_nxt,INDY NXT,2026,event_indy_nxt_2026_5536,Grand Prix of Arlington,session_indy_nxt_2026_6783,practice,Practice 1,,,no,no,Official INDY NXT session report for Grand Prix of Arlington Practice 1.,http://www.imscdn.com/INDYCAR/Documents/5536/6783/indynxt-topsectiontimes-p1.pdf,1,900ddfcb701b1977f16e33501302742c328980f5ffcccd190d2e433bba0b5681
asset_indy_nxt_2026_6784_combined_results,pdf,Combined Results,link_only,3/14/2026,series_indy_nxt,INDY NXT,2026,event_indy_nxt_2026_5536,Grand Prix of Arlington,session_indy_nxt_2026_6784,practice,Practice 2,,,no,no,Official INDY NXT session report for Grand Prix of Arlington Practice 2.,http://www.imscdn.com/INDYCAR/Documents/5536/6784/indynxt-results-pcomb-p2.pdf,1,900ddfcb701b1977f16e33501302742c328980f5ffcccd190d2e433bba0b5681
asset_indy_nxt_2026_6784_results,pdf,Results,link_only,3/14/2026,series_indy_nxt,INDY NXT,2026,event_indy_nxt_2026_5536,Grand Prix of Arlington,session_indy_nxt_2026_6784,practice,Practice 2,,,no,no,Official INDY NXT session report for Grand Prix of Arlington Practice 2.,http://www.imscdn.com/INDYCAR/Documents/5536/6784/indynxt-results-p2.pdf,1,900ddfcb701b1977f16e33501302742c328980f5ffcccd190d2e433bba0b5681
asset_indy_nxt_2026_6784_section_results,pdf,Section Results,link_only,3/14/2026,series_indy_nxt,INDY NXT,2026,event_indy_nxt_2026_5536,Grand Prix of Arlington,session_indy_nxt_2026_6784,practice,Practice 2,,,no,no,Official INDY NXT session report for Grand Prix of Arlington Practice 2.,http://www.imscdn.com/INDYCAR/Documents/5536/6784/indynxt-sectionresults-p2.pdf,1,900ddfcb701b1977f16e33501302742c328980f5ffcccd190d2e433bba0b5681
asset_indy_nxt_2026_6784_top_section_times,pdf,Top Section Times,link_only,3/14/2026,series_indy_nxt,INDY NXT,2026,event_indy_nxt_2026_5536,Grand Prix of Arlington,session_indy_nxt_2026_6784,practice,Practice 2,,,no,no,Official INDY NXT session report for Grand Prix of Arlington Practice 2.,http://www.imscdn.com/INDYCAR/Documents/5536/6784/indynxt-topsectiontimes-p2.pdf,1,900ddfcb701b1977f16e33501302742c328980f5ffcccd190d2e433bba0b5681
asset_indy_nxt_2026_6785_overall_results,pdf,Overall Results,link_only,3/14/2026,series_indy_nxt,INDY NXT,2026,event_indy_nxt_2026_5536,Grand Prix of Arlington,session_indy_nxt_2026_6785,qualifying,Qualifications - Group 1,,,no,no,Official INDY NXT session report for Grand Prix of Arlington Qualifications - Group 1.,http://www.imscdn.com/INDYCAR/Documents/5536/6785/indynxt-results-quals.pdf,1,900ddfcb701b1977f16e33501302742c328980f5ffcccd190d2e433bba0b5681
asset_indy_nxt_2026_6785_results,pdf,Results,link_only,3/14/2026,series_indy_nxt,INDY NXT,2026,event_indy_nxt_2026_5536,Grand Prix of Arlington,session_indy_nxt_2026_6785,qualifying,Qualifications - Group 1,,,no,no,Official INDY NXT session report for Grand Prix of Arlington Qualifications - Group 1.,http://www.imscdn.com/INDYCAR/Documents/5536/6785/indynxt-results-quals-g1.pdf,1,900ddfcb701b1977f16e33501302742c328980f5ffcccd190d2e433bba0b5681
asset_indy_nxt_2026_6785_section_results,pdf,Section Results,link_only,3/14/2026,series_indy_nxt,INDY NXT,2026,event_indy_nxt_2026_5536,Grand Prix of Arlington,session_indy_nxt_2026_6785,qualifying,Qualifications - Group 1,,,no,no,Official INDY NXT session report for Grand Prix of Arlington Qualifications - Group 1.,http://www.imscdn.com/INDYCAR/Documents/5536/6785/indynxt-sectionresults-quals-g1.pdf,1,900ddfcb701b1977f16e33501302742c328980f5ffcccd190d2e433bba0b5681
asset_indy_nxt_2026_6785_top_section_times,pdf,Top Section Times,link_only,3/14/2026,series_indy_nxt,INDY NXT,2026,event_indy_nxt_2026_5536,Grand Prix of Arlington,session_indy_nxt_2026_6785,qualifying,Qualifications - Group 1,,,no,no,Official INDY NXT session report for Grand Prix of Arlington Qualifications - Group 1.,http://www.imscdn.com/INDYCAR/Documents/5536/6785/indynxt-topsectiontimes-quals-g1.pdf,1,900ddfcb701b1977f16e33501302742c328980f5ffcccd190d2e433bba0b5681
asset_indy_nxt_2026_6786_overall_results,pdf,Overall Results,link_only,3/14/2026,series_indy_nxt,INDY NXT,2026,event_indy_nxt_2026_5536,Grand Prix of Arlington,session_indy_nxt_2026_6786,qualifying,Qualifications - Group 2,,,no,no,Official INDY NXT session report for Grand Prix of Arlington Qualifications - Group 2.,http://www.imscdn.com/INDYCAR/Documents/5536/6786/indynxt-results-quals.pdf,1,900ddfcb701b1977f16e33501302742c328980f5ffcccd190d2e433bba0b5681
asset_indy_nxt_2026_6786_results,pdf,Results,link_only,3/14/2026,series_indy_nxt,INDY NXT,2026,event_indy_nxt_2026_5536,Grand Prix of Arlington,session_indy_nxt_2026_6786,qualifying,Qualifications - Group 2,,,no,no,Official INDY NXT session report for Grand Prix of Arlington Qualifications - Group 2.,http://www.imscdn.com/INDYCAR/Documents/5536/6786/indynxt-results-quals-g2.pdf,1,900ddfcb701b1977f16e33501302742c328980f5ffcccd190d2e433bba0b5681
asset_indy_nxt_2026_6786_section_results,pdf,Section Results,link_only,3/14/2026,series_indy_nxt,INDY NXT,2026,event_indy_nxt_2026_5536,Grand Prix of Arlington,session_indy_nxt_2026_6786,qualifying,Qualifications - Group 2,,,no,no,Official INDY NXT session report for Grand Prix of Arlington Qualifications - Group 2.,http://www.imscdn.com/INDYCAR/Documents/5536/6786/indynxt-sectionresults-quals-g2.pdf,1,900ddfcb701b1977f16e33501302742c328980f5ffcccd190d2e433bba0b5681
asset_indy_nxt_2026_6786_top_section_times,pdf,Top Section Times,link_only,3/14/2026,series_indy_nxt,INDY NXT,2026,event_indy_nxt_2026_5536,Grand Prix of Arlington,session_indy_nxt_2026_6786,qualifying,Qualifications - Group 2,,,no,no,Official INDY NXT session report for Grand Prix of Arlington Qualifications - Group 2.,http://www.imscdn.com/INDYCAR/Documents/5536/6786/indynxt-topsectiontimes-quals-g2.pdf,1,900ddfcb701b1977f16e33501302742c328980f5ffcccd190d2e433bba0b5681
asset_indy_nxt_2026_6787_overall_results,pdf,Overall Results,link_only,3/14/2026,series_indy_nxt,INDY NXT,2026,event_indy_nxt_2026_5536,Grand Prix of Arlington,session_indy_nxt_2026_6787,qualifying,Combined Qualifications,,,no,no,Official INDY NXT session report for Grand Prix of Arlington Combined Qualifications.,http://www.imscdn.com/INDYCAR/Documents/5536/6787/indynxt-results-quals.pdf,1,900ddfcb701b1977f16e33501302742c328980f5ffcccd190d2e433bba0b5681
asset_indy_nxt_2026_6753_box_score,pdf,Box Score,link_only,3/15/2026,series_indy_nxt,INDY NXT,2026,event_indy_nxt_2026_5536,Grand Prix of Arlington,session_indy_nxt_2026_6753,race,Race,,,no,no,Official INDY NXT session report for Grand Prix of Arlington Race.,http://www.imscdn.com/INDYCAR/Documents/5536/6753/indynxt-race-results.pdf,1,900ddfcb701b1977f16e33501302742c328980f5ffcccd190d2e433bba0b5681
asset_indy_nxt_2026_6753_event_summary,pdf,Event Summary,link_only,3/15/2026,series_indy_nxt,INDY NXT,2026,event_indy_nxt_2026_5536,Grand Prix of Arlington,session_indy_nxt_2026_6753,race,Race,,,no,no,Official INDY NXT session report for Grand Prix of Arlington Race.,http://www.imscdn.com/INDYCAR/Documents/5536/6753/indynxt-eventsummary.pdf,1,900ddfcb701b1977f16e33501302742c328980f5ffcccd190d2e433bba0b5681
asset_indy_nxt_2026_6753_lap_chart,pdf,Lap Chart,link_only,3/15/2026,series_indy_nxt,INDY NXT,2026,event_indy_nxt_2026_5536,Grand Prix of Arlington,session_indy_nxt_2026_6753,race,Race,,,no,no,Official INDY NXT session report for Grand Prix of Arlington Race.,http://www.imscdn.com/INDYCAR/Documents/5536/6753/indynxt-race-lapchart.pdf,1,900ddfcb701b1977f16e33501302742c328980f5ffcccd190d2e433bba0b5681
asset_indy_nxt_2026_6753_leader_lap_summary,pdf,Leader Lap Summary,link_only,3/15/2026,series_indy_nxt,INDY NXT,2026,event_indy_nxt_2026_5536,Grand Prix of Arlington,session_indy_nxt_2026_6753,race,Race,,,no,no,Official INDY NXT session report for Grand Prix of Arlington Race.,http://www.imscdn.com/INDYCAR/Documents/5536/6753/indynxt-race-leaderlapsummary.pdf,1,900ddfcb701b1977f16e33501302742c328980f5ffcccd190d2e433bba0b5681
asset_indy_nxt_2026_6753_results,pdf,Results,link_only,3/15/2026,series_indy_nxt,INDY NXT,2026,event_indy_nxt_2026_5536,Grand Prix of Arlington,session_indy_nxt_2026_6753,race,Race,,,no,no,Official INDY NXT session report for Grand Prix of Arlington Race.,http://www.imscdn.com/INDYCAR/Documents/5536/6753/indynxt-race-results.pdf,1,900ddfcb701b1977f16e33501302742c328980f5ffcccd190d2e433bba0b5681
asset_indy_nxt_2026_6753_section_results,pdf,Section Results,link_only,3/15/2026,series_indy_nxt,INDY NXT,2026,event_indy_nxt_2026_5536,Grand Prix of Arlington,session_indy_nxt_2026_6753,race,Race,,,no,no,Official INDY NXT session report for Grand Prix of Arlington Race.,http://www.imscdn.com/INDYCAR/Documents/5536/6753/indynxt-sectionresults-race.pdf,1,900ddfcb701b1977f16e33501302742c328980f5ffcccd190d2e433bba0b5681
asset_indy_nxt_2026_6753_top_section_times,pdf,Top Section Times,link_only,3/15/2026,series_indy_nxt,INDY NXT,2026,event_indy_nxt_2026_5536,Grand Prix of Arlington,session_indy_nxt_2026_6753,race,Race,,,no,no,Official INDY NXT session report for Grand Prix of Arlington Race.,http://www.imscdn.com/INDYCAR/Documents/5536/6753/indynxt-topsectiontimes-race.pdf,1,900ddfcb701b1977f16e33501302742c328980f5ffcccd190d2e433bba0b5681
asset_indy_nxt_2025_6446_event_summary,pdf,Event Summary,link_only,3/2/2025,series_indy_nxt,INDY NXT,2025,event_indy_nxt_2025_5488,Grand Prix of St. Petersburg,session_indy_nxt_2025_6446,race,Race,,,no,no,Official INDY NXT session report for Grand Prix of St. Petersburg Race.,http://www.imscdn.com/INDYCAR/Documents/6446/2025-03-02/indynxt-eventsummary.pdf,1,900ddfcb701b1977f16e33501302742c328980f5ffcccd190d2e433bba0b5681
asset_indy_nxt_2025_6446_lap_chart,pdf,Lap Chart,link_only,3/2/2025,series_indy_nxt,INDY NXT,2025,event_indy_nxt_2025_5488,Grand Prix of St. Petersburg,session_indy_nxt_2025_6446,race,Race,,,no,no,Official INDY NXT session report for Grand Prix of St. Petersburg Race.,http://www.imscdn.com/INDYCAR/Documents/6446/2025-03-02/indynxt-race-lapchart.pdf,1,900ddfcb701b1977f16e33501302742c328980f5ffcccd190d2e433bba0b5681
asset_indy_nxt_2025_6446_leader_lap_summary,pdf,Leader Lap Summary,link_only,3/2/2025,series_indy_nxt,INDY NXT,2025,event_indy_nxt_2025_5488,Grand Prix of St. Petersburg,session_indy_nxt_2025_6446,race,Race,,,no,no,Official INDY NXT session report for Grand Prix of St. Petersburg Race.,http://www.imscdn.com/INDYCAR/Documents/6446/2025-03-02/indynxt-race-leaderlapsummary.pdf,1,900ddfcb701b1977f16e33501302742c328980f5ffcccd190d2e433bba0b5681
asset_indy_nxt_2025_6446_results,pdf,Results,link_only,3/2/2025,series_indy_nxt,INDY NXT,2025,event_indy_nxt_2025_5488,Grand Prix of St. Petersburg,session_indy_nxt_2025_6446,race,Race,,,no,no,Official INDY NXT session report for Grand Prix of St. Petersburg Race.,http://www.imscdn.com/INDYCAR/Documents/6446/2025-03-02/indynxt-race-results.pdf,1,900ddfcb701b1977f16e33501302742c328980f5ffcccd190d2e433bba0b5681
asset_indy_nxt_2025_6446_section_results,pdf,Section Results,link_only,3/2/2025,series_indy_nxt,INDY NXT,2025,event_indy_nxt_2025_5488,Grand Prix of St. Petersburg,session_indy_nxt_2025_6446,race,Race,,,no,no,Official INDY NXT session report for Grand Prix of St. Petersburg Race.,http://www.imscdn.com/INDYCAR/Documents/6446/2025-03-02/indynxt-sectionresults-race.pdf,1,900ddfcb701b1977f16e33501302742c328980f5ffcccd190d2e433bba0b5681
asset_indy_nxt_2025_6446_top_section_times,pdf,Top Section Times,link_only,3/2/2025,series_indy_nxt,INDY NXT,2025,event_indy_nxt_2025_5488,Grand Prix of St. Petersburg,session_indy_nxt_2025_6446,race,Race,,,no,no,Official INDY NXT session report for Grand Prix of St. Petersburg Race.,http://www.imscdn.com/INDYCAR/Documents/6446/2025-03-02/indynxt-topsectiontimes-race.pdf,1,900ddfcb701b1977f16e33501302742c328980f5ffcccd190d2e433bba0b5681
asset_indy_nxt_2026_6804_combined_results,pdf,Combined Results,link_only,3/27/2026,series_indy_nxt,INDY NXT,2026,event_indy_nxt_2026_5533,Grand Prix of Alabama Race 1,session_indy_nxt_2026_6804,practice,Practice,,,no,no,Official INDY NXT session report for Grand Prix of Alabama Race 1 Practice.,http://www.imscdn.com/INDYCAR/Documents/5533/6804/indynxt-results-p1.pdf,1,900ddfcb701b1977f16e33501302742c328980f5ffcccd190d2e433bba0b5681
asset_indy_nxt_2026_6804_results,pdf,Results,link_only,3/27/2026,series_indy_nxt,INDY NXT,2026,event_indy_nxt_2026_5533,Grand Prix of Alabama Race 1,session_indy_nxt_2026_6804,practice,Practice,,,no,no,Official INDY NXT session report for Grand Prix of Alabama Race 1 Practice.,http://www.imscdn.com/INDYCAR/Documents/5533/6804/indynxt-results-p1.pdf,1,900ddfcb701b1977f16e33501302742c328980f5ffcccd190d2e433bba0b5681
asset_indy_nxt_2026_6804_section_results,pdf,Section Results,link_only,3/27/2026,series_indy_nxt,INDY NXT,2026,event_indy_nxt_2026_5533,Grand Prix of Alabama Race 1,session_indy_nxt_2026_6804,practice,Practice,,,no,no,Official INDY NXT session report for Grand Prix of Alabama Race 1 Practice.,http://www.imscdn.com/INDYCAR/Documents/5533/6804/indynxt-sectionresults-p1.pdf,1,900ddfcb701b1977f16e33501302742c328980f5ffcccd190d2e433bba0b5681
asset_indy_nxt_2026_6804_top_section_times,pdf,Top Section Times,link_only,3/27/2026,series_indy_nxt,INDY NXT,2026,event_indy_nxt_2026_5533,Grand Prix of Alabama Race 1,session_indy_nxt_2026_6804,practice,Practice,,,no,no,Official INDY NXT session report for Grand Prix of Alabama Race 1 Practice.,http://www.imscdn.com/INDYCAR/Documents/5533/6804/indynxt-topsectiontimes-p1.pdf,1,900ddfcb701b1977f16e33501302742c328980f5ffcccd190d2e433bba0b5681
asset_indy_nxt_2026_6750_box_score,pdf,Box Score,link_only,3/28/2026,series_indy_nxt,INDY NXT,2026,event_indy_nxt_2026_5533,Grand Prix of Alabama Race 1,session_indy_nxt_2026_6750,race,Race,,,no,no,Official INDY NXT session report for Grand Prix of Alabama Race 1 Race.,http://www.imscdn.com/INDYCAR/Documents/5533/6750/indynxt-officialraceresults-r1.pdf,1,900ddfcb701b1977f16e33501302742c328980f5ffcccd190d2e433bba0b5681
asset_indy_nxt_2026_6750_event_summary,pdf,Event Summary,link_only,3/28/2026,series_indy_nxt,INDY NXT,2026,event_indy_nxt_2026_5533,Grand Prix of Alabama Race 1,session_indy_nxt_2026_6750,race,Race,,,no,no,Official INDY NXT session report for Grand Prix of Alabama Race 1 Race.,http://www.imscdn.com/INDYCAR/Documents/5533/6750/indynxt-eventsummary-r1.pdf,1,900ddfcb701b1977f16e33501302742c328980f5ffcccd190d2e433bba0b5681
asset_indy_nxt_2026_6750_lap_chart,pdf,Lap Chart,link_only,3/28/2026,series_indy_nxt,INDY NXT,2026,event_indy_nxt_2026_5533,Grand Prix of Alabama Race 1,session_indy_nxt_2026_6750,race,Race,,,no,no,Official INDY NXT session report for Grand Prix of Alabama Race 1 Race.,http://www.imscdn.com/INDYCAR/Documents/5533/6750/indynxt-race-lapchart-r1.pdf,1,900ddfcb701b1977f16e33501302742c328980f5ffcccd190d2e433bba0b5681
asset_indy_nxt_2026_6750_leader_lap_summary,pdf,Leader Lap Summary,link_only,3/28/2026,series_indy_nxt,INDY NXT,2026,event_indy_nxt_2026_5533,Grand Prix of Alabama Race 1,session_indy_nxt_2026_6750,race,Race,,,no,no,Official INDY NXT session report for Grand Prix of Alabama Race 1 Race.,http://www.imscdn.com/INDYCAR/Documents/5533/6750/indynxt-race-leaderlapsummary-r1.pdf,1,900ddfcb701b1977f16e33501302742c328980f5ffcccd190d2e433bba0b5681
asset_indy_nxt_2026_6750_results,pdf,Results,link_only,3/28/2026,series_indy_nxt,INDY NXT,2026,event_indy_nxt_2026_5533,Grand Prix of Alabama Race 1,session_indy_nxt_2026_6750,race,Race,,,no,no,Official INDY NXT session report for Grand Prix of Alabama Race 1 Race.,http://www.imscdn.com/INDYCAR/Documents/5533/6750/indynxt-race-results-r1.pdf,1,900ddfcb701b1977f16e33501302742c328980f5ffcccd190d2e433bba0b5681
asset_indy_nxt_2026_6750_section_results,pdf,Section Results,link_only,3/28/2026,series_indy_nxt,INDY NXT,2026,event_indy_nxt_2026_5533,Grand Prix of Alabama Race 1,session_indy_nxt_2026_6750,race,Race,,,no,no,Official INDY NXT session report for Grand Prix of Alabama Race 1 Race.,http://www.imscdn.com/INDYCAR/Documents/5533/6750/indynxt-sectionresults-r1.pdf,1,900ddfcb701b1977f16e33501302742c328980f5ffcccd190d2e433bba0b5681
asset_indy_nxt_2026_6750_top_section_times,pdf,Top Section Times,link_only,3/28/2026,series_indy_nxt,INDY NXT,2026,event_indy_nxt_2026_5533,Grand Prix of Alabama Race 1,session_indy_nxt_2026_6750,race,Race,,,no,no,Official INDY NXT session report for Grand Prix of Alabama Race 1 Race.,http://www.imscdn.com/INDYCAR/Documents/5533/6750/indynxt-topsectiontimes-r1.pdf,1,900ddfcb701b1977f16e33501302742c328980f5ffcccd190d2e433bba0b5681
asset_indy_nxt_2026_6805_overall_results,pdf,Overall Results,link_only,3/28/2026,series_indy_nxt,INDY NXT,2026,event_indy_nxt_2026_5533,Grand Prix of Alabama Race 1,session_indy_nxt_2026_6805,qualifying,Qualifying - Race 1 Group 1,,,no,no,Official INDY NXT session report for Grand Prix of Alabama Race 1 Qualifying - Race 1 Group 1.,http://www.imscdn.com/INDYCAR/Documents/5533/6805/indynxt-results-quals-r1.pdf,1,900ddfcb701b1977f16e33501302742c328980f5ffcccd190d2e433bba0b5681
asset_indy_nxt_2026_6805_results,pdf,Results,link_only,3/28/2026,series_indy_nxt,INDY NXT,2026,event_indy_nxt_2026_5533,Grand Prix of Alabama Race 1,session_indy_nxt_2026_6805,qualifying,Qualifying - Race 1 Group 1,,,no,no,Official INDY NXT session report for Grand Prix of Alabama Race 1 Qualifying - Race 1 Group 1.,http://www.imscdn.com/INDYCAR/Documents/5533/6805/indynxt-results-quals-g1r1.pdf,1,900ddfcb701b1977f16e33501302742c328980f5ffcccd190d2e433bba0b5681
asset_indy_nxt_2026_6805_section_results,pdf,Section Results,link_only,3/28/2026,series_indy_nxt,INDY NXT,2026,event_indy_nxt_2026_5533,Grand Prix of Alabama Race 1,session_indy_nxt_2026_6805,qualifying,Qualifying - Race 1 Group 1,,,no,no,Official INDY NXT session report for Grand Prix of Alabama Race 1 Qualifying - Race 1 Group 1.,http://www.imscdn.com/INDYCAR/Documents/5533/6805/indynxt-sectionresults-quals-g1.pdf,1,900ddfcb701b1977f16e33501302742c328980f5ffcccd190d2e433bba0b5681
asset_indy_nxt_2026_6805_top_section_times,pdf,Top Section Times,link_only,3/28/2026,series_indy_nxt,INDY NXT,2026,event_indy_nxt_2026_5533,Grand Prix of Alabama Race 1,session_indy_nxt_2026_6805,qualifying,Qualifying - Race 1 Group 1,,,no,no,Official INDY NXT session report for Grand Prix of Alabama Race 1 Qualifying - Race 1 Group 1.,http://www.imscdn.com/INDYCAR/Documents/5533/6805/indynxt-topsectiontimes-quals-g1.pdf,1,900ddfcb701b1977f16e33501302742c328980f5ffcccd190d2e433bba0b5681
asset_indy_nxt_2026_6806_overall_results,pdf,Overall Results,link_only,3/28/2026,series_indy_nxt,INDY NXT,2026,event_indy_nxt_2026_5533,Grand Prix of Alabama Race 1,session_indy_nxt_2026_6806,qualifying,Qualifying - Race 1 Group 2,,,no,no,Official INDY NXT session report for Grand Prix of Alabama Race 1 Qualifying - Race 1 Group 2.,http://www.imscdn.com/INDYCAR/Documents/5533/6806/indynxt-results-quals-r1.pdf,1,900ddfcb701b1977f16e33501302742c328980f5ffcccd190d2e433bba0b5681
asset_indy_nxt_2026_6806_results,pdf,Results,link_only,3/28/2026,series_indy_nxt,INDY NXT,2026,event_indy_nxt_2026_5533,Grand Prix of Alabama Race 1,session_indy_nxt_2026_6806,qualifying,Qualifying - Race 1 Group 2,,,no,no,Official INDY NXT session report for Grand Prix of Alabama Race 1 Qualifying - Race 1 Group 2.,http://www.imscdn.com/INDYCAR/Documents/5533/6806/indynxt-results-quals-g2r1.pdf,1,900ddfcb701b1977f16e33501302742c328980f5ffcccd190d2e433bba0b5681
asset_indy_nxt_2026_6806_section_results,pdf,Section Results,link_only,3/28/2026,series_indy_nxt,INDY NXT,2026,event_indy_nxt_2026_5533,Grand Prix of Alabama Race 1,session_indy_nxt_2026_6806,qualifying,Qualifying - Race 1 Group 2,,,no,no,Official INDY NXT session report for Grand Prix of Alabama Race 1 Qualifying - Race 1 Group 2.,http://www.imscdn.com/INDYCAR/Documents/5533/6806/indynxt-sectionresults-quals-g2.pdf,1,900ddfcb701b1977f16e33501302742c328980f5ffcccd190d2e433bba0b5681
asset_indy_nxt_2026_6806_top_section_times,pdf,Top Section Times,link_only,3/28/2026,series_indy_nxt,INDY NXT,2026,event_indy_nxt_2026_5533,Grand Prix of Alabama Race 1,session_indy_nxt_2026_6806,qualifying,Qualifying - Race 1 Group 2,,,no,no,Official INDY NXT session report for Grand Prix of Alabama Race 1 Qualifying - Race 1 Group 2.,http://www.imscdn.com/INDYCAR/Documents/5533/6806/indynxt-topsectiontimes-quals-g2.pdf,1,900ddfcb701b1977f16e33501302742c328980f5ffcccd190d2e433bba0b5681
asset_indy_nxt_2026_6807_overall_results,pdf,Overall Results,link_only,3/28/2026,series_indy_nxt,INDY NXT,2026,event_indy_nxt_2026_5533,Grand Prix of Alabama Race 1,session_indy_nxt_2026_6807,qualifying,Combined Qualifying - Race 1,,,no,no,Official INDY NXT session report for Grand Prix of Alabama Race 1 Combined Qualifying - Race 1.,http://www.imscdn.com/INDYCAR/Documents/5533/6807/indynxt-results-quals-r1.pdf,1,900ddfcb701b1977f16e33501302742c328980f5ffcccd190d2e433bba0b5681
asset_indy_nxt_2026_6807_results,pdf,Results,link_only,3/28/2026,series_indy_nxt,INDY NXT,2026,event_indy_nxt_2026_5533,Grand Prix of Alabama Race 1,session_indy_nxt_2026_6807,qualifying,Combined Qualifying - Race 1,,,no,no,Official INDY NXT session report for Grand Prix of Alabama Race 1 Combined Qualifying - Race 1.,http://www.imscdn.com/INDYCAR/Documents/5533/6807/indynxt-results-quals-r1.pdf,1,900ddfcb701b1977f16e33501302742c328980f5ffcccd190d2e433bba0b5681
asset_indy_nxt_2026_6808_overall_results,pdf,Overall Results,link_only,3/28/2026,series_indy_nxt,INDY NXT,2026,event_indy_nxt_2026_5535,Grand Prix of Alabama Race 2,session_indy_nxt_2026_6808,qualifying,Qualifying - Race 2 Group 1,,,no,no,Official INDY NXT session report for Grand Prix of Alabama Race 2 Qualifying - Race 2 Group 1.,http://www.imscdn.com/INDYCAR/Documents/5535/6808/indynxt-results-quals-r2.pdf,1,900ddfcb701b1977f16e33501302742c328980f5ffcccd190d2e433bba0b5681
asset_indy_nxt_2026_6808_results,pdf,Results,link_only,3/28/2026,series_indy_nxt,INDY NXT,2026,event_indy_nxt_2026_5535,Grand Prix of Alabama Race 2,session_indy_nxt_2026_6808,qualifying,Qualifying - Race 2 Group 1,,,no,no,Official INDY NXT session report for Grand Prix of Alabama Race 2 Qualifying - Race 2 Group 1.,http://www.imscdn.com/INDYCAR/Documents/5535/6808/indynxt-results-quals-g1r2.pdf,1,900ddfcb701b1977f16e33501302742c328980f5ffcccd190d2e433bba0b5681
asset_indy_nxt_2026_6808_section_results,pdf,Section Results,link_only,3/28/2026,series_indy_nxt,INDY NXT,2026,event_indy_nxt_2026_5535,Grand Prix of Alabama Race 2,session_indy_nxt_2026_6808,qualifying,Qualifying - Race 2 Group 1,,,no,no,Official INDY NXT session report for Grand Prix of Alabama Race 2 Qualifying - Race 2 Group 1.,http://www.imscdn.com/INDYCAR/Documents/5535/6808/indynxt-sectionresults-quals-g1.pdf,1,900ddfcb701b1977f16e33501302742c328980f5ffcccd190d2e433bba0b5681
asset_indy_nxt_2026_6808_top_section_times,pdf,Top Section Times,link_only,3/28/2026,series_indy_nxt,INDY NXT,2026,event_indy_nxt_2026_5535,Grand Prix of Alabama Race 2,session_indy_nxt_2026_6808,qualifying,Qualifying - Race 2 Group 1,,,no,no,Official INDY NXT session report for Grand Prix of Alabama Race 2 Qualifying - Race 2 Group 1.,http://www.imscdn.com/INDYCAR/Documents/5535/6808/indynxt-topsectiontimes-quals-g1.pdf,1,900ddfcb701b1977f16e33501302742c328980f5ffcccd190d2e433bba0b5681
asset_indy_nxt_2026_6809_overall_results,pdf,Overall Results,link_only,3/28/2026,series_indy_nxt,INDY NXT,2026,event_indy_nxt_2026_5535,Grand Prix of Alabama Race 2,session_indy_nxt_2026_6809,qualifying,Qualifying - Race 2 Group 2,,,no,no,Official INDY NXT session report for Grand Prix of Alabama Race 2 Qualifying - Race 2 Group 2.,http://www.imscdn.com/INDYCAR/Documents/5535/6809/indynxt-results-quals-r2.pdf,1,900ddfcb701b1977f16e33501302742c328980f5ffcccd190d2e433bba0b5681
asset_indy_nxt_2026_6809_results,pdf,Results,link_only,3/28/2026,series_indy_nxt,INDY NXT,2026,event_indy_nxt_2026_5535,Grand Prix of Alabama Race 2,session_indy_nxt_2026_6809,qualifying,Qualifying - Race 2 Group 2,,,no,no,Official INDY NXT session report for Grand Prix of Alabama Race 2 Qualifying - Race 2 Group 2.,http://www.imscdn.com/INDYCAR/Documents/5535/6809/indynxt-results-quals-g2r2.pdf,1,900ddfcb701b1977f16e33501302742c328980f5ffcccd190d2e433bba0b5681
asset_indy_nxt_2026_6809_section_results,pdf,Section Results,link_only,3/28/2026,series_indy_nxt,INDY NXT,2026,event_indy_nxt_2026_5535,Grand Prix of Alabama Race 2,session_indy_nxt_2026_6809,qualifying,Qualifying - Race 2 Group 2,,,no,no,Official INDY NXT session report for Grand Prix of Alabama Race 2 Qualifying - Race 2 Group 2.,http://www.imscdn.com/INDYCAR/Documents/5535/6809/indynxt-sectionresults-quals-g2.pdf,1,900ddfcb701b1977f16e33501302742c328980f5ffcccd190d2e433bba0b5681
asset_indy_nxt_2026_6809_top_section_times,pdf,Top Section Times,link_only,3/28/2026,series_indy_nxt,INDY NXT,2026,event_indy_nxt_2026_5535,Grand Prix of Alabama Race 2,session_indy_nxt_2026_6809,qualifying,Qualifying - Race 2 Group 2,,,no,no,Official INDY NXT session report for Grand Prix of Alabama Race 2 Qualifying - Race 2 Group 2.,http://www.imscdn.com/INDYCAR/Documents/5535/6809/indynxt-topsectiontimes-quals-g2.pdf,1,900ddfcb701b1977f16e33501302742c328980f5ffcccd190d2e433bba0b5681
asset_indy_nxt_2026_6810_overall_results,pdf,Overall Results,link_only,3/28/2026,series_indy_nxt,INDY NXT,2026,event_indy_nxt_2026_5535,Grand Prix of Alabama Race 2,session_indy_nxt_2026_6810,qualifying,Combined Qualifying - Race 2,,,no,no,Official INDY NXT session report for Grand Prix of Alabama Race 2 Combined Qualifying - Race 2.,http://www.imscdn.com/INDYCAR/Documents/5535/6810/indynxt-results-quals-r2.pdf,1,900ddfcb701b1977f16e33501302742c328980f5ffcccd190d2e433bba0b5681
asset_indy_nxt_2026_6810_results,pdf,Results,link_only,3/28/2026,series_indy_nxt,INDY NXT,2026,event_indy_nxt_2026_5535,Grand Prix of Alabama Race 2,session_indy_nxt_2026_6810,qualifying,Combined Qualifying - Race 2,,,no,no,Official INDY NXT session report for Grand Prix of Alabama Race 2 Combined Qualifying - Race 2.,http://www.imscdn.com/INDYCAR/Documents/5535/6810/indynxt-results-quals-r2.pdf,1,900ddfcb701b1977f16e33501302742c328980f5ffcccd190d2e433bba0b5681
asset_indy_nxt_2026_6752_event_summary,pdf,Event Summary,link_only,3/29/2026,series_indy_nxt,INDY NXT,2026,event_indy_nxt_2026_5535,Grand Prix of Alabama Race 2,session_indy_nxt_2026_6752,race,Race,,,no,no,Official INDY NXT session report for Grand Prix of Alabama Race 2 Race.,http://www.imscdn.com/INDYCAR/Documents/5535/6752/indynxt-eventsummary-r2.pdf,1,900ddfcb701b1977f16e33501302742c328980f5ffcccd190d2e433bba0b5681
asset_indy_nxt_2026_6752_lap_chart,pdf,Lap Chart,link_only,3/29/2026,series_indy_nxt,INDY NXT,2026,event_indy_nxt_2026_5535,Grand Prix of Alabama Race 2,session_indy_nxt_2026_6752,race,Race,,,no,no,Official INDY NXT session report for Grand Prix of Alabama Race 2 Race.,http://www.imscdn.com/INDYCAR/Documents/5535/6752/indynxt-race-lapchart-r2.pdf,1,900ddfcb701b1977f16e33501302742c328980f5ffcccd190d2e433bba0b5681
asset_indy_nxt_2026_6752_leader_lap_summary,pdf,Leader Lap Summary,link_only,3/29/2026,series_indy_nxt,INDY NXT,2026,event_indy_nxt_2026_5535,Grand Prix of Alabama Race 2,session_indy_nxt_2026_6752,race,Race,,,no,no,Official INDY NXT session report for Grand Prix of Alabama Race 2 Race.,http://www.imscdn.com/INDYCAR/Documents/5535/6752/indynxt-race-leaderlapsummary-r2.pdf,1,900ddfcb701b1977f16e33501302742c328980f5ffcccd190d2e433bba0b5681
asset_indy_nxt_2026_6752_results,pdf,Results,link_only,3/29/2026,series_indy_nxt,INDY NXT,2026,event_indy_nxt_2026_5535,Grand Prix of Alabama Race 2,session_indy_nxt_2026_6752,race,Race,,,no,no,Official INDY NXT session report for Grand Prix of Alabama Race 2 Race.,http://www.imscdn.com/INDYCAR/Documents/5535/6752/indynxt-race-results-r2.pdf,1,900ddfcb701b1977f16e33501302742c328980f5ffcccd190d2e433bba0b5681
asset_indy_nxt_2026_6752_section_results,pdf,Section Results,link_only,3/29/2026,series_indy_nxt,INDY NXT,2026,event_indy_nxt_2026_5535,Grand Prix of Alabama Race 2,session_indy_nxt_2026_6752,race,Race,,,no,no,Official INDY NXT session report for Grand Prix of Alabama Race 2 Race.,http://www.imscdn.com/INDYCAR/Documents/5535/6752/indynxt-sectionresults-r2.pdf,1,900ddfcb701b1977f16e33501302742c328980f5ffcccd190d2e433bba0b5681
asset_indy_nxt_2026_6752_top_section_times,pdf,Top Section Times,link_only,3/29/2026,series_indy_nxt,INDY NXT,2026,event_indy_nxt_2026_5535,Grand Prix of Alabama Race 2,session_indy_nxt_2026_6752,race,Race,,,no,no,Official INDY NXT session report for Grand Prix of Alabama Race 2 Race.,http://www.imscdn.com/INDYCAR/Documents/5535/6752/indynxt-topsectiontimes-r2.pdf,1,900ddfcb701b1977f16e33501302742c328980f5ffcccd190d2e433bba0b5681
asset_indy_nxt_2024_6328_results,pdf,Results,link_only,3/8/2024,series_indy_nxt,INDY NXT,2024,event_indy_nxt_2024_5480,Grand Prix of St. Petersburg,session_indy_nxt_2024_6328,practice,Practice 1,,,no,no,Official INDY NXT session report for Grand Prix of St. Petersburg Practice 1.,http://www.imscdn.com/INDYCAR/Documents/6328/2024-03-08/indynxt-results-p1.pdf,1,900ddfcb701b1977f16e33501302742c328980f5ffcccd190d2e433bba0b5681
asset_indy_nxt_2024_6328_section_results,pdf,Section Results,link_only,3/8/2024,series_indy_nxt,INDY NXT,2024,event_indy_nxt_2024_5480,Grand Prix of St. Petersburg,session_indy_nxt_2024_6328,practice,Practice 1,,,no,no,Official INDY NXT session report for Grand Prix of St. Petersburg Practice 1.,http://www.imscdn.com/INDYCAR/Documents/6328/2024-03-08/indynxt-sectionresults-p1.pdf,1,900ddfcb701b1977f16e33501302742c328980f5ffcccd190d2e433bba0b5681
asset_indy_nxt_2024_6328_top_section_times,pdf,Top Section Times,link_only,3/8/2024,series_indy_nxt,INDY NXT,2024,event_indy_nxt_2024_5480,Grand Prix of St. Petersburg,session_indy_nxt_2024_6328,practice,Practice 1,,,no,no,Official INDY NXT session report for Grand Prix of St. Petersburg Practice 1.,http://www.imscdn.com/INDYCAR/Documents/6328/2024-03-08/indynxt-topsectiontimes-p1.pdf,1,900ddfcb701b1977f16e33501302742c328980f5ffcccd190d2e433bba0b5681
asset_indy_nxt_2024_6329_combined_results,pdf,Combined Results,link_only,3/9/2024,series_indy_nxt,INDY NXT,2024,event_indy_nxt_2024_5480,Grand Prix of St. Petersburg,session_indy_nxt_2024_6329,practice,Practice 2,,,no,no,Official INDY NXT session report for Grand Prix of St. Petersburg Practice 2.,http://www.imscdn.com/INDYCAR/Documents/6329/2024-03-09/indynxt-results-pcomb-p2.pdf,1,900ddfcb701b1977f16e33501302742c328980f5ffcccd190d2e433bba0b5681
asset_indy_nxt_2024_6329_results,pdf,Results,link_only,3/9/2024,series_indy_nxt,INDY NXT,2024,event_indy_nxt_2024_5480,Grand Prix of St. Petersburg,session_indy_nxt_2024_6329,practice,Practice 2,,,no,no,Official INDY NXT session report for Grand Prix of St. Petersburg Practice 2.,http://www.imscdn.com/INDYCAR/Documents/6329/2024-03-09/indynxt-results-p2.pdf,1,900ddfcb701b1977f16e33501302742c328980f5ffcccd190d2e433bba0b5681
asset_indy_nxt_2024_6329_section_results,pdf,Section Results,link_only,3/9/2024,series_indy_nxt,INDY NXT,2024,event_indy_nxt_2024_5480,Grand Prix of St. Petersburg,session_indy_nxt_2024_6329,practice,Practice 2,,,no,no,Official INDY NXT session report for Grand Prix of St. Petersburg Practice 2.,http://www.imscdn.com/INDYCAR/Documents/6329/2024-03-09/indynxt-sectionresults-p2.pdf,1,900ddfcb701b1977f16e33501302742c328980f5ffcccd190d2e433bba0b5681
asset_indy_nxt_2024_6329_top_section_times,pdf,Top Section Times,link_only,3/9/2024,series_indy_nxt,INDY NXT,2024,event_indy_nxt_2024_5480,Grand Prix of St. Petersburg,session_indy_nxt_2024_6329,practice,Practice 2,,,no,no,Official INDY NXT session report for Grand Prix of St. Petersburg Practice 2.,http://www.imscdn.com/INDYCAR/Documents/6329/2024-03-09/indynxt-topsectiontimes-p2.pdf,1,900ddfcb701b1977f16e33501302742c328980f5ffcccd190d2e433bba0b5681
asset_indy_nxt_2024_6330_results,pdf,Results,link_only,3/9/2024,series_indy_nxt,INDY NXT,2024,event_indy_nxt_2024_5480,Grand Prix of St. Petersburg,session_indy_nxt_2024_6330,qualifying,Qualifications - Group 1,,,no,no,Official INDY NXT session report for Grand Prix of St. Petersburg Qualifications - Group 1.,http://www.imscdn.com/INDYCAR/Documents/6330/2024-03-09/indynxt-results-quals-g1.pdf,1,900ddfcb701b1977f16e33501302742c328980f5ffcccd190d2e433bba0b5681
asset_indy_nxt_2024_6330_section_results,pdf,Section Results,link_only,3/9/2024,series_indy_nxt,INDY NXT,2024,event_indy_nxt_2024_5480,Grand Prix of St. Petersburg,session_indy_nxt_2024_6330,qualifying,Qualifications - Group 1,,,no,no,Official INDY NXT session report for Grand Prix of St. Petersburg Qualifications - Group 1.,http://www.imscdn.com/INDYCAR/Documents/6330/2024-03-09/indynxt-sectionresults-quals-g1.pdf,1,900ddfcb701b1977f16e33501302742c328980f5ffcccd190d2e433bba0b5681
asset_indy_nxt_2024_6330_top_section_times,pdf,Top Section Times,link_only,3/9/2024,series_indy_nxt,INDY NXT,2024,event_indy_nxt_2024_5480,Grand Prix of St. Petersburg,session_indy_nxt_2024_6330,qualifying,Qualifications - Group 1,,,no,no,Official INDY NXT session report for Grand Prix of St. Petersburg Qualifications - Group 1.,http://www.imscdn.com/INDYCAR/Documents/6330/2024-03-09/indynxt-topsectiontimes-quals-g1.pdf,1,900ddfcb701b1977f16e33501302742c328980f5ffcccd190d2e433bba0b5681
asset_indy_nxt_2024_6346_overall_results,pdf,Overall Results,link_only,3/9/2024,series_indy_nxt,INDY NXT,2024,event_indy_nxt_2024_5480,Grand Prix of St. Petersburg,session_indy_nxt_2024_6346,qualifying,Qualifications - Group 2,,,no,no,Official INDY NXT session report for Grand Prix of St. Petersburg Qualifications - Group 2.,http://www.imscdn.com/INDYCAR/Documents/6346/2024-03-09/indynxt-results-quals.pdf,1,900ddfcb701b1977f16e33501302742c328980f5ffcccd190d2e433bba0b5681
asset_indy_nxt_2024_6346_results,pdf,Results,link_only,3/9/2024,series_indy_nxt,INDY NXT,2024,event_indy_nxt_2024_5480,Grand Prix of St. Petersburg,session_indy_nxt_2024_6346,qualifying,Qualifications - Group 2,,,no,no,Official INDY NXT session report for Grand Prix of St. Petersburg Qualifications - Group 2.,http://www.imscdn.com/INDYCAR/Documents/6346/2024-03-09/indynxt-results-quals-g2.pdf,1,900ddfcb701b1977f16e33501302742c328980f5ffcccd190d2e433bba0b5681
asset_indy_nxt_2024_6346_section_results,pdf,Section Results,link_only,3/9/2024,series_indy_nxt,INDY NXT,2024,event_indy_nxt_2024_5480,Grand Prix of St. Petersburg,session_indy_nxt_2024_6346,qualifying,Qualifications - Group 2,,,no,no,Official INDY NXT session report for Grand Prix of St. Petersburg Qualifications - Group 2.,http://www.imscdn.com/INDYCAR/Documents/6346/2024-03-09/indynxt-sectionresults-quals-g2.pdf,1,900ddfcb701b1977f16e33501302742c328980f5ffcccd190d2e433bba0b5681
asset_indy_nxt_2024_6346_top_section_times,pdf,Top Section Times,link_only,3/9/2024,series_indy_nxt,INDY NXT,2024,event_indy_nxt_2024_5480,Grand Prix of St. Petersburg,session_indy_nxt_2024_6346,qualifying,Qualifications - Group 2,,,no,no,Official INDY NXT session report for Grand Prix of St. Petersburg Qualifications - Group 2.,http://www.imscdn.com/INDYCAR/Documents/6346/2024-03-09/indynxt-topsectiontimes-quals-g2.pdf,1,900ddfcb701b1977f16e33501302742c328980f5ffcccd190d2e433bba0b5681
asset_indy_nxt_2024_6354_results,pdf,Results,link_only,4/26/2024,series_indy_nxt,INDY NXT,2024,event_indy_nxt_2024_5470,Grand Prix of Alabama,session_indy_nxt_2024_6354,practice,Practice 1,,,no,no,Official INDY NXT session report for Grand Prix of Alabama Practice 1.,http://www.imscdn.com/INDYCAR/Documents/6354/2024-04-26/indynxt-results-p1.pdf,1,900ddfcb701b1977f16e33501302742c328980f5ffcccd190d2e433bba0b5681
asset_indy_nxt_2024_6354_section_results,pdf,Section Results,link_only,4/26/2024,series_indy_nxt,INDY NXT,2024,event_indy_nxt_2024_5470,Grand Prix of Alabama,session_indy_nxt_2024_6354,practice,Practice 1,,,no,no,Official INDY NXT session report for Grand Prix of Alabama Practice 1.,http://www.imscdn.com/INDYCAR/Documents/6354/2024-04-26/indynxt-sectionresults-p1.pdf,1,900ddfcb701b1977f16e33501302742c328980f5ffcccd190d2e433bba0b5681
asset_indy_nxt_2024_6354_top_section_times,pdf,Top Section Times,link_only,4/26/2024,series_indy_nxt,INDY NXT,2024,event_indy_nxt_2024_5470,Grand Prix of Alabama,session_indy_nxt_2024_6354,practice,Practice 1,,,no,no,Official INDY NXT session report for Grand Prix of Alabama Practice 1.,http://www.imscdn.com/INDYCAR/Documents/6354/2024-04-26/indynxt-topsectiontimes-p1.pdf,1,900ddfcb701b1977f16e33501302742c328980f5ffcccd190d2e433bba0b5681
asset_indy_nxt_2024_6355_combined_results,pdf,Combined Results,link_only,4/27/2024,series_indy_nxt,INDY NXT,2024,event_indy_nxt_2024_5470,Grand Prix of Alabama,session_indy_nxt_2024_6355,practice,Practice 2,,,no,no,Official INDY NXT session report for Grand Prix of Alabama Practice 2.,http://www.imscdn.com/INDYCAR/Documents/6355/2024-04-27/indynxt-results-pcomb-p2.pdf,1,900ddfcb701b1977f16e33501302742c328980f5ffcccd190d2e433bba0b5681
asset_indy_nxt_2024_6355_results,pdf,Results,link_only,4/27/2024,series_indy_nxt,INDY NXT,2024,event_indy_nxt_2024_5470,Grand Prix of Alabama,session_indy_nxt_2024_6355,practice,Practice 2,,,no,no,Official INDY NXT session report for Grand Prix of Alabama Practice 2.,http://www.imscdn.com/INDYCAR/Documents/6355/2024-04-27/indynxt-results-p2.pdf,1,900ddfcb701b1977f16e33501302742c328980f5ffcccd190d2e433bba0b5681
asset_indy_nxt_2024_6355_section_results,pdf,Section Results,link_only,4/27/2024,series_indy_nxt,INDY NXT,2024,event_indy_nxt_2024_5470,Grand Prix of Alabama,session_indy_nxt_2024_6355,practice,Practice 2,,,no,no,Official INDY NXT session report for Grand Prix of Alabama Practice 2.,http://www.imscdn.com/INDYCAR/Documents/6355/2024-04-27/indynxt-sectionresults-p2.pdf,1,900ddfcb701b1977f16e33501302742c328980f5ffcccd190d2e433bba0b5681
asset_indy_nxt_2024_6355_top_section_times,pdf,Top Section Times,link_only,4/27/2024,series_indy_nxt,INDY NXT,2024,event_indy_nxt_2024_5470,Grand Prix of Alabama,session_indy_nxt_2024_6355,practice,Practice 2,,,no,no,Official INDY NXT session report for Grand Prix of Alabama Practice 2.,http://www.imscdn.com/INDYCAR/Documents/6355/2024-04-27/indynxt-topsectiontimes-p2.pdf,1,900ddfcb701b1977f16e33501302742c328980f5ffcccd190d2e433bba0b5681
asset_indy_nxt_2024_6356_results,pdf,Results,link_only,4/27/2024,series_indy_nxt,INDY NXT,2024,event_indy_nxt_2024_5470,Grand Prix of Alabama,session_indy_nxt_2024_6356,qualifying,Qualifications - Group 1,,,no,no,Official INDY NXT session report for Grand Prix of Alabama Qualifications - Group 1.,http://www.imscdn.com/INDYCAR/Documents/6356/2024-04-27/indynxt-results-quals-g1.pdf,1,900ddfcb701b1977f16e33501302742c328980f5ffcccd190d2e433bba0b5681
asset_indy_nxt_2024_6356_section_results,pdf,Section Results,link_only,4/27/2024,series_indy_nxt,INDY NXT,2024,event_indy_nxt_2024_5470,Grand Prix of Alabama,session_indy_nxt_2024_6356,qualifying,Qualifications - Group 1,,,no,no,Official INDY NXT session report for Grand Prix of Alabama Qualifications - Group 1.,http://www.imscdn.com/INDYCAR/Documents/6356/2024-04-27/indynxt-sectionresults-quals-g1.pdf,1,900ddfcb701b1977f16e33501302742c328980f5ffcccd190d2e433bba0b5681
asset_indy_nxt_2024_6356_top_section_times,pdf,Top Section Times,link_only,4/27/2024,series_indy_nxt,INDY NXT,2024,event_indy_nxt_2024_5470,Grand Prix of Alabama,session_indy_nxt_2024_6356,qualifying,Qualifications - Group 1,,,no,no,Official INDY NXT session report for Grand Prix of Alabama Qualifications - Group 1.,http://www.imscdn.com/INDYCAR/Documents/6356/2024-04-27/indynxt-topsectiontimes-quals-g1.pdf,1,900ddfcb701b1977f16e33501302742c328980f5ffcccd190d2e433bba0b5681
asset_indy_nxt_2024_6357_overall_results,pdf,Overall Results,link_only,4/27/2024,series_indy_nxt,INDY NXT,2024,event_indy_nxt_2024_5470,Grand Prix of Alabama,session_indy_nxt_2024_6357,qualifying,Qualifications - Group 2,,,no,no,Official INDY NXT session report for Grand Prix of Alabama Qualifications - Group 2.,http://www.imscdn.com/INDYCAR/Documents/6357/2024-04-27/indynxt-results-quals.pdf,1,900ddfcb701b1977f16e33501302742c328980f5ffcccd190d2e433bba0b5681
asset_indy_nxt_2024_6357_results,pdf,Results,link_only,4/27/2024,series_indy_nxt,INDY NXT,2024,event_indy_nxt_2024_5470,Grand Prix of Alabama,session_indy_nxt_2024_6357,qualifying,Qualifications - Group 2,,,no,no,Official INDY NXT session report for Grand Prix of Alabama Qualifications - Group 2.,http://www.imscdn.com/INDYCAR/Documents/6357/2024-04-27/indynxt-results-quals-g2.pdf,1,900ddfcb701b1977f16e33501302742c328980f5ffcccd190d2e433bba0b5681
asset_indy_nxt_2024_6357_section_results,pdf,Section Results,link_only,4/27/2024,series_indy_nxt,INDY NXT,2024,event_indy_nxt_2024_5470,Grand Prix of Alabama,session_indy_nxt_2024_6357,qualifying,Qualifications - Group 2,,,no,no,Official INDY NXT session report for Grand Prix of Alabama Qualifications - Group 2.,http://www.imscdn.com/INDYCAR/Documents/6357/2024-04-27/indynxt-sectionresults-quals-g2.pdf,1,900ddfcb701b1977f16e33501302742c328980f5ffcccd190d2e433bba0b5681
asset_indy_nxt_2024_6357_top_section_times,pdf,Top Section Times,link_only,4/27/2024,series_indy_nxt,INDY NXT,2024,event_indy_nxt_2024_5470,Grand Prix of Alabama,session_indy_nxt_2024_6357,qualifying,Qualifications - Group 2,,,no,no,Official INDY NXT session report for Grand Prix of Alabama Qualifications - Group 2.,http://www.imscdn.com/INDYCAR/Documents/6357/2024-04-27/indynxt-topsectiontimes-quals-g2.pdf,1,900ddfcb701b1977f16e33501302742c328980f5ffcccd190d2e433bba0b5681
asset_indy_nxt_2024_6314_box_score,pdf,Box Score,link_only,4/28/2024,series_indy_nxt,INDY NXT,2024,event_indy_nxt_2024_5470,Grand Prix of Alabama,session_indy_nxt_2024_6314,race,Race,,,no,no,Official INDY NXT session report for Grand Prix of Alabama Race.,http://www.imscdn.com/INDYCAR/Documents/6314/2024-04-28/indynxt-race-results.pdf,1,900ddfcb701b1977f16e33501302742c328980f5ffcccd190d2e433bba0b5681
asset_indy_nxt_2024_6314_event_summary,pdf,Event Summary,link_only,4/28/2024,series_indy_nxt,INDY NXT,2024,event_indy_nxt_2024_5470,Grand Prix of Alabama,session_indy_nxt_2024_6314,race,Race,,,no,no,Official INDY NXT session report for Grand Prix of Alabama Race.,http://www.imscdn.com/INDYCAR/Documents/6314/2024-04-28/indynxt-eventsummary.pdf,1,900ddfcb701b1977f16e33501302742c328980f5ffcccd190d2e433bba0b5681
asset_indy_nxt_2024_6314_lap_chart,pdf,Lap Chart,link_only,4/28/2024,series_indy_nxt,INDY NXT,2024,event_indy_nxt_2024_5470,Grand Prix of Alabama,session_indy_nxt_2024_6314,race,Race,,,no,no,Official INDY NXT session report for Grand Prix of Alabama Race.,http://www.imscdn.com/INDYCAR/Documents/6314/2024-04-28/indynxt-race-lapchart.pdf,1,900ddfcb701b1977f16e33501302742c328980f5ffcccd190d2e433bba0b5681
asset_indy_nxt_2024_6314_leader_lap_summary,pdf,Leader Lap Summary,link_only,4/28/2024,series_indy_nxt,INDY NXT,2024,event_indy_nxt_2024_5470,Grand Prix of Alabama,session_indy_nxt_2024_6314,race,Race,,,no,no,Official INDY NXT session report for Grand Prix of Alabama Race.,http://www.imscdn.com/INDYCAR/Documents/6314/2024-04-28/indynxt-race-leaderlapsummary.pdf,1,900ddfcb701b1977f16e33501302742c328980f5ffcccd190d2e433bba0b5681
asset_indy_nxt_2024_6314_results,pdf,Results,link_only,4/28/2024,series_indy_nxt,INDY NXT,2024,event_indy_nxt_2024_5470,Grand Prix of Alabama,session_indy_nxt_2024_6314,race,Race,,,no,no,Official INDY NXT session report for Grand Prix of Alabama Race.,http://www.imscdn.com/INDYCAR/Documents/6314/2024-04-28/indynxt-race-results.pdf,1,900ddfcb701b1977f16e33501302742c328980f5ffcccd190d2e433bba0b5681
asset_indy_nxt_2024_6314_section_results,pdf,Section Results,link_only,4/28/2024,series_indy_nxt,INDY NXT,2024,event_indy_nxt_2024_5470,Grand Prix of Alabama,session_indy_nxt_2024_6314,race,Race,,,no,no,Official INDY NXT session report for Grand Prix of Alabama Race.,http://www.imscdn.com/INDYCAR/Documents/6314/2024-04-28/indynxt-sectionresults-race.pdf,1,900ddfcb701b1977f16e33501302742c328980f5ffcccd190d2e433bba0b5681
asset_indy_nxt_2024_6314_top_section_times,pdf,Top Section Times,link_only,4/28/2024,series_indy_nxt,INDY NXT,2024,event_indy_nxt_2024_5470,Grand Prix of Alabama,session_indy_nxt_2024_6314,race,Race,,,no,no,Official INDY NXT session report for Grand Prix of Alabama Race.,http://www.imscdn.com/INDYCAR/Documents/6314/2024-04-28/indynxt-topsectiontimes-race.pdf,1,900ddfcb701b1977f16e33501302742c328980f5ffcccd190d2e433bba0b5681
asset_indy_nxt_2024_6315_box_score,pdf,Box Score,link_only,5/10/2024,series_indy_nxt,INDY NXT,2024,event_indy_nxt_2024_5471,Indianapolis Grand Prix Race 1,session_indy_nxt_2024_6315,race,Race,,,no,no,Official INDY NXT session report for Indianapolis Grand Prix Race 1 Race.,http://www.imscdn.com/INDYCAR/Documents/6315/2024-05-10/indynxt-officialraceresults-r1.pdf,1,900ddfcb701b1977f16e33501302742c328980f5ffcccd190d2e433bba0b5681
asset_indy_nxt_2024_6315_event_summary,pdf,Event Summary,link_only,5/10/2024,series_indy_nxt,INDY NXT,2024,event_indy_nxt_2024_5471,Indianapolis Grand Prix Race 1,session_indy_nxt_2024_6315,race,Race,,,no,no,Official INDY NXT session report for Indianapolis Grand Prix Race 1 Race.,http://www.imscdn.com/INDYCAR/Documents/6315/2024-05-10/indynxt-eventsummary-r1.pdf,1,900ddfcb701b1977f16e33501302742c328980f5ffcccd190d2e433bba0b5681
asset_indy_nxt_2024_6315_lap_chart,pdf,Lap Chart,link_only,5/10/2024,series_indy_nxt,INDY NXT,2024,event_indy_nxt_2024_5471,Indianapolis Grand Prix Race 1,session_indy_nxt_2024_6315,race,Race,,,no,no,Official INDY NXT session report for Indianapolis Grand Prix Race 1 Race.,http://www.imscdn.com/INDYCAR/Documents/6315/2024-05-10/indynxt-race-lapchart-r1.pdf,1,900ddfcb701b1977f16e33501302742c328980f5ffcccd190d2e433bba0b5681
asset_indy_nxt_2024_6315_leader_lap_summary,pdf,Leader Lap Summary,link_only,5/10/2024,series_indy_nxt,INDY NXT,2024,event_indy_nxt_2024_5471,Indianapolis Grand Prix Race 1,session_indy_nxt_2024_6315,race,Race,,,no,no,Official INDY NXT session report for Indianapolis Grand Prix Race 1 Race.,http://www.imscdn.com/INDYCAR/Documents/6315/2024-05-10/indynxt-race-leaderlapsummary-r1.pdf,1,900ddfcb701b1977f16e33501302742c328980f5ffcccd190d2e433bba0b5681
asset_indy_nxt_2024_6315_results,pdf,Results,link_only,5/10/2024,series_indy_nxt,INDY NXT,2024,event_indy_nxt_2024_5471,Indianapolis Grand Prix Race 1,session_indy_nxt_2024_6315,race,Race,,,no,no,Official INDY NXT session report for Indianapolis Grand Prix Race 1 Race.,http://www.imscdn.com/INDYCAR/Documents/6315/2024-05-10/indynxt-race-results-r1.pdf,1,900ddfcb701b1977f16e33501302742c328980f5ffcccd190d2e433bba0b5681
asset_indy_nxt_2024_6315_section_results,pdf,Section Results,link_only,5/10/2024,series_indy_nxt,INDY NXT,2024,event_indy_nxt_2024_5471,Indianapolis Grand Prix Race 1,session_indy_nxt_2024_6315,race,Race,,,no,no,Official INDY NXT session report for Indianapolis Grand Prix Race 1 Race.,http://www.imscdn.com/INDYCAR/Documents/6315/2024-05-10/indynxt-sectionresults-r1.pdf,1,900ddfcb701b1977f16e33501302742c328980f5ffcccd190d2e433bba0b5681
asset_indy_nxt_2024_6315_top_section_times,pdf,Top Section Times,link_only,5/10/2024,series_indy_nxt,INDY NXT,2024,event_indy_nxt_2024_5471,Indianapolis Grand Prix Race 1,session_indy_nxt_2024_6315,race,Race,,,no,no,Official INDY NXT session report for Indianapolis Grand Prix Race 1 Race.,http://www.imscdn.com/INDYCAR/Documents/6315/2024-05-10/indynxt-topsectiontimes-r1.pdf,1,900ddfcb701b1977f16e33501302742c328980f5ffcccd190d2e433bba0b5681
asset_indy_nxt_2024_6365_results,pdf,Results,link_only,5/10/2024,series_indy_nxt,INDY NXT,2024,event_indy_nxt_2024_5471,Indianapolis Grand Prix Race 1,session_indy_nxt_2024_6365,practice,Practice,,,no,no,Official INDY NXT session report for Indianapolis Grand Prix Race 1 Practice.,http://www.imscdn.com/INDYCAR/Documents/6365/2024-05-10/indynxt-results-p1.pdf,1,900ddfcb701b1977f16e33501302742c328980f5ffcccd190d2e433bba0b5681
asset_indy_nxt_2024_6365_section_results,pdf,Section Results,link_only,5/10/2024,series_indy_nxt,INDY NXT,2024,event_indy_nxt_2024_5471,Indianapolis Grand Prix Race 1,session_indy_nxt_2024_6365,practice,Practice,,,no,no,Official INDY NXT session report for Indianapolis Grand Prix Race 1 Practice.,http://www.imscdn.com/INDYCAR/Documents/6365/2024-05-10/indynxt-sectionresults-p1.pdf,1,900ddfcb701b1977f16e33501302742c328980f5ffcccd190d2e433bba0b5681
asset_indy_nxt_2024_6365_top_section_times,pdf,Top Section Times,link_only,5/10/2024,series_indy_nxt,INDY NXT,2024,event_indy_nxt_2024_5471,Indianapolis Grand Prix Race 1,session_indy_nxt_2024_6365,practice,Practice,,,no,no,Official INDY NXT session report for Indianapolis Grand Prix Race 1 Practice.,http://www.imscdn.com/INDYCAR/Documents/6365/2024-05-10/indynxt-topsectiontimes-p1.pdf,1,900ddfcb701b1977f16e33501302742c328980f5ffcccd190d2e433bba0b5681
asset_indy_nxt_2024_6366_results,pdf,Results,link_only,5/10/2024,series_indy_nxt,INDY NXT,2024,event_indy_nxt_2024_5471,Indianapolis Grand Prix Race 1,session_indy_nxt_2024_6366,qualifying,Qualifications - Race 1 Group 1,,,no,no,Official INDY NXT session report for Indianapolis Grand Prix Race 1 Qualifications - Race 1 Group 1.,http://www.imscdn.com/INDYCAR/Documents/6366/2024-05-10/indynxt-results-quals-g1r1.pdf,1,900ddfcb701b1977f16e33501302742c328980f5ffcccd190d2e433bba0b5681
asset_indy_nxt_2024_6366_section_results,pdf,Section Results,link_only,5/10/2024,series_indy_nxt,INDY NXT,2024,event_indy_nxt_2024_5471,Indianapolis Grand Prix Race 1,session_indy_nxt_2024_6366,qualifying,Qualifications - Race 1 Group 1,,,no,no,Official INDY NXT session report for Indianapolis Grand Prix Race 1 Qualifications - Race 1 Group 1.,http://www.imscdn.com/INDYCAR/Documents/6366/2024-05-10/indynxt-sectionresults-quals-g1.pdf,1,900ddfcb701b1977f16e33501302742c328980f5ffcccd190d2e433bba0b5681
asset_indy_nxt_2024_6366_top_section_times,pdf,Top Section Times,link_only,5/10/2024,series_indy_nxt,INDY NXT,2024,event_indy_nxt_2024_5471,Indianapolis Grand Prix Race 1,session_indy_nxt_2024_6366,qualifying,Qualifications - Race 1 Group 1,,,no,no,Official INDY NXT session report for Indianapolis Grand Prix Race 1 Qualifications - Race 1 Group 1.,http://www.imscdn.com/INDYCAR/Documents/6366/2024-05-10/indynxt-topsectiontimes-quals-g1.pdf,1,900ddfcb701b1977f16e33501302742c328980f5ffcccd190d2e433bba0b5681
asset_indy_nxt_2024_6367_overall_results,pdf,Overall Results,link_only,5/10/2024,series_indy_nxt,INDY NXT,2024,event_indy_nxt_2024_5471,Indianapolis Grand Prix Race 1,session_indy_nxt_2024_6367,qualifying,Qualifications - Race 1 Group 2,,,no,no,Official INDY NXT session report for Indianapolis Grand Prix Race 1 Qualifications - Race 1 Group 2.,http://www.imscdn.com/INDYCAR/Documents/6367/2024-05-10/indynxt-results-quals-r1.pdf,1,900ddfcb701b1977f16e33501302742c328980f5ffcccd190d2e433bba0b5681
asset_indy_nxt_2024_6367_results,pdf,Results,link_only,5/10/2024,series_indy_nxt,INDY NXT,2024,event_indy_nxt_2024_5471,Indianapolis Grand Prix Race 1,session_indy_nxt_2024_6367,qualifying,Qualifications - Race 1 Group 2,,,no,no,Official INDY NXT session report for Indianapolis Grand Prix Race 1 Qualifications - Race 1 Group 2.,http://www.imscdn.com/INDYCAR/Documents/6367/2024-05-10/indynxt-results-quals-g2r1.pdf,1,900ddfcb701b1977f16e33501302742c328980f5ffcccd190d2e433bba0b5681
asset_indy_nxt_2024_6367_section_results,pdf,Section Results,link_only,5/10/2024,series_indy_nxt,INDY NXT,2024,event_indy_nxt_2024_5471,Indianapolis Grand Prix Race 1,session_indy_nxt_2024_6367,qualifying,Qualifications - Race 1 Group 2,,,no,no,Official INDY NXT session report for Indianapolis Grand Prix Race 1 Qualifications - Race 1 Group 2.,http://www.imscdn.com/INDYCAR/Documents/6367/2024-05-10/indynxt-sectionresults-quals-g2.pdf,1,900ddfcb701b1977f16e33501302742c328980f5ffcccd190d2e433bba0b5681
asset_indy_nxt_2024_6367_top_section_times,pdf,Top Section Times,link_only,5/10/2024,series_indy_nxt,INDY NXT,2024,event_indy_nxt_2024_5471,Indianapolis Grand Prix Race 1,session_indy_nxt_2024_6367,qualifying,Qualifications - Race 1 Group 2,,,no,no,Official INDY NXT session report for Indianapolis Grand Prix Race 1 Qualifications - Race 1 Group 2.,http://www.imscdn.com/INDYCAR/Documents/6367/2024-05-10/indynxt-topsectiontimes-quals-g2.pdf,1,900ddfcb701b1977f16e33501302742c328980f5ffcccd190d2e433bba0b5681
asset_indy_nxt_2024_6389_results,pdf,Results,link_only,5/10/2024,series_indy_nxt,INDY NXT,2024,event_indy_nxt_2024_5481,Indianapolis Grand Prix Race 2,session_indy_nxt_2024_6389,qualifying,Qualifications - Race 2 Group 1,,,no,no,Official INDY NXT session report for Indianapolis Grand Prix Race 2 Qualifications - Race 2 Group 1.,http://www.imscdn.com/INDYCAR/Documents/6389/2024-05-10/indynxt-results-quals-g1r2.pdf,1,900ddfcb701b1977f16e33501302742c328980f5ffcccd190d2e433bba0b5681
asset_indy_nxt_2024_6389_section_results,pdf,Section Results,link_only,5/10/2024,series_indy_nxt,INDY NXT,2024,event_indy_nxt_2024_5481,Indianapolis Grand Prix Race 2,session_indy_nxt_2024_6389,qualifying,Qualifications - Race 2 Group 1,,,no,no,Official INDY NXT session report for Indianapolis Grand Prix Race 2 Qualifications - Race 2 Group 1.,http://www.imscdn.com/INDYCAR/Documents/6389/2024-05-10/indynxt-sectionresults-quals-g1.pdf,1,900ddfcb701b1977f16e33501302742c328980f5ffcccd190d2e433bba0b5681
asset_indy_nxt_2024_6389_top_section_times,pdf,Top Section Times,link_only,5/10/2024,series_indy_nxt,INDY NXT,2024,event_indy_nxt_2024_5481,Indianapolis Grand Prix Race 2,session_indy_nxt_2024_6389,qualifying,Qualifications - Race 2 Group 1,,,no,no,Official INDY NXT session report for Indianapolis Grand Prix Race 2 Qualifications - Race 2 Group 1.,http://www.imscdn.com/INDYCAR/Documents/6389/2024-05-10/indynxt-topsectiontimes-quals-g1.pdf,1,900ddfcb701b1977f16e33501302742c328980f5ffcccd190d2e433bba0b5681
asset_indy_nxt_2024_6390_overall_results,pdf,Overall Results,link_only,5/10/2024,series_indy_nxt,INDY NXT,2024,event_indy_nxt_2024_5481,Indianapolis Grand Prix Race 2,session_indy_nxt_2024_6390,qualifying,Qualifications - Race 2 Group 2,,,no,no,Official INDY NXT session report for Indianapolis Grand Prix Race 2 Qualifications - Race 2 Group 2.,http://www.imscdn.com/INDYCAR/Documents/6390/2024-05-10/indynxt-results-quals-r2.pdf,1,900ddfcb701b1977f16e33501302742c328980f5ffcccd190d2e433bba0b5681
asset_indy_nxt_2024_6390_results,pdf,Results,link_only,5/10/2024,series_indy_nxt,INDY NXT,2024,event_indy_nxt_2024_5481,Indianapolis Grand Prix Race 2,session_indy_nxt_2024_6390,qualifying,Qualifications - Race 2 Group 2,,,no,no,Official INDY NXT session report for Indianapolis Grand Prix Race 2 Qualifications - Race 2 Group 2.,http://www.imscdn.com/INDYCAR/Documents/6390/2024-05-10/indynxt-results-quals-g2r2.pdf,1,900ddfcb701b1977f16e33501302742c328980f5ffcccd190d2e433bba0b5681
asset_indy_nxt_2024_6390_section_results,pdf,Section Results,link_only,5/10/2024,series_indy_nxt,INDY NXT,2024,event_indy_nxt_2024_5481,Indianapolis Grand Prix Race 2,session_indy_nxt_2024_6390,qualifying,Qualifications - Race 2 Group 2,,,no,no,Official INDY NXT session report for Indianapolis Grand Prix Race 2 Qualifications - Race 2 Group 2.,http://www.imscdn.com/INDYCAR/Documents/6390/2024-05-10/indynxt-sectionresults-quals-g2.pdf,1,900ddfcb701b1977f16e33501302742c328980f5ffcccd190d2e433bba0b5681
asset_indy_nxt_2024_6390_top_section_times,pdf,Top Section Times,link_only,5/10/2024,series_indy_nxt,INDY NXT,2024,event_indy_nxt_2024_5481,Indianapolis Grand Prix Race 2,session_indy_nxt_2024_6390,qualifying,Qualifications - Race 2 Group 2,,,no,no,Official INDY NXT session report for Indianapolis Grand Prix Race 2 Qualifications - Race 2 Group 2.,http://www.imscdn.com/INDYCAR/Documents/6390/2024-05-10/indynxt-topsectiontimes-quals-g2.pdf,1,900ddfcb701b1977f16e33501302742c328980f5ffcccd190d2e433bba0b5681
asset_indy_nxt_2025_6443_event_summary,pdf,Event Summary,link_only,5/10/2025,series_indy_nxt,INDY NXT,2025,event_indy_nxt_2025_5485,Indianapolis Grand Prix Race 2,session_indy_nxt_2025_6443,race,Race,,,no,no,Official INDY NXT session report for Indianapolis Grand Prix Race 2 Race.,http://www.imscdn.com/INDYCAR/Documents/6443/2025-05-10/indynxt-eventsummary-r2.pdf,1,900ddfcb701b1977f16e33501302742c328980f5ffcccd190d2e433bba0b5681
asset_indy_nxt_2025_6443_lap_chart,pdf,Lap Chart,link_only,5/10/2025,series_indy_nxt,INDY NXT,2025,event_indy_nxt_2025_5485,Indianapolis Grand Prix Race 2,session_indy_nxt_2025_6443,race,Race,,,no,no,Official INDY NXT session report for Indianapolis Grand Prix Race 2 Race.,http://www.imscdn.com/INDYCAR/Documents/6443/2025-05-10/indynxt-race-lapchart-r2.pdf,1,900ddfcb701b1977f16e33501302742c328980f5ffcccd190d2e433bba0b5681
asset_indy_nxt_2025_6443_leader_lap_summary,pdf,Leader Lap Summary,link_only,5/10/2025,series_indy_nxt,INDY NXT,2025,event_indy_nxt_2025_5485,Indianapolis Grand Prix Race 2,session_indy_nxt_2025_6443,race,Race,,,no,no,Official INDY NXT session report for Indianapolis Grand Prix Race 2 Race.,http://www.imscdn.com/INDYCAR/Documents/6443/2025-05-10/indynxt-race-leaderlapsummary-r2.pdf,1,900ddfcb701b1977f16e33501302742c328980f5ffcccd190d2e433bba0b5681
asset_indy_nxt_2025_6443_results,pdf,Results,link_only,5/10/2025,series_indy_nxt,INDY NXT,2025,event_indy_nxt_2025_5485,Indianapolis Grand Prix Race 2,session_indy_nxt_2025_6443,race,Race,,,no,no,Official INDY NXT session report for Indianapolis Grand Prix Race 2 Race.,http://www.imscdn.com/INDYCAR/Documents/6443/2025-05-10/indynxt-race-results-r2.pdf,1,900ddfcb701b1977f16e33501302742c328980f5ffcccd190d2e433bba0b5681
asset_indy_nxt_2025_6443_section_results,pdf,Section Results,link_only,5/10/2025,series_indy_nxt,INDY NXT,2025,event_indy_nxt_2025_5485,Indianapolis Grand Prix Race 2,session_indy_nxt_2025_6443,race,Race,,,no,no,Official INDY NXT session report for Indianapolis Grand Prix Race 2 Race.,http://www.imscdn.com/INDYCAR/Documents/6443/2025-05-10/indynxt-sectionresults-r2.pdf,1,900ddfcb701b1977f16e33501302742c328980f5ffcccd190d2e433bba0b5681
asset_indy_nxt_2025_6443_top_section_times,pdf,Top Section Times,link_only,5/10/2025,series_indy_nxt,INDY NXT,2025,event_indy_nxt_2025_5485,Indianapolis Grand Prix Race 2,session_indy_nxt_2025_6443,race,Race,,,no,no,Official INDY NXT session report for Indianapolis Grand Prix Race 2 Race.,http://www.imscdn.com/INDYCAR/Documents/6443/2025-05-10/indynxt-topsectiontimes-r2.pdf,1,900ddfcb701b1977f16e33501302742c328980f5ffcccd190d2e433bba0b5681
asset_indy_nxt_2024_6325_box_score,pdf,Box Score,link_only,5/11/2024,series_indy_nxt,INDY NXT,2024,event_indy_nxt_2024_5481,Indianapolis Grand Prix Race 2,session_indy_nxt_2024_6325,race,Race,,,no,no,Official INDY NXT session report for Indianapolis Grand Prix Race 2 Race.,http://www.imscdn.com/INDYCAR/Documents/6325/2024-05-11/indynxt-officialraceresults-r2.pdf,1,900ddfcb701b1977f16e33501302742c328980f5ffcccd190d2e433bba0b5681
asset_indy_nxt_2024_6325_event_summary,pdf,Event Summary,link_only,5/11/2024,series_indy_nxt,INDY NXT,2024,event_indy_nxt_2024_5481,Indianapolis Grand Prix Race 2,session_indy_nxt_2024_6325,race,Race,,,no,no,Official INDY NXT session report for Indianapolis Grand Prix Race 2 Race.,http://www.imscdn.com/INDYCAR/Documents/6325/2024-05-11/indynxt-eventsummary-r2.pdf,1,900ddfcb701b1977f16e33501302742c328980f5ffcccd190d2e433bba0b5681
asset_indy_nxt_2024_6325_lap_chart,pdf,Lap Chart,link_only,5/11/2024,series_indy_nxt,INDY NXT,2024,event_indy_nxt_2024_5481,Indianapolis Grand Prix Race 2,session_indy_nxt_2024_6325,race,Race,,,no,no,Official INDY NXT session report for Indianapolis Grand Prix Race 2 Race.,http://www.imscdn.com/INDYCAR/Documents/6325/2024-05-11/indynxt-race-lapchart-r2.pdf,1,900ddfcb701b1977f16e33501302742c328980f5ffcccd190d2e433bba0b5681
asset_indy_nxt_2024_6325_leader_lap_summary,pdf,Leader Lap Summary,link_only,5/11/2024,series_indy_nxt,INDY NXT,2024,event_indy_nxt_2024_5481,Indianapolis Grand Prix Race 2,session_indy_nxt_2024_6325,race,Race,,,no,no,Official INDY NXT session report for Indianapolis Grand Prix Race 2 Race.,http://www.imscdn.com/INDYCAR/Documents/6325/2024-05-11/indynxt-race-leaderlapsummary-r2.pdf,1,900ddfcb701b1977f16e33501302742c328980f5ffcccd190d2e433bba0b5681
asset_indy_nxt_2024_6325_results,pdf,Results,link_only,5/11/2024,series_indy_nxt,INDY NXT,2024,event_indy_nxt_2024_5481,Indianapolis Grand Prix Race 2,session_indy_nxt_2024_6325,race,Race,,,no,no,Official INDY NXT session report for Indianapolis Grand Prix Race 2 Race.,http://www.imscdn.com/INDYCAR/Documents/6325/2024-05-11/indynxt-race-results-r2.pdf,1,900ddfcb701b1977f16e33501302742c328980f5ffcccd190d2e433bba0b5681
asset_indy_nxt_2024_6325_section_results,pdf,Section Results,link_only,5/11/2024,series_indy_nxt,INDY NXT,2024,event_indy_nxt_2024_5481,Indianapolis Grand Prix Race 2,session_indy_nxt_2024_6325,race,Race,,,no,no,Official INDY NXT session report for Indianapolis Grand Prix Race 2 Race.,http://www.imscdn.com/INDYCAR/Documents/6325/2024-05-11/indynxt-sectionresults-r2.pdf,1,900ddfcb701b1977f16e33501302742c328980f5ffcccd190d2e433bba0b5681
asset_indy_nxt_2024_6325_top_section_times,pdf,Top Section Times,link_only,5/11/2024,series_indy_nxt,INDY NXT,2024,event_indy_nxt_2024_5481,Indianapolis Grand Prix Race 2,session_indy_nxt_2024_6325,race,Race,,,no,no,Official INDY NXT session report for Indianapolis Grand Prix Race 2 Race.,http://www.imscdn.com/INDYCAR/Documents/6325/2024-05-11/indynxt-topsectiontimes-r2.pdf,1,900ddfcb701b1977f16e33501302742c328980f5ffcccd190d2e433bba0b5681
asset_indy_nxt_2025_6611_results,pdf,Results,link_only,5/2/2025,series_indy_nxt,INDY NXT,2025,event_indy_nxt_2025_5487,Grand Prix of Alabama,session_indy_nxt_2025_6611,practice,Practice 1,,,no,no,Official INDY NXT session report for Grand Prix of Alabama Practice 1.,http://www.imscdn.com/INDYCAR/Documents/6611/2025-05-02/indynxt-results-p1.pdf,1,900ddfcb701b1977f16e33501302742c328980f5ffcccd190d2e433bba0b5681
asset_indy_nxt_2025_6611_section_results,pdf,Section Results,link_only,5/2/2025,series_indy_nxt,INDY NXT,2025,event_indy_nxt_2025_5487,Grand Prix of Alabama,session_indy_nxt_2025_6611,practice,Practice 1,,,no,no,Official INDY NXT session report for Grand Prix of Alabama Practice 1.,http://www.imscdn.com/INDYCAR/Documents/6611/2025-05-02/indynxt-sectionresults-p1.pdf,1,900ddfcb701b1977f16e33501302742c328980f5ffcccd190d2e433bba0b5681
asset_indy_nxt_2025_6611_top_section_times,pdf,Top Section Times,link_only,5/2/2025,series_indy_nxt,INDY NXT,2025,event_indy_nxt_2025_5487,Grand Prix of Alabama,session_indy_nxt_2025_6611,practice,Practice 1,,,no,no,Official INDY NXT session report for Grand Prix of Alabama Practice 1.,http://www.imscdn.com/INDYCAR/Documents/6611/2025-05-02/indynxt-topsectiontimes-p1.pdf,1,900ddfcb701b1977f16e33501302742c328980f5ffcccd190d2e433bba0b5681
asset_indy_nxt_2026_6850_results,pdf,Results,link_only,5/29/2026,series_indy_nxt,INDY NXT,2026,event_indy_nxt_2026_5532,Detroit Grand Prix,session_indy_nxt_2026_6850,practice,Practice 1,,,no,no,Official INDY NXT session report for Detroit Grand Prix Practice 1.,http://www.imscdn.com/INDYCAR/Documents/5532/6850/indynxt-results-p1.pdf,1,900ddfcb701b1977f16e33501302742c328980f5ffcccd190d2e433bba0b5681
asset_indy_nxt_2026_6850_section_results,pdf,Section Results,link_only,5/29/2026,series_indy_nxt,INDY NXT,2026,event_indy_nxt_2026_5532,Detroit Grand Prix,session_indy_nxt_2026_6850,practice,Practice 1,,,no,no,Official INDY NXT session report for Detroit Grand Prix Practice 1.,http://www.imscdn.com/INDYCAR/Documents/5532/6850/indynxt-sectionresults-p1.pdf,1,900ddfcb701b1977f16e33501302742c328980f5ffcccd190d2e433bba0b5681
asset_indy_nxt_2026_6850_top_section_times,pdf,Top Section Times,link_only,5/29/2026,series_indy_nxt,INDY NXT,2026,event_indy_nxt_2026_5532,Detroit Grand Prix,session_indy_nxt_2026_6850,practice,Practice 1,,,no,no,Official INDY NXT session report for Detroit Grand Prix Practice 1.,http://www.imscdn.com/INDYCAR/Documents/5532/6850/indynxt-topsectiontimes-p1.pdf,1,900ddfcb701b1977f16e33501302742c328980f5ffcccd190d2e433bba0b5681
asset_indy_nxt_2025_6592_overall_results,pdf,Overall Results,link_only,5/3/2025,series_indy_nxt,INDY NXT,2025,event_indy_nxt_2025_5487,Grand Prix of Alabama,session_indy_nxt_2025_6592,qualifying,Combined Qualifications,,,no,no,Official INDY NXT session report for Grand Prix of Alabama Combined Qualifications.,http://www.imscdn.com/INDYCAR/Documents/6592/2025-05-03/indynxt-results-quals.pdf,1,900ddfcb701b1977f16e33501302742c328980f5ffcccd190d2e433bba0b5681
asset_indy_nxt_2025_6612_combined_results,pdf,Combined Results,link_only,5/3/2025,series_indy_nxt,INDY NXT,2025,event_indy_nxt_2025_5487,Grand Prix of Alabama,session_indy_nxt_2025_6612,practice,Practice 2,,,no,no,Official INDY NXT session report for Grand Prix of Alabama Practice 2.,http://www.imscdn.com/INDYCAR/Documents/6612/2025-05-03/indynxt-results-pcomb-p2.pdf,1,900ddfcb701b1977f16e33501302742c328980f5ffcccd190d2e433bba0b5681
asset_indy_nxt_2025_6612_results,pdf,Results,link_only,5/3/2025,series_indy_nxt,INDY NXT,2025,event_indy_nxt_2025_5487,Grand Prix of Alabama,session_indy_nxt_2025_6612,practice,Practice 2,,,no,no,Official INDY NXT session report for Grand Prix of Alabama Practice 2.,http://www.imscdn.com/INDYCAR/Documents/6612/2025-05-03/indynxt-results-p2.pdf,1,900ddfcb701b1977f16e33501302742c328980f5ffcccd190d2e433bba0b5681
asset_indy_nxt_2025_6612_section_results,pdf,Section Results,link_only,5/3/2025,series_indy_nxt,INDY NXT,2025,event_indy_nxt_2025_5487,Grand Prix of Alabama,session_indy_nxt_2025_6612,practice,Practice 2,,,no,no,Official INDY NXT session report for Grand Prix of Alabama Practice 2.,http://www.imscdn.com/INDYCAR/Documents/6612/2025-05-03/indynxt-sectionresults-p2.pdf,1,900ddfcb701b1977f16e33501302742c328980f5ffcccd190d2e433bba0b5681
asset_indy_nxt_2025_6612_top_section_times,pdf,Top Section Times,link_only,5/3/2025,series_indy_nxt,INDY NXT,2025,event_indy_nxt_2025_5487,Grand Prix of Alabama,session_indy_nxt_2025_6612,practice,Practice 2,,,no,no,Official INDY NXT session report for Grand Prix of Alabama Practice 2.,http://www.imscdn.com/INDYCAR/Documents/6612/2025-05-03/indynxt-topsectiontimes-p2.pdf,1,900ddfcb701b1977f16e33501302742c328980f5ffcccd190d2e433bba0b5681
asset_indy_nxt_2025_6613_overall_results,pdf,Overall Results,link_only,5/3/2025,series_indy_nxt,INDY NXT,2025,event_indy_nxt_2025_5487,Grand Prix of Alabama,session_indy_nxt_2025_6613,qualifying,Qualifications - Group 1,,,no,no,Official INDY NXT session report for Grand Prix of Alabama Qualifications - Group 1.,http://www.imscdn.com/INDYCAR/Documents/6613/2025-05-03/indynxt-results-quals.pdf,1,900ddfcb701b1977f16e33501302742c328980f5ffcccd190d2e433bba0b5681
asset_indy_nxt_2025_6613_results,pdf,Results,link_only,5/3/2025,series_indy_nxt,INDY NXT,2025,event_indy_nxt_2025_5487,Grand Prix of Alabama,session_indy_nxt_2025_6613,qualifying,Qualifications - Group 1,,,no,no,Official INDY NXT session report for Grand Prix of Alabama Qualifications - Group 1.,http://www.imscdn.com/INDYCAR/Documents/6613/2025-05-03/indynxt-results-quals-g1.pdf,1,900ddfcb701b1977f16e33501302742c328980f5ffcccd190d2e433bba0b5681
asset_indy_nxt_2025_6613_section_results,pdf,Section Results,link_only,5/3/2025,series_indy_nxt,INDY NXT,2025,event_indy_nxt_2025_5487,Grand Prix of Alabama,session_indy_nxt_2025_6613,qualifying,Qualifications - Group 1,,,no,no,Official INDY NXT session report for Grand Prix of Alabama Qualifications - Group 1.,http://www.imscdn.com/INDYCAR/Documents/6613/2025-05-03/indynxt-sectionresults-quals-g1.pdf,1,900ddfcb701b1977f16e33501302742c328980f5ffcccd190d2e433bba0b5681
asset_indy_nxt_2025_6613_top_section_times,pdf,Top Section Times,link_only,5/3/2025,series_indy_nxt,INDY NXT,2025,event_indy_nxt_2025_5487,Grand Prix of Alabama,session_indy_nxt_2025_6613,qualifying,Qualifications - Group 1,,,no,no,Official INDY NXT session report for Grand Prix of Alabama Qualifications - Group 1.,http://www.imscdn.com/INDYCAR/Documents/6613/2025-05-03/indynxt-topsectiontimes-quals-g1.pdf,1,900ddfcb701b1977f16e33501302742c328980f5ffcccd190d2e433bba0b5681
asset_indy_nxt_2025_6614_overall_results,pdf,Overall Results,link_only,5/3/2025,series_indy_nxt,INDY NXT,2025,event_indy_nxt_2025_5487,Grand Prix of Alabama,session_indy_nxt_2025_6614,qualifying,Qualifications - Group 2,,,no,no,Official INDY NXT session report for Grand Prix of Alabama Qualifications - Group 2.,http://www.imscdn.com/INDYCAR/Documents/6614/2025-05-03/indynxt-results-quals.pdf,1,900ddfcb701b1977f16e33501302742c328980f5ffcccd190d2e433bba0b5681
asset_indy_nxt_2025_6614_results,pdf,Results,link_only,5/3/2025,series_indy_nxt,INDY NXT,2025,event_indy_nxt_2025_5487,Grand Prix of Alabama,session_indy_nxt_2025_6614,qualifying,Qualifications - Group 2,,,no,no,Official INDY NXT session report for Grand Prix of Alabama Qualifications - Group 2.,http://www.imscdn.com/INDYCAR/Documents/6614/2025-05-03/indynxt-results-quals-g2.pdf,1,900ddfcb701b1977f16e33501302742c328980f5ffcccd190d2e433bba0b5681
asset_indy_nxt_2025_6614_section_results,pdf,Section Results,link_only,5/3/2025,series_indy_nxt,INDY NXT,2025,event_indy_nxt_2025_5487,Grand Prix of Alabama,session_indy_nxt_2025_6614,qualifying,Qualifications - Group 2,,,no,no,Official INDY NXT session report for Grand Prix of Alabama Qualifications - Group 2.,http://www.imscdn.com/INDYCAR/Documents/6614/2025-05-03/indynxt-sectionresults-quals-g2.pdf,1,900ddfcb701b1977f16e33501302742c328980f5ffcccd190d2e433bba0b5681
asset_indy_nxt_2025_6614_top_section_times,pdf,Top Section Times,link_only,5/3/2025,series_indy_nxt,INDY NXT,2025,event_indy_nxt_2025_5487,Grand Prix of Alabama,session_indy_nxt_2025_6614,qualifying,Qualifications - Group 2,,,no,no,Official INDY NXT session report for Grand Prix of Alabama Qualifications - Group 2.,http://www.imscdn.com/INDYCAR/Documents/6614/2025-05-03/indynxt-topsectiontimes-quals-g2.pdf,1,900ddfcb701b1977f16e33501302742c328980f5ffcccd190d2e433bba0b5681
asset_indy_nxt_2025_6639_combined_results,pdf,Combined Results,link_only,5/30/2025,series_indy_nxt,INDY NXT,2025,event_indy_nxt_2025_5497,Detroit Grand Prix,session_indy_nxt_2025_6639,practice,Practice 1,,,no,no,Official INDY NXT session report for Detroit Grand Prix Practice 1.,http://www.imscdn.com/INDYCAR/Documents/6639/2025-05-30/indynxt-results-p1.pdf,1,900ddfcb701b1977f16e33501302742c328980f5ffcccd190d2e433bba0b5681
asset_indy_nxt_2025_6639_results,pdf,Results,link_only,5/30/2025,series_indy_nxt,INDY NXT,2025,event_indy_nxt_2025_5497,Detroit Grand Prix,session_indy_nxt_2025_6639,practice,Practice 1,,,no,no,Official INDY NXT session report for Detroit Grand Prix Practice 1.,http://www.imscdn.com/INDYCAR/Documents/6639/2025-05-30/indynxt-results-p1.pdf,1,900ddfcb701b1977f16e33501302742c328980f5ffcccd190d2e433bba0b5681
asset_indy_nxt_2025_6639_section_results,pdf,Section Results,link_only,5/30/2025,series_indy_nxt,INDY NXT,2025,event_indy_nxt_2025_5497,Detroit Grand Prix,session_indy_nxt_2025_6639,practice,Practice 1,,,no,no,Official INDY NXT session report for Detroit Grand Prix Practice 1.,http://www.imscdn.com/INDYCAR/Documents/6639/2025-05-30/indynxt-sectionresults-p1.pdf,1,900ddfcb701b1977f16e33501302742c328980f5ffcccd190d2e433bba0b5681
asset_indy_nxt_2025_6639_top_section_times,pdf,Top Section Times,link_only,5/30/2025,series_indy_nxt,INDY NXT,2025,event_indy_nxt_2025_5497,Detroit Grand Prix,session_indy_nxt_2025_6639,practice,Practice 1,,,no,no,Official INDY NXT session report for Detroit Grand Prix Practice 1.,http://www.imscdn.com/INDYCAR/Documents/6639/2025-05-30/indynxt-topsectiontimes-p1.pdf,1,900ddfcb701b1977f16e33501302742c328980f5ffcccd190d2e433bba0b5681
asset_indy_nxt_2026_6851_combined_results,pdf,Combined Results,link_only,5/30/2026,series_indy_nxt,INDY NXT,2026,event_indy_nxt_2026_5532,Detroit Grand Prix,session_indy_nxt_2026_6851,practice,Practice 2,,,no,no,Official INDY NXT session report for Detroit Grand Prix Practice 2.,http://www.imscdn.com/INDYCAR/Documents/5532/6851/indynxt-results-pcomb-p2.pdf,1,900ddfcb701b1977f16e33501302742c328980f5ffcccd190d2e433bba0b5681
asset_indy_nxt_2026_6851_results,pdf,Results,link_only,5/30/2026,series_indy_nxt,INDY NXT,2026,event_indy_nxt_2026_5532,Detroit Grand Prix,session_indy_nxt_2026_6851,practice,Practice 2,,,no,no,Official INDY NXT session report for Detroit Grand Prix Practice 2.,http://www.imscdn.com/INDYCAR/Documents/5532/6851/indynxt-results-p2.pdf,1,900ddfcb701b1977f16e33501302742c328980f5ffcccd190d2e433bba0b5681
asset_indy_nxt_2026_6851_section_results,pdf,Section Results,link_only,5/30/2026,series_indy_nxt,INDY NXT,2026,event_indy_nxt_2026_5532,Detroit Grand Prix,session_indy_nxt_2026_6851,practice,Practice 2,,,no,no,Official INDY NXT session report for Detroit Grand Prix Practice 2.,http://www.imscdn.com/INDYCAR/Documents/5532/6851/indynxt-sectionresults-p2.pdf,1,900ddfcb701b1977f16e33501302742c328980f5ffcccd190d2e433bba0b5681
asset_indy_nxt_2026_6851_top_section_times,pdf,Top Section Times,link_only,5/30/2026,series_indy_nxt,INDY NXT,2026,event_indy_nxt_2026_5532,Detroit Grand Prix,session_indy_nxt_2026_6851,practice,Practice 2,,,no,no,Official INDY NXT session report for Detroit Grand Prix Practice 2.,http://www.imscdn.com/INDYCAR/Documents/5532/6851/indynxt-topsectiontimes-p2.pdf,1,900ddfcb701b1977f16e33501302742c328980f5ffcccd190d2e433bba0b5681
asset_indy_nxt_2026_6852_overall_results,pdf,Overall Results,link_only,5/30/2026,series_indy_nxt,INDY NXT,2026,event_indy_nxt_2026_5532,Detroit Grand Prix,session_indy_nxt_2026_6852,qualifying,Qualifying - Group 1,,,no,no,Official INDY NXT session report for Detroit Grand Prix Qualifying - Group 1.,http://www.imscdn.com/INDYCAR/Documents/5532/6852/indynxt-results-quals.pdf,1,900ddfcb701b1977f16e33501302742c328980f5ffcccd190d2e433bba0b5681
asset_indy_nxt_2026_6852_results,pdf,Results,link_only,5/30/2026,series_indy_nxt,INDY NXT,2026,event_indy_nxt_2026_5532,Detroit Grand Prix,session_indy_nxt_2026_6852,qualifying,Qualifying - Group 1,,,no,no,Official INDY NXT session report for Detroit Grand Prix Qualifying - Group 1.,http://www.imscdn.com/INDYCAR/Documents/5532/6852/indynxt-results-quals-g1.pdf,1,900ddfcb701b1977f16e33501302742c328980f5ffcccd190d2e433bba0b5681
asset_indy_nxt_2026_6852_section_results,pdf,Section Results,link_only,5/30/2026,series_indy_nxt,INDY NXT,2026,event_indy_nxt_2026_5532,Detroit Grand Prix,session_indy_nxt_2026_6852,qualifying,Qualifying - Group 1,,,no,no,Official INDY NXT session report for Detroit Grand Prix Qualifying - Group 1.,http://www.imscdn.com/INDYCAR/Documents/5532/6852/indynxt-sectionresults-quals-g1.pdf,1,900ddfcb701b1977f16e33501302742c328980f5ffcccd190d2e433bba0b5681
asset_indy_nxt_2026_6852_top_section_times,pdf,Top Section Times,link_only,5/30/2026,series_indy_nxt,INDY NXT,2026,event_indy_nxt_2026_5532,Detroit Grand Prix,session_indy_nxt_2026_6852,qualifying,Qualifying - Group 1,,,no,no,Official INDY NXT session report for Detroit Grand Prix Qualifying - Group 1.,http://www.imscdn.com/INDYCAR/Documents/5532/6852/indynxt-topsectiontimes-quals-g1.pdf,1,900ddfcb701b1977f16e33501302742c328980f5ffcccd190d2e433bba0b5681
asset_indy_nxt_2026_6853_overall_results,pdf,Overall Results,link_only,5/30/2026,series_indy_nxt,INDY NXT,2026,event_indy_nxt_2026_5532,Detroit Grand Prix,session_indy_nxt_2026_6853,qualifying,Qualifying - Group 2,,,no,no,Official INDY NXT session report for Detroit Grand Prix Qualifying - Group 2.,http://www.imscdn.com/INDYCAR/Documents/5532/6853/indynxt-results-quals.pdf,1,900ddfcb701b1977f16e33501302742c328980f5ffcccd190d2e433bba0b5681
asset_indy_nxt_2026_6853_results,pdf,Results,link_only,5/30/2026,series_indy_nxt,INDY NXT,2026,event_indy_nxt_2026_5532,Detroit Grand Prix,session_indy_nxt_2026_6853,qualifying,Qualifying - Group 2,,,no,no,Official INDY NXT session report for Detroit Grand Prix Qualifying - Group 2.,http://www.imscdn.com/INDYCAR/Documents/5532/6853/indynxt-results-quals-g2.pdf,1,900ddfcb701b1977f16e33501302742c328980f5ffcccd190d2e433bba0b5681
asset_indy_nxt_2026_6853_section_results,pdf,Section Results,link_only,5/30/2026,series_indy_nxt,INDY NXT,2026,event_indy_nxt_2026_5532,Detroit Grand Prix,session_indy_nxt_2026_6853,qualifying,Qualifying - Group 2,,,no,no,Official INDY NXT session report for Detroit Grand Prix Qualifying - Group 2.,http://www.imscdn.com/INDYCAR/Documents/5532/6853/indynxt-sectionresults-quals-g2.pdf,1,900ddfcb701b1977f16e33501302742c328980f5ffcccd190d2e433bba0b5681
asset_indy_nxt_2026_6853_top_section_times,pdf,Top Section Times,link_only,5/30/2026,series_indy_nxt,INDY NXT,2026,event_indy_nxt_2026_5532,Detroit Grand Prix,session_indy_nxt_2026_6853,qualifying,Qualifying - Group 2,,,no,no,Official INDY NXT session report for Detroit Grand Prix Qualifying - Group 2.,http://www.imscdn.com/INDYCAR/Documents/5532/6853/indynxt-topsectiontimes-quals-g2.pdf,1,900ddfcb701b1977f16e33501302742c328980f5ffcccd190d2e433bba0b5681
asset_indy_nxt_2026_6854_overall_results,pdf,Overall Results,link_only,5/30/2026,series_indy_nxt,INDY NXT,2026,event_indy_nxt_2026_5532,Detroit Grand Prix,session_indy_nxt_2026_6854,qualifying,Combined Qualifying,,,no,no,Official INDY NXT session report for Detroit Grand Prix Combined Qualifying.,http://www.imscdn.com/INDYCAR/Documents/5532/6854/indynxt-results-quals.pdf,1,900ddfcb701b1977f16e33501302742c328980f5ffcccd190d2e433bba0b5681
asset_indy_nxt_2026_6854_results,pdf,Results,link_only,5/30/2026,series_indy_nxt,INDY NXT,2026,event_indy_nxt_2026_5532,Detroit Grand Prix,session_indy_nxt_2026_6854,qualifying,Combined Qualifying,,,no,no,Official INDY NXT session report for Detroit Grand Prix Combined Qualifying.,http://www.imscdn.com/INDYCAR/Documents/5532/6854/indynxt-results-quals.pdf,1,900ddfcb701b1977f16e33501302742c328980f5ffcccd190d2e433bba0b5681
asset_indy_nxt_2024_6391_results,pdf,Results,link_only,5/31/2024,series_indy_nxt,INDY NXT,2024,event_indy_nxt_2024_5482,Detroit Grand Prix,session_indy_nxt_2024_6391,practice,Practice 1,,,no,no,Official INDY NXT session report for Detroit Grand Prix Practice 1.,http://www.imscdn.com/INDYCAR/Documents/6391/2024-05-31/indynxt-results-p1.pdf,1,900ddfcb701b1977f16e33501302742c328980f5ffcccd190d2e433bba0b5681
asset_indy_nxt_2024_6391_section_results,pdf,Section Results,link_only,5/31/2024,series_indy_nxt,INDY NXT,2024,event_indy_nxt_2024_5482,Detroit Grand Prix,session_indy_nxt_2024_6391,practice,Practice 1,,,no,no,Official INDY NXT session report for Detroit Grand Prix Practice 1.,http://www.imscdn.com/INDYCAR/Documents/6391/2024-05-31/indynxt-sectionresults-p1.pdf,1,900ddfcb701b1977f16e33501302742c328980f5ffcccd190d2e433bba0b5681
asset_indy_nxt_2024_6391_top_section_times,pdf,Top Section Times,link_only,5/31/2024,series_indy_nxt,INDY NXT,2024,event_indy_nxt_2024_5482,Detroit Grand Prix,session_indy_nxt_2024_6391,practice,Practice 1,,,no,no,Official INDY NXT session report for Detroit Grand Prix Practice 1.,http://www.imscdn.com/INDYCAR/Documents/6391/2024-05-31/indynxt-topsectiontimes-p1.pdf,1,900ddfcb701b1977f16e33501302742c328980f5ffcccd190d2e433bba0b5681
asset_indy_nxt_2025_6600_overall_results,pdf,Overall Results,link_only,5/31/2025,series_indy_nxt,INDY NXT,2025,event_indy_nxt_2025_5497,Detroit Grand Prix,session_indy_nxt_2025_6600,qualifying,Combined Qualifications,,,no,no,Official INDY NXT session report for Detroit Grand Prix Combined Qualifications.,http://www.imscdn.com/INDYCAR/Documents/6600/2025-05-31/indynxt-results-quals.pdf,1,900ddfcb701b1977f16e33501302742c328980f5ffcccd190d2e433bba0b5681
asset_indy_nxt_2025_6640_combined_results,pdf,Combined Results,link_only,5/31/2025,series_indy_nxt,INDY NXT,2025,event_indy_nxt_2025_5497,Detroit Grand Prix,session_indy_nxt_2025_6640,practice,Practice 2,,,no,no,Official INDY NXT session report for Detroit Grand Prix Practice 2.,http://www.imscdn.com/INDYCAR/Documents/6640/2025-05-31/indynxt-results-pcomb-p2.pdf,1,900ddfcb701b1977f16e33501302742c328980f5ffcccd190d2e433bba0b5681
asset_indy_nxt_2025_6640_results,pdf,Results,link_only,5/31/2025,series_indy_nxt,INDY NXT,2025,event_indy_nxt_2025_5497,Detroit Grand Prix,session_indy_nxt_2025_6640,practice,Practice 2,,,no,no,Official INDY NXT session report for Detroit Grand Prix Practice 2.,http://www.imscdn.com/INDYCAR/Documents/6640/2025-05-31/indynxt-results-p2.pdf,1,900ddfcb701b1977f16e33501302742c328980f5ffcccd190d2e433bba0b5681
asset_indy_nxt_2025_6640_section_results,pdf,Section Results,link_only,5/31/2025,series_indy_nxt,INDY NXT,2025,event_indy_nxt_2025_5497,Detroit Grand Prix,session_indy_nxt_2025_6640,practice,Practice 2,,,no,no,Official INDY NXT session report for Detroit Grand Prix Practice 2.,http://www.imscdn.com/INDYCAR/Documents/6640/2025-05-31/indynxt-sectionresults-p2.pdf,1,900ddfcb701b1977f16e33501302742c328980f5ffcccd190d2e433bba0b5681
asset_indy_nxt_2025_6640_top_section_times,pdf,Top Section Times,link_only,5/31/2025,series_indy_nxt,INDY NXT,2025,event_indy_nxt_2025_5497,Detroit Grand Prix,session_indy_nxt_2025_6640,practice,Practice 2,,,no,no,Official INDY NXT session report for Detroit Grand Prix Practice 2.,http://www.imscdn.com/INDYCAR/Documents/6640/2025-05-31/indynxt-topsectiontimes-p2.pdf,1,900ddfcb701b1977f16e33501302742c328980f5ffcccd190d2e433bba0b5681
asset_indy_nxt_2025_6641_overall_results,pdf,Overall Results,link_only,5/31/2025,series_indy_nxt,INDY NXT,2025,event_indy_nxt_2025_5497,Detroit Grand Prix,session_indy_nxt_2025_6641,qualifying,Qualifications - Group 1,,,no,no,Official INDY NXT session report for Detroit Grand Prix Qualifications - Group 1.,http://www.imscdn.com/INDYCAR/Documents/6641/2025-05-31/indynxt-results-quals.pdf,1,900ddfcb701b1977f16e33501302742c328980f5ffcccd190d2e433bba0b5681
asset_indy_nxt_2025_6641_results,pdf,Results,link_only,5/31/2025,series_indy_nxt,INDY NXT,2025,event_indy_nxt_2025_5497,Detroit Grand Prix,session_indy_nxt_2025_6641,qualifying,Qualifications - Group 1,,,no,no,Official INDY NXT session report for Detroit Grand Prix Qualifications - Group 1.,http://www.imscdn.com/INDYCAR/Documents/6641/2025-05-31/indynxt-results-quals-g1.pdf,1,900ddfcb701b1977f16e33501302742c328980f5ffcccd190d2e433bba0b5681
asset_indy_nxt_2025_6641_section_results,pdf,Section Results,link_only,5/31/2025,series_indy_nxt,INDY NXT,2025,event_indy_nxt_2025_5497,Detroit Grand Prix,session_indy_nxt_2025_6641,qualifying,Qualifications - Group 1,,,no,no,Official INDY NXT session report for Detroit Grand Prix Qualifications - Group 1.,http://www.imscdn.com/INDYCAR/Documents/6641/2025-05-31/indynxt-sectionresults-quals-g1.pdf,1,900ddfcb701b1977f16e33501302742c328980f5ffcccd190d2e433bba0b5681
asset_indy_nxt_2025_6641_top_section_times,pdf,Top Section Times,link_only,5/31/2025,series_indy_nxt,INDY NXT,2025,event_indy_nxt_2025_5497,Detroit Grand Prix,session_indy_nxt_2025_6641,qualifying,Qualifications - Group 1,,,no,no,Official INDY NXT session report for Detroit Grand Prix Qualifications - Group 1.,http://www.imscdn.com/INDYCAR/Documents/6641/2025-05-31/indynxt-topsectiontimes-quals-g1.pdf,1,900ddfcb701b1977f16e33501302742c328980f5ffcccd190d2e433bba0b5681
asset_indy_nxt_2025_6642_overall_results,pdf,Overall Results,link_only,5/31/2025,series_indy_nxt,INDY NXT,2025,event_indy_nxt_2025_5497,Detroit Grand Prix,session_indy_nxt_2025_6642,qualifying,Qualifications - Group 2,,,no,no,Official INDY NXT session report for Detroit Grand Prix Qualifications - Group 2.,http://www.imscdn.com/INDYCAR/Documents/6642/2025-05-31/indynxt-results-quals.pdf,1,900ddfcb701b1977f16e33501302742c328980f5ffcccd190d2e433bba0b5681
asset_indy_nxt_2025_6642_results,pdf,Results,link_only,5/31/2025,series_indy_nxt,INDY NXT,2025,event_indy_nxt_2025_5497,Detroit Grand Prix,session_indy_nxt_2025_6642,qualifying,Qualifications - Group 2,,,no,no,Official INDY NXT session report for Detroit Grand Prix Qualifications - Group 2.,http://www.imscdn.com/INDYCAR/Documents/6642/2025-05-31/indynxt-results-quals-g2.pdf,1,900ddfcb701b1977f16e33501302742c328980f5ffcccd190d2e433bba0b5681
asset_indy_nxt_2025_6642_section_results,pdf,Section Results,link_only,5/31/2025,series_indy_nxt,INDY NXT,2025,event_indy_nxt_2025_5497,Detroit Grand Prix,session_indy_nxt_2025_6642,qualifying,Qualifications - Group 2,,,no,no,Official INDY NXT session report for Detroit Grand Prix Qualifications - Group 2.,http://www.imscdn.com/INDYCAR/Documents/6642/2025-05-31/indynxt-sectionresults-quals-g2.pdf,1,900ddfcb701b1977f16e33501302742c328980f5ffcccd190d2e433bba0b5681
asset_indy_nxt_2025_6642_top_section_times,pdf,Top Section Times,link_only,5/31/2025,series_indy_nxt,INDY NXT,2025,event_indy_nxt_2025_5497,Detroit Grand Prix,session_indy_nxt_2025_6642,qualifying,Qualifications - Group 2,,,no,no,Official INDY NXT session report for Detroit Grand Prix Qualifications - Group 2.,http://www.imscdn.com/INDYCAR/Documents/6642/2025-05-31/indynxt-topsectiontimes-quals-g2.pdf,1,900ddfcb701b1977f16e33501302742c328980f5ffcccd190d2e433bba0b5681
asset_indy_nxt_2026_6749_event_summary,pdf,Event Summary,link_only,5/31/2026,series_indy_nxt,INDY NXT,2026,event_indy_nxt_2026_5532,Detroit Grand Prix,session_indy_nxt_2026_6749,race,Race,,,no,no,Official INDY NXT session report for Detroit Grand Prix Race.,http://www.imscdn.com/INDYCAR/Documents/5532/6749/indynxt-eventsummary.pdf,1,900ddfcb701b1977f16e33501302742c328980f5ffcccd190d2e433bba0b5681
asset_indy_nxt_2026_6749_lap_chart,pdf,Lap Chart,link_only,5/31/2026,series_indy_nxt,INDY NXT,2026,event_indy_nxt_2026_5532,Detroit Grand Prix,session_indy_nxt_2026_6749,race,Race,,,no,no,Official INDY NXT session report for Detroit Grand Prix Race.,http://www.imscdn.com/INDYCAR/Documents/5532/6749/indynxt-race-lapchart.pdf,1,900ddfcb701b1977f16e33501302742c328980f5ffcccd190d2e433bba0b5681
asset_indy_nxt_2026_6749_leader_lap_summary,pdf,Leader Lap Summary,link_only,5/31/2026,series_indy_nxt,INDY NXT,2026,event_indy_nxt_2026_5532,Detroit Grand Prix,session_indy_nxt_2026_6749,race,Race,,,no,no,Official INDY NXT session report for Detroit Grand Prix Race.,http://www.imscdn.com/INDYCAR/Documents/5532/6749/indynxt-race-leaderlapsummary.pdf,1,900ddfcb701b1977f16e33501302742c328980f5ffcccd190d2e433bba0b5681
asset_indy_nxt_2026_6749_results,pdf,Results,link_only,5/31/2026,series_indy_nxt,INDY NXT,2026,event_indy_nxt_2026_5532,Detroit Grand Prix,session_indy_nxt_2026_6749,race,Race,,,no,no,Official INDY NXT session report for Detroit Grand Prix Race.,http://www.imscdn.com/INDYCAR/Documents/5532/6749/indynxt-race-results.pdf,1,900ddfcb701b1977f16e33501302742c328980f5ffcccd190d2e433bba0b5681
asset_indy_nxt_2026_6749_section_results,pdf,Section Results,link_only,5/31/2026,series_indy_nxt,INDY NXT,2026,event_indy_nxt_2026_5532,Detroit Grand Prix,session_indy_nxt_2026_6749,race,Race,,,no,no,Official INDY NXT session report for Detroit Grand Prix Race.,http://www.imscdn.com/INDYCAR/Documents/5532/6749/indynxt-sectionresults-race.pdf,1,900ddfcb701b1977f16e33501302742c328980f5ffcccd190d2e433bba0b5681
asset_indy_nxt_2026_6749_top_section_times,pdf,Top Section Times,link_only,5/31/2026,series_indy_nxt,INDY NXT,2026,event_indy_nxt_2026_5532,Detroit Grand Prix,session_indy_nxt_2026_6749,race,Race,,,no,no,Official INDY NXT session report for Detroit Grand Prix Race.,http://www.imscdn.com/INDYCAR/Documents/5532/6749/indynxt-topsectiontimes-race.pdf,1,900ddfcb701b1977f16e33501302742c328980f5ffcccd190d2e433bba0b5681
asset_indy_nxt_2025_6445_event_summary,pdf,Event Summary,link_only,5/4/2025,series_indy_nxt,INDY NXT,2025,event_indy_nxt_2025_5487,Grand Prix of Alabama,session_indy_nxt_2025_6445,race,Race,,,no,no,Official INDY NXT session report for Grand Prix of Alabama Race.,http://www.imscdn.com/INDYCAR/Documents/6445/2025-05-04/indynxt-eventsummary.pdf,1,900ddfcb701b1977f16e33501302742c328980f5ffcccd190d2e433bba0b5681
asset_indy_nxt_2025_6445_lap_chart,pdf,Lap Chart,link_only,5/4/2025,series_indy_nxt,INDY NXT,2025,event_indy_nxt_2025_5487,Grand Prix of Alabama,session_indy_nxt_2025_6445,race,Race,,,no,no,Official INDY NXT session report for Grand Prix of Alabama Race.,http://www.imscdn.com/INDYCAR/Documents/6445/2025-05-04/indynxt-race-lapchart.pdf,1,900ddfcb701b1977f16e33501302742c328980f5ffcccd190d2e433bba0b5681
asset_indy_nxt_2025_6445_leader_lap_summary,pdf,Leader Lap Summary,link_only,5/4/2025,series_indy_nxt,INDY NXT,2025,event_indy_nxt_2025_5487,Grand Prix of Alabama,session_indy_nxt_2025_6445,race,Race,,,no,no,Official INDY NXT session report for Grand Prix of Alabama Race.,http://www.imscdn.com/INDYCAR/Documents/6445/2025-05-04/indynxt-race-leaderlapsummary.pdf,1,900ddfcb701b1977f16e33501302742c328980f5ffcccd190d2e433bba0b5681
asset_indy_nxt_2025_6445_results,pdf,Results,link_only,5/4/2025,series_indy_nxt,INDY NXT,2025,event_indy_nxt_2025_5487,Grand Prix of Alabama,session_indy_nxt_2025_6445,race,Race,,,no,no,Official INDY NXT session report for Grand Prix of Alabama Race.,http://www.imscdn.com/INDYCAR/Documents/6445/2025-05-04/indynxt-race-results.pdf,1,900ddfcb701b1977f16e33501302742c328980f5ffcccd190d2e433bba0b5681
asset_indy_nxt_2025_6445_section_results,pdf,Section Results,link_only,5/4/2025,series_indy_nxt,INDY NXT,2025,event_indy_nxt_2025_5487,Grand Prix of Alabama,session_indy_nxt_2025_6445,race,Race,,,no,no,Official INDY NXT session report for Grand Prix of Alabama Race.,http://www.imscdn.com/INDYCAR/Documents/6445/2025-05-04/indynxt-sectionresults-race.pdf,1,900ddfcb701b1977f16e33501302742c328980f5ffcccd190d2e433bba0b5681
asset_indy_nxt_2025_6445_top_section_times,pdf,Top Section Times,link_only,5/4/2025,series_indy_nxt,INDY NXT,2025,event_indy_nxt_2025_5487,Grand Prix of Alabama,session_indy_nxt_2025_6445,race,Race,,,no,no,Official INDY NXT session report for Grand Prix of Alabama Race.,http://www.imscdn.com/INDYCAR/Documents/6445/2025-05-04/indynxt-topsectiontimes-race.pdf,1,900ddfcb701b1977f16e33501302742c328980f5ffcccd190d2e433bba0b5681
asset_indy_nxt_2026_6756_box_score,pdf,Box Score,link_only,5/8/2026,series_indy_nxt,INDY NXT,2026,event_indy_nxt_2026_5539,Indianapolis Grand Prix Race 1,session_indy_nxt_2026_6756,race,Race,,,no,no,Official INDY NXT session report for Indianapolis Grand Prix Race 1 Race.,http://www.imscdn.com/INDYCAR/Documents/5539/6756/indynxt-race-results-r1.pdf,1,900ddfcb701b1977f16e33501302742c328980f5ffcccd190d2e433bba0b5681
asset_indy_nxt_2026_6756_event_summary,pdf,Event Summary,link_only,5/8/2026,series_indy_nxt,INDY NXT,2026,event_indy_nxt_2026_5539,Indianapolis Grand Prix Race 1,session_indy_nxt_2026_6756,race,Race,,,no,no,Official INDY NXT session report for Indianapolis Grand Prix Race 1 Race.,http://www.imscdn.com/INDYCAR/Documents/5539/6756/indynxt-eventsummary-r1.pdf,1,900ddfcb701b1977f16e33501302742c328980f5ffcccd190d2e433bba0b5681
asset_indy_nxt_2026_6756_lap_chart,pdf,Lap Chart,link_only,5/8/2026,series_indy_nxt,INDY NXT,2026,event_indy_nxt_2026_5539,Indianapolis Grand Prix Race 1,session_indy_nxt_2026_6756,race,Race,,,no,no,Official INDY NXT session report for Indianapolis Grand Prix Race 1 Race.,http://www.imscdn.com/INDYCAR/Documents/5539/6756/indynxt-race-lapchart-r1.pdf,1,900ddfcb701b1977f16e33501302742c328980f5ffcccd190d2e433bba0b5681
asset_indy_nxt_2026_6756_leader_lap_summary,pdf,Leader Lap Summary,link_only,5/8/2026,series_indy_nxt,INDY NXT,2026,event_indy_nxt_2026_5539,Indianapolis Grand Prix Race 1,session_indy_nxt_2026_6756,race,Race,,,no,no,Official INDY NXT session report for Indianapolis Grand Prix Race 1 Race.,http://www.imscdn.com/INDYCAR/Documents/5539/6756/indynxt-race-leaderlapsummary-r1.pdf,1,900ddfcb701b1977f16e33501302742c328980f5ffcccd190d2e433bba0b5681
asset_indy_nxt_2026_6756_results,pdf,Results,link_only,5/8/2026,series_indy_nxt,INDY NXT,2026,event_indy_nxt_2026_5539,Indianapolis Grand Prix Race 1,session_indy_nxt_2026_6756,race,Race,,,no,no,Official INDY NXT session report for Indianapolis Grand Prix Race 1 Race.,http://www.imscdn.com/INDYCAR/Documents/5539/6756/indynxt-race-results-r1.pdf,1,900ddfcb701b1977f16e33501302742c328980f5ffcccd190d2e433bba0b5681
asset_indy_nxt_2026_6756_section_results,pdf,Section Results,link_only,5/8/2026,series_indy_nxt,INDY NXT,2026,event_indy_nxt_2026_5539,Indianapolis Grand Prix Race 1,session_indy_nxt_2026_6756,race,Race,,,no,no,Official INDY NXT session report for Indianapolis Grand Prix Race 1 Race.,http://www.imscdn.com/INDYCAR/Documents/5539/6756/indynxt-sectionresults-r1.pdf,1,900ddfcb701b1977f16e33501302742c328980f5ffcccd190d2e433bba0b5681
asset_indy_nxt_2026_6756_top_section_times,pdf,Top Section Times,link_only,5/8/2026,series_indy_nxt,INDY NXT,2026,event_indy_nxt_2026_5539,Indianapolis Grand Prix Race 1,session_indy_nxt_2026_6756,race,Race,,,no,no,Official INDY NXT session report for Indianapolis Grand Prix Race 1 Race.,http://www.imscdn.com/INDYCAR/Documents/5539/6756/indynxt-topsectiontimes-r1.pdf,1,900ddfcb701b1977f16e33501302742c328980f5ffcccd190d2e433bba0b5681
asset_indy_nxt_2026_6828_results,pdf,Results,link_only,5/8/2026,series_indy_nxt,INDY NXT,2026,event_indy_nxt_2026_5539,Indianapolis Grand Prix Race 1,session_indy_nxt_2026_6828,practice,Practice,,,no,no,Official INDY NXT session report for Indianapolis Grand Prix Race 1 Practice.,http://www.imscdn.com/INDYCAR/Documents/5539/6828/indynxt-results-p1.pdf,1,900ddfcb701b1977f16e33501302742c328980f5ffcccd190d2e433bba0b5681
asset_indy_nxt_2026_6828_section_results,pdf,Section Results,link_only,5/8/2026,series_indy_nxt,INDY NXT,2026,event_indy_nxt_2026_5539,Indianapolis Grand Prix Race 1,session_indy_nxt_2026_6828,practice,Practice,,,no,no,Official INDY NXT session report for Indianapolis Grand Prix Race 1 Practice.,http://www.imscdn.com/INDYCAR/Documents/5539/6828/indynxt-sectionresults-p1.pdf,1,900ddfcb701b1977f16e33501302742c328980f5ffcccd190d2e433bba0b5681
asset_indy_nxt_2026_6828_top_section_times,pdf,Top Section Times,link_only,5/8/2026,series_indy_nxt,INDY NXT,2026,event_indy_nxt_2026_5539,Indianapolis Grand Prix Race 1,session_indy_nxt_2026_6828,practice,Practice,,,no,no,Official INDY NXT session report for Indianapolis Grand Prix Race 1 Practice.,http://www.imscdn.com/INDYCAR/Documents/5539/6828/indynxt-topsectiontimes-p1.pdf,1,900ddfcb701b1977f16e33501302742c328980f5ffcccd190d2e433bba0b5681
asset_indy_nxt_2026_6829_overall_results,pdf,Overall Results,link_only,5/8/2026,series_indy_nxt,INDY NXT,2026,event_indy_nxt_2026_5539,Indianapolis Grand Prix Race 1,session_indy_nxt_2026_6829,qualifying,Combined Qualifying - Race 1,,,no,no,Official INDY NXT session report for Indianapolis Grand Prix Race 1 Combined Qualifying - Race 1.,http://www.imscdn.com/INDYCAR/Documents/5539/6829/indynxt-results-quals-r1.pdf,1,900ddfcb701b1977f16e33501302742c328980f5ffcccd190d2e433bba0b5681
asset_indy_nxt_2026_6829_results,pdf,Results,link_only,5/8/2026,series_indy_nxt,INDY NXT,2026,event_indy_nxt_2026_5539,Indianapolis Grand Prix Race 1,session_indy_nxt_2026_6829,qualifying,Combined Qualifying - Race 1,,,no,no,Official INDY NXT session report for Indianapolis Grand Prix Race 1 Combined Qualifying - Race 1.,http://www.imscdn.com/INDYCAR/Documents/5539/6829/indynxt-results-quals-r1.pdf,1,900ddfcb701b1977f16e33501302742c328980f5ffcccd190d2e433bba0b5681
asset_indy_nxt_2026_6830_overall_results,pdf,Overall Results,link_only,5/8/2026,series_indy_nxt,INDY NXT,2026,event_indy_nxt_2026_5539,Indianapolis Grand Prix Race 1,session_indy_nxt_2026_6830,qualifying,Qualifying - Race 1 Group 2,,,no,no,Official INDY NXT session report for Indianapolis Grand Prix Race 1 Qualifying - Race 1 Group 2.,http://www.imscdn.com/INDYCAR/Documents/5539/6830/indynxt-results-quals-r1.pdf,1,900ddfcb701b1977f16e33501302742c328980f5ffcccd190d2e433bba0b5681
asset_indy_nxt_2026_6830_results,pdf,Results,link_only,5/8/2026,series_indy_nxt,INDY NXT,2026,event_indy_nxt_2026_5539,Indianapolis Grand Prix Race 1,session_indy_nxt_2026_6830,qualifying,Qualifying - Race 1 Group 2,,,no,no,Official INDY NXT session report for Indianapolis Grand Prix Race 1 Qualifying - Race 1 Group 2.,http://www.imscdn.com/INDYCAR/Documents/5539/6830/indynxt-results-quals-g2r1.pdf,1,900ddfcb701b1977f16e33501302742c328980f5ffcccd190d2e433bba0b5681
asset_indy_nxt_2026_6830_section_results,pdf,Section Results,link_only,5/8/2026,series_indy_nxt,INDY NXT,2026,event_indy_nxt_2026_5539,Indianapolis Grand Prix Race 1,session_indy_nxt_2026_6830,qualifying,Qualifying - Race 1 Group 2,,,no,no,Official INDY NXT session report for Indianapolis Grand Prix Race 1 Qualifying - Race 1 Group 2.,http://www.imscdn.com/INDYCAR/Documents/5539/6830/indynxt-sectionresults-quals-g2.pdf,1,900ddfcb701b1977f16e33501302742c328980f5ffcccd190d2e433bba0b5681
asset_indy_nxt_2026_6830_top_section_times,pdf,Top Section Times,link_only,5/8/2026,series_indy_nxt,INDY NXT,2026,event_indy_nxt_2026_5539,Indianapolis Grand Prix Race 1,session_indy_nxt_2026_6830,qualifying,Qualifying - Race 1 Group 2,,,no,no,Official INDY NXT session report for Indianapolis Grand Prix Race 1 Qualifying - Race 1 Group 2.,http://www.imscdn.com/INDYCAR/Documents/5539/6830/indynxt-topsectiontimes-quals-g2.pdf,1,900ddfcb701b1977f16e33501302742c328980f5ffcccd190d2e433bba0b5681
asset_indy_nxt_2026_6831_overall_results,pdf,Overall Results,link_only,5/8/2026,series_indy_nxt,INDY NXT,2026,event_indy_nxt_2026_5539,Indianapolis Grand Prix Race 1,session_indy_nxt_2026_6831,qualifying,Qualifying - Race 1 Group 1,,,no,no,Official INDY NXT session report for Indianapolis Grand Prix Race 1 Qualifying - Race 1 Group 1.,http://www.imscdn.com/INDYCAR/Documents/5539/6831/indynxt-results-quals-r1.pdf,1,900ddfcb701b1977f16e33501302742c328980f5ffcccd190d2e433bba0b5681
asset_indy_nxt_2026_6831_results,pdf,Results,link_only,5/8/2026,series_indy_nxt,INDY NXT,2026,event_indy_nxt_2026_5539,Indianapolis Grand Prix Race 1,session_indy_nxt_2026_6831,qualifying,Qualifying - Race 1 Group 1,,,no,no,Official INDY NXT session report for Indianapolis Grand Prix Race 1 Qualifying - Race 1 Group 1.,http://www.imscdn.com/INDYCAR/Documents/5539/6831/indynxt-results-quals-g1r1.pdf,1,900ddfcb701b1977f16e33501302742c328980f5ffcccd190d2e433bba0b5681
asset_indy_nxt_2026_6831_section_results,pdf,Section Results,link_only,5/8/2026,series_indy_nxt,INDY NXT,2026,event_indy_nxt_2026_5539,Indianapolis Grand Prix Race 1,session_indy_nxt_2026_6831,qualifying,Qualifying - Race 1 Group 1,,,no,no,Official INDY NXT session report for Indianapolis Grand Prix Race 1 Qualifying - Race 1 Group 1.,http://www.imscdn.com/INDYCAR/Documents/5539/6831/indynxt-sectionresults-quals-g1.pdf,1,900ddfcb701b1977f16e33501302742c328980f5ffcccd190d2e433bba0b5681
asset_indy_nxt_2026_6831_top_section_times,pdf,Top Section Times,link_only,5/8/2026,series_indy_nxt,INDY NXT,2026,event_indy_nxt_2026_5539,Indianapolis Grand Prix Race 1,session_indy_nxt_2026_6831,qualifying,Qualifying - Race 1 Group 1,,,no,no,Official INDY NXT session report for Indianapolis Grand Prix Race 1 Qualifying - Race 1 Group 1.,http://www.imscdn.com/INDYCAR/Documents/5539/6831/indynxt-topsectiontimes-quals-g1.pdf,1,900ddfcb701b1977f16e33501302742c328980f5ffcccd190d2e433bba0b5681
asset_indy_nxt_2026_6832_overall_results,pdf,Overall Results,link_only,5/8/2026,series_indy_nxt,INDY NXT,2026,event_indy_nxt_2026_5548,Indianapolis Grand Prix Race 2,session_indy_nxt_2026_6832,qualifying,Combined Qualifying - Race 2,,,no,no,Official INDY NXT session report for Indianapolis Grand Prix Race 2 Combined Qualifying - Race 2.,http://www.imscdn.com/INDYCAR/Documents/5548/6832/indynxt-results-quals-r2.pdf,1,900ddfcb701b1977f16e33501302742c328980f5ffcccd190d2e433bba0b5681
asset_indy_nxt_2026_6832_results,pdf,Results,link_only,5/8/2026,series_indy_nxt,INDY NXT,2026,event_indy_nxt_2026_5548,Indianapolis Grand Prix Race 2,session_indy_nxt_2026_6832,qualifying,Combined Qualifying - Race 2,,,no,no,Official INDY NXT session report for Indianapolis Grand Prix Race 2 Combined Qualifying - Race 2.,http://www.imscdn.com/INDYCAR/Documents/5548/6832/indynxt-results-quals-r2.pdf,1,900ddfcb701b1977f16e33501302742c328980f5ffcccd190d2e433bba0b5681
asset_indy_nxt_2026_6833_overall_results,pdf,Overall Results,link_only,5/8/2026,series_indy_nxt,INDY NXT,2026,event_indy_nxt_2026_5548,Indianapolis Grand Prix Race 2,session_indy_nxt_2026_6833,qualifying,Qualifying - Race 2 Group 1,,,no,no,Official INDY NXT session report for Indianapolis Grand Prix Race 2 Qualifying - Race 2 Group 1.,http://www.imscdn.com/INDYCAR/Documents/5548/6833/indynxt-results-quals-r2.pdf,1,900ddfcb701b1977f16e33501302742c328980f5ffcccd190d2e433bba0b5681
asset_indy_nxt_2026_6833_results,pdf,Results,link_only,5/8/2026,series_indy_nxt,INDY NXT,2026,event_indy_nxt_2026_5548,Indianapolis Grand Prix Race 2,session_indy_nxt_2026_6833,qualifying,Qualifying - Race 2 Group 1,,,no,no,Official INDY NXT session report for Indianapolis Grand Prix Race 2 Qualifying - Race 2 Group 1.,http://www.imscdn.com/INDYCAR/Documents/5548/6833/indynxt-results-quals-g1r2.pdf,1,900ddfcb701b1977f16e33501302742c328980f5ffcccd190d2e433bba0b5681
asset_indy_nxt_2026_6833_section_results,pdf,Section Results,link_only,5/8/2026,series_indy_nxt,INDY NXT,2026,event_indy_nxt_2026_5548,Indianapolis Grand Prix Race 2,session_indy_nxt_2026_6833,qualifying,Qualifying - Race 2 Group 1,,,no,no,Official INDY NXT session report for Indianapolis Grand Prix Race 2 Qualifying - Race 2 Group 1.,http://www.imscdn.com/INDYCAR/Documents/5548/6833/indynxt-sectionresults-quals-g1.pdf,1,900ddfcb701b1977f16e33501302742c328980f5ffcccd190d2e433bba0b5681
asset_indy_nxt_2026_6833_top_section_times,pdf,Top Section Times,link_only,5/8/2026,series_indy_nxt,INDY NXT,2026,event_indy_nxt_2026_5548,Indianapolis Grand Prix Race 2,session_indy_nxt_2026_6833,qualifying,Qualifying - Race 2 Group 1,,,no,no,Official INDY NXT session report for Indianapolis Grand Prix Race 2 Qualifying - Race 2 Group 1.,http://www.imscdn.com/INDYCAR/Documents/5548/6833/indynxt-topsectiontimes-quals-g1.pdf,1,900ddfcb701b1977f16e33501302742c328980f5ffcccd190d2e433bba0b5681
asset_indy_nxt_2026_6834_overall_results,pdf,Overall Results,link_only,5/8/2026,series_indy_nxt,INDY NXT,2026,event_indy_nxt_2026_5548,Indianapolis Grand Prix Race 2,session_indy_nxt_2026_6834,qualifying,Qualifying - Race 2 Group 2,,,no,no,Official INDY NXT session report for Indianapolis Grand Prix Race 2 Qualifying - Race 2 Group 2.,http://www.imscdn.com/INDYCAR/Documents/5548/6834/indynxt-results-quals-r2.pdf,1,900ddfcb701b1977f16e33501302742c328980f5ffcccd190d2e433bba0b5681
asset_indy_nxt_2026_6834_results,pdf,Results,link_only,5/8/2026,series_indy_nxt,INDY NXT,2026,event_indy_nxt_2026_5548,Indianapolis Grand Prix Race 2,session_indy_nxt_2026_6834,qualifying,Qualifying - Race 2 Group 2,,,no,no,Official INDY NXT session report for Indianapolis Grand Prix Race 2 Qualifying - Race 2 Group 2.,http://www.imscdn.com/INDYCAR/Documents/5548/6834/indynxt-results-quals-g2r2.pdf,1,900ddfcb701b1977f16e33501302742c328980f5ffcccd190d2e433bba0b5681
asset_indy_nxt_2026_6834_section_results,pdf,Section Results,link_only,5/8/2026,series_indy_nxt,INDY NXT,2026,event_indy_nxt_2026_5548,Indianapolis Grand Prix Race 2,session_indy_nxt_2026_6834,qualifying,Qualifying - Race 2 Group 2,,,no,no,Official INDY NXT session report for Indianapolis Grand Prix Race 2 Qualifying - Race 2 Group 2.,http://www.imscdn.com/INDYCAR/Documents/5548/6834/indynxt-sectionresults-quals-g2.pdf,1,900ddfcb701b1977f16e33501302742c328980f5ffcccd190d2e433bba0b5681
asset_indy_nxt_2026_6834_top_section_times,pdf,Top Section Times,link_only,5/8/2026,series_indy_nxt,INDY NXT,2026,event_indy_nxt_2026_5548,Indianapolis Grand Prix Race 2,session_indy_nxt_2026_6834,qualifying,Qualifying - Race 2 Group 2,,,no,no,Official INDY NXT session report for Indianapolis Grand Prix Race 2 Qualifying - Race 2 Group 2.,http://www.imscdn.com/INDYCAR/Documents/5548/6834/indynxt-topsectiontimes-quals-g2.pdf,1,900ddfcb701b1977f16e33501302742c328980f5ffcccd190d2e433bba0b5681
asset_indy_nxt_2025_6444_event_summary,pdf,Event Summary,link_only,5/9/2025,series_indy_nxt,INDY NXT,2025,event_indy_nxt_2025_5486,Indianapolis Grand Prix Race 1,session_indy_nxt_2025_6444,race,Race,,,no,no,Official INDY NXT session report for Indianapolis Grand Prix Race 1 Race.,http://www.imscdn.com/INDYCAR/Documents/6444/2025-05-09/indynxt-eventsummary-r1.pdf,1,900ddfcb701b1977f16e33501302742c328980f5ffcccd190d2e433bba0b5681
asset_indy_nxt_2025_6444_lap_chart,pdf,Lap Chart,link_only,5/9/2025,series_indy_nxt,INDY NXT,2025,event_indy_nxt_2025_5486,Indianapolis Grand Prix Race 1,session_indy_nxt_2025_6444,race,Race,,,no,no,Official INDY NXT session report for Indianapolis Grand Prix Race 1 Race.,http://www.imscdn.com/INDYCAR/Documents/6444/2025-05-09/indynxt-race-lapchart-r1.pdf,1,900ddfcb701b1977f16e33501302742c328980f5ffcccd190d2e433bba0b5681
asset_indy_nxt_2025_6444_leader_lap_summary,pdf,Leader Lap Summary,link_only,5/9/2025,series_indy_nxt,INDY NXT,2025,event_indy_nxt_2025_5486,Indianapolis Grand Prix Race 1,session_indy_nxt_2025_6444,race,Race,,,no,no,Official INDY NXT session report for Indianapolis Grand Prix Race 1 Race.,http://www.imscdn.com/INDYCAR/Documents/6444/2025-05-09/indynxt-race-leaderlapsummary-r1.pdf,1,900ddfcb701b1977f16e33501302742c328980f5ffcccd190d2e433bba0b5681
asset_indy_nxt_2025_6444_results,pdf,Results,link_only,5/9/2025,series_indy_nxt,INDY NXT,2025,event_indy_nxt_2025_5486,Indianapolis Grand Prix Race 1,session_indy_nxt_2025_6444,race,Race,,,no,no,Official INDY NXT session report for Indianapolis Grand Prix Race 1 Race.,http://www.imscdn.com/INDYCAR/Documents/6444/2025-05-09/indynxt-race-results-r1.pdf,1,900ddfcb701b1977f16e33501302742c328980f5ffcccd190d2e433bba0b5681
asset_indy_nxt_2025_6444_section_results,pdf,Section Results,link_only,5/9/2025,series_indy_nxt,INDY NXT,2025,event_indy_nxt_2025_5486,Indianapolis Grand Prix Race 1,session_indy_nxt_2025_6444,race,Race,,,no,no,Official INDY NXT session report for Indianapolis Grand Prix Race 1 Race.,http://www.imscdn.com/INDYCAR/Documents/6444/2025-05-09/indynxt-sectionresults-r1.pdf,1,900ddfcb701b1977f16e33501302742c328980f5ffcccd190d2e433bba0b5681
asset_indy_nxt_2025_6444_top_section_times,pdf,Top Section Times,link_only,5/9/2025,series_indy_nxt,INDY NXT,2025,event_indy_nxt_2025_5486,Indianapolis Grand Prix Race 1,session_indy_nxt_2025_6444,race,Race,,,no,no,Official INDY NXT session report for Indianapolis Grand Prix Race 1 Race.,http://www.imscdn.com/INDYCAR/Documents/6444/2025-05-09/indynxt-topsectiontimes-r1.pdf,1,900ddfcb701b1977f16e33501302742c328980f5ffcccd190d2e433bba0b5681
asset_indy_nxt_2025_6590_overall_results,pdf,Overall Results,link_only,5/9/2025,series_indy_nxt,INDY NXT,2025,event_indy_nxt_2025_5485,Indianapolis Grand Prix Race 2,session_indy_nxt_2025_6590,qualifying,Combined Qualifications - Race 2,,,no,no,Official INDY NXT session report for Indianapolis Grand Prix Race 2 Combined Qualifications - Race 2.,http://www.imscdn.com/INDYCAR/Documents/6590/2025-05-09/indynxt-results-quals-r2.pdf,1,900ddfcb701b1977f16e33501302742c328980f5ffcccd190d2e433bba0b5681
asset_indy_nxt_2025_6591_overall_results,pdf,Overall Results,link_only,5/9/2025,series_indy_nxt,INDY NXT,2025,event_indy_nxt_2025_5486,Indianapolis Grand Prix Race 1,session_indy_nxt_2025_6591,qualifying,Combined Qualifications - Race 1,,,no,no,Official INDY NXT session report for Indianapolis Grand Prix Race 1 Combined Qualifications - Race 1.,http://www.imscdn.com/INDYCAR/Documents/6591/2025-05-09/indynxt-results-quals-r1.pdf,1,900ddfcb701b1977f16e33501302742c328980f5ffcccd190d2e433bba0b5681
asset_indy_nxt_2025_6627_combined_results,pdf,Combined Results,link_only,5/9/2025,series_indy_nxt,INDY NXT,2025,event_indy_nxt_2025_5486,Indianapolis Grand Prix Race 1,session_indy_nxt_2025_6627,practice,Practice,,,no,no,Official INDY NXT session report for Indianapolis Grand Prix Race 1 Practice.,http://www.imscdn.com/INDYCAR/Documents/6627/2025-05-09/indynxt-results-p1.pdf,1,900ddfcb701b1977f16e33501302742c328980f5ffcccd190d2e433bba0b5681
asset_indy_nxt_2025_6627_results,pdf,Results,link_only,5/9/2025,series_indy_nxt,INDY NXT,2025,event_indy_nxt_2025_5486,Indianapolis Grand Prix Race 1,session_indy_nxt_2025_6627,practice,Practice,,,no,no,Official INDY NXT session report for Indianapolis Grand Prix Race 1 Practice.,http://www.imscdn.com/INDYCAR/Documents/6627/2025-05-09/indynxt-results-p1.pdf,1,900ddfcb701b1977f16e33501302742c328980f5ffcccd190d2e433bba0b5681
asset_indy_nxt_2025_6627_section_results,pdf,Section Results,link_only,5/9/2025,series_indy_nxt,INDY NXT,2025,event_indy_nxt_2025_5486,Indianapolis Grand Prix Race 1,session_indy_nxt_2025_6627,practice,Practice,,,no,no,Official INDY NXT session report for Indianapolis Grand Prix Race 1 Practice.,http://www.imscdn.com/INDYCAR/Documents/6627/2025-05-09/indynxt-sectionresults-p1.pdf,1,900ddfcb701b1977f16e33501302742c328980f5ffcccd190d2e433bba0b5681
asset_indy_nxt_2025_6627_top_section_times,pdf,Top Section Times,link_only,5/9/2025,series_indy_nxt,INDY NXT,2025,event_indy_nxt_2025_5486,Indianapolis Grand Prix Race 1,session_indy_nxt_2025_6627,practice,Practice,,,no,no,Official INDY NXT session report for Indianapolis Grand Prix Race 1 Practice.,http://www.imscdn.com/INDYCAR/Documents/6627/2025-05-09/indynxt-topsectiontimes-p1.pdf,1,900ddfcb701b1977f16e33501302742c328980f5ffcccd190d2e433bba0b5681
asset_indy_nxt_2025_6628_overall_results,pdf,Overall Results,link_only,5/9/2025,series_indy_nxt,INDY NXT,2025,event_indy_nxt_2025_5486,Indianapolis Grand Prix Race 1,session_indy_nxt_2025_6628,qualifying,Qualifications - Race 1 Group 1,,,no,no,Official INDY NXT session report for Indianapolis Grand Prix Race 1 Qualifications - Race 1 Group 1.,http://www.imscdn.com/INDYCAR/Documents/6628/2025-05-09/indynxt-results-quals-r1.pdf,1,900ddfcb701b1977f16e33501302742c328980f5ffcccd190d2e433bba0b5681
asset_indy_nxt_2025_6628_results,pdf,Results,link_only,5/9/2025,series_indy_nxt,INDY NXT,2025,event_indy_nxt_2025_5486,Indianapolis Grand Prix Race 1,session_indy_nxt_2025_6628,qualifying,Qualifications - Race 1 Group 1,,,no,no,Official INDY NXT session report for Indianapolis Grand Prix Race 1 Qualifications - Race 1 Group 1.,http://www.imscdn.com/INDYCAR/Documents/6628/2025-05-09/indynxt-results-quals-r1.pdf,1,900ddfcb701b1977f16e33501302742c328980f5ffcccd190d2e433bba0b5681
asset_indy_nxt_2025_6628_section_results,pdf,Section Results,link_only,5/9/2025,series_indy_nxt,INDY NXT,2025,event_indy_nxt_2025_5486,Indianapolis Grand Prix Race 1,session_indy_nxt_2025_6628,qualifying,Qualifications - Race 1 Group 1,,,no,no,Official INDY NXT session report for Indianapolis Grand Prix Race 1 Qualifications - Race 1 Group 1.,http://www.imscdn.com/INDYCAR/Documents/6628/2025-05-09/indynxt-sectionresults-quals-g1.pdf,1,900ddfcb701b1977f16e33501302742c328980f5ffcccd190d2e433bba0b5681
asset_indy_nxt_2025_6628_top_section_times,pdf,Top Section Times,link_only,5/9/2025,series_indy_nxt,INDY NXT,2025,event_indy_nxt_2025_5486,Indianapolis Grand Prix Race 1,session_indy_nxt_2025_6628,qualifying,Qualifications - Race 1 Group 1,,,no,no,Official INDY NXT session report for Indianapolis Grand Prix Race 1 Qualifications - Race 1 Group 1.,http://www.imscdn.com/INDYCAR/Documents/6628/2025-05-09/indynxt-topsectiontimes-quals-g1.pdf,1,900ddfcb701b1977f16e33501302742c328980f5ffcccd190d2e433bba0b5681
asset_indy_nxt_2025_6629_overall_results,pdf,Overall Results,link_only,5/9/2025,series_indy_nxt,INDY NXT,2025,event_indy_nxt_2025_5486,Indianapolis Grand Prix Race 1,session_indy_nxt_2025_6629,qualifying,Qualifications - Race 1 Group 2,,,no,no,Official INDY NXT session report for Indianapolis Grand Prix Race 1 Qualifications - Race 1 Group 2.,http://www.imscdn.com/INDYCAR/Documents/6629/2025-05-09/indynxt-results-quals-r1.pdf,1,900ddfcb701b1977f16e33501302742c328980f5ffcccd190d2e433bba0b5681
asset_indy_nxt_2025_6629_results,pdf,Results,link_only,5/9/2025,series_indy_nxt,INDY NXT,2025,event_indy_nxt_2025_5486,Indianapolis Grand Prix Race 1,session_indy_nxt_2025_6629,qualifying,Qualifications - Race 1 Group 2,,,no,no,Official INDY NXT session report for Indianapolis Grand Prix Race 1 Qualifications - Race 1 Group 2.,http://www.imscdn.com/INDYCAR/Documents/6629/2025-05-09/indynxt-results-quals-g2r1.pdf,1,900ddfcb701b1977f16e33501302742c328980f5ffcccd190d2e433bba0b5681
asset_indy_nxt_2025_6629_section_results,pdf,Section Results,link_only,5/9/2025,series_indy_nxt,INDY NXT,2025,event_indy_nxt_2025_5486,Indianapolis Grand Prix Race 1,session_indy_nxt_2025_6629,qualifying,Qualifications - Race 1 Group 2,,,no,no,Official INDY NXT session report for Indianapolis Grand Prix Race 1 Qualifications - Race 1 Group 2.,http://www.imscdn.com/INDYCAR/Documents/6629/2025-05-09/indynxt-sectionresults-quals-g2.pdf,1,900ddfcb701b1977f16e33501302742c328980f5ffcccd190d2e433bba0b5681
asset_indy_nxt_2025_6629_top_section_times,pdf,Top Section Times,link_only,5/9/2025,series_indy_nxt,INDY NXT,2025,event_indy_nxt_2025_5486,Indianapolis Grand Prix Race 1,session_indy_nxt_2025_6629,qualifying,Qualifications - Race 1 Group 2,,,no,no,Official INDY NXT session report for Indianapolis Grand Prix Race 1 Qualifications - Race 1 Group 2.,http://www.imscdn.com/INDYCAR/Documents/6629/2025-05-09/indynxt-topsectiontimes-quals-g2.pdf,1,900ddfcb701b1977f16e33501302742c328980f5ffcccd190d2e433bba0b5681
asset_indy_nxt_2025_6630_overall_results,pdf,Overall Results,link_only,5/9/2025,series_indy_nxt,INDY NXT,2025,event_indy_nxt_2025_5485,Indianapolis Grand Prix Race 2,session_indy_nxt_2025_6630,qualifying,Qualifications - Race 2 Group 1,,,no,no,Official INDY NXT session report for Indianapolis Grand Prix Race 2 Qualifications - Race 2 Group 1.,http://www.imscdn.com/INDYCAR/Documents/6630/2025-05-09/indynxt-results-quals-r2.pdf,1,900ddfcb701b1977f16e33501302742c328980f5ffcccd190d2e433bba0b5681
asset_indy_nxt_2025_6630_results,pdf,Results,link_only,5/9/2025,series_indy_nxt,INDY NXT,2025,event_indy_nxt_2025_5485,Indianapolis Grand Prix Race 2,session_indy_nxt_2025_6630,qualifying,Qualifications - Race 2 Group 1,,,no,no,Official INDY NXT session report for Indianapolis Grand Prix Race 2 Qualifications - Race 2 Group 1.,http://www.imscdn.com/INDYCAR/Documents/6630/2025-05-09/indynxt-results-quals-g1r2.pdf,1,900ddfcb701b1977f16e33501302742c328980f5ffcccd190d2e433bba0b5681
asset_indy_nxt_2025_6630_section_results,pdf,Section Results,link_only,5/9/2025,series_indy_nxt,INDY NXT,2025,event_indy_nxt_2025_5485,Indianapolis Grand Prix Race 2,session_indy_nxt_2025_6630,qualifying,Qualifications - Race 2 Group 1,,,no,no,Official INDY NXT session report for Indianapolis Grand Prix Race 2 Qualifications - Race 2 Group 1.,http://www.imscdn.com/INDYCAR/Documents/6630/2025-05-09/indynxt-sectionresults-quals-g1.pdf,1,900ddfcb701b1977f16e33501302742c328980f5ffcccd190d2e433bba0b5681
asset_indy_nxt_2025_6630_top_section_times,pdf,Top Section Times,link_only,5/9/2025,series_indy_nxt,INDY NXT,2025,event_indy_nxt_2025_5485,Indianapolis Grand Prix Race 2,session_indy_nxt_2025_6630,qualifying,Qualifications - Race 2 Group 1,,,no,no,Official INDY NXT session report for Indianapolis Grand Prix Race 2 Qualifications - Race 2 Group 1.,http://www.imscdn.com/INDYCAR/Documents/6630/2025-05-09/indynxt-topsectiontimes-quals-g1.pdf,1,900ddfcb701b1977f16e33501302742c328980f5ffcccd190d2e433bba0b5681
asset_indy_nxt_2025_6631_overall_results,pdf,Overall Results,link_only,5/9/2025,series_indy_nxt,INDY NXT,2025,event_indy_nxt_2025_5485,Indianapolis Grand Prix Race 2,session_indy_nxt_2025_6631,qualifying,Qualifications - Race 2 Group 2,,,no,no,Official INDY NXT session report for Indianapolis Grand Prix Race 2 Qualifications - Race 2 Group 2.,http://www.imscdn.com/INDYCAR/Documents/6631/2025-05-09/indynxt-results-quals-r2.pdf,1,900ddfcb701b1977f16e33501302742c328980f5ffcccd190d2e433bba0b5681
asset_indy_nxt_2025_6631_results,pdf,Results,link_only,5/9/2025,series_indy_nxt,INDY NXT,2025,event_indy_nxt_2025_5485,Indianapolis Grand Prix Race 2,session_indy_nxt_2025_6631,qualifying,Qualifications - Race 2 Group 2,,,no,no,Official INDY NXT session report for Indianapolis Grand Prix Race 2 Qualifications - Race 2 Group 2.,http://www.imscdn.com/INDYCAR/Documents/6631/2025-05-09/indynxt-results-quals-g2r2.pdf,1,900ddfcb701b1977f16e33501302742c328980f5ffcccd190d2e433bba0b5681
asset_indy_nxt_2025_6631_section_results,pdf,Section Results,link_only,5/9/2025,series_indy_nxt,INDY NXT,2025,event_indy_nxt_2025_5485,Indianapolis Grand Prix Race 2,session_indy_nxt_2025_6631,qualifying,Qualifications - Race 2 Group 2,,,no,no,Official INDY NXT session report for Indianapolis Grand Prix Race 2 Qualifications - Race 2 Group 2.,http://www.imscdn.com/INDYCAR/Documents/6631/2025-05-09/indynxt-sectionresults-quals-g2.pdf,1,900ddfcb701b1977f16e33501302742c328980f5ffcccd190d2e433bba0b5681
asset_indy_nxt_2025_6631_top_section_times,pdf,Top Section Times,link_only,5/9/2025,series_indy_nxt,INDY NXT,2025,event_indy_nxt_2025_5485,Indianapolis Grand Prix Race 2,session_indy_nxt_2025_6631,qualifying,Qualifications - Race 2 Group 2,,,no,no,Official INDY NXT session report for Indianapolis Grand Prix Race 2 Qualifications - Race 2 Group 2.,http://www.imscdn.com/INDYCAR/Documents/6631/2025-05-09/indynxt-topsectiontimes-quals-g2.pdf,1,900ddfcb701b1977f16e33501302742c328980f5ffcccd190d2e433bba0b5681
asset_indy_nxt_2026_6765_box_score,pdf,Box Score,link_only,5/9/2026,series_indy_nxt,INDY NXT,2026,event_indy_nxt_2026_5548,Indianapolis Grand Prix Race 2,session_indy_nxt_2026_6765,race,Race,,,no,no,Official INDY NXT session report for Indianapolis Grand Prix Race 2 Race.,http://www.imscdn.com/INDYCAR/Documents/5548/6765/indynxt-race-results-r2.pdf,1,900ddfcb701b1977f16e33501302742c328980f5ffcccd190d2e433bba0b5681
asset_indy_nxt_2026_6765_event_summary,pdf,Event Summary,link_only,5/9/2026,series_indy_nxt,INDY NXT,2026,event_indy_nxt_2026_5548,Indianapolis Grand Prix Race 2,session_indy_nxt_2026_6765,race,Race,,,no,no,Official INDY NXT session report for Indianapolis Grand Prix Race 2 Race.,http://www.imscdn.com/INDYCAR/Documents/5548/6765/indynxt-eventsummary-r2.pdf,1,900ddfcb701b1977f16e33501302742c328980f5ffcccd190d2e433bba0b5681
asset_indy_nxt_2026_6765_lap_chart,pdf,Lap Chart,link_only,5/9/2026,series_indy_nxt,INDY NXT,2026,event_indy_nxt_2026_5548,Indianapolis Grand Prix Race 2,session_indy_nxt_2026_6765,race,Race,,,no,no,Official INDY NXT session report for Indianapolis Grand Prix Race 2 Race.,http://www.imscdn.com/INDYCAR/Documents/5548/6765/indynxt-race-lapchart-r2.pdf,1,900ddfcb701b1977f16e33501302742c328980f5ffcccd190d2e433bba0b5681
asset_indy_nxt_2026_6765_leader_lap_summary,pdf,Leader Lap Summary,link_only,5/9/2026,series_indy_nxt,INDY NXT,2026,event_indy_nxt_2026_5548,Indianapolis Grand Prix Race 2,session_indy_nxt_2026_6765,race,Race,,,no,no,Official INDY NXT session report for Indianapolis Grand Prix Race 2 Race.,http://www.imscdn.com/INDYCAR/Documents/5548/6765/indynxt-race-leaderlapsummary-r2.pdf,1,900ddfcb701b1977f16e33501302742c328980f5ffcccd190d2e433bba0b5681
asset_indy_nxt_2026_6765_results,pdf,Results,link_only,5/9/2026,series_indy_nxt,INDY NXT,2026,event_indy_nxt_2026_5548,Indianapolis Grand Prix Race 2,session_indy_nxt_2026_6765,race,Race,,,no,no,Official INDY NXT session report for Indianapolis Grand Prix Race 2 Race.,http://www.imscdn.com/INDYCAR/Documents/5548/6765/indynxt-race-results-r2.pdf,1,900ddfcb701b1977f16e33501302742c328980f5ffcccd190d2e433bba0b5681
asset_indy_nxt_2026_6765_section_results,pdf,Section Results,link_only,5/9/2026,series_indy_nxt,INDY NXT,2026,event_indy_nxt_2026_5548,Indianapolis Grand Prix Race 2,session_indy_nxt_2026_6765,race,Race,,,no,no,Official INDY NXT session report for Indianapolis Grand Prix Race 2 Race.,http://www.imscdn.com/INDYCAR/Documents/5548/6765/indynxt-sectionresults-r2.pdf,1,900ddfcb701b1977f16e33501302742c328980f5ffcccd190d2e433bba0b5681
asset_indy_nxt_2026_6765_top_section_times,pdf,Top Section Times,link_only,5/9/2026,series_indy_nxt,INDY NXT,2026,event_indy_nxt_2026_5548,Indianapolis Grand Prix Race 2,session_indy_nxt_2026_6765,race,Race,,,no,no,Official INDY NXT session report for Indianapolis Grand Prix Race 2 Race.,http://www.imscdn.com/INDYCAR/Documents/5548/6765/indynxt-topsectiontimes-r2.pdf,1,900ddfcb701b1977f16e33501302742c328980f5ffcccd190d2e433bba0b5681
asset_indy_nxt_2024_6392_combined_results,pdf,Combined Results,link_only,6/1/2024,series_indy_nxt,INDY NXT,2024,event_indy_nxt_2024_5482,Detroit Grand Prix,session_indy_nxt_2024_6392,practice,Practice 2,,,no,no,Official INDY NXT session report for Detroit Grand Prix Practice 2.,http://www.imscdn.com/INDYCAR/Documents/6392/2024-06-01/indynxt-results-pcomb-p2.pdf,1,900ddfcb701b1977f16e33501302742c328980f5ffcccd190d2e433bba0b5681
asset_indy_nxt_2024_6392_results,pdf,Results,link_only,6/1/2024,series_indy_nxt,INDY NXT,2024,event_indy_nxt_2024_5482,Detroit Grand Prix,session_indy_nxt_2024_6392,practice,Practice 2,,,no,no,Official INDY NXT session report for Detroit Grand Prix Practice 2.,http://www.imscdn.com/INDYCAR/Documents/6392/2024-06-01/indynxt-results-p2.pdf,1,900ddfcb701b1977f16e33501302742c328980f5ffcccd190d2e433bba0b5681
asset_indy_nxt_2024_6392_section_results,pdf,Section Results,link_only,6/1/2024,series_indy_nxt,INDY NXT,2024,event_indy_nxt_2024_5482,Detroit Grand Prix,session_indy_nxt_2024_6392,practice,Practice 2,,,no,no,Official INDY NXT session report for Detroit Grand Prix Practice 2.,http://www.imscdn.com/INDYCAR/Documents/6392/2024-06-01/indynxt-sectionresults-p2.pdf,1,900ddfcb701b1977f16e33501302742c328980f5ffcccd190d2e433bba0b5681
asset_indy_nxt_2024_6392_top_section_times,pdf,Top Section Times,link_only,6/1/2024,series_indy_nxt,INDY NXT,2024,event_indy_nxt_2024_5482,Detroit Grand Prix,session_indy_nxt_2024_6392,practice,Practice 2,,,no,no,Official INDY NXT session report for Detroit Grand Prix Practice 2.,http://www.imscdn.com/INDYCAR/Documents/6392/2024-06-01/indynxt-topsectiontimes-p2.pdf,1,900ddfcb701b1977f16e33501302742c328980f5ffcccd190d2e433bba0b5681
asset_indy_nxt_2024_6393_overall_results,pdf,Overall Results,link_only,6/1/2024,series_indy_nxt,INDY NXT,2024,event_indy_nxt_2024_5482,Detroit Grand Prix,session_indy_nxt_2024_6393,qualifying,Qualifications - Group 1,,,no,no,Official INDY NXT session report for Detroit Grand Prix Qualifications - Group 1.,http://www.imscdn.com/INDYCAR/Documents/6393/2024-06-01/indynxt-results-quals.pdf,1,900ddfcb701b1977f16e33501302742c328980f5ffcccd190d2e433bba0b5681
asset_indy_nxt_2024_6393_results,pdf,Results,link_only,6/1/2024,series_indy_nxt,INDY NXT,2024,event_indy_nxt_2024_5482,Detroit Grand Prix,session_indy_nxt_2024_6393,qualifying,Qualifications - Group 1,,,no,no,Official INDY NXT session report for Detroit Grand Prix Qualifications - Group 1.,http://www.imscdn.com/INDYCAR/Documents/6393/2024-06-01/indynxt-results-quals-g1.pdf,1,900ddfcb701b1977f16e33501302742c328980f5ffcccd190d2e433bba0b5681
asset_indy_nxt_2024_6393_section_results,pdf,Section Results,link_only,6/1/2024,series_indy_nxt,INDY NXT,2024,event_indy_nxt_2024_5482,Detroit Grand Prix,session_indy_nxt_2024_6393,qualifying,Qualifications - Group 1,,,no,no,Official INDY NXT session report for Detroit Grand Prix Qualifications - Group 1.,http://www.imscdn.com/INDYCAR/Documents/6393/2024-06-01/indynxt-sectionresults-quals-g1.pdf,1,900ddfcb701b1977f16e33501302742c328980f5ffcccd190d2e433bba0b5681
asset_indy_nxt_2024_6393_top_section_times,pdf,Top Section Times,link_only,6/1/2024,series_indy_nxt,INDY NXT,2024,event_indy_nxt_2024_5482,Detroit Grand Prix,session_indy_nxt_2024_6393,qualifying,Qualifications - Group 1,,,no,no,Official INDY NXT session report for Detroit Grand Prix Qualifications - Group 1.,http://www.imscdn.com/INDYCAR/Documents/6393/2024-06-01/indynxt-topsectiontimes-quals-g1.pdf,1,900ddfcb701b1977f16e33501302742c328980f5ffcccd190d2e433bba0b5681
asset_indy_nxt_2024_6394_overall_results,pdf,Overall Results,link_only,6/1/2024,series_indy_nxt,INDY NXT,2024,event_indy_nxt_2024_5482,Detroit Grand Prix,session_indy_nxt_2024_6394,qualifying,Qualifications - Group 2,,,no,no,Official INDY NXT session report for Detroit Grand Prix Qualifications - Group 2.,http://www.imscdn.com/INDYCAR/Documents/6394/2024-06-01/indynxt-results-quals.pdf,1,900ddfcb701b1977f16e33501302742c328980f5ffcccd190d2e433bba0b5681
asset_indy_nxt_2024_6394_results,pdf,Results,link_only,6/1/2024,series_indy_nxt,INDY NXT,2024,event_indy_nxt_2024_5482,Detroit Grand Prix,session_indy_nxt_2024_6394,qualifying,Qualifications - Group 2,,,no,no,Official INDY NXT session report for Detroit Grand Prix Qualifications - Group 2.,http://www.imscdn.com/INDYCAR/Documents/6394/2024-06-01/indynxt-results-quals-g2.pdf,1,900ddfcb701b1977f16e33501302742c328980f5ffcccd190d2e433bba0b5681
asset_indy_nxt_2024_6394_section_results,pdf,Section Results,link_only,6/1/2024,series_indy_nxt,INDY NXT,2024,event_indy_nxt_2024_5482,Detroit Grand Prix,session_indy_nxt_2024_6394,qualifying,Qualifications - Group 2,,,no,no,Official INDY NXT session report for Detroit Grand Prix Qualifications - Group 2.,http://www.imscdn.com/INDYCAR/Documents/6394/2024-06-01/indynxt-sectionresults-quals-g2.pdf,1,900ddfcb701b1977f16e33501302742c328980f5ffcccd190d2e433bba0b5681
asset_indy_nxt_2024_6394_top_section_times,pdf,Top Section Times,link_only,6/1/2024,series_indy_nxt,INDY NXT,2024,event_indy_nxt_2024_5482,Detroit Grand Prix,session_indy_nxt_2024_6394,qualifying,Qualifications - Group 2,,,no,no,Official INDY NXT session report for Detroit Grand Prix Qualifications - Group 2.,http://www.imscdn.com/INDYCAR/Documents/6394/2024-06-01/indynxt-topsectiontimes-quals-g2.pdf,1,900ddfcb701b1977f16e33501302742c328980f5ffcccd190d2e433bba0b5681
asset_indy_nxt_2025_6455_event_summary,pdf,Event Summary,link_only,6/1/2025,series_indy_nxt,INDY NXT,2025,event_indy_nxt_2025_5497,Detroit Grand Prix,session_indy_nxt_2025_6455,race,Race,,,no,no,Official INDY NXT session report for Detroit Grand Prix Race.,http://www.imscdn.com/INDYCAR/Documents/6455/2025-06-01/indynxt-eventsummary.pdf,1,900ddfcb701b1977f16e33501302742c328980f5ffcccd190d2e433bba0b5681
asset_indy_nxt_2025_6455_lap_chart,pdf,Lap Chart,link_only,6/1/2025,series_indy_nxt,INDY NXT,2025,event_indy_nxt_2025_5497,Detroit Grand Prix,session_indy_nxt_2025_6455,race,Race,,,no,no,Official INDY NXT session report for Detroit Grand Prix Race.,http://www.imscdn.com/INDYCAR/Documents/6455/2025-06-01/indynxt-race-lapchart.pdf,1,900ddfcb701b1977f16e33501302742c328980f5ffcccd190d2e433bba0b5681
asset_indy_nxt_2025_6455_leader_lap_summary,pdf,Leader Lap Summary,link_only,6/1/2025,series_indy_nxt,INDY NXT,2025,event_indy_nxt_2025_5497,Detroit Grand Prix,session_indy_nxt_2025_6455,race,Race,,,no,no,Official INDY NXT session report for Detroit Grand Prix Race.,http://www.imscdn.com/INDYCAR/Documents/6455/2025-06-01/indynxt-race-leaderlapsummary.pdf,1,900ddfcb701b1977f16e33501302742c328980f5ffcccd190d2e433bba0b5681
asset_indy_nxt_2025_6455_results,pdf,Results,link_only,6/1/2025,series_indy_nxt,INDY NXT,2025,event_indy_nxt_2025_5497,Detroit Grand Prix,session_indy_nxt_2025_6455,race,Race,,,no,no,Official INDY NXT session report for Detroit Grand Prix Race.,http://www.imscdn.com/INDYCAR/Documents/6455/2025-06-01/indynxt-race-results.pdf,1,900ddfcb701b1977f16e33501302742c328980f5ffcccd190d2e433bba0b5681
asset_indy_nxt_2025_6455_section_results,pdf,Section Results,link_only,6/1/2025,series_indy_nxt,INDY NXT,2025,event_indy_nxt_2025_5497,Detroit Grand Prix,session_indy_nxt_2025_6455,race,Race,,,no,no,Official INDY NXT session report for Detroit Grand Prix Race.,http://www.imscdn.com/INDYCAR/Documents/6455/2025-06-01/indynxt-sectionresults-race.pdf,1,900ddfcb701b1977f16e33501302742c328980f5ffcccd190d2e433bba0b5681
asset_indy_nxt_2025_6455_top_section_times,pdf,Top Section Times,link_only,6/1/2025,series_indy_nxt,INDY NXT,2025,event_indy_nxt_2025_5497,Detroit Grand Prix,session_indy_nxt_2025_6455,race,Race,,,no,no,Official INDY NXT session report for Detroit Grand Prix Race.,http://www.imscdn.com/INDYCAR/Documents/6455/2025-06-01/indynxt-topsectiontimes-race.pdf,1,900ddfcb701b1977f16e33501302742c328980f5ffcccd190d2e433bba0b5681
asset_indy_nxt_2025_6599_overall_results,pdf,Overall Results,link_only,6/14/2025,series_indy_nxt,INDY NXT,2025,event_indy_nxt_2025_5496,INDY NXT by Firestone at World Wide Technology Raceway,session_indy_nxt_2025_6599,qualifying,Qualifications,,,no,no,Official INDY NXT session report for INDY NXT by Firestone at World Wide Technology Raceway Qualifications.,http://www.imscdn.com/INDYCAR/Documents/6599/2025-06-14/indynxt-results-quals.pdf,1,900ddfcb701b1977f16e33501302742c328980f5ffcccd190d2e433bba0b5681
asset_indy_nxt_2025_6599_results,pdf,Results,link_only,6/14/2025,series_indy_nxt,INDY NXT,2025,event_indy_nxt_2025_5496,INDY NXT by Firestone at World Wide Technology Raceway,session_indy_nxt_2025_6599,qualifying,Qualifications,,,no,no,Official INDY NXT session report for INDY NXT by Firestone at World Wide Technology Raceway Qualifications.,http://www.imscdn.com/INDYCAR/Documents/6599/2025-06-14/indynxt-results-quals.pdf,1,900ddfcb701b1977f16e33501302742c328980f5ffcccd190d2e433bba0b5681
asset_indy_nxt_2025_6599_section_results,pdf,Section Results,link_only,6/14/2025,series_indy_nxt,INDY NXT,2025,event_indy_nxt_2025_5496,INDY NXT by Firestone at World Wide Technology Raceway,session_indy_nxt_2025_6599,qualifying,Qualifications,,,no,no,Official INDY NXT session report for INDY NXT by Firestone at World Wide Technology Raceway Qualifications.,http://www.imscdn.com/INDYCAR/Documents/6599/2025-06-14/indynxt-sectionresults-quals.pdf,1,900ddfcb701b1977f16e33501302742c328980f5ffcccd190d2e433bba0b5681
asset_indy_nxt_2025_6599_top_section_times,pdf,Top Section Times,link_only,6/14/2025,series_indy_nxt,INDY NXT,2025,event_indy_nxt_2025_5496,INDY NXT by Firestone at World Wide Technology Raceway,session_indy_nxt_2025_6599,qualifying,Qualifications,,,no,no,Official INDY NXT session report for INDY NXT by Firestone at World Wide Technology Raceway Qualifications.,http://www.imscdn.com/INDYCAR/Documents/6599/2025-06-14/indynxt-topsectiontimes-quals.pdf,1,900ddfcb701b1977f16e33501302742c328980f5ffcccd190d2e433bba0b5681
asset_indy_nxt_2025_6667_combined_results,pdf,Combined Results,link_only,6/14/2025,series_indy_nxt,INDY NXT,2025,event_indy_nxt_2025_5496,INDY NXT by Firestone at World Wide Technology Raceway,session_indy_nxt_2025_6667,practice,Practice,,,no,no,Official INDY NXT session report for INDY NXT by Firestone at World Wide Technology Raceway Practice.,http://www.imscdn.com/INDYCAR/Documents/6667/2025-06-14/indynxt-results-p1.pdf,1,900ddfcb701b1977f16e33501302742c328980f5ffcccd190d2e433bba0b5681
asset_indy_nxt_2025_6667_results,pdf,Results,link_only,6/14/2025,series_indy_nxt,INDY NXT,2025,event_indy_nxt_2025_5496,INDY NXT by Firestone at World Wide Technology Raceway,session_indy_nxt_2025_6667,practice,Practice,,,no,no,Official INDY NXT session report for INDY NXT by Firestone at World Wide Technology Raceway Practice.,http://www.imscdn.com/INDYCAR/Documents/6667/2025-06-14/indynxt-results-p1.pdf,1,900ddfcb701b1977f16e33501302742c328980f5ffcccd190d2e433bba0b5681
asset_indy_nxt_2025_6667_section_results,pdf,Section Results,link_only,6/14/2025,series_indy_nxt,INDY NXT,2025,event_indy_nxt_2025_5496,INDY NXT by Firestone at World Wide Technology Raceway,session_indy_nxt_2025_6667,practice,Practice,,,no,no,Official INDY NXT session report for INDY NXT by Firestone at World Wide Technology Raceway Practice.,http://www.imscdn.com/INDYCAR/Documents/6667/2025-06-14/indynxt-sectionresults-p1.pdf,1,900ddfcb701b1977f16e33501302742c328980f5ffcccd190d2e433bba0b5681
asset_indy_nxt_2025_6667_top_section_times,pdf,Top Section Times,link_only,6/14/2025,series_indy_nxt,INDY NXT,2025,event_indy_nxt_2025_5496,INDY NXT by Firestone at World Wide Technology Raceway,session_indy_nxt_2025_6667,practice,Practice,,,no,no,Official INDY NXT session report for INDY NXT by Firestone at World Wide Technology Raceway Practice.,http://www.imscdn.com/INDYCAR/Documents/6667/2025-06-14/indynxt-topsectiontimes-p1.pdf,1,900ddfcb701b1977f16e33501302742c328980f5ffcccd190d2e433bba0b5681
asset_indy_nxt_2025_6454_event_summary,pdf,Event Summary,link_only,6/15/2025,series_indy_nxt,INDY NXT,2025,event_indy_nxt_2025_5496,INDY NXT by Firestone at World Wide Technology Raceway,session_indy_nxt_2025_6454,race,Race,,,no,no,Official INDY NXT session report for INDY NXT by Firestone at World Wide Technology Raceway Race.,http://www.imscdn.com/INDYCAR/Documents/6454/2025-06-15/indynxt-eventsummary.pdf,1,900ddfcb701b1977f16e33501302742c328980f5ffcccd190d2e433bba0b5681
asset_indy_nxt_2025_6454_lap_chart,pdf,Lap Chart,link_only,6/15/2025,series_indy_nxt,INDY NXT,2025,event_indy_nxt_2025_5496,INDY NXT by Firestone at World Wide Technology Raceway,session_indy_nxt_2025_6454,race,Race,,,no,no,Official INDY NXT session report for INDY NXT by Firestone at World Wide Technology Raceway Race.,http://www.imscdn.com/INDYCAR/Documents/6454/2025-06-15/indynxt-race-lapchart.pdf,1,900ddfcb701b1977f16e33501302742c328980f5ffcccd190d2e433bba0b5681
asset_indy_nxt_2025_6454_leader_lap_summary,pdf,Leader Lap Summary,link_only,6/15/2025,series_indy_nxt,INDY NXT,2025,event_indy_nxt_2025_5496,INDY NXT by Firestone at World Wide Technology Raceway,session_indy_nxt_2025_6454,race,Race,,,no,no,Official INDY NXT session report for INDY NXT by Firestone at World Wide Technology Raceway Race.,http://www.imscdn.com/INDYCAR/Documents/6454/2025-06-15/indynxt-race-leaderlapsummary.pdf,1,900ddfcb701b1977f16e33501302742c328980f5ffcccd190d2e433bba0b5681
asset_indy_nxt_2025_6454_results,pdf,Results,link_only,6/15/2025,series_indy_nxt,INDY NXT,2025,event_indy_nxt_2025_5496,INDY NXT by Firestone at World Wide Technology Raceway,session_indy_nxt_2025_6454,race,Race,,,no,no,Official INDY NXT session report for INDY NXT by Firestone at World Wide Technology Raceway Race.,http://www.imscdn.com/INDYCAR/Documents/6454/2025-06-15/indynxt-race-results.pdf,1,900ddfcb701b1977f16e33501302742c328980f5ffcccd190d2e433bba0b5681
asset_indy_nxt_2025_6454_section_results,pdf,Section Results,link_only,6/15/2025,series_indy_nxt,INDY NXT,2025,event_indy_nxt_2025_5496,INDY NXT by Firestone at World Wide Technology Raceway,session_indy_nxt_2025_6454,race,Race,,,no,no,Official INDY NXT session report for INDY NXT by Firestone at World Wide Technology Raceway Race.,http://www.imscdn.com/INDYCAR/Documents/6454/2025-06-15/indynxt-sectionresults-race.pdf,1,900ddfcb701b1977f16e33501302742c328980f5ffcccd190d2e433bba0b5681
asset_indy_nxt_2025_6454_top_section_times,pdf,Top Section Times,link_only,6/15/2025,series_indy_nxt,INDY NXT,2025,event_indy_nxt_2025_5496,INDY NXT by Firestone at World Wide Technology Raceway,session_indy_nxt_2025_6454,race,Race,,,no,no,Official INDY NXT session report for INDY NXT by Firestone at World Wide Technology Raceway Race.,http://www.imscdn.com/INDYCAR/Documents/6454/2025-06-15/indynxt-topsectiontimes-race.pdf,1,900ddfcb701b1977f16e33501302742c328980f5ffcccd190d2e433bba0b5681
asset_indy_nxt_2026_6869_results,pdf,Results,link_only,6/19/2026,series_indy_nxt,INDY NXT,2026,event_indy_nxt_2026_5545,Grand Prix at Road America Race 1,session_indy_nxt_2026_6869,practice,Practice,,,no,no,Official INDY NXT session report for Grand Prix at Road America Race 1 Practice.,http://www.imscdn.com/INDYCAR/Documents/5545/6869/indynxt-results-p1.pdf,1,900ddfcb701b1977f16e33501302742c328980f5ffcccd190d2e433bba0b5681
asset_indy_nxt_2026_6869_section_results,pdf,Section Results,link_only,6/19/2026,series_indy_nxt,INDY NXT,2026,event_indy_nxt_2026_5545,Grand Prix at Road America Race 1,session_indy_nxt_2026_6869,practice,Practice,,,no,no,Official INDY NXT session report for Grand Prix at Road America Race 1 Practice.,http://www.imscdn.com/INDYCAR/Documents/5545/6869/indynxt-sectionresults-p1.pdf,1,900ddfcb701b1977f16e33501302742c328980f5ffcccd190d2e433bba0b5681
asset_indy_nxt_2026_6869_top_section_times,pdf,Top Section Times,link_only,6/19/2026,series_indy_nxt,INDY NXT,2026,event_indy_nxt_2026_5545,Grand Prix at Road America Race 1,session_indy_nxt_2026_6869,practice,Practice,,,no,no,Official INDY NXT session report for Grand Prix at Road America Race 1 Practice.,http://www.imscdn.com/INDYCAR/Documents/5545/6869/indynxt-topsectiontimes-p1.pdf,1,900ddfcb701b1977f16e33501302742c328980f5ffcccd190d2e433bba0b5681
asset_indy_nxt_2024_6326_event_summary,pdf,Event Summary,link_only,6/2/2024,series_indy_nxt,INDY NXT,2024,event_indy_nxt_2024_5482,Detroit Grand Prix,session_indy_nxt_2024_6326,race,Race,,,no,no,Official INDY NXT session report for Detroit Grand Prix Race.,http://www.imscdn.com/INDYCAR/Documents/6326/2024-06-02/indynxt-eventsummary.pdf,1,900ddfcb701b1977f16e33501302742c328980f5ffcccd190d2e433bba0b5681
asset_indy_nxt_2024_6326_lap_chart,pdf,Lap Chart,link_only,6/2/2024,series_indy_nxt,INDY NXT,2024,event_indy_nxt_2024_5482,Detroit Grand Prix,session_indy_nxt_2024_6326,race,Race,,,no,no,Official INDY NXT session report for Detroit Grand Prix Race.,http://www.imscdn.com/INDYCAR/Documents/6326/2024-06-02/indynxt-race-lapchart.pdf,1,900ddfcb701b1977f16e33501302742c328980f5ffcccd190d2e433bba0b5681
asset_indy_nxt_2024_6326_leader_lap_summary,pdf,Leader Lap Summary,link_only,6/2/2024,series_indy_nxt,INDY NXT,2024,event_indy_nxt_2024_5482,Detroit Grand Prix,session_indy_nxt_2024_6326,race,Race,,,no,no,Official INDY NXT session report for Detroit Grand Prix Race.,http://www.imscdn.com/INDYCAR/Documents/6326/2024-06-02/indynxt-race-leaderlapsummary.pdf,1,900ddfcb701b1977f16e33501302742c328980f5ffcccd190d2e433bba0b5681
asset_indy_nxt_2024_6326_results,pdf,Results,link_only,6/2/2024,series_indy_nxt,INDY NXT,2024,event_indy_nxt_2024_5482,Detroit Grand Prix,session_indy_nxt_2024_6326,race,Race,,,no,no,Official INDY NXT session report for Detroit Grand Prix Race.,http://www.imscdn.com/INDYCAR/Documents/6326/2024-06-02/indynxt-race-results.pdf,1,900ddfcb701b1977f16e33501302742c328980f5ffcccd190d2e433bba0b5681
asset_indy_nxt_2024_6326_section_results,pdf,Section Results,link_only,6/2/2024,series_indy_nxt,INDY NXT,2024,event_indy_nxt_2024_5482,Detroit Grand Prix,session_indy_nxt_2024_6326,race,Race,,,no,no,Official INDY NXT session report for Detroit Grand Prix Race.,http://www.imscdn.com/INDYCAR/Documents/6326/2024-06-02/indynxt-sectionresults-race.pdf,1,900ddfcb701b1977f16e33501302742c328980f5ffcccd190d2e433bba0b5681
asset_indy_nxt_2024_6326_top_section_times,pdf,Top Section Times,link_only,6/2/2024,series_indy_nxt,INDY NXT,2024,event_indy_nxt_2024_5482,Detroit Grand Prix,session_indy_nxt_2024_6326,race,Race,,,no,no,Official INDY NXT session report for Detroit Grand Prix Race.,http://www.imscdn.com/INDYCAR/Documents/6326/2024-06-02/indynxt-topsectiontimes-race.pdf,1,900ddfcb701b1977f16e33501302742c328980f5ffcccd190d2e433bba0b5681
asset_indy_nxt_2025_6675_combined_results,pdf,Combined Results,link_only,6/20/2025,series_indy_nxt,INDY NXT,2025,event_indy_nxt_2025_5495,Grand Prix at Road America,session_indy_nxt_2025_6675,practice,Practice 1,,,no,no,Official INDY NXT session report for Grand Prix at Road America Practice 1.,http://www.imscdn.com/INDYCAR/Documents/6675/2025-06-20/indynxt-results-p1.pdf,1,900ddfcb701b1977f16e33501302742c328980f5ffcccd190d2e433bba0b5681
asset_indy_nxt_2025_6675_results,pdf,Results,link_only,6/20/2025,series_indy_nxt,INDY NXT,2025,event_indy_nxt_2025_5495,Grand Prix at Road America,session_indy_nxt_2025_6675,practice,Practice 1,,,no,no,Official INDY NXT session report for Grand Prix at Road America Practice 1.,http://www.imscdn.com/INDYCAR/Documents/6675/2025-06-20/indynxt-results-p1.pdf,1,900ddfcb701b1977f16e33501302742c328980f5ffcccd190d2e433bba0b5681
asset_indy_nxt_2025_6675_section_results,pdf,Section Results,link_only,6/20/2025,series_indy_nxt,INDY NXT,2025,event_indy_nxt_2025_5495,Grand Prix at Road America,session_indy_nxt_2025_6675,practice,Practice 1,,,no,no,Official INDY NXT session report for Grand Prix at Road America Practice 1.,http://www.imscdn.com/INDYCAR/Documents/6675/2025-06-20/indynxt-sectionresults-p1.pdf,1,900ddfcb701b1977f16e33501302742c328980f5ffcccd190d2e433bba0b5681
asset_indy_nxt_2025_6675_top_section_times,pdf,Top Section Times,link_only,6/20/2025,series_indy_nxt,INDY NXT,2025,event_indy_nxt_2025_5495,Grand Prix at Road America,session_indy_nxt_2025_6675,practice,Practice 1,,,no,no,Official INDY NXT session report for Grand Prix at Road America Practice 1.,http://www.imscdn.com/INDYCAR/Documents/6675/2025-06-20/indynxt-topsectiontimes-p1.pdf,1,900ddfcb701b1977f16e33501302742c328980f5ffcccd190d2e433bba0b5681
asset_indy_nxt_2026_6762_event_summary,pdf,Event Summary,link_only,6/20/2026,series_indy_nxt,INDY NXT,2026,event_indy_nxt_2026_5545,Grand Prix at Road America Race 1,session_indy_nxt_2026_6762,race,Race,,,no,no,Official INDY NXT session report for Grand Prix at Road America Race 1 Race.,http://www.imscdn.com/INDYCAR/Documents/5545/6762/indynxt-eventsummary-r1.pdf,1,900ddfcb701b1977f16e33501302742c328980f5ffcccd190d2e433bba0b5681
asset_indy_nxt_2026_6762_lap_chart,pdf,Lap Chart,link_only,6/20/2026,series_indy_nxt,INDY NXT,2026,event_indy_nxt_2026_5545,Grand Prix at Road America Race 1,session_indy_nxt_2026_6762,race,Race,,,no,no,Official INDY NXT session report for Grand Prix at Road America Race 1 Race.,http://www.imscdn.com/INDYCAR/Documents/5545/6762/indynxt-race-lapchart-r1.pdf,1,900ddfcb701b1977f16e33501302742c328980f5ffcccd190d2e433bba0b5681
asset_indy_nxt_2026_6762_leader_lap_summary,pdf,Leader Lap Summary,link_only,6/20/2026,series_indy_nxt,INDY NXT,2026,event_indy_nxt_2026_5545,Grand Prix at Road America Race 1,session_indy_nxt_2026_6762,race,Race,,,no,no,Official INDY NXT session report for Grand Prix at Road America Race 1 Race.,http://www.imscdn.com/INDYCAR/Documents/5545/6762/indynxt-race-leaderlapsummary-r1.pdf,1,900ddfcb701b1977f16e33501302742c328980f5ffcccd190d2e433bba0b5681
asset_indy_nxt_2026_6762_results,pdf,Results,link_only,6/20/2026,series_indy_nxt,INDY NXT,2026,event_indy_nxt_2026_5545,Grand Prix at Road America Race 1,session_indy_nxt_2026_6762,race,Race,,,no,no,Official INDY NXT session report for Grand Prix at Road America Race 1 Race.,http://www.imscdn.com/INDYCAR/Documents/5545/6762/indynxt-race-results-r1.pdf,1,900ddfcb701b1977f16e33501302742c328980f5ffcccd190d2e433bba0b5681
asset_indy_nxt_2026_6762_section_results,pdf,Section Results,link_only,6/20/2026,series_indy_nxt,INDY NXT,2026,event_indy_nxt_2026_5545,Grand Prix at Road America Race 1,session_indy_nxt_2026_6762,race,Race,,,no,no,Official INDY NXT session report for Grand Prix at Road America Race 1 Race.,http://www.imscdn.com/INDYCAR/Documents/5545/6762/indynxt-sectionresults-r1.pdf,1,900ddfcb701b1977f16e33501302742c328980f5ffcccd190d2e433bba0b5681
asset_indy_nxt_2026_6762_top_section_times,pdf,Top Section Times,link_only,6/20/2026,series_indy_nxt,INDY NXT,2026,event_indy_nxt_2026_5545,Grand Prix at Road America Race 1,session_indy_nxt_2026_6762,race,Race,,,no,no,Official INDY NXT session report for Grand Prix at Road America Race 1 Race.,http://www.imscdn.com/INDYCAR/Documents/5545/6762/indynxt-topsectiontimes-r1.pdf,1,900ddfcb701b1977f16e33501302742c328980f5ffcccd190d2e433bba0b5681
asset_indy_nxt_2026_6870_overall_results,pdf,Overall Results,link_only,6/20/2026,series_indy_nxt,INDY NXT,2026,event_indy_nxt_2026_5545,Grand Prix at Road America Race 1,session_indy_nxt_2026_6870,qualifying,Qualifying - Race 1 Group 1,,,no,no,Official INDY NXT session report for Grand Prix at Road America Race 1 Qualifying - Race 1 Group 1.,http://www.imscdn.com/INDYCAR/Documents/5545/6870/indynxt-results-quals-r1.pdf,1,900ddfcb701b1977f16e33501302742c328980f5ffcccd190d2e433bba0b5681
asset_indy_nxt_2026_6870_results,pdf,Results,link_only,6/20/2026,series_indy_nxt,INDY NXT,2026,event_indy_nxt_2026_5545,Grand Prix at Road America Race 1,session_indy_nxt_2026_6870,qualifying,Qualifying - Race 1 Group 1,,,no,no,Official INDY NXT session report for Grand Prix at Road America Race 1 Qualifying - Race 1 Group 1.,http://www.imscdn.com/INDYCAR/Documents/5545/6870/indynxt-results-quals-g1r1.pdf,1,900ddfcb701b1977f16e33501302742c328980f5ffcccd190d2e433bba0b5681
asset_indy_nxt_2026_6870_section_results,pdf,Section Results,link_only,6/20/2026,series_indy_nxt,INDY NXT,2026,event_indy_nxt_2026_5545,Grand Prix at Road America Race 1,session_indy_nxt_2026_6870,qualifying,Qualifying - Race 1 Group 1,,,no,no,Official INDY NXT session report for Grand Prix at Road America Race 1 Qualifying - Race 1 Group 1.,http://www.imscdn.com/INDYCAR/Documents/5545/6870/indynxt-sectionresults-quals-g1.pdf,1,900ddfcb701b1977f16e33501302742c328980f5ffcccd190d2e433bba0b5681
asset_indy_nxt_2026_6870_top_section_times,pdf,Top Section Times,link_only,6/20/2026,series_indy_nxt,INDY NXT,2026,event_indy_nxt_2026_5545,Grand Prix at Road America Race 1,session_indy_nxt_2026_6870,qualifying,Qualifying - Race 1 Group 1,,,no,no,Official INDY NXT session report for Grand Prix at Road America Race 1 Qualifying - Race 1 Group 1.,http://www.imscdn.com/INDYCAR/Documents/5545/6870/indynxt-topsectiontimes-quals-g1.pdf,1,900ddfcb701b1977f16e33501302742c328980f5ffcccd190d2e433bba0b5681
asset_indy_nxt_2026_6871_overall_results,pdf,Overall Results,link_only,6/20/2026,series_indy_nxt,INDY NXT,2026,event_indy_nxt_2026_5545,Grand Prix at Road America Race 1,session_indy_nxt_2026_6871,qualifying,Qualifying - Race 1 Group 2,,,no,no,Official INDY NXT session report for Grand Prix at Road America Race 1 Qualifying - Race 1 Group 2.,http://www.imscdn.com/INDYCAR/Documents/5545/6871/indynxt-results-quals-g2r1.pdf,1,900ddfcb701b1977f16e33501302742c328980f5ffcccd190d2e433bba0b5681
asset_indy_nxt_2026_6871_section_results,pdf,Section Results,link_only,6/20/2026,series_indy_nxt,INDY NXT,2026,event_indy_nxt_2026_5545,Grand Prix at Road America Race 1,session_indy_nxt_2026_6871,qualifying,Qualifying - Race 1 Group 2,,,no,no,Official INDY NXT session report for Grand Prix at Road America Race 1 Qualifying - Race 1 Group 2.,http://www.imscdn.com/INDYCAR/Documents/5545/6871/indynxt-sectionresults-quals-g2.pdf,1,900ddfcb701b1977f16e33501302742c328980f5ffcccd190d2e433bba0b5681
asset_indy_nxt_2026_6871_top_section_times,pdf,Top Section Times,link_only,6/20/2026,series_indy_nxt,INDY NXT,2026,event_indy_nxt_2026_5545,Grand Prix at Road America Race 1,session_indy_nxt_2026_6871,qualifying,Qualifying - Race 1 Group 2,,,no,no,Official INDY NXT session report for Grand Prix at Road America Race 1 Qualifying - Race 1 Group 2.,http://www.imscdn.com/INDYCAR/Documents/5545/6871/indynxt-topsectiontimes-quals-g2.pdf,1,900ddfcb701b1977f16e33501302742c328980f5ffcccd190d2e433bba0b5681
asset_indy_nxt_2026_6872_overall_results,pdf,Overall Results,link_only,6/20/2026,series_indy_nxt,INDY NXT,2026,event_indy_nxt_2026_5545,Grand Prix at Road America Race 1,session_indy_nxt_2026_6872,qualifying,Combined Qualifying - Race 1,,,no,no,Official INDY NXT session report for Grand Prix at Road America Race 1 Combined Qualifying - Race 1.,http://www.imscdn.com/INDYCAR/Documents/5545/6872/indynxt-results-quals-r1.pdf,1,900ddfcb701b1977f16e33501302742c328980f5ffcccd190d2e433bba0b5681
asset_indy_nxt_2026_6872_results,pdf,Results,link_only,6/20/2026,series_indy_nxt,INDY NXT,2026,event_indy_nxt_2026_5545,Grand Prix at Road America Race 1,session_indy_nxt_2026_6872,qualifying,Combined Qualifying - Race 1,,,no,no,Official INDY NXT session report for Grand Prix at Road America Race 1 Combined Qualifying - Race 1.,http://www.imscdn.com/INDYCAR/Documents/5545/6872/indynxt-results-quals-r1.pdf,1,900ddfcb701b1977f16e33501302742c328980f5ffcccd190d2e433bba0b5681
asset_indy_nxt_2026_6873_overall_results,pdf,Overall Results,link_only,6/20/2026,series_indy_nxt,INDY NXT,2026,event_indy_nxt_2026_5537,Grand Prix at Road America Race 2,session_indy_nxt_2026_6873,qualifying,Qualifying - Race 2 Group 1,,,no,no,Official INDY NXT session report for Grand Prix at Road America Race 2 Qualifying - Race 2 Group 1.,http://www.imscdn.com/INDYCAR/Documents/5537/6873/indynxt-results-quals-r2.pdf,1,900ddfcb701b1977f16e33501302742c328980f5ffcccd190d2e433bba0b5681
asset_indy_nxt_2026_6873_results,pdf,Results,link_only,6/20/2026,series_indy_nxt,INDY NXT,2026,event_indy_nxt_2026_5537,Grand Prix at Road America Race 2,session_indy_nxt_2026_6873,qualifying,Qualifying - Race 2 Group 1,,,no,no,Official INDY NXT session report for Grand Prix at Road America Race 2 Qualifying - Race 2 Group 1.,http://www.imscdn.com/INDYCAR/Documents/5537/6873/indynxt-results-quals-g1r2.pdf,1,900ddfcb701b1977f16e33501302742c328980f5ffcccd190d2e433bba0b5681
asset_indy_nxt_2026_6873_section_results,pdf,Section Results,link_only,6/20/2026,series_indy_nxt,INDY NXT,2026,event_indy_nxt_2026_5537,Grand Prix at Road America Race 2,session_indy_nxt_2026_6873,qualifying,Qualifying - Race 2 Group 1,,,no,no,Official INDY NXT session report for Grand Prix at Road America Race 2 Qualifying - Race 2 Group 1.,http://www.imscdn.com/INDYCAR/Documents/5537/6873/indynxt-sectionresults-quals-g1.pdf,1,900ddfcb701b1977f16e33501302742c328980f5ffcccd190d2e433bba0b5681
asset_indy_nxt_2026_6873_top_section_times,pdf,Top Section Times,link_only,6/20/2026,series_indy_nxt,INDY NXT,2026,event_indy_nxt_2026_5537,Grand Prix at Road America Race 2,session_indy_nxt_2026_6873,qualifying,Qualifying - Race 2 Group 1,,,no,no,Official INDY NXT session report for Grand Prix at Road America Race 2 Qualifying - Race 2 Group 1.,http://www.imscdn.com/INDYCAR/Documents/5537/6873/indynxt-topsectiontimes-quals-g1.pdf,1,900ddfcb701b1977f16e33501302742c328980f5ffcccd190d2e433bba0b5681
asset_indy_nxt_2026_6874_overall_results,pdf,Overall Results,link_only,6/20/2026,series_indy_nxt,INDY NXT,2026,event_indy_nxt_2026_5537,Grand Prix at Road America Race 2,session_indy_nxt_2026_6874,qualifying,Qualifying - Race 2 Group 2,,,no,no,Official INDY NXT session report for Grand Prix at Road America Race 2 Qualifying - Race 2 Group 2.,http://www.imscdn.com/INDYCAR/Documents/5537/6874/indynxt-results-quals-r2.pdf,1,900ddfcb701b1977f16e33501302742c328980f5ffcccd190d2e433bba0b5681
asset_indy_nxt_2026_6874_results,pdf,Results,link_only,6/20/2026,series_indy_nxt,INDY NXT,2026,event_indy_nxt_2026_5537,Grand Prix at Road America Race 2,session_indy_nxt_2026_6874,qualifying,Qualifying - Race 2 Group 2,,,no,no,Official INDY NXT session report for Grand Prix at Road America Race 2 Qualifying - Race 2 Group 2.,http://www.imscdn.com/INDYCAR/Documents/5537/6874/indynxt-results-quals-g2r2.pdf,1,900ddfcb701b1977f16e33501302742c328980f5ffcccd190d2e433bba0b5681
asset_indy_nxt_2026_6874_section_results,pdf,Section Results,link_only,6/20/2026,series_indy_nxt,INDY NXT,2026,event_indy_nxt_2026_5537,Grand Prix at Road America Race 2,session_indy_nxt_2026_6874,qualifying,Qualifying - Race 2 Group 2,,,no,no,Official INDY NXT session report for Grand Prix at Road America Race 2 Qualifying - Race 2 Group 2.,http://www.imscdn.com/INDYCAR/Documents/5537/6874/indynxt-sectionresults-quals-g2.pdf,1,900ddfcb701b1977f16e33501302742c328980f5ffcccd190d2e433bba0b5681
asset_indy_nxt_2026_6874_top_section_times,pdf,Top Section Times,link_only,6/20/2026,series_indy_nxt,INDY NXT,2026,event_indy_nxt_2026_5537,Grand Prix at Road America Race 2,session_indy_nxt_2026_6874,qualifying,Qualifying - Race 2 Group 2,,,no,no,Official INDY NXT session report for Grand Prix at Road America Race 2 Qualifying - Race 2 Group 2.,http://www.imscdn.com/INDYCAR/Documents/5537/6874/indynxt-topsectiontimes-quals-g2.pdf,1,900ddfcb701b1977f16e33501302742c328980f5ffcccd190d2e433bba0b5681
asset_indy_nxt_2026_6875_overall_results,pdf,Overall Results,link_only,6/20/2026,series_indy_nxt,INDY NXT,2026,event_indy_nxt_2026_5537,Grand Prix at Road America Race 2,session_indy_nxt_2026_6875,qualifying,Combined Qualifying - Race 2,,,no,no,Official INDY NXT session report for Grand Prix at Road America Race 2 Combined Qualifying - Race 2.,http://www.imscdn.com/INDYCAR/Documents/5537/6875/indynxt-results-quals-r2.pdf,1,900ddfcb701b1977f16e33501302742c328980f5ffcccd190d2e433bba0b5681
asset_indy_nxt_2026_6875_results,pdf,Results,link_only,6/20/2026,series_indy_nxt,INDY NXT,2026,event_indy_nxt_2026_5537,Grand Prix at Road America Race 2,session_indy_nxt_2026_6875,qualifying,Combined Qualifying - Race 2,,,no,no,Official INDY NXT session report for Grand Prix at Road America Race 2 Combined Qualifying - Race 2.,http://www.imscdn.com/INDYCAR/Documents/5537/6875/indynxt-results-quals-r2.pdf,1,900ddfcb701b1977f16e33501302742c328980f5ffcccd190d2e433bba0b5681
asset_indy_nxt_2024_6413_results,pdf,Results,link_only,6/21/2024,series_indy_nxt,INDY NXT,2024,event_indy_nxt_2024_5473,Grand Prix of Monterey Race 1,session_indy_nxt_2024_6413,practice,Practice 1,,,no,no,Official INDY NXT session report for Grand Prix of Monterey Race 1 Practice 1.,http://www.imscdn.com/INDYCAR/Documents/6413/2024-06-21/indynxt-results-p1.pdf,1,900ddfcb701b1977f16e33501302742c328980f5ffcccd190d2e433bba0b5681
asset_indy_nxt_2024_6413_section_results,pdf,Section Results,link_only,6/21/2024,series_indy_nxt,INDY NXT,2024,event_indy_nxt_2024_5473,Grand Prix of Monterey Race 1,session_indy_nxt_2024_6413,practice,Practice 1,,,no,no,Official INDY NXT session report for Grand Prix of Monterey Race 1 Practice 1.,http://www.imscdn.com/INDYCAR/Documents/6413/2024-06-21/indynxt-sectionresults-p1.pdf,1,900ddfcb701b1977f16e33501302742c328980f5ffcccd190d2e433bba0b5681
asset_indy_nxt_2024_6413_top_section_times,pdf,Top Section Times,link_only,6/21/2024,series_indy_nxt,INDY NXT,2024,event_indy_nxt_2024_5473,Grand Prix of Monterey Race 1,session_indy_nxt_2024_6413,practice,Practice 1,,,no,no,Official INDY NXT session report for Grand Prix of Monterey Race 1 Practice 1.,http://www.imscdn.com/INDYCAR/Documents/6413/2024-06-21/indynxt-topsectiontimes-p1.pdf,1,900ddfcb701b1977f16e33501302742c328980f5ffcccd190d2e433bba0b5681
asset_indy_nxt_2024_6414_combined_results,pdf,Combined Results,link_only,6/21/2024,series_indy_nxt,INDY NXT,2024,event_indy_nxt_2024_5473,Grand Prix of Monterey Race 1,session_indy_nxt_2024_6414,practice,Practice-2,,,no,no,Official INDY NXT session report for Grand Prix of Monterey Race 1 Practice-2.,http://www.imscdn.com/INDYCAR/Documents/6414/2024-06-21/indynxt-results-pcomb-p2.pdf,1,900ddfcb701b1977f16e33501302742c328980f5ffcccd190d2e433bba0b5681
asset_indy_nxt_2024_6414_results,pdf,Results,link_only,6/21/2024,series_indy_nxt,INDY NXT,2024,event_indy_nxt_2024_5473,Grand Prix of Monterey Race 1,session_indy_nxt_2024_6414,practice,Practice-2,,,no,no,Official INDY NXT session report for Grand Prix of Monterey Race 1 Practice-2.,http://www.imscdn.com/INDYCAR/Documents/6414/2024-06-21/indynxt-results-p2.pdf,1,900ddfcb701b1977f16e33501302742c328980f5ffcccd190d2e433bba0b5681
asset_indy_nxt_2024_6414_section_results,pdf,Section Results,link_only,6/21/2024,series_indy_nxt,INDY NXT,2024,event_indy_nxt_2024_5473,Grand Prix of Monterey Race 1,session_indy_nxt_2024_6414,practice,Practice-2,,,no,no,Official INDY NXT session report for Grand Prix of Monterey Race 1 Practice-2.,http://www.imscdn.com/INDYCAR/Documents/6414/2024-06-21/indynxt-sectionresults-p2.pdf,1,900ddfcb701b1977f16e33501302742c328980f5ffcccd190d2e433bba0b5681
asset_indy_nxt_2024_6414_top_section_times,pdf,Top Section Times,link_only,6/21/2024,series_indy_nxt,INDY NXT,2024,event_indy_nxt_2024_5473,Grand Prix of Monterey Race 1,session_indy_nxt_2024_6414,practice,Practice-2,,,no,no,Official INDY NXT session report for Grand Prix of Monterey Race 1 Practice-2.,http://www.imscdn.com/INDYCAR/Documents/6414/2024-06-21/indynxt-topsectiontimes-p2.pdf,1,900ddfcb701b1977f16e33501302742c328980f5ffcccd190d2e433bba0b5681
asset_indy_nxt_2025_6598_overall_results,pdf,Overall Results,link_only,6/21/2025,series_indy_nxt,INDY NXT,2025,event_indy_nxt_2025_5495,Grand Prix at Road America,session_indy_nxt_2025_6598,qualifying,Combined Qualifications,,,no,no,Official INDY NXT session report for Grand Prix at Road America Combined Qualifications.,http://www.imscdn.com/INDYCAR/Documents/6598/2025-06-21/indynxt-results-quals.pdf,1,900ddfcb701b1977f16e33501302742c328980f5ffcccd190d2e433bba0b5681
asset_indy_nxt_2025_6676_combined_results,pdf,Combined Results,link_only,6/21/2025,series_indy_nxt,INDY NXT,2025,event_indy_nxt_2025_5495,Grand Prix at Road America,session_indy_nxt_2025_6676,practice,Practice 2,,,no,no,Official INDY NXT session report for Grand Prix at Road America Practice 2.,http://www.imscdn.com/INDYCAR/Documents/6676/2025-06-21/indynxt-results-pcomb-p2.pdf,1,900ddfcb701b1977f16e33501302742c328980f5ffcccd190d2e433bba0b5681
asset_indy_nxt_2025_6676_results,pdf,Results,link_only,6/21/2025,series_indy_nxt,INDY NXT,2025,event_indy_nxt_2025_5495,Grand Prix at Road America,session_indy_nxt_2025_6676,practice,Practice 2,,,no,no,Official INDY NXT session report for Grand Prix at Road America Practice 2.,http://www.imscdn.com/INDYCAR/Documents/6676/2025-06-21/indynxt-results-p2.pdf,1,900ddfcb701b1977f16e33501302742c328980f5ffcccd190d2e433bba0b5681
asset_indy_nxt_2025_6676_section_results,pdf,Section Results,link_only,6/21/2025,series_indy_nxt,INDY NXT,2025,event_indy_nxt_2025_5495,Grand Prix at Road America,session_indy_nxt_2025_6676,practice,Practice 2,,,no,no,Official INDY NXT session report for Grand Prix at Road America Practice 2.,http://www.imscdn.com/INDYCAR/Documents/6676/2025-06-21/indynxt-sectionresults-p2.pdf,1,900ddfcb701b1977f16e33501302742c328980f5ffcccd190d2e433bba0b5681
asset_indy_nxt_2025_6676_top_section_times,pdf,Top Section Times,link_only,6/21/2025,series_indy_nxt,INDY NXT,2025,event_indy_nxt_2025_5495,Grand Prix at Road America,session_indy_nxt_2025_6676,practice,Practice 2,,,no,no,Official INDY NXT session report for Grand Prix at Road America Practice 2.,http://www.imscdn.com/INDYCAR/Documents/6676/2025-06-21/indynxt-topsectiontimes-p2.pdf,1,900ddfcb701b1977f16e33501302742c328980f5ffcccd190d2e433bba0b5681
asset_indy_nxt_2025_6677_overall_results,pdf,Overall Results,link_only,6/21/2025,series_indy_nxt,INDY NXT,2025,event_indy_nxt_2025_5495,Grand Prix at Road America,session_indy_nxt_2025_6677,qualifying,Qualifications - Group 1,,,no,no,Official INDY NXT session report for Grand Prix at Road America Qualifications - Group 1.,http://www.imscdn.com/INDYCAR/Documents/6677/2025-06-21/indynxt-results-quals.pdf,1,900ddfcb701b1977f16e33501302742c328980f5ffcccd190d2e433bba0b5681
asset_indy_nxt_2025_6677_results,pdf,Results,link_only,6/21/2025,series_indy_nxt,INDY NXT,2025,event_indy_nxt_2025_5495,Grand Prix at Road America,session_indy_nxt_2025_6677,qualifying,Qualifications - Group 1,,,no,no,Official INDY NXT session report for Grand Prix at Road America Qualifications - Group 1.,http://www.imscdn.com/INDYCAR/Documents/6677/2025-06-21/indynxt-results-quals-g1.pdf,1,900ddfcb701b1977f16e33501302742c328980f5ffcccd190d2e433bba0b5681
asset_indy_nxt_2025_6677_section_results,pdf,Section Results,link_only,6/21/2025,series_indy_nxt,INDY NXT,2025,event_indy_nxt_2025_5495,Grand Prix at Road America,session_indy_nxt_2025_6677,qualifying,Qualifications - Group 1,,,no,no,Official INDY NXT session report for Grand Prix at Road America Qualifications - Group 1.,http://www.imscdn.com/INDYCAR/Documents/6677/2025-06-21/indynxt-sectionresults-quals-g1.pdf,1,900ddfcb701b1977f16e33501302742c328980f5ffcccd190d2e433bba0b5681
asset_indy_nxt_2025_6677_top_section_times,pdf,Top Section Times,link_only,6/21/2025,series_indy_nxt,INDY NXT,2025,event_indy_nxt_2025_5495,Grand Prix at Road America,session_indy_nxt_2025_6677,qualifying,Qualifications - Group 1,,,no,no,Official INDY NXT session report for Grand Prix at Road America Qualifications - Group 1.,http://www.imscdn.com/INDYCAR/Documents/6677/2025-06-21/indynxt-topsectiontimes-quals-g1.pdf,1,900ddfcb701b1977f16e33501302742c328980f5ffcccd190d2e433bba0b5681
asset_indy_nxt_2025_6678_overall_results,pdf,Overall Results,link_only,6/21/2025,series_indy_nxt,INDY NXT,2025,event_indy_nxt_2025_5495,Grand Prix at Road America,session_indy_nxt_2025_6678,qualifying,Qualifications - Group 2,,,no,no,Official INDY NXT session report for Grand Prix at Road America Qualifications - Group 2.,http://www.imscdn.com/INDYCAR/Documents/6678/2025-06-21/indynxt-results-quals.pdf,1,900ddfcb701b1977f16e33501302742c328980f5ffcccd190d2e433bba0b5681
asset_indy_nxt_2025_6678_results,pdf,Results,link_only,6/21/2025,series_indy_nxt,INDY NXT,2025,event_indy_nxt_2025_5495,Grand Prix at Road America,session_indy_nxt_2025_6678,qualifying,Qualifications - Group 2,,,no,no,Official INDY NXT session report for Grand Prix at Road America Qualifications - Group 2.,http://www.imscdn.com/INDYCAR/Documents/6678/2025-06-21/indynxt-results-quals-g2.pdf,1,900ddfcb701b1977f16e33501302742c328980f5ffcccd190d2e433bba0b5681
asset_indy_nxt_2025_6678_section_results,pdf,Section Results,link_only,6/21/2025,series_indy_nxt,INDY NXT,2025,event_indy_nxt_2025_5495,Grand Prix at Road America,session_indy_nxt_2025_6678,qualifying,Qualifications - Group 2,,,no,no,Official INDY NXT session report for Grand Prix at Road America Qualifications - Group 2.,http://www.imscdn.com/INDYCAR/Documents/6678/2025-06-21/indynxt-sectionresults-quals-g2.pdf,1,900ddfcb701b1977f16e33501302742c328980f5ffcccd190d2e433bba0b5681
asset_indy_nxt_2025_6678_top_section_times,pdf,Top Section Times,link_only,6/21/2025,series_indy_nxt,INDY NXT,2025,event_indy_nxt_2025_5495,Grand Prix at Road America,session_indy_nxt_2025_6678,qualifying,Qualifications - Group 2,,,no,no,Official INDY NXT session report for Grand Prix at Road America Qualifications - Group 2.,http://www.imscdn.com/INDYCAR/Documents/6678/2025-06-21/indynxt-topsectiontimes-quals-g2.pdf,1,900ddfcb701b1977f16e33501302742c328980f5ffcccd190d2e433bba0b5681
asset_indy_nxt_2026_6754_event_summary,pdf,Event Summary,link_only,6/21/2026,series_indy_nxt,INDY NXT,2026,event_indy_nxt_2026_5537,Grand Prix at Road America Race 2,session_indy_nxt_2026_6754,race,Race,,,no,no,Official INDY NXT session report for Grand Prix at Road America Race 2 Race.,http://www.imscdn.com/INDYCAR/Documents/5537/6754/indynxt-eventsummary-r2.pdf,1,900ddfcb701b1977f16e33501302742c328980f5ffcccd190d2e433bba0b5681
asset_indy_nxt_2026_6754_lap_chart,pdf,Lap Chart,link_only,6/21/2026,series_indy_nxt,INDY NXT,2026,event_indy_nxt_2026_5537,Grand Prix at Road America Race 2,session_indy_nxt_2026_6754,race,Race,,,no,no,Official INDY NXT session report for Grand Prix at Road America Race 2 Race.,http://www.imscdn.com/INDYCAR/Documents/5537/6754/indynxt-race-lapchart-r2.pdf,1,900ddfcb701b1977f16e33501302742c328980f5ffcccd190d2e433bba0b5681
asset_indy_nxt_2026_6754_results,pdf,Results,link_only,6/21/2026,series_indy_nxt,INDY NXT,2026,event_indy_nxt_2026_5537,Grand Prix at Road America Race 2,session_indy_nxt_2026_6754,race,Race,,,no,no,Official INDY NXT session report for Grand Prix at Road America Race 2 Race.,http://www.imscdn.com/INDYCAR/Documents/5537/6754/indynxt-race-results-r2.pdf,1,900ddfcb701b1977f16e33501302742c328980f5ffcccd190d2e433bba0b5681
asset_indy_nxt_2026_6754_section_results,pdf,Section Results,link_only,6/21/2026,series_indy_nxt,INDY NXT,2026,event_indy_nxt_2026_5537,Grand Prix at Road America Race 2,session_indy_nxt_2026_6754,race,Race,,,no,no,Official INDY NXT session report for Grand Prix at Road America Race 2 Race.,http://www.imscdn.com/INDYCAR/Documents/5537/6754/indynxt-sectionresults-r2.pdf,1,900ddfcb701b1977f16e33501302742c328980f5ffcccd190d2e433bba0b5681
asset_indy_nxt_2026_6754_top_section_times,pdf,Top Section Times,link_only,6/21/2026,series_indy_nxt,INDY NXT,2026,event_indy_nxt_2026_5537,Grand Prix at Road America Race 2,session_indy_nxt_2026_6754,race,Race,,,no,no,Official INDY NXT session report for Grand Prix at Road America Race 2 Race.,http://www.imscdn.com/INDYCAR/Documents/5537/6754/indynxt-topsectiontimes-r2.pdf,1,900ddfcb701b1977f16e33501302742c328980f5ffcccd190d2e433bba0b5681
asset_indy_nxt_2024_6317_box_score,pdf,Box Score,link_only,6/22/2024,series_indy_nxt,INDY NXT,2024,event_indy_nxt_2024_5473,Grand Prix of Monterey Race 1,session_indy_nxt_2024_6317,race,Race,,,no,no,Official INDY NXT session report for Grand Prix of Monterey Race 1 Race.,http://www.imscdn.com/INDYCAR/Documents/6317/2024-06-22/indynxt-pointssummary-r1.pdf,1,900ddfcb701b1977f16e33501302742c328980f5ffcccd190d2e433bba0b5681
asset_indy_nxt_2024_6317_event_summary,pdf,Event Summary,link_only,6/22/2024,series_indy_nxt,INDY NXT,2024,event_indy_nxt_2024_5473,Grand Prix of Monterey Race 1,session_indy_nxt_2024_6317,race,Race,,,no,no,Official INDY NXT session report for Grand Prix of Monterey Race 1 Race.,http://www.imscdn.com/INDYCAR/Documents/6317/2024-06-22/indynxt-eventsummary-r1.pdf,1,900ddfcb701b1977f16e33501302742c328980f5ffcccd190d2e433bba0b5681
asset_indy_nxt_2024_6317_lap_chart,pdf,Lap Chart,link_only,6/22/2024,series_indy_nxt,INDY NXT,2024,event_indy_nxt_2024_5473,Grand Prix of Monterey Race 1,session_indy_nxt_2024_6317,race,Race,,,no,no,Official INDY NXT session report for Grand Prix of Monterey Race 1 Race.,http://www.imscdn.com/INDYCAR/Documents/6317/2024-06-22/indynxt-race-lapchart-r1.pdf,1,900ddfcb701b1977f16e33501302742c328980f5ffcccd190d2e433bba0b5681
asset_indy_nxt_2024_6317_leader_lap_summary,pdf,Leader Lap Summary,link_only,6/22/2024,series_indy_nxt,INDY NXT,2024,event_indy_nxt_2024_5473,Grand Prix of Monterey Race 1,session_indy_nxt_2024_6317,race,Race,,,no,no,Official INDY NXT session report for Grand Prix of Monterey Race 1 Race.,http://www.imscdn.com/INDYCAR/Documents/6317/2024-06-22/indynxt-race-leaderlapsummary-r1.pdf,1,900ddfcb701b1977f16e33501302742c328980f5ffcccd190d2e433bba0b5681
asset_indy_nxt_2024_6317_results,pdf,Results,link_only,6/22/2024,series_indy_nxt,INDY NXT,2024,event_indy_nxt_2024_5473,Grand Prix of Monterey Race 1,session_indy_nxt_2024_6317,race,Race,,,no,no,Official INDY NXT session report for Grand Prix of Monterey Race 1 Race.,http://www.imscdn.com/INDYCAR/Documents/6317/2024-06-22/indynxt-race-results-r1.pdf,1,900ddfcb701b1977f16e33501302742c328980f5ffcccd190d2e433bba0b5681
asset_indy_nxt_2024_6317_section_results,pdf,Section Results,link_only,6/22/2024,series_indy_nxt,INDY NXT,2024,event_indy_nxt_2024_5473,Grand Prix of Monterey Race 1,session_indy_nxt_2024_6317,race,Race,,,no,no,Official INDY NXT session report for Grand Prix of Monterey Race 1 Race.,http://www.imscdn.com/INDYCAR/Documents/6317/2024-06-22/indynxt-sectionresults-r1.pdf,1,900ddfcb701b1977f16e33501302742c328980f5ffcccd190d2e433bba0b5681
asset_indy_nxt_2024_6317_top_section_times,pdf,Top Section Times,link_only,6/22/2024,series_indy_nxt,INDY NXT,2024,event_indy_nxt_2024_5473,Grand Prix of Monterey Race 1,session_indy_nxt_2024_6317,race,Race,,,no,no,Official INDY NXT session report for Grand Prix of Monterey Race 1 Race.,http://www.imscdn.com/INDYCAR/Documents/6317/2024-06-22/indynxt-topsectiontimes-r1.pdf,1,900ddfcb701b1977f16e33501302742c328980f5ffcccd190d2e433bba0b5681
asset_indy_nxt_2024_6415_overall_results,pdf,Overall Results,link_only,6/22/2024,series_indy_nxt,INDY NXT,2024,event_indy_nxt_2024_5473,Grand Prix of Monterey Race 1,session_indy_nxt_2024_6415,qualifying,Qualifications - Race 1 Group 1,,,no,no,Official INDY NXT session report for Grand Prix of Monterey Race 1 Qualifications - Race 1 Group 1.,http://www.imscdn.com/INDYCAR/Documents/6415/2024-06-22/indynxt-results-quals-r1.pdf,1,900ddfcb701b1977f16e33501302742c328980f5ffcccd190d2e433bba0b5681
asset_indy_nxt_2024_6415_results,pdf,Results,link_only,6/22/2024,series_indy_nxt,INDY NXT,2024,event_indy_nxt_2024_5473,Grand Prix of Monterey Race 1,session_indy_nxt_2024_6415,qualifying,Qualifications - Race 1 Group 1,,,no,no,Official INDY NXT session report for Grand Prix of Monterey Race 1 Qualifications - Race 1 Group 1.,http://www.imscdn.com/INDYCAR/Documents/6415/2024-06-22/indynxt-results-quals-g1r1.pdf,1,900ddfcb701b1977f16e33501302742c328980f5ffcccd190d2e433bba0b5681
asset_indy_nxt_2024_6415_section_results,pdf,Section Results,link_only,6/22/2024,series_indy_nxt,INDY NXT,2024,event_indy_nxt_2024_5473,Grand Prix of Monterey Race 1,session_indy_nxt_2024_6415,qualifying,Qualifications - Race 1 Group 1,,,no,no,Official INDY NXT session report for Grand Prix of Monterey Race 1 Qualifications - Race 1 Group 1.,http://www.imscdn.com/INDYCAR/Documents/6415/2024-06-22/indynxt-sectionresults-quals-g1.pdf,1,900ddfcb701b1977f16e33501302742c328980f5ffcccd190d2e433bba0b5681
asset_indy_nxt_2024_6415_top_section_times,pdf,Top Section Times,link_only,6/22/2024,series_indy_nxt,INDY NXT,2024,event_indy_nxt_2024_5473,Grand Prix of Monterey Race 1,session_indy_nxt_2024_6415,qualifying,Qualifications - Race 1 Group 1,,,no,no,Official INDY NXT session report for Grand Prix of Monterey Race 1 Qualifications - Race 1 Group 1.,http://www.imscdn.com/INDYCAR/Documents/6415/2024-06-22/indynxt-topsectiontimes-quals-g1.pdf,1,900ddfcb701b1977f16e33501302742c328980f5ffcccd190d2e433bba0b5681
asset_indy_nxt_2024_6416_overall_results,pdf,Overall Results,link_only,6/22/2024,series_indy_nxt,INDY NXT,2024,event_indy_nxt_2024_5473,Grand Prix of Monterey Race 1,session_indy_nxt_2024_6416,qualifying,Qualifications - Race 1 Group 2,,,no,no,Official INDY NXT session report for Grand Prix of Monterey Race 1 Qualifications - Race 1 Group 2.,http://www.imscdn.com/INDYCAR/Documents/6416/2024-06-22/indynxt-results-quals-r1.pdf,1,900ddfcb701b1977f16e33501302742c328980f5ffcccd190d2e433bba0b5681
asset_indy_nxt_2024_6416_results,pdf,Results,link_only,6/22/2024,series_indy_nxt,INDY NXT,2024,event_indy_nxt_2024_5473,Grand Prix of Monterey Race 1,session_indy_nxt_2024_6416,qualifying,Qualifications - Race 1 Group 2,,,no,no,Official INDY NXT session report for Grand Prix of Monterey Race 1 Qualifications - Race 1 Group 2.,http://www.imscdn.com/INDYCAR/Documents/6416/2024-06-22/indynxt-results-quals-g2r1.pdf,1,900ddfcb701b1977f16e33501302742c328980f5ffcccd190d2e433bba0b5681
asset_indy_nxt_2024_6416_section_results,pdf,Section Results,link_only,6/22/2024,series_indy_nxt,INDY NXT,2024,event_indy_nxt_2024_5473,Grand Prix of Monterey Race 1,session_indy_nxt_2024_6416,qualifying,Qualifications - Race 1 Group 2,,,no,no,Official INDY NXT session report for Grand Prix of Monterey Race 1 Qualifications - Race 1 Group 2.,http://www.imscdn.com/INDYCAR/Documents/6416/2024-06-22/indynxt-sectionresults-quals-g2.pdf,1,900ddfcb701b1977f16e33501302742c328980f5ffcccd190d2e433bba0b5681
asset_indy_nxt_2024_6416_top_section_times,pdf,Top Section Times,link_only,6/22/2024,series_indy_nxt,INDY NXT,2024,event_indy_nxt_2024_5473,Grand Prix of Monterey Race 1,session_indy_nxt_2024_6416,qualifying,Qualifications - Race 1 Group 2,,,no,no,Official INDY NXT session report for Grand Prix of Monterey Race 1 Qualifications - Race 1 Group 2.,http://www.imscdn.com/INDYCAR/Documents/6416/2024-06-22/indynxt-topsectiontimes-quals-g2.pdf,1,900ddfcb701b1977f16e33501302742c328980f5ffcccd190d2e433bba0b5681
asset_indy_nxt_2024_6417_overall_results,pdf,Overall Results,link_only,6/22/2024,series_indy_nxt,INDY NXT,2024,event_indy_nxt_2024_5483,Grand Prix of Monterey Race 2,session_indy_nxt_2024_6417,qualifying,Qualifications - Race 2 Group 1,,,no,no,Official INDY NXT session report for Grand Prix of Monterey Race 2 Qualifications - Race 2 Group 1.,http://www.imscdn.com/INDYCAR/Documents/6417/2024-06-22/indynxt-results-quals-r2.pdf,1,900ddfcb701b1977f16e33501302742c328980f5ffcccd190d2e433bba0b5681
asset_indy_nxt_2024_6417_results,pdf,Results,link_only,6/22/2024,series_indy_nxt,INDY NXT,2024,event_indy_nxt_2024_5483,Grand Prix of Monterey Race 2,session_indy_nxt_2024_6417,qualifying,Qualifications - Race 2 Group 1,,,no,no,Official INDY NXT session report for Grand Prix of Monterey Race 2 Qualifications - Race 2 Group 1.,http://www.imscdn.com/INDYCAR/Documents/6417/2024-06-22/indynxt-results-quals-g1r2.pdf,1,900ddfcb701b1977f16e33501302742c328980f5ffcccd190d2e433bba0b5681
asset_indy_nxt_2024_6417_section_results,pdf,Section Results,link_only,6/22/2024,series_indy_nxt,INDY NXT,2024,event_indy_nxt_2024_5483,Grand Prix of Monterey Race 2,session_indy_nxt_2024_6417,qualifying,Qualifications - Race 2 Group 1,,,no,no,Official INDY NXT session report for Grand Prix of Monterey Race 2 Qualifications - Race 2 Group 1.,http://www.imscdn.com/INDYCAR/Documents/6417/2024-06-22/indynxt-sectionresults-quals-g1.pdf,1,900ddfcb701b1977f16e33501302742c328980f5ffcccd190d2e433bba0b5681
asset_indy_nxt_2024_6417_top_section_times,pdf,Top Section Times,link_only,6/22/2024,series_indy_nxt,INDY NXT,2024,event_indy_nxt_2024_5483,Grand Prix of Monterey Race 2,session_indy_nxt_2024_6417,qualifying,Qualifications - Race 2 Group 1,,,no,no,Official INDY NXT session report for Grand Prix of Monterey Race 2 Qualifications - Race 2 Group 1.,http://www.imscdn.com/INDYCAR/Documents/6417/2024-06-22/indynxt-topsectiontimes-quals-g1.pdf,1,900ddfcb701b1977f16e33501302742c328980f5ffcccd190d2e433bba0b5681
asset_indy_nxt_2024_6418_overall_results,pdf,Overall Results,link_only,6/22/2024,series_indy_nxt,INDY NXT,2024,event_indy_nxt_2024_5483,Grand Prix of Monterey Race 2,session_indy_nxt_2024_6418,qualifying,Qualifications - Race 2 Group 2,,,no,no,Official INDY NXT session report for Grand Prix of Monterey Race 2 Qualifications - Race 2 Group 2.,http://www.imscdn.com/INDYCAR/Documents/6418/2024-06-22/indynxt-results-quals-r2.pdf,1,900ddfcb701b1977f16e33501302742c328980f5ffcccd190d2e433bba0b5681
asset_indy_nxt_2024_6418_results,pdf,Results,link_only,6/22/2024,series_indy_nxt,INDY NXT,2024,event_indy_nxt_2024_5483,Grand Prix of Monterey Race 2,session_indy_nxt_2024_6418,qualifying,Qualifications - Race 2 Group 2,,,no,no,Official INDY NXT session report for Grand Prix of Monterey Race 2 Qualifications - Race 2 Group 2.,http://www.imscdn.com/INDYCAR/Documents/6418/2024-06-22/indynxt-results-quals-g2r2.pdf,1,900ddfcb701b1977f16e33501302742c328980f5ffcccd190d2e433bba0b5681
asset_indy_nxt_2024_6418_section_results,pdf,Section Results,link_only,6/22/2024,series_indy_nxt,INDY NXT,2024,event_indy_nxt_2024_5483,Grand Prix of Monterey Race 2,session_indy_nxt_2024_6418,qualifying,Qualifications - Race 2 Group 2,,,no,no,Official INDY NXT session report for Grand Prix of Monterey Race 2 Qualifications - Race 2 Group 2.,http://www.imscdn.com/INDYCAR/Documents/6418/2024-06-22/indynxt-sectionresults-quals-g2.pdf,1,900ddfcb701b1977f16e33501302742c328980f5ffcccd190d2e433bba0b5681
asset_indy_nxt_2024_6418_top_section_times,pdf,Top Section Times,link_only,6/22/2024,series_indy_nxt,INDY NXT,2024,event_indy_nxt_2024_5483,Grand Prix of Monterey Race 2,session_indy_nxt_2024_6418,qualifying,Qualifications - Race 2 Group 2,,,no,no,Official INDY NXT session report for Grand Prix of Monterey Race 2 Qualifications - Race 2 Group 2.,http://www.imscdn.com/INDYCAR/Documents/6418/2024-06-22/indynxt-topsectiontimes-quals-g2.pdf,1,900ddfcb701b1977f16e33501302742c328980f5ffcccd190d2e433bba0b5681
asset_indy_nxt_2025_6453_box_score,pdf,Box Score,link_only,6/22/2025,series_indy_nxt,INDY NXT,2025,event_indy_nxt_2025_5495,Grand Prix at Road America,session_indy_nxt_2025_6453,race,Race,,,no,no,Official INDY NXT session report for Grand Prix at Road America Race.,http://www.imscdn.com/INDYCAR/Documents/6453/2025-06-22/indynxt-officialraceresults.pdf,1,900ddfcb701b1977f16e33501302742c328980f5ffcccd190d2e433bba0b5681
asset_indy_nxt_2025_6453_event_summary,pdf,Event Summary,link_only,6/22/2025,series_indy_nxt,INDY NXT,2025,event_indy_nxt_2025_5495,Grand Prix at Road America,session_indy_nxt_2025_6453,race,Race,,,no,no,Official INDY NXT session report for Grand Prix at Road America Race.,http://www.imscdn.com/INDYCAR/Documents/6453/2025-06-22/indynxt-eventsummary.pdf,1,900ddfcb701b1977f16e33501302742c328980f5ffcccd190d2e433bba0b5681
asset_indy_nxt_2025_6453_lap_chart,pdf,Lap Chart,link_only,6/22/2025,series_indy_nxt,INDY NXT,2025,event_indy_nxt_2025_5495,Grand Prix at Road America,session_indy_nxt_2025_6453,race,Race,,,no,no,Official INDY NXT session report for Grand Prix at Road America Race.,http://www.imscdn.com/INDYCAR/Documents/6453/2025-06-22/indynxt-race-lapchart.pdf,1,900ddfcb701b1977f16e33501302742c328980f5ffcccd190d2e433bba0b5681
asset_indy_nxt_2025_6453_leader_lap_summary,pdf,Leader Lap Summary,link_only,6/22/2025,series_indy_nxt,INDY NXT,2025,event_indy_nxt_2025_5495,Grand Prix at Road America,session_indy_nxt_2025_6453,race,Race,,,no,no,Official INDY NXT session report for Grand Prix at Road America Race.,http://www.imscdn.com/INDYCAR/Documents/6453/2025-06-22/indynxt-race-leaderlapsummary.pdf,1,900ddfcb701b1977f16e33501302742c328980f5ffcccd190d2e433bba0b5681
asset_indy_nxt_2025_6453_results,pdf,Results,link_only,6/22/2025,series_indy_nxt,INDY NXT,2025,event_indy_nxt_2025_5495,Grand Prix at Road America,session_indy_nxt_2025_6453,race,Race,,,no,no,Official INDY NXT session report for Grand Prix at Road America Race.,http://www.imscdn.com/INDYCAR/Documents/6453/2025-06-22/indynxt-race-results.pdf,1,900ddfcb701b1977f16e33501302742c328980f5ffcccd190d2e433bba0b5681
asset_indy_nxt_2025_6453_section_results,pdf,Section Results,link_only,6/22/2025,series_indy_nxt,INDY NXT,2025,event_indy_nxt_2025_5495,Grand Prix at Road America,session_indy_nxt_2025_6453,race,Race,,,no,no,Official INDY NXT session report for Grand Prix at Road America Race.,http://www.imscdn.com/INDYCAR/Documents/6453/2025-06-22/indynxt-sectionresults-race.pdf,1,900ddfcb701b1977f16e33501302742c328980f5ffcccd190d2e433bba0b5681
asset_indy_nxt_2025_6453_top_section_times,pdf,Top Section Times,link_only,6/22/2025,series_indy_nxt,INDY NXT,2025,event_indy_nxt_2025_5495,Grand Prix at Road America,session_indy_nxt_2025_6453,race,Race,,,no,no,Official INDY NXT session report for Grand Prix at Road America Race.,http://www.imscdn.com/INDYCAR/Documents/6453/2025-06-22/indynxt-topsectiontimes-race.pdf,1,900ddfcb701b1977f16e33501302742c328980f5ffcccd190d2e433bba0b5681
asset_indy_nxt_2024_6327_box_score,pdf,Box Score,link_only,6/23/2024,series_indy_nxt,INDY NXT,2024,event_indy_nxt_2024_5483,Grand Prix of Monterey Race 2,session_indy_nxt_2024_6327,race,Race,,,no,no,Official INDY NXT session report for Grand Prix of Monterey Race 2 Race.,http://www.imscdn.com/INDYCAR/Documents/6327/2024-06-23/indynxt-officialraceresults-r2.pdf,1,900ddfcb701b1977f16e33501302742c328980f5ffcccd190d2e433bba0b5681
asset_indy_nxt_2024_6327_event_summary,pdf,Event Summary,link_only,6/23/2024,series_indy_nxt,INDY NXT,2024,event_indy_nxt_2024_5483,Grand Prix of Monterey Race 2,session_indy_nxt_2024_6327,race,Race,,,no,no,Official INDY NXT session report for Grand Prix of Monterey Race 2 Race.,http://www.imscdn.com/INDYCAR/Documents/6327/2024-06-23/indynxt-eventsummary-r2.pdf,1,900ddfcb701b1977f16e33501302742c328980f5ffcccd190d2e433bba0b5681
asset_indy_nxt_2024_6327_lap_chart,pdf,Lap Chart,link_only,6/23/2024,series_indy_nxt,INDY NXT,2024,event_indy_nxt_2024_5483,Grand Prix of Monterey Race 2,session_indy_nxt_2024_6327,race,Race,,,no,no,Official INDY NXT session report for Grand Prix of Monterey Race 2 Race.,http://www.imscdn.com/INDYCAR/Documents/6327/2024-06-23/indynxt-race-lapchart-r2.pdf,1,900ddfcb701b1977f16e33501302742c328980f5ffcccd190d2e433bba0b5681
asset_indy_nxt_2024_6327_leader_lap_summary,pdf,Leader Lap Summary,link_only,6/23/2024,series_indy_nxt,INDY NXT,2024,event_indy_nxt_2024_5483,Grand Prix of Monterey Race 2,session_indy_nxt_2024_6327,race,Race,,,no,no,Official INDY NXT session report for Grand Prix of Monterey Race 2 Race.,http://www.imscdn.com/INDYCAR/Documents/6327/2024-06-23/indynxt-race-leaderlapsummary-r2.pdf,1,900ddfcb701b1977f16e33501302742c328980f5ffcccd190d2e433bba0b5681
asset_indy_nxt_2024_6327_results,pdf,Results,link_only,6/23/2024,series_indy_nxt,INDY NXT,2024,event_indy_nxt_2024_5483,Grand Prix of Monterey Race 2,session_indy_nxt_2024_6327,race,Race,,,no,no,Official INDY NXT session report for Grand Prix of Monterey Race 2 Race.,http://www.imscdn.com/INDYCAR/Documents/6327/2024-06-23/indynxt-race-results-r2.pdf,1,900ddfcb701b1977f16e33501302742c328980f5ffcccd190d2e433bba0b5681
asset_indy_nxt_2024_6327_section_results,pdf,Section Results,link_only,6/23/2024,series_indy_nxt,INDY NXT,2024,event_indy_nxt_2024_5483,Grand Prix of Monterey Race 2,session_indy_nxt_2024_6327,race,Race,,,no,no,Official INDY NXT session report for Grand Prix of Monterey Race 2 Race.,http://www.imscdn.com/INDYCAR/Documents/6327/2024-06-23/indynxt-sectionresults-r2.pdf,1,900ddfcb701b1977f16e33501302742c328980f5ffcccd190d2e433bba0b5681
asset_indy_nxt_2024_6327_top_section_times,pdf,Top Section Times,link_only,6/23/2024,series_indy_nxt,INDY NXT,2024,event_indy_nxt_2024_5483,Grand Prix of Monterey Race 2,session_indy_nxt_2024_6327,race,Race,,,no,no,Official INDY NXT session report for Grand Prix of Monterey Race 2 Race.,http://www.imscdn.com/INDYCAR/Documents/6327/2024-06-23/indynxt-topsectiontimes-r2.pdf,1,900ddfcb701b1977f16e33501302742c328980f5ffcccd190d2e433bba0b5681
asset_indy_nxt_2026_6863_combined_results,pdf,Combined Results,link_only,6/6/2026,series_indy_nxt,INDY NXT,2026,event_indy_nxt_2026_5546,INDY NXT by Firestone at World Wide Technology Raceway,session_indy_nxt_2026_6863,practice,Practice,,,no,no,Official INDY NXT session report for INDY NXT by Firestone at World Wide Technology Raceway Practice.,http://www.imscdn.com/INDYCAR/Documents/5546/6863/indynxt-results-p1.pdf,1,900ddfcb701b1977f16e33501302742c328980f5ffcccd190d2e433bba0b5681
asset_indy_nxt_2026_6863_results,pdf,Results,link_only,6/6/2026,series_indy_nxt,INDY NXT,2026,event_indy_nxt_2026_5546,INDY NXT by Firestone at World Wide Technology Raceway,session_indy_nxt_2026_6863,practice,Practice,,,no,no,Official INDY NXT session report for INDY NXT by Firestone at World Wide Technology Raceway Practice.,http://www.imscdn.com/INDYCAR/Documents/5546/6863/indynxt-results-p1.pdf,1,900ddfcb701b1977f16e33501302742c328980f5ffcccd190d2e433bba0b5681
asset_indy_nxt_2026_6863_section_results,pdf,Section Results,link_only,6/6/2026,series_indy_nxt,INDY NXT,2026,event_indy_nxt_2026_5546,INDY NXT by Firestone at World Wide Technology Raceway,session_indy_nxt_2026_6863,practice,Practice,,,no,no,Official INDY NXT session report for INDY NXT by Firestone at World Wide Technology Raceway Practice.,http://www.imscdn.com/INDYCAR/Documents/5546/6863/indynxt-sectionresults-p1.pdf,1,900ddfcb701b1977f16e33501302742c328980f5ffcccd190d2e433bba0b5681
asset_indy_nxt_2026_6863_top_section_times,pdf,Top Section Times,link_only,6/6/2026,series_indy_nxt,INDY NXT,2026,event_indy_nxt_2026_5546,INDY NXT by Firestone at World Wide Technology Raceway,session_indy_nxt_2026_6863,practice,Practice,,,no,no,Official INDY NXT session report for INDY NXT by Firestone at World Wide Technology Raceway Practice.,http://www.imscdn.com/INDYCAR/Documents/5546/6863/indynxt-topsectiontimes-p1.pdf,1,900ddfcb701b1977f16e33501302742c328980f5ffcccd190d2e433bba0b5681
asset_indy_nxt_2026_6864_overall_results,pdf,Overall Results,link_only,6/6/2026,series_indy_nxt,INDY NXT,2026,event_indy_nxt_2026_5546,INDY NXT by Firestone at World Wide Technology Raceway,session_indy_nxt_2026_6864,qualifying,Qualifying,,,no,no,Official INDY NXT session report for INDY NXT by Firestone at World Wide Technology Raceway Qualifying.,http://www.imscdn.com/INDYCAR/Documents/5546/6864/indynxt-results-quals.pdf,1,900ddfcb701b1977f16e33501302742c328980f5ffcccd190d2e433bba0b5681
asset_indy_nxt_2026_6864_results,pdf,Results,link_only,6/6/2026,series_indy_nxt,INDY NXT,2026,event_indy_nxt_2026_5546,INDY NXT by Firestone at World Wide Technology Raceway,session_indy_nxt_2026_6864,qualifying,Qualifying,,,no,no,Official INDY NXT session report for INDY NXT by Firestone at World Wide Technology Raceway Qualifying.,http://www.imscdn.com/INDYCAR/Documents/5546/6864/indynxt-results-quals.pdf,1,900ddfcb701b1977f16e33501302742c328980f5ffcccd190d2e433bba0b5681
asset_indy_nxt_2026_6864_section_results,pdf,Section Results,link_only,6/6/2026,series_indy_nxt,INDY NXT,2026,event_indy_nxt_2026_5546,INDY NXT by Firestone at World Wide Technology Raceway,session_indy_nxt_2026_6864,qualifying,Qualifying,,,no,no,Official INDY NXT session report for INDY NXT by Firestone at World Wide Technology Raceway Qualifying.,http://www.imscdn.com/INDYCAR/Documents/5546/6864/indynxt-sectionresults-quals.pdf,1,900ddfcb701b1977f16e33501302742c328980f5ffcccd190d2e433bba0b5681
asset_indy_nxt_2026_6864_top_section_times,pdf,Top Section Times,link_only,6/6/2026,series_indy_nxt,INDY NXT,2026,event_indy_nxt_2026_5546,INDY NXT by Firestone at World Wide Technology Raceway,session_indy_nxt_2026_6864,qualifying,Qualifying,,,no,no,Official INDY NXT session report for INDY NXT by Firestone at World Wide Technology Raceway Qualifying.,http://www.imscdn.com/INDYCAR/Documents/5546/6864/indynxt-topsectiontimes-quals.pdf,1,900ddfcb701b1977f16e33501302742c328980f5ffcccd190d2e433bba0b5681
asset_indy_nxt_2024_6402_results,pdf,Results,link_only,6/7/2024,series_indy_nxt,INDY NXT,2024,event_indy_nxt_2024_5472,Grand Prix at Road America,session_indy_nxt_2024_6402,practice,Practice 1,,,no,no,Official INDY NXT session report for Grand Prix at Road America Practice 1.,http://www.imscdn.com/INDYCAR/Documents/6402/2024-06-07/indynxt-results-p1.pdf,1,900ddfcb701b1977f16e33501302742c328980f5ffcccd190d2e433bba0b5681
asset_indy_nxt_2024_6402_section_results,pdf,Section Results,link_only,6/7/2024,series_indy_nxt,INDY NXT,2024,event_indy_nxt_2024_5472,Grand Prix at Road America,session_indy_nxt_2024_6402,practice,Practice 1,,,no,no,Official INDY NXT session report for Grand Prix at Road America Practice 1.,http://www.imscdn.com/INDYCAR/Documents/6402/2024-06-07/indynxt-sectionresults-p1.pdf,1,900ddfcb701b1977f16e33501302742c328980f5ffcccd190d2e433bba0b5681
asset_indy_nxt_2024_6402_top_section_times,pdf,Top Section Times,link_only,6/7/2024,series_indy_nxt,INDY NXT,2024,event_indy_nxt_2024_5472,Grand Prix at Road America,session_indy_nxt_2024_6402,practice,Practice 1,,,no,no,Official INDY NXT session report for Grand Prix at Road America Practice 1.,http://www.imscdn.com/INDYCAR/Documents/6402/2024-06-07/indynxt-topsectiontimes-p1.pdf,1,900ddfcb701b1977f16e33501302742c328980f5ffcccd190d2e433bba0b5681
asset_indy_nxt_2026_6763_event_summary,pdf,Event Summary,link_only,6/7/2026,series_indy_nxt,INDY NXT,2026,event_indy_nxt_2026_5546,INDY NXT by Firestone at World Wide Technology Raceway,session_indy_nxt_2026_6763,race,Race,,,no,no,Official INDY NXT session report for INDY NXT by Firestone at World Wide Technology Raceway Race.,http://www.imscdn.com/INDYCAR/Documents/5546/6763/indynxt-eventsummary.pdf,1,900ddfcb701b1977f16e33501302742c328980f5ffcccd190d2e433bba0b5681
asset_indy_nxt_2026_6763_lap_chart,pdf,Lap Chart,link_only,6/7/2026,series_indy_nxt,INDY NXT,2026,event_indy_nxt_2026_5546,INDY NXT by Firestone at World Wide Technology Raceway,session_indy_nxt_2026_6763,race,Race,,,no,no,Official INDY NXT session report for INDY NXT by Firestone at World Wide Technology Raceway Race.,http://www.imscdn.com/INDYCAR/Documents/5546/6763/indynxt-race-lapchart.pdf,1,900ddfcb701b1977f16e33501302742c328980f5ffcccd190d2e433bba0b5681
asset_indy_nxt_2026_6763_leader_lap_summary,pdf,Leader Lap Summary,link_only,6/7/2026,series_indy_nxt,INDY NXT,2026,event_indy_nxt_2026_5546,INDY NXT by Firestone at World Wide Technology Raceway,session_indy_nxt_2026_6763,race,Race,,,no,no,Official INDY NXT session report for INDY NXT by Firestone at World Wide Technology Raceway Race.,http://www.imscdn.com/INDYCAR/Documents/5546/6763/indynxt-race-leaderlapsummary.pdf,1,900ddfcb701b1977f16e33501302742c328980f5ffcccd190d2e433bba0b5681
asset_indy_nxt_2026_6763_results,pdf,Results,link_only,6/7/2026,series_indy_nxt,INDY NXT,2026,event_indy_nxt_2026_5546,INDY NXT by Firestone at World Wide Technology Raceway,session_indy_nxt_2026_6763,race,Race,,,no,no,Official INDY NXT session report for INDY NXT by Firestone at World Wide Technology Raceway Race.,http://www.imscdn.com/INDYCAR/Documents/5546/6763/indynxt-race-results.pdf,1,900ddfcb701b1977f16e33501302742c328980f5ffcccd190d2e433bba0b5681
asset_indy_nxt_2026_6763_section_results,pdf,Section Results,link_only,6/7/2026,series_indy_nxt,INDY NXT,2026,event_indy_nxt_2026_5546,INDY NXT by Firestone at World Wide Technology Raceway,session_indy_nxt_2026_6763,race,Race,,,no,no,Official INDY NXT session report for INDY NXT by Firestone at World Wide Technology Raceway Race.,http://www.imscdn.com/INDYCAR/Documents/5546/6763/indynxt-sectionresults-race.pdf,1,900ddfcb701b1977f16e33501302742c328980f5ffcccd190d2e433bba0b5681
asset_indy_nxt_2026_6763_top_section_times,pdf,Top Section Times,link_only,6/7/2026,series_indy_nxt,INDY NXT,2026,event_indy_nxt_2026_5546,INDY NXT by Firestone at World Wide Technology Raceway,session_indy_nxt_2026_6763,race,Race,,,no,no,Official INDY NXT session report for INDY NXT by Firestone at World Wide Technology Raceway Race.,http://www.imscdn.com/INDYCAR/Documents/5546/6763/indynxt-topsectiontimes-race.pdf,1,900ddfcb701b1977f16e33501302742c328980f5ffcccd190d2e433bba0b5681
asset_indy_nxt_2024_6403_combined_results,pdf,Combined Results,link_only,6/8/2024,series_indy_nxt,INDY NXT,2024,event_indy_nxt_2024_5472,Grand Prix at Road America,session_indy_nxt_2024_6403,practice,Practice 2,,,no,no,Official INDY NXT session report for Grand Prix at Road America Practice 2.,http://www.imscdn.com/INDYCAR/Documents/6403/2024-06-08/indynxt-results-pcomb-p2.pdf,1,900ddfcb701b1977f16e33501302742c328980f5ffcccd190d2e433bba0b5681
asset_indy_nxt_2024_6403_results,pdf,Results,link_only,6/8/2024,series_indy_nxt,INDY NXT,2024,event_indy_nxt_2024_5472,Grand Prix at Road America,session_indy_nxt_2024_6403,practice,Practice 2,,,no,no,Official INDY NXT session report for Grand Prix at Road America Practice 2.,http://www.imscdn.com/INDYCAR/Documents/6403/2024-06-08/indynxt-results-p2.pdf,1,900ddfcb701b1977f16e33501302742c328980f5ffcccd190d2e433bba0b5681
asset_indy_nxt_2024_6403_section_results,pdf,Section Results,link_only,6/8/2024,series_indy_nxt,INDY NXT,2024,event_indy_nxt_2024_5472,Grand Prix at Road America,session_indy_nxt_2024_6403,practice,Practice 2,,,no,no,Official INDY NXT session report for Grand Prix at Road America Practice 2.,http://www.imscdn.com/INDYCAR/Documents/6403/2024-06-08/indynxt-sectionresults-p2.pdf,1,900ddfcb701b1977f16e33501302742c328980f5ffcccd190d2e433bba0b5681
asset_indy_nxt_2024_6403_top_section_times,pdf,Top Section Times,link_only,6/8/2024,series_indy_nxt,INDY NXT,2024,event_indy_nxt_2024_5472,Grand Prix at Road America,session_indy_nxt_2024_6403,practice,Practice 2,,,no,no,Official INDY NXT session report for Grand Prix at Road America Practice 2.,http://www.imscdn.com/INDYCAR/Documents/6403/2024-06-08/indynxt-topsectiontimes-p2.pdf,1,900ddfcb701b1977f16e33501302742c328980f5ffcccd190d2e433bba0b5681
asset_indy_nxt_2024_6404_overall_results,pdf,Overall Results,link_only,6/8/2024,series_indy_nxt,INDY NXT,2024,event_indy_nxt_2024_5472,Grand Prix at Road America,session_indy_nxt_2024_6404,qualifying,Qualifications - Group 1,,,no,no,Official INDY NXT session report for Grand Prix at Road America Qualifications - Group 1.,http://www.imscdn.com/INDYCAR/Documents/6404/2024-06-08/indynxt-results-quals.pdf,1,900ddfcb701b1977f16e33501302742c328980f5ffcccd190d2e433bba0b5681
asset_indy_nxt_2024_6404_results,pdf,Results,link_only,6/8/2024,series_indy_nxt,INDY NXT,2024,event_indy_nxt_2024_5472,Grand Prix at Road America,session_indy_nxt_2024_6404,qualifying,Qualifications - Group 1,,,no,no,Official INDY NXT session report for Grand Prix at Road America Qualifications - Group 1.,http://www.imscdn.com/INDYCAR/Documents/6404/2024-06-08/indynxt-results-quals-g1.pdf,1,900ddfcb701b1977f16e33501302742c328980f5ffcccd190d2e433bba0b5681
asset_indy_nxt_2024_6404_section_results,pdf,Section Results,link_only,6/8/2024,series_indy_nxt,INDY NXT,2024,event_indy_nxt_2024_5472,Grand Prix at Road America,session_indy_nxt_2024_6404,qualifying,Qualifications - Group 1,,,no,no,Official INDY NXT session report for Grand Prix at Road America Qualifications - Group 1.,http://www.imscdn.com/INDYCAR/Documents/6404/2024-06-08/indynxt-sectionresults-quals-g1.pdf,1,900ddfcb701b1977f16e33501302742c328980f5ffcccd190d2e433bba0b5681
asset_indy_nxt_2024_6404_top_section_times,pdf,Top Section Times,link_only,6/8/2024,series_indy_nxt,INDY NXT,2024,event_indy_nxt_2024_5472,Grand Prix at Road America,session_indy_nxt_2024_6404,qualifying,Qualifications - Group 1,,,no,no,Official INDY NXT session report for Grand Prix at Road America Qualifications - Group 1.,http://www.imscdn.com/INDYCAR/Documents/6404/2024-06-08/indynxt-topsectiontimes-quals-g1.pdf,1,900ddfcb701b1977f16e33501302742c328980f5ffcccd190d2e433bba0b5681
asset_indy_nxt_2024_6405_overall_results,pdf,Overall Results,link_only,6/8/2024,series_indy_nxt,INDY NXT,2024,event_indy_nxt_2024_5472,Grand Prix at Road America,session_indy_nxt_2024_6405,qualifying,Qualifications - Group 2,,,no,no,Official INDY NXT session report for Grand Prix at Road America Qualifications - Group 2.,http://www.imscdn.com/INDYCAR/Documents/6405/2024-06-08/indynxt-results-quals.pdf,1,900ddfcb701b1977f16e33501302742c328980f5ffcccd190d2e433bba0b5681
asset_indy_nxt_2024_6405_results,pdf,Results,link_only,6/8/2024,series_indy_nxt,INDY NXT,2024,event_indy_nxt_2024_5472,Grand Prix at Road America,session_indy_nxt_2024_6405,qualifying,Qualifications - Group 2,,,no,no,Official INDY NXT session report for Grand Prix at Road America Qualifications - Group 2.,http://www.imscdn.com/INDYCAR/Documents/6405/2024-06-08/indynxt-results-quals-g2.pdf,1,900ddfcb701b1977f16e33501302742c328980f5ffcccd190d2e433bba0b5681
asset_indy_nxt_2024_6405_section_results,pdf,Section Results,link_only,6/8/2024,series_indy_nxt,INDY NXT,2024,event_indy_nxt_2024_5472,Grand Prix at Road America,session_indy_nxt_2024_6405,qualifying,Qualifications - Group 2,,,no,no,Official INDY NXT session report for Grand Prix at Road America Qualifications - Group 2.,http://www.imscdn.com/INDYCAR/Documents/6405/2024-06-08/indynxt-sectionresults-quals-g2.pdf,1,900ddfcb701b1977f16e33501302742c328980f5ffcccd190d2e433bba0b5681
asset_indy_nxt_2024_6405_top_section_times,pdf,Top Section Times,link_only,6/8/2024,series_indy_nxt,INDY NXT,2024,event_indy_nxt_2024_5472,Grand Prix at Road America,session_indy_nxt_2024_6405,qualifying,Qualifications - Group 2,,,no,no,Official INDY NXT session report for Grand Prix at Road America Qualifications - Group 2.,http://www.imscdn.com/INDYCAR/Documents/6405/2024-06-08/indynxt-topsectiontimes-quals-g2.pdf,1,900ddfcb701b1977f16e33501302742c328980f5ffcccd190d2e433bba0b5681
asset_indy_nxt_2024_6316_event_summary,pdf,Event Summary,link_only,6/9/2024,series_indy_nxt,INDY NXT,2024,event_indy_nxt_2024_5472,Grand Prix at Road America,session_indy_nxt_2024_6316,race,Race,,,no,no,Official INDY NXT session report for Grand Prix at Road America Race.,http://www.imscdn.com/INDYCAR/Documents/6316/2024-06-09/indynxt-eventsummary.pdf,1,900ddfcb701b1977f16e33501302742c328980f5ffcccd190d2e433bba0b5681
asset_indy_nxt_2024_6316_lap_chart,pdf,Lap Chart,link_only,6/9/2024,series_indy_nxt,INDY NXT,2024,event_indy_nxt_2024_5472,Grand Prix at Road America,session_indy_nxt_2024_6316,race,Race,,,no,no,Official INDY NXT session report for Grand Prix at Road America Race.,http://www.imscdn.com/INDYCAR/Documents/6316/2024-06-09/indynxt-race-lapchart.pdf,1,900ddfcb701b1977f16e33501302742c328980f5ffcccd190d2e433bba0b5681
asset_indy_nxt_2024_6316_leader_lap_summary,pdf,Leader Lap Summary,link_only,6/9/2024,series_indy_nxt,INDY NXT,2024,event_indy_nxt_2024_5472,Grand Prix at Road America,session_indy_nxt_2024_6316,race,Race,,,no,no,Official INDY NXT session report for Grand Prix at Road America Race.,http://www.imscdn.com/INDYCAR/Documents/6316/2024-06-09/indynxt-race-leaderlapsummary.pdf,1,900ddfcb701b1977f16e33501302742c328980f5ffcccd190d2e433bba0b5681
asset_indy_nxt_2024_6316_results,pdf,Results,link_only,6/9/2024,series_indy_nxt,INDY NXT,2024,event_indy_nxt_2024_5472,Grand Prix at Road America,session_indy_nxt_2024_6316,race,Race,,,no,no,Official INDY NXT session report for Grand Prix at Road America Race.,http://www.imscdn.com/INDYCAR/Documents/6316/2024-06-09/indynxt-race-results.pdf,1,900ddfcb701b1977f16e33501302742c328980f5ffcccd190d2e433bba0b5681
asset_indy_nxt_2024_6316_section_results,pdf,Section Results,link_only,6/9/2024,series_indy_nxt,INDY NXT,2024,event_indy_nxt_2024_5472,Grand Prix at Road America,session_indy_nxt_2024_6316,race,Race,,,no,no,Official INDY NXT session report for Grand Prix at Road America Race.,http://www.imscdn.com/INDYCAR/Documents/6316/2024-06-09/indynxt-sectionresults-race.pdf,1,900ddfcb701b1977f16e33501302742c328980f5ffcccd190d2e433bba0b5681
asset_indy_nxt_2024_6316_top_section_times,pdf,Top Section Times,link_only,6/9/2024,series_indy_nxt,INDY NXT,2024,event_indy_nxt_2024_5472,Grand Prix at Road America,session_indy_nxt_2024_6316,race,Race,,,no,no,Official INDY NXT session report for Grand Prix at Road America Race.,http://www.imscdn.com/INDYCAR/Documents/6316/2024-06-09/indynxt-topsectiontimes-race.pdf,1,900ddfcb701b1977f16e33501302742c328980f5ffcccd190d2e433bba0b5681
asset_indy_nxt_2025_6596_overall_results,pdf,Overall Results,link_only,7/11/2025,series_indy_nxt,INDY NXT,2025,event_indy_nxt_2025_5493,INDY NXT by Firestone at Iowa Speedway,session_indy_nxt_2025_6596,qualifying,Qualifications,,,no,no,Official INDY NXT session report for INDY NXT by Firestone at Iowa Speedway Qualifications.,http://www.imscdn.com/INDYCAR/Documents/6596/2025-07-11/indynxt-results-quals.pdf,1,900ddfcb701b1977f16e33501302742c328980f5ffcccd190d2e433bba0b5681
asset_indy_nxt_2025_6596_results,pdf,Results,link_only,7/11/2025,series_indy_nxt,INDY NXT,2025,event_indy_nxt_2025_5493,INDY NXT by Firestone at Iowa Speedway,session_indy_nxt_2025_6596,qualifying,Qualifications,,,no,no,Official INDY NXT session report for INDY NXT by Firestone at Iowa Speedway Qualifications.,http://www.imscdn.com/INDYCAR/Documents/6596/2025-07-11/indynxt-results-quals.pdf,1,900ddfcb701b1977f16e33501302742c328980f5ffcccd190d2e433bba0b5681
asset_indy_nxt_2025_6596_section_results,pdf,Section Results,link_only,7/11/2025,series_indy_nxt,INDY NXT,2025,event_indy_nxt_2025_5493,INDY NXT by Firestone at Iowa Speedway,session_indy_nxt_2025_6596,qualifying,Qualifications,,,no,no,Official INDY NXT session report for INDY NXT by Firestone at Iowa Speedway Qualifications.,http://www.imscdn.com/INDYCAR/Documents/6596/2025-07-11/indynxt-sectionresults-quals.pdf,1,900ddfcb701b1977f16e33501302742c328980f5ffcccd190d2e433bba0b5681
asset_indy_nxt_2025_6596_top_section_times,pdf,Top Section Times,link_only,7/11/2025,series_indy_nxt,INDY NXT,2025,event_indy_nxt_2025_5493,INDY NXT by Firestone at Iowa Speedway,session_indy_nxt_2025_6596,qualifying,Qualifications,,,no,no,Official INDY NXT session report for INDY NXT by Firestone at Iowa Speedway Qualifications.,http://www.imscdn.com/INDYCAR/Documents/6596/2025-07-11/indynxt-topsectiontimes-quals.pdf,1,900ddfcb701b1977f16e33501302742c328980f5ffcccd190d2e433bba0b5681
asset_indy_nxt_2025_6690_combined_results,pdf,Combined Results,link_only,7/11/2025,series_indy_nxt,INDY NXT,2025,event_indy_nxt_2025_5493,INDY NXT by Firestone at Iowa Speedway,session_indy_nxt_2025_6690,practice,Practice,,,no,no,Official INDY NXT session report for INDY NXT by Firestone at Iowa Speedway Practice.,http://www.imscdn.com/INDYCAR/Documents/6690/2025-07-11/indynxt-results-p1.pdf,1,900ddfcb701b1977f16e33501302742c328980f5ffcccd190d2e433bba0b5681
asset_indy_nxt_2025_6690_results,pdf,Results,link_only,7/11/2025,series_indy_nxt,INDY NXT,2025,event_indy_nxt_2025_5493,INDY NXT by Firestone at Iowa Speedway,session_indy_nxt_2025_6690,practice,Practice,,,no,no,Official INDY NXT session report for INDY NXT by Firestone at Iowa Speedway Practice.,http://www.imscdn.com/INDYCAR/Documents/6690/2025-07-11/indynxt-results-p1.pdf,1,900ddfcb701b1977f16e33501302742c328980f5ffcccd190d2e433bba0b5681
asset_indy_nxt_2025_6690_section_results,pdf,Section Results,link_only,7/11/2025,series_indy_nxt,INDY NXT,2025,event_indy_nxt_2025_5493,INDY NXT by Firestone at Iowa Speedway,session_indy_nxt_2025_6690,practice,Practice,,,no,no,Official INDY NXT session report for INDY NXT by Firestone at Iowa Speedway Practice.,http://www.imscdn.com/INDYCAR/Documents/6690/2025-07-11/indynxt-sectionresults-p1.pdf,1,900ddfcb701b1977f16e33501302742c328980f5ffcccd190d2e433bba0b5681
asset_indy_nxt_2025_6690_top_section_times,pdf,Top Section Times,link_only,7/11/2025,series_indy_nxt,INDY NXT,2025,event_indy_nxt_2025_5493,INDY NXT by Firestone at Iowa Speedway,session_indy_nxt_2025_6690,practice,Practice,,,no,no,Official INDY NXT session report for INDY NXT by Firestone at Iowa Speedway Practice.,http://www.imscdn.com/INDYCAR/Documents/6690/2025-07-11/indynxt-topsectiontimes-p1.pdf,1,900ddfcb701b1977f16e33501302742c328980f5ffcccd190d2e433bba0b5681
asset_indy_nxt_2024_6437_results,pdf,Results,link_only,7/12/2024,series_indy_nxt,INDY NXT,2024,event_indy_nxt_2024_5475,INDY NXT by Firestone at Iowa Speedway,session_indy_nxt_2024_6437,practice,Practice,,,no,no,Official INDY NXT session report for INDY NXT by Firestone at Iowa Speedway Practice.,http://www.imscdn.com/INDYCAR/Documents/6437/2024-07-12/indynxt-results-p1.pdf,1,900ddfcb701b1977f16e33501302742c328980f5ffcccd190d2e433bba0b5681
asset_indy_nxt_2024_6437_section_results,pdf,Section Results,link_only,7/12/2024,series_indy_nxt,INDY NXT,2024,event_indy_nxt_2024_5475,INDY NXT by Firestone at Iowa Speedway,session_indy_nxt_2024_6437,practice,Practice,,,no,no,Official INDY NXT session report for INDY NXT by Firestone at Iowa Speedway Practice.,http://www.imscdn.com/INDYCAR/Documents/6437/2024-07-12/indynxt-sectionresults-p1.pdf,1,900ddfcb701b1977f16e33501302742c328980f5ffcccd190d2e433bba0b5681
asset_indy_nxt_2024_6437_top_section_times,pdf,Top Section Times,link_only,7/12/2024,series_indy_nxt,INDY NXT,2024,event_indy_nxt_2024_5475,INDY NXT by Firestone at Iowa Speedway,session_indy_nxt_2024_6437,practice,Practice,,,no,no,Official INDY NXT session report for INDY NXT by Firestone at Iowa Speedway Practice.,http://www.imscdn.com/INDYCAR/Documents/6437/2024-07-12/indynxt-topsectiontimes-p1.pdf,1,900ddfcb701b1977f16e33501302742c328980f5ffcccd190d2e433bba0b5681
asset_indy_nxt_2024_6438_overall_results,pdf,Overall Results,link_only,7/12/2024,series_indy_nxt,INDY NXT,2024,event_indy_nxt_2024_5475,INDY NXT by Firestone at Iowa Speedway,session_indy_nxt_2024_6438,qualifying,Qualifications,,,no,no,Official INDY NXT session report for INDY NXT by Firestone at Iowa Speedway Qualifications.,http://www.imscdn.com/INDYCAR/Documents/6438/2024-07-12/indynxt-results-quals.pdf,1,900ddfcb701b1977f16e33501302742c328980f5ffcccd190d2e433bba0b5681
asset_indy_nxt_2024_6438_results,pdf,Results,link_only,7/12/2024,series_indy_nxt,INDY NXT,2024,event_indy_nxt_2024_5475,INDY NXT by Firestone at Iowa Speedway,session_indy_nxt_2024_6438,qualifying,Qualifications,,,no,no,Official INDY NXT session report for INDY NXT by Firestone at Iowa Speedway Qualifications.,http://www.imscdn.com/INDYCAR/Documents/6438/2024-07-12/indynxt-results-quals.pdf,1,900ddfcb701b1977f16e33501302742c328980f5ffcccd190d2e433bba0b5681
asset_indy_nxt_2024_6438_section_results,pdf,Section Results,link_only,7/12/2024,series_indy_nxt,INDY NXT,2024,event_indy_nxt_2024_5475,INDY NXT by Firestone at Iowa Speedway,session_indy_nxt_2024_6438,qualifying,Qualifications,,,no,no,Official INDY NXT session report for INDY NXT by Firestone at Iowa Speedway Qualifications.,http://www.imscdn.com/INDYCAR/Documents/6438/2024-07-12/indynxt-sectionresults-quals.pdf,1,900ddfcb701b1977f16e33501302742c328980f5ffcccd190d2e433bba0b5681
asset_indy_nxt_2024_6438_top_section_times,pdf,Top Section Times,link_only,7/12/2024,series_indy_nxt,INDY NXT,2024,event_indy_nxt_2024_5475,INDY NXT by Firestone at Iowa Speedway,session_indy_nxt_2024_6438,qualifying,Qualifications,,,no,no,Official INDY NXT session report for INDY NXT by Firestone at Iowa Speedway Qualifications.,http://www.imscdn.com/INDYCAR/Documents/6438/2024-07-12/indynxt-topsectiontimes-quals.pdf,1,900ddfcb701b1977f16e33501302742c328980f5ffcccd190d2e433bba0b5681
asset_indy_nxt_2025_6451_box_score,pdf,Box Score,link_only,7/12/2025,series_indy_nxt,INDY NXT,2025,event_indy_nxt_2025_5493,INDY NXT by Firestone at Iowa Speedway,session_indy_nxt_2025_6451,race,Race,,,no,no,Official INDY NXT session report for INDY NXT by Firestone at Iowa Speedway Race.,http://www.imscdn.com/INDYCAR/Documents/6451/2025-07-12/indynxt-officialracefinalpostings.pdf,1,900ddfcb701b1977f16e33501302742c328980f5ffcccd190d2e433bba0b5681
asset_indy_nxt_2025_6451_event_summary,pdf,Event Summary,link_only,7/12/2025,series_indy_nxt,INDY NXT,2025,event_indy_nxt_2025_5493,INDY NXT by Firestone at Iowa Speedway,session_indy_nxt_2025_6451,race,Race,,,no,no,Official INDY NXT session report for INDY NXT by Firestone at Iowa Speedway Race.,http://www.imscdn.com/INDYCAR/Documents/6451/2025-07-12/indynxt-eventsummary.pdf,1,900ddfcb701b1977f16e33501302742c328980f5ffcccd190d2e433bba0b5681
asset_indy_nxt_2025_6451_lap_chart,pdf,Lap Chart,link_only,7/12/2025,series_indy_nxt,INDY NXT,2025,event_indy_nxt_2025_5493,INDY NXT by Firestone at Iowa Speedway,session_indy_nxt_2025_6451,race,Race,,,no,no,Official INDY NXT session report for INDY NXT by Firestone at Iowa Speedway Race.,http://www.imscdn.com/INDYCAR/Documents/6451/2025-07-12/indynxt-race-lapchart.pdf,1,900ddfcb701b1977f16e33501302742c328980f5ffcccd190d2e433bba0b5681
asset_indy_nxt_2025_6451_leader_lap_summary,pdf,Leader Lap Summary,link_only,7/12/2025,series_indy_nxt,INDY NXT,2025,event_indy_nxt_2025_5493,INDY NXT by Firestone at Iowa Speedway,session_indy_nxt_2025_6451,race,Race,,,no,no,Official INDY NXT session report for INDY NXT by Firestone at Iowa Speedway Race.,http://www.imscdn.com/INDYCAR/Documents/6451/2025-07-12/indynxt-race-leaderlapsummary.pdf,1,900ddfcb701b1977f16e33501302742c328980f5ffcccd190d2e433bba0b5681
asset_indy_nxt_2025_6451_results,pdf,Results,link_only,7/12/2025,series_indy_nxt,INDY NXT,2025,event_indy_nxt_2025_5493,INDY NXT by Firestone at Iowa Speedway,session_indy_nxt_2025_6451,race,Race,,,no,no,Official INDY NXT session report for INDY NXT by Firestone at Iowa Speedway Race.,http://www.imscdn.com/INDYCAR/Documents/6451/2025-07-12/indynxt-race-results.pdf,1,900ddfcb701b1977f16e33501302742c328980f5ffcccd190d2e433bba0b5681
asset_indy_nxt_2025_6451_section_results,pdf,Section Results,link_only,7/12/2025,series_indy_nxt,INDY NXT,2025,event_indy_nxt_2025_5493,INDY NXT by Firestone at Iowa Speedway,session_indy_nxt_2025_6451,race,Race,,,no,no,Official INDY NXT session report for INDY NXT by Firestone at Iowa Speedway Race.,http://www.imscdn.com/INDYCAR/Documents/6451/2025-07-12/indynxt-sectionresults-race.pdf,1,900ddfcb701b1977f16e33501302742c328980f5ffcccd190d2e433bba0b5681
asset_indy_nxt_2025_6451_top_section_times,pdf,Top Section Times,link_only,7/12/2025,series_indy_nxt,INDY NXT,2025,event_indy_nxt_2025_5493,INDY NXT by Firestone at Iowa Speedway,session_indy_nxt_2025_6451,race,Race,,,no,no,Official INDY NXT session report for INDY NXT by Firestone at Iowa Speedway Race.,http://www.imscdn.com/INDYCAR/Documents/6451/2025-07-12/indynxt-topsectiontimes-race.pdf,1,900ddfcb701b1977f16e33501302742c328980f5ffcccd190d2e433bba0b5681
asset_indy_nxt_2024_6319_box_score,pdf,Box Score,link_only,7/13/2024,series_indy_nxt,INDY NXT,2024,event_indy_nxt_2024_5475,INDY NXT by Firestone at Iowa Speedway,session_indy_nxt_2024_6319,race,Race,,,no,no,Official INDY NXT session report for INDY NXT by Firestone at Iowa Speedway Race.,http://www.imscdn.com/INDYCAR/Documents/6319/2024-07-23/indynxt-officialraceresults.pdf,1,900ddfcb701b1977f16e33501302742c328980f5ffcccd190d2e433bba0b5681
asset_indy_nxt_2024_6319_event_summary,pdf,Event Summary,link_only,7/13/2024,series_indy_nxt,INDY NXT,2024,event_indy_nxt_2024_5475,INDY NXT by Firestone at Iowa Speedway,session_indy_nxt_2024_6319,race,Race,,,no,no,Official INDY NXT session report for INDY NXT by Firestone at Iowa Speedway Race.,http://www.imscdn.com/INDYCAR/Documents/6319/2024-07-13/indynxt-eventsummary.pdf,1,900ddfcb701b1977f16e33501302742c328980f5ffcccd190d2e433bba0b5681
asset_indy_nxt_2024_6319_lap_chart,pdf,Lap Chart,link_only,7/13/2024,series_indy_nxt,INDY NXT,2024,event_indy_nxt_2024_5475,INDY NXT by Firestone at Iowa Speedway,session_indy_nxt_2024_6319,race,Race,,,no,no,Official INDY NXT session report for INDY NXT by Firestone at Iowa Speedway Race.,http://www.imscdn.com/INDYCAR/Documents/6319/2024-07-13/indynxt-race-lapchart.pdf,1,900ddfcb701b1977f16e33501302742c328980f5ffcccd190d2e433bba0b5681
asset_indy_nxt_2024_6319_leader_lap_summary,pdf,Leader Lap Summary,link_only,7/13/2024,series_indy_nxt,INDY NXT,2024,event_indy_nxt_2024_5475,INDY NXT by Firestone at Iowa Speedway,session_indy_nxt_2024_6319,race,Race,,,no,no,Official INDY NXT session report for INDY NXT by Firestone at Iowa Speedway Race.,http://www.imscdn.com/INDYCAR/Documents/6319/2024-07-13/indynxt-race-leaderlapsummary.pdf,1,900ddfcb701b1977f16e33501302742c328980f5ffcccd190d2e433bba0b5681
asset_indy_nxt_2024_6319_results,pdf,Results,link_only,7/13/2024,series_indy_nxt,INDY NXT,2024,event_indy_nxt_2024_5475,INDY NXT by Firestone at Iowa Speedway,session_indy_nxt_2024_6319,race,Race,,,no,no,Official INDY NXT session report for INDY NXT by Firestone at Iowa Speedway Race.,http://www.imscdn.com/INDYCAR/Documents/6319/2024-07-23/indynxt-race-results.pdf,1,900ddfcb701b1977f16e33501302742c328980f5ffcccd190d2e433bba0b5681
asset_indy_nxt_2024_6319_section_results,pdf,Section Results,link_only,7/13/2024,series_indy_nxt,INDY NXT,2024,event_indy_nxt_2024_5475,INDY NXT by Firestone at Iowa Speedway,session_indy_nxt_2024_6319,race,Race,,,no,no,Official INDY NXT session report for INDY NXT by Firestone at Iowa Speedway Race.,http://www.imscdn.com/INDYCAR/Documents/6319/2024-07-13/indynxt-sectionresults-race.pdf,1,900ddfcb701b1977f16e33501302742c328980f5ffcccd190d2e433bba0b5681
asset_indy_nxt_2024_6319_top_section_times,pdf,Top Section Times,link_only,7/13/2024,series_indy_nxt,INDY NXT,2024,event_indy_nxt_2024_5475,INDY NXT by Firestone at Iowa Speedway,session_indy_nxt_2024_6319,race,Race,,,no,no,Official INDY NXT session report for INDY NXT by Firestone at Iowa Speedway Race.,http://www.imscdn.com/INDYCAR/Documents/6319/2024-07-13/indynxt-topsectiontimes-race.pdf,1,900ddfcb701b1977f16e33501302742c328980f5ffcccd190d2e433bba0b5681
asset_indy_nxt_2025_6707_combined_results,pdf,Combined Results,link_only,7/25/2025,series_indy_nxt,INDY NXT,2025,event_indy_nxt_2025_5484,Grand Prix of Monterey Race 1,session_indy_nxt_2025_6707,practice,Practice 1,,,no,no,Official INDY NXT session report for Grand Prix of Monterey Race 1 Practice 1.,http://www.imscdn.com/INDYCAR/Documents/6707/2025-07-25/indynxt-results-p1.pdf,1,900ddfcb701b1977f16e33501302742c328980f5ffcccd190d2e433bba0b5681
asset_indy_nxt_2025_6707_results,pdf,Results,link_only,7/25/2025,series_indy_nxt,INDY NXT,2025,event_indy_nxt_2025_5484,Grand Prix of Monterey Race 1,session_indy_nxt_2025_6707,practice,Practice 1,,,no,no,Official INDY NXT session report for Grand Prix of Monterey Race 1 Practice 1.,http://www.imscdn.com/INDYCAR/Documents/6707/2025-07-25/indynxt-results-p1.pdf,1,900ddfcb701b1977f16e33501302742c328980f5ffcccd190d2e433bba0b5681
asset_indy_nxt_2025_6707_section_results,pdf,Section Results,link_only,7/25/2025,series_indy_nxt,INDY NXT,2025,event_indy_nxt_2025_5484,Grand Prix of Monterey Race 1,session_indy_nxt_2025_6707,practice,Practice 1,,,no,no,Official INDY NXT session report for Grand Prix of Monterey Race 1 Practice 1.,http://www.imscdn.com/INDYCAR/Documents/6707/2025-07-25/indynxt-sectionresults-p1.pdf,1,900ddfcb701b1977f16e33501302742c328980f5ffcccd190d2e433bba0b5681
asset_indy_nxt_2025_6707_top_section_times,pdf,Top Section Times,link_only,7/25/2025,series_indy_nxt,INDY NXT,2025,event_indy_nxt_2025_5484,Grand Prix of Monterey Race 1,session_indy_nxt_2025_6707,practice,Practice 1,,,no,no,Official INDY NXT session report for Grand Prix of Monterey Race 1 Practice 1.,http://www.imscdn.com/INDYCAR/Documents/6707/2025-07-25/indynxt-topsectiontimes-p1.pdf,1,900ddfcb701b1977f16e33501302742c328980f5ffcccd190d2e433bba0b5681
asset_indy_nxt_2025_6708_combined_results,pdf,Combined Results,link_only,7/25/2025,series_indy_nxt,INDY NXT,2025,event_indy_nxt_2025_5484,Grand Prix of Monterey Race 1,session_indy_nxt_2025_6708,practice,Practice 2,,,no,no,Official INDY NXT session report for Grand Prix of Monterey Race 1 Practice 2.,http://www.imscdn.com/INDYCAR/Documents/6708/2025-07-25/indynxt-results-pcomb-p2.pdf,1,900ddfcb701b1977f16e33501302742c328980f5ffcccd190d2e433bba0b5681
asset_indy_nxt_2025_6708_results,pdf,Results,link_only,7/25/2025,series_indy_nxt,INDY NXT,2025,event_indy_nxt_2025_5484,Grand Prix of Monterey Race 1,session_indy_nxt_2025_6708,practice,Practice 2,,,no,no,Official INDY NXT session report for Grand Prix of Monterey Race 1 Practice 2.,http://www.imscdn.com/INDYCAR/Documents/6708/2025-07-25/indynxt-results-p2.pdf,1,900ddfcb701b1977f16e33501302742c328980f5ffcccd190d2e433bba0b5681
asset_indy_nxt_2025_6708_section_results,pdf,Section Results,link_only,7/25/2025,series_indy_nxt,INDY NXT,2025,event_indy_nxt_2025_5484,Grand Prix of Monterey Race 1,session_indy_nxt_2025_6708,practice,Practice 2,,,no,no,Official INDY NXT session report for Grand Prix of Monterey Race 1 Practice 2.,http://www.imscdn.com/INDYCAR/Documents/6708/2025-07-25/indynxt-sectionresults-p2.pdf,1,900ddfcb701b1977f16e33501302742c328980f5ffcccd190d2e433bba0b5681
asset_indy_nxt_2025_6708_top_section_times,pdf,Top Section Times,link_only,7/25/2025,series_indy_nxt,INDY NXT,2025,event_indy_nxt_2025_5484,Grand Prix of Monterey Race 1,session_indy_nxt_2025_6708,practice,Practice 2,,,no,no,Official INDY NXT session report for Grand Prix of Monterey Race 1 Practice 2.,http://www.imscdn.com/INDYCAR/Documents/6708/2025-07-25/indynxt-topsectiontimes-p2.pdf,1,900ddfcb701b1977f16e33501302742c328980f5ffcccd190d2e433bba0b5681
asset_indy_nxt_2025_6442_box_score,pdf,Box Score,link_only,7/26/2025,series_indy_nxt,INDY NXT,2025,event_indy_nxt_2025_5484,Grand Prix of Monterey Race 1,session_indy_nxt_2025_6442,race,Race,,,no,no,Official INDY NXT session report for Grand Prix of Monterey Race 1 Race.,http://www.imscdn.com/INDYCAR/Documents/6442/2025-07-26/indynxt-officialracefinalpostings-r1.pdf,1,900ddfcb701b1977f16e33501302742c328980f5ffcccd190d2e433bba0b5681
asset_indy_nxt_2025_6442_event_summary,pdf,Event Summary,link_only,7/26/2025,series_indy_nxt,INDY NXT,2025,event_indy_nxt_2025_5484,Grand Prix of Monterey Race 1,session_indy_nxt_2025_6442,race,Race,,,no,no,Official INDY NXT session report for Grand Prix of Monterey Race 1 Race.,http://www.imscdn.com/INDYCAR/Documents/6442/2025-07-26/indynxt-eventsummary-r1.pdf,1,900ddfcb701b1977f16e33501302742c328980f5ffcccd190d2e433bba0b5681
asset_indy_nxt_2025_6442_lap_chart,pdf,Lap Chart,link_only,7/26/2025,series_indy_nxt,INDY NXT,2025,event_indy_nxt_2025_5484,Grand Prix of Monterey Race 1,session_indy_nxt_2025_6442,race,Race,,,no,no,Official INDY NXT session report for Grand Prix of Monterey Race 1 Race.,http://www.imscdn.com/INDYCAR/Documents/6442/2025-07-26/indynxt-race-lapchart-r1.pdf,1,900ddfcb701b1977f16e33501302742c328980f5ffcccd190d2e433bba0b5681
asset_indy_nxt_2025_6442_leader_lap_summary,pdf,Leader Lap Summary,link_only,7/26/2025,series_indy_nxt,INDY NXT,2025,event_indy_nxt_2025_5484,Grand Prix of Monterey Race 1,session_indy_nxt_2025_6442,race,Race,,,no,no,Official INDY NXT session report for Grand Prix of Monterey Race 1 Race.,http://www.imscdn.com/INDYCAR/Documents/6442/2025-07-26/indynxt-race-leaderlapsummary-r1.pdf,1,900ddfcb701b1977f16e33501302742c328980f5ffcccd190d2e433bba0b5681
asset_indy_nxt_2025_6442_results,pdf,Results,link_only,7/26/2025,series_indy_nxt,INDY NXT,2025,event_indy_nxt_2025_5484,Grand Prix of Monterey Race 1,session_indy_nxt_2025_6442,race,Race,,,no,no,Official INDY NXT session report for Grand Prix of Monterey Race 1 Race.,http://www.imscdn.com/INDYCAR/Documents/6442/2025-07-26/indynxt-race-results-r1.pdf,1,900ddfcb701b1977f16e33501302742c328980f5ffcccd190d2e433bba0b5681
asset_indy_nxt_2025_6442_section_results,pdf,Section Results,link_only,7/26/2025,series_indy_nxt,INDY NXT,2025,event_indy_nxt_2025_5484,Grand Prix of Monterey Race 1,session_indy_nxt_2025_6442,race,Race,,,no,no,Official INDY NXT session report for Grand Prix of Monterey Race 1 Race.,http://www.imscdn.com/INDYCAR/Documents/6442/2025-07-26/indynxt-sectionresults-r1.pdf,1,900ddfcb701b1977f16e33501302742c328980f5ffcccd190d2e433bba0b5681
asset_indy_nxt_2025_6442_top_section_times,pdf,Top Section Times,link_only,7/26/2025,series_indy_nxt,INDY NXT,2025,event_indy_nxt_2025_5484,Grand Prix of Monterey Race 1,session_indy_nxt_2025_6442,race,Race,,,no,no,Official INDY NXT session report for Grand Prix of Monterey Race 1 Race.,http://www.imscdn.com/INDYCAR/Documents/6442/2025-07-26/indynxt-topsectiontimes-r1.pdf,1,900ddfcb701b1977f16e33501302742c328980f5ffcccd190d2e433bba0b5681
asset_indy_nxt_2025_6589_overall_results,pdf,Overall Results,link_only,7/26/2025,series_indy_nxt,INDY NXT,2025,event_indy_nxt_2025_5484,Grand Prix of Monterey Race 1,session_indy_nxt_2025_6589,qualifying,Combined Qualifications,,,no,no,Official INDY NXT session report for Grand Prix of Monterey Race 1 Combined Qualifications.,http://www.imscdn.com/INDYCAR/Documents/6589/2025-07-26/indynxt-results-quals-r1.pdf,1,900ddfcb701b1977f16e33501302742c328980f5ffcccd190d2e433bba0b5681
asset_indy_nxt_2025_6595_overall_results,pdf,Overall Results,link_only,7/26/2025,series_indy_nxt,INDY NXT,2025,event_indy_nxt_2025_5492,Grand Prix of Monterey Race 2,session_indy_nxt_2025_6595,qualifying,Combined Qualifications,,,no,no,Official INDY NXT session report for Grand Prix of Monterey Race 2 Combined Qualifications.,http://www.imscdn.com/INDYCAR/Documents/6595/2025-07-26/indynxt-results-quals-r2.pdf,1,900ddfcb701b1977f16e33501302742c328980f5ffcccd190d2e433bba0b5681
asset_indy_nxt_2025_6709_overall_results,pdf,Overall Results,link_only,7/26/2025,series_indy_nxt,INDY NXT,2025,event_indy_nxt_2025_5484,Grand Prix of Monterey Race 1,session_indy_nxt_2025_6709,qualifying,Qualifications - Race 1 Group 1,,,no,no,Official INDY NXT session report for Grand Prix of Monterey Race 1 Qualifications - Race 1 Group 1.,http://www.imscdn.com/INDYCAR/Documents/6709/2025-07-26/indynxt-results-quals-r1.pdf,1,900ddfcb701b1977f16e33501302742c328980f5ffcccd190d2e433bba0b5681
asset_indy_nxt_2025_6709_results,pdf,Results,link_only,7/26/2025,series_indy_nxt,INDY NXT,2025,event_indy_nxt_2025_5484,Grand Prix of Monterey Race 1,session_indy_nxt_2025_6709,qualifying,Qualifications - Race 1 Group 1,,,no,no,Official INDY NXT session report for Grand Prix of Monterey Race 1 Qualifications - Race 1 Group 1.,http://www.imscdn.com/INDYCAR/Documents/6709/2025-07-26/indynxt-results-quals-g1r1.pdf,1,900ddfcb701b1977f16e33501302742c328980f5ffcccd190d2e433bba0b5681
asset_indy_nxt_2025_6709_section_results,pdf,Section Results,link_only,7/26/2025,series_indy_nxt,INDY NXT,2025,event_indy_nxt_2025_5484,Grand Prix of Monterey Race 1,session_indy_nxt_2025_6709,qualifying,Qualifications - Race 1 Group 1,,,no,no,Official INDY NXT session report for Grand Prix of Monterey Race 1 Qualifications - Race 1 Group 1.,http://www.imscdn.com/INDYCAR/Documents/6709/2025-07-26/indynxt-sectionresults-quals-g1.pdf,1,900ddfcb701b1977f16e33501302742c328980f5ffcccd190d2e433bba0b5681
asset_indy_nxt_2025_6709_top_section_times,pdf,Top Section Times,link_only,7/26/2025,series_indy_nxt,INDY NXT,2025,event_indy_nxt_2025_5484,Grand Prix of Monterey Race 1,session_indy_nxt_2025_6709,qualifying,Qualifications - Race 1 Group 1,,,no,no,Official INDY NXT session report for Grand Prix of Monterey Race 1 Qualifications - Race 1 Group 1.,http://www.imscdn.com/INDYCAR/Documents/6709/2025-07-26/indynxt-topsectiontimes-quals-g1.pdf,1,900ddfcb701b1977f16e33501302742c328980f5ffcccd190d2e433bba0b5681
asset_indy_nxt_2025_6710_overall_results,pdf,Overall Results,link_only,7/26/2025,series_indy_nxt,INDY NXT,2025,event_indy_nxt_2025_5484,Grand Prix of Monterey Race 1,session_indy_nxt_2025_6710,qualifying,Qualifications - Race 1 Group 2,,,no,no,Official INDY NXT session report for Grand Prix of Monterey Race 1 Qualifications - Race 1 Group 2.,http://www.imscdn.com/INDYCAR/Documents/6710/2025-07-26/indynxt-results-quals-r1.pdf,1,900ddfcb701b1977f16e33501302742c328980f5ffcccd190d2e433bba0b5681
asset_indy_nxt_2025_6710_results,pdf,Results,link_only,7/26/2025,series_indy_nxt,INDY NXT,2025,event_indy_nxt_2025_5484,Grand Prix of Monterey Race 1,session_indy_nxt_2025_6710,qualifying,Qualifications - Race 1 Group 2,,,no,no,Official INDY NXT session report for Grand Prix of Monterey Race 1 Qualifications - Race 1 Group 2.,http://www.imscdn.com/INDYCAR/Documents/6710/2025-07-26/indynxt-results-quals-g2r1.pdf,1,900ddfcb701b1977f16e33501302742c328980f5ffcccd190d2e433bba0b5681
asset_indy_nxt_2025_6710_section_results,pdf,Section Results,link_only,7/26/2025,series_indy_nxt,INDY NXT,2025,event_indy_nxt_2025_5484,Grand Prix of Monterey Race 1,session_indy_nxt_2025_6710,qualifying,Qualifications - Race 1 Group 2,,,no,no,Official INDY NXT session report for Grand Prix of Monterey Race 1 Qualifications - Race 1 Group 2.,http://www.imscdn.com/INDYCAR/Documents/6710/2025-07-26/indynxt-sectionresults-quals-g2.pdf,1,900ddfcb701b1977f16e33501302742c328980f5ffcccd190d2e433bba0b5681
asset_indy_nxt_2025_6710_top_section_times,pdf,Top Section Times,link_only,7/26/2025,series_indy_nxt,INDY NXT,2025,event_indy_nxt_2025_5484,Grand Prix of Monterey Race 1,session_indy_nxt_2025_6710,qualifying,Qualifications - Race 1 Group 2,,,no,no,Official INDY NXT session report for Grand Prix of Monterey Race 1 Qualifications - Race 1 Group 2.,http://www.imscdn.com/INDYCAR/Documents/6710/2025-07-26/indynxt-topsectiontimes-quals-g2.pdf,1,900ddfcb701b1977f16e33501302742c328980f5ffcccd190d2e433bba0b5681
asset_indy_nxt_2025_6711_overall_results,pdf,Overall Results,link_only,7/26/2025,series_indy_nxt,INDY NXT,2025,event_indy_nxt_2025_5492,Grand Prix of Monterey Race 2,session_indy_nxt_2025_6711,qualifying,Qualifications - Race 2 Group 1,,,no,no,Official INDY NXT session report for Grand Prix of Monterey Race 2 Qualifications - Race 2 Group 1.,http://www.imscdn.com/INDYCAR/Documents/6711/2025-07-26/indynxt-results-quals-r2.pdf,1,900ddfcb701b1977f16e33501302742c328980f5ffcccd190d2e433bba0b5681
asset_indy_nxt_2025_6711_results,pdf,Results,link_only,7/26/2025,series_indy_nxt,INDY NXT,2025,event_indy_nxt_2025_5492,Grand Prix of Monterey Race 2,session_indy_nxt_2025_6711,qualifying,Qualifications - Race 2 Group 1,,,no,no,Official INDY NXT session report for Grand Prix of Monterey Race 2 Qualifications - Race 2 Group 1.,http://www.imscdn.com/INDYCAR/Documents/6711/2025-07-26/indynxt-results-quals-g1r2.pdf,1,900ddfcb701b1977f16e33501302742c328980f5ffcccd190d2e433bba0b5681
asset_indy_nxt_2025_6711_section_results,pdf,Section Results,link_only,7/26/2025,series_indy_nxt,INDY NXT,2025,event_indy_nxt_2025_5492,Grand Prix of Monterey Race 2,session_indy_nxt_2025_6711,qualifying,Qualifications - Race 2 Group 1,,,no,no,Official INDY NXT session report for Grand Prix of Monterey Race 2 Qualifications - Race 2 Group 1.,http://www.imscdn.com/INDYCAR/Documents/6711/2025-07-26/indynxt-sectionresults-quals-g1.pdf,1,900ddfcb701b1977f16e33501302742c328980f5ffcccd190d2e433bba0b5681
asset_indy_nxt_2025_6711_top_section_times,pdf,Top Section Times,link_only,7/26/2025,series_indy_nxt,INDY NXT,2025,event_indy_nxt_2025_5492,Grand Prix of Monterey Race 2,session_indy_nxt_2025_6711,qualifying,Qualifications - Race 2 Group 1,,,no,no,Official INDY NXT session report for Grand Prix of Monterey Race 2 Qualifications - Race 2 Group 1.,http://www.imscdn.com/INDYCAR/Documents/6711/2025-07-26/indynxt-topsectiontimes-quals-g1.pdf,1,900ddfcb701b1977f16e33501302742c328980f5ffcccd190d2e433bba0b5681
asset_indy_nxt_2025_6712_overall_results,pdf,Overall Results,link_only,7/26/2025,series_indy_nxt,INDY NXT,2025,event_indy_nxt_2025_5492,Grand Prix of Monterey Race 2,session_indy_nxt_2025_6712,qualifying,Qualifications - Race 2 Group 2,,,no,no,Official INDY NXT session report for Grand Prix of Monterey Race 2 Qualifications - Race 2 Group 2.,http://www.imscdn.com/INDYCAR/Documents/6712/2025-07-26/indynxt-results-quals-r2.pdf,1,900ddfcb701b1977f16e33501302742c328980f5ffcccd190d2e433bba0b5681
asset_indy_nxt_2025_6712_results,pdf,Results,link_only,7/26/2025,series_indy_nxt,INDY NXT,2025,event_indy_nxt_2025_5492,Grand Prix of Monterey Race 2,session_indy_nxt_2025_6712,qualifying,Qualifications - Race 2 Group 2,,,no,no,Official INDY NXT session report for Grand Prix of Monterey Race 2 Qualifications - Race 2 Group 2.,http://www.imscdn.com/INDYCAR/Documents/6712/2025-07-26/indynxt-results-quals-g2r2.pdf,1,900ddfcb701b1977f16e33501302742c328980f5ffcccd190d2e433bba0b5681
asset_indy_nxt_2025_6712_section_results,pdf,Section Results,link_only,7/26/2025,series_indy_nxt,INDY NXT,2025,event_indy_nxt_2025_5492,Grand Prix of Monterey Race 2,session_indy_nxt_2025_6712,qualifying,Qualifications - Race 2 Group 2,,,no,no,Official INDY NXT session report for Grand Prix of Monterey Race 2 Qualifications - Race 2 Group 2.,http://www.imscdn.com/INDYCAR/Documents/6712/2025-07-26/indynxt-sectionresults-quals-g2.pdf,1,900ddfcb701b1977f16e33501302742c328980f5ffcccd190d2e433bba0b5681
asset_indy_nxt_2025_6712_top_section_times,pdf,Top Section Times,link_only,7/26/2025,series_indy_nxt,INDY NXT,2025,event_indy_nxt_2025_5492,Grand Prix of Monterey Race 2,session_indy_nxt_2025_6712,qualifying,Qualifications - Race 2 Group 2,,,no,no,Official INDY NXT session report for Grand Prix of Monterey Race 2 Qualifications - Race 2 Group 2.,http://www.imscdn.com/INDYCAR/Documents/6712/2025-07-26/indynxt-topsectiontimes-quals-g2.pdf,1,900ddfcb701b1977f16e33501302742c328980f5ffcccd190d2e433bba0b5681
asset_indy_nxt_2025_6450_box_score,pdf,Box Score,link_only,7/27/2025,series_indy_nxt,INDY NXT,2025,event_indy_nxt_2025_5492,Grand Prix of Monterey Race 2,session_indy_nxt_2025_6450,race,Race,,,no,no,Official INDY NXT session report for Grand Prix of Monterey Race 2 Race.,http://www.imscdn.com/INDYCAR/Documents/6450/2025-07-27/indynxt-officialracefinalpostings-r2.pdf,1,900ddfcb701b1977f16e33501302742c328980f5ffcccd190d2e433bba0b5681
asset_indy_nxt_2025_6450_event_summary,pdf,Event Summary,link_only,7/27/2025,series_indy_nxt,INDY NXT,2025,event_indy_nxt_2025_5492,Grand Prix of Monterey Race 2,session_indy_nxt_2025_6450,race,Race,,,no,no,Official INDY NXT session report for Grand Prix of Monterey Race 2 Race.,http://www.imscdn.com/INDYCAR/Documents/6450/2025-07-27/indynxt-eventsummary-r2.pdf,1,900ddfcb701b1977f16e33501302742c328980f5ffcccd190d2e433bba0b5681
asset_indy_nxt_2025_6450_lap_chart,pdf,Lap Chart,link_only,7/27/2025,series_indy_nxt,INDY NXT,2025,event_indy_nxt_2025_5492,Grand Prix of Monterey Race 2,session_indy_nxt_2025_6450,race,Race,,,no,no,Official INDY NXT session report for Grand Prix of Monterey Race 2 Race.,http://www.imscdn.com/INDYCAR/Documents/6450/2025-07-27/indynxt-race-lapchart-r2.pdf,1,900ddfcb701b1977f16e33501302742c328980f5ffcccd190d2e433bba0b5681
asset_indy_nxt_2025_6450_leader_lap_summary,pdf,Leader Lap Summary,link_only,7/27/2025,series_indy_nxt,INDY NXT,2025,event_indy_nxt_2025_5492,Grand Prix of Monterey Race 2,session_indy_nxt_2025_6450,race,Race,,,no,no,Official INDY NXT session report for Grand Prix of Monterey Race 2 Race.,http://www.imscdn.com/INDYCAR/Documents/6450/2025-07-27/indynxt-race-leaderlapsummary-r2.pdf,1,900ddfcb701b1977f16e33501302742c328980f5ffcccd190d2e433bba0b5681
asset_indy_nxt_2025_6450_results,pdf,Results,link_only,7/27/2025,series_indy_nxt,INDY NXT,2025,event_indy_nxt_2025_5492,Grand Prix of Monterey Race 2,session_indy_nxt_2025_6450,race,Race,,,no,no,Official INDY NXT session report for Grand Prix of Monterey Race 2 Race.,http://www.imscdn.com/INDYCAR/Documents/6450/2025-07-27/indynxt-race-results-r2.pdf,1,900ddfcb701b1977f16e33501302742c328980f5ffcccd190d2e433bba0b5681
asset_indy_nxt_2025_6450_section_results,pdf,Section Results,link_only,7/27/2025,series_indy_nxt,INDY NXT,2025,event_indy_nxt_2025_5492,Grand Prix of Monterey Race 2,session_indy_nxt_2025_6450,race,Race,,,no,no,Official INDY NXT session report for Grand Prix of Monterey Race 2 Race.,http://www.imscdn.com/INDYCAR/Documents/6450/2025-07-27/indynxt-sectionresults-r2.pdf,1,900ddfcb701b1977f16e33501302742c328980f5ffcccd190d2e433bba0b5681
asset_indy_nxt_2025_6450_top_section_times,pdf,Top Section Times,link_only,7/27/2025,series_indy_nxt,INDY NXT,2025,event_indy_nxt_2025_5492,Grand Prix of Monterey Race 2,session_indy_nxt_2025_6450,race,Race,,,no,no,Official INDY NXT session report for Grand Prix of Monterey Race 2 Race.,http://www.imscdn.com/INDYCAR/Documents/6450/2025-07-27/indynxt-topsectiontimes-r2.pdf,1,900ddfcb701b1977f16e33501302742c328980f5ffcccd190d2e433bba0b5681
asset_indy_nxt_2026_6891_results,pdf,Results,link_only,7/3/2026,series_indy_nxt,INDY NXT,2026,event_indy_nxt_2026_5544,Grand Prix at Mid-Ohio Race 1,session_indy_nxt_2026_6891,practice,Practice,,,no,no,Official INDY NXT session report for Grand Prix at Mid-Ohio Race 1 Practice.,http://www.imscdn.com/INDYCAR/Documents/5544/6891/indynxt-results-p1.pdf,1,900ddfcb701b1977f16e33501302742c328980f5ffcccd190d2e433bba0b5681
asset_indy_nxt_2026_6891_section_results,pdf,Section Results,link_only,7/3/2026,series_indy_nxt,INDY NXT,2026,event_indy_nxt_2026_5544,Grand Prix at Mid-Ohio Race 1,session_indy_nxt_2026_6891,practice,Practice,,,no,no,Official INDY NXT session report for Grand Prix at Mid-Ohio Race 1 Practice.,http://www.imscdn.com/INDYCAR/Documents/5544/6891/indynxt-sectionresults-p1.pdf,1,900ddfcb701b1977f16e33501302742c328980f5ffcccd190d2e433bba0b5681
asset_indy_nxt_2026_6891_top_section_times,pdf,Top Section Times,link_only,7/3/2026,series_indy_nxt,INDY NXT,2026,event_indy_nxt_2026_5544,Grand Prix at Mid-Ohio Race 1,session_indy_nxt_2026_6891,practice,Practice,,,no,no,Official INDY NXT session report for Grand Prix at Mid-Ohio Race 1 Practice.,http://www.imscdn.com/INDYCAR/Documents/5544/6891/indynxt-topsectiontimes-p1.pdf,1,900ddfcb701b1977f16e33501302742c328980f5ffcccd190d2e433bba0b5681
asset_indy_nxt_2025_6679_combined_results,pdf,Combined Results,link_only,7/4/2025,series_indy_nxt,INDY NXT,2025,event_indy_nxt_2025_5494,Grand Prix at Mid-Ohio,session_indy_nxt_2025_6679,practice,Practice 1,,,no,no,Official INDY NXT session report for Grand Prix at Mid-Ohio Practice 1.,http://www.imscdn.com/INDYCAR/Documents/6679/2025-07-04/indynxt-results-p1.pdf,1,900ddfcb701b1977f16e33501302742c328980f5ffcccd190d2e433bba0b5681
asset_indy_nxt_2025_6679_results,pdf,Results,link_only,7/4/2025,series_indy_nxt,INDY NXT,2025,event_indy_nxt_2025_5494,Grand Prix at Mid-Ohio,session_indy_nxt_2025_6679,practice,Practice 1,,,no,no,Official INDY NXT session report for Grand Prix at Mid-Ohio Practice 1.,http://www.imscdn.com/INDYCAR/Documents/6679/2025-07-04/indynxt-results-p1.pdf,1,900ddfcb701b1977f16e33501302742c328980f5ffcccd190d2e433bba0b5681
asset_indy_nxt_2025_6679_section_results,pdf,Section Results,link_only,7/4/2025,series_indy_nxt,INDY NXT,2025,event_indy_nxt_2025_5494,Grand Prix at Mid-Ohio,session_indy_nxt_2025_6679,practice,Practice 1,,,no,no,Official INDY NXT session report for Grand Prix at Mid-Ohio Practice 1.,http://www.imscdn.com/INDYCAR/Documents/6679/2025-07-04/indynxt-sectionresults-p1.pdf,1,900ddfcb701b1977f16e33501302742c328980f5ffcccd190d2e433bba0b5681
asset_indy_nxt_2025_6679_top_section_times,pdf,Top Section Times,link_only,7/4/2025,series_indy_nxt,INDY NXT,2025,event_indy_nxt_2025_5494,Grand Prix at Mid-Ohio,session_indy_nxt_2025_6679,practice,Practice 1,,,no,no,Official INDY NXT session report for Grand Prix at Mid-Ohio Practice 1.,http://www.imscdn.com/INDYCAR/Documents/6679/2025-07-04/indynxt-topsectiontimes-p1.pdf,1,900ddfcb701b1977f16e33501302742c328980f5ffcccd190d2e433bba0b5681
asset_indy_nxt_2026_6761_box_score,pdf,Box Score,link_only,7/4/2026,series_indy_nxt,INDY NXT,2026,event_indy_nxt_2026_5544,Grand Prix at Mid-Ohio Race 1,session_indy_nxt_2026_6761,race,Race,,,no,no,Official INDY NXT session report for Grand Prix at Mid-Ohio Race 1 Race.,http://www.imscdn.com/INDYCAR/Documents/5544/6761/indynxt-race-results-r1.pdf,1,900ddfcb701b1977f16e33501302742c328980f5ffcccd190d2e433bba0b5681
asset_indy_nxt_2026_6761_event_summary,pdf,Event Summary,link_only,7/4/2026,series_indy_nxt,INDY NXT,2026,event_indy_nxt_2026_5544,Grand Prix at Mid-Ohio Race 1,session_indy_nxt_2026_6761,race,Race,,,no,no,Official INDY NXT session report for Grand Prix at Mid-Ohio Race 1 Race.,http://www.imscdn.com/INDYCAR/Documents/5544/6761/indynxt-eventsummary-r1.pdf,1,900ddfcb701b1977f16e33501302742c328980f5ffcccd190d2e433bba0b5681
asset_indy_nxt_2026_6761_lap_chart,pdf,Lap Chart,link_only,7/4/2026,series_indy_nxt,INDY NXT,2026,event_indy_nxt_2026_5544,Grand Prix at Mid-Ohio Race 1,session_indy_nxt_2026_6761,race,Race,,,no,no,Official INDY NXT session report for Grand Prix at Mid-Ohio Race 1 Race.,http://www.imscdn.com/INDYCAR/Documents/5544/6761/indynxt-race-lapchart-r1.pdf,1,900ddfcb701b1977f16e33501302742c328980f5ffcccd190d2e433bba0b5681
asset_indy_nxt_2026_6761_leader_lap_summary,pdf,Leader Lap Summary,link_only,7/4/2026,series_indy_nxt,INDY NXT,2026,event_indy_nxt_2026_5544,Grand Prix at Mid-Ohio Race 1,session_indy_nxt_2026_6761,race,Race,,,no,no,Official INDY NXT session report for Grand Prix at Mid-Ohio Race 1 Race.,http://www.imscdn.com/INDYCAR/Documents/5544/6761/indynxt-race-leaderlapsummary-r1.pdf,1,900ddfcb701b1977f16e33501302742c328980f5ffcccd190d2e433bba0b5681
asset_indy_nxt_2026_6761_results,pdf,Results,link_only,7/4/2026,series_indy_nxt,INDY NXT,2026,event_indy_nxt_2026_5544,Grand Prix at Mid-Ohio Race 1,session_indy_nxt_2026_6761,race,Race,,,no,no,Official INDY NXT session report for Grand Prix at Mid-Ohio Race 1 Race.,http://www.imscdn.com/INDYCAR/Documents/5544/6761/indynxt-race-results-r1.pdf,1,900ddfcb701b1977f16e33501302742c328980f5ffcccd190d2e433bba0b5681
asset_indy_nxt_2026_6761_section_results,pdf,Section Results,link_only,7/4/2026,series_indy_nxt,INDY NXT,2026,event_indy_nxt_2026_5544,Grand Prix at Mid-Ohio Race 1,session_indy_nxt_2026_6761,race,Race,,,no,no,Official INDY NXT session report for Grand Prix at Mid-Ohio Race 1 Race.,http://www.imscdn.com/INDYCAR/Documents/5544/6761/indynxt-sectionresults-r1.pdf,1,900ddfcb701b1977f16e33501302742c328980f5ffcccd190d2e433bba0b5681
asset_indy_nxt_2026_6761_top_section_times,pdf,Top Section Times,link_only,7/4/2026,series_indy_nxt,INDY NXT,2026,event_indy_nxt_2026_5544,Grand Prix at Mid-Ohio Race 1,session_indy_nxt_2026_6761,race,Race,,,no,no,Official INDY NXT session report for Grand Prix at Mid-Ohio Race 1 Race.,http://www.imscdn.com/INDYCAR/Documents/5544/6761/indynxt-topsectiontimes-r1.pdf,1,900ddfcb701b1977f16e33501302742c328980f5ffcccd190d2e433bba0b5681
asset_indy_nxt_2026_6892_overall_results,pdf,Overall Results,link_only,7/4/2026,series_indy_nxt,INDY NXT,2026,event_indy_nxt_2026_5544,Grand Prix at Mid-Ohio Race 1,session_indy_nxt_2026_6892,qualifying,Qualifying - Race 1 Group 1,,,no,no,Official INDY NXT session report for Grand Prix at Mid-Ohio Race 1 Qualifying - Race 1 Group 1.,http://www.imscdn.com/INDYCAR/Documents/5544/6892/indynxt-results-quals-r1.pdf,1,900ddfcb701b1977f16e33501302742c328980f5ffcccd190d2e433bba0b5681
asset_indy_nxt_2026_6892_results,pdf,Results,link_only,7/4/2026,series_indy_nxt,INDY NXT,2026,event_indy_nxt_2026_5544,Grand Prix at Mid-Ohio Race 1,session_indy_nxt_2026_6892,qualifying,Qualifying - Race 1 Group 1,,,no,no,Official INDY NXT session report for Grand Prix at Mid-Ohio Race 1 Qualifying - Race 1 Group 1.,http://www.imscdn.com/INDYCAR/Documents/5544/6892/indynxt-results-quals-g1r1.pdf,1,900ddfcb701b1977f16e33501302742c328980f5ffcccd190d2e433bba0b5681
asset_indy_nxt_2026_6892_section_results,pdf,Section Results,link_only,7/4/2026,series_indy_nxt,INDY NXT,2026,event_indy_nxt_2026_5544,Grand Prix at Mid-Ohio Race 1,session_indy_nxt_2026_6892,qualifying,Qualifying - Race 1 Group 1,,,no,no,Official INDY NXT session report for Grand Prix at Mid-Ohio Race 1 Qualifying - Race 1 Group 1.,http://www.imscdn.com/INDYCAR/Documents/5544/6892/indynxt-sectionresults-quals-g1.pdf,1,900ddfcb701b1977f16e33501302742c328980f5ffcccd190d2e433bba0b5681
asset_indy_nxt_2026_6892_top_section_times,pdf,Top Section Times,link_only,7/4/2026,series_indy_nxt,INDY NXT,2026,event_indy_nxt_2026_5544,Grand Prix at Mid-Ohio Race 1,session_indy_nxt_2026_6892,qualifying,Qualifying - Race 1 Group 1,,,no,no,Official INDY NXT session report for Grand Prix at Mid-Ohio Race 1 Qualifying - Race 1 Group 1.,http://www.imscdn.com/INDYCAR/Documents/5544/6892/indynxt-topsectiontimes-quals-g1.pdf,1,900ddfcb701b1977f16e33501302742c328980f5ffcccd190d2e433bba0b5681
asset_indy_nxt_2026_6893_overall_results,pdf,Overall Results,link_only,7/4/2026,series_indy_nxt,INDY NXT,2026,event_indy_nxt_2026_5544,Grand Prix at Mid-Ohio Race 1,session_indy_nxt_2026_6893,qualifying,Qualifying - Race 1 Group 2,,,no,no,Official INDY NXT session report for Grand Prix at Mid-Ohio Race 1 Qualifying - Race 1 Group 2.,http://www.imscdn.com/INDYCAR/Documents/5544/6893/indynxt-results-quals-r1.pdf,1,900ddfcb701b1977f16e33501302742c328980f5ffcccd190d2e433bba0b5681
asset_indy_nxt_2026_6893_results,pdf,Results,link_only,7/4/2026,series_indy_nxt,INDY NXT,2026,event_indy_nxt_2026_5544,Grand Prix at Mid-Ohio Race 1,session_indy_nxt_2026_6893,qualifying,Qualifying - Race 1 Group 2,,,no,no,Official INDY NXT session report for Grand Prix at Mid-Ohio Race 1 Qualifying - Race 1 Group 2.,http://www.imscdn.com/INDYCAR/Documents/5544/6893/indynxt-results-quals-g2r1.pdf,1,900ddfcb701b1977f16e33501302742c328980f5ffcccd190d2e433bba0b5681
asset_indy_nxt_2026_6893_section_results,pdf,Section Results,link_only,7/4/2026,series_indy_nxt,INDY NXT,2026,event_indy_nxt_2026_5544,Grand Prix at Mid-Ohio Race 1,session_indy_nxt_2026_6893,qualifying,Qualifying - Race 1 Group 2,,,no,no,Official INDY NXT session report for Grand Prix at Mid-Ohio Race 1 Qualifying - Race 1 Group 2.,http://www.imscdn.com/INDYCAR/Documents/5544/6893/indynxt-sectionresults-quals-g2.pdf,1,900ddfcb701b1977f16e33501302742c328980f5ffcccd190d2e433bba0b5681
asset_indy_nxt_2026_6893_top_section_times,pdf,Top Section Times,link_only,7/4/2026,series_indy_nxt,INDY NXT,2026,event_indy_nxt_2026_5544,Grand Prix at Mid-Ohio Race 1,session_indy_nxt_2026_6893,qualifying,Qualifying - Race 1 Group 2,,,no,no,Official INDY NXT session report for Grand Prix at Mid-Ohio Race 1 Qualifying - Race 1 Group 2.,http://www.imscdn.com/INDYCAR/Documents/5544/6893/indynxt-topsectiontimes-quals-g2.pdf,1,900ddfcb701b1977f16e33501302742c328980f5ffcccd190d2e433bba0b5681
asset_indy_nxt_2026_6894_overall_results,pdf,Overall Results,link_only,7/4/2026,series_indy_nxt,INDY NXT,2026,event_indy_nxt_2026_5544,Grand Prix at Mid-Ohio Race 1,session_indy_nxt_2026_6894,qualifying,Combined Qualifying - Race 1,,,no,no,Official INDY NXT session report for Grand Prix at Mid-Ohio Race 1 Combined Qualifying - Race 1.,http://www.imscdn.com/INDYCAR/Documents/5544/6894/indynxt-results-quals-r1.pdf,1,900ddfcb701b1977f16e33501302742c328980f5ffcccd190d2e433bba0b5681
asset_indy_nxt_2026_6894_results,pdf,Results,link_only,7/4/2026,series_indy_nxt,INDY NXT,2026,event_indy_nxt_2026_5544,Grand Prix at Mid-Ohio Race 1,session_indy_nxt_2026_6894,qualifying,Combined Qualifying - Race 1,,,no,no,Official INDY NXT session report for Grand Prix at Mid-Ohio Race 1 Combined Qualifying - Race 1.,http://www.imscdn.com/INDYCAR/Documents/5544/6894/indynxt-results-quals-r1.pdf,1,900ddfcb701b1977f16e33501302742c328980f5ffcccd190d2e433bba0b5681
asset_indy_nxt_2026_6895_overall_results,pdf,Overall Results,link_only,7/4/2026,series_indy_nxt,INDY NXT,2026,event_indy_nxt_2026_5543,Grand Prix at Mid-Ohio Race 2,session_indy_nxt_2026_6895,qualifying,Qualifying - Race 2 Group 1,,,no,no,Official INDY NXT session report for Grand Prix at Mid-Ohio Race 2 Qualifying - Race 2 Group 1.,http://www.imscdn.com/INDYCAR/Documents/5543/6895/indynxt-results-quals-r2.pdf,1,900ddfcb701b1977f16e33501302742c328980f5ffcccd190d2e433bba0b5681
asset_indy_nxt_2026_6895_results,pdf,Results,link_only,7/4/2026,series_indy_nxt,INDY NXT,2026,event_indy_nxt_2026_5543,Grand Prix at Mid-Ohio Race 2,session_indy_nxt_2026_6895,qualifying,Qualifying - Race 2 Group 1,,,no,no,Official INDY NXT session report for Grand Prix at Mid-Ohio Race 2 Qualifying - Race 2 Group 1.,http://www.imscdn.com/INDYCAR/Documents/5543/6895/indynxt-results-quals-g1r2.pdf,1,900ddfcb701b1977f16e33501302742c328980f5ffcccd190d2e433bba0b5681
asset_indy_nxt_2026_6895_section_results,pdf,Section Results,link_only,7/4/2026,series_indy_nxt,INDY NXT,2026,event_indy_nxt_2026_5543,Grand Prix at Mid-Ohio Race 2,session_indy_nxt_2026_6895,qualifying,Qualifying - Race 2 Group 1,,,no,no,Official INDY NXT session report for Grand Prix at Mid-Ohio Race 2 Qualifying - Race 2 Group 1.,http://www.imscdn.com/INDYCAR/Documents/5543/6895/indynxt-sectionresults-quals-g1.pdf,1,900ddfcb701b1977f16e33501302742c328980f5ffcccd190d2e433bba0b5681
asset_indy_nxt_2026_6895_top_section_times,pdf,Top Section Times,link_only,7/4/2026,series_indy_nxt,INDY NXT,2026,event_indy_nxt_2026_5543,Grand Prix at Mid-Ohio Race 2,session_indy_nxt_2026_6895,qualifying,Qualifying - Race 2 Group 1,,,no,no,Official INDY NXT session report for Grand Prix at Mid-Ohio Race 2 Qualifying - Race 2 Group 1.,http://www.imscdn.com/INDYCAR/Documents/5543/6895/indynxt-topsectiontimes-quals-g1.pdf,1,900ddfcb701b1977f16e33501302742c328980f5ffcccd190d2e433bba0b5681
asset_indy_nxt_2026_6896_overall_results,pdf,Overall Results,link_only,7/4/2026,series_indy_nxt,INDY NXT,2026,event_indy_nxt_2026_5543,Grand Prix at Mid-Ohio Race 2,session_indy_nxt_2026_6896,qualifying,Qualifying - Race 2 Group 2,,,no,no,Official INDY NXT session report for Grand Prix at Mid-Ohio Race 2 Qualifying - Race 2 Group 2.,http://www.imscdn.com/INDYCAR/Documents/5543/6896/indynxt-results-quals-r2.pdf,1,900ddfcb701b1977f16e33501302742c328980f5ffcccd190d2e433bba0b5681
asset_indy_nxt_2026_6896_results,pdf,Results,link_only,7/4/2026,series_indy_nxt,INDY NXT,2026,event_indy_nxt_2026_5543,Grand Prix at Mid-Ohio Race 2,session_indy_nxt_2026_6896,qualifying,Qualifying - Race 2 Group 2,,,no,no,Official INDY NXT session report for Grand Prix at Mid-Ohio Race 2 Qualifying - Race 2 Group 2.,http://www.imscdn.com/INDYCAR/Documents/5543/6896/indynxt-results-quals-g2r2.pdf,1,900ddfcb701b1977f16e33501302742c328980f5ffcccd190d2e433bba0b5681
asset_indy_nxt_2026_6896_section_results,pdf,Section Results,link_only,7/4/2026,series_indy_nxt,INDY NXT,2026,event_indy_nxt_2026_5543,Grand Prix at Mid-Ohio Race 2,session_indy_nxt_2026_6896,qualifying,Qualifying - Race 2 Group 2,,,no,no,Official INDY NXT session report for Grand Prix at Mid-Ohio Race 2 Qualifying - Race 2 Group 2.,http://www.imscdn.com/INDYCAR/Documents/5543/6896/indynxt-sectionresults-quals-g2.pdf,1,900ddfcb701b1977f16e33501302742c328980f5ffcccd190d2e433bba0b5681
asset_indy_nxt_2026_6896_top_section_times,pdf,Top Section Times,link_only,7/4/2026,series_indy_nxt,INDY NXT,2026,event_indy_nxt_2026_5543,Grand Prix at Mid-Ohio Race 2,session_indy_nxt_2026_6896,qualifying,Qualifying - Race 2 Group 2,,,no,no,Official INDY NXT session report for Grand Prix at Mid-Ohio Race 2 Qualifying - Race 2 Group 2.,http://www.imscdn.com/INDYCAR/Documents/5543/6896/indynxt-topsectiontimes-quals-g2.pdf,1,900ddfcb701b1977f16e33501302742c328980f5ffcccd190d2e433bba0b5681
asset_indy_nxt_2026_6897_overall_results,pdf,Overall Results,link_only,7/4/2026,series_indy_nxt,INDY NXT,2026,event_indy_nxt_2026_5543,Grand Prix at Mid-Ohio Race 2,session_indy_nxt_2026_6897,qualifying,Combined Qualifying - Race 2,,,no,no,Official INDY NXT session report for Grand Prix at Mid-Ohio Race 2 Combined Qualifying - Race 2.,http://www.imscdn.com/INDYCAR/Documents/5543/6897/indynxt-results-quals-r2.pdf,1,900ddfcb701b1977f16e33501302742c328980f5ffcccd190d2e433bba0b5681
asset_indy_nxt_2026_6897_results,pdf,Results,link_only,7/4/2026,series_indy_nxt,INDY NXT,2026,event_indy_nxt_2026_5543,Grand Prix at Mid-Ohio Race 2,session_indy_nxt_2026_6897,qualifying,Combined Qualifying - Race 2,,,no,no,Official INDY NXT session report for Grand Prix at Mid-Ohio Race 2 Combined Qualifying - Race 2.,http://www.imscdn.com/INDYCAR/Documents/5543/6897/indynxt-results-quals-r2.pdf,1,900ddfcb701b1977f16e33501302742c328980f5ffcccd190d2e433bba0b5681
asset_indy_nxt_2024_6426_results,pdf,Results,link_only,7/5/2024,series_indy_nxt,INDY NXT,2024,event_indy_nxt_2024_5474,Grand Prix at Mid-Ohio,session_indy_nxt_2024_6426,practice,Practice 1,,,no,no,Official INDY NXT session report for Grand Prix at Mid-Ohio Practice 1.,http://www.imscdn.com/INDYCAR/Documents/6426/2024-07-05/indynxt-results-p1.pdf,1,900ddfcb701b1977f16e33501302742c328980f5ffcccd190d2e433bba0b5681
asset_indy_nxt_2024_6426_section_results,pdf,Section Results,link_only,7/5/2024,series_indy_nxt,INDY NXT,2024,event_indy_nxt_2024_5474,Grand Prix at Mid-Ohio,session_indy_nxt_2024_6426,practice,Practice 1,,,no,no,Official INDY NXT session report for Grand Prix at Mid-Ohio Practice 1.,http://www.imscdn.com/INDYCAR/Documents/6426/2024-07-05/indynxt-sectionresults-p1.pdf,1,900ddfcb701b1977f16e33501302742c328980f5ffcccd190d2e433bba0b5681
asset_indy_nxt_2024_6426_top_section_times,pdf,Top Section Times,link_only,7/5/2024,series_indy_nxt,INDY NXT,2024,event_indy_nxt_2024_5474,Grand Prix at Mid-Ohio,session_indy_nxt_2024_6426,practice,Practice 1,,,no,no,Official INDY NXT session report for Grand Prix at Mid-Ohio Practice 1.,http://www.imscdn.com/INDYCAR/Documents/6426/2024-07-05/indynxt-topsectiontimes-p1.pdf,1,900ddfcb701b1977f16e33501302742c328980f5ffcccd190d2e433bba0b5681
asset_indy_nxt_2025_6597_overall_results,pdf,Overall Results,link_only,7/5/2025,series_indy_nxt,INDY NXT,2025,event_indy_nxt_2025_5494,Grand Prix at Mid-Ohio,session_indy_nxt_2025_6597,qualifying,Combined Qualifications,,,no,no,Official INDY NXT session report for Grand Prix at Mid-Ohio Combined Qualifications.,http://www.imscdn.com/INDYCAR/Documents/6597/2025-07-05/indynxt-results-quals.pdf,1,900ddfcb701b1977f16e33501302742c328980f5ffcccd190d2e433bba0b5681
asset_indy_nxt_2025_6597_results,pdf,Results,link_only,7/5/2025,series_indy_nxt,INDY NXT,2025,event_indy_nxt_2025_5494,Grand Prix at Mid-Ohio,session_indy_nxt_2025_6597,qualifying,Combined Qualifications,,,no,no,Official INDY NXT session report for Grand Prix at Mid-Ohio Combined Qualifications.,http://www.imscdn.com/INDYCAR/Documents/6597/2025-07-05/indynxt-results-quals.pdf,1,900ddfcb701b1977f16e33501302742c328980f5ffcccd190d2e433bba0b5681
asset_indy_nxt_2025_6680_combined_results,pdf,Combined Results,link_only,7/5/2025,series_indy_nxt,INDY NXT,2025,event_indy_nxt_2025_5494,Grand Prix at Mid-Ohio,session_indy_nxt_2025_6680,practice,Practice 2,,,no,no,Official INDY NXT session report for Grand Prix at Mid-Ohio Practice 2.,http://www.imscdn.com/INDYCAR/Documents/6680/2025-07-05/indynxt-results-pcomb-p2.pdf,1,900ddfcb701b1977f16e33501302742c328980f5ffcccd190d2e433bba0b5681
asset_indy_nxt_2025_6680_results,pdf,Results,link_only,7/5/2025,series_indy_nxt,INDY NXT,2025,event_indy_nxt_2025_5494,Grand Prix at Mid-Ohio,session_indy_nxt_2025_6680,practice,Practice 2,,,no,no,Official INDY NXT session report for Grand Prix at Mid-Ohio Practice 2.,http://www.imscdn.com/INDYCAR/Documents/6680/2025-07-05/indynxt-results-p2.pdf,1,900ddfcb701b1977f16e33501302742c328980f5ffcccd190d2e433bba0b5681
asset_indy_nxt_2025_6680_section_results,pdf,Section Results,link_only,7/5/2025,series_indy_nxt,INDY NXT,2025,event_indy_nxt_2025_5494,Grand Prix at Mid-Ohio,session_indy_nxt_2025_6680,practice,Practice 2,,,no,no,Official INDY NXT session report for Grand Prix at Mid-Ohio Practice 2.,http://www.imscdn.com/INDYCAR/Documents/6680/2025-07-05/indynxt-sectionresults-p2.pdf,1,900ddfcb701b1977f16e33501302742c328980f5ffcccd190d2e433bba0b5681
asset_indy_nxt_2025_6680_top_section_times,pdf,Top Section Times,link_only,7/5/2025,series_indy_nxt,INDY NXT,2025,event_indy_nxt_2025_5494,Grand Prix at Mid-Ohio,session_indy_nxt_2025_6680,practice,Practice 2,,,no,no,Official INDY NXT session report for Grand Prix at Mid-Ohio Practice 2.,http://www.imscdn.com/INDYCAR/Documents/6680/2025-07-05/indynxt-topsectiontimes-p2.pdf,1,900ddfcb701b1977f16e33501302742c328980f5ffcccd190d2e433bba0b5681
asset_indy_nxt_2025_6681_overall_results,pdf,Overall Results,link_only,7/5/2025,series_indy_nxt,INDY NXT,2025,event_indy_nxt_2025_5494,Grand Prix at Mid-Ohio,session_indy_nxt_2025_6681,qualifying,Qualifications - Group 1,,,no,no,Official INDY NXT session report for Grand Prix at Mid-Ohio Qualifications - Group 1.,http://www.imscdn.com/INDYCAR/Documents/6681/2025-07-05/indynxt-results-quals.pdf,1,900ddfcb701b1977f16e33501302742c328980f5ffcccd190d2e433bba0b5681
asset_indy_nxt_2025_6681_results,pdf,Results,link_only,7/5/2025,series_indy_nxt,INDY NXT,2025,event_indy_nxt_2025_5494,Grand Prix at Mid-Ohio,session_indy_nxt_2025_6681,qualifying,Qualifications - Group 1,,,no,no,Official INDY NXT session report for Grand Prix at Mid-Ohio Qualifications - Group 1.,http://www.imscdn.com/INDYCAR/Documents/6681/2025-07-05/indynxt-results-quals-g1.pdf,1,900ddfcb701b1977f16e33501302742c328980f5ffcccd190d2e433bba0b5681
asset_indy_nxt_2025_6681_section_results,pdf,Section Results,link_only,7/5/2025,series_indy_nxt,INDY NXT,2025,event_indy_nxt_2025_5494,Grand Prix at Mid-Ohio,session_indy_nxt_2025_6681,qualifying,Qualifications - Group 1,,,no,no,Official INDY NXT session report for Grand Prix at Mid-Ohio Qualifications - Group 1.,http://www.imscdn.com/INDYCAR/Documents/6681/2025-07-05/indynxt-sectionresults-quals-g1.pdf,1,900ddfcb701b1977f16e33501302742c328980f5ffcccd190d2e433bba0b5681
asset_indy_nxt_2025_6681_top_section_times,pdf,Top Section Times,link_only,7/5/2025,series_indy_nxt,INDY NXT,2025,event_indy_nxt_2025_5494,Grand Prix at Mid-Ohio,session_indy_nxt_2025_6681,qualifying,Qualifications - Group 1,,,no,no,Official INDY NXT session report for Grand Prix at Mid-Ohio Qualifications - Group 1.,http://www.imscdn.com/INDYCAR/Documents/6681/2025-07-05/indynxt-topsectiontimes-quals-g1.pdf,1,900ddfcb701b1977f16e33501302742c328980f5ffcccd190d2e433bba0b5681
asset_indy_nxt_2025_6682_overall_results,pdf,Overall Results,link_only,7/5/2025,series_indy_nxt,INDY NXT,2025,event_indy_nxt_2025_5494,Grand Prix at Mid-Ohio,session_indy_nxt_2025_6682,qualifying,Qualifications - Group 2,,,no,no,Official INDY NXT session report for Grand Prix at Mid-Ohio Qualifications - Group 2.,http://www.imscdn.com/INDYCAR/Documents/6682/2025-07-05/indynxt-results-quals.pdf,1,900ddfcb701b1977f16e33501302742c328980f5ffcccd190d2e433bba0b5681
asset_indy_nxt_2025_6682_results,pdf,Results,link_only,7/5/2025,series_indy_nxt,INDY NXT,2025,event_indy_nxt_2025_5494,Grand Prix at Mid-Ohio,session_indy_nxt_2025_6682,qualifying,Qualifications - Group 2,,,no,no,Official INDY NXT session report for Grand Prix at Mid-Ohio Qualifications - Group 2.,http://www.imscdn.com/INDYCAR/Documents/6682/2025-07-05/indynxt-results-quals-g2.pdf,1,900ddfcb701b1977f16e33501302742c328980f5ffcccd190d2e433bba0b5681
asset_indy_nxt_2025_6682_section_results,pdf,Section Results,link_only,7/5/2025,series_indy_nxt,INDY NXT,2025,event_indy_nxt_2025_5494,Grand Prix at Mid-Ohio,session_indy_nxt_2025_6682,qualifying,Qualifications - Group 2,,,no,no,Official INDY NXT session report for Grand Prix at Mid-Ohio Qualifications - Group 2.,http://www.imscdn.com/INDYCAR/Documents/6682/2025-07-05/indynxt-sectionresults-quals-g2.pdf,1,900ddfcb701b1977f16e33501302742c328980f5ffcccd190d2e433bba0b5681
asset_indy_nxt_2025_6682_top_section_times,pdf,Top Section Times,link_only,7/5/2025,series_indy_nxt,INDY NXT,2025,event_indy_nxt_2025_5494,Grand Prix at Mid-Ohio,session_indy_nxt_2025_6682,qualifying,Qualifications - Group 2,,,no,no,Official INDY NXT session report for Grand Prix at Mid-Ohio Qualifications - Group 2.,http://www.imscdn.com/INDYCAR/Documents/6682/2025-07-05/indynxt-topsectiontimes-quals-g2.pdf,1,900ddfcb701b1977f16e33501302742c328980f5ffcccd190d2e433bba0b5681
asset_indy_nxt_2026_6760_box_score,pdf,Box Score,link_only,7/5/2026,series_indy_nxt,INDY NXT,2026,event_indy_nxt_2026_5543,Grand Prix at Mid-Ohio Race 2,session_indy_nxt_2026_6760,race,Race,,,no,no,Official INDY NXT session report for Grand Prix at Mid-Ohio Race 2 Race.,http://www.imscdn.com/INDYCAR/Documents/5543/6760/indynxt-race-results-r2.pdf,1,900ddfcb701b1977f16e33501302742c328980f5ffcccd190d2e433bba0b5681
asset_indy_nxt_2026_6760_event_summary,pdf,Event Summary,link_only,7/5/2026,series_indy_nxt,INDY NXT,2026,event_indy_nxt_2026_5543,Grand Prix at Mid-Ohio Race 2,session_indy_nxt_2026_6760,race,Race,,,no,no,Official INDY NXT session report for Grand Prix at Mid-Ohio Race 2 Race.,http://www.imscdn.com/INDYCAR/Documents/5543/6760/indynxt-eventsummary-r2.pdf,1,900ddfcb701b1977f16e33501302742c328980f5ffcccd190d2e433bba0b5681
asset_indy_nxt_2026_6760_lap_chart,pdf,Lap Chart,link_only,7/5/2026,series_indy_nxt,INDY NXT,2026,event_indy_nxt_2026_5543,Grand Prix at Mid-Ohio Race 2,session_indy_nxt_2026_6760,race,Race,,,no,no,Official INDY NXT session report for Grand Prix at Mid-Ohio Race 2 Race.,http://www.imscdn.com/INDYCAR/Documents/5543/6760/indynxt-race-lapchart-r2.pdf,1,900ddfcb701b1977f16e33501302742c328980f5ffcccd190d2e433bba0b5681
asset_indy_nxt_2026_6760_leader_lap_summary,pdf,Leader Lap Summary,link_only,7/5/2026,series_indy_nxt,INDY NXT,2026,event_indy_nxt_2026_5543,Grand Prix at Mid-Ohio Race 2,session_indy_nxt_2026_6760,race,Race,,,no,no,Official INDY NXT session report for Grand Prix at Mid-Ohio Race 2 Race.,http://www.imscdn.com/INDYCAR/Documents/5543/6760/indynxt-race-leaderlapsummary-r2.pdf,1,900ddfcb701b1977f16e33501302742c328980f5ffcccd190d2e433bba0b5681
asset_indy_nxt_2026_6760_results,pdf,Results,link_only,7/5/2026,series_indy_nxt,INDY NXT,2026,event_indy_nxt_2026_5543,Grand Prix at Mid-Ohio Race 2,session_indy_nxt_2026_6760,race,Race,,,no,no,Official INDY NXT session report for Grand Prix at Mid-Ohio Race 2 Race.,http://www.imscdn.com/INDYCAR/Documents/5543/6760/indynxt-race-results-r2.pdf,1,900ddfcb701b1977f16e33501302742c328980f5ffcccd190d2e433bba0b5681
asset_indy_nxt_2026_6760_section_results,pdf,Section Results,link_only,7/5/2026,series_indy_nxt,INDY NXT,2026,event_indy_nxt_2026_5543,Grand Prix at Mid-Ohio Race 2,session_indy_nxt_2026_6760,race,Race,,,no,no,Official INDY NXT session report for Grand Prix at Mid-Ohio Race 2 Race.,http://www.imscdn.com/INDYCAR/Documents/5543/6760/indynxt-sectionresults-r2.pdf,1,900ddfcb701b1977f16e33501302742c328980f5ffcccd190d2e433bba0b5681
asset_indy_nxt_2026_6760_top_section_times,pdf,Top Section Times,link_only,7/5/2026,series_indy_nxt,INDY NXT,2026,event_indy_nxt_2026_5543,Grand Prix at Mid-Ohio Race 2,session_indy_nxt_2026_6760,race,Race,,,no,no,Official INDY NXT session report for Grand Prix at Mid-Ohio Race 2 Race.,http://www.imscdn.com/INDYCAR/Documents/5543/6760/indynxt-topsectiontimes-r2.pdf,1,900ddfcb701b1977f16e33501302742c328980f5ffcccd190d2e433bba0b5681
asset_indy_nxt_2024_6427_combined_results,pdf,Combined Results,link_only,7/6/2024,series_indy_nxt,INDY NXT,2024,event_indy_nxt_2024_5474,Grand Prix at Mid-Ohio,session_indy_nxt_2024_6427,practice,Practice 2,,,no,no,Official INDY NXT session report for Grand Prix at Mid-Ohio Practice 2.,http://www.imscdn.com/INDYCAR/Documents/6427/2024-07-06/indynxt-results-pcomb-p2.pdf,1,900ddfcb701b1977f16e33501302742c328980f5ffcccd190d2e433bba0b5681
asset_indy_nxt_2024_6427_results,pdf,Results,link_only,7/6/2024,series_indy_nxt,INDY NXT,2024,event_indy_nxt_2024_5474,Grand Prix at Mid-Ohio,session_indy_nxt_2024_6427,practice,Practice 2,,,no,no,Official INDY NXT session report for Grand Prix at Mid-Ohio Practice 2.,http://www.imscdn.com/INDYCAR/Documents/6427/2024-07-06/indynxt-results-p2.pdf,1,900ddfcb701b1977f16e33501302742c328980f5ffcccd190d2e433bba0b5681
asset_indy_nxt_2024_6427_section_results,pdf,Section Results,link_only,7/6/2024,series_indy_nxt,INDY NXT,2024,event_indy_nxt_2024_5474,Grand Prix at Mid-Ohio,session_indy_nxt_2024_6427,practice,Practice 2,,,no,no,Official INDY NXT session report for Grand Prix at Mid-Ohio Practice 2.,http://www.imscdn.com/INDYCAR/Documents/6427/2024-07-06/indynxt-sectionresults-p2.pdf,1,900ddfcb701b1977f16e33501302742c328980f5ffcccd190d2e433bba0b5681
asset_indy_nxt_2024_6427_top_section_times,pdf,Top Section Times,link_only,7/6/2024,series_indy_nxt,INDY NXT,2024,event_indy_nxt_2024_5474,Grand Prix at Mid-Ohio,session_indy_nxt_2024_6427,practice,Practice 2,,,no,no,Official INDY NXT session report for Grand Prix at Mid-Ohio Practice 2.,http://www.imscdn.com/INDYCAR/Documents/6427/2024-07-06/indynxt-topsectiontimes-p2.pdf,1,900ddfcb701b1977f16e33501302742c328980f5ffcccd190d2e433bba0b5681
asset_indy_nxt_2024_6428_overall_results,pdf,Overall Results,link_only,7/6/2024,series_indy_nxt,INDY NXT,2024,event_indy_nxt_2024_5474,Grand Prix at Mid-Ohio,session_indy_nxt_2024_6428,qualifying,Qualifications - Group 1,,,no,no,Official INDY NXT session report for Grand Prix at Mid-Ohio Qualifications - Group 1.,http://www.imscdn.com/INDYCAR/Documents/6428/2024-07-06/indynxt-results-quals.pdf,1,900ddfcb701b1977f16e33501302742c328980f5ffcccd190d2e433bba0b5681
asset_indy_nxt_2024_6428_results,pdf,Results,link_only,7/6/2024,series_indy_nxt,INDY NXT,2024,event_indy_nxt_2024_5474,Grand Prix at Mid-Ohio,session_indy_nxt_2024_6428,qualifying,Qualifications - Group 1,,,no,no,Official INDY NXT session report for Grand Prix at Mid-Ohio Qualifications - Group 1.,http://www.imscdn.com/INDYCAR/Documents/6428/2024-07-06/indynxt-results-quals-g1.pdf,1,900ddfcb701b1977f16e33501302742c328980f5ffcccd190d2e433bba0b5681
asset_indy_nxt_2024_6428_section_results,pdf,Section Results,link_only,7/6/2024,series_indy_nxt,INDY NXT,2024,event_indy_nxt_2024_5474,Grand Prix at Mid-Ohio,session_indy_nxt_2024_6428,qualifying,Qualifications - Group 1,,,no,no,Official INDY NXT session report for Grand Prix at Mid-Ohio Qualifications - Group 1.,http://www.imscdn.com/INDYCAR/Documents/6428/2024-07-06/indynxt-sectionresults-quals-g1.pdf,1,900ddfcb701b1977f16e33501302742c328980f5ffcccd190d2e433bba0b5681
asset_indy_nxt_2024_6428_top_section_times,pdf,Top Section Times,link_only,7/6/2024,series_indy_nxt,INDY NXT,2024,event_indy_nxt_2024_5474,Grand Prix at Mid-Ohio,session_indy_nxt_2024_6428,qualifying,Qualifications - Group 1,,,no,no,Official INDY NXT session report for Grand Prix at Mid-Ohio Qualifications - Group 1.,http://www.imscdn.com/INDYCAR/Documents/6428/2024-07-06/indynxt-topsectiontimes-quals-g1.pdf,1,900ddfcb701b1977f16e33501302742c328980f5ffcccd190d2e433bba0b5681
asset_indy_nxt_2024_6429_overall_results,pdf,Overall Results,link_only,7/6/2024,series_indy_nxt,INDY NXT,2024,event_indy_nxt_2024_5474,Grand Prix at Mid-Ohio,session_indy_nxt_2024_6429,qualifying,Qualifications - Group 2,,,no,no,Official INDY NXT session report for Grand Prix at Mid-Ohio Qualifications - Group 2.,http://www.imscdn.com/INDYCAR/Documents/6429/2024-07-06/indynxt-results-quals.pdf,1,900ddfcb701b1977f16e33501302742c328980f5ffcccd190d2e433bba0b5681
asset_indy_nxt_2024_6429_results,pdf,Results,link_only,7/6/2024,series_indy_nxt,INDY NXT,2024,event_indy_nxt_2024_5474,Grand Prix at Mid-Ohio,session_indy_nxt_2024_6429,qualifying,Qualifications - Group 2,,,no,no,Official INDY NXT session report for Grand Prix at Mid-Ohio Qualifications - Group 2.,http://www.imscdn.com/INDYCAR/Documents/6429/2024-07-06/indynxt-results-quals-g2.pdf,1,900ddfcb701b1977f16e33501302742c328980f5ffcccd190d2e433bba0b5681
asset_indy_nxt_2024_6429_section_results,pdf,Section Results,link_only,7/6/2024,series_indy_nxt,INDY NXT,2024,event_indy_nxt_2024_5474,Grand Prix at Mid-Ohio,session_indy_nxt_2024_6429,qualifying,Qualifications - Group 2,,,no,no,Official INDY NXT session report for Grand Prix at Mid-Ohio Qualifications - Group 2.,http://www.imscdn.com/INDYCAR/Documents/6429/2024-07-06/indynxt-sectionresults-quals-g2.pdf,1,900ddfcb701b1977f16e33501302742c328980f5ffcccd190d2e433bba0b5681
asset_indy_nxt_2024_6429_top_section_times,pdf,Top Section Times,link_only,7/6/2024,series_indy_nxt,INDY NXT,2024,event_indy_nxt_2024_5474,Grand Prix at Mid-Ohio,session_indy_nxt_2024_6429,qualifying,Qualifications - Group 2,,,no,no,Official INDY NXT session report for Grand Prix at Mid-Ohio Qualifications - Group 2.,http://www.imscdn.com/INDYCAR/Documents/6429/2024-07-06/indynxt-topsectiontimes-quals-g2.pdf,1,900ddfcb701b1977f16e33501302742c328980f5ffcccd190d2e433bba0b5681
asset_indy_nxt_2025_6452_box_score,pdf,Box Score,link_only,7/6/2025,series_indy_nxt,INDY NXT,2025,event_indy_nxt_2025_5494,Grand Prix at Mid-Ohio,session_indy_nxt_2025_6452,race,Race,,,no,no,Official INDY NXT session report for Grand Prix at Mid-Ohio Race.,http://www.imscdn.com/INDYCAR/Documents/6452/2025-07-06/indynxt-officialraceresults.pdf,1,900ddfcb701b1977f16e33501302742c328980f5ffcccd190d2e433bba0b5681
asset_indy_nxt_2025_6452_event_summary,pdf,Event Summary,link_only,7/6/2025,series_indy_nxt,INDY NXT,2025,event_indy_nxt_2025_5494,Grand Prix at Mid-Ohio,session_indy_nxt_2025_6452,race,Race,,,no,no,Official INDY NXT session report for Grand Prix at Mid-Ohio Race.,http://www.imscdn.com/INDYCAR/Documents/6452/2025-07-06/indynxt-eventsummary.pdf,1,900ddfcb701b1977f16e33501302742c328980f5ffcccd190d2e433bba0b5681
asset_indy_nxt_2025_6452_lap_chart,pdf,Lap Chart,link_only,7/6/2025,series_indy_nxt,INDY NXT,2025,event_indy_nxt_2025_5494,Grand Prix at Mid-Ohio,session_indy_nxt_2025_6452,race,Race,,,no,no,Official INDY NXT session report for Grand Prix at Mid-Ohio Race.,http://www.imscdn.com/INDYCAR/Documents/6452/2025-07-06/indynxt-race-lapchart.pdf,1,900ddfcb701b1977f16e33501302742c328980f5ffcccd190d2e433bba0b5681
asset_indy_nxt_2025_6452_leader_lap_summary,pdf,Leader Lap Summary,link_only,7/6/2025,series_indy_nxt,INDY NXT,2025,event_indy_nxt_2025_5494,Grand Prix at Mid-Ohio,session_indy_nxt_2025_6452,race,Race,,,no,no,Official INDY NXT session report for Grand Prix at Mid-Ohio Race.,http://www.imscdn.com/INDYCAR/Documents/6452/2025-07-06/indynxt-race-leaderlapsummary.pdf,1,900ddfcb701b1977f16e33501302742c328980f5ffcccd190d2e433bba0b5681
asset_indy_nxt_2025_6452_results,pdf,Results,link_only,7/6/2025,series_indy_nxt,INDY NXT,2025,event_indy_nxt_2025_5494,Grand Prix at Mid-Ohio,session_indy_nxt_2025_6452,race,Race,,,no,no,Official INDY NXT session report for Grand Prix at Mid-Ohio Race.,http://www.imscdn.com/INDYCAR/Documents/6452/2025-07-06/indynxt-race-results.pdf,1,900ddfcb701b1977f16e33501302742c328980f5ffcccd190d2e433bba0b5681
asset_indy_nxt_2025_6452_section_results,pdf,Section Results,link_only,7/6/2025,series_indy_nxt,INDY NXT,2025,event_indy_nxt_2025_5494,Grand Prix at Mid-Ohio,session_indy_nxt_2025_6452,race,Race,,,no,no,Official INDY NXT session report for Grand Prix at Mid-Ohio Race.,http://www.imscdn.com/INDYCAR/Documents/6452/2025-07-06/indynxt-sectionresults-race.pdf,1,900ddfcb701b1977f16e33501302742c328980f5ffcccd190d2e433bba0b5681
asset_indy_nxt_2025_6452_top_section_times,pdf,Top Section Times,link_only,7/6/2025,series_indy_nxt,INDY NXT,2025,event_indy_nxt_2025_5494,Grand Prix at Mid-Ohio,session_indy_nxt_2025_6452,race,Race,,,no,no,Official INDY NXT session report for Grand Prix at Mid-Ohio Race.,http://www.imscdn.com/INDYCAR/Documents/6452/2025-07-06/indynxt-topsectiontimes-race.pdf,1,900ddfcb701b1977f16e33501302742c328980f5ffcccd190d2e433bba0b5681
asset_indy_nxt_2024_6318_event_summary,pdf,Event Summary,link_only,7/7/2024,series_indy_nxt,INDY NXT,2024,event_indy_nxt_2024_5474,Grand Prix at Mid-Ohio,session_indy_nxt_2024_6318,race,Race,,,no,no,Official INDY NXT session report for Grand Prix at Mid-Ohio Race.,http://www.imscdn.com/INDYCAR/Documents/6318/2024-07-07/indynxt-eventsummary.pdf,1,900ddfcb701b1977f16e33501302742c328980f5ffcccd190d2e433bba0b5681
asset_indy_nxt_2024_6318_lap_chart,pdf,Lap Chart,link_only,7/7/2024,series_indy_nxt,INDY NXT,2024,event_indy_nxt_2024_5474,Grand Prix at Mid-Ohio,session_indy_nxt_2024_6318,race,Race,,,no,no,Official INDY NXT session report for Grand Prix at Mid-Ohio Race.,http://www.imscdn.com/INDYCAR/Documents/6318/2024-07-07/indynxt-race-lapchart.pdf,1,900ddfcb701b1977f16e33501302742c328980f5ffcccd190d2e433bba0b5681
asset_indy_nxt_2024_6318_leader_lap_summary,pdf,Leader Lap Summary,link_only,7/7/2024,series_indy_nxt,INDY NXT,2024,event_indy_nxt_2024_5474,Grand Prix at Mid-Ohio,session_indy_nxt_2024_6318,race,Race,,,no,no,Official INDY NXT session report for Grand Prix at Mid-Ohio Race.,http://www.imscdn.com/INDYCAR/Documents/6318/2024-07-07/indynxt-race-leaderlapsummary.pdf,1,900ddfcb701b1977f16e33501302742c328980f5ffcccd190d2e433bba0b5681
asset_indy_nxt_2024_6318_results,pdf,Results,link_only,7/7/2024,series_indy_nxt,INDY NXT,2024,event_indy_nxt_2024_5474,Grand Prix at Mid-Ohio,session_indy_nxt_2024_6318,race,Race,,,no,no,Official INDY NXT session report for Grand Prix at Mid-Ohio Race.,http://www.imscdn.com/INDYCAR/Documents/6318/2024-07-07/indynxt-race-results.pdf,1,900ddfcb701b1977f16e33501302742c328980f5ffcccd190d2e433bba0b5681
asset_indy_nxt_2024_6318_section_results,pdf,Section Results,link_only,7/7/2024,series_indy_nxt,INDY NXT,2024,event_indy_nxt_2024_5474,Grand Prix at Mid-Ohio,session_indy_nxt_2024_6318,race,Race,,,no,no,Official INDY NXT session report for Grand Prix at Mid-Ohio Race.,http://www.imscdn.com/INDYCAR/Documents/6318/2024-07-07/indynxt-sectionresults-race.pdf,1,900ddfcb701b1977f16e33501302742c328980f5ffcccd190d2e433bba0b5681
asset_indy_nxt_2024_6318_top_section_times,pdf,Top Section Times,link_only,7/7/2024,series_indy_nxt,INDY NXT,2024,event_indy_nxt_2024_5474,Grand Prix at Mid-Ohio,session_indy_nxt_2024_6318,race,Race,,,no,no,Official INDY NXT session report for Grand Prix at Mid-Ohio Race.,http://www.imscdn.com/INDYCAR/Documents/6318/2024-07-07/indynxt-topsectiontimes-race.pdf,1,900ddfcb701b1977f16e33501302742c328980f5ffcccd190d2e433bba0b5681
asset_indy_nxt_2025_6449_box_score,pdf,Box Score,link_only,8/10/2025,series_indy_nxt,INDY NXT,2025,event_indy_nxt_2025_5491,Grand Prix of Portland,session_indy_nxt_2025_6449,race,Race,,,no,no,Official INDY NXT session report for Grand Prix of Portland Race.,http://www.imscdn.com/INDYCAR/Documents/6449/2025-08-10/indynxt-officialracefinalpostings.pdf,1,900ddfcb701b1977f16e33501302742c328980f5ffcccd190d2e433bba0b5681
asset_indy_nxt_2025_6449_event_summary,pdf,Event Summary,link_only,8/10/2025,series_indy_nxt,INDY NXT,2025,event_indy_nxt_2025_5491,Grand Prix of Portland,session_indy_nxt_2025_6449,race,Race,,,no,no,Official INDY NXT session report for Grand Prix of Portland Race.,http://www.imscdn.com/INDYCAR/Documents/6449/2025-08-10/indynxt-eventsummary.pdf,1,900ddfcb701b1977f16e33501302742c328980f5ffcccd190d2e433bba0b5681
asset_indy_nxt_2025_6449_lap_chart,pdf,Lap Chart,link_only,8/10/2025,series_indy_nxt,INDY NXT,2025,event_indy_nxt_2025_5491,Grand Prix of Portland,session_indy_nxt_2025_6449,race,Race,,,no,no,Official INDY NXT session report for Grand Prix of Portland Race.,http://www.imscdn.com/INDYCAR/Documents/6449/2025-08-10/indynxt-race-lapchart.pdf,1,900ddfcb701b1977f16e33501302742c328980f5ffcccd190d2e433bba0b5681
asset_indy_nxt_2025_6449_leader_lap_summary,pdf,Leader Lap Summary,link_only,8/10/2025,series_indy_nxt,INDY NXT,2025,event_indy_nxt_2025_5491,Grand Prix of Portland,session_indy_nxt_2025_6449,race,Race,,,no,no,Official INDY NXT session report for Grand Prix of Portland Race.,http://www.imscdn.com/INDYCAR/Documents/6449/2025-08-10/indynxt-race-leaderlapsummary.pdf,1,900ddfcb701b1977f16e33501302742c328980f5ffcccd190d2e433bba0b5681
asset_indy_nxt_2025_6449_results,pdf,Results,link_only,8/10/2025,series_indy_nxt,INDY NXT,2025,event_indy_nxt_2025_5491,Grand Prix of Portland,session_indy_nxt_2025_6449,race,Race,,,no,no,Official INDY NXT session report for Grand Prix of Portland Race.,http://www.imscdn.com/INDYCAR/Documents/6449/2025-08-10/indynxt-race-results.pdf,1,900ddfcb701b1977f16e33501302742c328980f5ffcccd190d2e433bba0b5681
asset_indy_nxt_2025_6449_section_results,pdf,Section Results,link_only,8/10/2025,series_indy_nxt,INDY NXT,2025,event_indy_nxt_2025_5491,Grand Prix of Portland,session_indy_nxt_2025_6449,race,Race,,,no,no,Official INDY NXT session report for Grand Prix of Portland Race.,http://www.imscdn.com/INDYCAR/Documents/6449/2025-08-10/indynxt-sectionresults-race.pdf,1,900ddfcb701b1977f16e33501302742c328980f5ffcccd190d2e433bba0b5681
asset_indy_nxt_2025_6449_top_section_times,pdf,Top Section Times,link_only,8/10/2025,series_indy_nxt,INDY NXT,2025,event_indy_nxt_2025_5491,Grand Prix of Portland,session_indy_nxt_2025_6449,race,Race,,,no,no,Official INDY NXT session report for Grand Prix of Portland Race.,http://www.imscdn.com/INDYCAR/Documents/6449/2025-08-10/indynxt-topsectiontimes-race.pdf,1,900ddfcb701b1977f16e33501302742c328980f5ffcccd190d2e433bba0b5681
asset_indy_nxt_2024_6480_combined_results,pdf,Combined Results,link_only,8/16/2024,series_indy_nxt,INDY NXT,2024,event_indy_nxt_2024_5476,OUTFRONT Showdown,session_indy_nxt_2024_6480,practice,Practice,,,no,no,Official INDY NXT session report for OUTFRONT Showdown Practice.,http://www.imscdn.com/INDYCAR/Documents/6480/2024-08-16/indynxt-results-p1.pdf,1,900ddfcb701b1977f16e33501302742c328980f5ffcccd190d2e433bba0b5681
asset_indy_nxt_2024_6480_results,pdf,Results,link_only,8/16/2024,series_indy_nxt,INDY NXT,2024,event_indy_nxt_2024_5476,OUTFRONT Showdown,session_indy_nxt_2024_6480,practice,Practice,,,no,no,Official INDY NXT session report for OUTFRONT Showdown Practice.,http://www.imscdn.com/INDYCAR/Documents/6480/2024-08-16/indynxt-results-p1.pdf,1,900ddfcb701b1977f16e33501302742c328980f5ffcccd190d2e433bba0b5681
asset_indy_nxt_2024_6480_section_results,pdf,Section Results,link_only,8/16/2024,series_indy_nxt,INDY NXT,2024,event_indy_nxt_2024_5476,OUTFRONT Showdown,session_indy_nxt_2024_6480,practice,Practice,,,no,no,Official INDY NXT session report for OUTFRONT Showdown Practice.,http://www.imscdn.com/INDYCAR/Documents/6480/2024-08-16/indynxt-sectionresults-p1.pdf,1,900ddfcb701b1977f16e33501302742c328980f5ffcccd190d2e433bba0b5681
asset_indy_nxt_2024_6480_top_section_times,pdf,Top Section Times,link_only,8/16/2024,series_indy_nxt,INDY NXT,2024,event_indy_nxt_2024_5476,OUTFRONT Showdown,session_indy_nxt_2024_6480,practice,Practice,,,no,no,Official INDY NXT session report for OUTFRONT Showdown Practice.,http://www.imscdn.com/INDYCAR/Documents/6480/2024-08-16/indynxt-topsectiontimes-p1.pdf,1,900ddfcb701b1977f16e33501302742c328980f5ffcccd190d2e433bba0b5681
asset_indy_nxt_2024_6481_overall_results,pdf,Overall Results,link_only,8/16/2024,series_indy_nxt,INDY NXT,2024,event_indy_nxt_2024_5476,OUTFRONT Showdown,session_indy_nxt_2024_6481,qualifying,Qualifications,,,no,no,Official INDY NXT session report for OUTFRONT Showdown Qualifications.,http://www.imscdn.com/INDYCAR/Documents/6481/2024-08-16/indynxt-results-quals.pdf,1,900ddfcb701b1977f16e33501302742c328980f5ffcccd190d2e433bba0b5681
asset_indy_nxt_2024_6481_results,pdf,Results,link_only,8/16/2024,series_indy_nxt,INDY NXT,2024,event_indy_nxt_2024_5476,OUTFRONT Showdown,session_indy_nxt_2024_6481,qualifying,Qualifications,,,no,no,Official INDY NXT session report for OUTFRONT Showdown Qualifications.,http://www.imscdn.com/INDYCAR/Documents/6481/2024-08-16/indynxt-results-quals.pdf,1,900ddfcb701b1977f16e33501302742c328980f5ffcccd190d2e433bba0b5681
asset_indy_nxt_2024_6481_section_results,pdf,Section Results,link_only,8/16/2024,series_indy_nxt,INDY NXT,2024,event_indy_nxt_2024_5476,OUTFRONT Showdown,session_indy_nxt_2024_6481,qualifying,Qualifications,,,no,no,Official INDY NXT session report for OUTFRONT Showdown Qualifications.,http://www.imscdn.com/INDYCAR/Documents/6481/2024-08-16/indynxt-sectionresults-quals.pdf,1,900ddfcb701b1977f16e33501302742c328980f5ffcccd190d2e433bba0b5681
asset_indy_nxt_2024_6481_top_section_times,pdf,Top Section Times,link_only,8/16/2024,series_indy_nxt,INDY NXT,2024,event_indy_nxt_2024_5476,OUTFRONT Showdown,session_indy_nxt_2024_6481,qualifying,Qualifications,,,no,no,Official INDY NXT session report for OUTFRONT Showdown Qualifications.,http://www.imscdn.com/INDYCAR/Documents/6481/2024-08-16/indynxt-topsectiontimes-quals.pdf,1,900ddfcb701b1977f16e33501302742c328980f5ffcccd190d2e433bba0b5681
asset_indy_nxt_2024_6320_event_summary,pdf,Event Summary,link_only,8/17/2024,series_indy_nxt,INDY NXT,2024,event_indy_nxt_2024_5476,OUTFRONT Showdown,session_indy_nxt_2024_6320,race,Race,,,no,no,Official INDY NXT session report for OUTFRONT Showdown Race.,http://www.imscdn.com/INDYCAR/Documents/6320/2024-08-17/indynxt-eventsummary.pdf,1,900ddfcb701b1977f16e33501302742c328980f5ffcccd190d2e433bba0b5681
asset_indy_nxt_2024_6320_lap_chart,pdf,Lap Chart,link_only,8/17/2024,series_indy_nxt,INDY NXT,2024,event_indy_nxt_2024_5476,OUTFRONT Showdown,session_indy_nxt_2024_6320,race,Race,,,no,no,Official INDY NXT session report for OUTFRONT Showdown Race.,http://www.imscdn.com/INDYCAR/Documents/6320/2024-08-17/indynxt-race-lapchart.pdf,1,900ddfcb701b1977f16e33501302742c328980f5ffcccd190d2e433bba0b5681
asset_indy_nxt_2024_6320_leader_lap_summary,pdf,Leader Lap Summary,link_only,8/17/2024,series_indy_nxt,INDY NXT,2024,event_indy_nxt_2024_5476,OUTFRONT Showdown,session_indy_nxt_2024_6320,race,Race,,,no,no,Official INDY NXT session report for OUTFRONT Showdown Race.,http://www.imscdn.com/INDYCAR/Documents/6320/2024-08-17/indynxt-race-leaderlapsummary.pdf,1,900ddfcb701b1977f16e33501302742c328980f5ffcccd190d2e433bba0b5681
asset_indy_nxt_2024_6320_results,pdf,Results,link_only,8/17/2024,series_indy_nxt,INDY NXT,2024,event_indy_nxt_2024_5476,OUTFRONT Showdown,session_indy_nxt_2024_6320,race,Race,,,no,no,Official INDY NXT session report for OUTFRONT Showdown Race.,http://www.imscdn.com/INDYCAR/Documents/6320/2024-08-17/indynxt-race-results.pdf,1,900ddfcb701b1977f16e33501302742c328980f5ffcccd190d2e433bba0b5681
asset_indy_nxt_2024_6320_section_results,pdf,Section Results,link_only,8/17/2024,series_indy_nxt,INDY NXT,2024,event_indy_nxt_2024_5476,OUTFRONT Showdown,session_indy_nxt_2024_6320,race,Race,,,no,no,Official INDY NXT session report for OUTFRONT Showdown Race.,http://www.imscdn.com/INDYCAR/Documents/6320/2024-08-17/indynxt-sectionresults-race.pdf,1,900ddfcb701b1977f16e33501302742c328980f5ffcccd190d2e433bba0b5681
asset_indy_nxt_2024_6320_top_section_times,pdf,Top Section Times,link_only,8/17/2024,series_indy_nxt,INDY NXT,2024,event_indy_nxt_2024_5476,OUTFRONT Showdown,session_indy_nxt_2024_6320,race,Race,,,no,no,Official INDY NXT session report for OUTFRONT Showdown Race.,http://www.imscdn.com/INDYCAR/Documents/6320/2024-08-17/indynxt-topsectiontimes-race.pdf,1,900ddfcb701b1977f16e33501302742c328980f5ffcccd190d2e433bba0b5681
asset_indy_nxt_2024_6494_results,pdf,Results,link_only,8/23/2024,series_indy_nxt,INDY NXT,2024,event_indy_nxt_2024_5477,Grand Prix of Portland,session_indy_nxt_2024_6494,practice,Practice 1,,,no,no,Official INDY NXT session report for Grand Prix of Portland Practice 1.,http://www.imscdn.com/INDYCAR/Documents/6494/2024-08-23/indynxt-results-p1.pdf,1,900ddfcb701b1977f16e33501302742c328980f5ffcccd190d2e433bba0b5681
asset_indy_nxt_2024_6494_section_results,pdf,Section Results,link_only,8/23/2024,series_indy_nxt,INDY NXT,2024,event_indy_nxt_2024_5477,Grand Prix of Portland,session_indy_nxt_2024_6494,practice,Practice 1,,,no,no,Official INDY NXT session report for Grand Prix of Portland Practice 1.,http://www.imscdn.com/INDYCAR/Documents/6494/2024-08-23/indynxt-sectionresults-p1.pdf,1,900ddfcb701b1977f16e33501302742c328980f5ffcccd190d2e433bba0b5681
asset_indy_nxt_2024_6494_top_section_times,pdf,Top Section Times,link_only,8/23/2024,series_indy_nxt,INDY NXT,2024,event_indy_nxt_2024_5477,Grand Prix of Portland,session_indy_nxt_2024_6494,practice,Practice 1,,,no,no,Official INDY NXT session report for Grand Prix of Portland Practice 1.,http://www.imscdn.com/INDYCAR/Documents/6494/2024-08-23/indynxt-topsectiontimes-p1.pdf,1,900ddfcb701b1977f16e33501302742c328980f5ffcccd190d2e433bba0b5681
asset_indy_nxt_2025_6588_overall_results,pdf,Overall Results,link_only,8/23/2025,series_indy_nxt,INDY NXT,2025,event_indy_nxt_2025_5490,INDY NXT by Firestone at the Milwaukee Mile,session_indy_nxt_2025_6588,qualifying,Qualifications,,,no,no,Official INDY NXT session report for INDY NXT by Firestone at the Milwaukee Mile Qualifications.,http://www.imscdn.com/INDYCAR/Documents/5490/6588/indynxt-results-quals.pdf,1,900ddfcb701b1977f16e33501302742c328980f5ffcccd190d2e433bba0b5681
asset_indy_nxt_2025_6588_results,pdf,Results,link_only,8/23/2025,series_indy_nxt,INDY NXT,2025,event_indy_nxt_2025_5490,INDY NXT by Firestone at the Milwaukee Mile,session_indy_nxt_2025_6588,qualifying,Qualifications,,,no,no,Official INDY NXT session report for INDY NXT by Firestone at the Milwaukee Mile Qualifications.,http://www.imscdn.com/INDYCAR/Documents/5490/6588/indynxt-results-quals.pdf,1,900ddfcb701b1977f16e33501302742c328980f5ffcccd190d2e433bba0b5681
asset_indy_nxt_2025_6588_section_results,pdf,Section Results,link_only,8/23/2025,series_indy_nxt,INDY NXT,2025,event_indy_nxt_2025_5490,INDY NXT by Firestone at the Milwaukee Mile,session_indy_nxt_2025_6588,qualifying,Qualifications,,,no,no,Official INDY NXT session report for INDY NXT by Firestone at the Milwaukee Mile Qualifications.,http://www.imscdn.com/INDYCAR/Documents/5490/6588/indynxt-sectionresults-quals.pdf,1,900ddfcb701b1977f16e33501302742c328980f5ffcccd190d2e433bba0b5681
asset_indy_nxt_2025_6588_top_section_times,pdf,Top Section Times,link_only,8/23/2025,series_indy_nxt,INDY NXT,2025,event_indy_nxt_2025_5490,INDY NXT by Firestone at the Milwaukee Mile,session_indy_nxt_2025_6588,qualifying,Qualifications,,,no,no,Official INDY NXT session report for INDY NXT by Firestone at the Milwaukee Mile Qualifications.,http://www.imscdn.com/INDYCAR/Documents/5490/6588/indynxt-topsectiontimes-quals.pdf,1,900ddfcb701b1977f16e33501302742c328980f5ffcccd190d2e433bba0b5681
asset_indy_nxt_2025_6727_combined_results,pdf,Combined Results,link_only,8/23/2025,series_indy_nxt,INDY NXT,2025,event_indy_nxt_2025_5490,INDY NXT by Firestone at the Milwaukee Mile,session_indy_nxt_2025_6727,practice,Practice,,,no,no,Official INDY NXT session report for INDY NXT by Firestone at the Milwaukee Mile Practice.,http://www.imscdn.com/INDYCAR/Documents/5490/6727/indynxt-results-p1.pdf,1,900ddfcb701b1977f16e33501302742c328980f5ffcccd190d2e433bba0b5681
asset_indy_nxt_2025_6727_results,pdf,Results,link_only,8/23/2025,series_indy_nxt,INDY NXT,2025,event_indy_nxt_2025_5490,INDY NXT by Firestone at the Milwaukee Mile,session_indy_nxt_2025_6727,practice,Practice,,,no,no,Official INDY NXT session report for INDY NXT by Firestone at the Milwaukee Mile Practice.,http://www.imscdn.com/INDYCAR/Documents/5490/6727/indynxt-results-p1.pdf,1,900ddfcb701b1977f16e33501302742c328980f5ffcccd190d2e433bba0b5681
asset_indy_nxt_2025_6727_section_results,pdf,Section Results,link_only,8/23/2025,series_indy_nxt,INDY NXT,2025,event_indy_nxt_2025_5490,INDY NXT by Firestone at the Milwaukee Mile,session_indy_nxt_2025_6727,practice,Practice,,,no,no,Official INDY NXT session report for INDY NXT by Firestone at the Milwaukee Mile Practice.,http://www.imscdn.com/INDYCAR/Documents/5490/6727/indynxt-sectionresults-p1.pdf,1,900ddfcb701b1977f16e33501302742c328980f5ffcccd190d2e433bba0b5681
asset_indy_nxt_2025_6727_top_section_times,pdf,Top Section Times,link_only,8/23/2025,series_indy_nxt,INDY NXT,2025,event_indy_nxt_2025_5490,INDY NXT by Firestone at the Milwaukee Mile,session_indy_nxt_2025_6727,practice,Practice,,,no,no,Official INDY NXT session report for INDY NXT by Firestone at the Milwaukee Mile Practice.,http://www.imscdn.com/INDYCAR/Documents/5490/6727/indynxt-topsectiontimes-p1.pdf,1,900ddfcb701b1977f16e33501302742c328980f5ffcccd190d2e433bba0b5681
asset_indy_nxt_2024_6495_combined_results,pdf,Combined Results,link_only,8/24/2024,series_indy_nxt,INDY NXT,2024,event_indy_nxt_2024_5477,Grand Prix of Portland,session_indy_nxt_2024_6495,practice,Practice 2,,,no,no,Official INDY NXT session report for Grand Prix of Portland Practice 2.,http://www.imscdn.com/INDYCAR/Documents/6495/2024-08-24/indynxt-results-pcomb-p2.pdf,1,900ddfcb701b1977f16e33501302742c328980f5ffcccd190d2e433bba0b5681
asset_indy_nxt_2024_6495_results,pdf,Results,link_only,8/24/2024,series_indy_nxt,INDY NXT,2024,event_indy_nxt_2024_5477,Grand Prix of Portland,session_indy_nxt_2024_6495,practice,Practice 2,,,no,no,Official INDY NXT session report for Grand Prix of Portland Practice 2.,http://www.imscdn.com/INDYCAR/Documents/6495/2024-08-24/indynxt-results-p2.pdf,1,900ddfcb701b1977f16e33501302742c328980f5ffcccd190d2e433bba0b5681
asset_indy_nxt_2024_6495_section_results,pdf,Section Results,link_only,8/24/2024,series_indy_nxt,INDY NXT,2024,event_indy_nxt_2024_5477,Grand Prix of Portland,session_indy_nxt_2024_6495,practice,Practice 2,,,no,no,Official INDY NXT session report for Grand Prix of Portland Practice 2.,http://www.imscdn.com/INDYCAR/Documents/6495/2024-08-24/indynxt-sectionresults-p2.pdf,1,900ddfcb701b1977f16e33501302742c328980f5ffcccd190d2e433bba0b5681
asset_indy_nxt_2024_6495_top_section_times,pdf,Top Section Times,link_only,8/24/2024,series_indy_nxt,INDY NXT,2024,event_indy_nxt_2024_5477,Grand Prix of Portland,session_indy_nxt_2024_6495,practice,Practice 2,,,no,no,Official INDY NXT session report for Grand Prix of Portland Practice 2.,http://www.imscdn.com/INDYCAR/Documents/6495/2024-08-24/indynxt-topsectiontimes-p2.pdf,1,900ddfcb701b1977f16e33501302742c328980f5ffcccd190d2e433bba0b5681
asset_indy_nxt_2024_6496_overall_results,pdf,Overall Results,link_only,8/24/2024,series_indy_nxt,INDY NXT,2024,event_indy_nxt_2024_5477,Grand Prix of Portland,session_indy_nxt_2024_6496,qualifying,Qualifications - Group 1,,,no,no,Official INDY NXT session report for Grand Prix of Portland Qualifications - Group 1.,http://www.imscdn.com/INDYCAR/Documents/6496/2024-08-24/indynxt-results-quals.pdf,1,900ddfcb701b1977f16e33501302742c328980f5ffcccd190d2e433bba0b5681
asset_indy_nxt_2024_6496_results,pdf,Results,link_only,8/24/2024,series_indy_nxt,INDY NXT,2024,event_indy_nxt_2024_5477,Grand Prix of Portland,session_indy_nxt_2024_6496,qualifying,Qualifications - Group 1,,,no,no,Official INDY NXT session report for Grand Prix of Portland Qualifications - Group 1.,http://www.imscdn.com/INDYCAR/Documents/6496/2024-08-24/indynxt-results-quals-g1.pdf,1,900ddfcb701b1977f16e33501302742c328980f5ffcccd190d2e433bba0b5681
asset_indy_nxt_2024_6496_section_results,pdf,Section Results,link_only,8/24/2024,series_indy_nxt,INDY NXT,2024,event_indy_nxt_2024_5477,Grand Prix of Portland,session_indy_nxt_2024_6496,qualifying,Qualifications - Group 1,,,no,no,Official INDY NXT session report for Grand Prix of Portland Qualifications - Group 1.,http://www.imscdn.com/INDYCAR/Documents/6496/2024-08-24/indynxt-sectionresults-quals-g1.pdf,1,900ddfcb701b1977f16e33501302742c328980f5ffcccd190d2e433bba0b5681
asset_indy_nxt_2024_6496_top_section_times,pdf,Top Section Times,link_only,8/24/2024,series_indy_nxt,INDY NXT,2024,event_indy_nxt_2024_5477,Grand Prix of Portland,session_indy_nxt_2024_6496,qualifying,Qualifications - Group 1,,,no,no,Official INDY NXT session report for Grand Prix of Portland Qualifications - Group 1.,http://www.imscdn.com/INDYCAR/Documents/6496/2024-08-24/indynxt-topsectiontimes-quals-g1.pdf,1,900ddfcb701b1977f16e33501302742c328980f5ffcccd190d2e433bba0b5681
asset_indy_nxt_2024_6513_overall_results,pdf,Overall Results,link_only,8/24/2024,series_indy_nxt,INDY NXT,2024,event_indy_nxt_2024_5477,Grand Prix of Portland,session_indy_nxt_2024_6513,qualifying,Qualifications - Group 2,,,no,no,Official INDY NXT session report for Grand Prix of Portland Qualifications - Group 2.,http://www.imscdn.com/INDYCAR/Documents/6513/2024-08-24/indynxt-results-quals.pdf,1,900ddfcb701b1977f16e33501302742c328980f5ffcccd190d2e433bba0b5681
asset_indy_nxt_2024_6513_results,pdf,Results,link_only,8/24/2024,series_indy_nxt,INDY NXT,2024,event_indy_nxt_2024_5477,Grand Prix of Portland,session_indy_nxt_2024_6513,qualifying,Qualifications - Group 2,,,no,no,Official INDY NXT session report for Grand Prix of Portland Qualifications - Group 2.,http://www.imscdn.com/INDYCAR/Documents/6513/2024-08-24/indynxt-results-quals-g2.pdf,1,900ddfcb701b1977f16e33501302742c328980f5ffcccd190d2e433bba0b5681
asset_indy_nxt_2024_6513_section_results,pdf,Section Results,link_only,8/24/2024,series_indy_nxt,INDY NXT,2024,event_indy_nxt_2024_5477,Grand Prix of Portland,session_indy_nxt_2024_6513,qualifying,Qualifications - Group 2,,,no,no,Official INDY NXT session report for Grand Prix of Portland Qualifications - Group 2.,http://www.imscdn.com/INDYCAR/Documents/6513/2024-08-24/indynxt-sectionresults-quals-g2.pdf,1,900ddfcb701b1977f16e33501302742c328980f5ffcccd190d2e433bba0b5681
asset_indy_nxt_2024_6513_top_section_times,pdf,Top Section Times,link_only,8/24/2024,series_indy_nxt,INDY NXT,2024,event_indy_nxt_2024_5477,Grand Prix of Portland,session_indy_nxt_2024_6513,qualifying,Qualifications - Group 2,,,no,no,Official INDY NXT session report for Grand Prix of Portland Qualifications - Group 2.,http://www.imscdn.com/INDYCAR/Documents/6513/2024-08-24/indynxt-topsectiontimes-quals-g2.pdf,1,900ddfcb701b1977f16e33501302742c328980f5ffcccd190d2e433bba0b5681
asset_indy_nxt_2025_6448_box_score,pdf,Box Score,link_only,8/24/2025,series_indy_nxt,INDY NXT,2025,event_indy_nxt_2025_5490,INDY NXT by Firestone at the Milwaukee Mile,session_indy_nxt_2025_6448,race,Race,,,no,no,Official INDY NXT session report for INDY NXT by Firestone at the Milwaukee Mile Race.,http://www.imscdn.com/INDYCAR/Documents/5490/6448/indynxt-officialracefinalpostings.pdf,1,900ddfcb701b1977f16e33501302742c328980f5ffcccd190d2e433bba0b5681
asset_indy_nxt_2025_6448_event_summary,pdf,Event Summary,link_only,8/24/2025,series_indy_nxt,INDY NXT,2025,event_indy_nxt_2025_5490,INDY NXT by Firestone at the Milwaukee Mile,session_indy_nxt_2025_6448,race,Race,,,no,no,Official INDY NXT session report for INDY NXT by Firestone at the Milwaukee Mile Race.,http://www.imscdn.com/INDYCAR/Documents/5490/6448/indynxt-eventsummary.pdf,1,900ddfcb701b1977f16e33501302742c328980f5ffcccd190d2e433bba0b5681
asset_indy_nxt_2025_6448_lap_chart,pdf,Lap Chart,link_only,8/24/2025,series_indy_nxt,INDY NXT,2025,event_indy_nxt_2025_5490,INDY NXT by Firestone at the Milwaukee Mile,session_indy_nxt_2025_6448,race,Race,,,no,no,Official INDY NXT session report for INDY NXT by Firestone at the Milwaukee Mile Race.,http://www.imscdn.com/INDYCAR/Documents/5490/6448/indynxt-race-lapchart.pdf,1,900ddfcb701b1977f16e33501302742c328980f5ffcccd190d2e433bba0b5681
asset_indy_nxt_2025_6448_leader_lap_summary,pdf,Leader Lap Summary,link_only,8/24/2025,series_indy_nxt,INDY NXT,2025,event_indy_nxt_2025_5490,INDY NXT by Firestone at the Milwaukee Mile,session_indy_nxt_2025_6448,race,Race,,,no,no,Official INDY NXT session report for INDY NXT by Firestone at the Milwaukee Mile Race.,http://www.imscdn.com/INDYCAR/Documents/5490/6448/indynxt-race-leaderlapsummary.pdf,1,900ddfcb701b1977f16e33501302742c328980f5ffcccd190d2e433bba0b5681
asset_indy_nxt_2025_6448_results,pdf,Results,link_only,8/24/2025,series_indy_nxt,INDY NXT,2025,event_indy_nxt_2025_5490,INDY NXT by Firestone at the Milwaukee Mile,session_indy_nxt_2025_6448,race,Race,,,no,no,Official INDY NXT session report for INDY NXT by Firestone at the Milwaukee Mile Race.,http://www.imscdn.com/INDYCAR/Documents/5490/6448/indynxt-race-results.pdf,1,900ddfcb701b1977f16e33501302742c328980f5ffcccd190d2e433bba0b5681
asset_indy_nxt_2025_6448_section_results,pdf,Section Results,link_only,8/24/2025,series_indy_nxt,INDY NXT,2025,event_indy_nxt_2025_5490,INDY NXT by Firestone at the Milwaukee Mile,session_indy_nxt_2025_6448,race,Race,,,no,no,Official INDY NXT session report for INDY NXT by Firestone at the Milwaukee Mile Race.,http://www.imscdn.com/INDYCAR/Documents/5490/6448/indynxt-sectionresults-race.pdf,1,900ddfcb701b1977f16e33501302742c328980f5ffcccd190d2e433bba0b5681
asset_indy_nxt_2025_6448_top_section_times,pdf,Top Section Times,link_only,8/24/2025,series_indy_nxt,INDY NXT,2025,event_indy_nxt_2025_5490,INDY NXT by Firestone at the Milwaukee Mile,session_indy_nxt_2025_6448,race,Race,,,no,no,Official INDY NXT session report for INDY NXT by Firestone at the Milwaukee Mile Race.,http://www.imscdn.com/INDYCAR/Documents/5490/6448/indynxt-topsectiontimes-race.pdf,1,900ddfcb701b1977f16e33501302742c328980f5ffcccd190d2e433bba0b5681
asset_indy_nxt_2024_6321_event_summary,pdf,Event Summary,link_only,8/25/2024,series_indy_nxt,INDY NXT,2024,event_indy_nxt_2024_5477,Grand Prix of Portland,session_indy_nxt_2024_6321,race,Race,,,no,no,Official INDY NXT session report for Grand Prix of Portland Race.,http://www.imscdn.com/INDYCAR/Documents/6321/2024-08-25/indynxt-eventsummary.pdf,1,900ddfcb701b1977f16e33501302742c328980f5ffcccd190d2e433bba0b5681
asset_indy_nxt_2024_6321_lap_chart,pdf,Lap Chart,link_only,8/25/2024,series_indy_nxt,INDY NXT,2024,event_indy_nxt_2024_5477,Grand Prix of Portland,session_indy_nxt_2024_6321,race,Race,,,no,no,Official INDY NXT session report for Grand Prix of Portland Race.,http://www.imscdn.com/INDYCAR/Documents/6321/2024-08-25/indynxt-race-lapchart.pdf,1,900ddfcb701b1977f16e33501302742c328980f5ffcccd190d2e433bba0b5681
asset_indy_nxt_2024_6321_leader_lap_summary,pdf,Leader Lap Summary,link_only,8/25/2024,series_indy_nxt,INDY NXT,2024,event_indy_nxt_2024_5477,Grand Prix of Portland,session_indy_nxt_2024_6321,race,Race,,,no,no,Official INDY NXT session report for Grand Prix of Portland Race.,http://www.imscdn.com/INDYCAR/Documents/6321/2024-08-25/indynxt-race-leaderlapsummary.pdf,1,900ddfcb701b1977f16e33501302742c328980f5ffcccd190d2e433bba0b5681
asset_indy_nxt_2024_6321_results,pdf,Results,link_only,8/25/2024,series_indy_nxt,INDY NXT,2024,event_indy_nxt_2024_5477,Grand Prix of Portland,session_indy_nxt_2024_6321,race,Race,,,no,no,Official INDY NXT session report for Grand Prix of Portland Race.,http://www.imscdn.com/INDYCAR/Documents/6321/2024-08-25/indynxt-race-results.pdf,1,900ddfcb701b1977f16e33501302742c328980f5ffcccd190d2e433bba0b5681
asset_indy_nxt_2024_6321_section_results,pdf,Section Results,link_only,8/25/2024,series_indy_nxt,INDY NXT,2024,event_indy_nxt_2024_5477,Grand Prix of Portland,session_indy_nxt_2024_6321,race,Race,,,no,no,Official INDY NXT session report for Grand Prix of Portland Race.,http://www.imscdn.com/INDYCAR/Documents/6321/2024-08-25/indynxt-sectionresults-race.pdf,1,900ddfcb701b1977f16e33501302742c328980f5ffcccd190d2e433bba0b5681
asset_indy_nxt_2024_6321_top_section_times,pdf,Top Section Times,link_only,8/25/2024,series_indy_nxt,INDY NXT,2024,event_indy_nxt_2024_5477,Grand Prix of Portland,session_indy_nxt_2024_6321,race,Race,,,no,no,Official INDY NXT session report for Grand Prix of Portland Race.,http://www.imscdn.com/INDYCAR/Documents/6321/2024-08-25/indynxt-topsectiontimes-race.pdf,1,900ddfcb701b1977f16e33501302742c328980f5ffcccd190d2e433bba0b5681
asset_indy_nxt_2024_6505_combined_results,pdf,Combined Results,link_only,8/30/2024,series_indy_nxt,INDY NXT,2024,event_indy_nxt_2024_5478,INDY NXT By Firestone at The Milwaukee Mile,session_indy_nxt_2024_6505,practice,Practice,,,no,no,Official INDY NXT session report for INDY NXT By Firestone at The Milwaukee Mile Practice.,http://www.imscdn.com/INDYCAR/Documents/6505/2024-08-30/indynxt-results-p1.pdf,1,900ddfcb701b1977f16e33501302742c328980f5ffcccd190d2e433bba0b5681
asset_indy_nxt_2024_6505_results,pdf,Results,link_only,8/30/2024,series_indy_nxt,INDY NXT,2024,event_indy_nxt_2024_5478,INDY NXT By Firestone at The Milwaukee Mile,session_indy_nxt_2024_6505,practice,Practice,,,no,no,Official INDY NXT session report for INDY NXT By Firestone at The Milwaukee Mile Practice.,http://www.imscdn.com/INDYCAR/Documents/6505/2024-08-30/indynxt-results-p1.pdf,1,900ddfcb701b1977f16e33501302742c328980f5ffcccd190d2e433bba0b5681
asset_indy_nxt_2024_6505_section_results,pdf,Section Results,link_only,8/30/2024,series_indy_nxt,INDY NXT,2024,event_indy_nxt_2024_5478,INDY NXT By Firestone at The Milwaukee Mile,session_indy_nxt_2024_6505,practice,Practice,,,no,no,Official INDY NXT session report for INDY NXT By Firestone at The Milwaukee Mile Practice.,http://www.imscdn.com/INDYCAR/Documents/6505/2024-08-30/indynxt-sectionresults-p1.pdf,1,900ddfcb701b1977f16e33501302742c328980f5ffcccd190d2e433bba0b5681
asset_indy_nxt_2024_6505_top_section_times,pdf,Top Section Times,link_only,8/30/2024,series_indy_nxt,INDY NXT,2024,event_indy_nxt_2024_5478,INDY NXT By Firestone at The Milwaukee Mile,session_indy_nxt_2024_6505,practice,Practice,,,no,no,Official INDY NXT session report for INDY NXT By Firestone at The Milwaukee Mile Practice.,http://www.imscdn.com/INDYCAR/Documents/6505/2024-08-30/indynxt-topsectiontimes-p1.pdf,1,900ddfcb701b1977f16e33501302742c328980f5ffcccd190d2e433bba0b5681
asset_indy_nxt_2025_6593_overall_results,pdf,Overall Results,link_only,8/30/2025,series_indy_nxt,INDY NXT,2025,event_indy_nxt_2025_5489,Music City Grand Prix,session_indy_nxt_2025_6593,qualifying,Qualifications,,,no,no,Official INDY NXT session report for Music City Grand Prix Qualifications.,http://www.imscdn.com/INDYCAR/Documents/5489/6593/indynxt-results-quals.pdf,1,900ddfcb701b1977f16e33501302742c328980f5ffcccd190d2e433bba0b5681
asset_indy_nxt_2025_6593_results,pdf,Results,link_only,8/30/2025,series_indy_nxt,INDY NXT,2025,event_indy_nxt_2025_5489,Music City Grand Prix,session_indy_nxt_2025_6593,qualifying,Qualifications,,,no,no,Official INDY NXT session report for Music City Grand Prix Qualifications.,http://www.imscdn.com/INDYCAR/Documents/5489/6593/indynxt-results-quals.pdf,1,900ddfcb701b1977f16e33501302742c328980f5ffcccd190d2e433bba0b5681
asset_indy_nxt_2025_6593_section_results,pdf,Section Results,link_only,8/30/2025,series_indy_nxt,INDY NXT,2025,event_indy_nxt_2025_5489,Music City Grand Prix,session_indy_nxt_2025_6593,qualifying,Qualifications,,,no,no,Official INDY NXT session report for Music City Grand Prix Qualifications.,http://www.imscdn.com/INDYCAR/Documents/5489/6593/indynxt-sectionresults-quals.pdf,1,900ddfcb701b1977f16e33501302742c328980f5ffcccd190d2e433bba0b5681
asset_indy_nxt_2025_6593_top_section_times,pdf,Top Section Times,link_only,8/30/2025,series_indy_nxt,INDY NXT,2025,event_indy_nxt_2025_5489,Music City Grand Prix,session_indy_nxt_2025_6593,qualifying,Qualifications,,,no,no,Official INDY NXT session report for Music City Grand Prix Qualifications.,http://www.imscdn.com/INDYCAR/Documents/5489/6593/indynxt-topsectiontimes-quals.pdf,1,900ddfcb701b1977f16e33501302742c328980f5ffcccd190d2e433bba0b5681
asset_indy_nxt_2025_6731_combined_results,pdf,Combined Results,link_only,8/30/2025,series_indy_nxt,INDY NXT,2025,event_indy_nxt_2025_5489,Music City Grand Prix,session_indy_nxt_2025_6731,practice,Practice,,,no,no,Official INDY NXT session report for Music City Grand Prix Practice.,http://www.imscdn.com/INDYCAR/Documents/5489/6731/indynxt-results-p1.pdf,1,900ddfcb701b1977f16e33501302742c328980f5ffcccd190d2e433bba0b5681
asset_indy_nxt_2025_6731_results,pdf,Results,link_only,8/30/2025,series_indy_nxt,INDY NXT,2025,event_indy_nxt_2025_5489,Music City Grand Prix,session_indy_nxt_2025_6731,practice,Practice,,,no,no,Official INDY NXT session report for Music City Grand Prix Practice.,http://www.imscdn.com/INDYCAR/Documents/5489/6731/indynxt-results-p1.pdf,1,900ddfcb701b1977f16e33501302742c328980f5ffcccd190d2e433bba0b5681
asset_indy_nxt_2025_6731_section_results,pdf,Section Results,link_only,8/30/2025,series_indy_nxt,INDY NXT,2025,event_indy_nxt_2025_5489,Music City Grand Prix,session_indy_nxt_2025_6731,practice,Practice,,,no,no,Official INDY NXT session report for Music City Grand Prix Practice.,http://www.imscdn.com/INDYCAR/Documents/5489/6731/indynxt-sectionresults-p1.pdf,1,900ddfcb701b1977f16e33501302742c328980f5ffcccd190d2e433bba0b5681
asset_indy_nxt_2025_6731_top_section_times,pdf,Top Section Times,link_only,8/30/2025,series_indy_nxt,INDY NXT,2025,event_indy_nxt_2025_5489,Music City Grand Prix,session_indy_nxt_2025_6731,practice,Practice,,,no,no,Official INDY NXT session report for Music City Grand Prix Practice.,http://www.imscdn.com/INDYCAR/Documents/5489/6731/indynxt-topsectiontimes-p1.pdf,1,900ddfcb701b1977f16e33501302742c328980f5ffcccd190d2e433bba0b5681
asset_indy_nxt_2024_6322_event_summary,pdf,Event Summary,link_only,8/31/2024,series_indy_nxt,INDY NXT,2024,event_indy_nxt_2024_5478,INDY NXT By Firestone at The Milwaukee Mile,session_indy_nxt_2024_6322,race,Race,,,no,no,Official INDY NXT session report for INDY NXT By Firestone at The Milwaukee Mile Race.,http://www.imscdn.com/INDYCAR/Documents/6322/2024-08-31/indynxt-eventsummary.pdf,1,900ddfcb701b1977f16e33501302742c328980f5ffcccd190d2e433bba0b5681
asset_indy_nxt_2024_6322_lap_chart,pdf,Lap Chart,link_only,8/31/2024,series_indy_nxt,INDY NXT,2024,event_indy_nxt_2024_5478,INDY NXT By Firestone at The Milwaukee Mile,session_indy_nxt_2024_6322,race,Race,,,no,no,Official INDY NXT session report for INDY NXT By Firestone at The Milwaukee Mile Race.,http://www.imscdn.com/INDYCAR/Documents/6322/2024-08-31/indynxt-race-lapchart.pdf,1,900ddfcb701b1977f16e33501302742c328980f5ffcccd190d2e433bba0b5681
asset_indy_nxt_2024_6322_leader_lap_summary,pdf,Leader Lap Summary,link_only,8/31/2024,series_indy_nxt,INDY NXT,2024,event_indy_nxt_2024_5478,INDY NXT By Firestone at The Milwaukee Mile,session_indy_nxt_2024_6322,race,Race,,,no,no,Official INDY NXT session report for INDY NXT By Firestone at The Milwaukee Mile Race.,http://www.imscdn.com/INDYCAR/Documents/6322/2024-08-31/indynxt-race-leaderlapsummary.pdf,1,900ddfcb701b1977f16e33501302742c328980f5ffcccd190d2e433bba0b5681
asset_indy_nxt_2024_6322_results,pdf,Results,link_only,8/31/2024,series_indy_nxt,INDY NXT,2024,event_indy_nxt_2024_5478,INDY NXT By Firestone at The Milwaukee Mile,session_indy_nxt_2024_6322,race,Race,,,no,no,Official INDY NXT session report for INDY NXT By Firestone at The Milwaukee Mile Race.,http://www.imscdn.com/INDYCAR/Documents/6322/2024-08-31/indynxt-race-results.pdf,1,900ddfcb701b1977f16e33501302742c328980f5ffcccd190d2e433bba0b5681
asset_indy_nxt_2024_6322_section_results,pdf,Section Results,link_only,8/31/2024,series_indy_nxt,INDY NXT,2024,event_indy_nxt_2024_5478,INDY NXT By Firestone at The Milwaukee Mile,session_indy_nxt_2024_6322,race,Race,,,no,no,Official INDY NXT session report for INDY NXT By Firestone at The Milwaukee Mile Race.,http://www.imscdn.com/INDYCAR/Documents/6322/2024-08-31/indynxt-sectionresults-race.pdf,1,900ddfcb701b1977f16e33501302742c328980f5ffcccd190d2e433bba0b5681
asset_indy_nxt_2024_6322_top_section_times,pdf,Top Section Times,link_only,8/31/2024,series_indy_nxt,INDY NXT,2024,event_indy_nxt_2024_5478,INDY NXT By Firestone at The Milwaukee Mile,session_indy_nxt_2024_6322,race,Race,,,no,no,Official INDY NXT session report for INDY NXT By Firestone at The Milwaukee Mile Race.,http://www.imscdn.com/INDYCAR/Documents/6322/2024-08-31/indynxt-topsectiontimes-race.pdf,1,900ddfcb701b1977f16e33501302742c328980f5ffcccd190d2e433bba0b5681
asset_indy_nxt_2024_6506_overall_results,pdf,Overall Results,link_only,8/31/2024,series_indy_nxt,INDY NXT,2024,event_indy_nxt_2024_5478,INDY NXT By Firestone at The Milwaukee Mile,session_indy_nxt_2024_6506,qualifying,Qualifications,,,no,no,Official INDY NXT session report for INDY NXT By Firestone at The Milwaukee Mile Qualifications.,http://www.imscdn.com/INDYCAR/Documents/6506/2024-08-31/indynxt-results-quals.pdf,1,900ddfcb701b1977f16e33501302742c328980f5ffcccd190d2e433bba0b5681
asset_indy_nxt_2024_6506_results,pdf,Results,link_only,8/31/2024,series_indy_nxt,INDY NXT,2024,event_indy_nxt_2024_5478,INDY NXT By Firestone at The Milwaukee Mile,session_indy_nxt_2024_6506,qualifying,Qualifications,,,no,no,Official INDY NXT session report for INDY NXT By Firestone at The Milwaukee Mile Qualifications.,http://www.imscdn.com/INDYCAR/Documents/6506/2024-08-31/indynxt-results-quals.pdf,1,900ddfcb701b1977f16e33501302742c328980f5ffcccd190d2e433bba0b5681
asset_indy_nxt_2024_6506_section_results,pdf,Section Results,link_only,8/31/2024,series_indy_nxt,INDY NXT,2024,event_indy_nxt_2024_5478,INDY NXT By Firestone at The Milwaukee Mile,session_indy_nxt_2024_6506,qualifying,Qualifications,,,no,no,Official INDY NXT session report for INDY NXT By Firestone at The Milwaukee Mile Qualifications.,http://www.imscdn.com/INDYCAR/Documents/6506/2024-08-31/indynxt-sectionresults-quals.pdf,1,900ddfcb701b1977f16e33501302742c328980f5ffcccd190d2e433bba0b5681
asset_indy_nxt_2024_6506_top_section_times,pdf,Top Section Times,link_only,8/31/2024,series_indy_nxt,INDY NXT,2024,event_indy_nxt_2024_5478,INDY NXT By Firestone at The Milwaukee Mile,session_indy_nxt_2024_6506,qualifying,Qualifications,,,no,no,Official INDY NXT session report for INDY NXT By Firestone at The Milwaukee Mile Qualifications.,http://www.imscdn.com/INDYCAR/Documents/6506/2024-08-31/indynxt-topsectiontimes-quals.pdf,1,900ddfcb701b1977f16e33501302742c328980f5ffcccd190d2e433bba0b5681
asset_indy_nxt_2025_6447_box_score,pdf,Box Score,link_only,8/31/2025,series_indy_nxt,INDY NXT,2025,event_indy_nxt_2025_5489,Music City Grand Prix,session_indy_nxt_2025_6447,race,Race,,,no,no,Official INDY NXT session report for Music City Grand Prix Race.,http://www.imscdn.com/INDYCAR/Documents/5489/6447/indynxt-officialracefinalpostings.pdf,1,900ddfcb701b1977f16e33501302742c328980f5ffcccd190d2e433bba0b5681
asset_indy_nxt_2025_6447_event_summary,pdf,Event Summary,link_only,8/31/2025,series_indy_nxt,INDY NXT,2025,event_indy_nxt_2025_5489,Music City Grand Prix,session_indy_nxt_2025_6447,race,Race,,,no,no,Official INDY NXT session report for Music City Grand Prix Race.,http://www.imscdn.com/INDYCAR/Documents/5489/6447/indynxt-eventsummary.pdf,1,900ddfcb701b1977f16e33501302742c328980f5ffcccd190d2e433bba0b5681
asset_indy_nxt_2025_6447_lap_chart,pdf,Lap Chart,link_only,8/31/2025,series_indy_nxt,INDY NXT,2025,event_indy_nxt_2025_5489,Music City Grand Prix,session_indy_nxt_2025_6447,race,Race,,,no,no,Official INDY NXT session report for Music City Grand Prix Race.,http://www.imscdn.com/INDYCAR/Documents/5489/6447/indynxt-race-lapchart.pdf,1,900ddfcb701b1977f16e33501302742c328980f5ffcccd190d2e433bba0b5681
asset_indy_nxt_2025_6447_leader_lap_summary,pdf,Leader Lap Summary,link_only,8/31/2025,series_indy_nxt,INDY NXT,2025,event_indy_nxt_2025_5489,Music City Grand Prix,session_indy_nxt_2025_6447,race,Race,,,no,no,Official INDY NXT session report for Music City Grand Prix Race.,http://www.imscdn.com/INDYCAR/Documents/5489/6447/indynxt-race-leaderlapsummary.pdf,1,900ddfcb701b1977f16e33501302742c328980f5ffcccd190d2e433bba0b5681
asset_indy_nxt_2025_6447_results,pdf,Results,link_only,8/31/2025,series_indy_nxt,INDY NXT,2025,event_indy_nxt_2025_5489,Music City Grand Prix,session_indy_nxt_2025_6447,race,Race,,,no,no,Official INDY NXT session report for Music City Grand Prix Race.,http://www.imscdn.com/INDYCAR/Documents/5489/6447/indynxt-race-results.pdf,1,900ddfcb701b1977f16e33501302742c328980f5ffcccd190d2e433bba0b5681
asset_indy_nxt_2025_6447_section_results,pdf,Section Results,link_only,8/31/2025,series_indy_nxt,INDY NXT,2025,event_indy_nxt_2025_5489,Music City Grand Prix,session_indy_nxt_2025_6447,race,Race,,,no,no,Official INDY NXT session report for Music City Grand Prix Race.,http://www.imscdn.com/INDYCAR/Documents/5489/6447/indynxt-sectionresults-race.pdf,1,900ddfcb701b1977f16e33501302742c328980f5ffcccd190d2e433bba0b5681
asset_indy_nxt_2025_6447_top_section_times,pdf,Top Section Times,link_only,8/31/2025,series_indy_nxt,INDY NXT,2025,event_indy_nxt_2025_5489,Music City Grand Prix,session_indy_nxt_2025_6447,race,Race,,,no,no,Official INDY NXT session report for Music City Grand Prix Race.,http://www.imscdn.com/INDYCAR/Documents/5489/6447/indynxt-topsectiontimes-race.pdf,1,900ddfcb701b1977f16e33501302742c328980f5ffcccd190d2e433bba0b5681
asset_indy_nxt_2025_6713_combined_results,pdf,Combined Results,link_only,8/8/2025,series_indy_nxt,INDY NXT,2025,event_indy_nxt_2025_5491,Grand Prix of Portland,session_indy_nxt_2025_6713,practice,Practice 1,,,no,no,Official INDY NXT session report for Grand Prix of Portland Practice 1.,http://www.imscdn.com/INDYCAR/Documents/6713/2025-08-08/indynxt-results-p1.pdf,1,900ddfcb701b1977f16e33501302742c328980f5ffcccd190d2e433bba0b5681
asset_indy_nxt_2025_6713_results,pdf,Results,link_only,8/8/2025,series_indy_nxt,INDY NXT,2025,event_indy_nxt_2025_5491,Grand Prix of Portland,session_indy_nxt_2025_6713,practice,Practice 1,,,no,no,Official INDY NXT session report for Grand Prix of Portland Practice 1.,http://www.imscdn.com/INDYCAR/Documents/6713/2025-08-08/indynxt-results-p1.pdf,1,900ddfcb701b1977f16e33501302742c328980f5ffcccd190d2e433bba0b5681
asset_indy_nxt_2025_6713_section_results,pdf,Section Results,link_only,8/8/2025,series_indy_nxt,INDY NXT,2025,event_indy_nxt_2025_5491,Grand Prix of Portland,session_indy_nxt_2025_6713,practice,Practice 1,,,no,no,Official INDY NXT session report for Grand Prix of Portland Practice 1.,http://www.imscdn.com/INDYCAR/Documents/6713/2025-08-08/indynxt-sectionresults-p1.pdf,1,900ddfcb701b1977f16e33501302742c328980f5ffcccd190d2e433bba0b5681
asset_indy_nxt_2025_6713_top_section_times,pdf,Top Section Times,link_only,8/8/2025,series_indy_nxt,INDY NXT,2025,event_indy_nxt_2025_5491,Grand Prix of Portland,session_indy_nxt_2025_6713,practice,Practice 1,,,no,no,Official INDY NXT session report for Grand Prix of Portland Practice 1.,http://www.imscdn.com/INDYCAR/Documents/6713/2025-08-08/indynxt-topsectiontimes-p1.pdf,1,900ddfcb701b1977f16e33501302742c328980f5ffcccd190d2e433bba0b5681
asset_indy_nxt_2025_6594_overall_results,pdf,Overall Results,link_only,8/9/2025,series_indy_nxt,INDY NXT,2025,event_indy_nxt_2025_5491,Grand Prix of Portland,session_indy_nxt_2025_6594,qualifying,Combined Qualifications,,,no,no,Official INDY NXT session report for Grand Prix of Portland Combined Qualifications.,http://www.imscdn.com/INDYCAR/Documents/6594/2025-08-09/indynxt-results-quals.pdf,1,900ddfcb701b1977f16e33501302742c328980f5ffcccd190d2e433bba0b5681
asset_indy_nxt_2025_6714_combined_results,pdf,Combined Results,link_only,8/9/2025,series_indy_nxt,INDY NXT,2025,event_indy_nxt_2025_5491,Grand Prix of Portland,session_indy_nxt_2025_6714,practice,Practice 2,,,no,no,Official INDY NXT session report for Grand Prix of Portland Practice 2.,http://www.imscdn.com/INDYCAR/Documents/6714/2025-08-09/indynxt-results-pcomb-p2.pdf,1,900ddfcb701b1977f16e33501302742c328980f5ffcccd190d2e433bba0b5681
asset_indy_nxt_2025_6714_results,pdf,Results,link_only,8/9/2025,series_indy_nxt,INDY NXT,2025,event_indy_nxt_2025_5491,Grand Prix of Portland,session_indy_nxt_2025_6714,practice,Practice 2,,,no,no,Official INDY NXT session report for Grand Prix of Portland Practice 2.,http://www.imscdn.com/INDYCAR/Documents/6714/2025-08-09/indynxt-results-p2.pdf,1,900ddfcb701b1977f16e33501302742c328980f5ffcccd190d2e433bba0b5681
asset_indy_nxt_2025_6714_section_results,pdf,Section Results,link_only,8/9/2025,series_indy_nxt,INDY NXT,2025,event_indy_nxt_2025_5491,Grand Prix of Portland,session_indy_nxt_2025_6714,practice,Practice 2,,,no,no,Official INDY NXT session report for Grand Prix of Portland Practice 2.,http://www.imscdn.com/INDYCAR/Documents/6714/2025-08-09/indynxt-sectionresults-p2.pdf,1,900ddfcb701b1977f16e33501302742c328980f5ffcccd190d2e433bba0b5681
asset_indy_nxt_2025_6714_top_section_times,pdf,Top Section Times,link_only,8/9/2025,series_indy_nxt,INDY NXT,2025,event_indy_nxt_2025_5491,Grand Prix of Portland,session_indy_nxt_2025_6714,practice,Practice 2,,,no,no,Official INDY NXT session report for Grand Prix of Portland Practice 2.,http://www.imscdn.com/INDYCAR/Documents/6714/2025-08-09/indynxt-topsectiontimes-p2.pdf,1,900ddfcb701b1977f16e33501302742c328980f5ffcccd190d2e433bba0b5681
asset_indy_nxt_2025_6715_overall_results,pdf,Overall Results,link_only,8/9/2025,series_indy_nxt,INDY NXT,2025,event_indy_nxt_2025_5491,Grand Prix of Portland,session_indy_nxt_2025_6715,qualifying,Qualifications - Group 1,,,no,no,Official INDY NXT session report for Grand Prix of Portland Qualifications - Group 1.,http://www.imscdn.com/INDYCAR/Documents/6715/2025-08-09/indynxt-results-quals.pdf,1,900ddfcb701b1977f16e33501302742c328980f5ffcccd190d2e433bba0b5681
asset_indy_nxt_2025_6715_results,pdf,Results,link_only,8/9/2025,series_indy_nxt,INDY NXT,2025,event_indy_nxt_2025_5491,Grand Prix of Portland,session_indy_nxt_2025_6715,qualifying,Qualifications - Group 1,,,no,no,Official INDY NXT session report for Grand Prix of Portland Qualifications - Group 1.,http://www.imscdn.com/INDYCAR/Documents/6715/2025-08-09/indynxt-results-quals-g1.pdf,1,900ddfcb701b1977f16e33501302742c328980f5ffcccd190d2e433bba0b5681
asset_indy_nxt_2025_6715_section_results,pdf,Section Results,link_only,8/9/2025,series_indy_nxt,INDY NXT,2025,event_indy_nxt_2025_5491,Grand Prix of Portland,session_indy_nxt_2025_6715,qualifying,Qualifications - Group 1,,,no,no,Official INDY NXT session report for Grand Prix of Portland Qualifications - Group 1.,http://www.imscdn.com/INDYCAR/Documents/6715/2025-08-09/indynxt-sectionresults-quals-g1.pdf,1,900ddfcb701b1977f16e33501302742c328980f5ffcccd190d2e433bba0b5681
asset_indy_nxt_2025_6715_top_section_times,pdf,Top Section Times,link_only,8/9/2025,series_indy_nxt,INDY NXT,2025,event_indy_nxt_2025_5491,Grand Prix of Portland,session_indy_nxt_2025_6715,qualifying,Qualifications - Group 1,,,no,no,Official INDY NXT session report for Grand Prix of Portland Qualifications - Group 1.,http://www.imscdn.com/INDYCAR/Documents/6715/2025-08-09/indynxt-topsectiontimes-quals-g1.pdf,1,900ddfcb701b1977f16e33501302742c328980f5ffcccd190d2e433bba0b5681
asset_indy_nxt_2025_6716_overall_results,pdf,Overall Results,link_only,8/9/2025,series_indy_nxt,INDY NXT,2025,event_indy_nxt_2025_5491,Grand Prix of Portland,session_indy_nxt_2025_6716,qualifying,Qualifications - Group 2,,,no,no,Official INDY NXT session report for Grand Prix of Portland Qualifications - Group 2.,http://www.imscdn.com/INDYCAR/Documents/6716/2025-08-09/indynxt-results-quals.pdf,1,900ddfcb701b1977f16e33501302742c328980f5ffcccd190d2e433bba0b5681
asset_indy_nxt_2025_6716_results,pdf,Results,link_only,8/9/2025,series_indy_nxt,INDY NXT,2025,event_indy_nxt_2025_5491,Grand Prix of Portland,session_indy_nxt_2025_6716,qualifying,Qualifications - Group 2,,,no,no,Official INDY NXT session report for Grand Prix of Portland Qualifications - Group 2.,http://www.imscdn.com/INDYCAR/Documents/6716/2025-08-09/indynxt-results-quals-g2.pdf,1,900ddfcb701b1977f16e33501302742c328980f5ffcccd190d2e433bba0b5681
asset_indy_nxt_2025_6716_section_results,pdf,Section Results,link_only,8/9/2025,series_indy_nxt,INDY NXT,2025,event_indy_nxt_2025_5491,Grand Prix of Portland,session_indy_nxt_2025_6716,qualifying,Qualifications - Group 2,,,no,no,Official INDY NXT session report for Grand Prix of Portland Qualifications - Group 2.,http://www.imscdn.com/INDYCAR/Documents/6716/2025-08-09/indynxt-sectionresults-quals-g2.pdf,1,900ddfcb701b1977f16e33501302742c328980f5ffcccd190d2e433bba0b5681
asset_indy_nxt_2025_6716_top_section_times,pdf,Top Section Times,link_only,8/9/2025,series_indy_nxt,INDY NXT,2025,event_indy_nxt_2025_5491,Grand Prix of Portland,session_indy_nxt_2025_6716,qualifying,Qualifications - Group 2,,,no,no,Official INDY NXT session report for Grand Prix of Portland Qualifications - Group 2.,http://www.imscdn.com/INDYCAR/Documents/6716/2025-08-09/indynxt-topsectiontimes-quals-g2.pdf,1,900ddfcb701b1977f16e33501302742c328980f5ffcccd190d2e433bba0b5681
asset_indy_nxt_2024_6488_results,pdf,Results,link_only,9/14/2024,series_indy_nxt,INDY NXT,2024,event_indy_nxt_2024_5479,Music City Grand Prix,session_indy_nxt_2024_6488,practice,Practice 1,,,no,no,Official INDY NXT session report for Music City Grand Prix Practice 1.,http://www.imscdn.com/INDYCAR/Documents/6488/2024-09-14/indynxt-results-p1.pdf,1,900ddfcb701b1977f16e33501302742c328980f5ffcccd190d2e433bba0b5681
asset_indy_nxt_2024_6488_section_results,pdf,Section Results,link_only,9/14/2024,series_indy_nxt,INDY NXT,2024,event_indy_nxt_2024_5479,Music City Grand Prix,session_indy_nxt_2024_6488,practice,Practice 1,,,no,no,Official INDY NXT session report for Music City Grand Prix Practice 1.,http://www.imscdn.com/INDYCAR/Documents/6488/2024-09-14/indynxt-sectionresults-p1.pdf,1,900ddfcb701b1977f16e33501302742c328980f5ffcccd190d2e433bba0b5681
asset_indy_nxt_2024_6488_top_section_times,pdf,Top Section Times,link_only,9/14/2024,series_indy_nxt,INDY NXT,2024,event_indy_nxt_2024_5479,Music City Grand Prix,session_indy_nxt_2024_6488,practice,Practice 1,,,no,no,Official INDY NXT session report for Music City Grand Prix Practice 1.,http://www.imscdn.com/INDYCAR/Documents/6488/2024-09-14/indynxt-topsectiontimes-p1.pdf,1,900ddfcb701b1977f16e33501302742c328980f5ffcccd190d2e433bba0b5681
asset_indy_nxt_2024_6489_results,pdf,Results,link_only,9/14/2024,series_indy_nxt,INDY NXT,2024,event_indy_nxt_2024_5479,Music City Grand Prix,session_indy_nxt_2024_6489,qualifying,Qualifications,,,no,no,Official INDY NXT session report for Music City Grand Prix Qualifications.,http://www.imscdn.com/INDYCAR/Documents/6489/2024-09-14/indynxt-results-quals.pdf,1,900ddfcb701b1977f16e33501302742c328980f5ffcccd190d2e433bba0b5681
asset_indy_nxt_2024_6489_section_results,pdf,Section Results,link_only,9/14/2024,series_indy_nxt,INDY NXT,2024,event_indy_nxt_2024_5479,Music City Grand Prix,session_indy_nxt_2024_6489,qualifying,Qualifications,,,no,no,Official INDY NXT session report for Music City Grand Prix Qualifications.,http://www.imscdn.com/INDYCAR/Documents/6489/2024-09-14/indynxt-sectionresults-quals.pdf,1,900ddfcb701b1977f16e33501302742c328980f5ffcccd190d2e433bba0b5681
asset_indy_nxt_2024_6489_top_section_times,pdf,Top Section Times,link_only,9/14/2024,series_indy_nxt,INDY NXT,2024,event_indy_nxt_2024_5479,Music City Grand Prix,session_indy_nxt_2024_6489,qualifying,Qualifications,,,no,no,Official INDY NXT session report for Music City Grand Prix Qualifications.,http://www.imscdn.com/INDYCAR/Documents/6489/2024-09-14/indynxt-topsectiontimes-quals.pdf,1,900ddfcb701b1977f16e33501302742c328980f5ffcccd190d2e433bba0b5681
asset_indy_nxt_2024_6490_combined_results,pdf,Combined Results,link_only,9/14/2024,series_indy_nxt,INDY NXT,2024,event_indy_nxt_2024_5479,Music City Grand Prix,session_indy_nxt_2024_6490,practice,Practice 2,,,no,no,Official INDY NXT session report for Music City Grand Prix Practice 2.,http://www.imscdn.com/INDYCAR/Documents/6490/2024-09-14/indynxt-results-pcomb-p2.pdf,1,900ddfcb701b1977f16e33501302742c328980f5ffcccd190d2e433bba0b5681
asset_indy_nxt_2024_6490_results,pdf,Results,link_only,9/14/2024,series_indy_nxt,INDY NXT,2024,event_indy_nxt_2024_5479,Music City Grand Prix,session_indy_nxt_2024_6490,practice,Practice 2,,,no,no,Official INDY NXT session report for Music City Grand Prix Practice 2.,http://www.imscdn.com/INDYCAR/Documents/6490/2024-09-14/indynxt-results-p2.pdf,1,900ddfcb701b1977f16e33501302742c328980f5ffcccd190d2e433bba0b5681
asset_indy_nxt_2024_6490_section_results,pdf,Section Results,link_only,9/14/2024,series_indy_nxt,INDY NXT,2024,event_indy_nxt_2024_5479,Music City Grand Prix,session_indy_nxt_2024_6490,practice,Practice 2,,,no,no,Official INDY NXT session report for Music City Grand Prix Practice 2.,http://www.imscdn.com/INDYCAR/Documents/6490/2024-09-14/indynxt-sectionresults-p2.pdf,1,900ddfcb701b1977f16e33501302742c328980f5ffcccd190d2e433bba0b5681
asset_indy_nxt_2024_6490_top_section_times,pdf,Top Section Times,link_only,9/14/2024,series_indy_nxt,INDY NXT,2024,event_indy_nxt_2024_5479,Music City Grand Prix,session_indy_nxt_2024_6490,practice,Practice 2,,,no,no,Official INDY NXT session report for Music City Grand Prix Practice 2.,http://www.imscdn.com/INDYCAR/Documents/6490/2024-09-14/indynxt-topsectiontimes-p2.pdf,1,900ddfcb701b1977f16e33501302742c328980f5ffcccd190d2e433bba0b5681
asset_indy_nxt_2024_6323_event_summary,pdf,Event Summary,link_only,9/15/2024,series_indy_nxt,INDY NXT,2024,event_indy_nxt_2024_5479,Music City Grand Prix,session_indy_nxt_2024_6323,race,Race,,,no,no,Official INDY NXT session report for Music City Grand Prix Race.,http://www.imscdn.com/INDYCAR/Documents/6323/2024-09-15/indynxt-eventsummary.pdf,1,900ddfcb701b1977f16e33501302742c328980f5ffcccd190d2e433bba0b5681
asset_indy_nxt_2024_6323_lap_chart,pdf,Lap Chart,link_only,9/15/2024,series_indy_nxt,INDY NXT,2024,event_indy_nxt_2024_5479,Music City Grand Prix,session_indy_nxt_2024_6323,race,Race,,,no,no,Official INDY NXT session report for Music City Grand Prix Race.,http://www.imscdn.com/INDYCAR/Documents/6323/2024-09-15/indynxt-race-lapchart.pdf,1,900ddfcb701b1977f16e33501302742c328980f5ffcccd190d2e433bba0b5681
asset_indy_nxt_2024_6323_leader_lap_summary,pdf,Leader Lap Summary,link_only,9/15/2024,series_indy_nxt,INDY NXT,2024,event_indy_nxt_2024_5479,Music City Grand Prix,session_indy_nxt_2024_6323,race,Race,,,no,no,Official INDY NXT session report for Music City Grand Prix Race.,http://www.imscdn.com/INDYCAR/Documents/6323/2024-09-15/indynxt-race-leaderlapsummary.pdf,1,900ddfcb701b1977f16e33501302742c328980f5ffcccd190d2e433bba0b5681
asset_indy_nxt_2024_6323_results,pdf,Results,link_only,9/15/2024,series_indy_nxt,INDY NXT,2024,event_indy_nxt_2024_5479,Music City Grand Prix,session_indy_nxt_2024_6323,race,Race,,,no,no,Official INDY NXT session report for Music City Grand Prix Race.,http://www.imscdn.com/INDYCAR/Documents/6323/2024-09-15/indynxt-race-results.pdf,1,900ddfcb701b1977f16e33501302742c328980f5ffcccd190d2e433bba0b5681
asset_indy_nxt_2024_6323_section_results,pdf,Section Results,link_only,9/15/2024,series_indy_nxt,INDY NXT,2024,event_indy_nxt_2024_5479,Music City Grand Prix,session_indy_nxt_2024_6323,race,Race,,,no,no,Official INDY NXT session report for Music City Grand Prix Race.,http://www.imscdn.com/INDYCAR/Documents/6323/2024-09-15/indynxt-sectionresults-race.pdf,1,900ddfcb701b1977f16e33501302742c328980f5ffcccd190d2e433bba0b5681
asset_indy_nxt_2024_6323_top_section_times,pdf,Top Section Times,link_only,9/15/2024,series_indy_nxt,INDY NXT,2024,event_indy_nxt_2024_5479,Music City Grand Prix,session_indy_nxt_2024_6323,race,Race,,,no,no,Official INDY NXT session report for Music City Grand Prix Race.,http://www.imscdn.com/INDYCAR/Documents/6323/2024-09-15/indynxt-topsectiontimes-race.pdf,1,900ddfcb701b1977f16e33501302742c328980f5ffcccd190d2e433bba0b5681
