sessionId,eventId,eventName,seriesId,seriesName,seasonYear,sessionType,totalContextRows,racecraftCount,penaltyCount,incidentCount,weatherCount,mediaCount,bryceContextCount,wetDryStates,firstLapNumber,lastLapNumber,sourceStateCounts,sourceHash
session_euroformula_2023_01-portimao-qualifying,event_euroformula_2023_r1_portimao,Euroformula Open 2023 Round 1 - Portimao,series_euroformula_open,Euroformula Open,2023,qualifying,1,0,0,0,0,1,0,,,,media_narrative_context:1,d4d96f43d7e734ba26b0bdefe7d2d3e6ec0096e36dc05af4008d5fc7acfe69fd
session_euroformula_2023_01-portimao-race-1,event_euroformula_2023_r1_portimao,Euroformula Open 2023 Round 1 - Portimao,series_euroformula_open,Euroformula Open,2023,race,1,0,0,0,0,1,0,,,,media_narrative_context:1,d4d96f43d7e734ba26b0bdefe7d2d3e6ec0096e36dc05af4008d5fc7acfe69fd
session_euroformula_2023_01-portimao-race-2,event_euroformula_2023_r1_portimao,Euroformula Open 2023 Round 1 - Portimao,series_euroformula_open,Euroformula Open,2023,race,1,0,0,0,0,1,0,,,,media_narrative_context:1,d4d96f43d7e734ba26b0bdefe7d2d3e6ec0096e36dc05af4008d5fc7acfe69fd
session_euroformula_2023_01-portimao-race-3,event_euroformula_2023_r1_portimao,Euroformula Open 2023 Round 1 - Portimao,series_euroformula_open,Euroformula Open,2023,race,1,0,0,0,0,1,0,,,,media_narrative_context:1,d4d96f43d7e734ba26b0bdefe7d2d3e6ec0096e36dc05af4008d5fc7acfe69fd
session_euroformula_2023_02-spa_francorchamps-qualifying,event_euroformula_2023_r2_spa_francorchamps,Euroformula Open 2023 Round 2 - Spa-Francorchamps,series_euroformula_open,Euroformula Open,2023,qualifying,1,0,0,0,0,1,0,,,,media_narrative_context:1,d4d96f43d7e734ba26b0bdefe7d2d3e6ec0096e36dc05af4008d5fc7acfe69fd
session_euroformula_2023_02-spa_francorchamps-race-1,event_euroformula_2023_r2_spa_francorchamps,Euroformula Open 2023 Round 2 - Spa-Francorchamps,series_euroformula_open,Euroformula Open,2023,race,1,0,0,0,0,1,0,,,,media_narrative_context:1,d4d96f43d7e734ba26b0bdefe7d2d3e6ec0096e36dc05af4008d5fc7acfe69fd
session_euroformula_2023_02-spa_francorchamps-race-2,event_euroformula_2023_r2_spa_francorchamps,Euroformula Open 2023 Round 2 - Spa-Francorchamps,series_euroformula_open,Euroformula Open,2023,race,1,0,0,0,0,1,0,,,,media_narrative_context:1,d4d96f43d7e734ba26b0bdefe7d2d3e6ec0096e36dc05af4008d5fc7acfe69fd
session_euroformula_2023_02-spa_francorchamps-race-3,event_euroformula_2023_r2_spa_francorchamps,Euroformula Open 2023 Round 2 - Spa-Francorchamps,series_euroformula_open,Euroformula Open,2023,race,1,0,0,0,0,1,0,,,,media_narrative_context:1,d4d96f43d7e734ba26b0bdefe7d2d3e6ec0096e36dc05af4008d5fc7acfe69fd
session_euroformula_2023_03-hungaroring-qualifying,event_euroformula_2023_r3_hungaroring,Euroformula Open 2023 Round 3 - Hungaroring,series_euroformula_open,Euroformula Open,2023,qualifying,1,0,0,0,0,1,0,,,,media_narrative_context:1,d4d96f43d7e734ba26b0bdefe7d2d3e6ec0096e36dc05af4008d5fc7acfe69fd
session_euroformula_2023_03-hungaroring-race-1,event_euroformula_2023_r3_hungaroring,Euroformula Open 2023 Round 3 - Hungaroring,series_euroformula_open,Euroformula Open,2023,race,1,0,0,0,0,1,0,,,,media_narrative_context:1,d4d96f43d7e734ba26b0bdefe7d2d3e6ec0096e36dc05af4008d5fc7acfe69fd
session_euroformula_2023_03-hungaroring-race-2,event_euroformula_2023_r3_hungaroring,Euroformula Open 2023 Round 3 - Hungaroring,series_euroformula_open,Euroformula Open,2023,race,1,0,0,0,0,1,0,,,,media_narrative_context:1,d4d96f43d7e734ba26b0bdefe7d2d3e6ec0096e36dc05af4008d5fc7acfe69fd
session_euroformula_2023_03-hungaroring-race-3,event_euroformula_2023_r3_hungaroring,Euroformula Open 2023 Round 3 - Hungaroring,series_euroformula_open,Euroformula Open,2023,race,1,0,0,0,0,1,0,,,,media_narrative_context:1,d4d96f43d7e734ba26b0bdefe7d2d3e6ec0096e36dc05af4008d5fc7acfe69fd
session_euroformula_2023_04-paul_ricard-qualifying,event_euroformula_2023_r4_paul_ricard,Euroformula Open 2023 Round 4 - Paul Ricard,series_euroformula_open,Euroformula Open,2023,qualifying,1,0,0,0,0,1,0,,,,media_narrative_context:1,d4d96f43d7e734ba26b0bdefe7d2d3e6ec0096e36dc05af4008d5fc7acfe69fd
session_euroformula_2023_04-paul_ricard-race-1,event_euroformula_2023_r4_paul_ricard,Euroformula Open 2023 Round 4 - Paul Ricard,series_euroformula_open,Euroformula Open,2023,race,1,0,0,0,0,1,0,,,,media_narrative_context:1,d4d96f43d7e734ba26b0bdefe7d2d3e6ec0096e36dc05af4008d5fc7acfe69fd
session_euroformula_2023_04-paul_ricard-race-2,event_euroformula_2023_r4_paul_ricard,Euroformula Open 2023 Round 4 - Paul Ricard,series_euroformula_open,Euroformula Open,2023,race,1,0,0,0,0,1,0,,,,media_narrative_context:1,d4d96f43d7e734ba26b0bdefe7d2d3e6ec0096e36dc05af4008d5fc7acfe69fd
session_euroformula_2023_04-paul_ricard-race-3,event_euroformula_2023_r4_paul_ricard,Euroformula Open 2023 Round 4 - Paul Ricard,series_euroformula_open,Euroformula Open,2023,race,1,0,0,0,0,1,0,,,,media_narrative_context:1,d4d96f43d7e734ba26b0bdefe7d2d3e6ec0096e36dc05af4008d5fc7acfe69fd
session_euroformula_2023_05-red_bull_ring-qualifying,event_euroformula_2023_r5_red_bull_ring,Euroformula Open 2023 Round 5 - Red Bull Ring,series_euroformula_open,Euroformula Open,2023,qualifying,1,0,0,0,0,1,0,,,,media_narrative_context:1,d4d96f43d7e734ba26b0bdefe7d2d3e6ec0096e36dc05af4008d5fc7acfe69fd
session_euroformula_2023_05-red_bull_ring-race-1,event_euroformula_2023_r5_red_bull_ring,Euroformula Open 2023 Round 5 - Red Bull Ring,series_euroformula_open,Euroformula Open,2023,race,1,0,0,0,0,1,0,,,,media_narrative_context:1,d4d96f43d7e734ba26b0bdefe7d2d3e6ec0096e36dc05af4008d5fc7acfe69fd
session_euroformula_2023_05-red_bull_ring-race-2,event_euroformula_2023_r5_red_bull_ring,Euroformula Open 2023 Round 5 - Red Bull Ring,series_euroformula_open,Euroformula Open,2023,race,1,0,0,0,0,1,0,,,,media_narrative_context:1,d4d96f43d7e734ba26b0bdefe7d2d3e6ec0096e36dc05af4008d5fc7acfe69fd
session_euroformula_2023_05-red_bull_ring-race-3,event_euroformula_2023_r5_red_bull_ring,Euroformula Open 2023 Round 5 - Red Bull Ring,series_euroformula_open,Euroformula Open,2023,race,1,0,0,0,0,1,0,,,,media_narrative_context:1,d4d96f43d7e734ba26b0bdefe7d2d3e6ec0096e36dc05af4008d5fc7acfe69fd
session_euroformula_2023_06-monza-qualifying,event_euroformula_2023_r6_monza,Euroformula Open 2023 Round 6 - Monza,series_euroformula_open,Euroformula Open,2023,qualifying,1,0,0,0,0,1,0,,,,media_narrative_context:1,d4d96f43d7e734ba26b0bdefe7d2d3e6ec0096e36dc05af4008d5fc7acfe69fd
session_euroformula_2023_06-monza-race-1,event_euroformula_2023_r6_monza,Euroformula Open 2023 Round 6 - Monza,series_euroformula_open,Euroformula Open,2023,race,1,0,0,0,0,1,0,,,,media_narrative_context:1,d4d96f43d7e734ba26b0bdefe7d2d3e6ec0096e36dc05af4008d5fc7acfe69fd
session_euroformula_2023_06-monza-race-2,event_euroformula_2023_r6_monza,Euroformula Open 2023 Round 6 - Monza,series_euroformula_open,Euroformula Open,2023,race,1,0,0,0,0,1,0,,,,media_narrative_context:1,d4d96f43d7e734ba26b0bdefe7d2d3e6ec0096e36dc05af4008d5fc7acfe69fd
session_euroformula_2023_06-monza-race-3,event_euroformula_2023_r6_monza,Euroformula Open 2023 Round 6 - Monza,series_euroformula_open,Euroformula Open,2023,race,1,0,0,0,0,1,0,,,,media_narrative_context:1,d4d96f43d7e734ba26b0bdefe7d2d3e6ec0096e36dc05af4008d5fc7acfe69fd
session_euroformula_2023_07-barcelona-qualifying,event_euroformula_2023_r7_barcelona,Euroformula Open 2023 Round 7 - Barcelona,series_euroformula_open,Euroformula Open,2023,qualifying,1,0,0,0,0,1,0,,,,media_narrative_context:1,d4d96f43d7e734ba26b0bdefe7d2d3e6ec0096e36dc05af4008d5fc7acfe69fd
session_euroformula_2023_07-barcelona-race-1,event_euroformula_2023_r7_barcelona,Euroformula Open 2023 Round 7 - Barcelona,series_euroformula_open,Euroformula Open,2023,race,1,0,0,0,0,1,0,,,,media_narrative_context:1,d4d96f43d7e734ba26b0bdefe7d2d3e6ec0096e36dc05af4008d5fc7acfe69fd
session_euroformula_2023_07-barcelona-race-2,event_euroformula_2023_r7_barcelona,Euroformula Open 2023 Round 7 - Barcelona,series_euroformula_open,Euroformula Open,2023,race,1,0,0,0,0,1,0,,,,media_narrative_context:1,d4d96f43d7e734ba26b0bdefe7d2d3e6ec0096e36dc05af4008d5fc7acfe69fd
session_euroformula_2023_07-barcelona-race-3,event_euroformula_2023_r7_barcelona,Euroformula Open 2023 Round 7 - Barcelona,series_euroformula_open,Euroformula Open,2023,race,1,0,0,0,0,1,0,,,,media_narrative_context:1,d4d96f43d7e734ba26b0bdefe7d2d3e6ec0096e36dc05af4008d5fc7acfe69fd
session_formula_ford_2020_champion_brands_qualifying_race_5,event_formula_ford_2020_champion_brands,Champion of Brands 2020,series_formula_ford,Formula Ford,2020,qualifying,1,0,0,0,1,0,0,dry,,,official_weather_context:1,d4d96f43d7e734ba26b0bdefe7d2d3e6ec0096e36dc05af4008d5fc7acfe69fd
session_formula_ford_2020_champion_brands_race_11,event_formula_ford_2020_champion_brands,Champion of Brands 2020,series_formula_ford,Formula Ford,2020,race,1,0,0,0,1,0,0,dry,,,official_weather_context:1,d4d96f43d7e734ba26b0bdefe7d2d3e6ec0096e36dc05af4008d5fc7acfe69fd
session_formula_ford_2020_champion_brands_race_5,event_formula_ford_2020_champion_brands,Champion of Brands 2020,series_formula_ford,Formula Ford,2020,race,1,0,0,0,1,0,0,dry,,,official_weather_context:1,d4d96f43d7e734ba26b0bdefe7d2d3e6ec0096e36dc05af4008d5fc7acfe69fd
session_formula_ford_2020_champion_cadwell_qualifying_race_2,event_formula_ford_2020_champion_cadwell,The Champion of Cadwell for FF1600 2020,series_formula_ford,Formula Ford,2020,qualifying,1,0,0,0,1,0,0,dry,,,official_weather_context:1,d4d96f43d7e734ba26b0bdefe7d2d3e6ec0096e36dc05af4008d5fc7acfe69fd
session_formula_ford_2020_champion_cadwell_race_2,event_formula_ford_2020_champion_cadwell,The Champion of Cadwell for FF1600 2020,series_formula_ford,Formula Ford,2020,race,1,0,0,0,1,0,0,dry,,,official_weather_context:1,d4d96f43d7e734ba26b0bdefe7d2d3e6ec0096e36dc05af4008d5fc7acfe69fd
session_formula_ford_2020_champion_cadwell_race_5,event_formula_ford_2020_champion_cadwell,The Champion of Cadwell for FF1600 2020,series_formula_ford,Formula Ford,2020,race,1,0,0,0,1,0,0,dry,,,official_weather_context:1,d4d96f43d7e734ba26b0bdefe7d2d3e6ec0096e36dc05af4008d5fc7acfe69fd
session_formula_ford_2020_festival_grand_final_race_21,event_formula_ford_2020_formula_ford_festival,BRSCC Formula Ford Festival 2020,series_formula_ford,Formula Ford,2020,race,1,0,0,0,1,0,0,drying,,,official_weather_context:1,d4d96f43d7e734ba26b0bdefe7d2d3e6ec0096e36dc05af4008d5fc7acfe69fd
session_formula_ford_2020_festival_heat_1_race_4,event_formula_ford_2020_formula_ford_festival,BRSCC Formula Ford Festival 2020,series_formula_ford,Formula Ford,2020,heat,1,0,0,0,1,0,0,damp,,,official_weather_context:1,d4d96f43d7e734ba26b0bdefe7d2d3e6ec0096e36dc05af4008d5fc7acfe69fd
session_formula_ford_2020_festival_heat_2_race_5,event_formula_ford_2020_formula_ford_festival,BRSCC Formula Ford Festival 2020,series_formula_ford,Formula Ford,2020,heat,1,0,0,0,1,0,0,damp,,,official_weather_context:1,d4d96f43d7e734ba26b0bdefe7d2d3e6ec0096e36dc05af4008d5fc7acfe69fd
session_formula_ford_2020_festival_heat_3_race_6,event_formula_ford_2020_formula_ford_festival,BRSCC Formula Ford Festival 2020,series_formula_ford,Formula Ford,2020,heat,1,0,0,0,1,0,0,damp,,,official_weather_context:1,d4d96f43d7e734ba26b0bdefe7d2d3e6ec0096e36dc05af4008d5fc7acfe69fd
session_formula_ford_2020_festival_historic_final_race_17,event_formula_ford_2020_formula_ford_festival,BRSCC Formula Ford Festival 2020,series_formula_ford,Formula Ford,2020,race,1,0,0,0,1,0,0,dry,,,official_weather_context:1,d4d96f43d7e734ba26b0bdefe7d2d3e6ec0096e36dc05af4008d5fc7acfe69fd
session_formula_ford_2020_festival_last_chance_race_race_19,event_formula_ford_2020_formula_ford_festival,BRSCC Formula Ford Festival 2020,series_formula_ford,Formula Ford,2020,race,1,0,0,0,1,0,0,damp,,,official_weather_context:1,d4d96f43d7e734ba26b0bdefe7d2d3e6ec0096e36dc05af4008d5fc7acfe69fd
session_formula_ford_2020_festival_qualifying_heat_1_race_4,event_formula_ford_2020_formula_ford_festival,BRSCC Formula Ford Festival 2020,series_formula_ford,Formula Ford,2020,qualifying,1,0,0,0,1,0,0,dry,,,official_weather_context:1,d4d96f43d7e734ba26b0bdefe7d2d3e6ec0096e36dc05af4008d5fc7acfe69fd
session_formula_ford_2020_festival_qualifying_heat_2_race_5,event_formula_ford_2020_formula_ford_festival,BRSCC Formula Ford Festival 2020,series_formula_ford,Formula Ford,2020,qualifying,1,0,0,0,1,0,0,dry,,,official_weather_context:1,d4d96f43d7e734ba26b0bdefe7d2d3e6ec0096e36dc05af4008d5fc7acfe69fd
session_formula_ford_2020_festival_qualifying_heat_3_race_6,event_formula_ford_2020_formula_ford_festival,BRSCC Formula Ford Festival 2020,series_formula_ford,Formula Ford,2020,qualifying,1,0,0,0,1,0,0,dry,,,official_weather_context:1,d4d96f43d7e734ba26b0bdefe7d2d3e6ec0096e36dc05af4008d5fc7acfe69fd
session_formula_ford_2020_festival_semi_final_1_race_13,event_formula_ford_2020_formula_ford_festival,BRSCC Formula Ford Festival 2020,series_formula_ford,Formula Ford,2020,race,1,0,0,0,1,0,0,wet,,,official_weather_context:1,d4d96f43d7e734ba26b0bdefe7d2d3e6ec0096e36dc05af4008d5fc7acfe69fd
session_formula_ford_2020_festival_semi_final_2_race_15,event_formula_ford_2020_formula_ford_festival,BRSCC Formula Ford Festival 2020,series_formula_ford,Formula Ford,2020,race,1,0,0,0,1,0,0,drying,,,official_weather_context:1,d4d96f43d7e734ba26b0bdefe7d2d3e6ec0096e36dc05af4008d5fc7acfe69fd
session_formula_ford_2020_national_brands_hatch_qualifying_race_2,event_formula_ford_2020_national_brands_hatch,BRSCC National FF1600 2020 - Brands Hatch,series_formula_ford,Formula Ford,2020,qualifying,1,0,0,0,1,0,0,dry,,,official_weather_context:1,d4d96f43d7e734ba26b0bdefe7d2d3e6ec0096e36dc05af4008d5fc7acfe69fd
session_formula_ford_2020_national_brands_hatch_race_11,event_formula_ford_2020_national_brands_hatch,BRSCC National FF1600 2020 - Brands Hatch,series_formula_ford,Formula Ford,2020,race,1,0,0,0,1,0,0,dry,,,official_weather_context:1,d4d96f43d7e734ba26b0bdefe7d2d3e6ec0096e36dc05af4008d5fc7acfe69fd
session_formula_ford_2020_national_brands_hatch_race_18,event_formula_ford_2020_national_brands_hatch,BRSCC National FF1600 2020 - Brands Hatch,series_formula_ford,Formula Ford,2020,race,1,0,0,0,1,0,0,dry,,,official_weather_context:1,d4d96f43d7e734ba26b0bdefe7d2d3e6ec0096e36dc05af4008d5fc7acfe69fd
session_formula_ford_2020_national_brands_hatch_race_2,event_formula_ford_2020_national_brands_hatch,BRSCC National FF1600 2020 - Brands Hatch,series_formula_ford,Formula Ford,2020,race,1,0,0,0,1,0,0,dry,,,official_weather_context:1,d4d96f43d7e734ba26b0bdefe7d2d3e6ec0096e36dc05af4008d5fc7acfe69fd
session_formula_ford_2020_national_oulton_park_qualifying_race_1,event_formula_ford_2020_national_oulton_park,BRSCC National FF1600 2020 - Oulton Park,series_formula_ford,Formula Ford,2020,qualifying,1,0,0,0,1,0,0,dry,,,official_weather_context:1,d4d96f43d7e734ba26b0bdefe7d2d3e6ec0096e36dc05af4008d5fc7acfe69fd
session_formula_ford_2020_national_oulton_park_race_1,event_formula_ford_2020_national_oulton_park,BRSCC National FF1600 2020 - Oulton Park,series_formula_ford,Formula Ford,2020,race,1,0,0,0,1,0,0,wet,,,official_weather_context:1,d4d96f43d7e734ba26b0bdefe7d2d3e6ec0096e36dc05af4008d5fc7acfe69fd
session_formula_ford_2020_national_oulton_park_race_8,event_formula_ford_2020_national_oulton_park,BRSCC National FF1600 2020 - Oulton Park,series_formula_ford,Formula Ford,2020,race,1,0,0,0,1,0,0,wet,,,official_weather_context:1,d4d96f43d7e734ba26b0bdefe7d2d3e6ec0096e36dc05af4008d5fc7acfe69fd
session_formula_ford_2020_national_silverstone_qualifying_race_3,event_formula_ford_2020_national_silverstone,BRSCC National FF1600 2020 - Silverstone International,series_formula_ford,Formula Ford,2020,qualifying,1,0,0,0,1,0,0,unknown,,,official_weather_context:1,d4d96f43d7e734ba26b0bdefe7d2d3e6ec0096e36dc05af4008d5fc7acfe69fd
session_formula_ford_2020_national_silverstone_race_3,event_formula_ford_2020_national_silverstone,BRSCC National FF1600 2020 - Silverstone International,series_formula_ford,Formula Ford,2020,race,1,0,0,0,1,0,0,wet,,,official_weather_context:1,d4d96f43d7e734ba26b0bdefe7d2d3e6ec0096e36dc05af4008d5fc7acfe69fd
session_formula_ford_2020_national_silverstone_race_7,event_formula_ford_2020_national_silverstone,BRSCC National FF1600 2020 - Silverstone International,series_formula_ford,Formula Ford,2020,race,1,0,0,0,1,0,0,drying,,,official_weather_context:1,d4d96f43d7e734ba26b0bdefe7d2d3e6ec0096e36dc05af4008d5fc7acfe69fd
session_formula_ford_2020_wht_grand_final,event_formula_ford_2020_walter_hayes_trophy,Walter Hayes Trophy 2020,series_formula_ford,Formula Ford,2020,race,2,0,0,0,1,1,1,wet,,,media_narrative_context:1; official_weather_context:1,d4d96f43d7e734ba26b0bdefe7d2d3e6ec0096e36dc05af4008d5fc7acfe69fd
session_formula_ford_2020_wht_heat_1,event_formula_ford_2020_walter_hayes_trophy,Walter Hayes Trophy 2020,series_formula_ford,Formula Ford,2020,heat,1,0,0,0,1,0,0,wet,,,official_weather_context:1,d4d96f43d7e734ba26b0bdefe7d2d3e6ec0096e36dc05af4008d5fc7acfe69fd
session_formula_ford_2020_wht_heat_1_qualifying,event_formula_ford_2020_walter_hayes_trophy,Walter Hayes Trophy 2020,series_formula_ford,Formula Ford,2020,qualifying,1,0,0,0,1,0,0,damp,,,official_weather_context:1,d4d96f43d7e734ba26b0bdefe7d2d3e6ec0096e36dc05af4008d5fc7acfe69fd
session_formula_ford_2020_wht_heat_2,event_formula_ford_2020_walter_hayes_trophy,Walter Hayes Trophy 2020,series_formula_ford,Formula Ford,2020,heat,2,0,1,0,1,0,0,wet,,,official_penalty_context:1; official_weather_context:1,d4d96f43d7e734ba26b0bdefe7d2d3e6ec0096e36dc05af4008d5fc7acfe69fd
session_formula_ford_2020_wht_heat_2_qualifying,event_formula_ford_2020_walter_hayes_trophy,Walter Hayes Trophy 2020,series_formula_ford,Formula Ford,2020,qualifying,1,0,0,0,1,0,0,damp,,,official_weather_context:1,d4d96f43d7e734ba26b0bdefe7d2d3e6ec0096e36dc05af4008d5fc7acfe69fd
session_formula_ford_2020_wht_heat_3,event_formula_ford_2020_walter_hayes_trophy,Walter Hayes Trophy 2020,series_formula_ford,Formula Ford,2020,heat,1,0,0,0,1,0,0,wet,,,official_weather_context:1,d4d96f43d7e734ba26b0bdefe7d2d3e6ec0096e36dc05af4008d5fc7acfe69fd
session_formula_ford_2020_wht_heat_3_qualifying,event_formula_ford_2020_walter_hayes_trophy,Walter Hayes Trophy 2020,series_formula_ford,Formula Ford,2020,qualifying,1,0,0,0,1,0,0,damp,,,official_weather_context:1,d4d96f43d7e734ba26b0bdefe7d2d3e6ec0096e36dc05af4008d5fc7acfe69fd
session_formula_ford_2020_wht_heat_4,event_formula_ford_2020_walter_hayes_trophy,Walter Hayes Trophy 2020,series_formula_ford,Formula Ford,2020,heat,2,0,1,0,1,0,0,wet,,,official_penalty_context:1; official_weather_context:1,d4d96f43d7e734ba26b0bdefe7d2d3e6ec0096e36dc05af4008d5fc7acfe69fd
session_formula_ford_2020_wht_heat_4_qualifying,event_formula_ford_2020_walter_hayes_trophy,Walter Hayes Trophy 2020,series_formula_ford,Formula Ford,2020,qualifying,1,0,0,0,1,0,0,wet,,,official_weather_context:1,d4d96f43d7e734ba26b0bdefe7d2d3e6ec0096e36dc05af4008d5fc7acfe69fd
session_formula_ford_2020_wht_last_chance_race,event_formula_ford_2020_walter_hayes_trophy,Walter Hayes Trophy 2020,series_formula_ford,Formula Ford,2020,race,1,0,0,0,1,0,0,damp,,,official_weather_context:1,d4d96f43d7e734ba26b0bdefe7d2d3e6ec0096e36dc05af4008d5fc7acfe69fd
session_formula_ford_2020_wht_progression_race,event_formula_ford_2020_walter_hayes_trophy,Walter Hayes Trophy 2020,series_formula_ford,Formula Ford,2020,race,2,0,1,0,1,0,0,wet,,,official_penalty_context:1; official_weather_context:1,d4d96f43d7e734ba26b0bdefe7d2d3e6ec0096e36dc05af4008d5fc7acfe69fd
session_formula_ford_2020_wht_qualifying_race_7,event_formula_ford_2020_walter_hayes_trophy,Walter Hayes Trophy 2020,series_formula_ford,Formula Ford,2020,qualifying,1,0,0,0,1,0,0,wet,,,official_weather_context:1,d4d96f43d7e734ba26b0bdefe7d2d3e6ec0096e36dc05af4008d5fc7acfe69fd
session_formula_ford_2020_wht_qualifying_race_8,event_formula_ford_2020_walter_hayes_trophy,Walter Hayes Trophy 2020,series_formula_ford,Formula Ford,2020,qualifying,1,0,0,0,1,0,0,wet,,,official_weather_context:1,d4d96f43d7e734ba26b0bdefe7d2d3e6ec0096e36dc05af4008d5fc7acfe69fd
session_formula_ford_2020_wht_race_15,event_formula_ford_2020_walter_hayes_trophy,Walter Hayes Trophy 2020,series_formula_ford,Formula Ford,2020,race,1,0,0,0,1,0,0,damp,,,official_weather_context:1,d4d96f43d7e734ba26b0bdefe7d2d3e6ec0096e36dc05af4008d5fc7acfe69fd
session_formula_ford_2020_wht_race_16,event_formula_ford_2020_walter_hayes_trophy,Walter Hayes Trophy 2020,series_formula_ford,Formula Ford,2020,race,2,0,1,0,1,0,0,wet,,,official_penalty_context:1; official_weather_context:1,d4d96f43d7e734ba26b0bdefe7d2d3e6ec0096e36dc05af4008d5fc7acfe69fd
session_formula_ford_2020_wht_race_7,event_formula_ford_2020_walter_hayes_trophy,Walter Hayes Trophy 2020,series_formula_ford,Formula Ford,2020,race,1,0,0,0,1,0,0,damp,,,official_weather_context:1,d4d96f43d7e734ba26b0bdefe7d2d3e6ec0096e36dc05af4008d5fc7acfe69fd
session_formula_ford_2020_wht_race_8,event_formula_ford_2020_walter_hayes_trophy,Walter Hayes Trophy 2020,series_formula_ford,Formula Ford,2020,race,1,0,0,0,1,0,0,damp,,,official_weather_context:1,d4d96f43d7e734ba26b0bdefe7d2d3e6ec0096e36dc05af4008d5fc7acfe69fd
session_formula_ford_2020_wht_semi_final_1,event_formula_ford_2020_walter_hayes_trophy,Walter Hayes Trophy 2020,series_formula_ford,Formula Ford,2020,race,1,0,0,0,1,0,0,damp,,,official_weather_context:1,d4d96f43d7e734ba26b0bdefe7d2d3e6ec0096e36dc05af4008d5fc7acfe69fd
session_formula_ford_2020_wht_semi_final_2,event_formula_ford_2020_walter_hayes_trophy,Walter Hayes Trophy 2020,series_formula_ford,Formula Ford,2020,race,1,0,0,0,1,0,0,damp,,,official_weather_context:1,d4d96f43d7e734ba26b0bdefe7d2d3e6ec0096e36dc05af4008d5fc7acfe69fd
session_froc_2024_r1_qualifying_1,event_froc_2024_r1_taupo_international_motorsport_park,FROC 2024 Round 1 - Taupo International Motorsport Park,series_froc,Castrol Toyota Formula Regional Oceania Championship,2024,qualifying,1,0,0,0,0,1,0,,,,media_narrative_context:1,d4d96f43d7e734ba26b0bdefe7d2d3e6ec0096e36dc05af4008d5fc7acfe69fd
session_froc_2024_r1_qualifying_2,event_froc_2024_r1_taupo_international_motorsport_park,FROC 2024 Round 1 - Taupo International Motorsport Park,series_froc,Castrol Toyota Formula Regional Oceania Championship,2024,qualifying,1,0,0,0,0,1,0,,,,media_narrative_context:1,d4d96f43d7e734ba26b0bdefe7d2d3e6ec0096e36dc05af4008d5fc7acfe69fd
session_froc_2024_r1_race_2,event_froc_2024_r1_taupo_international_motorsport_park,FROC 2024 Round 1 - Taupo International Motorsport Park,series_froc,Castrol Toyota Formula Regional Oceania Championship,2024,race,1,0,0,0,0,1,0,,,,media_narrative_context:1,d4d96f43d7e734ba26b0bdefe7d2d3e6ec0096e36dc05af4008d5fc7acfe69fd
session_froc_2024_r2_qualifying_1,event_froc_2024_r2_manfeild_circuit_chris_amon,FROC 2024 Round 2 - Manfeild - Circuit Chris Amon,series_froc,Castrol Toyota Formula Regional Oceania Championship,2024,qualifying,1,0,0,0,0,1,0,,,,media_narrative_context:1,d4d96f43d7e734ba26b0bdefe7d2d3e6ec0096e36dc05af4008d5fc7acfe69fd
session_froc_2024_r2_qualifying_2,event_froc_2024_r2_manfeild_circuit_chris_amon,FROC 2024 Round 2 - Manfeild - Circuit Chris Amon,series_froc,Castrol Toyota Formula Regional Oceania Championship,2024,qualifying,1,0,0,0,0,1,0,,,,media_narrative_context:1,d4d96f43d7e734ba26b0bdefe7d2d3e6ec0096e36dc05af4008d5fc7acfe69fd
session_froc_2024_r2_race_1,event_froc_2024_r2_manfeild_circuit_chris_amon,FROC 2024 Round 2 - Manfeild - Circuit Chris Amon,series_froc,Castrol Toyota Formula Regional Oceania Championship,2024,race,1,0,0,0,0,1,0,,,,media_narrative_context:1,d4d96f43d7e734ba26b0bdefe7d2d3e6ec0096e36dc05af4008d5fc7acfe69fd
session_froc_2024_r2_race_2,event_froc_2024_r2_manfeild_circuit_chris_amon,FROC 2024 Round 2 - Manfeild - Circuit Chris Amon,series_froc,Castrol Toyota Formula Regional Oceania Championship,2024,race,1,0,0,0,0,1,0,,,,media_narrative_context:1,d4d96f43d7e734ba26b0bdefe7d2d3e6ec0096e36dc05af4008d5fc7acfe69fd
session_froc_2024_r2_test_1,event_froc_2024_r2_manfeild_circuit_chris_amon,FROC 2024 Round 2 - Manfeild - Circuit Chris Amon,series_froc,Castrol Toyota Formula Regional Oceania Championship,2024,test,1,0,0,0,0,1,0,,,,media_narrative_context:1,d4d96f43d7e734ba26b0bdefe7d2d3e6ec0096e36dc05af4008d5fc7acfe69fd
session_froc_2024_r2_test_2,event_froc_2024_r2_manfeild_circuit_chris_amon,FROC 2024 Round 2 - Manfeild - Circuit Chris Amon,series_froc,Castrol Toyota Formula Regional Oceania Championship,2024,test,1,0,0,0,0,1,0,,,,media_narrative_context:1,d4d96f43d7e734ba26b0bdefe7d2d3e6ec0096e36dc05af4008d5fc7acfe69fd
session_froc_2024_r4_qualifying_1,event_froc_2024_r4_euromarque_motorsport_park,FROC 2024 Round 4 - Euromarque Motorsport Park,series_froc,Castrol Toyota Formula Regional Oceania Championship,2024,qualifying,1,0,0,0,0,1,1,,,,media_narrative_context:1,d4d96f43d7e734ba26b0bdefe7d2d3e6ec0096e36dc05af4008d5fc7acfe69fd
session_froc_2024_r5_race_2,event_froc_2024_r5_highlands_motorsport_park,FROC 2024 Round 5 - Highlands Motorsport Park,series_froc,Castrol Toyota Formula Regional Oceania Championship,2024,race,1,0,0,0,0,1,1,,,,media_narrative_context:1,d4d96f43d7e734ba26b0bdefe7d2d3e6ec0096e36dc05af4008d5fc7acfe69fd
session_frp_f1600_2019_r1_01_practice_1,event_frp_f1600_2019_r1_road_atlanta,FRP F1600 2019 Round 1 - Road Atlanta,series_frp_f1600,F1600 Championship Series,2019,practice,1,0,0,0,0,1,0,,,,media_narrative_context:1,d4d96f43d7e734ba26b0bdefe7d2d3e6ec0096e36dc05af4008d5fc7acfe69fd
session_frp_f1600_2019_r1_02_practice_2,event_frp_f1600_2019_r1_road_atlanta,FRP F1600 2019 Round 1 - Road Atlanta,series_frp_f1600,F1600 Championship Series,2019,practice,1,0,0,0,0,1,0,,,,media_narrative_context:1,d4d96f43d7e734ba26b0bdefe7d2d3e6ec0096e36dc05af4008d5fc7acfe69fd
session_frp_f1600_2019_r1_03_qualifying,event_frp_f1600_2019_r1_road_atlanta,FRP F1600 2019 Round 1 - Road Atlanta,series_frp_f1600,F1600 Championship Series,2019,qualifying,1,0,0,0,0,1,0,,,,media_narrative_context:1,d4d96f43d7e734ba26b0bdefe7d2d3e6ec0096e36dc05af4008d5fc7acfe69fd
session_frp_f1600_2019_r1_04_race_1,event_frp_f1600_2019_r1_road_atlanta,FRP F1600 2019 Round 1 - Road Atlanta,series_frp_f1600,F1600 Championship Series,2019,race,1,0,0,0,0,1,0,,,,media_narrative_context:1,d4d96f43d7e734ba26b0bdefe7d2d3e6ec0096e36dc05af4008d5fc7acfe69fd
session_frp_f1600_2019_r1_05_race_2,event_frp_f1600_2019_r1_road_atlanta,FRP F1600 2019 Round 1 - Road Atlanta,series_frp_f1600,F1600 Championship Series,2019,race,1,0,0,0,0,1,0,,,,media_narrative_context:1,d4d96f43d7e734ba26b0bdefe7d2d3e6ec0096e36dc05af4008d5fc7acfe69fd
session_frp_f1600_2019_r1_06_race_3,event_frp_f1600_2019_r1_road_atlanta,FRP F1600 2019 Round 1 - Road Atlanta,series_frp_f1600,F1600 Championship Series,2019,race,1,0,0,0,0,1,0,,,,media_narrative_context:1,d4d96f43d7e734ba26b0bdefe7d2d3e6ec0096e36dc05af4008d5fc7acfe69fd
session_frp_f1600_2019_r2_01_practice_1,event_frp_f1600_2019_r2_watkins_glen_international,FRP F1600 2019 Round 2 - Watkins Glen International,series_frp_f1600,F1600 Championship Series,2019,practice,1,0,0,0,0,1,0,,,,media_narrative_context:1,d4d96f43d7e734ba26b0bdefe7d2d3e6ec0096e36dc05af4008d5fc7acfe69fd
session_frp_f1600_2019_r2_02_practice_2,event_frp_f1600_2019_r2_watkins_glen_international,FRP F1600 2019 Round 2 - Watkins Glen International,series_frp_f1600,F1600 Championship Series,2019,practice,1,0,0,0,0,1,0,,,,media_narrative_context:1,d4d96f43d7e734ba26b0bdefe7d2d3e6ec0096e36dc05af4008d5fc7acfe69fd
session_frp_f1600_2019_r2_03_qualifying,event_frp_f1600_2019_r2_watkins_glen_international,FRP F1600 2019 Round 2 - Watkins Glen International,series_frp_f1600,F1600 Championship Series,2019,qualifying,1,0,0,0,0,1,0,,,,media_narrative_context:1,d4d96f43d7e734ba26b0bdefe7d2d3e6ec0096e36dc05af4008d5fc7acfe69fd
session_frp_f1600_2019_r2_04_race_1,event_frp_f1600_2019_r2_watkins_glen_international,FRP F1600 2019 Round 2 - Watkins Glen International,series_frp_f1600,F1600 Championship Series,2019,race,1,0,0,0,0,1,0,,,,media_narrative_context:1,d4d96f43d7e734ba26b0bdefe7d2d3e6ec0096e36dc05af4008d5fc7acfe69fd
session_frp_f1600_2019_r2_05_race_2,event_frp_f1600_2019_r2_watkins_glen_international,FRP F1600 2019 Round 2 - Watkins Glen International,series_frp_f1600,F1600 Championship Series,2019,race,1,0,0,0,0,1,0,,,,media_narrative_context:1,d4d96f43d7e734ba26b0bdefe7d2d3e6ec0096e36dc05af4008d5fc7acfe69fd
session_frp_f1600_2019_r2_06_race_3,event_frp_f1600_2019_r2_watkins_glen_international,FRP F1600 2019 Round 2 - Watkins Glen International,series_frp_f1600,F1600 Championship Series,2019,race,1,0,0,0,0,1,0,,,,media_narrative_context:1,d4d96f43d7e734ba26b0bdefe7d2d3e6ec0096e36dc05af4008d5fc7acfe69fd
session_frp_f1600_2019_r3_01_practice_1,event_frp_f1600_2019_r3_mid_ohio_sports_car_course,FRP F1600 2019 Round 3 - Mid Ohio Sports Car Course,series_frp_f1600,F1600 Championship Series,2019,practice,1,0,0,0,0,1,0,,,,media_narrative_context:1,d4d96f43d7e734ba26b0bdefe7d2d3e6ec0096e36dc05af4008d5fc7acfe69fd
session_frp_f1600_2019_r3_02_practice_2,event_frp_f1600_2019_r3_mid_ohio_sports_car_course,FRP F1600 2019 Round 3 - Mid Ohio Sports Car Course,series_frp_f1600,F1600 Championship Series,2019,practice,1,0,0,0,0,1,0,,,,media_narrative_context:1,d4d96f43d7e734ba26b0bdefe7d2d3e6ec0096e36dc05af4008d5fc7acfe69fd
session_frp_f1600_2019_r3_03_qualifying,event_frp_f1600_2019_r3_mid_ohio_sports_car_course,FRP F1600 2019 Round 3 - Mid Ohio Sports Car Course,series_frp_f1600,F1600 Championship Series,2019,qualifying,2,0,1,0,0,1,0,,,,media_narrative_context:1; official_penalty_context:1,d4d96f43d7e734ba26b0bdefe7d2d3e6ec0096e36dc05af4008d5fc7acfe69fd
session_frp_f1600_2019_r3_04_race_1,event_frp_f1600_2019_r3_mid_ohio_sports_car_course,FRP F1600 2019 Round 3 - Mid Ohio Sports Car Course,series_frp_f1600,F1600 Championship Series,2019,race,1,0,0,0,0,1,0,,,,media_narrative_context:1,d4d96f43d7e734ba26b0bdefe7d2d3e6ec0096e36dc05af4008d5fc7acfe69fd
session_frp_f1600_2019_r3_05_race_2,event_frp_f1600_2019_r3_mid_ohio_sports_car_course,FRP F1600 2019 Round 3 - Mid Ohio Sports Car Course,series_frp_f1600,F1600 Championship Series,2019,race,1,0,0,0,0,1,0,,,,media_narrative_context:1,d4d96f43d7e734ba26b0bdefe7d2d3e6ec0096e36dc05af4008d5fc7acfe69fd
session_frp_f1600_2019_r3_06_race_3,event_frp_f1600_2019_r3_mid_ohio_sports_car_course,FRP F1600 2019 Round 3 - Mid Ohio Sports Car Course,series_frp_f1600,F1600 Championship Series,2019,race,1,0,0,0,0,1,0,,,,media_narrative_context:1,d4d96f43d7e734ba26b0bdefe7d2d3e6ec0096e36dc05af4008d5fc7acfe69fd
session_frp_f1600_2019_r4_01_qualifying,event_frp_f1600_2019_r4_virginia_international_raceway,FRP F1600 2019 Round 4 - Virginia International Raceway,series_frp_f1600,F1600 Championship Series,2019,qualifying,2,0,1,0,0,1,0,,,,media_narrative_context:1; official_penalty_context:1,d4d96f43d7e734ba26b0bdefe7d2d3e6ec0096e36dc05af4008d5fc7acfe69fd
session_frp_f1600_2019_r4_02_race_1,event_frp_f1600_2019_r4_virginia_international_raceway,FRP F1600 2019 Round 4 - Virginia International Raceway,series_frp_f1600,F1600 Championship Series,2019,race,1,0,0,0,0,1,0,,,,media_narrative_context:1,d4d96f43d7e734ba26b0bdefe7d2d3e6ec0096e36dc05af4008d5fc7acfe69fd
session_frp_f1600_2019_r4_03_race_2,event_frp_f1600_2019_r4_virginia_international_raceway,FRP F1600 2019 Round 4 - Virginia International Raceway,series_frp_f1600,F1600 Championship Series,2019,race,1,0,0,0,0,1,0,,,,media_narrative_context:1,d4d96f43d7e734ba26b0bdefe7d2d3e6ec0096e36dc05af4008d5fc7acfe69fd
session_frp_f1600_2019_r4_04_race_3,event_frp_f1600_2019_r4_virginia_international_raceway,FRP F1600 2019 Round 4 - Virginia International Raceway,series_frp_f1600,F1600 Championship Series,2019,race,1,0,0,0,0,1,0,,,,media_narrative_context:1,d4d96f43d7e734ba26b0bdefe7d2d3e6ec0096e36dc05af4008d5fc7acfe69fd
session_frp_f1600_2019_r5_02_race_1,event_frp_f1600_2019_r5_pittsburgh_international_race_complex,FRP F1600 2019 Round 5 - Pittsburgh International Race Complex,series_frp_f1600,F1600 Championship Series,2019,race,1,0,0,0,0,1,0,,,,media_narrative_context:1,d4d96f43d7e734ba26b0bdefe7d2d3e6ec0096e36dc05af4008d5fc7acfe69fd
session_frp_f1600_2019_r5_03_race_2,event_frp_f1600_2019_r5_pittsburgh_international_race_complex,FRP F1600 2019 Round 5 - Pittsburgh International Race Complex,series_frp_f1600,F1600 Championship Series,2019,race,1,0,0,0,0,1,0,,,,media_narrative_context:1,d4d96f43d7e734ba26b0bdefe7d2d3e6ec0096e36dc05af4008d5fc7acfe69fd
session_frp_f1600_2019_r5_04_race_3,event_frp_f1600_2019_r5_pittsburgh_international_race_complex,FRP F1600 2019 Round 5 - Pittsburgh International Race Complex,series_frp_f1600,F1600 Championship Series,2019,race,1,0,0,0,0,1,0,,,,media_narrative_context:1,d4d96f43d7e734ba26b0bdefe7d2d3e6ec0096e36dc05af4008d5fc7acfe69fd
session_frp_f1600_2019_r6_01_practice_1,event_frp_f1600_2019_r6_summit_point,FRP F1600 2019 Round 6 - Summit Point,series_frp_f1600,F1600 Championship Series,2019,practice,1,0,0,0,0,1,0,,,,media_narrative_context:1,d4d96f43d7e734ba26b0bdefe7d2d3e6ec0096e36dc05af4008d5fc7acfe69fd
session_frp_f1600_2019_r6_02_practice_2,event_frp_f1600_2019_r6_summit_point,FRP F1600 2019 Round 6 - Summit Point,series_frp_f1600,F1600 Championship Series,2019,practice,1,0,0,0,0,1,0,,,,media_narrative_context:1,d4d96f43d7e734ba26b0bdefe7d2d3e6ec0096e36dc05af4008d5fc7acfe69fd
session_frp_f1600_2019_r6_03_qualifying,event_frp_f1600_2019_r6_summit_point,FRP F1600 2019 Round 6 - Summit Point,series_frp_f1600,F1600 Championship Series,2019,qualifying,1,0,0,0,0,1,0,,,,media_narrative_context:1,d4d96f43d7e734ba26b0bdefe7d2d3e6ec0096e36dc05af4008d5fc7acfe69fd
session_frp_f1600_2019_r6_04_race_1,event_frp_f1600_2019_r6_summit_point,FRP F1600 2019 Round 6 - Summit Point,series_frp_f1600,F1600 Championship Series,2019,race,1,0,0,0,0,1,0,,,,media_narrative_context:1,d4d96f43d7e734ba26b0bdefe7d2d3e6ec0096e36dc05af4008d5fc7acfe69fd
session_frp_f1600_2019_r6_05_race_2,event_frp_f1600_2019_r6_summit_point,FRP F1600 2019 Round 6 - Summit Point,series_frp_f1600,F1600 Championship Series,2019,race,1,0,0,0,0,1,0,,,,media_narrative_context:1,d4d96f43d7e734ba26b0bdefe7d2d3e6ec0096e36dc05af4008d5fc7acfe69fd
session_frp_f1600_2019_r6_06_race_3,event_frp_f1600_2019_r6_summit_point,FRP F1600 2019 Round 6 - Summit Point,series_frp_f1600,F1600 Championship Series,2019,race,1,0,0,0,0,1,0,,,,media_narrative_context:1,d4d96f43d7e734ba26b0bdefe7d2d3e6ec0096e36dc05af4008d5fc7acfe69fd
session_frp_f1600_2019_r7_01_practice_1,event_frp_f1600_2019_r7_new_jersey_motorsports_park,FRP F1600 2019 Round 7 - New Jersey Motorsports Park,series_frp_f1600,F1600 Championship Series,2019,practice,1,0,0,0,0,1,0,,,,media_narrative_context:1,d4d96f43d7e734ba26b0bdefe7d2d3e6ec0096e36dc05af4008d5fc7acfe69fd
session_frp_f1600_2019_r7_02_practice_2,event_frp_f1600_2019_r7_new_jersey_motorsports_park,FRP F1600 2019 Round 7 - New Jersey Motorsports Park,series_frp_f1600,F1600 Championship Series,2019,practice,1,0,0,0,0,1,0,,,,media_narrative_context:1,d4d96f43d7e734ba26b0bdefe7d2d3e6ec0096e36dc05af4008d5fc7acfe69fd
session_frp_f1600_2019_r7_03_qualifying,event_frp_f1600_2019_r7_new_jersey_motorsports_park,FRP F1600 2019 Round 7 - New Jersey Motorsports Park,series_frp_f1600,F1600 Championship Series,2019,qualifying,1,0,0,0,0,1,0,,,,media_narrative_context:1,d4d96f43d7e734ba26b0bdefe7d2d3e6ec0096e36dc05af4008d5fc7acfe69fd
session_frp_f1600_2019_r7_04_race_1,event_frp_f1600_2019_r7_new_jersey_motorsports_park,FRP F1600 2019 Round 7 - New Jersey Motorsports Park,series_frp_f1600,F1600 Championship Series,2019,race,1,0,0,0,0,1,0,,,,media_narrative_context:1,d4d96f43d7e734ba26b0bdefe7d2d3e6ec0096e36dc05af4008d5fc7acfe69fd
session_frp_f1600_2019_r7_05_race_2,event_frp_f1600_2019_r7_new_jersey_motorsports_park,FRP F1600 2019 Round 7 - New Jersey Motorsports Park,series_frp_f1600,F1600 Championship Series,2019,race,1,0,0,0,0,1,0,,,,media_narrative_context:1,d4d96f43d7e734ba26b0bdefe7d2d3e6ec0096e36dc05af4008d5fc7acfe69fd
session_frp_f1600_2019_r7_06_race_3,event_frp_f1600_2019_r7_new_jersey_motorsports_park,FRP F1600 2019 Round 7 - New Jersey Motorsports Park,series_frp_f1600,F1600 Championship Series,2019,race,1,0,0,0,0,1,0,,,,media_narrative_context:1,d4d96f43d7e734ba26b0bdefe7d2d3e6ec0096e36dc05af4008d5fc7acfe69fd
session_gb3_2021_212005_free_practice_1,event_gb3_2021_r1_brands_hatch,GB3 2021 Round 1 - Brands Hatch,series_gb3,GB3 Championship,2021,practice,2,0,0,0,1,1,0,wet,,,media_narrative_context:1; official_weather_context:1,d4d96f43d7e734ba26b0bdefe7d2d3e6ec0096e36dc05af4008d5fc7acfe69fd
session_gb3_2021_212005_qualifying,event_gb3_2021_r1_brands_hatch,GB3 2021 Round 1 - Brands Hatch,series_gb3,GB3 Championship,2021,qualifying,2,0,0,0,1,1,0,dry,,,media_narrative_context:1; official_weather_context:1,d4d96f43d7e734ba26b0bdefe7d2d3e6ec0096e36dc05af4008d5fc7acfe69fd
session_gb3_2021_212005_qualifying_2nd_fastest,event_gb3_2021_r1_brands_hatch,GB3 2021 Round 1 - Brands Hatch,series_gb3,GB3 Championship,2021,qualifying,2,0,0,0,1,1,0,dry,,,media_narrative_context:1; official_weather_context:1,d4d96f43d7e734ba26b0bdefe7d2d3e6ec0096e36dc05af4008d5fc7acfe69fd
session_gb3_2021_212005_race_1_result,event_gb3_2021_r1_brands_hatch,GB3 2021 Round 1 - Brands Hatch,series_gb3,GB3 Championship,2021,race,3,0,0,0,1,2,0,dry,,,media_narrative_context:2; official_weather_context:1,d4d96f43d7e734ba26b0bdefe7d2d3e6ec0096e36dc05af4008d5fc7acfe69fd
session_gb3_2021_212005_race_2_result,event_gb3_2021_r1_brands_hatch,GB3 2021 Round 1 - Brands Hatch,series_gb3,GB3 Championship,2021,race,3,0,0,0,1,2,0,dry,,,media_narrative_context:2; official_weather_context:1,d4d96f43d7e734ba26b0bdefe7d2d3e6ec0096e36dc05af4008d5fc7acfe69fd
session_gb3_2021_212005_race_3_result,event_gb3_2021_r1_brands_hatch,GB3 2021 Round 1 - Brands Hatch,series_gb3,GB3 Championship,2021,race,3,0,0,0,1,2,0,dry,,,media_narrative_context:2; official_weather_context:1,d4d96f43d7e734ba26b0bdefe7d2d3e6ec0096e36dc05af4008d5fc7acfe69fd
session_gb3_2021_212505_qualifying,event_gb3_2021_r2_silverstone,GB3 2021 Round 2 - Silverstone,series_gb3,GB3 Championship,2021,qualifying,2,0,0,0,1,1,0,dry,,,media_narrative_context:1; official_weather_context:1,d4d96f43d7e734ba26b0bdefe7d2d3e6ec0096e36dc05af4008d5fc7acfe69fd
session_gb3_2021_212505_qualifying_2nd_fastest,event_gb3_2021_r2_silverstone,GB3 2021 Round 2 - Silverstone,series_gb3,GB3 Championship,2021,qualifying,2,0,0,0,1,1,0,dry,,,media_narrative_context:1; official_weather_context:1,d4d96f43d7e734ba26b0bdefe7d2d3e6ec0096e36dc05af4008d5fc7acfe69fd
session_gb3_2021_212505_race_1_result,event_gb3_2021_r2_silverstone,GB3 2021 Round 2 - Silverstone,series_gb3,GB3 Championship,2021,race,3,0,0,0,1,2,0,dry,,,media_narrative_context:2; official_weather_context:1,d4d96f43d7e734ba26b0bdefe7d2d3e6ec0096e36dc05af4008d5fc7acfe69fd
session_gb3_2021_212505_race_2_result,event_gb3_2021_r2_silverstone,GB3 2021 Round 2 - Silverstone,series_gb3,GB3 Championship,2021,race,3,0,0,0,1,2,0,dry,,,media_narrative_context:2; official_weather_context:1,d4d96f43d7e734ba26b0bdefe7d2d3e6ec0096e36dc05af4008d5fc7acfe69fd
session_gb3_2021_212505_race_3_result,event_gb3_2021_r2_silverstone,GB3 2021 Round 2 - Silverstone,series_gb3,GB3 Championship,2021,race,3,0,0,0,1,2,0,dry,,,media_narrative_context:2; official_weather_context:1,d4d96f43d7e734ba26b0bdefe7d2d3e6ec0096e36dc05af4008d5fc7acfe69fd
session_gb3_2021_212705_qualifying,event_gb3_2021_r3_donington_park,GB3 2021 Round 3 - Donington Park,series_gb3,GB3 Championship,2021,qualifying,2,0,0,0,1,1,0,dry,,,media_narrative_context:1; official_weather_context:1,d4d96f43d7e734ba26b0bdefe7d2d3e6ec0096e36dc05af4008d5fc7acfe69fd
session_gb3_2021_212705_qualifying_2nd_fastest,event_gb3_2021_r3_donington_park,GB3 2021 Round 3 - Donington Park,series_gb3,GB3 Championship,2021,qualifying,2,0,0,0,1,1,0,dry,,,media_narrative_context:1; official_weather_context:1,d4d96f43d7e734ba26b0bdefe7d2d3e6ec0096e36dc05af4008d5fc7acfe69fd
session_gb3_2021_212705_race_1_result,event_gb3_2021_r3_donington_park,GB3 2021 Round 3 - Donington Park,series_gb3,GB3 Championship,2021,race,3,0,0,0,1,2,0,dry,,,media_narrative_context:2; official_weather_context:1,d4d96f43d7e734ba26b0bdefe7d2d3e6ec0096e36dc05af4008d5fc7acfe69fd
session_gb3_2021_212705_race_2_result,event_gb3_2021_r3_donington_park,GB3 2021 Round 3 - Donington Park,series_gb3,GB3 Championship,2021,race,3,0,0,0,1,2,0,dry,,,media_narrative_context:2; official_weather_context:1,d4d96f43d7e734ba26b0bdefe7d2d3e6ec0096e36dc05af4008d5fc7acfe69fd
session_gb3_2021_212705_race_3_result,event_gb3_2021_r3_donington_park,GB3 2021 Round 3 - Donington Park,series_gb3,GB3 Championship,2021,race,3,0,0,0,1,2,0,dry,,,media_narrative_context:2; official_weather_context:1,d4d96f43d7e734ba26b0bdefe7d2d3e6ec0096e36dc05af4008d5fc7acfe69fd
session_gb3_2021_212905_free_practice_1,event_gb3_2021_r4_spa_francorchamps,GB3 2021 Round 4 - Spa-Francorchamps,series_gb3,GB3 Championship,2021,practice,2,0,0,0,1,1,0,dry,,,media_narrative_context:1; official_weather_context:1,d4d96f43d7e734ba26b0bdefe7d2d3e6ec0096e36dc05af4008d5fc7acfe69fd
session_gb3_2021_212905_free_practice_2,event_gb3_2021_r4_spa_francorchamps,GB3 2021 Round 4 - Spa-Francorchamps,series_gb3,GB3 Championship,2021,practice,2,0,0,0,1,1,0,dry,,,media_narrative_context:1; official_weather_context:1,d4d96f43d7e734ba26b0bdefe7d2d3e6ec0096e36dc05af4008d5fc7acfe69fd
session_gb3_2021_212905_free_practice_3,event_gb3_2021_r4_spa_francorchamps,GB3 2021 Round 4 - Spa-Francorchamps,series_gb3,GB3 Championship,2021,practice,2,0,0,0,1,1,0,dry,,,media_narrative_context:1; official_weather_context:1,d4d96f43d7e734ba26b0bdefe7d2d3e6ec0096e36dc05af4008d5fc7acfe69fd
session_gb3_2021_212905_qualifying,event_gb3_2021_r4_spa_francorchamps,GB3 2021 Round 4 - Spa-Francorchamps,series_gb3,GB3 Championship,2021,qualifying,2,0,0,0,1,1,0,dry,,,media_narrative_context:1; official_weather_context:1,d4d96f43d7e734ba26b0bdefe7d2d3e6ec0096e36dc05af4008d5fc7acfe69fd
session_gb3_2021_212905_qualifying_2nd_fastest,event_gb3_2021_r4_spa_francorchamps,GB3 2021 Round 4 - Spa-Francorchamps,series_gb3,GB3 Championship,2021,qualifying,2,0,0,0,1,1,0,dry,,,media_narrative_context:1; official_weather_context:1,d4d96f43d7e734ba26b0bdefe7d2d3e6ec0096e36dc05af4008d5fc7acfe69fd
session_gb3_2021_212905_race_1_result,event_gb3_2021_r4_spa_francorchamps,GB3 2021 Round 4 - Spa-Francorchamps,series_gb3,GB3 Championship,2021,race,3,0,0,0,1,2,0,wet,,,media_narrative_context:2; official_weather_context:1,d4d96f43d7e734ba26b0bdefe7d2d3e6ec0096e36dc05af4008d5fc7acfe69fd
session_gb3_2021_212905_race_2_result,event_gb3_2021_r4_spa_francorchamps,GB3 2021 Round 4 - Spa-Francorchamps,series_gb3,GB3 Championship,2021,race,3,0,0,0,1,2,0,dry,,,media_narrative_context:2; official_weather_context:1,d4d96f43d7e734ba26b0bdefe7d2d3e6ec0096e36dc05af4008d5fc7acfe69fd
session_gb3_2021_212905_race_3_result,event_gb3_2021_r4_spa_francorchamps,GB3 2021 Round 4 - Spa-Francorchamps,series_gb3,GB3 Championship,2021,race,3,0,0,0,1,2,0,dry,,,media_narrative_context:2; official_weather_context:1,d4d96f43d7e734ba26b0bdefe7d2d3e6ec0096e36dc05af4008d5fc7acfe69fd
session_gb3_2021_213105_qualifying,event_gb3_2021_r5_snetterton,GB3 2021 Round 5 - Snetterton,series_gb3,GB3 Championship,2021,qualifying,2,0,0,0,1,1,0,damp,,,media_narrative_context:1; official_weather_context:1,d4d96f43d7e734ba26b0bdefe7d2d3e6ec0096e36dc05af4008d5fc7acfe69fd
session_gb3_2021_213105_qualifying_2nd_fastest,event_gb3_2021_r5_snetterton,GB3 2021 Round 5 - Snetterton,series_gb3,GB3 Championship,2021,qualifying,2,0,0,0,1,1,0,damp,,,media_narrative_context:1; official_weather_context:1,d4d96f43d7e734ba26b0bdefe7d2d3e6ec0096e36dc05af4008d5fc7acfe69fd
session_gb3_2021_213105_race_1_result,event_gb3_2021_r5_snetterton,GB3 2021 Round 5 - Snetterton,series_gb3,GB3 Championship,2021,race,3,0,0,0,1,2,0,dry,,,media_narrative_context:2; official_weather_context:1,d4d96f43d7e734ba26b0bdefe7d2d3e6ec0096e36dc05af4008d5fc7acfe69fd
session_gb3_2021_213105_race_2_result,event_gb3_2021_r5_snetterton,GB3 2021 Round 5 - Snetterton,series_gb3,GB3 Championship,2021,race,3,0,0,0,1,2,0,dry,,,media_narrative_context:2; official_weather_context:1,d4d96f43d7e734ba26b0bdefe7d2d3e6ec0096e36dc05af4008d5fc7acfe69fd
session_gb3_2021_213105_race_3_result,event_gb3_2021_r5_snetterton,GB3 2021 Round 5 - Snetterton,series_gb3,GB3 Championship,2021,race,3,0,0,0,1,2,0,dry,,,media_narrative_context:2; official_weather_context:1,d4d96f43d7e734ba26b0bdefe7d2d3e6ec0096e36dc05af4008d5fc7acfe69fd
session_gb3_2021_213605_qualifying,event_gb3_2021_r6_oulton_park,GB3 2021 Round 6 - Oulton Park,series_gb3,GB3 Championship,2021,qualifying,2,0,0,0,1,1,0,dry,,,media_narrative_context:1; official_weather_context:1,d4d96f43d7e734ba26b0bdefe7d2d3e6ec0096e36dc05af4008d5fc7acfe69fd
session_gb3_2021_213605_qualifying_2nd_fastest,event_gb3_2021_r6_oulton_park,GB3 2021 Round 6 - Oulton Park,series_gb3,GB3 Championship,2021,qualifying,2,0,0,0,1,1,0,dry,,,media_narrative_context:1; official_weather_context:1,d4d96f43d7e734ba26b0bdefe7d2d3e6ec0096e36dc05af4008d5fc7acfe69fd
session_gb3_2021_213605_race_1_result,event_gb3_2021_r6_oulton_park,GB3 2021 Round 6 - Oulton Park,series_gb3,GB3 Championship,2021,race,3,0,0,0,1,2,0,dry,,,media_narrative_context:2; official_weather_context:1,d4d96f43d7e734ba26b0bdefe7d2d3e6ec0096e36dc05af4008d5fc7acfe69fd
session_gb3_2021_213605_race_2_result,event_gb3_2021_r6_oulton_park,GB3 2021 Round 6 - Oulton Park,series_gb3,GB3 Championship,2021,race,3,0,0,0,1,2,0,dry,,,media_narrative_context:2; official_weather_context:1,d4d96f43d7e734ba26b0bdefe7d2d3e6ec0096e36dc05af4008d5fc7acfe69fd
session_gb3_2021_213605_race_3_result,event_gb3_2021_r6_oulton_park,GB3 2021 Round 6 - Oulton Park,series_gb3,GB3 Championship,2021,race,3,0,0,0,1,2,0,wet,,,media_narrative_context:2; official_weather_context:1,d4d96f43d7e734ba26b0bdefe7d2d3e6ec0096e36dc05af4008d5fc7acfe69fd
session_gb3_2021_214105_qualifying,event_gb3_2021_r7_donington_park,GB3 2021 Round 7 - Donington Park,series_gb3,GB3 Championship,2021,qualifying,2,0,0,0,1,1,0,dry,,,media_narrative_context:1; official_weather_context:1,d4d96f43d7e734ba26b0bdefe7d2d3e6ec0096e36dc05af4008d5fc7acfe69fd
session_gb3_2021_214105_qualifying_2nd_fastest,event_gb3_2021_r7_donington_park,GB3 2021 Round 7 - Donington Park,series_gb3,GB3 Championship,2021,qualifying,2,0,0,0,1,1,0,dry,,,media_narrative_context:1; official_weather_context:1,d4d96f43d7e734ba26b0bdefe7d2d3e6ec0096e36dc05af4008d5fc7acfe69fd
session_gb3_2021_214105_race_1_result,event_gb3_2021_r7_donington_park,GB3 2021 Round 7 - Donington Park,series_gb3,GB3 Championship,2021,race,3,0,0,0,1,2,0,dry,,,media_narrative_context:2; official_weather_context:1,d4d96f43d7e734ba26b0bdefe7d2d3e6ec0096e36dc05af4008d5fc7acfe69fd
session_gb3_2021_214105_race_2_result,event_gb3_2021_r7_donington_park,GB3 2021 Round 7 - Donington Park,series_gb3,GB3 Championship,2021,race,3,0,0,0,1,2,0,wet,,,media_narrative_context:2; official_weather_context:1,d4d96f43d7e734ba26b0bdefe7d2d3e6ec0096e36dc05af4008d5fc7acfe69fd
session_gb3_2021_214105_race_3_result,event_gb3_2021_r7_donington_park,GB3 2021 Round 7 - Donington Park,series_gb3,GB3 Championship,2021,race,3,0,0,0,1,2,0,dry,,,media_narrative_context:2; official_weather_context:1,d4d96f43d7e734ba26b0bdefe7d2d3e6ec0096e36dc05af4008d5fc7acfe69fd
session_gb3_2022_1082,event_gb3_2022_r2_silverstone,GB3 2022 Round 2 - Silverstone,series_gb3,GB3 Championship,2022,race,1,0,0,0,0,1,0,,,,media_narrative_context:1,d4d96f43d7e734ba26b0bdefe7d2d3e6ec0096e36dc05af4008d5fc7acfe69fd
session_gb3_2022_1083,event_gb3_2022_r2_silverstone,GB3 2022 Round 2 - Silverstone,series_gb3,GB3 Championship,2022,race,1,0,0,0,0,1,0,,,,media_narrative_context:1,d4d96f43d7e734ba26b0bdefe7d2d3e6ec0096e36dc05af4008d5fc7acfe69fd
session_gb3_2022_1084,event_gb3_2022_r2_silverstone,GB3 2022 Round 2 - Silverstone,series_gb3,GB3 Championship,2022,race,1,0,0,0,0,1,0,,,,media_narrative_context:1,d4d96f43d7e734ba26b0bdefe7d2d3e6ec0096e36dc05af4008d5fc7acfe69fd
session_gb3_2022_1085,event_gb3_2022_r3_donington_park,GB3 2022 Round 3 - Donington Park,series_gb3,GB3 Championship,2022,race,1,0,0,0,0,1,0,,,,media_narrative_context:1,d4d96f43d7e734ba26b0bdefe7d2d3e6ec0096e36dc05af4008d5fc7acfe69fd
session_gb3_2022_1087,event_gb3_2022_r3_donington_park,GB3 2022 Round 3 - Donington Park,series_gb3,GB3 Championship,2022,race,1,0,0,0,0,1,0,,,,media_narrative_context:1,d4d96f43d7e734ba26b0bdefe7d2d3e6ec0096e36dc05af4008d5fc7acfe69fd
session_gb3_2022_1088,event_gb3_2022_r4_snetterton,GB3 2022 Round 4 - Snetterton,series_gb3,GB3 Championship,2022,race,1,0,0,0,0,1,0,,,,media_narrative_context:1,d4d96f43d7e734ba26b0bdefe7d2d3e6ec0096e36dc05af4008d5fc7acfe69fd
session_gb3_2022_1089,event_gb3_2022_r4_snetterton,GB3 2022 Round 4 - Snetterton,series_gb3,GB3 Championship,2022,race,1,0,0,0,0,1,0,,,,media_narrative_context:1,d4d96f43d7e734ba26b0bdefe7d2d3e6ec0096e36dc05af4008d5fc7acfe69fd
session_gb3_2022_1094,event_gb3_2022_r6_silverstone,GB3 2022 Round 6 - Silverstone,series_gb3,GB3 Championship,2022,race,1,0,0,0,0,1,0,,,,media_narrative_context:1,d4d96f43d7e734ba26b0bdefe7d2d3e6ec0096e36dc05af4008d5fc7acfe69fd
session_gb3_2022_1096,event_gb3_2022_r6_silverstone,GB3 2022 Round 6 - Silverstone,series_gb3,GB3 Championship,2022,race,1,0,0,0,0,1,0,,,,media_narrative_context:1,d4d96f43d7e734ba26b0bdefe7d2d3e6ec0096e36dc05af4008d5fc7acfe69fd
session_gb3_2022_1097,event_gb3_2022_r7_brands_hatch,GB3 2022 Round 7 - Brands Hatch,series_gb3,GB3 Championship,2022,race,1,0,0,0,0,1,0,,,,media_narrative_context:1,d4d96f43d7e734ba26b0bdefe7d2d3e6ec0096e36dc05af4008d5fc7acfe69fd
session_gb3_2022_1098,event_gb3_2022_r7_brands_hatch,GB3 2022 Round 7 - Brands Hatch,series_gb3,GB3 Championship,2022,race,1,0,0,0,0,1,0,,,,media_narrative_context:1,d4d96f43d7e734ba26b0bdefe7d2d3e6ec0096e36dc05af4008d5fc7acfe69fd
session_gb3_2022_1099,event_gb3_2022_r7_brands_hatch,GB3 2022 Round 7 - Brands Hatch,series_gb3,GB3 Championship,2022,race,1,0,0,0,0,1,0,,,,media_narrative_context:1,d4d96f43d7e734ba26b0bdefe7d2d3e6ec0096e36dc05af4008d5fc7acfe69fd
session_gb3_2022_1103,event_gb3_2022_r8_donington_park,GB3 2022 Round 8 - Donington Park,series_gb3,GB3 Championship,2022,race,1,0,0,0,0,1,0,,,,media_narrative_context:1,d4d96f43d7e734ba26b0bdefe7d2d3e6ec0096e36dc05af4008d5fc7acfe69fd
session_gb3_2022_1104,event_gb3_2022_r8_donington_park,GB3 2022 Round 8 - Donington Park,series_gb3,GB3 Championship,2022,race,1,0,0,0,0,1,0,,,,media_narrative_context:1,d4d96f43d7e734ba26b0bdefe7d2d3e6ec0096e36dc05af4008d5fc7acfe69fd
session_gb3_2022_1105,event_gb3_2022_r8_donington_park,GB3 2022 Round 8 - Donington Park,series_gb3,GB3 Championship,2022,race,1,0,0,0,0,1,0,,,,media_narrative_context:1,d4d96f43d7e734ba26b0bdefe7d2d3e6ec0096e36dc05af4008d5fc7acfe69fd
session_gb3_2022_1108,event_gb3_2022_r1_oulton_park,GB3 2022 Round 1 - Oulton Park,series_gb3,GB3 Championship,2022,practice,1,0,0,0,0,1,0,,,,media_narrative_context:1,d4d96f43d7e734ba26b0bdefe7d2d3e6ec0096e36dc05af4008d5fc7acfe69fd
session_gb3_2022_1109,event_gb3_2022_r1_oulton_park,GB3 2022 Round 1 - Oulton Park,series_gb3,GB3 Championship,2022,practice,1,0,0,0,0,1,0,,,,media_narrative_context:1,d4d96f43d7e734ba26b0bdefe7d2d3e6ec0096e36dc05af4008d5fc7acfe69fd
session_gb3_2022_1110,event_gb3_2022_r1_oulton_park,GB3 2022 Round 1 - Oulton Park,series_gb3,GB3 Championship,2022,practice,1,0,0,0,0,1,0,,,,media_narrative_context:1,d4d96f43d7e734ba26b0bdefe7d2d3e6ec0096e36dc05af4008d5fc7acfe69fd
session_gb3_2022_1111,event_gb3_2022_r1_oulton_park,GB3 2022 Round 1 - Oulton Park,series_gb3,GB3 Championship,2022,practice,1,0,0,0,0,1,0,,,,media_narrative_context:1,d4d96f43d7e734ba26b0bdefe7d2d3e6ec0096e36dc05af4008d5fc7acfe69fd
session_gb3_2022_1112,event_gb3_2022_r1_oulton_park,GB3 2022 Round 1 - Oulton Park,series_gb3,GB3 Championship,2022,practice,1,0,0,0,0,1,0,,,,media_narrative_context:1,d4d96f43d7e734ba26b0bdefe7d2d3e6ec0096e36dc05af4008d5fc7acfe69fd
session_gb3_2022_1113,event_gb3_2022_r1_oulton_park,GB3 2022 Round 1 - Oulton Park,series_gb3,GB3 Championship,2022,qualifying,1,0,0,0,0,1,0,,,,media_narrative_context:1,d4d96f43d7e734ba26b0bdefe7d2d3e6ec0096e36dc05af4008d5fc7acfe69fd
session_gb3_2022_1187,event_gb3_2022_r2_silverstone,GB3 2022 Round 2 - Silverstone,series_gb3,GB3 Championship,2022,practice,1,0,0,0,0,1,0,,,,media_narrative_context:1,d4d96f43d7e734ba26b0bdefe7d2d3e6ec0096e36dc05af4008d5fc7acfe69fd
session_gb3_2022_1188,event_gb3_2022_r2_silverstone,GB3 2022 Round 2 - Silverstone,series_gb3,GB3 Championship,2022,practice,1,0,0,0,0,1,0,,,,media_narrative_context:1,d4d96f43d7e734ba26b0bdefe7d2d3e6ec0096e36dc05af4008d5fc7acfe69fd
session_gb3_2022_1189,event_gb3_2022_r2_silverstone,GB3 2022 Round 2 - Silverstone,series_gb3,GB3 Championship,2022,practice,1,0,0,0,0,1,0,,,,media_narrative_context:1,d4d96f43d7e734ba26b0bdefe7d2d3e6ec0096e36dc05af4008d5fc7acfe69fd
session_gb3_2022_1191,event_gb3_2022_r2_silverstone,GB3 2022 Round 2 - Silverstone,series_gb3,GB3 Championship,2022,practice,1,0,0,0,0,1,0,,,,media_narrative_context:1,d4d96f43d7e734ba26b0bdefe7d2d3e6ec0096e36dc05af4008d5fc7acfe69fd
session_gb3_2022_1193,event_gb3_2022_r2_silverstone,GB3 2022 Round 2 - Silverstone,series_gb3,GB3 Championship,2022,practice,1,0,0,0,0,1,0,,,,media_narrative_context:1,d4d96f43d7e734ba26b0bdefe7d2d3e6ec0096e36dc05af4008d5fc7acfe69fd
session_gb3_2022_1194,event_gb3_2022_r2_silverstone,GB3 2022 Round 2 - Silverstone,series_gb3,GB3 Championship,2022,practice,1,0,0,0,0,1,0,,,,media_narrative_context:1,d4d96f43d7e734ba26b0bdefe7d2d3e6ec0096e36dc05af4008d5fc7acfe69fd
session_gb3_2022_1195,event_gb3_2022_r2_silverstone,GB3 2022 Round 2 - Silverstone,series_gb3,GB3 Championship,2022,practice,1,0,0,0,0,1,0,,,,media_narrative_context:1,d4d96f43d7e734ba26b0bdefe7d2d3e6ec0096e36dc05af4008d5fc7acfe69fd
session_gb3_2022_1196,event_gb3_2022_r2_silverstone,GB3 2022 Round 2 - Silverstone,series_gb3,GB3 Championship,2022,qualifying,1,0,0,0,0,1,0,,,,media_narrative_context:1,d4d96f43d7e734ba26b0bdefe7d2d3e6ec0096e36dc05af4008d5fc7acfe69fd
session_gb3_2022_1243,event_gb3_2022_r3_donington_park,GB3 2022 Round 3 - Donington Park,series_gb3,GB3 Championship,2022,qualifying,1,0,0,0,0,1,0,,,,media_narrative_context:1,d4d96f43d7e734ba26b0bdefe7d2d3e6ec0096e36dc05af4008d5fc7acfe69fd
session_gb3_2022_1244,event_gb3_2022_r3_donington_park,GB3 2022 Round 3 - Donington Park,series_gb3,GB3 Championship,2022,practice,1,0,0,0,0,1,0,,,,media_narrative_context:1,d4d96f43d7e734ba26b0bdefe7d2d3e6ec0096e36dc05af4008d5fc7acfe69fd
session_gb3_2022_1245,event_gb3_2022_r3_donington_park,GB3 2022 Round 3 - Donington Park,series_gb3,GB3 Championship,2022,practice,1,0,0,0,0,1,0,,,,media_narrative_context:1,d4d96f43d7e734ba26b0bdefe7d2d3e6ec0096e36dc05af4008d5fc7acfe69fd
session_gb3_2022_1246,event_gb3_2022_r3_donington_park,GB3 2022 Round 3 - Donington Park,series_gb3,GB3 Championship,2022,practice,1,0,0,0,0,1,0,,,,media_narrative_context:1,d4d96f43d7e734ba26b0bdefe7d2d3e6ec0096e36dc05af4008d5fc7acfe69fd
session_gb3_2022_1247,event_gb3_2022_r3_donington_park,GB3 2022 Round 3 - Donington Park,series_gb3,GB3 Championship,2022,practice,1,0,0,0,0,1,0,,,,media_narrative_context:1,d4d96f43d7e734ba26b0bdefe7d2d3e6ec0096e36dc05af4008d5fc7acfe69fd
session_gb3_2022_1249,event_gb3_2022_r3_donington_park,GB3 2022 Round 3 - Donington Park,series_gb3,GB3 Championship,2022,practice,1,0,0,0,0,1,0,,,,media_narrative_context:1,d4d96f43d7e734ba26b0bdefe7d2d3e6ec0096e36dc05af4008d5fc7acfe69fd
session_gb3_2022_1257,event_gb3_2022_r3_donington_park,GB3 2022 Round 3 - Donington Park,series_gb3,GB3 Championship,2022,race,1,0,0,0,0,1,0,,,,media_narrative_context:1,d4d96f43d7e734ba26b0bdefe7d2d3e6ec0096e36dc05af4008d5fc7acfe69fd
session_gb3_2022_1293,event_gb3_2022_r4_snetterton,GB3 2022 Round 4 - Snetterton,series_gb3,GB3 Championship,2022,practice,1,0,0,0,0,1,0,,,,media_narrative_context:1,d4d96f43d7e734ba26b0bdefe7d2d3e6ec0096e36dc05af4008d5fc7acfe69fd
session_gb3_2022_1294,event_gb3_2022_r4_snetterton,GB3 2022 Round 4 - Snetterton,series_gb3,GB3 Championship,2022,practice,1,0,0,0,0,1,0,,,,media_narrative_context:1,d4d96f43d7e734ba26b0bdefe7d2d3e6ec0096e36dc05af4008d5fc7acfe69fd
session_gb3_2022_1295,event_gb3_2022_r4_snetterton,GB3 2022 Round 4 - Snetterton,series_gb3,GB3 Championship,2022,practice,1,0,0,0,0,1,0,,,,media_narrative_context:1,d4d96f43d7e734ba26b0bdefe7d2d3e6ec0096e36dc05af4008d5fc7acfe69fd
session_gb3_2022_1296,event_gb3_2022_r4_snetterton,GB3 2022 Round 4 - Snetterton,series_gb3,GB3 Championship,2022,practice,1,0,0,0,0,1,0,,,,media_narrative_context:1,d4d96f43d7e734ba26b0bdefe7d2d3e6ec0096e36dc05af4008d5fc7acfe69fd
session_gb3_2022_1297,event_gb3_2022_r4_snetterton,GB3 2022 Round 4 - Snetterton,series_gb3,GB3 Championship,2022,practice,1,0,0,0,0,1,0,,,,media_narrative_context:1,d4d96f43d7e734ba26b0bdefe7d2d3e6ec0096e36dc05af4008d5fc7acfe69fd
session_gb3_2022_1298,event_gb3_2022_r4_snetterton,GB3 2022 Round 4 - Snetterton,series_gb3,GB3 Championship,2022,qualifying,1,0,0,0,0,1,0,,,,media_narrative_context:1,d4d96f43d7e734ba26b0bdefe7d2d3e6ec0096e36dc05af4008d5fc7acfe69fd
session_gb3_2022_1301,event_gb3_2022_r4_snetterton,GB3 2022 Round 4 - Snetterton,series_gb3,GB3 Championship,2022,practice,1,0,0,0,0,1,0,,,,media_narrative_context:1,d4d96f43d7e734ba26b0bdefe7d2d3e6ec0096e36dc05af4008d5fc7acfe69fd
session_gb3_2022_1302,event_gb3_2022_r4_snetterton,GB3 2022 Round 4 - Snetterton,series_gb3,GB3 Championship,2022,practice,1,0,0,0,0,1,0,,,,media_narrative_context:1,d4d96f43d7e734ba26b0bdefe7d2d3e6ec0096e36dc05af4008d5fc7acfe69fd
session_gb3_2022_1305,event_gb3_2022_r4_snetterton,GB3 2022 Round 4 - Snetterton,series_gb3,GB3 Championship,2022,race,1,0,0,0,0,1,0,,,,media_narrative_context:1,d4d96f43d7e734ba26b0bdefe7d2d3e6ec0096e36dc05af4008d5fc7acfe69fd
session_gb3_2022_1357,event_gb3_2022_r5_spa,GB3 2022 Round 5 - Spa,series_gb3,GB3 Championship,2022,practice,1,0,0,0,0,1,0,,,,media_narrative_context:1,d4d96f43d7e734ba26b0bdefe7d2d3e6ec0096e36dc05af4008d5fc7acfe69fd
session_gb3_2022_1358,event_gb3_2022_r5_spa,GB3 2022 Round 5 - Spa,series_gb3,GB3 Championship,2022,practice,1,0,0,0,0,1,0,,,,media_narrative_context:1,d4d96f43d7e734ba26b0bdefe7d2d3e6ec0096e36dc05af4008d5fc7acfe69fd
session_gb3_2022_1359,event_gb3_2022_r5_spa,GB3 2022 Round 5 - Spa,series_gb3,GB3 Championship,2022,practice,1,0,0,0,0,1,0,,,,media_narrative_context:1,d4d96f43d7e734ba26b0bdefe7d2d3e6ec0096e36dc05af4008d5fc7acfe69fd
session_gb3_2022_1360,event_gb3_2022_r5_spa,GB3 2022 Round 5 - Spa,series_gb3,GB3 Championship,2022,qualifying,1,0,0,0,0,1,0,,,,media_narrative_context:1,d4d96f43d7e734ba26b0bdefe7d2d3e6ec0096e36dc05af4008d5fc7acfe69fd
session_gb3_2022_1363,event_gb3_2022_r5_spa,GB3 2022 Round 5 - Spa,series_gb3,GB3 Championship,2022,race,1,0,0,0,0,1,0,,,,media_narrative_context:1,d4d96f43d7e734ba26b0bdefe7d2d3e6ec0096e36dc05af4008d5fc7acfe69fd
session_gb3_2022_1364,event_gb3_2022_r5_spa,GB3 2022 Round 5 - Spa,series_gb3,GB3 Championship,2022,race,1,0,0,0,0,1,0,,,,media_narrative_context:1,d4d96f43d7e734ba26b0bdefe7d2d3e6ec0096e36dc05af4008d5fc7acfe69fd
session_gb3_2022_1365,event_gb3_2022_r5_spa,GB3 2022 Round 5 - Spa,series_gb3,GB3 Championship,2022,race,1,0,0,0,0,1,0,,,,media_narrative_context:1,d4d96f43d7e734ba26b0bdefe7d2d3e6ec0096e36dc05af4008d5fc7acfe69fd
session_gb3_2022_1366,event_gb3_2022_r6_silverstone,GB3 2022 Round 6 - Silverstone,series_gb3,GB3 Championship,2022,test,1,0,0,0,0,1,0,,,,media_narrative_context:1,d4d96f43d7e734ba26b0bdefe7d2d3e6ec0096e36dc05af4008d5fc7acfe69fd
session_gb3_2022_1367,event_gb3_2022_r6_silverstone,GB3 2022 Round 6 - Silverstone,series_gb3,GB3 Championship,2022,test,1,0,0,0,0,1,0,,,,media_narrative_context:1,d4d96f43d7e734ba26b0bdefe7d2d3e6ec0096e36dc05af4008d5fc7acfe69fd
session_gb3_2022_1372,event_gb3_2022_r6_silverstone,GB3 2022 Round 6 - Silverstone,series_gb3,GB3 Championship,2022,test,1,0,0,0,0,1,0,,,,media_narrative_context:1,d4d96f43d7e734ba26b0bdefe7d2d3e6ec0096e36dc05af4008d5fc7acfe69fd
session_gb3_2022_1373,event_gb3_2022_r6_silverstone,GB3 2022 Round 6 - Silverstone,series_gb3,GB3 Championship,2022,test,1,0,0,0,0,1,0,,,,media_narrative_context:1,d4d96f43d7e734ba26b0bdefe7d2d3e6ec0096e36dc05af4008d5fc7acfe69fd
session_gb3_2022_1374,event_gb3_2022_r6_silverstone,GB3 2022 Round 6 - Silverstone,series_gb3,GB3 Championship,2022,test,1,0,0,0,0,1,0,,,,media_narrative_context:1,d4d96f43d7e734ba26b0bdefe7d2d3e6ec0096e36dc05af4008d5fc7acfe69fd
session_gb3_2022_1375,event_gb3_2022_r6_silverstone,GB3 2022 Round 6 - Silverstone,series_gb3,GB3 Championship,2022,qualifying,1,0,0,0,0,1,0,,,,media_narrative_context:1,d4d96f43d7e734ba26b0bdefe7d2d3e6ec0096e36dc05af4008d5fc7acfe69fd
session_gb3_2022_1376,event_gb3_2022_r6_silverstone,GB3 2022 Round 6 - Silverstone,series_gb3,GB3 Championship,2022,race,1,0,0,0,0,1,0,,,,media_narrative_context:1,d4d96f43d7e734ba26b0bdefe7d2d3e6ec0096e36dc05af4008d5fc7acfe69fd
session_gb3_2022_1466,event_gb3_2022_r7_brands_hatch,GB3 2022 Round 7 - Brands Hatch,series_gb3,GB3 Championship,2022,practice,1,0,0,0,0,1,0,,,,media_narrative_context:1,d4d96f43d7e734ba26b0bdefe7d2d3e6ec0096e36dc05af4008d5fc7acfe69fd
session_gb3_2022_1467,event_gb3_2022_r7_brands_hatch,GB3 2022 Round 7 - Brands Hatch,series_gb3,GB3 Championship,2022,practice,1,0,0,0,0,1,0,,,,media_narrative_context:1,d4d96f43d7e734ba26b0bdefe7d2d3e6ec0096e36dc05af4008d5fc7acfe69fd
session_gb3_2022_1468,event_gb3_2022_r7_brands_hatch,GB3 2022 Round 7 - Brands Hatch,series_gb3,GB3 Championship,2022,practice,1,0,0,0,0,1,0,,,,media_narrative_context:1,d4d96f43d7e734ba26b0bdefe7d2d3e6ec0096e36dc05af4008d5fc7acfe69fd
session_gb3_2022_1469,event_gb3_2022_r7_brands_hatch,GB3 2022 Round 7 - Brands Hatch,series_gb3,GB3 Championship,2022,practice,1,0,0,0,0,1,0,,,,media_narrative_context:1,d4d96f43d7e734ba26b0bdefe7d2d3e6ec0096e36dc05af4008d5fc7acfe69fd
session_gb3_2022_1470,event_gb3_2022_r7_brands_hatch,GB3 2022 Round 7 - Brands Hatch,series_gb3,GB3 Championship,2022,practice,1,0,0,0,0,1,0,,,,media_narrative_context:1,d4d96f43d7e734ba26b0bdefe7d2d3e6ec0096e36dc05af4008d5fc7acfe69fd
session_gb3_2022_1471,event_gb3_2022_r7_brands_hatch,GB3 2022 Round 7 - Brands Hatch,series_gb3,GB3 Championship,2022,qualifying,1,0,0,0,0,1,0,,,,media_narrative_context:1,d4d96f43d7e734ba26b0bdefe7d2d3e6ec0096e36dc05af4008d5fc7acfe69fd
session_gb3_2022_1485,event_gb3_2022_r8_donington_park,GB3 2022 Round 8 - Donington Park,series_gb3,GB3 Championship,2022,practice,1,0,0,0,0,1,0,,,,media_narrative_context:1,d4d96f43d7e734ba26b0bdefe7d2d3e6ec0096e36dc05af4008d5fc7acfe69fd
session_gb3_2022_1486,event_gb3_2022_r8_donington_park,GB3 2022 Round 8 - Donington Park,series_gb3,GB3 Championship,2022,practice,1,0,0,0,0,1,0,,,,media_narrative_context:1,d4d96f43d7e734ba26b0bdefe7d2d3e6ec0096e36dc05af4008d5fc7acfe69fd
session_gb3_2022_1487,event_gb3_2022_r8_donington_park,GB3 2022 Round 8 - Donington Park,series_gb3,GB3 Championship,2022,practice,1,0,0,0,0,1,0,,,,media_narrative_context:1,d4d96f43d7e734ba26b0bdefe7d2d3e6ec0096e36dc05af4008d5fc7acfe69fd
session_gb3_2022_1488,event_gb3_2022_r8_donington_park,GB3 2022 Round 8 - Donington Park,series_gb3,GB3 Championship,2022,practice,1,0,0,0,0,1,0,,,,media_narrative_context:1,d4d96f43d7e734ba26b0bdefe7d2d3e6ec0096e36dc05af4008d5fc7acfe69fd
session_gb3_2022_1489,event_gb3_2022_r8_donington_park,GB3 2022 Round 8 - Donington Park,series_gb3,GB3 Championship,2022,practice,1,0,0,0,0,1,0,,,,media_narrative_context:1,d4d96f43d7e734ba26b0bdefe7d2d3e6ec0096e36dc05af4008d5fc7acfe69fd
session_gb3_2022_1490,event_gb3_2022_r8_donington_park,GB3 2022 Round 8 - Donington Park,series_gb3,GB3 Championship,2022,qualifying,1,0,0,0,0,1,0,,,,media_narrative_context:1,d4d96f43d7e734ba26b0bdefe7d2d3e6ec0096e36dc05af4008d5fc7acfe69fd
session_gb3_2022_778,event_gb3_2022_r1_oulton_park,GB3 2022 Round 1 - Oulton Park,series_gb3,GB3 Championship,2022,race,1,0,0,0,0,1,0,,,,media_narrative_context:1,d4d96f43d7e734ba26b0bdefe7d2d3e6ec0096e36dc05af4008d5fc7acfe69fd
session_gb3_2022_779,event_gb3_2022_r1_oulton_park,GB3 2022 Round 1 - Oulton Park,series_gb3,GB3 Championship,2022,race,1,0,0,0,0,1,0,,,,media_narrative_context:1,d4d96f43d7e734ba26b0bdefe7d2d3e6ec0096e36dc05af4008d5fc7acfe69fd
session_gb3_2022_780,event_gb3_2022_r1_oulton_park,GB3 2022 Round 1 - Oulton Park,series_gb3,GB3 Championship,2022,race,1,0,0,0,0,1,0,,,,media_narrative_context:1,d4d96f43d7e734ba26b0bdefe7d2d3e6ec0096e36dc05af4008d5fc7acfe69fd
session_imsa_2025_daytona_rolex_24_race,event_imsa_2025_daytona_rolex_24,Rolex 24 at Daytona,series_imsa_weathertech,IMSA WeatherTech SportsCar Championship,2025,race,5,0,0,0,1,4,0,dry,,,media_narrative_context:4; official_weather_context:1,d4d96f43d7e734ba26b0bdefe7d2d3e6ec0096e36dc05af4008d5fc7acfe69fd
session_indy_nxt_2024_6314,event_indy_nxt_2024_5470,Grand Prix of Alabama,series_indy_nxt,INDY NXT,2024,race,11,1,0,2,1,7,0,dry,5,34,media_narrative_context:7; modeled_weather_context:1; official_incident_context:2; official_racecraft_context:1,d4d96f43d7e734ba26b0bdefe7d2d3e6ec0096e36dc05af4008d5fc7acfe69fd
session_indy_nxt_2024_6315,event_indy_nxt_2024_5471,Indianapolis Grand Prix Race 1,series_indy_nxt,INDY NXT,2024,race,16,1,5,2,1,7,0,dry,2,30,media_narrative_context:7; modeled_weather_context:1; official_incident_context:2; official_penalty_context:5; official_racecraft_context:1,d4d96f43d7e734ba26b0bdefe7d2d3e6ec0096e36dc05af4008d5fc7acfe69fd
session_indy_nxt_2024_6316,event_indy_nxt_2024_5472,Grand Prix at Road America,series_indy_nxt,INDY NXT,2024,race,15,1,1,6,1,6,0,dry,3,16,media_narrative_context:6; modeled_weather_context:1; official_incident_context:6; official_penalty_context:1; official_racecraft_context:1,d4d96f43d7e734ba26b0bdefe7d2d3e6ec0096e36dc05af4008d5fc7acfe69fd
session_indy_nxt_2024_6317,event_indy_nxt_2024_5473,Grand Prix of Monterey Race 1,series_indy_nxt,INDY NXT,2024,race,11,1,0,2,1,7,0,dry,6,6,media_narrative_context:7; modeled_weather_context:1; official_incident_context:2; official_racecraft_context:1,d4d96f43d7e734ba26b0bdefe7d2d3e6ec0096e36dc05af4008d5fc7acfe69fd
session_indy_nxt_2024_6318,event_indy_nxt_2024_5474,Grand Prix at Mid-Ohio,series_indy_nxt,INDY NXT,2024,race,10,1,0,2,1,6,0,dry,1,1,media_narrative_context:6; modeled_weather_context:1; official_incident_context:2; official_racecraft_context:1,d4d96f43d7e734ba26b0bdefe7d2d3e6ec0096e36dc05af4008d5fc7acfe69fd
session_indy_nxt_2024_6319,event_indy_nxt_2024_5475,INDY NXT by Firestone at Iowa Speedway,series_indy_nxt,INDY NXT,2024,race,14,1,0,5,1,7,0,dry,13,54,media_narrative_context:7; modeled_weather_context:1; official_incident_context:5; official_racecraft_context:1,d4d96f43d7e734ba26b0bdefe7d2d3e6ec0096e36dc05af4008d5fc7acfe69fd
session_indy_nxt_2024_6320,event_indy_nxt_2024_5476,OUTFRONT Showdown,series_indy_nxt,INDY NXT,2024,race,17,1,1,8,1,6,1,dry,2,53,media_narrative_context:6; modeled_weather_context:1; official_incident_context:8; official_penalty_context:1; official_racecraft_context:1,d4d96f43d7e734ba26b0bdefe7d2d3e6ec0096e36dc05af4008d5fc7acfe69fd
session_indy_nxt_2024_6321,event_indy_nxt_2024_5477,Grand Prix of Portland,series_indy_nxt,INDY NXT,2024,race,14,1,4,2,1,6,0,dry,5,29,media_narrative_context:6; modeled_weather_context:1; official_incident_context:2; official_penalty_context:4; official_racecraft_context:1,d4d96f43d7e734ba26b0bdefe7d2d3e6ec0096e36dc05af4008d5fc7acfe69fd
session_indy_nxt_2024_6322,event_indy_nxt_2024_5478,INDY NXT By Firestone at The Milwaukee Mile,series_indy_nxt,INDY NXT,2024,race,14,1,2,4,1,6,0,dry,10,90,media_narrative_context:6; modeled_weather_context:1; official_incident_context:4; official_penalty_context:2; official_racecraft_context:1,d4d96f43d7e734ba26b0bdefe7d2d3e6ec0096e36dc05af4008d5fc7acfe69fd
session_indy_nxt_2024_6323,event_indy_nxt_2024_5479,Music City Grand Prix,series_indy_nxt,INDY NXT,2024,race,11,0,2,2,1,6,0,dry,52,60,media_narrative_context:6; modeled_weather_context:1; official_incident_context:2; official_penalty_context:2,d4d96f43d7e734ba26b0bdefe7d2d3e6ec0096e36dc05af4008d5fc7acfe69fd
session_indy_nxt_2024_6324,event_indy_nxt_2024_5480,Grand Prix of St. Petersburg,series_indy_nxt,INDY NXT,2024,race,16,1,2,5,1,7,2,dry,3,37,media_narrative_context:7; modeled_weather_context:1; official_incident_context:5; official_penalty_context:2; official_racecraft_context:1,d4d96f43d7e734ba26b0bdefe7d2d3e6ec0096e36dc05af4008d5fc7acfe69fd
session_indy_nxt_2024_6325,event_indy_nxt_2024_5481,Indianapolis Grand Prix Race 2,series_indy_nxt,INDY NXT,2024,race,12,1,3,0,1,7,1,dry,3,7,media_narrative_context:7; modeled_weather_context:1; official_penalty_context:3; official_racecraft_context:1,d4d96f43d7e734ba26b0bdefe7d2d3e6ec0096e36dc05af4008d5fc7acfe69fd
session_indy_nxt_2024_6326,event_indy_nxt_2024_5482,Detroit Grand Prix,series_indy_nxt,INDY NXT,2024,race,19,1,4,7,1,6,2,wet,3,45,media_narrative_context:6; modeled_weather_context:1; official_incident_context:7; official_penalty_context:4; official_racecraft_context:1,d4d96f43d7e734ba26b0bdefe7d2d3e6ec0096e36dc05af4008d5fc7acfe69fd
session_indy_nxt_2024_6327,event_indy_nxt_2024_5483,Grand Prix of Monterey Race 2,series_indy_nxt,INDY NXT,2024,race,16,1,4,3,1,7,0,dry,3,32,media_narrative_context:7; modeled_weather_context:1; official_incident_context:3; official_penalty_context:4; official_racecraft_context:1,d4d96f43d7e734ba26b0bdefe7d2d3e6ec0096e36dc05af4008d5fc7acfe69fd
session_indy_nxt_2024_6328,event_indy_nxt_2024_5480,Grand Prix of St. Petersburg,series_indy_nxt,INDY NXT,2024,practice,4,0,0,0,1,3,0,dry,,,media_narrative_context:3; modeled_weather_context:1,d4d96f43d7e734ba26b0bdefe7d2d3e6ec0096e36dc05af4008d5fc7acfe69fd
session_indy_nxt_2024_6329,event_indy_nxt_2024_5480,Grand Prix of St. Petersburg,series_indy_nxt,INDY NXT,2024,practice,5,0,0,0,1,4,0,dry,,,media_narrative_context:4; modeled_weather_context:1,d4d96f43d7e734ba26b0bdefe7d2d3e6ec0096e36dc05af4008d5fc7acfe69fd
session_indy_nxt_2024_6330,event_indy_nxt_2024_5480,Grand Prix of St. Petersburg,series_indy_nxt,INDY NXT,2024,qualifying,3,0,0,0,0,3,0,,,,media_narrative_context:3,d4d96f43d7e734ba26b0bdefe7d2d3e6ec0096e36dc05af4008d5fc7acfe69fd
session_indy_nxt_2024_6346,event_indy_nxt_2024_5480,Grand Prix of St. Petersburg,series_indy_nxt,INDY NXT,2024,qualifying,4,0,0,0,0,4,0,,,,media_narrative_context:4,d4d96f43d7e734ba26b0bdefe7d2d3e6ec0096e36dc05af4008d5fc7acfe69fd
session_indy_nxt_2024_6354,event_indy_nxt_2024_5470,Grand Prix of Alabama,series_indy_nxt,INDY NXT,2024,practice,4,0,0,0,1,3,0,dry,,,media_narrative_context:3; modeled_weather_context:1,d4d96f43d7e734ba26b0bdefe7d2d3e6ec0096e36dc05af4008d5fc7acfe69fd
session_indy_nxt_2024_6355,event_indy_nxt_2024_5470,Grand Prix of Alabama,series_indy_nxt,INDY NXT,2024,practice,5,0,0,0,1,4,0,dry,,,media_narrative_context:4; modeled_weather_context:1,d4d96f43d7e734ba26b0bdefe7d2d3e6ec0096e36dc05af4008d5fc7acfe69fd
session_indy_nxt_2024_6356,event_indy_nxt_2024_5470,Grand Prix of Alabama,series_indy_nxt,INDY NXT,2024,qualifying,3,0,0,0,0,3,0,,,,media_narrative_context:3,d4d96f43d7e734ba26b0bdefe7d2d3e6ec0096e36dc05af4008d5fc7acfe69fd
session_indy_nxt_2024_6357,event_indy_nxt_2024_5470,Grand Prix of Alabama,series_indy_nxt,INDY NXT,2024,qualifying,4,0,0,0,0,4,0,,,,media_narrative_context:4,d4d96f43d7e734ba26b0bdefe7d2d3e6ec0096e36dc05af4008d5fc7acfe69fd
session_indy_nxt_2024_6365,event_indy_nxt_2024_5471,Indianapolis Grand Prix Race 1,series_indy_nxt,INDY NXT,2024,practice,4,0,0,0,1,3,0,dry,,,media_narrative_context:3; modeled_weather_context:1,d4d96f43d7e734ba26b0bdefe7d2d3e6ec0096e36dc05af4008d5fc7acfe69fd
session_indy_nxt_2024_6366,event_indy_nxt_2024_5471,Indianapolis Grand Prix Race 1,series_indy_nxt,INDY NXT,2024,qualifying,3,0,0,0,0,3,0,,,,media_narrative_context:3,d4d96f43d7e734ba26b0bdefe7d2d3e6ec0096e36dc05af4008d5fc7acfe69fd
session_indy_nxt_2024_6367,event_indy_nxt_2024_5471,Indianapolis Grand Prix Race 1,series_indy_nxt,INDY NXT,2024,qualifying,4,0,0,0,0,4,0,,,,media_narrative_context:4,d4d96f43d7e734ba26b0bdefe7d2d3e6ec0096e36dc05af4008d5fc7acfe69fd
session_indy_nxt_2024_6389,event_indy_nxt_2024_5481,Indianapolis Grand Prix Race 2,series_indy_nxt,INDY NXT,2024,qualifying,3,0,0,0,0,3,0,,,,media_narrative_context:3,d4d96f43d7e734ba26b0bdefe7d2d3e6ec0096e36dc05af4008d5fc7acfe69fd
session_indy_nxt_2024_6390,event_indy_nxt_2024_5481,Indianapolis Grand Prix Race 2,series_indy_nxt,INDY NXT,2024,qualifying,4,0,0,0,0,4,0,,,,media_narrative_context:4,d4d96f43d7e734ba26b0bdefe7d2d3e6ec0096e36dc05af4008d5fc7acfe69fd
session_indy_nxt_2024_6391,event_indy_nxt_2024_5482,Detroit Grand Prix,series_indy_nxt,INDY NXT,2024,practice,4,0,0,0,1,3,0,dry,,,media_narrative_context:3; modeled_weather_context:1,d4d96f43d7e734ba26b0bdefe7d2d3e6ec0096e36dc05af4008d5fc7acfe69fd
session_indy_nxt_2024_6392,event_indy_nxt_2024_5482,Detroit Grand Prix,series_indy_nxt,INDY NXT,2024,practice,5,0,0,0,1,4,0,dry,,,media_narrative_context:4; modeled_weather_context:1,d4d96f43d7e734ba26b0bdefe7d2d3e6ec0096e36dc05af4008d5fc7acfe69fd
session_indy_nxt_2024_6393,event_indy_nxt_2024_5482,Detroit Grand Prix,series_indy_nxt,INDY NXT,2024,qualifying,4,0,0,0,0,4,0,,,,media_narrative_context:4,d4d96f43d7e734ba26b0bdefe7d2d3e6ec0096e36dc05af4008d5fc7acfe69fd
session_indy_nxt_2024_6394,event_indy_nxt_2024_5482,Detroit Grand Prix,series_indy_nxt,INDY NXT,2024,qualifying,4,0,0,0,0,4,0,,,,media_narrative_context:4,d4d96f43d7e734ba26b0bdefe7d2d3e6ec0096e36dc05af4008d5fc7acfe69fd
session_indy_nxt_2024_6402,event_indy_nxt_2024_5472,Grand Prix at Road America,series_indy_nxt,INDY NXT,2024,practice,4,0,0,0,1,3,0,dry,,,media_narrative_context:3; modeled_weather_context:1,d4d96f43d7e734ba26b0bdefe7d2d3e6ec0096e36dc05af4008d5fc7acfe69fd
session_indy_nxt_2024_6403,event_indy_nxt_2024_5472,Grand Prix at Road America,series_indy_nxt,INDY NXT,2024,practice,5,0,0,0,1,4,0,dry,,,media_narrative_context:4; modeled_weather_context:1,d4d96f43d7e734ba26b0bdefe7d2d3e6ec0096e36dc05af4008d5fc7acfe69fd
session_indy_nxt_2024_6404,event_indy_nxt_2024_5472,Grand Prix at Road America,series_indy_nxt,INDY NXT,2024,qualifying,4,0,0,0,0,4,0,,,,media_narrative_context:4,d4d96f43d7e734ba26b0bdefe7d2d3e6ec0096e36dc05af4008d5fc7acfe69fd
session_indy_nxt_2024_6405,event_indy_nxt_2024_5472,Grand Prix at Road America,series_indy_nxt,INDY NXT,2024,qualifying,4,0,0,0,0,4,0,,,,media_narrative_context:4,d4d96f43d7e734ba26b0bdefe7d2d3e6ec0096e36dc05af4008d5fc7acfe69fd
session_indy_nxt_2024_6413,event_indy_nxt_2024_5473,Grand Prix of Monterey Race 1,series_indy_nxt,INDY NXT,2024,practice,4,0,0,0,1,3,0,dry,,,media_narrative_context:3; modeled_weather_context:1,d4d96f43d7e734ba26b0bdefe7d2d3e6ec0096e36dc05af4008d5fc7acfe69fd
session_indy_nxt_2024_6414,event_indy_nxt_2024_5473,Grand Prix of Monterey Race 1,series_indy_nxt,INDY NXT,2024,practice,5,0,0,0,1,4,0,dry,,,media_narrative_context:4; modeled_weather_context:1,d4d96f43d7e734ba26b0bdefe7d2d3e6ec0096e36dc05af4008d5fc7acfe69fd
session_indy_nxt_2024_6415,event_indy_nxt_2024_5473,Grand Prix of Monterey Race 1,series_indy_nxt,INDY NXT,2024,qualifying,4,0,0,0,0,4,0,,,,media_narrative_context:4,d4d96f43d7e734ba26b0bdefe7d2d3e6ec0096e36dc05af4008d5fc7acfe69fd
session_indy_nxt_2024_6416,event_indy_nxt_2024_5473,Grand Prix of Monterey Race 1,series_indy_nxt,INDY NXT,2024,qualifying,4,0,0,0,0,4,0,,,,media_narrative_context:4,d4d96f43d7e734ba26b0bdefe7d2d3e6ec0096e36dc05af4008d5fc7acfe69fd
session_indy_nxt_2024_6417,event_indy_nxt_2024_5483,Grand Prix of Monterey Race 2,series_indy_nxt,INDY NXT,2024,qualifying,4,0,0,0,0,4,0,,,,media_narrative_context:4,d4d96f43d7e734ba26b0bdefe7d2d3e6ec0096e36dc05af4008d5fc7acfe69fd
session_indy_nxt_2024_6418,event_indy_nxt_2024_5483,Grand Prix of Monterey Race 2,series_indy_nxt,INDY NXT,2024,qualifying,4,0,0,0,0,4,0,,,,media_narrative_context:4,d4d96f43d7e734ba26b0bdefe7d2d3e6ec0096e36dc05af4008d5fc7acfe69fd
session_indy_nxt_2024_6426,event_indy_nxt_2024_5474,Grand Prix at Mid-Ohio,series_indy_nxt,INDY NXT,2024,practice,4,0,0,0,1,3,0,dry,,,media_narrative_context:3; modeled_weather_context:1,d4d96f43d7e734ba26b0bdefe7d2d3e6ec0096e36dc05af4008d5fc7acfe69fd
session_indy_nxt_2024_6427,event_indy_nxt_2024_5474,Grand Prix at Mid-Ohio,series_indy_nxt,INDY NXT,2024,practice,5,0,0,0,1,4,0,dry,,,media_narrative_context:4; modeled_weather_context:1,d4d96f43d7e734ba26b0bdefe7d2d3e6ec0096e36dc05af4008d5fc7acfe69fd
session_indy_nxt_2024_6428,event_indy_nxt_2024_5474,Grand Prix at Mid-Ohio,series_indy_nxt,INDY NXT,2024,qualifying,4,0,0,0,0,4,0,,,,media_narrative_context:4,d4d96f43d7e734ba26b0bdefe7d2d3e6ec0096e36dc05af4008d5fc7acfe69fd
session_indy_nxt_2024_6429,event_indy_nxt_2024_5474,Grand Prix at Mid-Ohio,series_indy_nxt,INDY NXT,2024,qualifying,4,0,0,0,0,4,0,,,,media_narrative_context:4,d4d96f43d7e734ba26b0bdefe7d2d3e6ec0096e36dc05af4008d5fc7acfe69fd
session_indy_nxt_2024_6437,event_indy_nxt_2024_5475,INDY NXT by Firestone at Iowa Speedway,series_indy_nxt,INDY NXT,2024,practice,4,0,0,0,1,3,0,dry,,,media_narrative_context:3; modeled_weather_context:1,d4d96f43d7e734ba26b0bdefe7d2d3e6ec0096e36dc05af4008d5fc7acfe69fd
session_indy_nxt_2024_6438,event_indy_nxt_2024_5475,INDY NXT by Firestone at Iowa Speedway,series_indy_nxt,INDY NXT,2024,qualifying,5,0,0,0,1,4,0,wet,,,media_narrative_context:4; modeled_weather_context:1,d4d96f43d7e734ba26b0bdefe7d2d3e6ec0096e36dc05af4008d5fc7acfe69fd
session_indy_nxt_2024_6480,event_indy_nxt_2024_5476,OUTFRONT Showdown,series_indy_nxt,INDY NXT,2024,practice,5,0,0,0,1,4,0,dry,,,media_narrative_context:4; modeled_weather_context:1,d4d96f43d7e734ba26b0bdefe7d2d3e6ec0096e36dc05af4008d5fc7acfe69fd
session_indy_nxt_2024_6481,event_indy_nxt_2024_5476,OUTFRONT Showdown,series_indy_nxt,INDY NXT,2024,qualifying,5,0,0,0,1,4,0,dry,,,media_narrative_context:4; modeled_weather_context:1,d4d96f43d7e734ba26b0bdefe7d2d3e6ec0096e36dc05af4008d5fc7acfe69fd
session_indy_nxt_2024_6488,event_indy_nxt_2024_5479,Music City Grand Prix,series_indy_nxt,INDY NXT,2024,practice,4,0,0,0,1,3,0,dry,,,media_narrative_context:3; modeled_weather_context:1,d4d96f43d7e734ba26b0bdefe7d2d3e6ec0096e36dc05af4008d5fc7acfe69fd
session_indy_nxt_2024_6489,event_indy_nxt_2024_5479,Music City Grand Prix,series_indy_nxt,INDY NXT,2024,qualifying,4,0,0,0,1,3,0,wet,,,media_narrative_context:3; modeled_weather_context:1,d4d96f43d7e734ba26b0bdefe7d2d3e6ec0096e36dc05af4008d5fc7acfe69fd
session_indy_nxt_2024_6490,event_indy_nxt_2024_5479,Music City Grand Prix,series_indy_nxt,INDY NXT,2024,practice,5,0,0,0,1,4,0,dry,,,media_narrative_context:4; modeled_weather_context:1,d4d96f43d7e734ba26b0bdefe7d2d3e6ec0096e36dc05af4008d5fc7acfe69fd
session_indy_nxt_2024_6494,event_indy_nxt_2024_5477,Grand Prix of Portland,series_indy_nxt,INDY NXT,2024,practice,4,0,0,0,1,3,0,wet,,,media_narrative_context:3; modeled_weather_context:1,d4d96f43d7e734ba26b0bdefe7d2d3e6ec0096e36dc05af4008d5fc7acfe69fd
session_indy_nxt_2024_6495,event_indy_nxt_2024_5477,Grand Prix of Portland,series_indy_nxt,INDY NXT,2024,practice,5,0,0,0,1,4,0,dry,,,media_narrative_context:4; modeled_weather_context:1,d4d96f43d7e734ba26b0bdefe7d2d3e6ec0096e36dc05af4008d5fc7acfe69fd
session_indy_nxt_2024_6496,event_indy_nxt_2024_5477,Grand Prix of Portland,series_indy_nxt,INDY NXT,2024,qualifying,4,0,0,0,0,4,0,,,,media_narrative_context:4,d4d96f43d7e734ba26b0bdefe7d2d3e6ec0096e36dc05af4008d5fc7acfe69fd
session_indy_nxt_2024_6505,event_indy_nxt_2024_5478,INDY NXT By Firestone at The Milwaukee Mile,series_indy_nxt,INDY NXT,2024,practice,5,0,0,0,1,4,0,dry,,,media_narrative_context:4; modeled_weather_context:1,d4d96f43d7e734ba26b0bdefe7d2d3e6ec0096e36dc05af4008d5fc7acfe69fd
session_indy_nxt_2024_6506,event_indy_nxt_2024_5478,INDY NXT By Firestone at The Milwaukee Mile,series_indy_nxt,INDY NXT,2024,qualifying,5,0,0,0,1,4,0,dry,,,media_narrative_context:4; modeled_weather_context:1,d4d96f43d7e734ba26b0bdefe7d2d3e6ec0096e36dc05af4008d5fc7acfe69fd
session_indy_nxt_2024_6513,event_indy_nxt_2024_5477,Grand Prix of Portland,series_indy_nxt,INDY NXT,2024,qualifying,4,0,0,0,0,4,0,,,,media_narrative_context:4,d4d96f43d7e734ba26b0bdefe7d2d3e6ec0096e36dc05af4008d5fc7acfe69fd
session_indy_nxt_2025_6442,event_indy_nxt_2025_5484,Grand Prix of Monterey Race 1,series_indy_nxt,INDY NXT,2025,race,14,1,1,4,1,7,0,dry,1,6,media_narrative_context:7; modeled_weather_context:1; official_incident_context:4; official_penalty_context:1; official_racecraft_context:1,d4d96f43d7e734ba26b0bdefe7d2d3e6ec0096e36dc05af4008d5fc7acfe69fd
session_indy_nxt_2025_6443,event_indy_nxt_2025_5485,Indianapolis Grand Prix Race 2,series_indy_nxt,INDY NXT,2025,race,14,1,4,2,1,6,1,dry,3,33,media_narrative_context:6; modeled_weather_context:1; official_incident_context:2; official_penalty_context:4; official_racecraft_context:1,d4d96f43d7e734ba26b0bdefe7d2d3e6ec0096e36dc05af4008d5fc7acfe69fd
session_indy_nxt_2025_6444,event_indy_nxt_2025_5486,Indianapolis Grand Prix Race 1,series_indy_nxt,INDY NXT,2025,race,14,1,1,5,1,6,0,dry,10,29,media_narrative_context:6; modeled_weather_context:1; official_incident_context:5; official_penalty_context:1; official_racecraft_context:1,d4d96f43d7e734ba26b0bdefe7d2d3e6ec0096e36dc05af4008d5fc7acfe69fd
session_indy_nxt_2025_6445,event_indy_nxt_2025_5487,Grand Prix of Alabama,series_indy_nxt,INDY NXT,2025,race,12,1,0,4,1,6,0,dry,1,11,media_narrative_context:6; modeled_weather_context:1; official_incident_context:4; official_racecraft_context:1,d4d96f43d7e734ba26b0bdefe7d2d3e6ec0096e36dc05af4008d5fc7acfe69fd
session_indy_nxt_2025_6446,event_indy_nxt_2025_5488,Grand Prix of St. Petersburg,series_indy_nxt,INDY NXT,2025,race,17,1,1,8,1,6,0,dry,1,42,media_narrative_context:6; modeled_weather_context:1; official_incident_context:8; official_penalty_context:1; official_racecraft_context:1,d4d96f43d7e734ba26b0bdefe7d2d3e6ec0096e36dc05af4008d5fc7acfe69fd
session_indy_nxt_2025_6447,event_indy_nxt_2025_5489,Music City Grand Prix,series_indy_nxt,INDY NXT,2025,race,13,1,2,2,1,7,0,dry,21,45,media_narrative_context:7; modeled_weather_context:1; official_incident_context:2; official_penalty_context:2; official_racecraft_context:1,d4d96f43d7e734ba26b0bdefe7d2d3e6ec0096e36dc05af4008d5fc7acfe69fd
session_indy_nxt_2025_6448,event_indy_nxt_2025_5490,INDY NXT by Firestone at the Milwaukee Mile,series_indy_nxt,INDY NXT,2025,race,12,1,0,3,1,7,0,dry,47,47,media_narrative_context:7; modeled_weather_context:1; official_incident_context:3; official_racecraft_context:1,d4d96f43d7e734ba26b0bdefe7d2d3e6ec0096e36dc05af4008d5fc7acfe69fd
session_indy_nxt_2025_6449,event_indy_nxt_2025_5491,Grand Prix of Portland,series_indy_nxt,INDY NXT,2025,race,11,1,0,2,1,7,2,dry,1,1,media_narrative_context:7; modeled_weather_context:1; official_incident_context:2; official_racecraft_context:1,d4d96f43d7e734ba26b0bdefe7d2d3e6ec0096e36dc05af4008d5fc7acfe69fd
session_indy_nxt_2025_6450,event_indy_nxt_2025_5492,Grand Prix of Monterey Race 2,series_indy_nxt,INDY NXT,2025,race,23,1,6,8,1,7,1,dry,1,32,media_narrative_context:7; modeled_weather_context:1; official_incident_context:8; official_penalty_context:6; official_racecraft_context:1,d4d96f43d7e734ba26b0bdefe7d2d3e6ec0096e36dc05af4008d5fc7acfe69fd
session_indy_nxt_2025_6451,event_indy_nxt_2025_5493,INDY NXT by Firestone at Iowa Speedway,series_indy_nxt,INDY NXT,2025,race,13,1,1,3,1,7,0,dry,12,34,media_narrative_context:7; modeled_weather_context:1; official_incident_context:3; official_penalty_context:1; official_racecraft_context:1,d4d96f43d7e734ba26b0bdefe7d2d3e6ec0096e36dc05af4008d5fc7acfe69fd
session_indy_nxt_2025_6452,event_indy_nxt_2025_5494,Grand Prix at Mid-Ohio,series_indy_nxt,INDY NXT,2025,race,14,1,2,3,1,7,0,dry,4,16,media_narrative_context:7; modeled_weather_context:1; official_incident_context:3; official_penalty_context:2; official_racecraft_context:1,d4d96f43d7e734ba26b0bdefe7d2d3e6ec0096e36dc05af4008d5fc7acfe69fd
session_indy_nxt_2025_6453,event_indy_nxt_2025_5495,Grand Prix at Road America,series_indy_nxt,INDY NXT,2025,race,9,1,0,0,1,7,0,dry,,,media_narrative_context:7; modeled_weather_context:1; official_racecraft_context:1,d4d96f43d7e734ba26b0bdefe7d2d3e6ec0096e36dc05af4008d5fc7acfe69fd
session_indy_nxt_2025_6454,event_indy_nxt_2025_5496,INDY NXT by Firestone at World Wide Technology Raceway,series_indy_nxt,INDY NXT,2025,race,8,1,0,0,1,6,0,dry,,,media_narrative_context:6; modeled_weather_context:1; official_racecraft_context:1,d4d96f43d7e734ba26b0bdefe7d2d3e6ec0096e36dc05af4008d5fc7acfe69fd
session_indy_nxt_2025_6455,event_indy_nxt_2025_5497,Detroit Grand Prix,series_indy_nxt,INDY NXT,2025,race,19,1,4,7,1,6,0,dry,1,45,media_narrative_context:6; modeled_weather_context:1; official_incident_context:7; official_penalty_context:4; official_racecraft_context:1,d4d96f43d7e734ba26b0bdefe7d2d3e6ec0096e36dc05af4008d5fc7acfe69fd
session_indy_nxt_2025_6515,event_indy_nxt_2025_5488,Grand Prix of St. Petersburg,series_indy_nxt,INDY NXT,2025,practice,4,0,0,0,1,3,0,dry,,,media_narrative_context:3; modeled_weather_context:1,d4d96f43d7e734ba26b0bdefe7d2d3e6ec0096e36dc05af4008d5fc7acfe69fd
session_indy_nxt_2025_6516,event_indy_nxt_2025_5488,Grand Prix of St. Petersburg,series_indy_nxt,INDY NXT,2025,practice,5,0,0,0,1,4,0,dry,,,media_narrative_context:4; modeled_weather_context:1,d4d96f43d7e734ba26b0bdefe7d2d3e6ec0096e36dc05af4008d5fc7acfe69fd
session_indy_nxt_2025_6517,event_indy_nxt_2025_5488,Grand Prix of St. Petersburg,series_indy_nxt,INDY NXT,2025,qualifying,4,0,0,0,0,4,0,,,,media_narrative_context:4,d4d96f43d7e734ba26b0bdefe7d2d3e6ec0096e36dc05af4008d5fc7acfe69fd
session_indy_nxt_2025_6518,event_indy_nxt_2025_5488,Grand Prix of St. Petersburg,series_indy_nxt,INDY NXT,2025,qualifying,4,0,0,0,0,4,0,,,,media_narrative_context:4,d4d96f43d7e734ba26b0bdefe7d2d3e6ec0096e36dc05af4008d5fc7acfe69fd
session_indy_nxt_2025_6588,event_indy_nxt_2025_5490,INDY NXT by Firestone at the Milwaukee Mile,series_indy_nxt,INDY NXT,2025,qualifying,5,0,0,0,1,4,0,dry,,,media_narrative_context:4; modeled_weather_context:1,d4d96f43d7e734ba26b0bdefe7d2d3e6ec0096e36dc05af4008d5fc7acfe69fd
session_indy_nxt_2025_6589,event_indy_nxt_2025_5484,Grand Prix of Monterey Race 1,series_indy_nxt,INDY NXT,2025,qualifying,1,0,0,0,0,1,0,,,,media_narrative_context:1,d4d96f43d7e734ba26b0bdefe7d2d3e6ec0096e36dc05af4008d5fc7acfe69fd
session_indy_nxt_2025_6590,event_indy_nxt_2025_5485,Indianapolis Grand Prix Race 2,series_indy_nxt,INDY NXT,2025,qualifying,1,0,0,0,0,1,0,,,,media_narrative_context:1,d4d96f43d7e734ba26b0bdefe7d2d3e6ec0096e36dc05af4008d5fc7acfe69fd
session_indy_nxt_2025_6591,event_indy_nxt_2025_5486,Indianapolis Grand Prix Race 1,series_indy_nxt,INDY NXT,2025,qualifying,1,0,0,0,0,1,0,,,,media_narrative_context:1,d4d96f43d7e734ba26b0bdefe7d2d3e6ec0096e36dc05af4008d5fc7acfe69fd
session_indy_nxt_2025_6592,event_indy_nxt_2025_5487,Grand Prix of Alabama,series_indy_nxt,INDY NXT,2025,qualifying,1,0,0,0,0,1,0,,,,media_narrative_context:1,d4d96f43d7e734ba26b0bdefe7d2d3e6ec0096e36dc05af4008d5fc7acfe69fd
session_indy_nxt_2025_6593,event_indy_nxt_2025_5489,Music City Grand Prix,series_indy_nxt,INDY NXT,2025,qualifying,5,0,0,0,1,4,0,dry,,,media_narrative_context:4; modeled_weather_context:1,d4d96f43d7e734ba26b0bdefe7d2d3e6ec0096e36dc05af4008d5fc7acfe69fd
session_indy_nxt_2025_6594,event_indy_nxt_2025_5491,Grand Prix of Portland,series_indy_nxt,INDY NXT,2025,qualifying,1,0,0,0,0,1,0,,,,media_narrative_context:1,d4d96f43d7e734ba26b0bdefe7d2d3e6ec0096e36dc05af4008d5fc7acfe69fd
session_indy_nxt_2025_6595,event_indy_nxt_2025_5492,Grand Prix of Monterey Race 2,series_indy_nxt,INDY NXT,2025,qualifying,1,0,0,0,0,1,0,,,,media_narrative_context:1,d4d96f43d7e734ba26b0bdefe7d2d3e6ec0096e36dc05af4008d5fc7acfe69fd
session_indy_nxt_2025_6596,event_indy_nxt_2025_5493,INDY NXT by Firestone at Iowa Speedway,series_indy_nxt,INDY NXT,2025,qualifying,4,0,0,0,0,4,0,,,,media_narrative_context:4,d4d96f43d7e734ba26b0bdefe7d2d3e6ec0096e36dc05af4008d5fc7acfe69fd
session_indy_nxt_2025_6597,event_indy_nxt_2025_5494,Grand Prix at Mid-Ohio,series_indy_nxt,INDY NXT,2025,qualifying,2,0,0,0,0,2,0,,,,media_narrative_context:2,d4d96f43d7e734ba26b0bdefe7d2d3e6ec0096e36dc05af4008d5fc7acfe69fd
session_indy_nxt_2025_6598,event_indy_nxt_2025_5495,Grand Prix at Road America,series_indy_nxt,INDY NXT,2025,qualifying,1,0,0,0,0,1,0,,,,media_narrative_context:1,d4d96f43d7e734ba26b0bdefe7d2d3e6ec0096e36dc05af4008d5fc7acfe69fd
session_indy_nxt_2025_6599,event_indy_nxt_2025_5496,INDY NXT by Firestone at World Wide Technology Raceway,series_indy_nxt,INDY NXT,2025,qualifying,5,0,0,0,1,4,0,wet,,,media_narrative_context:4; modeled_weather_context:1,d4d96f43d7e734ba26b0bdefe7d2d3e6ec0096e36dc05af4008d5fc7acfe69fd
session_indy_nxt_2025_6600,event_indy_nxt_2025_5497,Detroit Grand Prix,series_indy_nxt,INDY NXT,2025,qualifying,1,0,0,0,0,1,0,,,,media_narrative_context:1,d4d96f43d7e734ba26b0bdefe7d2d3e6ec0096e36dc05af4008d5fc7acfe69fd
session_indy_nxt_2025_6611,event_indy_nxt_2025_5487,Grand Prix of Alabama,series_indy_nxt,INDY NXT,2025,practice,4,0,0,0,1,3,0,wet,,,media_narrative_context:3; modeled_weather_context:1,d4d96f43d7e734ba26b0bdefe7d2d3e6ec0096e36dc05af4008d5fc7acfe69fd
session_indy_nxt_2025_6612,event_indy_nxt_2025_5487,Grand Prix of Alabama,series_indy_nxt,INDY NXT,2025,practice,5,0,0,0,1,4,0,wet,,,media_narrative_context:4; modeled_weather_context:1,d4d96f43d7e734ba26b0bdefe7d2d3e6ec0096e36dc05af4008d5fc7acfe69fd
session_indy_nxt_2025_6613,event_indy_nxt_2025_5487,Grand Prix of Alabama,series_indy_nxt,INDY NXT,2025,qualifying,4,0,0,0,0,4,0,,,,media_narrative_context:4,d4d96f43d7e734ba26b0bdefe7d2d3e6ec0096e36dc05af4008d5fc7acfe69fd
session_indy_nxt_2025_6614,event_indy_nxt_2025_5487,Grand Prix of Alabama,series_indy_nxt,INDY NXT,2025,qualifying,4,0,0,0,0,4,0,,,,media_narrative_context:4,d4d96f43d7e734ba26b0bdefe7d2d3e6ec0096e36dc05af4008d5fc7acfe69fd
session_indy_nxt_2025_6627,event_indy_nxt_2025_5486,Indianapolis Grand Prix Race 1,series_indy_nxt,INDY NXT,2025,practice,5,0,0,0,1,4,0,dry,,,media_narrative_context:4; modeled_weather_context:1,d4d96f43d7e734ba26b0bdefe7d2d3e6ec0096e36dc05af4008d5fc7acfe69fd
session_indy_nxt_2025_6628,event_indy_nxt_2025_5486,Indianapolis Grand Prix Race 1,series_indy_nxt,INDY NXT,2025,qualifying,4,0,0,0,0,4,0,,,,media_narrative_context:4,d4d96f43d7e734ba26b0bdefe7d2d3e6ec0096e36dc05af4008d5fc7acfe69fd
session_indy_nxt_2025_6629,event_indy_nxt_2025_5486,Indianapolis Grand Prix Race 1,series_indy_nxt,INDY NXT,2025,qualifying,4,0,0,0,0,4,0,,,,media_narrative_context:4,d4d96f43d7e734ba26b0bdefe7d2d3e6ec0096e36dc05af4008d5fc7acfe69fd
session_indy_nxt_2025_6630,event_indy_nxt_2025_5485,Indianapolis Grand Prix Race 2,series_indy_nxt,INDY NXT,2025,qualifying,4,0,0,0,0,4,0,,,,media_narrative_context:4,d4d96f43d7e734ba26b0bdefe7d2d3e6ec0096e36dc05af4008d5fc7acfe69fd
session_indy_nxt_2025_6631,event_indy_nxt_2025_5485,Indianapolis Grand Prix Race 2,series_indy_nxt,INDY NXT,2025,qualifying,4,0,0,0,0,4,0,,,,media_narrative_context:4,d4d96f43d7e734ba26b0bdefe7d2d3e6ec0096e36dc05af4008d5fc7acfe69fd
session_indy_nxt_2025_6639,event_indy_nxt_2025_5497,Detroit Grand Prix,series_indy_nxt,INDY NXT,2025,practice,5,0,0,0,1,4,0,dry,,,media_narrative_context:4; modeled_weather_context:1,d4d96f43d7e734ba26b0bdefe7d2d3e6ec0096e36dc05af4008d5fc7acfe69fd
session_indy_nxt_2025_6640,event_indy_nxt_2025_5497,Detroit Grand Prix,series_indy_nxt,INDY NXT,2025,practice,5,0,0,0,1,4,0,dry,,,media_narrative_context:4; modeled_weather_context:1,d4d96f43d7e734ba26b0bdefe7d2d3e6ec0096e36dc05af4008d5fc7acfe69fd
session_indy_nxt_2025_6641,event_indy_nxt_2025_5497,Detroit Grand Prix,series_indy_nxt,INDY NXT,2025,qualifying,4,0,0,0,0,4,0,,,,media_narrative_context:4,d4d96f43d7e734ba26b0bdefe7d2d3e6ec0096e36dc05af4008d5fc7acfe69fd
session_indy_nxt_2025_6642,event_indy_nxt_2025_5497,Detroit Grand Prix,series_indy_nxt,INDY NXT,2025,qualifying,4,0,0,0,0,4,0,,,,media_narrative_context:4,d4d96f43d7e734ba26b0bdefe7d2d3e6ec0096e36dc05af4008d5fc7acfe69fd
session_indy_nxt_2025_6667,event_indy_nxt_2025_5496,INDY NXT by Firestone at World Wide Technology Raceway,series_indy_nxt,INDY NXT,2025,practice,5,0,0,0,1,4,0,wet,,,media_narrative_context:4; modeled_weather_context:1,d4d96f43d7e734ba26b0bdefe7d2d3e6ec0096e36dc05af4008d5fc7acfe69fd
session_indy_nxt_2025_6675,event_indy_nxt_2025_5495,Grand Prix at Road America,series_indy_nxt,INDY NXT,2025,practice,5,0,0,0,1,4,0,dry,,,media_narrative_context:4; modeled_weather_context:1,d4d96f43d7e734ba26b0bdefe7d2d3e6ec0096e36dc05af4008d5fc7acfe69fd
session_indy_nxt_2025_6676,event_indy_nxt_2025_5495,Grand Prix at Road America,series_indy_nxt,INDY NXT,2025,practice,5,0,0,0,1,4,0,dry,,,media_narrative_context:4; modeled_weather_context:1,d4d96f43d7e734ba26b0bdefe7d2d3e6ec0096e36dc05af4008d5fc7acfe69fd
session_indy_nxt_2025_6677,event_indy_nxt_2025_5495,Grand Prix at Road America,series_indy_nxt,INDY NXT,2025,qualifying,4,0,0,0,0,4,0,,,,media_narrative_context:4,d4d96f43d7e734ba26b0bdefe7d2d3e6ec0096e36dc05af4008d5fc7acfe69fd
session_indy_nxt_2025_6678,event_indy_nxt_2025_5495,Grand Prix at Road America,series_indy_nxt,INDY NXT,2025,qualifying,4,0,0,0,0,4,0,,,,media_narrative_context:4,d4d96f43d7e734ba26b0bdefe7d2d3e6ec0096e36dc05af4008d5fc7acfe69fd
session_indy_nxt_2025_6679,event_indy_nxt_2025_5494,Grand Prix at Mid-Ohio,series_indy_nxt,INDY NXT,2025,practice,5,0,0,0,1,4,0,dry,,,media_narrative_context:4; modeled_weather_context:1,d4d96f43d7e734ba26b0bdefe7d2d3e6ec0096e36dc05af4008d5fc7acfe69fd
session_indy_nxt_2025_6680,event_indy_nxt_2025_5494,Grand Prix at Mid-Ohio,series_indy_nxt,INDY NXT,2025,practice,5,0,0,0,1,4,0,dry,,,media_narrative_context:4; modeled_weather_context:1,d4d96f43d7e734ba26b0bdefe7d2d3e6ec0096e36dc05af4008d5fc7acfe69fd
session_indy_nxt_2025_6681,event_indy_nxt_2025_5494,Grand Prix at Mid-Ohio,series_indy_nxt,INDY NXT,2025,qualifying,4,0,0,0,0,4,0,,,,media_narrative_context:4,d4d96f43d7e734ba26b0bdefe7d2d3e6ec0096e36dc05af4008d5fc7acfe69fd
session_indy_nxt_2025_6682,event_indy_nxt_2025_5494,Grand Prix at Mid-Ohio,series_indy_nxt,INDY NXT,2025,qualifying,4,0,0,0,0,4,0,,,,media_narrative_context:4,d4d96f43d7e734ba26b0bdefe7d2d3e6ec0096e36dc05af4008d5fc7acfe69fd
session_indy_nxt_2025_6690,event_indy_nxt_2025_5493,INDY NXT by Firestone at Iowa Speedway,series_indy_nxt,INDY NXT,2025,practice,5,0,0,0,1,4,0,wet,,,media_narrative_context:4; modeled_weather_context:1,d4d96f43d7e734ba26b0bdefe7d2d3e6ec0096e36dc05af4008d5fc7acfe69fd
session_indy_nxt_2025_6707,event_indy_nxt_2025_5484,Grand Prix of Monterey Race 1,series_indy_nxt,INDY NXT,2025,practice,5,0,0,0,1,4,0,dry,,,media_narrative_context:4; modeled_weather_context:1,d4d96f43d7e734ba26b0bdefe7d2d3e6ec0096e36dc05af4008d5fc7acfe69fd
session_indy_nxt_2025_6708,event_indy_nxt_2025_5484,Grand Prix of Monterey Race 1,series_indy_nxt,INDY NXT,2025,practice,5,0,0,0,1,4,0,dry,,,media_narrative_context:4; modeled_weather_context:1,d4d96f43d7e734ba26b0bdefe7d2d3e6ec0096e36dc05af4008d5fc7acfe69fd
session_indy_nxt_2025_6709,event_indy_nxt_2025_5484,Grand Prix of Monterey Race 1,series_indy_nxt,INDY NXT,2025,qualifying,4,0,0,0,0,4,0,,,,media_narrative_context:4,d4d96f43d7e734ba26b0bdefe7d2d3e6ec0096e36dc05af4008d5fc7acfe69fd
session_indy_nxt_2025_6710,event_indy_nxt_2025_5484,Grand Prix of Monterey Race 1,series_indy_nxt,INDY NXT,2025,qualifying,4,0,0,0,0,4,0,,,,media_narrative_context:4,d4d96f43d7e734ba26b0bdefe7d2d3e6ec0096e36dc05af4008d5fc7acfe69fd
session_indy_nxt_2025_6711,event_indy_nxt_2025_5492,Grand Prix of Monterey Race 2,series_indy_nxt,INDY NXT,2025,qualifying,4,0,0,0,0,4,0,,,,media_narrative_context:4,d4d96f43d7e734ba26b0bdefe7d2d3e6ec0096e36dc05af4008d5fc7acfe69fd
session_indy_nxt_2025_6712,event_indy_nxt_2025_5492,Grand Prix of Monterey Race 2,series_indy_nxt,INDY NXT,2025,qualifying,4,0,0,0,0,4,0,,,,media_narrative_context:4,d4d96f43d7e734ba26b0bdefe7d2d3e6ec0096e36dc05af4008d5fc7acfe69fd
session_indy_nxt_2025_6713,event_indy_nxt_2025_5491,Grand Prix of Portland,series_indy_nxt,INDY NXT,2025,practice,5,0,0,0,1,4,0,dry,,,media_narrative_context:4; modeled_weather_context:1,d4d96f43d7e734ba26b0bdefe7d2d3e6ec0096e36dc05af4008d5fc7acfe69fd
session_indy_nxt_2025_6714,event_indy_nxt_2025_5491,Grand Prix of Portland,series_indy_nxt,INDY NXT,2025,practice,5,0,0,0,1,4,0,dry,,,media_narrative_context:4; modeled_weather_context:1,d4d96f43d7e734ba26b0bdefe7d2d3e6ec0096e36dc05af4008d5fc7acfe69fd
session_indy_nxt_2025_6715,event_indy_nxt_2025_5491,Grand Prix of Portland,series_indy_nxt,INDY NXT,2025,qualifying,4,0,0,0,0,4,0,,,,media_narrative_context:4,d4d96f43d7e734ba26b0bdefe7d2d3e6ec0096e36dc05af4008d5fc7acfe69fd
session_indy_nxt_2025_6716,event_indy_nxt_2025_5491,Grand Prix of Portland,series_indy_nxt,INDY NXT,2025,qualifying,4,0,0,0,0,4,0,,,,media_narrative_context:4,d4d96f43d7e734ba26b0bdefe7d2d3e6ec0096e36dc05af4008d5fc7acfe69fd
session_indy_nxt_2025_6727,event_indy_nxt_2025_5490,INDY NXT by Firestone at the Milwaukee Mile,series_indy_nxt,INDY NXT,2025,practice,5,0,0,0,1,4,0,dry,,,media_narrative_context:4; modeled_weather_context:1,d4d96f43d7e734ba26b0bdefe7d2d3e6ec0096e36dc05af4008d5fc7acfe69fd
session_indy_nxt_2025_6731,event_indy_nxt_2025_5489,Music City Grand Prix,series_indy_nxt,INDY NXT,2025,practice,5,0,0,0,1,4,0,dry,,,media_narrative_context:4; modeled_weather_context:1,d4d96f43d7e734ba26b0bdefe7d2d3e6ec0096e36dc05af4008d5fc7acfe69fd
session_indy_nxt_2026_6749,event_indy_nxt_2026_5532,Detroit Grand Prix,series_indy_nxt,INDY NXT,2026,race,20,1,6,6,1,6,0,dry,1,40,media_narrative_context:6; modeled_weather_context:1; official_incident_context:6; official_penalty_context:6; official_racecraft_context:1,d4d96f43d7e734ba26b0bdefe7d2d3e6ec0096e36dc05af4008d5fc7acfe69fd
session_indy_nxt_2026_6750,event_indy_nxt_2026_5533,Grand Prix of Alabama Race 1,series_indy_nxt,INDY NXT,2026,race,14,1,2,3,1,7,0,dry,1,31,media_narrative_context:7; modeled_weather_context:1; official_incident_context:3; official_penalty_context:2; official_racecraft_context:1,d4d96f43d7e734ba26b0bdefe7d2d3e6ec0096e36dc05af4008d5fc7acfe69fd
session_indy_nxt_2026_6751,event_indy_nxt_2026_5534,Grand Prix of St. Petersburg,series_indy_nxt,INDY NXT,2026,race,19,1,2,8,1,7,0,dry,1,22,media_narrative_context:7; modeled_weather_context:1; official_incident_context:8; official_penalty_context:2; official_racecraft_context:1,d4d96f43d7e734ba26b0bdefe7d2d3e6ec0096e36dc05af4008d5fc7acfe69fd
session_indy_nxt_2026_6752,event_indy_nxt_2026_5535,Grand Prix of Alabama Race 2,series_indy_nxt,INDY NXT,2026,race,10,1,2,0,1,6,0,dry,3,26,media_narrative_context:6; modeled_weather_context:1; official_penalty_context:2; official_racecraft_context:1,d4d96f43d7e734ba26b0bdefe7d2d3e6ec0096e36dc05af4008d5fc7acfe69fd
session_indy_nxt_2026_6753,event_indy_nxt_2026_5536,Grand Prix of Arlington,series_indy_nxt,INDY NXT,2026,race,17,1,4,4,1,7,0,dry,1,13,media_narrative_context:7; modeled_weather_context:1; official_incident_context:4; official_penalty_context:4; official_racecraft_context:1,d4d96f43d7e734ba26b0bdefe7d2d3e6ec0096e36dc05af4008d5fc7acfe69fd
session_indy_nxt_2026_6754,event_indy_nxt_2026_5537,Grand Prix at Road America Race 2,series_indy_nxt,INDY NXT,2026,race,12,1,2,3,1,5,0,dry,6,18,media_narrative_context:5; modeled_weather_context:1; official_incident_context:3; official_penalty_context:2; official_racecraft_context:1,d4d96f43d7e734ba26b0bdefe7d2d3e6ec0096e36dc05af4008d5fc7acfe69fd
session_indy_nxt_2026_6755,event_indy_nxt_2026_5538,Music City Grand Prix,series_indy_nxt,INDY NXT,2026,race,13,1,0,5,1,6,0,dry,5,18,media_narrative_context:6; modeled_weather_context:1; official_incident_context:5; official_racecraft_context:1,d4d96f43d7e734ba26b0bdefe7d2d3e6ec0096e36dc05af4008d5fc7acfe69fd
session_indy_nxt_2026_6756,event_indy_nxt_2026_5539,Indianapolis Grand Prix Race 1,series_indy_nxt,INDY NXT,2026,race,13,1,2,2,1,7,1,wet,11,29,media_narrative_context:7; modeled_weather_context:1; official_incident_context:2; official_penalty_context:2; official_racecraft_context:1,d4d96f43d7e734ba26b0bdefe7d2d3e6ec0096e36dc05af4008d5fc7acfe69fd
session_indy_nxt_2026_6757,event_indy_nxt_2026_5540,INDY NXT by Firestone at Milwaukee Mile,series_indy_nxt,INDY NXT,2026,race,15,1,0,7,1,6,0,dry,54,83,media_narrative_context:6; modeled_weather_context:1; official_incident_context:7; official_racecraft_context:1,d4d96f43d7e734ba26b0bdefe7d2d3e6ec0096e36dc05af4008d5fc7acfe69fd
session_indy_nxt_2026_6758,event_indy_nxt_2026_5541,Grand Prix of Monterey Race 2,series_indy_nxt,INDY NXT,2026,race,12,1,1,3,1,6,0,dry,1,6,media_narrative_context:6; modeled_weather_context:1; official_incident_context:3; official_penalty_context:1; official_racecraft_context:1,d4d96f43d7e734ba26b0bdefe7d2d3e6ec0096e36dc05af4008d5fc7acfe69fd
session_indy_nxt_2026_6759,event_indy_nxt_2026_5542,Grand Prix of Monterey Race 1,series_indy_nxt,INDY NXT,2026,race,17,1,3,6,1,6,0,dry,2,28,media_narrative_context:6; modeled_weather_context:1; official_incident_context:6; official_penalty_context:3; official_racecraft_context:1,d4d96f43d7e734ba26b0bdefe7d2d3e6ec0096e36dc05af4008d5fc7acfe69fd
session_indy_nxt_2026_6760,event_indy_nxt_2026_5543,Grand Prix at Mid-Ohio Race 2,series_indy_nxt,INDY NXT,2026,race,9,1,0,0,1,7,0,wet,,,media_narrative_context:7; modeled_weather_context:1; official_racecraft_context:1,d4d96f43d7e734ba26b0bdefe7d2d3e6ec0096e36dc05af4008d5fc7acfe69fd
session_indy_nxt_2026_6761,event_indy_nxt_2026_5544,Grand Prix at Mid-Ohio Race 1,series_indy_nxt,INDY NXT,2026,race,13,1,0,4,1,7,0,dry,5,22,media_narrative_context:7; modeled_weather_context:1; official_incident_context:4; official_racecraft_context:1,d4d96f43d7e734ba26b0bdefe7d2d3e6ec0096e36dc05af4008d5fc7acfe69fd
session_indy_nxt_2026_6762,event_indy_nxt_2026_5545,Grand Prix at Road America Race 1,series_indy_nxt,INDY NXT,2026,race,15,1,2,5,1,6,1,dry,1,20,media_narrative_context:6; modeled_weather_context:1; official_incident_context:5; official_penalty_context:2; official_racecraft_context:1,d4d96f43d7e734ba26b0bdefe7d2d3e6ec0096e36dc05af4008d5fc7acfe69fd
session_indy_nxt_2026_6763,event_indy_nxt_2026_5546,INDY NXT by Firestone at World Wide Technology Raceway,series_indy_nxt,INDY NXT,2026,race,16,1,1,7,1,6,1,wet,5,75,media_narrative_context:6; modeled_weather_context:1; official_incident_context:7; official_penalty_context:1; official_racecraft_context:1,d4d96f43d7e734ba26b0bdefe7d2d3e6ec0096e36dc05af4008d5fc7acfe69fd
session_indy_nxt_2026_6764,event_indy_nxt_2026_5547,Grand Prix of Portland,series_indy_nxt,INDY NXT,2026,race,14,1,4,1,1,7,0,dry,3,27,media_narrative_context:7; modeled_weather_context:1; official_incident_context:1; official_penalty_context:4; official_racecraft_context:1,d4d96f43d7e734ba26b0bdefe7d2d3e6ec0096e36dc05af4008d5fc7acfe69fd
session_indy_nxt_2026_6765,event_indy_nxt_2026_5548,Indianapolis Grand Prix Race 2,series_indy_nxt,INDY NXT,2026,race,17,1,7,1,1,7,0,dry,4,28,media_narrative_context:7; modeled_weather_context:1; official_incident_context:1; official_penalty_context:7; official_racecraft_context:1,d4d96f43d7e734ba26b0bdefe7d2d3e6ec0096e36dc05af4008d5fc7acfe69fd
session_indy_nxt_2026_6766,event_indy_nxt_2026_5534,Grand Prix of St. Petersburg,series_indy_nxt,INDY NXT,2026,practice,4,0,0,0,1,3,0,dry,,,media_narrative_context:3; modeled_weather_context:1,d4d96f43d7e734ba26b0bdefe7d2d3e6ec0096e36dc05af4008d5fc7acfe69fd
session_indy_nxt_2026_6767,event_indy_nxt_2026_5534,Grand Prix of St. Petersburg,series_indy_nxt,INDY NXT,2026,practice,5,0,0,0,1,4,0,dry,,,media_narrative_context:4; modeled_weather_context:1,d4d96f43d7e734ba26b0bdefe7d2d3e6ec0096e36dc05af4008d5fc7acfe69fd
session_indy_nxt_2026_6768,event_indy_nxt_2026_5534,Grand Prix of St. Petersburg,series_indy_nxt,INDY NXT,2026,qualifying,4,0,0,0,0,4,0,,,,media_narrative_context:4,d4d96f43d7e734ba26b0bdefe7d2d3e6ec0096e36dc05af4008d5fc7acfe69fd
session_indy_nxt_2026_6769,event_indy_nxt_2026_5534,Grand Prix of St. Petersburg,series_indy_nxt,INDY NXT,2026,qualifying,4,0,0,0,0,4,0,,,,media_narrative_context:4,d4d96f43d7e734ba26b0bdefe7d2d3e6ec0096e36dc05af4008d5fc7acfe69fd
session_indy_nxt_2026_6770,event_indy_nxt_2026_5534,Grand Prix of St. Petersburg,series_indy_nxt,INDY NXT,2026,qualifying,2,0,0,0,0,2,0,,,,media_narrative_context:2,d4d96f43d7e734ba26b0bdefe7d2d3e6ec0096e36dc05af4008d5fc7acfe69fd
session_indy_nxt_2026_6783,event_indy_nxt_2026_5536,Grand Prix of Arlington,series_indy_nxt,INDY NXT,2026,practice,4,0,0,0,1,3,0,dry,,,media_narrative_context:3; modeled_weather_context:1,d4d96f43d7e734ba26b0bdefe7d2d3e6ec0096e36dc05af4008d5fc7acfe69fd
session_indy_nxt_2026_6784,event_indy_nxt_2026_5536,Grand Prix of Arlington,series_indy_nxt,INDY NXT,2026,practice,5,0,0,0,1,4,0,dry,,,media_narrative_context:4; modeled_weather_context:1,d4d96f43d7e734ba26b0bdefe7d2d3e6ec0096e36dc05af4008d5fc7acfe69fd
session_indy_nxt_2026_6785,event_indy_nxt_2026_5536,Grand Prix of Arlington,series_indy_nxt,INDY NXT,2026,qualifying,4,0,0,0,0,4,0,,,,media_narrative_context:4,d4d96f43d7e734ba26b0bdefe7d2d3e6ec0096e36dc05af4008d5fc7acfe69fd
session_indy_nxt_2026_6786,event_indy_nxt_2026_5536,Grand Prix of Arlington,series_indy_nxt,INDY NXT,2026,qualifying,4,0,0,0,0,4,0,,,,media_narrative_context:4,d4d96f43d7e734ba26b0bdefe7d2d3e6ec0096e36dc05af4008d5fc7acfe69fd
session_indy_nxt_2026_6787,event_indy_nxt_2026_5536,Grand Prix of Arlington,series_indy_nxt,INDY NXT,2026,qualifying,1,0,0,0,0,1,0,,,,media_narrative_context:1,d4d96f43d7e734ba26b0bdefe7d2d3e6ec0096e36dc05af4008d5fc7acfe69fd
session_indy_nxt_2026_6804,event_indy_nxt_2026_5533,Grand Prix of Alabama Race 1,series_indy_nxt,INDY NXT,2026,practice,5,0,0,0,1,4,0,dry,,,media_narrative_context:4; modeled_weather_context:1,d4d96f43d7e734ba26b0bdefe7d2d3e6ec0096e36dc05af4008d5fc7acfe69fd
session_indy_nxt_2026_6805,event_indy_nxt_2026_5533,Grand Prix of Alabama Race 1,series_indy_nxt,INDY NXT,2026,qualifying,4,0,0,0,0,4,0,,,,media_narrative_context:4,d4d96f43d7e734ba26b0bdefe7d2d3e6ec0096e36dc05af4008d5fc7acfe69fd
session_indy_nxt_2026_6806,event_indy_nxt_2026_5533,Grand Prix of Alabama Race 1,series_indy_nxt,INDY NXT,2026,qualifying,4,0,0,0,0,4,0,,,,media_narrative_context:4,d4d96f43d7e734ba26b0bdefe7d2d3e6ec0096e36dc05af4008d5fc7acfe69fd
session_indy_nxt_2026_6807,event_indy_nxt_2026_5533,Grand Prix of Alabama Race 1,series_indy_nxt,INDY NXT,2026,qualifying,2,0,0,0,0,2,0,,,,media_narrative_context:2,d4d96f43d7e734ba26b0bdefe7d2d3e6ec0096e36dc05af4008d5fc7acfe69fd
session_indy_nxt_2026_6808,event_indy_nxt_2026_5535,Grand Prix of Alabama Race 2,series_indy_nxt,INDY NXT,2026,qualifying,4,0,0,0,0,4,0,,,,media_narrative_context:4,d4d96f43d7e734ba26b0bdefe7d2d3e6ec0096e36dc05af4008d5fc7acfe69fd
session_indy_nxt_2026_6809,event_indy_nxt_2026_5535,Grand Prix of Alabama Race 2,series_indy_nxt,INDY NXT,2026,qualifying,4,0,0,0,0,4,0,,,,media_narrative_context:4,d4d96f43d7e734ba26b0bdefe7d2d3e6ec0096e36dc05af4008d5fc7acfe69fd
session_indy_nxt_2026_6810,event_indy_nxt_2026_5535,Grand Prix of Alabama Race 2,series_indy_nxt,INDY NXT,2026,qualifying,2,0,0,0,0,2,0,,,,media_narrative_context:2,d4d96f43d7e734ba26b0bdefe7d2d3e6ec0096e36dc05af4008d5fc7acfe69fd
session_indy_nxt_2026_6828,event_indy_nxt_2026_5539,Indianapolis Grand Prix Race 1,series_indy_nxt,INDY NXT,2026,practice,4,0,0,0,1,3,0,dry,,,media_narrative_context:3; modeled_weather_context:1,d4d96f43d7e734ba26b0bdefe7d2d3e6ec0096e36dc05af4008d5fc7acfe69fd
session_indy_nxt_2026_6829,event_indy_nxt_2026_5539,Indianapolis Grand Prix Race 1,series_indy_nxt,INDY NXT,2026,qualifying,2,0,0,0,0,2,0,,,,media_narrative_context:2,d4d96f43d7e734ba26b0bdefe7d2d3e6ec0096e36dc05af4008d5fc7acfe69fd
session_indy_nxt_2026_6830,event_indy_nxt_2026_5539,Indianapolis Grand Prix Race 1,series_indy_nxt,INDY NXT,2026,qualifying,4,0,0,0,0,4,0,,,,media_narrative_context:4,d4d96f43d7e734ba26b0bdefe7d2d3e6ec0096e36dc05af4008d5fc7acfe69fd
session_indy_nxt_2026_6831,event_indy_nxt_2026_5539,Indianapolis Grand Prix Race 1,series_indy_nxt,INDY NXT,2026,qualifying,4,0,0,0,0,4,0,,,,media_narrative_context:4,d4d96f43d7e734ba26b0bdefe7d2d3e6ec0096e36dc05af4008d5fc7acfe69fd
session_indy_nxt_2026_6832,event_indy_nxt_2026_5548,Indianapolis Grand Prix Race 2,series_indy_nxt,INDY NXT,2026,qualifying,2,0,0,0,0,2,0,,,,media_narrative_context:2,d4d96f43d7e734ba26b0bdefe7d2d3e6ec0096e36dc05af4008d5fc7acfe69fd
session_indy_nxt_2026_6833,event_indy_nxt_2026_5548,Indianapolis Grand Prix Race 2,series_indy_nxt,INDY NXT,2026,qualifying,4,0,0,0,0,4,0,,,,media_narrative_context:4,d4d96f43d7e734ba26b0bdefe7d2d3e6ec0096e36dc05af4008d5fc7acfe69fd
session_indy_nxt_2026_6834,event_indy_nxt_2026_5548,Indianapolis Grand Prix Race 2,series_indy_nxt,INDY NXT,2026,qualifying,4,0,0,0,0,4,0,,,,media_narrative_context:4,d4d96f43d7e734ba26b0bdefe7d2d3e6ec0096e36dc05af4008d5fc7acfe69fd
session_indy_nxt_2026_6850,event_indy_nxt_2026_5532,Detroit Grand Prix,series_indy_nxt,INDY NXT,2026,practice,4,0,0,0,1,3,0,dry,,,media_narrative_context:3; modeled_weather_context:1,d4d96f43d7e734ba26b0bdefe7d2d3e6ec0096e36dc05af4008d5fc7acfe69fd
session_indy_nxt_2026_6851,event_indy_nxt_2026_5532,Detroit Grand Prix,series_indy_nxt,INDY NXT,2026,practice,5,0,0,0,1,4,0,dry,,,media_narrative_context:4; modeled_weather_context:1,d4d96f43d7e734ba26b0bdefe7d2d3e6ec0096e36dc05af4008d5fc7acfe69fd
session_indy_nxt_2026_6852,event_indy_nxt_2026_5532,Detroit Grand Prix,series_indy_nxt,INDY NXT,2026,qualifying,5,0,0,0,1,4,0,dry,,,media_narrative_context:4; modeled_weather_context:1,d4d96f43d7e734ba26b0bdefe7d2d3e6ec0096e36dc05af4008d5fc7acfe69fd
session_indy_nxt_2026_6853,event_indy_nxt_2026_5532,Detroit Grand Prix,series_indy_nxt,INDY NXT,2026,qualifying,5,0,0,0,1,4,0,dry,,,media_narrative_context:4; modeled_weather_context:1,d4d96f43d7e734ba26b0bdefe7d2d3e6ec0096e36dc05af4008d5fc7acfe69fd
session_indy_nxt_2026_6854,event_indy_nxt_2026_5532,Detroit Grand Prix,series_indy_nxt,INDY NXT,2026,qualifying,3,0,0,0,1,2,0,dry,,,media_narrative_context:2; modeled_weather_context:1,d4d96f43d7e734ba26b0bdefe7d2d3e6ec0096e36dc05af4008d5fc7acfe69fd
session_indy_nxt_2026_6863,event_indy_nxt_2026_5546,INDY NXT by Firestone at World Wide Technology Raceway,series_indy_nxt,INDY NXT,2026,practice,5,0,0,0,1,4,0,wet,,,media_narrative_context:4; modeled_weather_context:1,d4d96f43d7e734ba26b0bdefe7d2d3e6ec0096e36dc05af4008d5fc7acfe69fd
session_indy_nxt_2026_6864,event_indy_nxt_2026_5546,INDY NXT by Firestone at World Wide Technology Raceway,series_indy_nxt,INDY NXT,2026,qualifying,5,0,0,0,1,4,0,dry,,,media_narrative_context:4; modeled_weather_context:1,d4d96f43d7e734ba26b0bdefe7d2d3e6ec0096e36dc05af4008d5fc7acfe69fd
session_indy_nxt_2026_6869,event_indy_nxt_2026_5545,Grand Prix at Road America Race 1,series_indy_nxt,INDY NXT,2026,practice,4,0,0,0,1,3,0,dry,,,media_narrative_context:3; modeled_weather_context:1,d4d96f43d7e734ba26b0bdefe7d2d3e6ec0096e36dc05af4008d5fc7acfe69fd
session_indy_nxt_2026_6870,event_indy_nxt_2026_5545,Grand Prix at Road America Race 1,series_indy_nxt,INDY NXT,2026,qualifying,5,0,0,0,1,4,0,dry,,,media_narrative_context:4; modeled_weather_context:1,d4d96f43d7e734ba26b0bdefe7d2d3e6ec0096e36dc05af4008d5fc7acfe69fd
session_indy_nxt_2026_6871,event_indy_nxt_2026_5545,Grand Prix at Road America Race 1,series_indy_nxt,INDY NXT,2026,qualifying,4,0,0,0,1,3,0,dry,,,media_narrative_context:3; modeled_weather_context:1,d4d96f43d7e734ba26b0bdefe7d2d3e6ec0096e36dc05af4008d5fc7acfe69fd
session_indy_nxt_2026_6872,event_indy_nxt_2026_5545,Grand Prix at Road America Race 1,series_indy_nxt,INDY NXT,2026,qualifying,3,0,0,0,1,2,0,wet,,,media_narrative_context:2; modeled_weather_context:1,d4d96f43d7e734ba26b0bdefe7d2d3e6ec0096e36dc05af4008d5fc7acfe69fd
session_indy_nxt_2026_6873,event_indy_nxt_2026_5537,Grand Prix at Road America Race 2,series_indy_nxt,INDY NXT,2026,qualifying,5,0,0,0,1,4,0,dry,,,media_narrative_context:4; modeled_weather_context:1,d4d96f43d7e734ba26b0bdefe7d2d3e6ec0096e36dc05af4008d5fc7acfe69fd
session_indy_nxt_2026_6874,event_indy_nxt_2026_5537,Grand Prix at Road America Race 2,series_indy_nxt,INDY NXT,2026,qualifying,5,0,0,0,1,4,0,dry,,,media_narrative_context:4; modeled_weather_context:1,d4d96f43d7e734ba26b0bdefe7d2d3e6ec0096e36dc05af4008d5fc7acfe69fd
session_indy_nxt_2026_6875,event_indy_nxt_2026_5537,Grand Prix at Road America Race 2,series_indy_nxt,INDY NXT,2026,qualifying,3,0,0,0,1,2,0,wet,,,media_narrative_context:2; modeled_weather_context:1,d4d96f43d7e734ba26b0bdefe7d2d3e6ec0096e36dc05af4008d5fc7acfe69fd
session_indy_nxt_2026_6891,event_indy_nxt_2026_5544,Grand Prix at Mid-Ohio Race 1,series_indy_nxt,INDY NXT,2026,practice,4,0,0,0,1,3,0,wet,,,media_narrative_context:3; modeled_weather_context:1,d4d96f43d7e734ba26b0bdefe7d2d3e6ec0096e36dc05af4008d5fc7acfe69fd
session_indy_nxt_2026_6892,event_indy_nxt_2026_5544,Grand Prix at Mid-Ohio Race 1,series_indy_nxt,INDY NXT,2026,qualifying,5,0,0,0,1,4,0,wet,,,media_narrative_context:4; modeled_weather_context:1,d4d96f43d7e734ba26b0bdefe7d2d3e6ec0096e36dc05af4008d5fc7acfe69fd
session_indy_nxt_2026_6893,event_indy_nxt_2026_5544,Grand Prix at Mid-Ohio Race 1,series_indy_nxt,INDY NXT,2026,qualifying,5,0,0,0,1,4,0,wet,,,media_narrative_context:4; modeled_weather_context:1,d4d96f43d7e734ba26b0bdefe7d2d3e6ec0096e36dc05af4008d5fc7acfe69fd
session_indy_nxt_2026_6894,event_indy_nxt_2026_5544,Grand Prix at Mid-Ohio Race 1,series_indy_nxt,INDY NXT,2026,qualifying,3,0,0,0,1,2,0,wet,,,media_narrative_context:2; modeled_weather_context:1,d4d96f43d7e734ba26b0bdefe7d2d3e6ec0096e36dc05af4008d5fc7acfe69fd
session_indy_nxt_2026_6895,event_indy_nxt_2026_5543,Grand Prix at Mid-Ohio Race 2,series_indy_nxt,INDY NXT,2026,qualifying,5,0,0,0,1,4,0,wet,,,media_narrative_context:4; modeled_weather_context:1,d4d96f43d7e734ba26b0bdefe7d2d3e6ec0096e36dc05af4008d5fc7acfe69fd
session_indy_nxt_2026_6896,event_indy_nxt_2026_5543,Grand Prix at Mid-Ohio Race 2,series_indy_nxt,INDY NXT,2026,qualifying,5,0,0,0,1,4,0,wet,,,media_narrative_context:4; modeled_weather_context:1,d4d96f43d7e734ba26b0bdefe7d2d3e6ec0096e36dc05af4008d5fc7acfe69fd
session_indy_nxt_2026_6897,event_indy_nxt_2026_5543,Grand Prix at Mid-Ohio Race 2,series_indy_nxt,INDY NXT,2026,qualifying,3,0,0,0,1,2,0,wet,,,media_narrative_context:2; modeled_weather_context:1,d4d96f43d7e734ba26b0bdefe7d2d3e6ec0096e36dc05af4008d5fc7acfe69fd
session_indy_nxt_2026_6898,event_indy_nxt_2026_5547,Grand Prix of Portland,series_indy_nxt,INDY NXT,2026,practice,4,0,0,0,1,3,0,dry,,,media_narrative_context:3; modeled_weather_context:1,d4d96f43d7e734ba26b0bdefe7d2d3e6ec0096e36dc05af4008d5fc7acfe69fd
session_indy_nxt_2026_6899,event_indy_nxt_2026_5547,Grand Prix of Portland,series_indy_nxt,INDY NXT,2026,practice,5,0,0,0,1,4,0,dry,,,media_narrative_context:4; modeled_weather_context:1,d4d96f43d7e734ba26b0bdefe7d2d3e6ec0096e36dc05af4008d5fc7acfe69fd
session_indy_nxt_2026_6900,event_indy_nxt_2026_5547,Grand Prix of Portland,series_indy_nxt,INDY NXT,2026,qualifying,5,0,0,0,1,4,0,dry,,,media_narrative_context:4; modeled_weather_context:1,d4d96f43d7e734ba26b0bdefe7d2d3e6ec0096e36dc05af4008d5fc7acfe69fd
session_indy_nxt_2026_6901,event_indy_nxt_2026_5547,Grand Prix of Portland,series_indy_nxt,INDY NXT,2026,qualifying,5,0,0,0,1,4,0,dry,,,media_narrative_context:4; modeled_weather_context:1,d4d96f43d7e734ba26b0bdefe7d2d3e6ec0096e36dc05af4008d5fc7acfe69fd
session_indy_nxt_2026_6902,event_indy_nxt_2026_5547,Grand Prix of Portland,series_indy_nxt,INDY NXT,2026,qualifying,3,0,0,0,1,2,0,dry,,,media_narrative_context:2; modeled_weather_context:1,d4d96f43d7e734ba26b0bdefe7d2d3e6ec0096e36dc05af4008d5fc7acfe69fd
session_indy_nxt_2026_6923,event_indy_nxt_2026_5538,Music City Grand Prix,series_indy_nxt,INDY NXT,2026,qualifying,5,0,0,0,1,4,0,dry,,,media_narrative_context:4; modeled_weather_context:1,d4d96f43d7e734ba26b0bdefe7d2d3e6ec0096e36dc05af4008d5fc7acfe69fd
session_indy_nxt_2026_6924,event_indy_nxt_2026_5538,Music City Grand Prix,series_indy_nxt,INDY NXT,2026,practice,5,0,0,0,1,4,0,wet,,,media_narrative_context:4; modeled_weather_context:1,d4d96f43d7e734ba26b0bdefe7d2d3e6ec0096e36dc05af4008d5fc7acfe69fd
session_indy_nxt_2026_6934,event_indy_nxt_2026_5540,INDY NXT by Firestone at Milwaukee Mile,series_indy_nxt,INDY NXT,2026,practice,4,0,0,0,1,3,0,dry,,,media_narrative_context:3; modeled_weather_context:1,d4d96f43d7e734ba26b0bdefe7d2d3e6ec0096e36dc05af4008d5fc7acfe69fd
session_indy_nxt_2026_6935,event_indy_nxt_2026_5540,INDY NXT by Firestone at Milwaukee Mile,series_indy_nxt,INDY NXT,2026,qualifying,5,0,0,0,1,4,0,dry,,,media_narrative_context:4; modeled_weather_context:1,d4d96f43d7e734ba26b0bdefe7d2d3e6ec0096e36dc05af4008d5fc7acfe69fd
session_indy_nxt_2026_6947,event_indy_nxt_2026_5542,Grand Prix of Monterey Race 1,series_indy_nxt,INDY NXT,2026,practice,4,0,0,0,1,3,0,dry,,,media_narrative_context:3; modeled_weather_context:1,d4d96f43d7e734ba26b0bdefe7d2d3e6ec0096e36dc05af4008d5fc7acfe69fd
session_indy_nxt_2026_6948,event_indy_nxt_2026_5542,Grand Prix of Monterey Race 1,series_indy_nxt,INDY NXT,2026,practice,5,0,0,0,1,4,0,dry,,,media_narrative_context:4; modeled_weather_context:1,d4d96f43d7e734ba26b0bdefe7d2d3e6ec0096e36dc05af4008d5fc7acfe69fd
session_indy_nxt_2026_6949,event_indy_nxt_2026_5542,Grand Prix of Monterey Race 1,series_indy_nxt,INDY NXT,2026,qualifying,5,0,0,0,1,4,0,dry,,,media_narrative_context:4; modeled_weather_context:1,d4d96f43d7e734ba26b0bdefe7d2d3e6ec0096e36dc05af4008d5fc7acfe69fd
session_indy_nxt_2026_6950,event_indy_nxt_2026_5542,Grand Prix of Monterey Race 1,series_indy_nxt,INDY NXT,2026,qualifying,5,0,0,0,1,4,0,dry,,,media_narrative_context:4; modeled_weather_context:1,d4d96f43d7e734ba26b0bdefe7d2d3e6ec0096e36dc05af4008d5fc7acfe69fd
session_indy_nxt_2026_6951,event_indy_nxt_2026_5542,Grand Prix of Monterey Race 1,series_indy_nxt,INDY NXT,2026,qualifying,2,0,0,0,1,1,0,dry,,,media_narrative_context:1; modeled_weather_context:1,d4d96f43d7e734ba26b0bdefe7d2d3e6ec0096e36dc05af4008d5fc7acfe69fd
session_indy_nxt_2026_6952,event_indy_nxt_2026_5541,Grand Prix of Monterey Race 2,series_indy_nxt,INDY NXT,2026,qualifying,5,0,0,0,1,4,0,dry,,,media_narrative_context:4; modeled_weather_context:1,d4d96f43d7e734ba26b0bdefe7d2d3e6ec0096e36dc05af4008d5fc7acfe69fd
session_indy_nxt_2026_6953,event_indy_nxt_2026_5541,Grand Prix of Monterey Race 2,series_indy_nxt,INDY NXT,2026,qualifying,5,0,0,0,1,4,0,dry,,,media_narrative_context:4; modeled_weather_context:1,d4d96f43d7e734ba26b0bdefe7d2d3e6ec0096e36dc05af4008d5fc7acfe69fd
session_indy_nxt_2026_6954,event_indy_nxt_2026_5541,Grand Prix of Monterey Race 2,series_indy_nxt,INDY NXT,2026,qualifying,2,0,0,0,1,1,0,dry,,,media_narrative_context:1; modeled_weather_context:1,d4d96f43d7e734ba26b0bdefe7d2d3e6ec0096e36dc05af4008d5fc7acfe69fd
