weatherId,seriesId,seriesName,seasonYear,eventId,eventName,sessionId,sessionType,sessionName,trackId,trackName,observedAt,wetDry,trackCondition,ambientConditionRaw,ambientTempC,trackTempC,precipitationMm,windSpeedKph,source,weatherSourceType,confidence,timeConfidence,locationConfidence,timeWindowStart,timeWindowEnd,timeWindowReason,joinNotes,provenanceRefCount,sourceState,sourceHash
weather_formula_ford_2020_festival_grand_final_race_21_official_conditions,series_formula_ford,Formula Ford,2020,event_formula_ford_2020_formula_ford_festival,BRSCC Formula Ford Festival 2020,session_formula_ford_2020_festival_grand_final_race_21,race,GRAND FINAL (RACE 21),track_brands_hatch_indy,Brands Hatch Indy,2020-10-25T15:39:00,drying,drying,Bright,,,,,TSL official classification weather/track line,series_report,official,high,track_exact,2020-10-25T15:39:00,2020-10-25T15:39:00,exact_session_report,Official TSL classification weather/track condition. Coordinates identify the circuit and should be hardened by the track metadata lane.,1,official_weather_context,5d66d442aa62ff829f41a78a998f82218eacb1e92cf10834dc3b4316d03ba7cb
weather_formula_ford_2020_festival_heat_1_race_4_official_conditions,series_formula_ford,Formula Ford,2020,event_formula_ford_2020_formula_ford_festival,BRSCC Formula Ford Festival 2020,session_formula_ford_2020_festival_heat_1_race_4,heat,HEAT 1 (RACE 4),track_brands_hatch_indy,Brands Hatch Indy,2020-10-24T14:37:00,damp,damp,Drizzle,,,,,TSL official classification weather/track line,series_report,official,high,track_exact,2020-10-24T14:37:00,2020-10-24T14:37:00,exact_session_report,Official TSL classification weather/track condition. Coordinates identify the circuit and should be hardened by the track metadata lane.,1,official_weather_context,5d66d442aa62ff829f41a78a998f82218eacb1e92cf10834dc3b4316d03ba7cb
weather_formula_ford_2020_festival_heat_2_race_5_official_conditions,series_formula_ford,Formula Ford,2020,event_formula_ford_2020_formula_ford_festival,BRSCC Formula Ford Festival 2020,session_formula_ford_2020_festival_heat_2_race_5,heat,HEAT 2 (RACE 5),track_brands_hatch_indy,Brands Hatch Indy,2020-10-24T15:02:00,damp,damp,Drizzle,,,,,TSL official classification weather/track line,series_report,official,high,track_exact,2020-10-24T15:02:00,2020-10-24T15:02:00,exact_session_report,Official TSL classification weather/track condition. Coordinates identify the circuit and should be hardened by the track metadata lane.,1,official_weather_context,5d66d442aa62ff829f41a78a998f82218eacb1e92cf10834dc3b4316d03ba7cb
weather_formula_ford_2020_festival_heat_3_race_6_official_conditions,series_formula_ford,Formula Ford,2020,event_formula_ford_2020_formula_ford_festival,BRSCC Formula Ford Festival 2020,session_formula_ford_2020_festival_heat_3_race_6,heat,HEAT 3 (RACE 6),track_brands_hatch_indy,Brands Hatch Indy,2020-10-24T15:30:00,damp,damp,Drizzle,,,,,TSL official classification weather/track line,series_report,official,high,track_exact,2020-10-24T15:30:00,2020-10-24T15:30:00,exact_session_report,Official TSL classification weather/track condition. Coordinates identify the circuit and should be hardened by the track metadata lane.,1,official_weather_context,5d66d442aa62ff829f41a78a998f82218eacb1e92cf10834dc3b4316d03ba7cb
weather_formula_ford_2020_festival_historic_final_race_17_official_conditions,series_formula_ford,Formula Ford,2020,event_formula_ford_2020_formula_ford_festival,BRSCC Formula Ford Festival 2020,session_formula_ford_2020_festival_historic_final_race_17,race,HISTORIC FINAL - RACE 17,track_brands_hatch_indy,Brands Hatch Indy,2020-10-25T13:47:00,dry,dry,Cloudy,,,,,TSL official classification weather/track line,series_report,official,high,track_exact,2020-10-25T13:47:00,2020-10-25T13:47:00,exact_session_report,Official TSL classification weather/track condition. Coordinates identify the circuit and should be hardened by the track metadata lane.,1,official_weather_context,5d66d442aa62ff829f41a78a998f82218eacb1e92cf10834dc3b4316d03ba7cb
weather_formula_ford_2020_festival_last_chance_race_race_19_official_conditions,series_formula_ford,Formula Ford,2020,event_formula_ford_2020_formula_ford_festival,BRSCC Formula Ford Festival 2020,session_formula_ford_2020_festival_last_chance_race_race_19,race,LAST CHANCE RACE (RACE 19),track_brands_hatch_indy,Brands Hatch Indy,2020-10-25T14:45:00,damp,damp,Cloudy,,,,,TSL official classification weather/track line,series_report,official,high,track_exact,2020-10-25T14:45:00,2020-10-25T14:45:00,exact_session_report,Official TSL classification weather/track condition. Coordinates identify the circuit and should be hardened by the track metadata lane.,1,official_weather_context,5d66d442aa62ff829f41a78a998f82218eacb1e92cf10834dc3b4316d03ba7cb
weather_formula_ford_2020_festival_qualifying_heat_1_race_4_official_conditions,series_formula_ford,Formula Ford,2020,event_formula_ford_2020_formula_ford_festival,BRSCC Formula Ford Festival 2020,session_formula_ford_2020_festival_qualifying_heat_1_race_4,qualifying,QUALIFYING - HEAT 1 (RACE 4),track_brands_hatch_indy,Brands Hatch Indy,2020-10-24T09:50:00,dry,dry,Cloudy,,,,,TSL official classification weather/track line,series_report,official,high,track_exact,2020-10-24T09:50:00,2020-10-24T09:50:00,exact_session_report,Official TSL classification weather/track condition. Coordinates identify the circuit and should be hardened by the track metadata lane.,1,official_weather_context,5d66d442aa62ff829f41a78a998f82218eacb1e92cf10834dc3b4316d03ba7cb
weather_formula_ford_2020_festival_qualifying_heat_2_race_5_official_conditions,series_formula_ford,Formula Ford,2020,event_formula_ford_2020_formula_ford_festival,BRSCC Formula Ford Festival 2020,session_formula_ford_2020_festival_qualifying_heat_2_race_5,qualifying,QUALIFYING - HEAT 2 (RACE 5),track_brands_hatch_indy,Brands Hatch Indy,2020-10-24T10:34:00,dry,dry,Cloudy,,,,,TSL official classification weather/track line,series_report,official,high,track_exact,2020-10-24T10:34:00,2020-10-24T10:34:00,exact_session_report,Official TSL classification weather/track condition. Coordinates identify the circuit and should be hardened by the track metadata lane.,1,official_weather_context,5d66d442aa62ff829f41a78a998f82218eacb1e92cf10834dc3b4316d03ba7cb
weather_formula_ford_2020_festival_qualifying_heat_3_race_6_official_conditions,series_formula_ford,Formula Ford,2020,event_formula_ford_2020_formula_ford_festival,BRSCC Formula Ford Festival 2020,session_formula_ford_2020_festival_qualifying_heat_3_race_6,qualifying,QUALIFYING - HEAT 3 (RACE 6),track_brands_hatch_indy,Brands Hatch Indy,2020-10-24T11:33:00,dry,dry,Cloudy,,,,,TSL official classification weather/track line,series_report,official,high,track_exact,2020-10-24T11:33:00,2020-10-24T11:33:00,exact_session_report,Official TSL classification weather/track condition. Coordinates identify the circuit and should be hardened by the track metadata lane.,1,official_weather_context,5d66d442aa62ff829f41a78a998f82218eacb1e92cf10834dc3b4316d03ba7cb
weather_formula_ford_2020_festival_semi_final_1_race_13_official_conditions,series_formula_ford,Formula Ford,2020,event_formula_ford_2020_formula_ford_festival,BRSCC Formula Ford Festival 2020,session_formula_ford_2020_festival_semi_final_1_race_13,race,SEMI FINAL 1 (RACE 13),track_brands_hatch_indy,Brands Hatch Indy,2020-10-25T11:48:00,wet,wet,Bright,,,,,TSL official classification weather/track line,series_report,official,high,track_exact,2020-10-25T11:48:00,2020-10-25T11:48:00,exact_session_report,Official TSL classification weather/track condition. Coordinates identify the circuit and should be hardened by the track metadata lane.,1,official_weather_context,5d66d442aa62ff829f41a78a998f82218eacb1e92cf10834dc3b4316d03ba7cb
weather_formula_ford_2020_festival_semi_final_2_race_15_official_conditions,series_formula_ford,Formula Ford,2020,event_formula_ford_2020_formula_ford_festival,BRSCC Formula Ford Festival 2020,session_formula_ford_2020_festival_semi_final_2_race_15,race,SEMI FINAL 2 (RACE 15),track_brands_hatch_indy,Brands Hatch Indy,2020-10-25T12:47:00,drying,drying,Bright,,,,,TSL official classification weather/track line,series_report,official,high,track_exact,2020-10-25T12:47:00,2020-10-25T12:47:00,exact_session_report,Official TSL classification weather/track condition. Coordinates identify the circuit and should be hardened by the track metadata lane.,1,official_weather_context,5d66d442aa62ff829f41a78a998f82218eacb1e92cf10834dc3b4316d03ba7cb
weather_formula_ford_2020_national_brands_hatch_qualifying_race_2_official_conditions,series_formula_ford,Formula Ford,2020,event_formula_ford_2020_national_brands_hatch,BRSCC National FF1600 2020 - Brands Hatch,session_formula_ford_2020_national_brands_hatch_qualifying_race_2,qualifying,QUALIFYING - RACE 2,track_brands_hatch_indy,Brands Hatch Indy,2020-09-26T09:21:00,dry,dry,Sunny,,,,,TSL official classification weather/track line,series_report,official,high,track_exact,2020-09-26T09:21:00,2020-09-26T09:21:00,exact_session_report,Official TSL classification weather/track condition. Coordinates identify the circuit and should be hardened by the track metadata lane.,1,official_weather_context,5d66d442aa62ff829f41a78a998f82218eacb1e92cf10834dc3b4316d03ba7cb
weather_formula_ford_2020_national_brands_hatch_race_11_official_conditions,series_formula_ford,Formula Ford,2020,event_formula_ford_2020_national_brands_hatch,BRSCC National FF1600 2020 - Brands Hatch,session_formula_ford_2020_national_brands_hatch_race_11,race,RACE 11,track_brands_hatch_indy,Brands Hatch Indy,2020-09-27T11:45:00,dry,dry,Cloudy,,,,,TSL official classification weather/track line,series_report,official,high,track_exact,2020-09-27T11:45:00,2020-09-27T11:45:00,exact_session_report,Official TSL classification weather/track condition. Coordinates identify the circuit and should be hardened by the track metadata lane.,1,official_weather_context,5d66d442aa62ff829f41a78a998f82218eacb1e92cf10834dc3b4316d03ba7cb
weather_formula_ford_2020_national_brands_hatch_race_18_official_conditions,series_formula_ford,Formula Ford,2020,event_formula_ford_2020_national_brands_hatch,BRSCC National FF1600 2020 - Brands Hatch,session_formula_ford_2020_national_brands_hatch_race_18,race,RACE 18,track_brands_hatch_indy,Brands Hatch Indy,2020-09-27T16:45:00,dry,dry,Cloudy,,,,,TSL official classification weather/track line,series_report,official,high,track_exact,2020-09-27T16:45:00,2020-09-27T16:45:00,exact_session_report,Official TSL classification weather/track condition. Coordinates identify the circuit and should be hardened by the track metadata lane.,1,official_weather_context,5d66d442aa62ff829f41a78a998f82218eacb1e92cf10834dc3b4316d03ba7cb
weather_formula_ford_2020_national_brands_hatch_race_2_official_conditions,series_formula_ford,Formula Ford,2020,event_formula_ford_2020_national_brands_hatch,BRSCC National FF1600 2020 - Brands Hatch,session_formula_ford_2020_national_brands_hatch_race_2,race,RACE 2,track_brands_hatch_indy,Brands Hatch Indy,2020-09-26T14:03:00,dry,dry,Cloudy,,,,,TSL official classification weather/track line,series_report,official,high,track_exact,2020-09-26T14:03:00,2020-09-26T14:03:00,exact_session_report,Official TSL classification weather/track condition. Coordinates identify the circuit and should be hardened by the track metadata lane.,1,official_weather_context,5d66d442aa62ff829f41a78a998f82218eacb1e92cf10834dc3b4316d03ba7cb
weather_formula_ford_2020_national_oulton_park_qualifying_race_1_official_conditions,series_formula_ford,Formula Ford,2020,event_formula_ford_2020_national_oulton_park,BRSCC National FF1600 2020 - Oulton Park,session_formula_ford_2020_national_oulton_park_qualifying_race_1,qualifying,QUALIFYING - RACE 1,track_oulton_park_international,Oulton Park International,2020-07-18T08:54:00,dry,dry,Cloudy,,,,,TSL official classification weather/track line,series_report,official,high,track_exact,2020-07-18T08:54:00,2020-07-18T08:54:00,exact_session_report,Official TSL classification weather/track condition. Coordinates identify the circuit and should be hardened by the track metadata lane.,1,official_weather_context,5d66d442aa62ff829f41a78a998f82218eacb1e92cf10834dc3b4316d03ba7cb
weather_formula_ford_2020_national_oulton_park_race_1_official_conditions,series_formula_ford,Formula Ford,2020,event_formula_ford_2020_national_oulton_park,BRSCC National FF1600 2020 - Oulton Park,session_formula_ford_2020_national_oulton_park_race_1,race,RACE 1,track_oulton_park_international,Oulton Park International,2020-07-18T11:35:00,wet,wet,Rain,,,,,TSL official classification weather/track line,series_report,official,high,track_exact,2020-07-18T11:35:00,2020-07-18T11:35:00,exact_session_report,Official TSL classification weather/track condition. Coordinates identify the circuit and should be hardened by the track metadata lane.,1,official_weather_context,5d66d442aa62ff829f41a78a998f82218eacb1e92cf10834dc3b4316d03ba7cb
weather_formula_ford_2020_national_oulton_park_race_8_official_conditions,series_formula_ford,Formula Ford,2020,event_formula_ford_2020_national_oulton_park,BRSCC National FF1600 2020 - Oulton Park,session_formula_ford_2020_national_oulton_park_race_8,race,RACE 8,track_oulton_park_international,Oulton Park International,2020-07-18T16:08:00,wet,wet,Rain,,,,,TSL official classification weather/track line,series_report,official,high,track_exact,2020-07-18T16:08:00,2020-07-18T16:08:00,exact_session_report,Official TSL classification weather/track condition. Coordinates identify the circuit and should be hardened by the track metadata lane.,1,official_weather_context,5d66d442aa62ff829f41a78a998f82218eacb1e92cf10834dc3b4316d03ba7cb
weather_formula_ford_2020_national_silverstone_qualifying_race_3_official_conditions,series_formula_ford,Formula Ford,2020,event_formula_ford_2020_national_silverstone,BRSCC National FF1600 2020 - Silverstone International,session_formula_ford_2020_national_silverstone_qualifying_race_3,qualifying,QUALIFYING - RACE 3,track_silverstone_international,Silverstone International,2020-10-10T09:56:00,unknown,unknown,,,,,,TSL official classification weather/track line,series_report,official,high,track_exact,2020-10-10T09:56:00,2020-10-10T09:56:00,exact_session_report,Official TSL classification weather/track condition. Coordinates identify the circuit and should be hardened by the track metadata lane.,1,official_weather_context,5d66d442aa62ff829f41a78a998f82218eacb1e92cf10834dc3b4316d03ba7cb
weather_formula_ford_2020_national_silverstone_race_3_official_conditions,series_formula_ford,Formula Ford,2020,event_formula_ford_2020_national_silverstone,BRSCC National FF1600 2020 - Silverstone International,session_formula_ford_2020_national_silverstone_race_3,race,RACE 3,track_silverstone_international,Silverstone International,2020-10-10T14:01:00,wet,wet,Cloudy,,,,,TSL official classification weather/track line,series_report,official,high,track_exact,2020-10-10T14:01:00,2020-10-10T14:01:00,exact_session_report,Official TSL classification weather/track condition. Coordinates identify the circuit and should be hardened by the track metadata lane.,1,official_weather_context,5d66d442aa62ff829f41a78a998f82218eacb1e92cf10834dc3b4316d03ba7cb
weather_formula_ford_2020_national_silverstone_race_7_official_conditions,series_formula_ford,Formula Ford,2020,event_formula_ford_2020_national_silverstone,BRSCC National FF1600 2020 - Silverstone International,session_formula_ford_2020_national_silverstone_race_7,race,RACE 7,track_silverstone_international,Silverstone International,2020-10-10T17:20:00,drying,drying,,,,,,TSL official classification weather/track line,series_report,official,high,track_exact,2020-10-10T17:20:00,2020-10-10T17:20:00,exact_session_report,Official TSL classification weather/track condition. Coordinates identify the circuit and should be hardened by the track metadata lane.,1,official_weather_context,5d66d442aa62ff829f41a78a998f82218eacb1e92cf10834dc3b4316d03ba7cb
weather_formula_ford_2020_champion_brands_qualifying_race_5_official_conditions,series_formula_ford,Formula Ford,2020,event_formula_ford_2020_champion_brands,Champion of Brands 2020,session_formula_ford_2020_champion_brands_qualifying_race_5,qualifying,QUALIFYING - RACE 5,track_brands_hatch_indy,Brands Hatch Indy,2020-09-12T10:34:00,dry,dry,Bright,,,,,TSL official classification weather/track line,series_report,official,high,track_exact,2020-09-12T10:34:00,2020-09-12T10:34:00,exact_session_report,Official TSL classification weather/track condition. Coordinates identify the circuit and should be hardened by the track metadata lane.,1,official_weather_context,5d66d442aa62ff829f41a78a998f82218eacb1e92cf10834dc3b4316d03ba7cb
weather_formula_ford_2020_champion_brands_race_11_official_conditions,series_formula_ford,Formula Ford,2020,event_formula_ford_2020_champion_brands,Champion of Brands 2020,session_formula_ford_2020_champion_brands_race_11,race,RACE 11,track_brands_hatch_indy,Brands Hatch Indy,2020-09-12T17:36:00,dry,dry,Bright,,,,,TSL official classification weather/track line,series_report,official,high,track_exact,2020-09-12T17:36:00,2020-09-12T17:36:00,exact_session_report,Official TSL classification weather/track condition. Coordinates identify the circuit and should be hardened by the track metadata lane.,1,official_weather_context,5d66d442aa62ff829f41a78a998f82218eacb1e92cf10834dc3b4316d03ba7cb
weather_formula_ford_2020_champion_brands_race_5_official_conditions,series_formula_ford,Formula Ford,2020,event_formula_ford_2020_champion_brands,Champion of Brands 2020,session_formula_ford_2020_champion_brands_race_5,race,RACE 5,track_brands_hatch_indy,Brands Hatch Indy,2020-09-12T14:19:00,dry,dry,Bright,,,,,TSL official classification weather/track line,series_report,official,high,track_exact,2020-09-12T14:19:00,2020-09-12T14:19:00,exact_session_report,Official TSL classification weather/track condition. Coordinates identify the circuit and should be hardened by the track metadata lane.,1,official_weather_context,5d66d442aa62ff829f41a78a998f82218eacb1e92cf10834dc3b4316d03ba7cb
weather_formula_ford_2020_champion_cadwell_qualifying_race_2_official_conditions,series_formula_ford,Formula Ford,2020,event_formula_ford_2020_champion_cadwell,The Champion of Cadwell for FF1600 2020,session_formula_ford_2020_champion_cadwell_qualifying_race_2,qualifying,QUALIFYING - RACE 2,track_cadwell_park_full,Cadwell Park,2020-08-22T10:13:00,dry,dry,Cloudy,,,,,TSL official classification weather/track line,series_report,official,high,track_exact,2020-08-22T10:13:00,2020-08-22T10:13:00,exact_session_report,Official TSL classification weather/track condition. Coordinates identify the circuit and should be hardened by the track metadata lane.,1,official_weather_context,5d66d442aa62ff829f41a78a998f82218eacb1e92cf10834dc3b4316d03ba7cb
weather_formula_ford_2020_champion_cadwell_race_2_official_conditions,series_formula_ford,Formula Ford,2020,event_formula_ford_2020_champion_cadwell,The Champion of Cadwell for FF1600 2020,session_formula_ford_2020_champion_cadwell_race_2,race,RACE 2,track_cadwell_park_full,Cadwell Park,2020-08-22T11:38:00,dry,dry,Cloudy,,,,,TSL official classification weather/track line,series_report,official,high,track_exact,2020-08-22T11:38:00,2020-08-22T11:38:00,exact_session_report,Official TSL classification weather/track condition. Coordinates identify the circuit and should be hardened by the track metadata lane.,1,official_weather_context,5d66d442aa62ff829f41a78a998f82218eacb1e92cf10834dc3b4316d03ba7cb
weather_formula_ford_2020_champion_cadwell_race_5_official_conditions,series_formula_ford,Formula Ford,2020,event_formula_ford_2020_champion_cadwell,The Champion of Cadwell for FF1600 2020,session_formula_ford_2020_champion_cadwell_race_5,race,RACE 5,track_cadwell_park_full,Cadwell Park,2020-08-22T14:50:00,dry,dry,Drizzle,,,,,TSL official classification weather/track line,series_report,official,high,track_exact,2020-08-22T14:50:00,2020-08-22T14:50:00,exact_session_report,Official TSL classification weather/track condition. Coordinates identify the circuit and should be hardened by the track metadata lane.,1,official_weather_context,5d66d442aa62ff829f41a78a998f82218eacb1e92cf10834dc3b4316d03ba7cb
weather_formula_ford_2020_wht_grand_final_official_conditions,series_formula_ford,Formula Ford,2020,event_formula_ford_2020_walter_hayes_trophy,Walter Hayes Trophy 2020,session_formula_ford_2020_wht_grand_final,race,GRAND FINAL,track_silverstone_national,Silverstone National,2020-11-01T15:52:00,wet,wet,Overcast,,,,,TSL official classification weather/track line,series_report,official,high,track_exact,2020-11-01T15:52:00,2020-11-01T15:52:00,exact_session_report,Official TSL classification weather/track condition. Coordinates identify the circuit and should be hardened by the track metadata lane.,1,official_weather_context,5d66d442aa62ff829f41a78a998f82218eacb1e92cf10834dc3b4316d03ba7cb
weather_formula_ford_2020_wht_heat_1_official_conditions,series_formula_ford,Formula Ford,2020,event_formula_ford_2020_walter_hayes_trophy,Walter Hayes Trophy 2020,session_formula_ford_2020_wht_heat_1,heat,HEAT 1,track_silverstone_national,Silverstone National,2020-10-31T13:31:00,wet,wet,Rain,,,,,TSL official classification weather/track line,series_report,official,high,track_exact,2020-10-31T13:31:00,2020-10-31T13:31:00,exact_session_report,Official TSL classification weather/track condition. Coordinates identify the circuit and should be hardened by the track metadata lane.,1,official_weather_context,5d66d442aa62ff829f41a78a998f82218eacb1e92cf10834dc3b4316d03ba7cb
weather_formula_ford_2020_wht_heat_1_qualifying_official_conditions,series_formula_ford,Formula Ford,2020,event_formula_ford_2020_walter_hayes_trophy,Walter Hayes Trophy 2020,session_formula_ford_2020_wht_heat_1_qualifying,qualifying,HEAT 1 QUALIFYING,track_silverstone_national,Silverstone National,2020-10-31T09:00:00,damp,damp,Cloudy,,,,,TSL official classification weather/track line,series_report,official,high,track_exact,2020-10-31T09:00:00,2020-10-31T09:00:00,exact_session_report,Official TSL classification weather/track condition. Coordinates identify the circuit and should be hardened by the track metadata lane.,1,official_weather_context,5d66d442aa62ff829f41a78a998f82218eacb1e92cf10834dc3b4316d03ba7cb
weather_formula_ford_2020_wht_heat_2_official_conditions,series_formula_ford,Formula Ford,2020,event_formula_ford_2020_walter_hayes_trophy,Walter Hayes Trophy 2020,session_formula_ford_2020_wht_heat_2,heat,HEAT 2,track_silverstone_national,Silverstone National,2020-10-31T13:54:00,wet,wet,Overcast,,,,,TSL official classification weather/track line,series_report,official,high,track_exact,2020-10-31T13:54:00,2020-10-31T13:54:00,exact_session_report,Official TSL classification weather/track condition. Coordinates identify the circuit and should be hardened by the track metadata lane.,1,official_weather_context,5d66d442aa62ff829f41a78a998f82218eacb1e92cf10834dc3b4316d03ba7cb
weather_formula_ford_2020_wht_heat_2_qualifying_official_conditions,series_formula_ford,Formula Ford,2020,event_formula_ford_2020_walter_hayes_trophy,Walter Hayes Trophy 2020,session_formula_ford_2020_wht_heat_2_qualifying,qualifying,HEAT 2 QUALIFYING,track_silverstone_national,Silverstone National,2020-10-31T09:15:00,damp,damp,Cloudy,,,,,TSL official classification weather/track line,series_report,official,high,track_exact,2020-10-31T09:15:00,2020-10-31T09:15:00,exact_session_report,Official TSL classification weather/track condition. Coordinates identify the circuit and should be hardened by the track metadata lane.,1,official_weather_context,5d66d442aa62ff829f41a78a998f82218eacb1e92cf10834dc3b4316d03ba7cb
weather_formula_ford_2020_wht_heat_3_official_conditions,series_formula_ford,Formula Ford,2020,event_formula_ford_2020_walter_hayes_trophy,Walter Hayes Trophy 2020,session_formula_ford_2020_wht_heat_3,heat,HEAT 3,track_silverstone_national,Silverstone National,2020-10-31T14:13:00,wet,wet,Bright,,,,,TSL official classification weather/track line,series_report,official,high,track_exact,2020-10-31T14:13:00,2020-10-31T14:13:00,exact_session_report,Official TSL classification weather/track condition. Coordinates identify the circuit and should be hardened by the track metadata lane.,1,official_weather_context,5d66d442aa62ff829f41a78a998f82218eacb1e92cf10834dc3b4316d03ba7cb
weather_formula_ford_2020_wht_heat_3_qualifying_official_conditions,series_formula_ford,Formula Ford,2020,event_formula_ford_2020_walter_hayes_trophy,Walter Hayes Trophy 2020,session_formula_ford_2020_wht_heat_3_qualifying,qualifying,HEAT 3 QUALIFYING,track_silverstone_national,Silverstone National,2020-10-31T09:29:00,damp,damp,Cloudy,,,,,TSL official classification weather/track line,series_report,official,high,track_exact,2020-10-31T09:29:00,2020-10-31T09:29:00,exact_session_report,Official TSL classification weather/track condition. Coordinates identify the circuit and should be hardened by the track metadata lane.,1,official_weather_context,5d66d442aa62ff829f41a78a998f82218eacb1e92cf10834dc3b4316d03ba7cb
weather_formula_ford_2020_wht_heat_4_official_conditions,series_formula_ford,Formula Ford,2020,event_formula_ford_2020_walter_hayes_trophy,Walter Hayes Trophy 2020,session_formula_ford_2020_wht_heat_4,heat,HEAT 4,track_silverstone_national,Silverstone National,2020-10-31T14:31:00,wet,wet,Bright,,,,,TSL official classification weather/track line,series_report,official,high,track_exact,2020-10-31T14:31:00,2020-10-31T14:31:00,exact_session_report,Official TSL classification weather/track condition. Coordinates identify the circuit and should be hardened by the track metadata lane.,1,official_weather_context,5d66d442aa62ff829f41a78a998f82218eacb1e92cf10834dc3b4316d03ba7cb
weather_formula_ford_2020_wht_heat_4_qualifying_official_conditions,series_formula_ford,Formula Ford,2020,event_formula_ford_2020_walter_hayes_trophy,Walter Hayes Trophy 2020,session_formula_ford_2020_wht_heat_4_qualifying,qualifying,HEAT 4 QUALIFYING,track_silverstone_national,Silverstone National,2020-10-31T09:43:00,wet,wet,Rain,,,,,TSL official classification weather/track line,series_report,official,high,track_exact,2020-10-31T09:43:00,2020-10-31T09:43:00,exact_session_report,Official TSL classification weather/track condition. Coordinates identify the circuit and should be hardened by the track metadata lane.,1,official_weather_context,5d66d442aa62ff829f41a78a998f82218eacb1e92cf10834dc3b4316d03ba7cb
weather_formula_ford_2020_wht_last_chance_race_official_conditions,series_formula_ford,Formula Ford,2020,event_formula_ford_2020_walter_hayes_trophy,Walter Hayes Trophy 2020,session_formula_ford_2020_wht_last_chance_race,race,LAST CHANCE RACE,track_silverstone_national,Silverstone National,2020-11-01T12:11:00,damp,damp,Cloudy,,,,,TSL official classification weather/track line,series_report,official,high,track_exact,2020-11-01T12:11:00,2020-11-01T12:11:00,exact_session_report,Official TSL classification weather/track condition. Coordinates identify the circuit and should be hardened by the track metadata lane.,1,official_weather_context,5d66d442aa62ff829f41a78a998f82218eacb1e92cf10834dc3b4316d03ba7cb
weather_formula_ford_2020_wht_progression_race_official_conditions,series_formula_ford,Formula Ford,2020,event_formula_ford_2020_walter_hayes_trophy,Walter Hayes Trophy 2020,session_formula_ford_2020_wht_progression_race,race,PROGRESSION RACE,track_silverstone_national,Silverstone National,2020-11-01T09:05:00,wet,wet,Rain,,,,,TSL official classification weather/track line,series_report,official,high,track_exact,2020-11-01T09:05:00,2020-11-01T09:05:00,exact_session_report,Official TSL classification weather/track condition. Coordinates identify the circuit and should be hardened by the track metadata lane.,1,official_weather_context,5d66d442aa62ff829f41a78a998f82218eacb1e92cf10834dc3b4316d03ba7cb
weather_formula_ford_2020_wht_qualifying_race_7_official_conditions,series_formula_ford,Formula Ford,2020,event_formula_ford_2020_walter_hayes_trophy,Walter Hayes Trophy 2020,session_formula_ford_2020_wht_qualifying_race_7,qualifying,QUALIFYING - RACE 7,track_silverstone_national,Silverstone National,2020-10-31T11:50:00,wet,wet,Rain,,,,,TSL official classification weather/track line,series_report,official,high,track_exact,2020-10-31T11:50:00,2020-10-31T11:50:00,exact_session_report,Official TSL classification weather/track condition. Coordinates identify the circuit and should be hardened by the track metadata lane.,1,official_weather_context,5d66d442aa62ff829f41a78a998f82218eacb1e92cf10834dc3b4316d03ba7cb
weather_formula_ford_2020_wht_qualifying_race_8_official_conditions,series_formula_ford,Formula Ford,2020,event_formula_ford_2020_walter_hayes_trophy,Walter Hayes Trophy 2020,session_formula_ford_2020_wht_qualifying_race_8,qualifying,QUALIFYING - RACE 8,track_silverstone_national,Silverstone National,2020-10-31T12:11:00,wet,wet,Rain,,,,,TSL official classification weather/track line,series_report,official,high,track_exact,2020-10-31T12:11:00,2020-10-31T12:11:00,exact_session_report,Official TSL classification weather/track condition. Coordinates identify the circuit and should be hardened by the track metadata lane.,1,official_weather_context,5d66d442aa62ff829f41a78a998f82218eacb1e92cf10834dc3b4316d03ba7cb
weather_formula_ford_2020_wht_race_15_official_conditions,series_formula_ford,Formula Ford,2020,event_formula_ford_2020_walter_hayes_trophy,Walter Hayes Trophy 2020,session_formula_ford_2020_wht_race_15,race,RACE 15,track_silverstone_national,Silverstone National,2020-11-01T14:26:00,damp,damp,Rain,,,,,TSL official classification weather/track line,series_report,official,high,track_exact,2020-11-01T14:26:00,2020-11-01T14:26:00,exact_session_report,Official TSL classification weather/track condition. Coordinates identify the circuit and should be hardened by the track metadata lane.,1,official_weather_context,5d66d442aa62ff829f41a78a998f82218eacb1e92cf10834dc3b4316d03ba7cb
weather_formula_ford_2020_wht_race_16_official_conditions,series_formula_ford,Formula Ford,2020,event_formula_ford_2020_walter_hayes_trophy,Walter Hayes Trophy 2020,session_formula_ford_2020_wht_race_16,race,RACE 16,track_silverstone_national,Silverstone National,2020-11-01T14:50:00,wet,wet,Overcast,,,,,TSL official classification weather/track line,series_report,official,high,track_exact,2020-11-01T14:50:00,2020-11-01T14:50:00,exact_session_report,Official TSL classification weather/track condition. Coordinates identify the circuit and should be hardened by the track metadata lane.,1,official_weather_context,5d66d442aa62ff829f41a78a998f82218eacb1e92cf10834dc3b4316d03ba7cb
weather_formula_ford_2020_wht_race_7_official_conditions,series_formula_ford,Formula Ford,2020,event_formula_ford_2020_walter_hayes_trophy,Walter Hayes Trophy 2020,session_formula_ford_2020_wht_race_7,race,RACE 7,track_silverstone_national,Silverstone National,2020-10-31T16:07:00,damp,damp,Cloudy,,,,,TSL official classification weather/track line,series_report,official,high,track_exact,2020-10-31T16:07:00,2020-10-31T16:07:00,exact_session_report,Official TSL classification weather/track condition. Coordinates identify the circuit and should be hardened by the track metadata lane.,1,official_weather_context,5d66d442aa62ff829f41a78a998f82218eacb1e92cf10834dc3b4316d03ba7cb
weather_formula_ford_2020_wht_race_8_official_conditions,series_formula_ford,Formula Ford,2020,event_formula_ford_2020_walter_hayes_trophy,Walter Hayes Trophy 2020,session_formula_ford_2020_wht_race_8,race,RACE 8,track_silverstone_national,Silverstone National,2020-10-31T16:32:00,damp,damp,Cloudy,,,,,TSL official classification weather/track line,series_report,official,high,track_exact,2020-10-31T16:32:00,2020-10-31T16:32:00,exact_session_report,Official TSL classification weather/track condition. Coordinates identify the circuit and should be hardened by the track metadata lane.,1,official_weather_context,5d66d442aa62ff829f41a78a998f82218eacb1e92cf10834dc3b4316d03ba7cb
weather_formula_ford_2020_wht_semi_final_1_official_conditions,series_formula_ford,Formula Ford,2020,event_formula_ford_2020_walter_hayes_trophy,Walter Hayes Trophy 2020,session_formula_ford_2020_wht_semi_final_1,race,SEMI FINAL 1,track_silverstone_national,Silverstone National,2020-11-01T12:57:00,damp,damp,Bright,,,,,TSL official classification weather/track line,series_report,official,high,track_exact,2020-11-01T12:57:00,2020-11-01T12:57:00,exact_session_report,Official TSL classification weather/track condition. Coordinates identify the circuit and should be hardened by the track metadata lane.,1,official_weather_context,5d66d442aa62ff829f41a78a998f82218eacb1e92cf10834dc3b4316d03ba7cb
weather_formula_ford_2020_wht_semi_final_2_official_conditions,series_formula_ford,Formula Ford,2020,event_formula_ford_2020_walter_hayes_trophy,Walter Hayes Trophy 2020,session_formula_ford_2020_wht_semi_final_2,race,SEMI FINAL 2,track_silverstone_national,Silverstone National,2020-11-01T13:26:00,damp,damp,Showers,,,,,TSL official classification weather/track line,series_report,official,high,track_exact,2020-11-01T13:26:00,2020-11-01T13:26:00,exact_session_report,Official TSL classification weather/track condition. Coordinates identify the circuit and should be hardened by the track metadata lane.,1,official_weather_context,5d66d442aa62ff829f41a78a998f82218eacb1e92cf10834dc3b4316d03ba7cb
weather_gb3_2021_212005_fp1_official_conditions,series_gb3,GB3 Championship,2021,event_gb3_2021_r1_brands_hatch,GB3 2021 Round 1 - Brands Hatch,session_gb3_2021_212005_free_practice_1,practice,Free Practice 1,track_brands_hatch_gp,Brands Hatch GP,2021-05-22T09:00:00,wet,wet,Overcast,,,,,TSL official classification weather/track line,series_report,official,high,track_exact,2021-05-22T09:00:00,2021-05-22T09:00:00,exact_session_report,Official TSL classification weather/track condition. Coordinates identify the circuit from the canonical track metadata row.,1,official_weather_context,5d66d442aa62ff829f41a78a998f82218eacb1e92cf10834dc3b4316d03ba7cb
weather_gb3_2021_212005_qu1_official_conditions,series_gb3,GB3 Championship,2021,event_gb3_2021_r1_brands_hatch,GB3 2021 Round 1 - Brands Hatch,session_gb3_2021_212005_qualifying,qualifying,Qualifying,track_brands_hatch_gp,Brands Hatch GP,2021-05-22T11:49:00,dry,dry,Overcast,,,,,TSL official classification weather/track line,series_report,official,high,track_exact,2021-05-22T11:49:00,2021-05-22T11:49:00,exact_session_report,Official TSL classification weather/track condition. Coordinates identify the circuit from the canonical track metadata row.,1,official_weather_context,5d66d442aa62ff829f41a78a998f82218eacb1e92cf10834dc3b4316d03ba7cb
weather_gb3_2021_212005_qu2_official_conditions,series_gb3,GB3 Championship,2021,event_gb3_2021_r1_brands_hatch,GB3 2021 Round 1 - Brands Hatch,session_gb3_2021_212005_qualifying_2nd_fastest,qualifying,Qualifying 2nd Fastest,track_brands_hatch_gp,Brands Hatch GP,2021-05-22T11:49:00,dry,dry,Overcast,,,,,TSL official classification weather/track line,series_report,official,high,track_exact,2021-05-22T11:49:00,2021-05-22T11:49:00,exact_session_report,Official TSL classification weather/track condition. Coordinates identify the circuit from the canonical track metadata row.,1,official_weather_context,5d66d442aa62ff829f41a78a998f82218eacb1e92cf10834dc3b4316d03ba7cb
weather_gb3_2021_212005_rc1_official_conditions,series_gb3,GB3 Championship,2021,event_gb3_2021_r1_brands_hatch,GB3 2021 Round 1 - Brands Hatch,session_gb3_2021_212005_race_1_result,race,Race 1 Result,track_brands_hatch_gp,Brands Hatch GP,2021-05-22T15:27:00,dry,dry,Overcast,,,,,TSL official classification weather/track line,series_report,official,high,track_exact,2021-05-22T15:27:00,2021-05-22T15:27:00,exact_session_report,Official TSL classification weather/track condition. Coordinates identify the circuit from the canonical track metadata row.,1,official_weather_context,5d66d442aa62ff829f41a78a998f82218eacb1e92cf10834dc3b4316d03ba7cb
weather_gb3_2021_212005_rc2_official_conditions,series_gb3,GB3 Championship,2021,event_gb3_2021_r1_brands_hatch,GB3 2021 Round 1 - Brands Hatch,session_gb3_2021_212005_race_2_result,race,Race 2 Result,track_brands_hatch_gp,Brands Hatch GP,2021-05-23T11:23:00,dry,dry,Overcast,,,,,TSL official classification weather/track line,series_report,official,high,track_exact,2021-05-23T11:23:00,2021-05-23T11:23:00,exact_session_report,Official TSL classification weather/track condition. Coordinates identify the circuit from the canonical track metadata row.,1,official_weather_context,5d66d442aa62ff829f41a78a998f82218eacb1e92cf10834dc3b4316d03ba7cb
weather_gb3_2021_212005_rc3_official_conditions,series_gb3,GB3 Championship,2021,event_gb3_2021_r1_brands_hatch,GB3 2021 Round 1 - Brands Hatch,session_gb3_2021_212005_race_3_result,race,Race 3 Result,track_brands_hatch_gp,Brands Hatch GP,2021-05-23T16:28:00,dry,dry,Overcast,,,,,TSL official classification weather/track line,series_report,official,high,track_exact,2021-05-23T16:28:00,2021-05-23T16:28:00,exact_session_report,Official TSL classification weather/track condition. Coordinates identify the circuit from the canonical track metadata row.,1,official_weather_context,5d66d442aa62ff829f41a78a998f82218eacb1e92cf10834dc3b4316d03ba7cb
weather_gb3_2021_212505_qu1_official_conditions,series_gb3,GB3 Championship,2021,event_gb3_2021_r2_silverstone,GB3 2021 Round 2 - Silverstone,session_gb3_2021_212505_qualifying,qualifying,Qualifying,track_silverstone_gp,Silverstone GP,2021-06-27T11:10:00,dry,dry,Overcast,,,,,TSL official classification weather/track line,series_report,official,high,track_exact,2021-06-27T11:10:00,2021-06-27T11:10:00,exact_session_report,Official TSL classification weather/track condition. Coordinates identify the circuit from the canonical track metadata row.,1,official_weather_context,5d66d442aa62ff829f41a78a998f82218eacb1e92cf10834dc3b4316d03ba7cb
weather_gb3_2021_212505_qu2_official_conditions,series_gb3,GB3 Championship,2021,event_gb3_2021_r2_silverstone,GB3 2021 Round 2 - Silverstone,session_gb3_2021_212505_qualifying_2nd_fastest,qualifying,Qualifying 2nd Fastest,track_silverstone_gp,Silverstone GP,2021-06-27T11:10:00,dry,dry,Overcast,,,,,TSL official classification weather/track line,series_report,official,high,track_exact,2021-06-27T11:10:00,2021-06-27T11:10:00,exact_session_report,Official TSL classification weather/track condition. Coordinates identify the circuit from the canonical track metadata row.,1,official_weather_context,5d66d442aa62ff829f41a78a998f82218eacb1e92cf10834dc3b4316d03ba7cb
weather_gb3_2021_212505_rc1_official_conditions,series_gb3,GB3 Championship,2021,event_gb3_2021_r2_silverstone,GB3 2021 Round 2 - Silverstone,session_gb3_2021_212505_race_1_result,race,Race 1 Result,track_silverstone_gp,Silverstone GP,2021-06-27T15:24:00,dry,dry,Cloudy,,,,,TSL official classification weather/track line,series_report,official,high,track_exact,2021-06-27T15:24:00,2021-06-27T15:24:00,exact_session_report,Official TSL classification weather/track condition. Coordinates identify the circuit from the canonical track metadata row.,1,official_weather_context,5d66d442aa62ff829f41a78a998f82218eacb1e92cf10834dc3b4316d03ba7cb
weather_gb3_2021_212505_rc2_official_conditions,series_gb3,GB3 Championship,2021,event_gb3_2021_r2_silverstone,GB3 2021 Round 2 - Silverstone,session_gb3_2021_212505_race_2_result,race,Race 2 Result,track_silverstone_gp,Silverstone GP,2021-06-27T10:10:00,dry,dry,Overcast,,,,,TSL official classification weather/track line,series_report,official,high,track_exact,2021-06-27T10:10:00,2021-06-27T10:10:00,exact_session_report,Official TSL classification weather/track condition. Coordinates identify the circuit from the canonical track metadata row.,1,official_weather_context,5d66d442aa62ff829f41a78a998f82218eacb1e92cf10834dc3b4316d03ba7cb
weather_gb3_2021_212505_rc3_official_conditions,series_gb3,GB3 Championship,2021,event_gb3_2021_r2_silverstone,GB3 2021 Round 2 - Silverstone,session_gb3_2021_212505_race_3_result,race,Race 3 Result,track_silverstone_gp,Silverstone GP,2021-06-27T16:21:00,dry,dry,Overcast,,,,,TSL official classification weather/track line,series_report,official,high,track_exact,2021-06-27T16:21:00,2021-06-27T16:21:00,exact_session_report,Official TSL classification weather/track condition. Coordinates identify the circuit from the canonical track metadata row.,1,official_weather_context,5d66d442aa62ff829f41a78a998f82218eacb1e92cf10834dc3b4316d03ba7cb
weather_gb3_2021_212705_qu1_official_conditions,series_gb3,GB3 Championship,2021,event_gb3_2021_r3_donington_park,GB3 2021 Round 3 - Donington Park,session_gb3_2021_212705_qualifying,qualifying,Qualifying,track_donington_park_gp,Donington Park GP,2021-07-10T11:00:00,dry,dry,Cloudy,,,,,TSL official classification weather/track line,series_report,official,high,track_exact,2021-07-10T11:00:00,2021-07-10T11:00:00,exact_session_report,Official TSL classification weather/track condition. Coordinates identify the circuit from the canonical track metadata row.,1,official_weather_context,5d66d442aa62ff829f41a78a998f82218eacb1e92cf10834dc3b4316d03ba7cb
weather_gb3_2021_212705_qu2_official_conditions,series_gb3,GB3 Championship,2021,event_gb3_2021_r3_donington_park,GB3 2021 Round 3 - Donington Park,session_gb3_2021_212705_qualifying_2nd_fastest,qualifying,Qualifying 2nd Fastest,track_donington_park_gp,Donington Park GP,2021-07-10T11:00:00,dry,dry,Cloudy,,,,,TSL official classification weather/track line,series_report,official,high,track_exact,2021-07-10T11:00:00,2021-07-10T11:00:00,exact_session_report,Official TSL classification weather/track condition. Coordinates identify the circuit from the canonical track metadata row.,1,official_weather_context,5d66d442aa62ff829f41a78a998f82218eacb1e92cf10834dc3b4316d03ba7cb
weather_gb3_2021_212705_rc1_official_conditions,series_gb3,GB3 Championship,2021,event_gb3_2021_r3_donington_park,GB3 2021 Round 3 - Donington Park,session_gb3_2021_212705_race_1_result,race,Race 1 Result,track_donington_park_gp,Donington Park GP,2021-07-10T14:20:00,dry,dry,Cloudy,,,,,TSL official classification weather/track line,series_report,official,high,track_exact,2021-07-10T14:20:00,2021-07-10T14:20:00,exact_session_report,Official TSL classification weather/track condition. Coordinates identify the circuit from the canonical track metadata row.,1,official_weather_context,5d66d442aa62ff829f41a78a998f82218eacb1e92cf10834dc3b4316d03ba7cb
weather_gb3_2021_212705_rc2_official_conditions,series_gb3,GB3 Championship,2021,event_gb3_2021_r3_donington_park,GB3 2021 Round 3 - Donington Park,session_gb3_2021_212705_race_2_result,race,Race 2 Result,track_donington_park_gp,Donington Park GP,2021-07-11T10:14:00,dry,dry,Cloudy,,,,,TSL official classification weather/track line,series_report,official,high,track_exact,2021-07-11T10:14:00,2021-07-11T10:14:00,exact_session_report,Official TSL classification weather/track condition. Coordinates identify the circuit from the canonical track metadata row.,1,official_weather_context,5d66d442aa62ff829f41a78a998f82218eacb1e92cf10834dc3b4316d03ba7cb
weather_gb3_2021_212705_rc3_official_conditions,series_gb3,GB3 Championship,2021,event_gb3_2021_r3_donington_park,GB3 2021 Round 3 - Donington Park,session_gb3_2021_212705_race_3_result,race,Race 3 Result,track_donington_park_gp,Donington Park GP,2021-07-11T15:47:00,dry,dry,Overcast,,,,,TSL official classification weather/track line,series_report,official,high,track_exact,2021-07-11T15:47:00,2021-07-11T15:47:00,exact_session_report,Official TSL classification weather/track condition. Coordinates identify the circuit from the canonical track metadata row.,1,official_weather_context,5d66d442aa62ff829f41a78a998f82218eacb1e92cf10834dc3b4316d03ba7cb
weather_gb3_2021_212905_fp1_official_conditions,series_gb3,GB3 Championship,2021,event_gb3_2021_r4_spa_francorchamps,GB3 2021 Round 4 - Spa-Francorchamps,session_gb3_2021_212905_free_practice_1,practice,Free Practice 1,track_spa_gp,Spa GP,2021-07-23T10:00:00,dry,dry,Sunny,,,,,TSL official classification weather/track line,series_report,official,high,track_exact,2021-07-23T10:00:00,2021-07-23T10:00:00,exact_session_report,Official TSL classification weather/track condition. Coordinates identify the circuit from the canonical track metadata row.,1,official_weather_context,5d66d442aa62ff829f41a78a998f82218eacb1e92cf10834dc3b4316d03ba7cb
weather_gb3_2021_212905_fp2_official_conditions,series_gb3,GB3 Championship,2021,event_gb3_2021_r4_spa_francorchamps,GB3 2021 Round 4 - Spa-Francorchamps,session_gb3_2021_212905_free_practice_2,practice,Free Practice 2,track_spa_gp,Spa GP,2021-07-23T11:55:00,dry,dry,Sunny,,,,,TSL official classification weather/track line,series_report,official,high,track_exact,2021-07-23T11:55:00,2021-07-23T11:55:00,exact_session_report,Official TSL classification weather/track condition. Coordinates identify the circuit from the canonical track metadata row.,1,official_weather_context,5d66d442aa62ff829f41a78a998f82218eacb1e92cf10834dc3b4316d03ba7cb
weather_gb3_2021_212905_fp3_official_conditions,series_gb3,GB3 Championship,2021,event_gb3_2021_r4_spa_francorchamps,GB3 2021 Round 4 - Spa-Francorchamps,session_gb3_2021_212905_free_practice_3,practice,Free Practice 3,track_spa_gp,Spa GP,2021-07-23T14:00:00,dry,dry,Sunny,,,,,TSL official classification weather/track line,series_report,official,high,track_exact,2021-07-23T14:00:00,2021-07-23T14:00:00,exact_session_report,Official TSL classification weather/track condition. Coordinates identify the circuit from the canonical track metadata row.,1,official_weather_context,5d66d442aa62ff829f41a78a998f82218eacb1e92cf10834dc3b4316d03ba7cb
weather_gb3_2021_212905_qu1_official_conditions,series_gb3,GB3 Championship,2021,event_gb3_2021_r4_spa_francorchamps,GB3 2021 Round 4 - Spa-Francorchamps,session_gb3_2021_212905_qualifying,qualifying,Qualifying,track_spa_gp,Spa GP,2021-07-23T18:15:00,dry,dry,Sunny,,,,,TSL official classification weather/track line,series_report,official,high,track_exact,2021-07-23T18:15:00,2021-07-23T18:15:00,exact_session_report,Official TSL classification weather/track condition. Coordinates identify the circuit from the canonical track metadata row.,1,official_weather_context,5d66d442aa62ff829f41a78a998f82218eacb1e92cf10834dc3b4316d03ba7cb
weather_gb3_2021_212905_qu2_official_conditions,series_gb3,GB3 Championship,2021,event_gb3_2021_r4_spa_francorchamps,GB3 2021 Round 4 - Spa-Francorchamps,session_gb3_2021_212905_qualifying_2nd_fastest,qualifying,Qualifying 2nd Fastest,track_spa_gp,Spa GP,2021-07-23T18:15:00,dry,dry,Sunny,,,,,TSL official classification weather/track line,series_report,official,high,track_exact,2021-07-23T18:15:00,2021-07-23T18:15:00,exact_session_report,Official TSL classification weather/track condition. Coordinates identify the circuit from the canonical track metadata row.,1,official_weather_context,5d66d442aa62ff829f41a78a998f82218eacb1e92cf10834dc3b4316d03ba7cb
weather_gb3_2021_212905_rc1_official_conditions,series_gb3,GB3 Championship,2021,event_gb3_2021_r4_spa_francorchamps,GB3 2021 Round 4 - Spa-Francorchamps,session_gb3_2021_212905_race_1_result,race,Race 1 Result,track_spa_gp,Spa GP,2021-07-24T14:33:00,wet,wet,Overcast,,,,,TSL official classification weather/track line,series_report,official,high,track_exact,2021-07-24T14:33:00,2021-07-24T14:33:00,exact_session_report,Official TSL classification weather/track condition. Coordinates identify the circuit from the canonical track metadata row.,1,official_weather_context,5d66d442aa62ff829f41a78a998f82218eacb1e92cf10834dc3b4316d03ba7cb
weather_gb3_2021_212905_rc2_official_conditions,series_gb3,GB3 Championship,2021,event_gb3_2021_r4_spa_francorchamps,GB3 2021 Round 4 - Spa-Francorchamps,session_gb3_2021_212905_race_2_result,race,Race 2 Result,track_spa_gp,Spa GP,2021-07-24T18:42:00,dry,dry,Overcast,,,,,TSL official classification weather/track line,series_report,official,high,track_exact,2021-07-24T18:42:00,2021-07-24T18:42:00,exact_session_report,Official TSL classification weather/track condition. Coordinates identify the circuit from the canonical track metadata row.,1,official_weather_context,5d66d442aa62ff829f41a78a998f82218eacb1e92cf10834dc3b4316d03ba7cb
weather_gb3_2021_212905_rc3_official_conditions,series_gb3,GB3 Championship,2021,event_gb3_2021_r4_spa_francorchamps,GB3 2021 Round 4 - Spa-Francorchamps,session_gb3_2021_212905_race_3_result,race,Race 3 Result,track_spa_gp,Spa GP,2021-07-25T11:04:00,dry,dry,Sunny,,,,,TSL official classification weather/track line,series_report,official,high,track_exact,2021-07-25T11:04:00,2021-07-25T11:04:00,exact_session_report,Official TSL classification weather/track condition. Coordinates identify the circuit from the canonical track metadata row.,1,official_weather_context,5d66d442aa62ff829f41a78a998f82218eacb1e92cf10834dc3b4316d03ba7cb
weather_gb3_2021_213105_qu1_official_conditions,series_gb3,GB3 Championship,2021,event_gb3_2021_r5_snetterton,GB3 2021 Round 5 - Snetterton,session_gb3_2021_213105_qualifying,qualifying,Qualifying,track_snetterton_300,Snetterton 300,2021-08-07T10:39:00,damp,damp,Rain,,,,,TSL official classification weather/track line,series_report,official,high,track_exact,2021-08-07T10:39:00,2021-08-07T10:39:00,exact_session_report,Official TSL classification weather/track condition. Coordinates identify the circuit from the canonical track metadata row.,1,official_weather_context,5d66d442aa62ff829f41a78a998f82218eacb1e92cf10834dc3b4316d03ba7cb
weather_gb3_2021_213105_qu2_official_conditions,series_gb3,GB3 Championship,2021,event_gb3_2021_r5_snetterton,GB3 2021 Round 5 - Snetterton,session_gb3_2021_213105_qualifying_2nd_fastest,qualifying,Qualifying 2nd Fastest,track_snetterton_300,Snetterton 300,2021-08-07T10:39:00,damp,damp,Rain,,,,,TSL official classification weather/track line,series_report,official,high,track_exact,2021-08-07T10:39:00,2021-08-07T10:39:00,exact_session_report,Official TSL classification weather/track condition. Coordinates identify the circuit from the canonical track metadata row.,1,official_weather_context,5d66d442aa62ff829f41a78a998f82218eacb1e92cf10834dc3b4316d03ba7cb
weather_gb3_2021_213105_rc1_official_conditions,series_gb3,GB3 Championship,2021,event_gb3_2021_r5_snetterton,GB3 2021 Round 5 - Snetterton,session_gb3_2021_213105_race_1_result,race,Race 1 Result,track_snetterton_300,Snetterton 300,2021-08-07T13:48:00,dry,dry,Cloudy,,,,,TSL official classification weather/track line,series_report,official,high,track_exact,2021-08-07T13:48:00,2021-08-07T13:48:00,exact_session_report,Official TSL classification weather/track condition. Coordinates identify the circuit from the canonical track metadata row.,1,official_weather_context,5d66d442aa62ff829f41a78a998f82218eacb1e92cf10834dc3b4316d03ba7cb
weather_gb3_2021_213105_rc2_official_conditions,series_gb3,GB3 Championship,2021,event_gb3_2021_r5_snetterton,GB3 2021 Round 5 - Snetterton,session_gb3_2021_213105_race_2_result,race,Race 2 Result,track_snetterton_300,Snetterton 300,2021-08-08T12:10:00,dry,dry,Cloudy,,,,,TSL official classification weather/track line,series_report,official,high,track_exact,2021-08-08T12:10:00,2021-08-08T12:10:00,exact_session_report,Official TSL classification weather/track condition. Coordinates identify the circuit from the canonical track metadata row.,1,official_weather_context,5d66d442aa62ff829f41a78a998f82218eacb1e92cf10834dc3b4316d03ba7cb
weather_gb3_2021_213105_rc3_official_conditions,series_gb3,GB3 Championship,2021,event_gb3_2021_r5_snetterton,GB3 2021 Round 5 - Snetterton,session_gb3_2021_213105_race_3_result,race,Race 3 Result,track_snetterton_300,Snetterton 300,2021-08-08T14:20:00,dry,dry,Overcast,,,,,TSL official classification weather/track line,series_report,official,high,track_exact,2021-08-08T14:20:00,2021-08-08T14:20:00,exact_session_report,Official TSL classification weather/track condition. Coordinates identify the circuit from the canonical track metadata row.,1,official_weather_context,5d66d442aa62ff829f41a78a998f82218eacb1e92cf10834dc3b4316d03ba7cb
weather_gb3_2021_213605_qu1_official_conditions,series_gb3,GB3 Championship,2021,event_gb3_2021_r6_oulton_park,GB3 2021 Round 6 - Oulton Park,session_gb3_2021_213605_qualifying,qualifying,Qualifying,track_oulton_park_international,Oulton Park International,2021-09-11T11:10:00,dry,dry,Sunny,,,,,TSL official classification weather/track line,series_report,official,high,track_exact,2021-09-11T11:10:00,2021-09-11T11:10:00,exact_session_report,Official TSL classification weather/track condition. Coordinates identify the circuit from the canonical track metadata row.,1,official_weather_context,5d66d442aa62ff829f41a78a998f82218eacb1e92cf10834dc3b4316d03ba7cb
weather_gb3_2021_213605_qu2_official_conditions,series_gb3,GB3 Championship,2021,event_gb3_2021_r6_oulton_park,GB3 2021 Round 6 - Oulton Park,session_gb3_2021_213605_qualifying_2nd_fastest,qualifying,Qualifying 2nd Fastest,track_oulton_park_international,Oulton Park International,2021-09-11T11:10:00,dry,dry,Sunny,,,,,TSL official classification weather/track line,series_report,official,high,track_exact,2021-09-11T11:10:00,2021-09-11T11:10:00,exact_session_report,Official TSL classification weather/track condition. Coordinates identify the circuit from the canonical track metadata row.,1,official_weather_context,5d66d442aa62ff829f41a78a998f82218eacb1e92cf10834dc3b4316d03ba7cb
weather_gb3_2021_213605_rc1_official_conditions,series_gb3,GB3 Championship,2021,event_gb3_2021_r6_oulton_park,GB3 2021 Round 6 - Oulton Park,session_gb3_2021_213605_race_1_result,race,Race 1 Result,track_oulton_park_international,Oulton Park International,2021-09-11T14:24:00,dry,dry,Cloudy,,,,,TSL official classification weather/track line,series_report,official,high,track_exact,2021-09-11T14:24:00,2021-09-11T14:24:00,exact_session_report,Official TSL classification weather/track condition. Coordinates identify the circuit from the canonical track metadata row.,1,official_weather_context,5d66d442aa62ff829f41a78a998f82218eacb1e92cf10834dc3b4316d03ba7cb
weather_gb3_2021_213605_rc2_official_conditions,series_gb3,GB3 Championship,2021,event_gb3_2021_r6_oulton_park,GB3 2021 Round 6 - Oulton Park,session_gb3_2021_213605_race_2_result,race,Race 2 Result,track_oulton_park_international,Oulton Park International,2021-09-12T12:29:00,dry,dry,Overcast,,,,,TSL official classification weather/track line,series_report,official,high,track_exact,2021-09-12T12:29:00,2021-09-12T12:29:00,exact_session_report,Official TSL classification weather/track condition. Coordinates identify the circuit from the canonical track metadata row.,1,official_weather_context,5d66d442aa62ff829f41a78a998f82218eacb1e92cf10834dc3b4316d03ba7cb
weather_gb3_2021_213605_rc3_official_conditions,series_gb3,GB3 Championship,2021,event_gb3_2021_r6_oulton_park,GB3 2021 Round 6 - Oulton Park,session_gb3_2021_213605_race_3_result,race,Race 3 Result,track_oulton_park_international,Oulton Park International,2021-09-12T15:42:00,wet,wet,Rain,,,,,TSL official classification weather/track line,series_report,official,high,track_exact,2021-09-12T15:42:00,2021-09-12T15:42:00,exact_session_report,Official TSL classification weather/track condition. Coordinates identify the circuit from the canonical track metadata row.,1,official_weather_context,5d66d442aa62ff829f41a78a998f82218eacb1e92cf10834dc3b4316d03ba7cb
weather_gb3_2021_214105_qu1_official_conditions,series_gb3,GB3 Championship,2021,event_gb3_2021_r7_donington_park,GB3 2021 Round 7 - Donington Park,session_gb3_2021_214105_qualifying,qualifying,Qualifying,track_donington_park_gp,Donington Park GP,2021-10-16T10:50:00,dry,dry,Overcast,,,,,TSL official classification weather/track line,series_report,official,high,track_exact,2021-10-16T10:50:00,2021-10-16T10:50:00,exact_session_report,Official TSL classification weather/track condition. Coordinates identify the circuit from the canonical track metadata row.,1,official_weather_context,5d66d442aa62ff829f41a78a998f82218eacb1e92cf10834dc3b4316d03ba7cb
weather_gb3_2021_214105_qu2_official_conditions,series_gb3,GB3 Championship,2021,event_gb3_2021_r7_donington_park,GB3 2021 Round 7 - Donington Park,session_gb3_2021_214105_qualifying_2nd_fastest,qualifying,Qualifying 2nd Fastest,track_donington_park_gp,Donington Park GP,2021-10-16T10:50:00,dry,dry,Overcast,,,,,TSL official classification weather/track line,series_report,official,high,track_exact,2021-10-16T10:50:00,2021-10-16T10:50:00,exact_session_report,Official TSL classification weather/track condition. Coordinates identify the circuit from the canonical track metadata row.,1,official_weather_context,5d66d442aa62ff829f41a78a998f82218eacb1e92cf10834dc3b4316d03ba7cb
weather_gb3_2021_214105_rc1_official_conditions,series_gb3,GB3 Championship,2021,event_gb3_2021_r7_donington_park,GB3 2021 Round 7 - Donington Park,session_gb3_2021_214105_race_1_result,race,Race 1 Result,track_donington_park_gp,Donington Park GP,2021-10-16T15:08:00,dry,dry,Cloudy,,,,,TSL official classification weather/track line,series_report,official,high,track_exact,2021-10-16T15:08:00,2021-10-16T15:08:00,exact_session_report,Official TSL classification weather/track condition. Coordinates identify the circuit from the canonical track metadata row.,1,official_weather_context,5d66d442aa62ff829f41a78a998f82218eacb1e92cf10834dc3b4316d03ba7cb
weather_gb3_2021_214105_rc2_official_conditions,series_gb3,GB3 Championship,2021,event_gb3_2021_r7_donington_park,GB3 2021 Round 7 - Donington Park,session_gb3_2021_214105_race_2_result,race,Race 2 Result,track_donington_park_gp,Donington Park GP,2021-10-17T10:03:00,wet,wet,Drizzle,,,,,TSL official classification weather/track line,series_report,official,high,track_exact,2021-10-17T10:03:00,2021-10-17T10:03:00,exact_session_report,Official TSL classification weather/track condition. Coordinates identify the circuit from the canonical track metadata row.,1,official_weather_context,5d66d442aa62ff829f41a78a998f82218eacb1e92cf10834dc3b4316d03ba7cb
weather_gb3_2021_214105_rc3_official_conditions,series_gb3,GB3 Championship,2021,event_gb3_2021_r7_donington_park,GB3 2021 Round 7 - Donington Park,session_gb3_2021_214105_race_3_result,race,Race 3 Result,track_donington_park_gp,Donington Park GP,2021-10-17T16:01:00,dry,dry,Overcast,,,,,TSL official classification weather/track line,series_report,official,high,track_exact,2021-10-17T16:01:00,2021-10-17T16:01:00,exact_session_report,Official TSL classification weather/track condition. Coordinates identify the circuit from the canonical track metadata row.,1,official_weather_context,5d66d442aa62ff829f41a78a998f82218eacb1e92cf10834dc3b4316d03ba7cb
weather_indy_nxt_open_meteo_session_indy_nxt_2024_6326,series_indy_nxt,INDY NXT,2024,event_indy_nxt_2024_5482,Detroit Grand Prix,session_indy_nxt_2024_6326,race,Race,track_streets_of_detroit,Streets of Detroit,2024-06-02T10:00,wet,,light_drizzle,19,,0.1,14,Open-Meteo Historical Weather API hourly archive,grid_reanalysis,modeled_medium,exact_session_hour,track_coordinate,2024-06-02T10:00,2024-06-02T10:00,nearest_open_meteo_hour_to_exact_session_start,Non-official Open-Meteo hourly archive joined to the nearest local hour at track coordinates. Do not treat as official INDY NXT weather or track temperature.,1,modeled_weather_context,5d66d442aa62ff829f41a78a998f82218eacb1e92cf10834dc3b4316d03ba7cb
weather_indy_nxt_open_meteo_session_indy_nxt_2024_6391,series_indy_nxt,INDY NXT,2024,event_indy_nxt_2024_5482,Detroit Grand Prix,session_indy_nxt_2024_6391,practice,Practice 1,track_streets_of_detroit,Streets of Detroit,2024-05-31T14:00,dry,,clear_sky,21.8,,0,5.8,Open-Meteo Historical Weather API hourly archive,grid_reanalysis,modeled_medium,exact_session_hour,track_coordinate,2024-05-31T14:00,2024-05-31T14:00,nearest_open_meteo_hour_to_exact_session_start,Non-official Open-Meteo hourly archive joined to the nearest local hour at track coordinates. Do not treat as official INDY NXT weather or track temperature.,1,modeled_weather_context,5d66d442aa62ff829f41a78a998f82218eacb1e92cf10834dc3b4316d03ba7cb
weather_indy_nxt_open_meteo_session_indy_nxt_2024_6392,series_indy_nxt,INDY NXT,2024,event_indy_nxt_2024_5482,Detroit Grand Prix,session_indy_nxt_2024_6392,practice,Practice 2,track_streets_of_detroit,Streets of Detroit,2024-06-01T08:00,dry,,overcast,16.9,,0,11.2,Open-Meteo Historical Weather API hourly archive,grid_reanalysis,modeled_medium,exact_session_hour,track_coordinate,2024-06-01T08:00,2024-06-01T08:00,nearest_open_meteo_hour_to_exact_session_start,Non-official Open-Meteo hourly archive joined to the nearest local hour at track coordinates. Do not treat as official INDY NXT weather or track temperature.,1,modeled_weather_context,5d66d442aa62ff829f41a78a998f82218eacb1e92cf10834dc3b4316d03ba7cb
weather_indy_nxt_open_meteo_session_indy_nxt_2024_6318,series_indy_nxt,INDY NXT,2024,event_indy_nxt_2024_5474,Grand Prix at Mid-Ohio,session_indy_nxt_2024_6318,race,Race,track_mid_ohio_sports_car_course,Mid-Ohio Sports Car Course,2024-07-07T11:00,dry,,clear_sky,25.1,,0,3.5,Open-Meteo Historical Weather API hourly archive,grid_reanalysis,modeled_medium,exact_session_hour,track_coordinate,2024-07-07T11:00,2024-07-07T11:00,nearest_open_meteo_hour_to_exact_session_start,Non-official Open-Meteo hourly archive joined to the nearest local hour at track coordinates. Do not treat as official INDY NXT weather or track temperature.,1,modeled_weather_context,5d66d442aa62ff829f41a78a998f82218eacb1e92cf10834dc3b4316d03ba7cb
weather_indy_nxt_open_meteo_session_indy_nxt_2024_6426,series_indy_nxt,INDY NXT,2024,event_indy_nxt_2024_5474,Grand Prix at Mid-Ohio,session_indy_nxt_2024_6426,practice,Practice 1,track_mid_ohio_sports_car_course,Mid-Ohio Sports Car Course,2024-07-05T14:00,dry,,overcast,26.9,,0,14.6,Open-Meteo Historical Weather API hourly archive,grid_reanalysis,modeled_medium,exact_session_hour,track_coordinate,2024-07-05T14:00,2024-07-05T14:00,nearest_open_meteo_hour_to_exact_session_start,Non-official Open-Meteo hourly archive joined to the nearest local hour at track coordinates. Do not treat as official INDY NXT weather or track temperature.,1,modeled_weather_context,5d66d442aa62ff829f41a78a998f82218eacb1e92cf10834dc3b4316d03ba7cb
weather_indy_nxt_open_meteo_session_indy_nxt_2024_6427,series_indy_nxt,INDY NXT,2024,event_indy_nxt_2024_5474,Grand Prix at Mid-Ohio,session_indy_nxt_2024_6427,practice,Practice 2,track_mid_ohio_sports_car_course,Mid-Ohio Sports Car Course,2024-07-06T10:00,dry,,mainly_clear,22.4,,0,15.7,Open-Meteo Historical Weather API hourly archive,grid_reanalysis,modeled_medium,exact_session_hour,track_coordinate,2024-07-06T10:00,2024-07-06T10:00,nearest_open_meteo_hour_to_exact_session_start,Non-official Open-Meteo hourly archive joined to the nearest local hour at track coordinates. Do not treat as official INDY NXT weather or track temperature.,1,modeled_weather_context,5d66d442aa62ff829f41a78a998f82218eacb1e92cf10834dc3b4316d03ba7cb
weather_indy_nxt_open_meteo_session_indy_nxt_2024_6316,series_indy_nxt,INDY NXT,2024,event_indy_nxt_2024_5472,Grand Prix at Road America,session_indy_nxt_2024_6316,race,Race,track_road_america,Road America,2024-06-09T12:00,dry,,mainly_clear,21.5,,0,28,Open-Meteo Historical Weather API hourly archive,grid_reanalysis,modeled_medium,exact_session_hour,track_coordinate,2024-06-09T12:00,2024-06-09T12:00,nearest_open_meteo_hour_to_exact_session_start,Non-official Open-Meteo hourly archive joined to the nearest local hour at track coordinates. Do not treat as official INDY NXT weather or track temperature.,1,modeled_weather_context,5d66d442aa62ff829f41a78a998f82218eacb1e92cf10834dc3b4316d03ba7cb
weather_indy_nxt_open_meteo_session_indy_nxt_2024_6402,series_indy_nxt,INDY NXT,2024,event_indy_nxt_2024_5472,Grand Prix at Road America,session_indy_nxt_2024_6402,practice,Practice 1,track_road_america,Road America,2024-06-07T14:00,dry,,partly_cloudy,20.6,,0,26.2,Open-Meteo Historical Weather API hourly archive,grid_reanalysis,modeled_medium,exact_session_hour,track_coordinate,2024-06-07T14:00,2024-06-07T14:00,nearest_open_meteo_hour_to_exact_session_start,Non-official Open-Meteo hourly archive joined to the nearest local hour at track coordinates. Do not treat as official INDY NXT weather or track temperature.,1,modeled_weather_context,5d66d442aa62ff829f41a78a998f82218eacb1e92cf10834dc3b4316d03ba7cb
weather_indy_nxt_open_meteo_session_indy_nxt_2024_6403,series_indy_nxt,INDY NXT,2024,event_indy_nxt_2024_5472,Grand Prix at Road America,session_indy_nxt_2024_6403,practice,Practice 2,track_road_america,Road America,2024-06-08T09:00,dry,,partly_cloudy,16.9,,0,6.6,Open-Meteo Historical Weather API hourly archive,grid_reanalysis,modeled_medium,exact_session_hour,track_coordinate,2024-06-08T09:00,2024-06-08T09:00,nearest_open_meteo_hour_to_exact_session_start,Non-official Open-Meteo hourly archive joined to the nearest local hour at track coordinates. Do not treat as official INDY NXT weather or track temperature.,1,modeled_weather_context,5d66d442aa62ff829f41a78a998f82218eacb1e92cf10834dc3b4316d03ba7cb
weather_indy_nxt_open_meteo_session_indy_nxt_2024_6314,series_indy_nxt,INDY NXT,2024,event_indy_nxt_2024_5470,Grand Prix of Alabama,session_indy_nxt_2024_6314,race,Race,track_barber_motorsports_park,Barber Motorsports Park,2024-04-28T10:00,dry,,overcast,21.4,,0,20.1,Open-Meteo Historical Weather API hourly archive,grid_reanalysis,modeled_medium,exact_session_hour,track_coordinate,2024-04-28T10:00,2024-04-28T10:00,nearest_open_meteo_hour_to_exact_session_start,Non-official Open-Meteo hourly archive joined to the nearest local hour at track coordinates. Do not treat as official INDY NXT weather or track temperature.,1,modeled_weather_context,5d66d442aa62ff829f41a78a998f82218eacb1e92cf10834dc3b4316d03ba7cb
weather_indy_nxt_open_meteo_session_indy_nxt_2024_6354,series_indy_nxt,INDY NXT,2024,event_indy_nxt_2024_5470,Grand Prix of Alabama,session_indy_nxt_2024_6354,practice,Practice 1,track_barber_motorsports_park,Barber Motorsports Park,2024-04-26T14:00,dry,,partly_cloudy,27.7,,0,19.3,Open-Meteo Historical Weather API hourly archive,grid_reanalysis,modeled_medium,exact_session_hour,track_coordinate,2024-04-26T14:00,2024-04-26T14:00,nearest_open_meteo_hour_to_exact_session_start,Non-official Open-Meteo hourly archive joined to the nearest local hour at track coordinates. Do not treat as official INDY NXT weather or track temperature.,1,modeled_weather_context,5d66d442aa62ff829f41a78a998f82218eacb1e92cf10834dc3b4316d03ba7cb
weather_indy_nxt_open_meteo_session_indy_nxt_2024_6355,series_indy_nxt,INDY NXT,2024,event_indy_nxt_2024_5470,Grand Prix of Alabama,session_indy_nxt_2024_6355,practice,Practice 2,track_barber_motorsports_park,Barber Motorsports Park,2024-04-27T10:00,dry,,overcast,21.9,,0,19.4,Open-Meteo Historical Weather API hourly archive,grid_reanalysis,modeled_medium,exact_session_hour,track_coordinate,2024-04-27T10:00,2024-04-27T10:00,nearest_open_meteo_hour_to_exact_session_start,Non-official Open-Meteo hourly archive joined to the nearest local hour at track coordinates. Do not treat as official INDY NXT weather or track temperature.,1,modeled_weather_context,5d66d442aa62ff829f41a78a998f82218eacb1e92cf10834dc3b4316d03ba7cb
weather_indy_nxt_open_meteo_session_indy_nxt_2024_6317,series_indy_nxt,INDY NXT,2024,event_indy_nxt_2024_5473,Grand Prix of Monterey Race 1,session_indy_nxt_2024_6317,race,Race,track_weathertech_raceway_laguna_seca,WeatherTech Raceway Laguna Seca,2024-06-22T12:00,dry,,mainly_clear,22.3,,0,11.2,Open-Meteo Historical Weather API hourly archive,grid_reanalysis,modeled_medium,exact_session_hour,track_coordinate,2024-06-22T12:00,2024-06-22T12:00,nearest_open_meteo_hour_to_exact_session_start,Non-official Open-Meteo hourly archive joined to the nearest local hour at track coordinates. Do not treat as official INDY NXT weather or track temperature.,1,modeled_weather_context,5d66d442aa62ff829f41a78a998f82218eacb1e92cf10834dc3b4316d03ba7cb
weather_indy_nxt_open_meteo_session_indy_nxt_2024_6413,series_indy_nxt,INDY NXT,2024,event_indy_nxt_2024_5473,Grand Prix of Monterey Race 1,session_indy_nxt_2024_6413,practice,Practice 1,track_weathertech_raceway_laguna_seca,WeatherTech Raceway Laguna Seca,2024-06-21T13:00,dry,,partly_cloudy,15.9,,0,13.8,Open-Meteo Historical Weather API hourly archive,grid_reanalysis,modeled_medium,exact_session_hour,track_coordinate,2024-06-21T13:00,2024-06-21T13:00,nearest_open_meteo_hour_to_exact_session_start,Non-official Open-Meteo hourly archive joined to the nearest local hour at track coordinates. Do not treat as official INDY NXT weather or track temperature.,1,modeled_weather_context,5d66d442aa62ff829f41a78a998f82218eacb1e92cf10834dc3b4316d03ba7cb
weather_indy_nxt_open_meteo_session_indy_nxt_2024_6414,series_indy_nxt,INDY NXT,2024,event_indy_nxt_2024_5473,Grand Prix of Monterey Race 1,session_indy_nxt_2024_6414,practice,Practice-2,track_weathertech_raceway_laguna_seca,WeatherTech Raceway Laguna Seca,2024-06-21T16:00,dry,,partly_cloudy,15.1,,0,15.1,Open-Meteo Historical Weather API hourly archive,grid_reanalysis,modeled_medium,exact_session_hour,track_coordinate,2024-06-21T16:00,2024-06-21T16:00,nearest_open_meteo_hour_to_exact_session_start,Non-official Open-Meteo hourly archive joined to the nearest local hour at track coordinates. Do not treat as official INDY NXT weather or track temperature.,1,modeled_weather_context,5d66d442aa62ff829f41a78a998f82218eacb1e92cf10834dc3b4316d03ba7cb
weather_indy_nxt_open_meteo_session_indy_nxt_2024_6327,series_indy_nxt,INDY NXT,2024,event_indy_nxt_2024_5483,Grand Prix of Monterey Race 2,session_indy_nxt_2024_6327,race,Race,track_weathertech_raceway_laguna_seca,WeatherTech Raceway Laguna Seca,2024-06-23T13:00,dry,,clear_sky,20.7,,0,12.9,Open-Meteo Historical Weather API hourly archive,grid_reanalysis,modeled_medium,exact_session_hour,track_coordinate,2024-06-23T13:00,2024-06-23T13:00,nearest_open_meteo_hour_to_exact_session_start,Non-official Open-Meteo hourly archive joined to the nearest local hour at track coordinates. Do not treat as official INDY NXT weather or track temperature.,1,modeled_weather_context,5d66d442aa62ff829f41a78a998f82218eacb1e92cf10834dc3b4316d03ba7cb
weather_indy_nxt_open_meteo_session_indy_nxt_2024_6321,series_indy_nxt,INDY NXT,2024,event_indy_nxt_2024_5477,Grand Prix of Portland,session_indy_nxt_2024_6321,race,Race,track_portland_international_raceway,Portland International Raceway,2024-08-25T10:00,dry,,clear_sky,18.2,,0,4.5,Open-Meteo Historical Weather API hourly archive,grid_reanalysis,modeled_medium,exact_session_hour,track_coordinate,2024-08-25T10:00,2024-08-25T10:00,nearest_open_meteo_hour_to_exact_session_start,Non-official Open-Meteo hourly archive joined to the nearest local hour at track coordinates. Do not treat as official INDY NXT weather or track temperature.,1,modeled_weather_context,5d66d442aa62ff829f41a78a998f82218eacb1e92cf10834dc3b4316d03ba7cb
weather_indy_nxt_open_meteo_session_indy_nxt_2024_6494,series_indy_nxt,INDY NXT,2024,event_indy_nxt_2024_5477,Grand Prix of Portland,session_indy_nxt_2024_6494,practice,Practice 1,track_portland_international_raceway,Portland International Raceway,2024-08-23T14:00,wet,,light_drizzle,18.4,,0.1,6.9,Open-Meteo Historical Weather API hourly archive,grid_reanalysis,modeled_medium,exact_session_hour,track_coordinate,2024-08-23T14:00,2024-08-23T14:00,nearest_open_meteo_hour_to_exact_session_start,Non-official Open-Meteo hourly archive joined to the nearest local hour at track coordinates. Do not treat as official INDY NXT weather or track temperature.,1,modeled_weather_context,5d66d442aa62ff829f41a78a998f82218eacb1e92cf10834dc3b4316d03ba7cb
weather_indy_nxt_open_meteo_session_indy_nxt_2024_6495,series_indy_nxt,INDY NXT,2024,event_indy_nxt_2024_5477,Grand Prix of Portland,session_indy_nxt_2024_6495,practice,Practice 2,track_portland_international_raceway,Portland International Raceway,2024-08-24T11:00,dry,,overcast,17.8,,0,3.8,Open-Meteo Historical Weather API hourly archive,grid_reanalysis,modeled_medium,exact_session_hour,track_coordinate,2024-08-24T11:00,2024-08-24T11:00,nearest_open_meteo_hour_to_exact_session_start,Non-official Open-Meteo hourly archive joined to the nearest local hour at track coordinates. Do not treat as official INDY NXT weather or track temperature.,1,modeled_weather_context,5d66d442aa62ff829f41a78a998f82218eacb1e92cf10834dc3b4316d03ba7cb
weather_indy_nxt_open_meteo_session_indy_nxt_2024_6324,series_indy_nxt,INDY NXT,2024,event_indy_nxt_2024_5480,Grand Prix of St. Petersburg,session_indy_nxt_2024_6324,race,Race,track_streets_of_st_petersburg,Streets of St. Petersburg,2024-03-10T10:00,dry,,mainly_clear,19.9,,0,24.2,Open-Meteo Historical Weather API hourly archive,grid_reanalysis,modeled_medium,exact_session_hour,track_coordinate,2024-03-10T10:00,2024-03-10T10:00,nearest_open_meteo_hour_to_exact_session_start,Non-official Open-Meteo hourly archive joined to the nearest local hour at track coordinates. Do not treat as official INDY NXT weather or track temperature.,1,modeled_weather_context,5d66d442aa62ff829f41a78a998f82218eacb1e92cf10834dc3b4316d03ba7cb
weather_indy_nxt_open_meteo_session_indy_nxt_2024_6328,series_indy_nxt,INDY NXT,2024,event_indy_nxt_2024_5480,Grand Prix of St. Petersburg,session_indy_nxt_2024_6328,practice,Practice 1,track_streets_of_st_petersburg,Streets of St. Petersburg,2024-03-08T14:00,dry,,overcast,26.6,,0,8,Open-Meteo Historical Weather API hourly archive,grid_reanalysis,modeled_medium,exact_session_hour,track_coordinate,2024-03-08T14:00,2024-03-08T14:00,nearest_open_meteo_hour_to_exact_session_start,Non-official Open-Meteo hourly archive joined to the nearest local hour at track coordinates. Do not treat as official INDY NXT weather or track temperature.,1,modeled_weather_context,5d66d442aa62ff829f41a78a998f82218eacb1e92cf10834dc3b4316d03ba7cb
weather_indy_nxt_open_meteo_session_indy_nxt_2024_6329,series_indy_nxt,INDY NXT,2024,event_indy_nxt_2024_5480,Grand Prix of St. Petersburg,session_indy_nxt_2024_6329,practice,Practice 2,track_streets_of_st_petersburg,Streets of St. Petersburg,2024-03-09T08:00,dry,,overcast,22.2,,0,20.1,Open-Meteo Historical Weather API hourly archive,grid_reanalysis,modeled_medium,exact_session_hour,track_coordinate,2024-03-09T08:00,2024-03-09T08:00,nearest_open_meteo_hour_to_exact_session_start,Non-official Open-Meteo hourly archive joined to the nearest local hour at track coordinates. Do not treat as official INDY NXT weather or track temperature.,1,modeled_weather_context,5d66d442aa62ff829f41a78a998f82218eacb1e92cf10834dc3b4316d03ba7cb
weather_indy_nxt_open_meteo_session_indy_nxt_2024_6322,series_indy_nxt,INDY NXT,2024,event_indy_nxt_2024_5478,INDY NXT By Firestone at The Milwaukee Mile,session_indy_nxt_2024_6322,race,Race,track_the_milwaukee_mile,The Milwaukee Mile,2024-08-31T15:00,dry,,clear_sky,28.5,,0,13.4,Open-Meteo Historical Weather API hourly archive,grid_reanalysis,modeled_medium,exact_session_hour,track_coordinate,2024-08-31T15:00,2024-08-31T15:00,nearest_open_meteo_hour_to_exact_session_start,Non-official Open-Meteo hourly archive joined to the nearest local hour at track coordinates. Do not treat as official INDY NXT weather or track temperature.,1,modeled_weather_context,5d66d442aa62ff829f41a78a998f82218eacb1e92cf10834dc3b4316d03ba7cb
weather_indy_nxt_open_meteo_session_indy_nxt_2024_6505,series_indy_nxt,INDY NXT,2024,event_indy_nxt_2024_5478,INDY NXT By Firestone at The Milwaukee Mile,session_indy_nxt_2024_6505,practice,Practice,track_the_milwaukee_mile,The Milwaukee Mile,2024-08-30T14:00,dry,,overcast,27.5,,0,16.8,Open-Meteo Historical Weather API hourly archive,grid_reanalysis,modeled_medium,exact_session_hour,track_coordinate,2024-08-30T14:00,2024-08-30T14:00,nearest_open_meteo_hour_to_exact_session_start,Non-official Open-Meteo hourly archive joined to the nearest local hour at track coordinates. Do not treat as official INDY NXT weather or track temperature.,1,modeled_weather_context,5d66d442aa62ff829f41a78a998f82218eacb1e92cf10834dc3b4316d03ba7cb
weather_indy_nxt_open_meteo_session_indy_nxt_2024_6506,series_indy_nxt,INDY NXT,2024,event_indy_nxt_2024_5478,INDY NXT By Firestone at The Milwaukee Mile,session_indy_nxt_2024_6506,qualifying,Qualifications,track_the_milwaukee_mile,The Milwaukee Mile,2024-08-31T12:00,dry,,clear_sky,26.9,,0,11.6,Open-Meteo Historical Weather API hourly archive,grid_reanalysis,modeled_medium,exact_session_hour,track_coordinate,2024-08-31T12:00,2024-08-31T12:00,nearest_open_meteo_hour_to_exact_session_start,Non-official Open-Meteo hourly archive joined to the nearest local hour at track coordinates. Do not treat as official INDY NXT weather or track temperature.,1,modeled_weather_context,5d66d442aa62ff829f41a78a998f82218eacb1e92cf10834dc3b4316d03ba7cb
weather_indy_nxt_open_meteo_session_indy_nxt_2024_6319,series_indy_nxt,INDY NXT,2024,event_indy_nxt_2024_5475,INDY NXT by Firestone at Iowa Speedway,session_indy_nxt_2024_6319,race,Race,track_iowa_speedway,Iowa Speedway,2024-07-13T13:00,dry,,overcast,30.1,,0,11.7,Open-Meteo Historical Weather API hourly archive,grid_reanalysis,modeled_medium,exact_session_hour,track_coordinate,2024-07-13T13:00,2024-07-13T13:00,nearest_open_meteo_hour_to_exact_session_start,Non-official Open-Meteo hourly archive joined to the nearest local hour at track coordinates. Do not treat as official INDY NXT weather or track temperature.,1,modeled_weather_context,5d66d442aa62ff829f41a78a998f82218eacb1e92cf10834dc3b4316d03ba7cb
weather_indy_nxt_open_meteo_session_indy_nxt_2024_6437,series_indy_nxt,INDY NXT,2024,event_indy_nxt_2024_5475,INDY NXT by Firestone at Iowa Speedway,session_indy_nxt_2024_6437,practice,Practice,track_iowa_speedway,Iowa Speedway,2024-07-12T13:00,dry,,clear_sky,27.9,,0,15.3,Open-Meteo Historical Weather API hourly archive,grid_reanalysis,modeled_medium,exact_session_hour,track_coordinate,2024-07-12T13:00,2024-07-12T13:00,nearest_open_meteo_hour_to_exact_session_start,Non-official Open-Meteo hourly archive joined to the nearest local hour at track coordinates. Do not treat as official INDY NXT weather or track temperature.,1,modeled_weather_context,5d66d442aa62ff829f41a78a998f82218eacb1e92cf10834dc3b4316d03ba7cb
weather_indy_nxt_open_meteo_session_indy_nxt_2024_6438,series_indy_nxt,INDY NXT,2024,event_indy_nxt_2024_5475,INDY NXT by Firestone at Iowa Speedway,session_indy_nxt_2024_6438,qualifying,Qualifications,track_iowa_speedway,Iowa Speedway,2024-07-12T18:00,wet,,moderate_drizzle,28.2,,0.6,15.4,Open-Meteo Historical Weather API hourly archive,grid_reanalysis,modeled_medium,exact_session_hour,track_coordinate,2024-07-12T18:00,2024-07-12T18:00,nearest_open_meteo_hour_to_exact_session_start,Non-official Open-Meteo hourly archive joined to the nearest local hour at track coordinates. Do not treat as official INDY NXT weather or track temperature.,1,modeled_weather_context,5d66d442aa62ff829f41a78a998f82218eacb1e92cf10834dc3b4316d03ba7cb
weather_indy_nxt_open_meteo_session_indy_nxt_2024_6315,series_indy_nxt,INDY NXT,2024,event_indy_nxt_2024_5471,Indianapolis Grand Prix Race 1,session_indy_nxt_2024_6315,race,Race,track_indianapolis_motor_speedway_road_course,Indianapolis Motor Speedway Road Course,2024-05-10T18:00,dry,,overcast,17.5,,0,13.3,Open-Meteo Historical Weather API hourly archive,grid_reanalysis,modeled_medium,exact_session_hour,track_coordinate,2024-05-10T18:00,2024-05-10T18:00,nearest_open_meteo_hour_to_exact_session_start,Non-official Open-Meteo hourly archive joined to the nearest local hour at track coordinates. Do not treat as official INDY NXT weather or track temperature.,1,modeled_weather_context,5d66d442aa62ff829f41a78a998f82218eacb1e92cf10834dc3b4316d03ba7cb
weather_indy_nxt_open_meteo_session_indy_nxt_2024_6365,series_indy_nxt,INDY NXT,2024,event_indy_nxt_2024_5471,Indianapolis Grand Prix Race 1,session_indy_nxt_2024_6365,practice,Practice,track_indianapolis_motor_speedway_road_course,Indianapolis Motor Speedway Road Course,2024-05-10T11:00,dry,,clear_sky,15.6,,0,13.2,Open-Meteo Historical Weather API hourly archive,grid_reanalysis,modeled_medium,exact_session_hour,track_coordinate,2024-05-10T11:00,2024-05-10T11:00,nearest_open_meteo_hour_to_exact_session_start,Non-official Open-Meteo hourly archive joined to the nearest local hour at track coordinates. Do not treat as official INDY NXT weather or track temperature.,1,modeled_weather_context,5d66d442aa62ff829f41a78a998f82218eacb1e92cf10834dc3b4316d03ba7cb
weather_indy_nxt_open_meteo_session_indy_nxt_2024_6325,series_indy_nxt,INDY NXT,2024,event_indy_nxt_2024_5481,Indianapolis Grand Prix Race 2,session_indy_nxt_2024_6325,race,Race,track_indianapolis_motor_speedway_road_course,Indianapolis Motor Speedway Road Course,2024-05-11T13:00,dry,,clear_sky,18.5,,0,26.4,Open-Meteo Historical Weather API hourly archive,grid_reanalysis,modeled_medium,exact_session_hour,track_coordinate,2024-05-11T13:00,2024-05-11T13:00,nearest_open_meteo_hour_to_exact_session_start,Non-official Open-Meteo hourly archive joined to the nearest local hour at track coordinates. Do not treat as official INDY NXT weather or track temperature.,1,modeled_weather_context,5d66d442aa62ff829f41a78a998f82218eacb1e92cf10834dc3b4316d03ba7cb
weather_indy_nxt_open_meteo_session_indy_nxt_2024_6323,series_indy_nxt,INDY NXT,2024,event_indy_nxt_2024_5479,Music City Grand Prix,session_indy_nxt_2024_6323,race,Race,track_nashville_superspeedway,Nashville Superspeedway,2024-09-15T11:00,dry,,mainly_clear,27.6,,0,14.6,Open-Meteo Historical Weather API hourly archive,grid_reanalysis,modeled_medium,exact_session_hour,track_coordinate,2024-09-15T11:00,2024-09-15T11:00,nearest_open_meteo_hour_to_exact_session_start,Non-official Open-Meteo hourly archive joined to the nearest local hour at track coordinates. Do not treat as official INDY NXT weather or track temperature.,1,modeled_weather_context,5d66d442aa62ff829f41a78a998f82218eacb1e92cf10834dc3b4316d03ba7cb
weather_indy_nxt_open_meteo_session_indy_nxt_2024_6488,series_indy_nxt,INDY NXT,2024,event_indy_nxt_2024_5479,Music City Grand Prix,session_indy_nxt_2024_6488,practice,Practice 1,track_nashville_superspeedway,Nashville Superspeedway,2024-09-14T09:00,dry,,overcast,22.3,,0,8.2,Open-Meteo Historical Weather API hourly archive,grid_reanalysis,modeled_medium,exact_session_hour,track_coordinate,2024-09-14T09:00,2024-09-14T09:00,nearest_open_meteo_hour_to_exact_session_start,Non-official Open-Meteo hourly archive joined to the nearest local hour at track coordinates. Do not treat as official INDY NXT weather or track temperature.,1,modeled_weather_context,5d66d442aa62ff829f41a78a998f82218eacb1e92cf10834dc3b4316d03ba7cb
weather_indy_nxt_open_meteo_session_indy_nxt_2024_6489,series_indy_nxt,INDY NXT,2024,event_indy_nxt_2024_5479,Music City Grand Prix,session_indy_nxt_2024_6489,qualifying,Qualifications,track_nashville_superspeedway,Nashville Superspeedway,2024-09-14T15:00,wet,,light_drizzle,23.5,,0.3,4.1,Open-Meteo Historical Weather API hourly archive,grid_reanalysis,modeled_medium,exact_session_hour,track_coordinate,2024-09-14T15:00,2024-09-14T15:00,nearest_open_meteo_hour_to_exact_session_start,Non-official Open-Meteo hourly archive joined to the nearest local hour at track coordinates. Do not treat as official INDY NXT weather or track temperature.,1,modeled_weather_context,5d66d442aa62ff829f41a78a998f82218eacb1e92cf10834dc3b4316d03ba7cb
weather_indy_nxt_open_meteo_session_indy_nxt_2024_6490,series_indy_nxt,INDY NXT,2024,event_indy_nxt_2024_5479,Music City Grand Prix,session_indy_nxt_2024_6490,practice,Practice 2,track_nashville_superspeedway,Nashville Superspeedway,2024-09-14T12:00,dry,,overcast,28.5,,0,10.2,Open-Meteo Historical Weather API hourly archive,grid_reanalysis,modeled_medium,exact_session_hour,track_coordinate,2024-09-14T12:00,2024-09-14T12:00,nearest_open_meteo_hour_to_exact_session_start,Non-official Open-Meteo hourly archive joined to the nearest local hour at track coordinates. Do not treat as official INDY NXT weather or track temperature.,1,modeled_weather_context,5d66d442aa62ff829f41a78a998f82218eacb1e92cf10834dc3b4316d03ba7cb
weather_indy_nxt_open_meteo_session_indy_nxt_2024_6320,series_indy_nxt,INDY NXT,2024,event_indy_nxt_2024_5476,OUTFRONT Showdown,session_indy_nxt_2024_6320,race,Race,track_world_wide_technology_raceway,World Wide Technology Raceway,2024-08-17T15:00,dry,,clear_sky,30.9,,0,22.5,Open-Meteo Historical Weather API hourly archive,grid_reanalysis,modeled_medium,exact_session_hour,track_coordinate,2024-08-17T15:00,2024-08-17T15:00,nearest_open_meteo_hour_to_exact_session_start,Non-official Open-Meteo hourly archive joined to the nearest local hour at track coordinates. Do not treat as official INDY NXT weather or track temperature.,1,modeled_weather_context,5d66d442aa62ff829f41a78a998f82218eacb1e92cf10834dc3b4316d03ba7cb
weather_indy_nxt_open_meteo_session_indy_nxt_2024_6480,series_indy_nxt,INDY NXT,2024,event_indy_nxt_2024_5476,OUTFRONT Showdown,session_indy_nxt_2024_6480,practice,Practice,track_world_wide_technology_raceway,World Wide Technology Raceway,2024-08-16T14:00,dry,,mainly_clear,32,,0,13.7,Open-Meteo Historical Weather API hourly archive,grid_reanalysis,modeled_medium,exact_session_hour,track_coordinate,2024-08-16T14:00,2024-08-16T14:00,nearest_open_meteo_hour_to_exact_session_start,Non-official Open-Meteo hourly archive joined to the nearest local hour at track coordinates. Do not treat as official INDY NXT weather or track temperature.,1,modeled_weather_context,5d66d442aa62ff829f41a78a998f82218eacb1e92cf10834dc3b4316d03ba7cb
weather_indy_nxt_open_meteo_session_indy_nxt_2024_6481,series_indy_nxt,INDY NXT,2024,event_indy_nxt_2024_5476,OUTFRONT Showdown,session_indy_nxt_2024_6481,qualifying,Qualifications,track_world_wide_technology_raceway,World Wide Technology Raceway,2024-08-16T18:00,dry,,mainly_clear,31.2,,0,8,Open-Meteo Historical Weather API hourly archive,grid_reanalysis,modeled_medium,exact_session_hour,track_coordinate,2024-08-16T18:00,2024-08-16T18:00,nearest_open_meteo_hour_to_exact_session_start,Non-official Open-Meteo hourly archive joined to the nearest local hour at track coordinates. Do not treat as official INDY NXT weather or track temperature.,1,modeled_weather_context,5d66d442aa62ff829f41a78a998f82218eacb1e92cf10834dc3b4316d03ba7cb
weather_imsa_2025_daytona_rolex_24_official_conditions,series_imsa_weathertech,IMSA WeatherTech SportsCar Championship,2025,event_imsa_2025_daytona_rolex_24,Rolex 24 at Daytona,session_imsa_2025_daytona_rolex_24_race,race,Race,track_daytona_international_speedway,Daytona International Speedway,2025-01-25T13:40:00,dry,dry,,17.5,34.6,,,IMSA/Al Kamel official race result JSON,series_report,official,high,track_exact,2025-01-25T13:40:00,2025-01-26T13:40:00,exact_session,"Official session report weather/track condition from IMSA/Al Kamel. Coordinates identify the circuit, not a separate weather station.",1,official_weather_context,5d66d442aa62ff829f41a78a998f82218eacb1e92cf10834dc3b4316d03ba7cb
weather_indy_nxt_open_meteo_session_indy_nxt_2025_6455,series_indy_nxt,INDY NXT,2025,event_indy_nxt_2025_5497,Detroit Grand Prix,session_indy_nxt_2025_6455,race,Race,track_streets_of_detroit,Streets of Detroit,2025-06-01T11:00,dry,,clear_sky,16,,0,12.3,Open-Meteo Historical Weather API hourly archive,grid_reanalysis,modeled_medium,exact_session_hour,track_coordinate,2025-06-01T11:00,2025-06-01T11:00,nearest_open_meteo_hour_to_exact_session_start,Non-official Open-Meteo hourly archive joined to the nearest local hour at track coordinates. Do not treat as official INDY NXT weather or track temperature.,1,modeled_weather_context,5d66d442aa62ff829f41a78a998f82218eacb1e92cf10834dc3b4316d03ba7cb
weather_indy_nxt_open_meteo_session_indy_nxt_2025_6639,series_indy_nxt,INDY NXT,2025,event_indy_nxt_2025_5497,Detroit Grand Prix,session_indy_nxt_2025_6639,practice,Practice 1,track_streets_of_detroit,Streets of Detroit,2025-05-30T14:00,dry,,overcast,24.4,,0,11.9,Open-Meteo Historical Weather API hourly archive,grid_reanalysis,modeled_medium,exact_session_hour,track_coordinate,2025-05-30T14:00,2025-05-30T14:00,nearest_open_meteo_hour_to_exact_session_start,Non-official Open-Meteo hourly archive joined to the nearest local hour at track coordinates. Do not treat as official INDY NXT weather or track temperature.,1,modeled_weather_context,5d66d442aa62ff829f41a78a998f82218eacb1e92cf10834dc3b4316d03ba7cb
weather_indy_nxt_open_meteo_session_indy_nxt_2025_6640,series_indy_nxt,INDY NXT,2025,event_indy_nxt_2025_5497,Detroit Grand Prix,session_indy_nxt_2025_6640,practice,Practice 2,track_streets_of_detroit,Streets of Detroit,2025-05-31T08:00,dry,,overcast,10.1,,0,19.5,Open-Meteo Historical Weather API hourly archive,grid_reanalysis,modeled_medium,exact_session_hour,track_coordinate,2025-05-31T08:00,2025-05-31T08:00,nearest_open_meteo_hour_to_exact_session_start,Non-official Open-Meteo hourly archive joined to the nearest local hour at track coordinates. Do not treat as official INDY NXT weather or track temperature.,1,modeled_weather_context,5d66d442aa62ff829f41a78a998f82218eacb1e92cf10834dc3b4316d03ba7cb
weather_indy_nxt_open_meteo_session_indy_nxt_2025_6452,series_indy_nxt,INDY NXT,2025,event_indy_nxt_2025_5494,Grand Prix at Mid-Ohio,session_indy_nxt_2025_6452,race,Race,track_mid_ohio_sports_car_course,Mid-Ohio Sports Car Course,2025-07-06T11:00,dry,,clear_sky,28.1,,0,14.7,Open-Meteo Historical Weather API hourly archive,grid_reanalysis,modeled_medium,exact_session_hour,track_coordinate,2025-07-06T11:00,2025-07-06T11:00,nearest_open_meteo_hour_to_exact_session_start,Non-official Open-Meteo hourly archive joined to the nearest local hour at track coordinates. Do not treat as official INDY NXT weather or track temperature.,1,modeled_weather_context,5d66d442aa62ff829f41a78a998f82218eacb1e92cf10834dc3b4316d03ba7cb
weather_indy_nxt_open_meteo_session_indy_nxt_2025_6679,series_indy_nxt,INDY NXT,2025,event_indy_nxt_2025_5494,Grand Prix at Mid-Ohio,session_indy_nxt_2025_6679,practice,Practice 1,track_mid_ohio_sports_car_course,Mid-Ohio Sports Car Course,2025-07-04T15:00,dry,,mainly_clear,28.8,,0,9.8,Open-Meteo Historical Weather API hourly archive,grid_reanalysis,modeled_medium,exact_session_hour,track_coordinate,2025-07-04T15:00,2025-07-04T15:00,nearest_open_meteo_hour_to_exact_session_start,Non-official Open-Meteo hourly archive joined to the nearest local hour at track coordinates. Do not treat as official INDY NXT weather or track temperature.,1,modeled_weather_context,5d66d442aa62ff829f41a78a998f82218eacb1e92cf10834dc3b4316d03ba7cb
weather_indy_nxt_open_meteo_session_indy_nxt_2025_6680,series_indy_nxt,INDY NXT,2025,event_indy_nxt_2025_5494,Grand Prix at Mid-Ohio,session_indy_nxt_2025_6680,practice,Practice 2,track_mid_ohio_sports_car_course,Mid-Ohio Sports Car Course,2025-07-05T09:00,dry,,clear_sky,25.7,,0,8.6,Open-Meteo Historical Weather API hourly archive,grid_reanalysis,modeled_medium,exact_session_hour,track_coordinate,2025-07-05T09:00,2025-07-05T09:00,nearest_open_meteo_hour_to_exact_session_start,Non-official Open-Meteo hourly archive joined to the nearest local hour at track coordinates. Do not treat as official INDY NXT weather or track temperature.,1,modeled_weather_context,5d66d442aa62ff829f41a78a998f82218eacb1e92cf10834dc3b4316d03ba7cb
weather_indy_nxt_open_meteo_session_indy_nxt_2025_6453,series_indy_nxt,INDY NXT,2025,event_indy_nxt_2025_5495,Grand Prix at Road America,session_indy_nxt_2025_6453,race,Race,track_road_america,Road America,2025-06-22T10:00,dry,,clear_sky,30,,0,22,Open-Meteo Historical Weather API hourly archive,grid_reanalysis,modeled_medium,exact_session_hour,track_coordinate,2025-06-22T10:00,2025-06-22T10:00,nearest_open_meteo_hour_to_exact_session_start,Non-official Open-Meteo hourly archive joined to the nearest local hour at track coordinates. Do not treat as official INDY NXT weather or track temperature.,1,modeled_weather_context,5d66d442aa62ff829f41a78a998f82218eacb1e92cf10834dc3b4316d03ba7cb
weather_indy_nxt_open_meteo_session_indy_nxt_2025_6675,series_indy_nxt,INDY NXT,2025,event_indy_nxt_2025_5495,Grand Prix at Road America,session_indy_nxt_2025_6675,practice,Practice 1,track_road_america,Road America,2025-06-20T15:00,dry,,mainly_clear,26.5,,0,18.9,Open-Meteo Historical Weather API hourly archive,grid_reanalysis,modeled_medium,exact_session_hour,track_coordinate,2025-06-20T15:00,2025-06-20T15:00,nearest_open_meteo_hour_to_exact_session_start,Non-official Open-Meteo hourly archive joined to the nearest local hour at track coordinates. Do not treat as official INDY NXT weather or track temperature.,1,modeled_weather_context,5d66d442aa62ff829f41a78a998f82218eacb1e92cf10834dc3b4316d03ba7cb
weather_indy_nxt_open_meteo_session_indy_nxt_2025_6676,series_indy_nxt,INDY NXT,2025,event_indy_nxt_2025_5495,Grand Prix at Road America,session_indy_nxt_2025_6676,practice,Practice 2,track_road_america,Road America,2025-06-21T09:00,dry,,overcast,27.5,,0,18.2,Open-Meteo Historical Weather API hourly archive,grid_reanalysis,modeled_medium,exact_session_hour,track_coordinate,2025-06-21T09:00,2025-06-21T09:00,nearest_open_meteo_hour_to_exact_session_start,Non-official Open-Meteo hourly archive joined to the nearest local hour at track coordinates. Do not treat as official INDY NXT weather or track temperature.,1,modeled_weather_context,5d66d442aa62ff829f41a78a998f82218eacb1e92cf10834dc3b4316d03ba7cb
weather_indy_nxt_open_meteo_session_indy_nxt_2025_6445,series_indy_nxt,INDY NXT,2025,event_indy_nxt_2025_5487,Grand Prix of Alabama,session_indy_nxt_2025_6445,race,Race,track_barber_motorsports_park,Barber Motorsports Park,2025-05-04T11:00,dry,,mainly_clear,16.9,,0,13.5,Open-Meteo Historical Weather API hourly archive,grid_reanalysis,modeled_medium,exact_session_hour,track_coordinate,2025-05-04T11:00,2025-05-04T11:00,nearest_open_meteo_hour_to_exact_session_start,Non-official Open-Meteo hourly archive joined to the nearest local hour at track coordinates. Do not treat as official INDY NXT weather or track temperature.,1,modeled_weather_context,5d66d442aa62ff829f41a78a998f82218eacb1e92cf10834dc3b4316d03ba7cb
weather_indy_nxt_open_meteo_session_indy_nxt_2025_6611,series_indy_nxt,INDY NXT,2025,event_indy_nxt_2025_5487,Grand Prix of Alabama,session_indy_nxt_2025_6611,practice,Practice 1,track_barber_motorsports_park,Barber Motorsports Park,2025-05-02T14:00,wet,,light_drizzle,23.9,,0.1,9,Open-Meteo Historical Weather API hourly archive,grid_reanalysis,modeled_medium,exact_session_hour,track_coordinate,2025-05-02T14:00,2025-05-02T14:00,nearest_open_meteo_hour_to_exact_session_start,Non-official Open-Meteo hourly archive joined to the nearest local hour at track coordinates. Do not treat as official INDY NXT weather or track temperature.,1,modeled_weather_context,5d66d442aa62ff829f41a78a998f82218eacb1e92cf10834dc3b4316d03ba7cb
weather_indy_nxt_open_meteo_session_indy_nxt_2025_6612,series_indy_nxt,INDY NXT,2025,event_indy_nxt_2025_5487,Grand Prix of Alabama,session_indy_nxt_2025_6612,practice,Practice 2,track_barber_motorsports_park,Barber Motorsports Park,2025-05-03T09:00,wet,,light_drizzle,16.6,,0.3,11.4,Open-Meteo Historical Weather API hourly archive,grid_reanalysis,modeled_medium,exact_session_hour,track_coordinate,2025-05-03T09:00,2025-05-03T09:00,nearest_open_meteo_hour_to_exact_session_start,Non-official Open-Meteo hourly archive joined to the nearest local hour at track coordinates. Do not treat as official INDY NXT weather or track temperature.,1,modeled_weather_context,5d66d442aa62ff829f41a78a998f82218eacb1e92cf10834dc3b4316d03ba7cb
weather_indy_nxt_open_meteo_session_indy_nxt_2025_6442,series_indy_nxt,INDY NXT,2025,event_indy_nxt_2025_5484,Grand Prix of Monterey Race 1,session_indy_nxt_2025_6442,race,Race,track_weathertech_raceway_laguna_seca,WeatherTech Raceway Laguna Seca,2025-07-26T14:00,dry,,overcast,17.5,,0,15.9,Open-Meteo Historical Weather API hourly archive,grid_reanalysis,modeled_medium,exact_session_hour,track_coordinate,2025-07-26T14:00,2025-07-26T14:00,nearest_open_meteo_hour_to_exact_session_start,Non-official Open-Meteo hourly archive joined to the nearest local hour at track coordinates. Do not treat as official INDY NXT weather or track temperature.,1,modeled_weather_context,5d66d442aa62ff829f41a78a998f82218eacb1e92cf10834dc3b4316d03ba7cb
weather_indy_nxt_open_meteo_session_indy_nxt_2025_6707,series_indy_nxt,INDY NXT,2025,event_indy_nxt_2025_5484,Grand Prix of Monterey Race 1,session_indy_nxt_2025_6707,practice,Practice 1,track_weathertech_raceway_laguna_seca,WeatherTech Raceway Laguna Seca,2025-07-25T13:00,dry,,mainly_clear,18.2,,0,14.1,Open-Meteo Historical Weather API hourly archive,grid_reanalysis,modeled_medium,exact_session_hour,track_coordinate,2025-07-25T13:00,2025-07-25T13:00,nearest_open_meteo_hour_to_exact_session_start,Non-official Open-Meteo hourly archive joined to the nearest local hour at track coordinates. Do not treat as official INDY NXT weather or track temperature.,1,modeled_weather_context,5d66d442aa62ff829f41a78a998f82218eacb1e92cf10834dc3b4316d03ba7cb
weather_indy_nxt_open_meteo_session_indy_nxt_2025_6708,series_indy_nxt,INDY NXT,2025,event_indy_nxt_2025_5484,Grand Prix of Monterey Race 1,session_indy_nxt_2025_6708,practice,Practice 2,track_weathertech_raceway_laguna_seca,WeatherTech Raceway Laguna Seca,2025-07-25T16:00,dry,,partly_cloudy,17.7,,0,17.3,Open-Meteo Historical Weather API hourly archive,grid_reanalysis,modeled_medium,exact_session_hour,track_coordinate,2025-07-25T16:00,2025-07-25T16:00,nearest_open_meteo_hour_to_exact_session_start,Non-official Open-Meteo hourly archive joined to the nearest local hour at track coordinates. Do not treat as official INDY NXT weather or track temperature.,1,modeled_weather_context,5d66d442aa62ff829f41a78a998f82218eacb1e92cf10834dc3b4316d03ba7cb
weather_indy_nxt_open_meteo_session_indy_nxt_2025_6450,series_indy_nxt,INDY NXT,2025,event_indy_nxt_2025_5492,Grand Prix of Monterey Race 2,session_indy_nxt_2025_6450,race,Race,track_weathertech_raceway_laguna_seca,WeatherTech Raceway Laguna Seca,2025-07-27T16:00,dry,,mainly_clear,17.5,,0,16.3,Open-Meteo Historical Weather API hourly archive,grid_reanalysis,modeled_medium,exact_session_hour,track_coordinate,2025-07-27T16:00,2025-07-27T16:00,nearest_open_meteo_hour_to_exact_session_start,Non-official Open-Meteo hourly archive joined to the nearest local hour at track coordinates. Do not treat as official INDY NXT weather or track temperature.,1,modeled_weather_context,5d66d442aa62ff829f41a78a998f82218eacb1e92cf10834dc3b4316d03ba7cb
weather_indy_nxt_open_meteo_session_indy_nxt_2025_6449,series_indy_nxt,INDY NXT,2025,event_indy_nxt_2025_5491,Grand Prix of Portland,session_indy_nxt_2025_6449,race,Race,track_portland_international_raceway,Portland International Raceway,2025-08-10T10:00,dry,,clear_sky,23.8,,0,9.4,Open-Meteo Historical Weather API hourly archive,grid_reanalysis,modeled_medium,exact_session_hour,track_coordinate,2025-08-10T10:00,2025-08-10T10:00,nearest_open_meteo_hour_to_exact_session_start,Non-official Open-Meteo hourly archive joined to the nearest local hour at track coordinates. Do not treat as official INDY NXT weather or track temperature.,1,modeled_weather_context,5d66d442aa62ff829f41a78a998f82218eacb1e92cf10834dc3b4316d03ba7cb
weather_indy_nxt_open_meteo_session_indy_nxt_2025_6713,series_indy_nxt,INDY NXT,2025,event_indy_nxt_2025_5491,Grand Prix of Portland,session_indy_nxt_2025_6713,practice,Practice 1,track_portland_international_raceway,Portland International Raceway,2025-08-08T13:00,dry,,clear_sky,21,,0,6.9,Open-Meteo Historical Weather API hourly archive,grid_reanalysis,modeled_medium,exact_session_hour,track_coordinate,2025-08-08T13:00,2025-08-08T13:00,nearest_open_meteo_hour_to_exact_session_start,Non-official Open-Meteo hourly archive joined to the nearest local hour at track coordinates. Do not treat as official INDY NXT weather or track temperature.,1,modeled_weather_context,5d66d442aa62ff829f41a78a998f82218eacb1e92cf10834dc3b4316d03ba7cb
weather_indy_nxt_open_meteo_session_indy_nxt_2025_6714,series_indy_nxt,INDY NXT,2025,event_indy_nxt_2025_5491,Grand Prix of Portland,session_indy_nxt_2025_6714,practice,Practice 2,track_portland_international_raceway,Portland International Raceway,2025-08-09T14:00,dry,,overcast,26.8,,0,13,Open-Meteo Historical Weather API hourly archive,grid_reanalysis,modeled_medium,exact_session_hour,track_coordinate,2025-08-09T14:00,2025-08-09T14:00,nearest_open_meteo_hour_to_exact_session_start,Non-official Open-Meteo hourly archive joined to the nearest local hour at track coordinates. Do not treat as official INDY NXT weather or track temperature.,1,modeled_weather_context,5d66d442aa62ff829f41a78a998f82218eacb1e92cf10834dc3b4316d03ba7cb
weather_indy_nxt_open_meteo_session_indy_nxt_2025_6446,series_indy_nxt,INDY NXT,2025,event_indy_nxt_2025_5488,Grand Prix of St. Petersburg,session_indy_nxt_2025_6446,race,Race,track_streets_of_st_petersburg,Streets of St. Petersburg,2025-03-02T10:00,dry,,clear_sky,18.7,,0,12.3,Open-Meteo Historical Weather API hourly archive,grid_reanalysis,modeled_medium,exact_session_hour,track_coordinate,2025-03-02T10:00,2025-03-02T10:00,nearest_open_meteo_hour_to_exact_session_start,Non-official Open-Meteo hourly archive joined to the nearest local hour at track coordinates. Do not treat as official INDY NXT weather or track temperature.,1,modeled_weather_context,5d66d442aa62ff829f41a78a998f82218eacb1e92cf10834dc3b4316d03ba7cb
weather_indy_nxt_open_meteo_session_indy_nxt_2025_6515,series_indy_nxt,INDY NXT,2025,event_indy_nxt_2025_5488,Grand Prix of St. Petersburg,session_indy_nxt_2025_6515,practice,Practice 1,track_streets_of_st_petersburg,Streets of St. Petersburg,2025-02-28T14:00,dry,,clear_sky,21.8,,0,5,Open-Meteo Historical Weather API hourly archive,grid_reanalysis,modeled_medium,exact_session_hour,track_coordinate,2025-02-28T14:00,2025-02-28T14:00,nearest_open_meteo_hour_to_exact_session_start,Non-official Open-Meteo hourly archive joined to the nearest local hour at track coordinates. Do not treat as official INDY NXT weather or track temperature.,1,modeled_weather_context,5d66d442aa62ff829f41a78a998f82218eacb1e92cf10834dc3b4316d03ba7cb
weather_indy_nxt_open_meteo_session_indy_nxt_2025_6516,series_indy_nxt,INDY NXT,2025,event_indy_nxt_2025_5488,Grand Prix of St. Petersburg,session_indy_nxt_2025_6516,practice,Practice 2,track_streets_of_st_petersburg,Streets of St. Petersburg,2025-03-01T09:00,dry,,overcast,15.4,,0,7.3,Open-Meteo Historical Weather API hourly archive,grid_reanalysis,modeled_medium,exact_session_hour,track_coordinate,2025-03-01T09:00,2025-03-01T09:00,nearest_open_meteo_hour_to_exact_session_start,Non-official Open-Meteo hourly archive joined to the nearest local hour at track coordinates. Do not treat as official INDY NXT weather or track temperature.,1,modeled_weather_context,5d66d442aa62ff829f41a78a998f82218eacb1e92cf10834dc3b4316d03ba7cb
weather_indy_nxt_open_meteo_session_indy_nxt_2025_6451,series_indy_nxt,INDY NXT,2025,event_indy_nxt_2025_5493,INDY NXT by Firestone at Iowa Speedway,session_indy_nxt_2025_6451,race,Race,track_iowa_speedway,Iowa Speedway,2025-07-12T11:00,dry,,mainly_clear,24.4,,0,12.9,Open-Meteo Historical Weather API hourly archive,grid_reanalysis,modeled_medium,exact_session_hour,track_coordinate,2025-07-12T11:00,2025-07-12T11:00,nearest_open_meteo_hour_to_exact_session_start,Non-official Open-Meteo hourly archive joined to the nearest local hour at track coordinates. Do not treat as official INDY NXT weather or track temperature.,1,modeled_weather_context,5d66d442aa62ff829f41a78a998f82218eacb1e92cf10834dc3b4316d03ba7cb
weather_indy_nxt_open_meteo_session_indy_nxt_2025_6690,series_indy_nxt,INDY NXT,2025,event_indy_nxt_2025_5493,INDY NXT by Firestone at Iowa Speedway,session_indy_nxt_2025_6690,practice,Practice,track_iowa_speedway,Iowa Speedway,2025-07-11T14:00,wet,,slight_rain,24,,1.9,11.5,Open-Meteo Historical Weather API hourly archive,grid_reanalysis,modeled_medium,exact_session_hour,track_coordinate,2025-07-11T14:00,2025-07-11T14:00,nearest_open_meteo_hour_to_exact_session_start,Non-official Open-Meteo hourly archive joined to the nearest local hour at track coordinates. Do not treat as official INDY NXT weather or track temperature.,1,modeled_weather_context,5d66d442aa62ff829f41a78a998f82218eacb1e92cf10834dc3b4316d03ba7cb
weather_indy_nxt_open_meteo_session_indy_nxt_2025_6454,series_indy_nxt,INDY NXT,2025,event_indy_nxt_2025_5496,INDY NXT by Firestone at World Wide Technology Raceway,session_indy_nxt_2025_6454,race,Race,track_world_wide_technology_raceway,World Wide Technology Raceway,2025-06-15T16:00,dry,,overcast,27.2,,0,9.5,Open-Meteo Historical Weather API hourly archive,grid_reanalysis,modeled_medium,exact_session_hour,track_coordinate,2025-06-15T16:00,2025-06-15T16:00,nearest_open_meteo_hour_to_exact_session_start,Non-official Open-Meteo hourly archive joined to the nearest local hour at track coordinates. Do not treat as official INDY NXT weather or track temperature.,1,modeled_weather_context,5d66d442aa62ff829f41a78a998f82218eacb1e92cf10834dc3b4316d03ba7cb
weather_indy_nxt_open_meteo_session_indy_nxt_2025_6599,series_indy_nxt,INDY NXT,2025,event_indy_nxt_2025_5496,INDY NXT by Firestone at World Wide Technology Raceway,session_indy_nxt_2025_6599,qualifying,Qualifications,track_world_wide_technology_raceway,World Wide Technology Raceway,2025-06-14T19:00,wet,,light_drizzle,25.9,,0.1,8.8,Open-Meteo Historical Weather API hourly archive,grid_reanalysis,modeled_medium,exact_session_hour,track_coordinate,2025-06-14T19:00,2025-06-14T19:00,nearest_open_meteo_hour_to_exact_session_start,Non-official Open-Meteo hourly archive joined to the nearest local hour at track coordinates. Do not treat as official INDY NXT weather or track temperature.,1,modeled_weather_context,5d66d442aa62ff829f41a78a998f82218eacb1e92cf10834dc3b4316d03ba7cb
weather_indy_nxt_open_meteo_session_indy_nxt_2025_6667,series_indy_nxt,INDY NXT,2025,event_indy_nxt_2025_5496,INDY NXT by Firestone at World Wide Technology Raceway,session_indy_nxt_2025_6667,practice,Practice,track_world_wide_technology_raceway,World Wide Technology Raceway,2025-06-14T15:00,wet,,dense_drizzle,25.9,,1,12.1,Open-Meteo Historical Weather API hourly archive,grid_reanalysis,modeled_medium,exact_session_hour,track_coordinate,2025-06-14T15:00,2025-06-14T15:00,nearest_open_meteo_hour_to_exact_session_start,Non-official Open-Meteo hourly archive joined to the nearest local hour at track coordinates. Do not treat as official INDY NXT weather or track temperature.,1,modeled_weather_context,5d66d442aa62ff829f41a78a998f82218eacb1e92cf10834dc3b4316d03ba7cb
weather_indy_nxt_open_meteo_session_indy_nxt_2025_6448,series_indy_nxt,INDY NXT,2025,event_indy_nxt_2025_5490,INDY NXT by Firestone at the Milwaukee Mile,session_indy_nxt_2025_6448,race,Race,track_the_milwaukee_mile,The Milwaukee Mile,2025-08-24T11:00,dry,,mainly_clear,19.6,,0,18.2,Open-Meteo Historical Weather API hourly archive,grid_reanalysis,modeled_medium,exact_session_hour,track_coordinate,2025-08-24T11:00,2025-08-24T11:00,nearest_open_meteo_hour_to_exact_session_start,Non-official Open-Meteo hourly archive joined to the nearest local hour at track coordinates. Do not treat as official INDY NXT weather or track temperature.,1,modeled_weather_context,5d66d442aa62ff829f41a78a998f82218eacb1e92cf10834dc3b4316d03ba7cb
weather_indy_nxt_open_meteo_session_indy_nxt_2025_6588,series_indy_nxt,INDY NXT,2025,event_indy_nxt_2025_5490,INDY NXT by Firestone at the Milwaukee Mile,session_indy_nxt_2025_6588,qualifying,Qualifications,track_the_milwaukee_mile,The Milwaukee Mile,2025-08-23T15:00,dry,,clear_sky,24.2,,0,20,Open-Meteo Historical Weather API hourly archive,grid_reanalysis,modeled_medium,exact_session_hour,track_coordinate,2025-08-23T15:00,2025-08-23T15:00,nearest_open_meteo_hour_to_exact_session_start,Non-official Open-Meteo hourly archive joined to the nearest local hour at track coordinates. Do not treat as official INDY NXT weather or track temperature.,1,modeled_weather_context,5d66d442aa62ff829f41a78a998f82218eacb1e92cf10834dc3b4316d03ba7cb
weather_indy_nxt_open_meteo_session_indy_nxt_2025_6727,series_indy_nxt,INDY NXT,2025,event_indy_nxt_2025_5490,INDY NXT by Firestone at the Milwaukee Mile,session_indy_nxt_2025_6727,practice,Practice,track_the_milwaukee_mile,The Milwaukee Mile,2025-08-23T08:00,dry,,partly_cloudy,21,,0,17,Open-Meteo Historical Weather API hourly archive,grid_reanalysis,modeled_medium,exact_session_hour,track_coordinate,2025-08-23T08:00,2025-08-23T08:00,nearest_open_meteo_hour_to_exact_session_start,Non-official Open-Meteo hourly archive joined to the nearest local hour at track coordinates. Do not treat as official INDY NXT weather or track temperature.,1,modeled_weather_context,5d66d442aa62ff829f41a78a998f82218eacb1e92cf10834dc3b4316d03ba7cb
weather_indy_nxt_open_meteo_session_indy_nxt_2025_6444,series_indy_nxt,INDY NXT,2025,event_indy_nxt_2025_5486,Indianapolis Grand Prix Race 1,session_indy_nxt_2025_6444,race,Race,track_indianapolis_motor_speedway_road_course,Indianapolis Motor Speedway Road Course,2025-05-09T19:00,dry,,clear_sky,17.1,,0,9,Open-Meteo Historical Weather API hourly archive,grid_reanalysis,modeled_medium,exact_session_hour,track_coordinate,2025-05-09T19:00,2025-05-09T19:00,nearest_open_meteo_hour_to_exact_session_start,Non-official Open-Meteo hourly archive joined to the nearest local hour at track coordinates. Do not treat as official INDY NXT weather or track temperature.,1,modeled_weather_context,5d66d442aa62ff829f41a78a998f82218eacb1e92cf10834dc3b4316d03ba7cb
weather_indy_nxt_open_meteo_session_indy_nxt_2025_6627,series_indy_nxt,INDY NXT,2025,event_indy_nxt_2025_5486,Indianapolis Grand Prix Race 1,session_indy_nxt_2025_6627,practice,Practice,track_indianapolis_motor_speedway_road_course,Indianapolis Motor Speedway Road Course,2025-05-09T11:00,dry,,clear_sky,11.6,,0,10.7,Open-Meteo Historical Weather API hourly archive,grid_reanalysis,modeled_medium,exact_session_hour,track_coordinate,2025-05-09T11:00,2025-05-09T11:00,nearest_open_meteo_hour_to_exact_session_start,Non-official Open-Meteo hourly archive joined to the nearest local hour at track coordinates. Do not treat as official INDY NXT weather or track temperature.,1,modeled_weather_context,5d66d442aa62ff829f41a78a998f82218eacb1e92cf10834dc3b4316d03ba7cb
weather_indy_nxt_open_meteo_session_indy_nxt_2025_6443,series_indy_nxt,INDY NXT,2025,event_indy_nxt_2025_5485,Indianapolis Grand Prix Race 2,session_indy_nxt_2025_6443,race,Race,track_indianapolis_motor_speedway_road_course,Indianapolis Motor Speedway Road Course,2025-05-10T13:00,dry,,clear_sky,20.1,,0,3.6,Open-Meteo Historical Weather API hourly archive,grid_reanalysis,modeled_medium,exact_session_hour,track_coordinate,2025-05-10T13:00,2025-05-10T13:00,nearest_open_meteo_hour_to_exact_session_start,Non-official Open-Meteo hourly archive joined to the nearest local hour at track coordinates. Do not treat as official INDY NXT weather or track temperature.,1,modeled_weather_context,5d66d442aa62ff829f41a78a998f82218eacb1e92cf10834dc3b4316d03ba7cb
weather_indy_nxt_open_meteo_session_indy_nxt_2025_6447,series_indy_nxt,INDY NXT,2025,event_indy_nxt_2025_5489,Music City Grand Prix,session_indy_nxt_2025_6447,race,Race,track_nashville_superspeedway,Nashville Superspeedway,2025-08-31T11:00,dry,,overcast,24.5,,0,9.5,Open-Meteo Historical Weather API hourly archive,grid_reanalysis,modeled_medium,exact_session_hour,track_coordinate,2025-08-31T11:00,2025-08-31T11:00,nearest_open_meteo_hour_to_exact_session_start,Non-official Open-Meteo hourly archive joined to the nearest local hour at track coordinates. Do not treat as official INDY NXT weather or track temperature.,1,modeled_weather_context,5d66d442aa62ff829f41a78a998f82218eacb1e92cf10834dc3b4316d03ba7cb
weather_indy_nxt_open_meteo_session_indy_nxt_2025_6593,series_indy_nxt,INDY NXT,2025,event_indy_nxt_2025_5489,Music City Grand Prix,session_indy_nxt_2025_6593,qualifying,Qualifications,track_nashville_superspeedway,Nashville Superspeedway,2025-08-30T12:00,dry,,clear_sky,28,,0,7.4,Open-Meteo Historical Weather API hourly archive,grid_reanalysis,modeled_medium,exact_session_hour,track_coordinate,2025-08-30T12:00,2025-08-30T12:00,nearest_open_meteo_hour_to_exact_session_start,Non-official Open-Meteo hourly archive joined to the nearest local hour at track coordinates. Do not treat as official INDY NXT weather or track temperature.,1,modeled_weather_context,5d66d442aa62ff829f41a78a998f82218eacb1e92cf10834dc3b4316d03ba7cb
weather_indy_nxt_open_meteo_session_indy_nxt_2025_6731,series_indy_nxt,INDY NXT,2025,event_indy_nxt_2025_5489,Music City Grand Prix,session_indy_nxt_2025_6731,practice,Practice,track_nashville_superspeedway,Nashville Superspeedway,2025-08-30T08:00,dry,,clear_sky,19.2,,0,5.5,Open-Meteo Historical Weather API hourly archive,grid_reanalysis,modeled_medium,exact_session_hour,track_coordinate,2025-08-30T08:00,2025-08-30T08:00,nearest_open_meteo_hour_to_exact_session_start,Non-official Open-Meteo hourly archive joined to the nearest local hour at track coordinates. Do not treat as official INDY NXT weather or track temperature.,1,modeled_weather_context,5d66d442aa62ff829f41a78a998f82218eacb1e92cf10834dc3b4316d03ba7cb
weather_indy_nxt_open_meteo_session_indy_nxt_2026_6749,series_indy_nxt,INDY NXT,2026,event_indy_nxt_2026_5532,Detroit Grand Prix,session_indy_nxt_2026_6749,race,Race,track_streets_of_detroit,Streets of Detroit,2026-05-31T11:00,dry,,clear_sky,19.3,,0,7.2,Open-Meteo Historical Weather API hourly archive,grid_reanalysis,modeled_medium,exact_session_hour,track_coordinate,2026-05-31T11:00,2026-05-31T11:00,nearest_open_meteo_hour_to_exact_session_start,Non-official Open-Meteo hourly archive joined to the nearest local hour at track coordinates. Do not treat as official INDY NXT weather or track temperature.,1,modeled_weather_context,5d66d442aa62ff829f41a78a998f82218eacb1e92cf10834dc3b4316d03ba7cb
weather_indy_nxt_open_meteo_session_indy_nxt_2026_6850,series_indy_nxt,INDY NXT,2026,event_indy_nxt_2026_5532,Detroit Grand Prix,session_indy_nxt_2026_6850,practice,Practice 1,track_streets_of_detroit,Streets of Detroit,2026-05-29T14:00,dry,,mainly_clear,26.5,,0,9.6,Open-Meteo Historical Weather API hourly archive,grid_reanalysis,modeled_medium,exact_session_hour,track_coordinate,2026-05-29T14:00,2026-05-29T14:00,nearest_open_meteo_hour_to_exact_session_start,Non-official Open-Meteo hourly archive joined to the nearest local hour at track coordinates. Do not treat as official INDY NXT weather or track temperature.,1,modeled_weather_context,5d66d442aa62ff829f41a78a998f82218eacb1e92cf10834dc3b4316d03ba7cb
weather_indy_nxt_open_meteo_session_indy_nxt_2026_6851,series_indy_nxt,INDY NXT,2026,event_indy_nxt_2026_5532,Detroit Grand Prix,session_indy_nxt_2026_6851,practice,Practice 2,track_streets_of_detroit,Streets of Detroit,2026-05-30T08:00,dry,,clear_sky,13.1,,0,17.9,Open-Meteo Historical Weather API hourly archive,grid_reanalysis,modeled_medium,exact_session_hour,track_coordinate,2026-05-30T08:00,2026-05-30T08:00,nearest_open_meteo_hour_to_exact_session_start,Non-official Open-Meteo hourly archive joined to the nearest local hour at track coordinates. Do not treat as official INDY NXT weather or track temperature.,1,modeled_weather_context,5d66d442aa62ff829f41a78a998f82218eacb1e92cf10834dc3b4316d03ba7cb
weather_indy_nxt_open_meteo_session_indy_nxt_2026_6852,series_indy_nxt,INDY NXT,2026,event_indy_nxt_2026_5532,Detroit Grand Prix,session_indy_nxt_2026_6852,qualifying,Qualifying - Group 1,track_streets_of_detroit,Streets of Detroit,2026-05-30T12:00,dry,,clear_sky,16.2,,0,14.2,Open-Meteo Historical Weather API hourly archive,grid_reanalysis,modeled_medium,exact_session_hour,track_coordinate,2026-05-30T12:00,2026-05-30T12:00,nearest_open_meteo_hour_to_exact_session_start,Non-official Open-Meteo hourly archive joined to the nearest local hour at track coordinates. Do not treat as official INDY NXT weather or track temperature.,1,modeled_weather_context,5d66d442aa62ff829f41a78a998f82218eacb1e92cf10834dc3b4316d03ba7cb
weather_indy_nxt_open_meteo_session_indy_nxt_2026_6853,series_indy_nxt,INDY NXT,2026,event_indy_nxt_2026_5532,Detroit Grand Prix,session_indy_nxt_2026_6853,qualifying,Qualifying - Group 2,track_streets_of_detroit,Streets of Detroit,2026-05-30T12:00,dry,,clear_sky,16.2,,0,14.2,Open-Meteo Historical Weather API hourly archive,grid_reanalysis,modeled_medium,exact_session_hour,track_coordinate,2026-05-30T12:00,2026-05-30T12:00,nearest_open_meteo_hour_to_exact_session_start,Non-official Open-Meteo hourly archive joined to the nearest local hour at track coordinates. Do not treat as official INDY NXT weather or track temperature.,1,modeled_weather_context,5d66d442aa62ff829f41a78a998f82218eacb1e92cf10834dc3b4316d03ba7cb
weather_indy_nxt_open_meteo_session_indy_nxt_2026_6854,series_indy_nxt,INDY NXT,2026,event_indy_nxt_2026_5532,Detroit Grand Prix,session_indy_nxt_2026_6854,qualifying,Combined Qualifying,track_streets_of_detroit,Streets of Detroit,2026-05-30T13:00,dry,,clear_sky,17.2,,0,13.2,Open-Meteo Historical Weather API hourly archive,grid_reanalysis,modeled_medium,exact_session_hour,track_coordinate,2026-05-30T13:00,2026-05-30T13:00,nearest_open_meteo_hour_to_exact_session_start,Non-official Open-Meteo hourly archive joined to the nearest local hour at track coordinates. Do not treat as official INDY NXT weather or track temperature.,1,modeled_weather_context,5d66d442aa62ff829f41a78a998f82218eacb1e92cf10834dc3b4316d03ba7cb
weather_indy_nxt_open_meteo_session_indy_nxt_2026_6762,series_indy_nxt,INDY NXT,2026,event_indy_nxt_2026_5545,Grand Prix at Road America Race 1,session_indy_nxt_2026_6762,race,Race,track_road_america,Road America,2026-06-20T12:00,dry,,partly_cloudy,20.2,,0,19.6,Open-Meteo Historical Weather API hourly archive,grid_reanalysis,modeled_medium,exact_session_hour,track_coordinate,2026-06-20T12:00,2026-06-20T12:00,nearest_open_meteo_hour_to_exact_session_start,Non-official Open-Meteo hourly archive joined to the nearest local hour at track coordinates. Do not treat as official INDY NXT weather or track temperature.,1,modeled_weather_context,5d66d442aa62ff829f41a78a998f82218eacb1e92cf10834dc3b4316d03ba7cb
weather_indy_nxt_open_meteo_session_indy_nxt_2026_6869,series_indy_nxt,INDY NXT,2026,event_indy_nxt_2026_5545,Grand Prix at Road America Race 1,session_indy_nxt_2026_6869,practice,Practice,track_road_america,Road America,2026-06-19T14:00,dry,,clear_sky,21.6,,0,14.4,Open-Meteo Historical Weather API hourly archive,grid_reanalysis,modeled_medium,exact_session_hour,track_coordinate,2026-06-19T14:00,2026-06-19T14:00,nearest_open_meteo_hour_to_exact_session_start,Non-official Open-Meteo hourly archive joined to the nearest local hour at track coordinates. Do not treat as official INDY NXT weather or track temperature.,1,modeled_weather_context,5d66d442aa62ff829f41a78a998f82218eacb1e92cf10834dc3b4316d03ba7cb
weather_indy_nxt_open_meteo_session_indy_nxt_2026_6870,series_indy_nxt,INDY NXT,2026,event_indy_nxt_2026_5545,Grand Prix at Road America Race 1,session_indy_nxt_2026_6870,qualifying,Qualifying - Race 1 Group 1,track_road_america,Road America,2026-06-20T09:00,dry,,partly_cloudy,16.7,,0,20,Open-Meteo Historical Weather API hourly archive,grid_reanalysis,modeled_medium,exact_session_hour,track_coordinate,2026-06-20T09:00,2026-06-20T09:00,nearest_open_meteo_hour_to_exact_session_start,Non-official Open-Meteo hourly archive joined to the nearest local hour at track coordinates. Do not treat as official INDY NXT weather or track temperature.,1,modeled_weather_context,5d66d442aa62ff829f41a78a998f82218eacb1e92cf10834dc3b4316d03ba7cb
weather_indy_nxt_open_meteo_session_indy_nxt_2026_6871,series_indy_nxt,INDY NXT,2026,event_indy_nxt_2026_5545,Grand Prix at Road America Race 1,session_indy_nxt_2026_6871,qualifying,Qualifying - Race 1 Group 2,track_road_america,Road America,2026-06-20T09:00,dry,,partly_cloudy,16.7,,0,20,Open-Meteo Historical Weather API hourly archive,grid_reanalysis,modeled_medium,exact_session_hour,track_coordinate,2026-06-20T09:00,2026-06-20T09:00,nearest_open_meteo_hour_to_exact_session_start,Non-official Open-Meteo hourly archive joined to the nearest local hour at track coordinates. Do not treat as official INDY NXT weather or track temperature.,1,modeled_weather_context,5d66d442aa62ff829f41a78a998f82218eacb1e92cf10834dc3b4316d03ba7cb
weather_indy_nxt_open_meteo_session_indy_nxt_2026_6872,series_indy_nxt,INDY NXT,2026,event_indy_nxt_2026_5545,Grand Prix at Road America Race 1,session_indy_nxt_2026_6872,qualifying,Combined Qualifying - Race 1,track_road_america,Road America,2026-06-20T10:00,wet,,light_drizzle,17.6,,0.2,20.1,Open-Meteo Historical Weather API hourly archive,grid_reanalysis,modeled_medium,exact_session_hour,track_coordinate,2026-06-20T10:00,2026-06-20T10:00,nearest_open_meteo_hour_to_exact_session_start,Non-official Open-Meteo hourly archive joined to the nearest local hour at track coordinates. Do not treat as official INDY NXT weather or track temperature.,1,modeled_weather_context,5d66d442aa62ff829f41a78a998f82218eacb1e92cf10834dc3b4316d03ba7cb
weather_indy_nxt_open_meteo_session_indy_nxt_2026_6754,series_indy_nxt,INDY NXT,2026,event_indy_nxt_2026_5537,Grand Prix at Road America Race 2,session_indy_nxt_2026_6754,race,Race,track_road_america,Road America,2026-06-21T11:00,dry,,overcast,21.6,,0,9.8,Open-Meteo Historical Weather API hourly archive,grid_reanalysis,modeled_medium,exact_session_hour,track_coordinate,2026-06-21T11:00,2026-06-21T11:00,nearest_open_meteo_hour_to_exact_session_start,Non-official Open-Meteo hourly archive joined to the nearest local hour at track coordinates. Do not treat as official INDY NXT weather or track temperature.,1,modeled_weather_context,5d66d442aa62ff829f41a78a998f82218eacb1e92cf10834dc3b4316d03ba7cb
weather_indy_nxt_open_meteo_session_indy_nxt_2026_6873,series_indy_nxt,INDY NXT,2026,event_indy_nxt_2026_5537,Grand Prix at Road America Race 2,session_indy_nxt_2026_6873,qualifying,Qualifying - Race 2 Group 1,track_road_america,Road America,2026-06-20T09:00,dry,,partly_cloudy,16.7,,0,20,Open-Meteo Historical Weather API hourly archive,grid_reanalysis,modeled_medium,exact_session_hour,track_coordinate,2026-06-20T09:00,2026-06-20T09:00,nearest_open_meteo_hour_to_exact_session_start,Non-official Open-Meteo hourly archive joined to the nearest local hour at track coordinates. Do not treat as official INDY NXT weather or track temperature.,1,modeled_weather_context,5d66d442aa62ff829f41a78a998f82218eacb1e92cf10834dc3b4316d03ba7cb
weather_indy_nxt_open_meteo_session_indy_nxt_2026_6874,series_indy_nxt,INDY NXT,2026,event_indy_nxt_2026_5537,Grand Prix at Road America Race 2,session_indy_nxt_2026_6874,qualifying,Qualifying - Race 2 Group 2,track_road_america,Road America,2026-06-20T09:00,dry,,partly_cloudy,16.7,,0,20,Open-Meteo Historical Weather API hourly archive,grid_reanalysis,modeled_medium,exact_session_hour,track_coordinate,2026-06-20T09:00,2026-06-20T09:00,nearest_open_meteo_hour_to_exact_session_start,Non-official Open-Meteo hourly archive joined to the nearest local hour at track coordinates. Do not treat as official INDY NXT weather or track temperature.,1,modeled_weather_context,5d66d442aa62ff829f41a78a998f82218eacb1e92cf10834dc3b4316d03ba7cb
weather_indy_nxt_open_meteo_session_indy_nxt_2026_6875,series_indy_nxt,INDY NXT,2026,event_indy_nxt_2026_5537,Grand Prix at Road America Race 2,session_indy_nxt_2026_6875,qualifying,Combined Qualifying - Race 2,track_road_america,Road America,2026-06-20T10:00,wet,,light_drizzle,17.6,,0.2,20.1,Open-Meteo Historical Weather API hourly archive,grid_reanalysis,modeled_medium,exact_session_hour,track_coordinate,2026-06-20T10:00,2026-06-20T10:00,nearest_open_meteo_hour_to_exact_session_start,Non-official Open-Meteo hourly archive joined to the nearest local hour at track coordinates. Do not treat as official INDY NXT weather or track temperature.,1,modeled_weather_context,5d66d442aa62ff829f41a78a998f82218eacb1e92cf10834dc3b4316d03ba7cb
weather_indy_nxt_open_meteo_session_indy_nxt_2026_6750,series_indy_nxt,INDY NXT,2026,event_indy_nxt_2026_5533,Grand Prix of Alabama Race 1,session_indy_nxt_2026_6750,race,Race,track_barber_motorsports_park,Barber Motorsports Park,2026-03-28T12:00,dry,,clear_sky,14.5,,0,17.4,Open-Meteo Historical Weather API hourly archive,grid_reanalysis,modeled_medium,exact_session_hour,track_coordinate,2026-03-28T12:00,2026-03-28T12:00,nearest_open_meteo_hour_to_exact_session_start,Non-official Open-Meteo hourly archive joined to the nearest local hour at track coordinates. Do not treat as official INDY NXT weather or track temperature.,1,modeled_weather_context,5d66d442aa62ff829f41a78a998f82218eacb1e92cf10834dc3b4316d03ba7cb
weather_indy_nxt_open_meteo_session_indy_nxt_2026_6804,series_indy_nxt,INDY NXT,2026,event_indy_nxt_2026_5533,Grand Prix of Alabama Race 1,session_indy_nxt_2026_6804,practice,Practice,track_barber_motorsports_park,Barber Motorsports Park,2026-03-27T14:00,dry,,partly_cloudy,26,,0,14.1,Open-Meteo Historical Weather API hourly archive,grid_reanalysis,modeled_medium,exact_session_hour,track_coordinate,2026-03-27T14:00,2026-03-27T14:00,nearest_open_meteo_hour_to_exact_session_start,Non-official Open-Meteo hourly archive joined to the nearest local hour at track coordinates. Do not treat as official INDY NXT weather or track temperature.,1,modeled_weather_context,5d66d442aa62ff829f41a78a998f82218eacb1e92cf10834dc3b4316d03ba7cb
weather_indy_nxt_open_meteo_session_indy_nxt_2026_6752,series_indy_nxt,INDY NXT,2026,event_indy_nxt_2026_5535,Grand Prix of Alabama Race 2,session_indy_nxt_2026_6752,race,Race,track_barber_motorsports_park,Barber Motorsports Park,2026-03-29T10:00,dry,,clear_sky,14.4,,0,19.3,Open-Meteo Historical Weather API hourly archive,grid_reanalysis,modeled_medium,exact_session_hour,track_coordinate,2026-03-29T10:00,2026-03-29T10:00,nearest_open_meteo_hour_to_exact_session_start,Non-official Open-Meteo hourly archive joined to the nearest local hour at track coordinates. Do not treat as official INDY NXT weather or track temperature.,1,modeled_weather_context,5d66d442aa62ff829f41a78a998f82218eacb1e92cf10834dc3b4316d03ba7cb
weather_indy_nxt_open_meteo_session_indy_nxt_2026_6753,series_indy_nxt,INDY NXT,2026,event_indy_nxt_2026_5536,Grand Prix of Arlington,session_indy_nxt_2026_6753,race,Race,track_streets_of_arlington,Streets of Arlington,2026-03-15T10:00,dry,,clear_sky,21.6,,0,20.1,Open-Meteo Historical Weather API hourly archive,grid_reanalysis,modeled_medium,exact_session_hour,track_coordinate,2026-03-15T10:00,2026-03-15T10:00,nearest_open_meteo_hour_to_exact_session_start,Non-official Open-Meteo hourly archive joined to the nearest local hour at track coordinates. Do not treat as official INDY NXT weather or track temperature.,1,modeled_weather_context,5d66d442aa62ff829f41a78a998f82218eacb1e92cf10834dc3b4316d03ba7cb
weather_indy_nxt_open_meteo_session_indy_nxt_2026_6783,series_indy_nxt,INDY NXT,2026,event_indy_nxt_2026_5536,Grand Prix of Arlington,session_indy_nxt_2026_6783,practice,Practice 1,track_streets_of_arlington,Streets of Arlington,2026-03-13T14:00,dry,,clear_sky,22.2,,0,13,Open-Meteo Historical Weather API hourly archive,grid_reanalysis,modeled_medium,exact_session_hour,track_coordinate,2026-03-13T14:00,2026-03-13T14:00,nearest_open_meteo_hour_to_exact_session_start,Non-official Open-Meteo hourly archive joined to the nearest local hour at track coordinates. Do not treat as official INDY NXT weather or track temperature.,1,modeled_weather_context,5d66d442aa62ff829f41a78a998f82218eacb1e92cf10834dc3b4316d03ba7cb
weather_indy_nxt_open_meteo_session_indy_nxt_2026_6784,series_indy_nxt,INDY NXT,2026,event_indy_nxt_2026_5536,Grand Prix of Arlington,session_indy_nxt_2026_6784,practice,Practice 2,track_streets_of_arlington,Streets of Arlington,2026-03-14T10:00,dry,,clear_sky,15.9,,0,14.5,Open-Meteo Historical Weather API hourly archive,grid_reanalysis,modeled_medium,exact_session_hour,track_coordinate,2026-03-14T10:00,2026-03-14T10:00,nearest_open_meteo_hour_to_exact_session_start,Non-official Open-Meteo hourly archive joined to the nearest local hour at track coordinates. Do not treat as official INDY NXT weather or track temperature.,1,modeled_weather_context,5d66d442aa62ff829f41a78a998f82218eacb1e92cf10834dc3b4316d03ba7cb
weather_indy_nxt_open_meteo_session_indy_nxt_2026_6751,series_indy_nxt,INDY NXT,2026,event_indy_nxt_2026_5534,Grand Prix of St. Petersburg,session_indy_nxt_2026_6751,race,Race,track_streets_of_st_petersburg,Streets of St. Petersburg,2026-03-01T10:00,dry,,overcast,17.6,,0,19,Open-Meteo Historical Weather API hourly archive,grid_reanalysis,modeled_medium,exact_session_hour,track_coordinate,2026-03-01T10:00,2026-03-01T10:00,nearest_open_meteo_hour_to_exact_session_start,Non-official Open-Meteo hourly archive joined to the nearest local hour at track coordinates. Do not treat as official INDY NXT weather or track temperature.,1,modeled_weather_context,5d66d442aa62ff829f41a78a998f82218eacb1e92cf10834dc3b4316d03ba7cb
weather_indy_nxt_open_meteo_session_indy_nxt_2026_6766,series_indy_nxt,INDY NXT,2026,event_indy_nxt_2026_5534,Grand Prix of St. Petersburg,session_indy_nxt_2026_6766,practice,Practice 1,track_streets_of_st_petersburg,Streets of St. Petersburg,2026-02-27T13:00,dry,,mainly_clear,25,,0,15.4,Open-Meteo Historical Weather API hourly archive,grid_reanalysis,modeled_medium,exact_session_hour,track_coordinate,2026-02-27T13:00,2026-02-27T13:00,nearest_open_meteo_hour_to_exact_session_start,Non-official Open-Meteo hourly archive joined to the nearest local hour at track coordinates. Do not treat as official INDY NXT weather or track temperature.,1,modeled_weather_context,5d66d442aa62ff829f41a78a998f82218eacb1e92cf10834dc3b4316d03ba7cb
weather_indy_nxt_open_meteo_session_indy_nxt_2026_6767,series_indy_nxt,INDY NXT,2026,event_indy_nxt_2026_5534,Grand Prix of St. Petersburg,session_indy_nxt_2026_6767,practice,Practice 2,track_streets_of_st_petersburg,Streets of St. Petersburg,2026-02-28T09:00,dry,,overcast,18.1,,0,7.2,Open-Meteo Historical Weather API hourly archive,grid_reanalysis,modeled_medium,exact_session_hour,track_coordinate,2026-02-28T09:00,2026-02-28T09:00,nearest_open_meteo_hour_to_exact_session_start,Non-official Open-Meteo hourly archive joined to the nearest local hour at track coordinates. Do not treat as official INDY NXT weather or track temperature.,1,modeled_weather_context,5d66d442aa62ff829f41a78a998f82218eacb1e92cf10834dc3b4316d03ba7cb
weather_indy_nxt_open_meteo_session_indy_nxt_2026_6763,series_indy_nxt,INDY NXT,2026,event_indy_nxt_2026_5546,INDY NXT by Firestone at World Wide Technology Raceway,session_indy_nxt_2026_6763,race,Race,track_world_wide_technology_raceway,World Wide Technology Raceway,2026-06-07T17:00,wet,,light_drizzle,30.1,,0.3,10,Open-Meteo Historical Weather API hourly archive,grid_reanalysis,modeled_medium,exact_session_hour,track_coordinate,2026-06-07T17:00,2026-06-07T17:00,nearest_open_meteo_hour_to_exact_session_start,Non-official Open-Meteo hourly archive joined to the nearest local hour at track coordinates. Do not treat as official INDY NXT weather or track temperature.,1,modeled_weather_context,5d66d442aa62ff829f41a78a998f82218eacb1e92cf10834dc3b4316d03ba7cb
weather_indy_nxt_open_meteo_session_indy_nxt_2026_6863,series_indy_nxt,INDY NXT,2026,event_indy_nxt_2026_5546,INDY NXT by Firestone at World Wide Technology Raceway,session_indy_nxt_2026_6863,practice,Practice,track_world_wide_technology_raceway,World Wide Technology Raceway,2026-06-06T14:00,wet,,moderate_rain,25.9,,2.6,15.9,Open-Meteo Historical Weather API hourly archive,grid_reanalysis,modeled_medium,exact_session_hour,track_coordinate,2026-06-06T14:00,2026-06-06T14:00,nearest_open_meteo_hour_to_exact_session_start,Non-official Open-Meteo hourly archive joined to the nearest local hour at track coordinates. Do not treat as official INDY NXT weather or track temperature.,1,modeled_weather_context,5d66d442aa62ff829f41a78a998f82218eacb1e92cf10834dc3b4316d03ba7cb
weather_indy_nxt_open_meteo_session_indy_nxt_2026_6864,series_indy_nxt,INDY NXT,2026,event_indy_nxt_2026_5546,INDY NXT by Firestone at World Wide Technology Raceway,session_indy_nxt_2026_6864,qualifying,Qualifying,track_world_wide_technology_raceway,World Wide Technology Raceway,2026-06-06T17:00,dry,,overcast,26.6,,0,11.4,Open-Meteo Historical Weather API hourly archive,grid_reanalysis,modeled_medium,exact_session_hour,track_coordinate,2026-06-06T17:00,2026-06-06T17:00,nearest_open_meteo_hour_to_exact_session_start,Non-official Open-Meteo hourly archive joined to the nearest local hour at track coordinates. Do not treat as official INDY NXT weather or track temperature.,1,modeled_weather_context,5d66d442aa62ff829f41a78a998f82218eacb1e92cf10834dc3b4316d03ba7cb
weather_indy_nxt_open_meteo_session_indy_nxt_2026_6756,series_indy_nxt,INDY NXT,2026,event_indy_nxt_2026_5539,Indianapolis Grand Prix Race 1,session_indy_nxt_2026_6756,race,Race,track_indianapolis_motor_speedway_road_course,Indianapolis Motor Speedway Road Course,2026-05-08T16:00,wet,,light_drizzle,16.6,,0.4,12.2,Open-Meteo Historical Weather API hourly archive,grid_reanalysis,modeled_medium,exact_session_hour,track_coordinate,2026-05-08T16:00,2026-05-08T16:00,nearest_open_meteo_hour_to_exact_session_start,Non-official Open-Meteo hourly archive joined to the nearest local hour at track coordinates. Do not treat as official INDY NXT weather or track temperature.,1,modeled_weather_context,5d66d442aa62ff829f41a78a998f82218eacb1e92cf10834dc3b4316d03ba7cb
weather_indy_nxt_open_meteo_session_indy_nxt_2026_6828,series_indy_nxt,INDY NXT,2026,event_indy_nxt_2026_5539,Indianapolis Grand Prix Race 1,session_indy_nxt_2026_6828,practice,Practice,track_indianapolis_motor_speedway_road_course,Indianapolis Motor Speedway Road Course,2026-05-08T08:00,dry,,clear_sky,9.8,,0,10.9,Open-Meteo Historical Weather API hourly archive,grid_reanalysis,modeled_medium,exact_session_hour,track_coordinate,2026-05-08T08:00,2026-05-08T08:00,nearest_open_meteo_hour_to_exact_session_start,Non-official Open-Meteo hourly archive joined to the nearest local hour at track coordinates. Do not treat as official INDY NXT weather or track temperature.,1,modeled_weather_context,5d66d442aa62ff829f41a78a998f82218eacb1e92cf10834dc3b4316d03ba7cb
weather_indy_nxt_open_meteo_session_indy_nxt_2026_6765,series_indy_nxt,INDY NXT,2026,event_indy_nxt_2026_5548,Indianapolis Grand Prix Race 2,session_indy_nxt_2026_6765,race,Race,track_indianapolis_motor_speedway_road_course,Indianapolis Motor Speedway Road Course,2026-05-09T15:00,dry,,clear_sky,21.2,,0,17.7,Open-Meteo Historical Weather API hourly archive,grid_reanalysis,modeled_medium,exact_session_hour,track_coordinate,2026-05-09T15:00,2026-05-09T15:00,nearest_open_meteo_hour_to_exact_session_start,Non-official Open-Meteo hourly archive joined to the nearest local hour at track coordinates. Do not treat as official INDY NXT weather or track temperature.,1,modeled_weather_context,5d66d442aa62ff829f41a78a998f82218eacb1e92cf10834dc3b4316d03ba7cb
