sessionId,restartIndex,restartLap,driverId,driverName,carNumber,isBryce,isTeammate,baselinePosition,endPosition,net,sourceHash
session_indy_nxt_2024_6314,1,6,driver_yuven_sundaramoorthy,Yuven Sundaramoorthy,22,false,false,21,20,1,61e7c0e8ca2682cb606c7604b26f433daf6d95c358be5879e2fdbc06135604fd
session_indy_nxt_2024_6314,1,6,driver_louis_foster,Louis Foster,26,false,true,12,11,1,61e7c0e8ca2682cb606c7604b26f433daf6d95c358be5879e2fdbc06135604fd
session_indy_nxt_2024_6314,1,6,driver_niels_koolen,Niels Koolen,33,false,false,18,17,1,61e7c0e8ca2682cb606c7604b26f433daf6d95c358be5879e2fdbc06135604fd
session_indy_nxt_2024_6314,1,6,driver_jack_william_miller,Jack William Miller,40,false,false,14,13,1,61e7c0e8ca2682cb606c7604b26f433daf6d95c358be5879e2fdbc06135604fd
session_indy_nxt_2024_6314,1,6,driver_myles_rowe,Myles Rowe,99,false,false,8,7,1,61e7c0e8ca2682cb606c7604b26f433daf6d95c358be5879e2fdbc06135604fd
session_indy_nxt_2024_6314,1,6,driver_reece_gold,Reece Gold,10,false,false,9,9,0,61e7c0e8ca2682cb606c7604b26f433daf6d95c358be5879e2fdbc06135604fd
session_indy_nxt_2024_6314,1,6,driver_josh_pierson,Josh Pierson,14,false,false,19,19,0,61e7c0e8ca2682cb606c7604b26f433daf6d95c358be5879e2fdbc06135604fd
session_indy_nxt_2024_6314,1,6,driver_callum_hedge,Callum Hedge,17,false,false,10,10,0,61e7c0e8ca2682cb606c7604b26f433daf6d95c358be5879e2fdbc06135604fd
session_indy_nxt_2024_6314,1,6,driver_caio_collet,Caio Collet,18,false,false,4,4,0,61e7c0e8ca2682cb606c7604b26f433daf6d95c358be5879e2fdbc06135604fd
session_indy_nxt_2024_6314,1,6,driver_jonathan_browne,Jonathan Browne,23,false,false,16,16,0,61e7c0e8ca2682cb606c7604b26f433daf6d95c358be5879e2fdbc06135604fd
session_indy_nxt_2024_6314,1,6,driver_bryce_aron,Bryce Aron,27,true,false,5,5,0,61e7c0e8ca2682cb606c7604b26f433daf6d95c358be5879e2fdbc06135604fd
session_indy_nxt_2024_6314,1,6,driver_jamie_chadwick,Jamie Chadwick,28,false,true,6,6,0,61e7c0e8ca2682cb606c7604b26f433daf6d95c358be5879e2fdbc06135604fd
session_indy_nxt_2024_6314,1,6,driver_james_roe,James Roe,29,false,true,3,3,0,61e7c0e8ca2682cb606c7604b26f433daf6d95c358be5879e2fdbc06135604fd
session_indy_nxt_2024_6314,1,6,driver_nolan_siegel,Nolan Siegel,39,false,false,2,2,0,61e7c0e8ca2682cb606c7604b26f433daf6d95c358be5879e2fdbc06135604fd
session_indy_nxt_2024_6314,1,6,driver_jacob_abel,Jacob Abel,51,false,false,1,1,0,61e7c0e8ca2682cb606c7604b26f433daf6d95c358be5879e2fdbc06135604fd
session_indy_nxt_2024_6314,1,6,driver_christian_bogle,Christian Bogle,7,false,false,15,15,0,61e7c0e8ca2682cb606c7604b26f433daf6d95c358be5879e2fdbc06135604fd
session_indy_nxt_2024_6314,1,6,driver_nolan_allaer,Nolan Allaer,11,false,false,17,18,-1,61e7c0e8ca2682cb606c7604b26f433daf6d95c358be5879e2fdbc06135604fd
session_indy_nxt_2024_6314,1,6,driver_salvador_de_alba,Salvador de Alba,2,false,false,11,12,-1,61e7c0e8ca2682cb606c7604b26f433daf6d95c358be5879e2fdbc06135604fd
session_indy_nxt_2024_6314,1,6,driver_josh_mason,Josh Mason,21,false,false,13,14,-1,61e7c0e8ca2682cb606c7604b26f433daf6d95c358be5879e2fdbc06135604fd
session_indy_nxt_2024_6314,1,6,driver_michael_d_orlando,Michael d'Orlando,3,false,false,7,8,-1,61e7c0e8ca2682cb606c7604b26f433daf6d95c358be5879e2fdbc06135604fd
session_indy_nxt_2024_6314,1,6,driver_lindsay_brewer,Lindsay Brewer,76,false,false,20,21,-1,61e7c0e8ca2682cb606c7604b26f433daf6d95c358be5879e2fdbc06135604fd
session_indy_nxt_2024_6315,1,26,driver_louis_foster,Louis Foster,26,false,true,15,11,4,61e7c0e8ca2682cb606c7604b26f433daf6d95c358be5879e2fdbc06135604fd
session_indy_nxt_2024_6315,1,26,driver_niels_koolen,Niels Koolen,33,false,false,12,8,4,61e7c0e8ca2682cb606c7604b26f433daf6d95c358be5879e2fdbc06135604fd
session_indy_nxt_2024_6315,1,26,driver_jordan_missig,Jordan Missig,21,false,false,13,10,3,61e7c0e8ca2682cb606c7604b26f433daf6d95c358be5879e2fdbc06135604fd
session_indy_nxt_2024_6315,1,26,driver_myles_rowe,Myles Rowe,99,false,false,9,6,3,61e7c0e8ca2682cb606c7604b26f433daf6d95c358be5879e2fdbc06135604fd
session_indy_nxt_2024_6315,1,26,driver_nolan_allaer,Nolan Allaer,11,false,false,11,9,2,61e7c0e8ca2682cb606c7604b26f433daf6d95c358be5879e2fdbc06135604fd
session_indy_nxt_2024_6315,1,26,driver_christian_bogle,Christian Bogle,7,false,false,14,12,2,61e7c0e8ca2682cb606c7604b26f433daf6d95c358be5879e2fdbc06135604fd
session_indy_nxt_2024_6315,1,26,driver_jonathan_browne,Jonathan Browne,23,false,false,8,7,1,61e7c0e8ca2682cb606c7604b26f433daf6d95c358be5879e2fdbc06135604fd
session_indy_nxt_2024_6315,1,26,driver_bryce_aron,Bryce Aron,27,true,false,16,15,1,61e7c0e8ca2682cb606c7604b26f433daf6d95c358be5879e2fdbc06135604fd
session_indy_nxt_2024_6315,1,26,driver_james_roe,James Roe,29,false,true,17,16,1,61e7c0e8ca2682cb606c7604b26f433daf6d95c358be5879e2fdbc06135604fd
session_indy_nxt_2024_6315,1,26,driver_reece_gold,Reece Gold,10,false,false,5,5,0,61e7c0e8ca2682cb606c7604b26f433daf6d95c358be5879e2fdbc06135604fd
session_indy_nxt_2024_6315,1,26,driver_callum_hedge,Callum Hedge,17,false,false,4,4,0,61e7c0e8ca2682cb606c7604b26f433daf6d95c358be5879e2fdbc06135604fd
session_indy_nxt_2024_6315,1,26,driver_caio_collet,Caio Collet,18,false,false,19,19,0,61e7c0e8ca2682cb606c7604b26f433daf6d95c358be5879e2fdbc06135604fd
session_indy_nxt_2024_6315,1,26,driver_yuven_sundaramoorthy,Yuven Sundaramoorthy,22,false,false,20,20,0,61e7c0e8ca2682cb606c7604b26f433daf6d95c358be5879e2fdbc06135604fd
session_indy_nxt_2024_6315,1,26,driver_jamie_chadwick,Jamie Chadwick,28,false,true,3,3,0,61e7c0e8ca2682cb606c7604b26f433daf6d95c358be5879e2fdbc06135604fd
session_indy_nxt_2024_6315,1,26,driver_nolan_siegel,Nolan Siegel,39,false,false,2,2,0,61e7c0e8ca2682cb606c7604b26f433daf6d95c358be5879e2fdbc06135604fd
session_indy_nxt_2024_6315,1,26,driver_jacob_abel,Jacob Abel,51,false,false,1,1,0,61e7c0e8ca2682cb606c7604b26f433daf6d95c358be5879e2fdbc06135604fd
session_indy_nxt_2024_6315,1,26,driver_lindsay_brewer,Lindsay Brewer,76,false,false,18,18,0,61e7c0e8ca2682cb606c7604b26f433daf6d95c358be5879e2fdbc06135604fd
session_indy_nxt_2024_6315,1,26,driver_salvador_de_alba,Salvador de Alba,2,false,false,6,13,-7,61e7c0e8ca2682cb606c7604b26f433daf6d95c358be5879e2fdbc06135604fd
session_indy_nxt_2024_6315,1,26,driver_michael_d_orlando,Michael d'Orlando,3,false,false,7,14,-7,61e7c0e8ca2682cb606c7604b26f433daf6d95c358be5879e2fdbc06135604fd
session_indy_nxt_2024_6315,1,26,driver_jack_william_miller,Jack William Miller,40,false,false,10,17,-7,61e7c0e8ca2682cb606c7604b26f433daf6d95c358be5879e2fdbc06135604fd
session_indy_nxt_2024_6315,2,32,driver_louis_foster,Louis Foster,26,false,true,9,7,2,61e7c0e8ca2682cb606c7604b26f433daf6d95c358be5879e2fdbc06135604fd
session_indy_nxt_2024_6315,2,32,driver_christian_bogle,Christian Bogle,7,false,false,11,9,2,61e7c0e8ca2682cb606c7604b26f433daf6d95c358be5879e2fdbc06135604fd
session_indy_nxt_2024_6315,2,32,driver_salvador_de_alba,Salvador de Alba,2,false,false,12,11,1,61e7c0e8ca2682cb606c7604b26f433daf6d95c358be5879e2fdbc06135604fd
session_indy_nxt_2024_6315,2,32,driver_myles_rowe,Myles Rowe,99,false,false,6,5,1,61e7c0e8ca2682cb606c7604b26f433daf6d95c358be5879e2fdbc06135604fd
session_indy_nxt_2024_6315,2,32,driver_callum_hedge,Callum Hedge,17,false,false,4,4,0,61e7c0e8ca2682cb606c7604b26f433daf6d95c358be5879e2fdbc06135604fd
session_indy_nxt_2024_6315,2,32,driver_jordan_missig,Jordan Missig,21,false,false,18,18,0,61e7c0e8ca2682cb606c7604b26f433daf6d95c358be5879e2fdbc06135604fd
session_indy_nxt_2024_6315,2,32,driver_bryce_aron,Bryce Aron,27,true,false,14,14,0,61e7c0e8ca2682cb606c7604b26f433daf6d95c358be5879e2fdbc06135604fd
session_indy_nxt_2024_6315,2,32,driver_jamie_chadwick,Jamie Chadwick,28,false,true,3,3,0,61e7c0e8ca2682cb606c7604b26f433daf6d95c358be5879e2fdbc06135604fd
session_indy_nxt_2024_6315,2,32,driver_james_roe,James Roe,29,false,true,15,15,0,61e7c0e8ca2682cb606c7604b26f433daf6d95c358be5879e2fdbc06135604fd
session_indy_nxt_2024_6315,2,32,driver_michael_d_orlando,Michael d'Orlando,3,false,false,13,13,0,61e7c0e8ca2682cb606c7604b26f433daf6d95c358be5879e2fdbc06135604fd
session_indy_nxt_2024_6315,2,32,driver_nolan_siegel,Nolan Siegel,39,false,false,2,2,0,61e7c0e8ca2682cb606c7604b26f433daf6d95c358be5879e2fdbc06135604fd
session_indy_nxt_2024_6315,2,32,driver_jack_william_miller,Jack William Miller,40,false,false,16,16,0,61e7c0e8ca2682cb606c7604b26f433daf6d95c358be5879e2fdbc06135604fd
session_indy_nxt_2024_6315,2,32,driver_jacob_abel,Jacob Abel,51,false,false,1,1,0,61e7c0e8ca2682cb606c7604b26f433daf6d95c358be5879e2fdbc06135604fd
session_indy_nxt_2024_6315,2,32,driver_lindsay_brewer,Lindsay Brewer,76,false,false,17,17,0,61e7c0e8ca2682cb606c7604b26f433daf6d95c358be5879e2fdbc06135604fd
session_indy_nxt_2024_6315,2,32,driver_reece_gold,Reece Gold,10,false,false,5,6,-1,61e7c0e8ca2682cb606c7604b26f433daf6d95c358be5879e2fdbc06135604fd
session_indy_nxt_2024_6315,2,32,driver_jonathan_browne,Jonathan Browne,23,false,false,7,8,-1,61e7c0e8ca2682cb606c7604b26f433daf6d95c358be5879e2fdbc06135604fd
session_indy_nxt_2024_6315,2,32,driver_nolan_allaer,Nolan Allaer,11,false,false,10,12,-2,61e7c0e8ca2682cb606c7604b26f433daf6d95c358be5879e2fdbc06135604fd
session_indy_nxt_2024_6315,2,32,driver_niels_koolen,Niels Koolen,33,false,false,8,10,-2,61e7c0e8ca2682cb606c7604b26f433daf6d95c358be5879e2fdbc06135604fd
session_indy_nxt_2024_6316,1,5,driver_michael_d_orlando,Michael d'Orlando,3,false,false,11,8,3,61e7c0e8ca2682cb606c7604b26f433daf6d95c358be5879e2fdbc06135604fd
session_indy_nxt_2024_6316,1,5,driver_jack_william_miller,Jack William Miller,40,false,false,19,17,2,61e7c0e8ca2682cb606c7604b26f433daf6d95c358be5879e2fdbc06135604fd
session_indy_nxt_2024_6316,1,5,driver_callum_hedge,Callum Hedge,17,false,false,7,6,1,61e7c0e8ca2682cb606c7604b26f433daf6d95c358be5879e2fdbc06135604fd
session_indy_nxt_2024_6316,1,5,driver_salvador_de_alba,Salvador de Alba,2,false,false,12,11,1,61e7c0e8ca2682cb606c7604b26f433daf6d95c358be5879e2fdbc06135604fd
session_indy_nxt_2024_6316,1,5,driver_jordan_missig,Jordan Missig,21,false,false,15,14,1,61e7c0e8ca2682cb606c7604b26f433daf6d95c358be5879e2fdbc06135604fd
session_indy_nxt_2024_6316,1,5,driver_yuven_sundaramoorthy,Yuven Sundaramoorthy,22,false,false,10,9,1,61e7c0e8ca2682cb606c7604b26f433daf6d95c358be5879e2fdbc06135604fd
session_indy_nxt_2024_6316,1,5,driver_jonathan_browne,Jonathan Browne,23,false,false,13,12,1,61e7c0e8ca2682cb606c7604b26f433daf6d95c358be5879e2fdbc06135604fd
session_indy_nxt_2024_6316,1,5,driver_bryce_aron,Bryce Aron,27,true,false,6,5,1,61e7c0e8ca2682cb606c7604b26f433daf6d95c358be5879e2fdbc06135604fd
session_indy_nxt_2024_6316,1,5,driver_caio_collet,Caio Collet,18,false,false,4,4,0,61e7c0e8ca2682cb606c7604b26f433daf6d95c358be5879e2fdbc06135604fd
session_indy_nxt_2024_6316,1,5,driver_louis_foster,Louis Foster,26,false,true,3,3,0,61e7c0e8ca2682cb606c7604b26f433daf6d95c358be5879e2fdbc06135604fd
session_indy_nxt_2024_6316,1,5,driver_jamie_chadwick,Jamie Chadwick,28,false,true,1,1,0,61e7c0e8ca2682cb606c7604b26f433daf6d95c358be5879e2fdbc06135604fd
session_indy_nxt_2024_6316,1,5,driver_james_roe,James Roe,29,false,true,21,21,0,61e7c0e8ca2682cb606c7604b26f433daf6d95c358be5879e2fdbc06135604fd
session_indy_nxt_2024_6316,1,5,driver_kiko_porto,Kiko Porto,39,false,false,20,20,0,61e7c0e8ca2682cb606c7604b26f433daf6d95c358be5879e2fdbc06135604fd
session_indy_nxt_2024_6316,1,5,driver_jacob_abel,Jacob Abel,51,false,false,2,2,0,61e7c0e8ca2682cb606c7604b26f433daf6d95c358be5879e2fdbc06135604fd
session_indy_nxt_2024_6316,1,5,driver_christian_bogle,Christian Bogle,7,false,false,16,16,0,61e7c0e8ca2682cb606c7604b26f433daf6d95c358be5879e2fdbc06135604fd
session_indy_nxt_2024_6316,1,5,driver_nolan_allaer,Nolan Allaer,11,false,false,14,15,-1,61e7c0e8ca2682cb606c7604b26f433daf6d95c358be5879e2fdbc06135604fd
session_indy_nxt_2024_6316,1,5,driver_niels_koolen,Niels Koolen,33,false,false,17,18,-1,61e7c0e8ca2682cb606c7604b26f433daf6d95c358be5879e2fdbc06135604fd
session_indy_nxt_2024_6316,1,5,driver_lindsay_brewer,Lindsay Brewer,76,false,false,18,19,-1,61e7c0e8ca2682cb606c7604b26f433daf6d95c358be5879e2fdbc06135604fd
session_indy_nxt_2024_6316,1,5,driver_reece_gold,Reece Gold,10,false,false,5,7,-2,61e7c0e8ca2682cb606c7604b26f433daf6d95c358be5879e2fdbc06135604fd
session_indy_nxt_2024_6316,1,5,driver_myles_rowe,Myles Rowe,99,false,false,8,10,-2,61e7c0e8ca2682cb606c7604b26f433daf6d95c358be5879e2fdbc06135604fd
session_indy_nxt_2024_6316,1,5,driver_josh_pierson,Josh Pierson,14,false,false,9,13,-4,61e7c0e8ca2682cb606c7604b26f433daf6d95c358be5879e2fdbc06135604fd
session_indy_nxt_2024_6316,2,11,driver_reece_gold,Reece Gold,10,false,false,7,6,1,61e7c0e8ca2682cb606c7604b26f433daf6d95c358be5879e2fdbc06135604fd
session_indy_nxt_2024_6316,2,11,driver_josh_pierson,Josh Pierson,14,false,false,12,11,1,61e7c0e8ca2682cb606c7604b26f433daf6d95c358be5879e2fdbc06135604fd
session_indy_nxt_2024_6316,2,11,driver_louis_foster,Louis Foster,26,false,true,3,2,1,61e7c0e8ca2682cb606c7604b26f433daf6d95c358be5879e2fdbc06135604fd
session_indy_nxt_2024_6316,2,11,driver_kiko_porto,Kiko Porto,39,false,false,18,17,1,61e7c0e8ca2682cb606c7604b26f433daf6d95c358be5879e2fdbc06135604fd
session_indy_nxt_2024_6316,2,11,driver_christian_bogle,Christian Bogle,7,false,false,14,13,1,61e7c0e8ca2682cb606c7604b26f433daf6d95c358be5879e2fdbc06135604fd
session_indy_nxt_2024_6316,2,11,driver_callum_hedge,Callum Hedge,17,false,false,5,5,0,61e7c0e8ca2682cb606c7604b26f433daf6d95c358be5879e2fdbc06135604fd
session_indy_nxt_2024_6316,2,11,driver_caio_collet,Caio Collet,18,false,false,4,4,0,61e7c0e8ca2682cb606c7604b26f433daf6d95c358be5879e2fdbc06135604fd
session_indy_nxt_2024_6316,2,11,driver_yuven_sundaramoorthy,Yuven Sundaramoorthy,22,false,false,9,9,0,61e7c0e8ca2682cb606c7604b26f433daf6d95c358be5879e2fdbc06135604fd
session_indy_nxt_2024_6316,2,11,driver_jonathan_browne,Jonathan Browne,23,false,false,20,20,0,61e7c0e8ca2682cb606c7604b26f433daf6d95c358be5879e2fdbc06135604fd
session_indy_nxt_2024_6316,2,11,driver_jamie_chadwick,Jamie Chadwick,28,false,true,1,1,0,61e7c0e8ca2682cb606c7604b26f433daf6d95c358be5879e2fdbc06135604fd
session_indy_nxt_2024_6316,2,11,driver_james_roe,James Roe,29,false,true,19,19,0,61e7c0e8ca2682cb606c7604b26f433daf6d95c358be5879e2fdbc06135604fd
session_indy_nxt_2024_6316,2,11,driver_michael_d_orlando,Michael d'Orlando,3,false,false,8,8,0,61e7c0e8ca2682cb606c7604b26f433daf6d95c358be5879e2fdbc06135604fd
session_indy_nxt_2024_6316,2,11,driver_niels_koolen,Niels Koolen,33,false,false,15,15,0,61e7c0e8ca2682cb606c7604b26f433daf6d95c358be5879e2fdbc06135604fd
session_indy_nxt_2024_6316,2,11,driver_jack_william_miller,Jack William Miller,40,false,false,16,16,0,61e7c0e8ca2682cb606c7604b26f433daf6d95c358be5879e2fdbc06135604fd
session_indy_nxt_2024_6316,2,11,driver_myles_rowe,Myles Rowe,99,false,false,10,10,0,61e7c0e8ca2682cb606c7604b26f433daf6d95c358be5879e2fdbc06135604fd
session_indy_nxt_2024_6316,2,11,driver_nolan_allaer,Nolan Allaer,11,false,false,13,14,-1,61e7c0e8ca2682cb606c7604b26f433daf6d95c358be5879e2fdbc06135604fd
session_indy_nxt_2024_6316,2,11,driver_jordan_missig,Jordan Missig,21,false,false,11,12,-1,61e7c0e8ca2682cb606c7604b26f433daf6d95c358be5879e2fdbc06135604fd
session_indy_nxt_2024_6316,2,11,driver_bryce_aron,Bryce Aron,27,true,false,6,7,-1,61e7c0e8ca2682cb606c7604b26f433daf6d95c358be5879e2fdbc06135604fd
session_indy_nxt_2024_6316,2,11,driver_jacob_abel,Jacob Abel,51,false,false,2,3,-1,61e7c0e8ca2682cb606c7604b26f433daf6d95c358be5879e2fdbc06135604fd
session_indy_nxt_2024_6316,2,11,driver_lindsay_brewer,Lindsay Brewer,76,false,false,17,18,-1,61e7c0e8ca2682cb606c7604b26f433daf6d95c358be5879e2fdbc06135604fd
session_indy_nxt_2024_6316,3,17,driver_nolan_allaer,Nolan Allaer,11,false,false,14,11,3,61e7c0e8ca2682cb606c7604b26f433daf6d95c358be5879e2fdbc06135604fd
session_indy_nxt_2024_6316,3,17,driver_jonathan_browne,Jonathan Browne,23,false,false,20,17,3,61e7c0e8ca2682cb606c7604b26f433daf6d95c358be5879e2fdbc06135604fd
session_indy_nxt_2024_6316,3,17,driver_josh_pierson,Josh Pierson,14,false,false,12,10,2,61e7c0e8ca2682cb606c7604b26f433daf6d95c358be5879e2fdbc06135604fd
session_indy_nxt_2024_6316,3,17,driver_niels_koolen,Niels Koolen,33,false,false,15,13,2,61e7c0e8ca2682cb606c7604b26f433daf6d95c358be5879e2fdbc06135604fd
session_indy_nxt_2024_6316,3,17,driver_kiko_porto,Kiko Porto,39,false,false,16,14,2,61e7c0e8ca2682cb606c7604b26f433daf6d95c358be5879e2fdbc06135604fd
session_indy_nxt_2024_6316,3,17,driver_jack_william_miller,Jack William Miller,40,false,false,17,15,2,61e7c0e8ca2682cb606c7604b26f433daf6d95c358be5879e2fdbc06135604fd
session_indy_nxt_2024_6316,3,17,driver_lindsay_brewer,Lindsay Brewer,76,false,false,18,16,2,61e7c0e8ca2682cb606c7604b26f433daf6d95c358be5879e2fdbc06135604fd
session_indy_nxt_2024_6316,3,17,driver_bryce_aron,Bryce Aron,27,true,false,7,6,1,61e7c0e8ca2682cb606c7604b26f433daf6d95c358be5879e2fdbc06135604fd
session_indy_nxt_2024_6316,3,17,driver_james_roe,James Roe,29,false,true,19,18,1,61e7c0e8ca2682cb606c7604b26f433daf6d95c358be5879e2fdbc06135604fd
session_indy_nxt_2024_6316,3,17,driver_christian_bogle,Christian Bogle,7,false,false,13,12,1,61e7c0e8ca2682cb606c7604b26f433daf6d95c358be5879e2fdbc06135604fd
session_indy_nxt_2024_6316,3,17,driver_reece_gold,Reece Gold,10,false,false,5,5,0,61e7c0e8ca2682cb606c7604b26f433daf6d95c358be5879e2fdbc06135604fd
session_indy_nxt_2024_6316,3,17,driver_caio_collet,Caio Collet,18,false,false,4,4,0,61e7c0e8ca2682cb606c7604b26f433daf6d95c358be5879e2fdbc06135604fd
session_indy_nxt_2024_6316,3,17,driver_yuven_sundaramoorthy,Yuven Sundaramoorthy,22,false,false,8,8,0,61e7c0e8ca2682cb606c7604b26f433daf6d95c358be5879e2fdbc06135604fd
session_indy_nxt_2024_6316,3,17,driver_louis_foster,Louis Foster,26,false,true,2,2,0,61e7c0e8ca2682cb606c7604b26f433daf6d95c358be5879e2fdbc06135604fd
session_indy_nxt_2024_6316,3,17,driver_jamie_chadwick,Jamie Chadwick,28,false,true,1,1,0,61e7c0e8ca2682cb606c7604b26f433daf6d95c358be5879e2fdbc06135604fd
session_indy_nxt_2024_6316,3,17,driver_michael_d_orlando,Michael d'Orlando,3,false,false,9,9,0,61e7c0e8ca2682cb606c7604b26f433daf6d95c358be5879e2fdbc06135604fd
session_indy_nxt_2024_6316,3,17,driver_jacob_abel,Jacob Abel,51,false,false,3,3,0,61e7c0e8ca2682cb606c7604b26f433daf6d95c358be5879e2fdbc06135604fd
session_indy_nxt_2024_6316,3,17,driver_callum_hedge,Callum Hedge,17,false,false,6,7,-1,61e7c0e8ca2682cb606c7604b26f433daf6d95c358be5879e2fdbc06135604fd
session_indy_nxt_2024_6317,1,8,driver_ricardo_escotto,Ricardo Escotto,75,false,false,18,16,2,61e7c0e8ca2682cb606c7604b26f433daf6d95c358be5879e2fdbc06135604fd
session_indy_nxt_2024_6317,1,8,driver_jonathan_browne,Jonathan Browne,23,false,false,16,15,1,61e7c0e8ca2682cb606c7604b26f433daf6d95c358be5879e2fdbc06135604fd
session_indy_nxt_2024_6317,1,8,driver_myles_rowe,Myles Rowe,99,false,false,6,5,1,61e7c0e8ca2682cb606c7604b26f433daf6d95c358be5879e2fdbc06135604fd
session_indy_nxt_2024_6317,1,8,driver_reece_gold,Reece Gold,10,false,false,20,20,0,61e7c0e8ca2682cb606c7604b26f433daf6d95c358be5879e2fdbc06135604fd
session_indy_nxt_2024_6317,1,8,driver_josh_pierson,Josh Pierson,14,false,false,12,12,0,61e7c0e8ca2682cb606c7604b26f433daf6d95c358be5879e2fdbc06135604fd
session_indy_nxt_2024_6317,1,8,driver_callum_hedge,Callum Hedge,17,false,false,13,13,0,61e7c0e8ca2682cb606c7604b26f433daf6d95c358be5879e2fdbc06135604fd
session_indy_nxt_2024_6317,1,8,driver_caio_collet,Caio Collet,18,false,false,2,2,0,61e7c0e8ca2682cb606c7604b26f433daf6d95c358be5879e2fdbc06135604fd
session_indy_nxt_2024_6317,1,8,driver_salvador_de_alba,Salvador de Alba,2,false,false,14,14,0,61e7c0e8ca2682cb606c7604b26f433daf6d95c358be5879e2fdbc06135604fd
session_indy_nxt_2024_6317,1,8,driver_yuven_sundaramoorthy,Yuven Sundaramoorthy,22,false,false,4,4,0,61e7c0e8ca2682cb606c7604b26f433daf6d95c358be5879e2fdbc06135604fd
session_indy_nxt_2024_6317,1,8,driver_louis_foster,Louis Foster,26,false,true,1,1,0,61e7c0e8ca2682cb606c7604b26f433daf6d95c358be5879e2fdbc06135604fd
session_indy_nxt_2024_6317,1,8,driver_bryce_aron,Bryce Aron,27,true,false,7,7,0,61e7c0e8ca2682cb606c7604b26f433daf6d95c358be5879e2fdbc06135604fd
session_indy_nxt_2024_6317,1,8,driver_jamie_chadwick,Jamie Chadwick,28,false,true,11,11,0,61e7c0e8ca2682cb606c7604b26f433daf6d95c358be5879e2fdbc06135604fd
session_indy_nxt_2024_6317,1,8,driver_james_roe,James Roe,29,false,true,8,8,0,61e7c0e8ca2682cb606c7604b26f433daf6d95c358be5879e2fdbc06135604fd
session_indy_nxt_2024_6317,1,8,driver_niels_koolen,Niels Koolen,33,false,false,17,17,0,61e7c0e8ca2682cb606c7604b26f433daf6d95c358be5879e2fdbc06135604fd
session_indy_nxt_2024_6317,1,8,driver_christian_brooks,Christian Brooks,39,false,false,10,10,0,61e7c0e8ca2682cb606c7604b26f433daf6d95c358be5879e2fdbc06135604fd
session_indy_nxt_2024_6317,1,8,driver_jack_william_miller,Jack William Miller,40,false,false,9,9,0,61e7c0e8ca2682cb606c7604b26f433daf6d95c358be5879e2fdbc06135604fd
session_indy_nxt_2024_6317,1,8,driver_jacob_abel,Jacob Abel,51,false,false,3,3,0,61e7c0e8ca2682cb606c7604b26f433daf6d95c358be5879e2fdbc06135604fd
session_indy_nxt_2024_6317,1,8,driver_lindsay_brewer,Lindsay Brewer,76,false,false,19,19,0,61e7c0e8ca2682cb606c7604b26f433daf6d95c358be5879e2fdbc06135604fd
session_indy_nxt_2024_6317,1,8,driver_christian_bogle,Christian Bogle,7,false,false,5,6,-1,61e7c0e8ca2682cb606c7604b26f433daf6d95c358be5879e2fdbc06135604fd
session_indy_nxt_2024_6317,1,8,driver_nolan_allaer,Nolan Allaer,11,false,false,15,18,-3,61e7c0e8ca2682cb606c7604b26f433daf6d95c358be5879e2fdbc06135604fd
session_indy_nxt_2024_6318,1,4,driver_jordan_missig,Jordan Missig,21,false,false,18,17,1,61e7c0e8ca2682cb606c7604b26f433daf6d95c358be5879e2fdbc06135604fd
session_indy_nxt_2024_6318,1,4,driver_jonathan_browne,Jonathan Browne,23,false,false,8,7,1,61e7c0e8ca2682cb606c7604b26f433daf6d95c358be5879e2fdbc06135604fd
session_indy_nxt_2024_6318,1,4,driver_bryce_aron,Bryce Aron,27,true,false,19,18,1,61e7c0e8ca2682cb606c7604b26f433daf6d95c358be5879e2fdbc06135604fd
session_indy_nxt_2024_6318,1,4,driver_reece_gold,Reece Gold,10,false,false,6,6,0,61e7c0e8ca2682cb606c7604b26f433daf6d95c358be5879e2fdbc06135604fd
session_indy_nxt_2024_6318,1,4,driver_josh_pierson,Josh Pierson,14,false,false,9,9,0,61e7c0e8ca2682cb606c7604b26f433daf6d95c358be5879e2fdbc06135604fd
session_indy_nxt_2024_6318,1,4,driver_callum_hedge,Callum Hedge,17,false,false,4,4,0,61e7c0e8ca2682cb606c7604b26f433daf6d95c358be5879e2fdbc06135604fd
session_indy_nxt_2024_6318,1,4,driver_caio_collet,Caio Collet,18,false,false,1,1,0,61e7c0e8ca2682cb606c7604b26f433daf6d95c358be5879e2fdbc06135604fd
session_indy_nxt_2024_6318,1,4,driver_salvador_de_alba,Salvador de Alba,2,false,false,11,11,0,61e7c0e8ca2682cb606c7604b26f433daf6d95c358be5879e2fdbc06135604fd
session_indy_nxt_2024_6318,1,4,driver_yuven_sundaramoorthy,Yuven Sundaramoorthy,22,false,false,12,12,0,61e7c0e8ca2682cb606c7604b26f433daf6d95c358be5879e2fdbc06135604fd
session_indy_nxt_2024_6318,1,4,driver_louis_foster,Louis Foster,26,false,true,2,2,0,61e7c0e8ca2682cb606c7604b26f433daf6d95c358be5879e2fdbc06135604fd
session_indy_nxt_2024_6318,1,4,driver_jamie_chadwick,Jamie Chadwick,28,false,true,15,15,0,61e7c0e8ca2682cb606c7604b26f433daf6d95c358be5879e2fdbc06135604fd
session_indy_nxt_2024_6318,1,4,driver_james_roe,James Roe,29,false,true,13,13,0,61e7c0e8ca2682cb606c7604b26f433daf6d95c358be5879e2fdbc06135604fd
session_indy_nxt_2024_6318,1,4,driver_jagger_jones,Jagger Jones,33,false,false,14,14,0,61e7c0e8ca2682cb606c7604b26f433daf6d95c358be5879e2fdbc06135604fd
session_indy_nxt_2024_6318,1,4,driver_christian_brooks,Christian Brooks,39,false,false,5,5,0,61e7c0e8ca2682cb606c7604b26f433daf6d95c358be5879e2fdbc06135604fd
session_indy_nxt_2024_6318,1,4,driver_jack_william_miller,Jack William Miller,40,false,false,16,16,0,61e7c0e8ca2682cb606c7604b26f433daf6d95c358be5879e2fdbc06135604fd
session_indy_nxt_2024_6318,1,4,driver_jacob_abel,Jacob Abel,51,false,false,3,3,0,61e7c0e8ca2682cb606c7604b26f433daf6d95c358be5879e2fdbc06135604fd
session_indy_nxt_2024_6318,1,4,driver_christian_bogle,Christian Bogle,7,false,false,10,10,0,61e7c0e8ca2682cb606c7604b26f433daf6d95c358be5879e2fdbc06135604fd
session_indy_nxt_2024_6318,1,4,driver_nolan_allaer,Nolan Allaer,11,false,false,7,8,-1,61e7c0e8ca2682cb606c7604b26f433daf6d95c358be5879e2fdbc06135604fd
session_indy_nxt_2024_6318,1,4,driver_myles_rowe,Myles Rowe,99,false,false,17,19,-2,61e7c0e8ca2682cb606c7604b26f433daf6d95c358be5879e2fdbc06135604fd
session_indy_nxt_2024_6319,1,39,driver_yuven_sundaramoorthy,Yuven Sundaramoorthy,22,false,false,12,10,2,61e7c0e8ca2682cb606c7604b26f433daf6d95c358be5879e2fdbc06135604fd
session_indy_nxt_2024_6319,1,39,driver_jonathan_browne,Jonathan Browne,23,false,false,11,9,2,61e7c0e8ca2682cb606c7604b26f433daf6d95c358be5879e2fdbc06135604fd
session_indy_nxt_2024_6319,1,39,driver_jack_william_miller,Jack William Miller,40,false,false,13,11,2,61e7c0e8ca2682cb606c7604b26f433daf6d95c358be5879e2fdbc06135604fd
session_indy_nxt_2024_6319,1,39,driver_josh_pierson,Josh Pierson,14,false,false,14,13,1,61e7c0e8ca2682cb606c7604b26f433daf6d95c358be5879e2fdbc06135604fd
session_indy_nxt_2024_6319,1,39,driver_salvador_de_alba,Salvador de Alba,2,false,false,5,4,1,61e7c0e8ca2682cb606c7604b26f433daf6d95c358be5879e2fdbc06135604fd
session_indy_nxt_2024_6319,1,39,driver_bryce_aron,Bryce Aron,27,true,false,9,8,1,61e7c0e8ca2682cb606c7604b26f433daf6d95c358be5879e2fdbc06135604fd
session_indy_nxt_2024_6319,1,39,driver_christian_brooks,Christian Brooks,39,false,false,7,6,1,61e7c0e8ca2682cb606c7604b26f433daf6d95c358be5879e2fdbc06135604fd
session_indy_nxt_2024_6319,1,39,driver_louis_foster,Louis Foster,26,false,true,2,2,0,61e7c0e8ca2682cb606c7604b26f433daf6d95c358be5879e2fdbc06135604fd
session_indy_nxt_2024_6319,1,39,driver_james_roe,James Roe,29,false,true,1,1,0,61e7c0e8ca2682cb606c7604b26f433daf6d95c358be5879e2fdbc06135604fd
session_indy_nxt_2024_6319,1,39,driver_niels_koolen,Niels Koolen,33,false,false,15,15,0,61e7c0e8ca2682cb606c7604b26f433daf6d95c358be5879e2fdbc06135604fd
session_indy_nxt_2024_6319,1,39,driver_taylor_ferns,Taylor Ferns,55,false,false,16,16,0,61e7c0e8ca2682cb606c7604b26f433daf6d95c358be5879e2fdbc06135604fd
session_indy_nxt_2024_6319,1,39,driver_christian_bogle,Christian Bogle,7,false,false,3,3,0,61e7c0e8ca2682cb606c7604b26f433daf6d95c358be5879e2fdbc06135604fd
session_indy_nxt_2024_6319,1,39,driver_callum_hedge,Callum Hedge,17,false,false,6,7,-1,61e7c0e8ca2682cb606c7604b26f433daf6d95c358be5879e2fdbc06135604fd
session_indy_nxt_2024_6319,1,39,driver_jamie_chadwick,Jamie Chadwick,28,false,true,4,5,-1,61e7c0e8ca2682cb606c7604b26f433daf6d95c358be5879e2fdbc06135604fd
session_indy_nxt_2024_6319,1,39,driver_reece_gold,Reece Gold,10,false,false,10,14,-4,61e7c0e8ca2682cb606c7604b26f433daf6d95c358be5879e2fdbc06135604fd
session_indy_nxt_2024_6319,1,39,driver_jacob_abel,Jacob Abel,51,false,false,8,12,-4,61e7c0e8ca2682cb606c7604b26f433daf6d95c358be5879e2fdbc06135604fd
session_indy_nxt_2024_6320,1,6,driver_bryce_aron,Bryce Aron,27,true,false,12,10,2,61e7c0e8ca2682cb606c7604b26f433daf6d95c358be5879e2fdbc06135604fd
session_indy_nxt_2024_6320,1,6,driver_jacob_abel,Jacob Abel,51,false,false,6,4,2,61e7c0e8ca2682cb606c7604b26f433daf6d95c358be5879e2fdbc06135604fd
session_indy_nxt_2024_6320,1,6,driver_callum_hedge,Callum Hedge,17,false,false,7,6,1,61e7c0e8ca2682cb606c7604b26f433daf6d95c358be5879e2fdbc06135604fd
session_indy_nxt_2024_6320,1,6,driver_caio_collet,Caio Collet,18,false,false,3,2,1,61e7c0e8ca2682cb606c7604b26f433daf6d95c358be5879e2fdbc06135604fd
session_indy_nxt_2024_6320,1,6,driver_yuven_sundaramoorthy,Yuven Sundaramoorthy,22,false,false,8,7,1,61e7c0e8ca2682cb606c7604b26f433daf6d95c358be5879e2fdbc06135604fd
session_indy_nxt_2024_6320,1,6,driver_reece_gold,Reece Gold,10,false,false,9,9,0,61e7c0e8ca2682cb606c7604b26f433daf6d95c358be5879e2fdbc06135604fd
session_indy_nxt_2024_6320,1,6,driver_josh_pierson,Josh Pierson,14,false,false,13,13,0,61e7c0e8ca2682cb606c7604b26f433daf6d95c358be5879e2fdbc06135604fd
session_indy_nxt_2024_6320,1,6,driver_jordan_missig,Jordan Missig,21,false,false,14,14,0,61e7c0e8ca2682cb606c7604b26f433daf6d95c358be5879e2fdbc06135604fd
session_indy_nxt_2024_6320,1,6,driver_jonathan_browne,Jonathan Browne,23,false,false,15,15,0,61e7c0e8ca2682cb606c7604b26f433daf6d95c358be5879e2fdbc06135604fd
session_indy_nxt_2024_6320,1,6,driver_louis_foster,Louis Foster,26,false,true,1,1,0,61e7c0e8ca2682cb606c7604b26f433daf6d95c358be5879e2fdbc06135604fd
session_indy_nxt_2024_6320,1,6,driver_james_roe,James Roe,29,false,true,11,11,0,61e7c0e8ca2682cb606c7604b26f433daf6d95c358be5879e2fdbc06135604fd
session_indy_nxt_2024_6320,1,6,driver_taylor_ferns,Taylor Ferns,55,false,false,16,16,0,61e7c0e8ca2682cb606c7604b26f433daf6d95c358be5879e2fdbc06135604fd
session_indy_nxt_2024_6320,1,6,driver_jamie_chadwick,Jamie Chadwick,28,false,true,2,3,-1,61e7c0e8ca2682cb606c7604b26f433daf6d95c358be5879e2fdbc06135604fd
session_indy_nxt_2024_6320,1,6,driver_christian_brooks,Christian Brooks,39,false,false,4,5,-1,61e7c0e8ca2682cb606c7604b26f433daf6d95c358be5879e2fdbc06135604fd
session_indy_nxt_2024_6320,1,6,driver_salvador_de_alba,Salvador de Alba,2,false,false,10,12,-2,61e7c0e8ca2682cb606c7604b26f433daf6d95c358be5879e2fdbc06135604fd
session_indy_nxt_2024_6320,1,6,driver_christian_bogle,Christian Bogle,7,false,false,5,8,-3,61e7c0e8ca2682cb606c7604b26f433daf6d95c358be5879e2fdbc06135604fd
session_indy_nxt_2024_6320,2,16,driver_salvador_de_alba,Salvador de Alba,2,false,false,10,8,2,61e7c0e8ca2682cb606c7604b26f433daf6d95c358be5879e2fdbc06135604fd
session_indy_nxt_2024_6320,2,16,driver_yuven_sundaramoorthy,Yuven Sundaramoorthy,22,false,false,5,4,1,61e7c0e8ca2682cb606c7604b26f433daf6d95c358be5879e2fdbc06135604fd
session_indy_nxt_2024_6320,2,16,driver_reece_gold,Reece Gold,10,false,false,7,7,0,61e7c0e8ca2682cb606c7604b26f433daf6d95c358be5879e2fdbc06135604fd
session_indy_nxt_2024_6320,2,16,driver_josh_pierson,Josh Pierson,14,false,false,11,11,0,61e7c0e8ca2682cb606c7604b26f433daf6d95c358be5879e2fdbc06135604fd
session_indy_nxt_2024_6320,2,16,driver_caio_collet,Caio Collet,18,false,false,15,15,0,61e7c0e8ca2682cb606c7604b26f433daf6d95c358be5879e2fdbc06135604fd
session_indy_nxt_2024_6320,2,16,driver_jordan_missig,Jordan Missig,21,false,false,12,12,0,61e7c0e8ca2682cb606c7604b26f433daf6d95c358be5879e2fdbc06135604fd
session_indy_nxt_2024_6320,2,16,driver_jonathan_browne,Jonathan Browne,23,false,false,13,13,0,61e7c0e8ca2682cb606c7604b26f433daf6d95c358be5879e2fdbc06135604fd
session_indy_nxt_2024_6320,2,16,driver_louis_foster,Louis Foster,26,false,true,1,1,0,61e7c0e8ca2682cb606c7604b26f433daf6d95c358be5879e2fdbc06135604fd
session_indy_nxt_2024_6320,2,16,driver_christian_brooks,Christian Brooks,39,false,false,3,3,0,61e7c0e8ca2682cb606c7604b26f433daf6d95c358be5879e2fdbc06135604fd
session_indy_nxt_2024_6320,2,16,driver_jacob_abel,Jacob Abel,51,false,false,2,2,0,61e7c0e8ca2682cb606c7604b26f433daf6d95c358be5879e2fdbc06135604fd
session_indy_nxt_2024_6320,2,16,driver_taylor_ferns,Taylor Ferns,55,false,false,14,14,0,61e7c0e8ca2682cb606c7604b26f433daf6d95c358be5879e2fdbc06135604fd
session_indy_nxt_2024_6320,2,16,driver_christian_bogle,Christian Bogle,7,false,false,6,6,0,61e7c0e8ca2682cb606c7604b26f433daf6d95c358be5879e2fdbc06135604fd
session_indy_nxt_2024_6320,2,16,driver_callum_hedge,Callum Hedge,17,false,false,4,5,-1,61e7c0e8ca2682cb606c7604b26f433daf6d95c358be5879e2fdbc06135604fd
session_indy_nxt_2024_6320,2,16,driver_bryce_aron,Bryce Aron,27,true,false,9,10,-1,61e7c0e8ca2682cb606c7604b26f433daf6d95c358be5879e2fdbc06135604fd
session_indy_nxt_2024_6320,2,16,driver_james_roe,James Roe,29,false,true,8,9,-1,61e7c0e8ca2682cb606c7604b26f433daf6d95c358be5879e2fdbc06135604fd
session_indy_nxt_2024_6320,3,60,driver_callum_hedge,Callum Hedge,17,false,false,8,5,3,61e7c0e8ca2682cb606c7604b26f433daf6d95c358be5879e2fdbc06135604fd
session_indy_nxt_2024_6320,3,60,driver_jordan_missig,Jordan Missig,21,false,false,10,9,1,61e7c0e8ca2682cb606c7604b26f433daf6d95c358be5879e2fdbc06135604fd
session_indy_nxt_2024_6320,3,60,driver_bryce_aron,Bryce Aron,27,true,false,9,8,1,61e7c0e8ca2682cb606c7604b26f433daf6d95c358be5879e2fdbc06135604fd
session_indy_nxt_2024_6320,3,60,driver_christian_brooks,Christian Brooks,39,false,false,5,4,1,61e7c0e8ca2682cb606c7604b26f433daf6d95c358be5879e2fdbc06135604fd
session_indy_nxt_2024_6320,3,60,driver_reece_gold,Reece Gold,10,false,false,12,12,0,61e7c0e8ca2682cb606c7604b26f433daf6d95c358be5879e2fdbc06135604fd
session_indy_nxt_2024_6320,3,60,driver_yuven_sundaramoorthy,Yuven Sundaramoorthy,22,false,false,3,3,0,61e7c0e8ca2682cb606c7604b26f433daf6d95c358be5879e2fdbc06135604fd
session_indy_nxt_2024_6320,3,60,driver_jonathan_browne,Jonathan Browne,23,false,false,11,11,0,61e7c0e8ca2682cb606c7604b26f433daf6d95c358be5879e2fdbc06135604fd
session_indy_nxt_2024_6320,3,60,driver_louis_foster,Louis Foster,26,false,true,1,1,0,61e7c0e8ca2682cb606c7604b26f433daf6d95c358be5879e2fdbc06135604fd
session_indy_nxt_2024_6320,3,60,driver_jacob_abel,Jacob Abel,51,false,false,2,2,0,61e7c0e8ca2682cb606c7604b26f433daf6d95c358be5879e2fdbc06135604fd
session_indy_nxt_2024_6320,3,60,driver_christian_bogle,Christian Bogle,7,false,false,6,6,0,61e7c0e8ca2682cb606c7604b26f433daf6d95c358be5879e2fdbc06135604fd
session_indy_nxt_2024_6320,3,60,driver_salvador_de_alba,Salvador de Alba,2,false,false,4,7,-3,61e7c0e8ca2682cb606c7604b26f433daf6d95c358be5879e2fdbc06135604fd
session_indy_nxt_2024_6320,3,60,driver_james_roe,James Roe,29,false,true,7,10,-3,61e7c0e8ca2682cb606c7604b26f433daf6d95c358be5879e2fdbc06135604fd
session_indy_nxt_2024_6321,1,10,driver_callum_hedge,Callum Hedge,17,false,false,14,13,1,61e7c0e8ca2682cb606c7604b26f433daf6d95c358be5879e2fdbc06135604fd
session_indy_nxt_2024_6321,1,10,driver_jonathan_browne,Jonathan Browne,23,false,false,13,12,1,61e7c0e8ca2682cb606c7604b26f433daf6d95c358be5879e2fdbc06135604fd
session_indy_nxt_2024_6321,1,10,driver_reece_gold,Reece Gold,10,false,false,6,6,0,61e7c0e8ca2682cb606c7604b26f433daf6d95c358be5879e2fdbc06135604fd
session_indy_nxt_2024_6321,1,10,driver_josh_pierson,Josh Pierson,14,false,false,7,7,0,61e7c0e8ca2682cb606c7604b26f433daf6d95c358be5879e2fdbc06135604fd
session_indy_nxt_2024_6321,1,10,driver_caio_collet,Caio Collet,18,false,false,4,4,0,61e7c0e8ca2682cb606c7604b26f433daf6d95c358be5879e2fdbc06135604fd
session_indy_nxt_2024_6321,1,10,driver_salvador_de_alba,Salvador de Alba,2,false,false,15,15,0,61e7c0e8ca2682cb606c7604b26f433daf6d95c358be5879e2fdbc06135604fd
session_indy_nxt_2024_6321,1,10,driver_yuven_sundaramoorthy,Yuven Sundaramoorthy,22,false,false,9,9,0,61e7c0e8ca2682cb606c7604b26f433daf6d95c358be5879e2fdbc06135604fd
session_indy_nxt_2024_6321,1,10,driver_louis_foster,Louis Foster,26,false,true,2,2,0,61e7c0e8ca2682cb606c7604b26f433daf6d95c358be5879e2fdbc06135604fd
session_indy_nxt_2024_6321,1,10,driver_bryce_aron,Bryce Aron,27,true,false,3,3,0,61e7c0e8ca2682cb606c7604b26f433daf6d95c358be5879e2fdbc06135604fd
session_indy_nxt_2024_6321,1,10,driver_jamie_chadwick,Jamie Chadwick,28,false,true,11,11,0,61e7c0e8ca2682cb606c7604b26f433daf6d95c358be5879e2fdbc06135604fd
session_indy_nxt_2024_6321,1,10,driver_james_roe,James Roe,29,false,true,16,16,0,61e7c0e8ca2682cb606c7604b26f433daf6d95c358be5879e2fdbc06135604fd
session_indy_nxt_2024_6321,1,10,driver_christian_brooks,Christian Brooks,39,false,false,5,5,0,61e7c0e8ca2682cb606c7604b26f433daf6d95c358be5879e2fdbc06135604fd
session_indy_nxt_2024_6321,1,10,driver_jack_william_miller,Jack William Miller,40,false,false,10,10,0,61e7c0e8ca2682cb606c7604b26f433daf6d95c358be5879e2fdbc06135604fd
session_indy_nxt_2024_6321,1,10,driver_jacob_abel,Jacob Abel,51,false,false,1,1,0,61e7c0e8ca2682cb606c7604b26f433daf6d95c358be5879e2fdbc06135604fd
session_indy_nxt_2024_6321,1,10,driver_myles_rowe,Myles Rowe,99,false,false,8,8,0,61e7c0e8ca2682cb606c7604b26f433daf6d95c358be5879e2fdbc06135604fd
session_indy_nxt_2024_6321,1,10,driver_christian_bogle,Christian Bogle,7,false,false,12,14,-2,61e7c0e8ca2682cb606c7604b26f433daf6d95c358be5879e2fdbc06135604fd
session_indy_nxt_2024_6322,1,33,driver_salvador_de_alba,Salvador de Alba,2,false,false,3,2,1,61e7c0e8ca2682cb606c7604b26f433daf6d95c358be5879e2fdbc06135604fd
session_indy_nxt_2024_6322,1,33,driver_bryce_aron,Bryce Aron,27,true,false,6,5,1,61e7c0e8ca2682cb606c7604b26f433daf6d95c358be5879e2fdbc06135604fd
session_indy_nxt_2024_6322,1,33,driver_james_roe,James Roe,29,false,true,10,9,1,61e7c0e8ca2682cb606c7604b26f433daf6d95c358be5879e2fdbc06135604fd
session_indy_nxt_2024_6322,1,33,driver_jacob_abel,Jacob Abel,51,false,false,5,4,1,61e7c0e8ca2682cb606c7604b26f433daf6d95c358be5879e2fdbc06135604fd
session_indy_nxt_2024_6322,1,33,driver_ricardo_escotto,Ricardo Escotto,76,false,false,14,13,1,61e7c0e8ca2682cb606c7604b26f433daf6d95c358be5879e2fdbc06135604fd
session_indy_nxt_2024_6322,1,33,driver_callum_hedge,Callum Hedge,17,false,false,11,11,0,61e7c0e8ca2682cb606c7604b26f433daf6d95c358be5879e2fdbc06135604fd
session_indy_nxt_2024_6322,1,33,driver_caio_collet,Caio Collet,18,false,false,7,7,0,61e7c0e8ca2682cb606c7604b26f433daf6d95c358be5879e2fdbc06135604fd
session_indy_nxt_2024_6322,1,33,driver_yuven_sundaramoorthy,Yuven Sundaramoorthy,22,false,false,8,8,0,61e7c0e8ca2682cb606c7604b26f433daf6d95c358be5879e2fdbc06135604fd
session_indy_nxt_2024_6322,1,33,driver_jonathan_browne,Jonathan Browne,23,false,false,12,12,0,61e7c0e8ca2682cb606c7604b26f433daf6d95c358be5879e2fdbc06135604fd
session_indy_nxt_2024_6322,1,33,driver_louis_foster,Louis Foster,26,false,true,1,1,0,61e7c0e8ca2682cb606c7604b26f433daf6d95c358be5879e2fdbc06135604fd
session_indy_nxt_2024_6322,1,33,driver_myles_rowe,Myles Rowe,99,false,false,15,15,0,61e7c0e8ca2682cb606c7604b26f433daf6d95c358be5879e2fdbc06135604fd
session_indy_nxt_2024_6322,1,33,driver_josh_pierson,Josh Pierson,14,false,false,9,10,-1,61e7c0e8ca2682cb606c7604b26f433daf6d95c358be5879e2fdbc06135604fd
session_indy_nxt_2024_6322,1,33,driver_jamie_chadwick,Jamie Chadwick,28,false,true,2,3,-1,61e7c0e8ca2682cb606c7604b26f433daf6d95c358be5879e2fdbc06135604fd
session_indy_nxt_2024_6322,1,33,driver_christian_bogle,Christian Bogle,7,false,false,13,14,-1,61e7c0e8ca2682cb606c7604b26f433daf6d95c358be5879e2fdbc06135604fd
session_indy_nxt_2024_6322,1,33,driver_christian_brooks,Christian Brooks,39,false,false,4,6,-2,61e7c0e8ca2682cb606c7604b26f433daf6d95c358be5879e2fdbc06135604fd
session_indy_nxt_2024_6323,1,58,driver_nolan_allaer,Nolan Allaer,10,false,false,14,13,1,61e7c0e8ca2682cb606c7604b26f433daf6d95c358be5879e2fdbc06135604fd
session_indy_nxt_2024_6323,1,58,driver_josh_pierson,Josh Pierson,14,false,false,10,10,0,61e7c0e8ca2682cb606c7604b26f433daf6d95c358be5879e2fdbc06135604fd
session_indy_nxt_2024_6323,1,58,driver_caio_collet,Caio Collet,18,false,false,3,3,0,61e7c0e8ca2682cb606c7604b26f433daf6d95c358be5879e2fdbc06135604fd
session_indy_nxt_2024_6323,1,58,driver_salvador_de_alba,Salvador de Alba,2,false,false,5,5,0,61e7c0e8ca2682cb606c7604b26f433daf6d95c358be5879e2fdbc06135604fd
session_indy_nxt_2024_6323,1,58,driver_yuven_sundaramoorthy,Yuven Sundaramoorthy,22,false,false,2,2,0,61e7c0e8ca2682cb606c7604b26f433daf6d95c358be5879e2fdbc06135604fd
session_indy_nxt_2024_6323,1,58,driver_jonathan_browne,Jonathan Browne,23,false,false,12,12,0,61e7c0e8ca2682cb606c7604b26f433daf6d95c358be5879e2fdbc06135604fd
session_indy_nxt_2024_6323,1,58,driver_louis_foster,Louis Foster,26,false,true,1,1,0,61e7c0e8ca2682cb606c7604b26f433daf6d95c358be5879e2fdbc06135604fd
session_indy_nxt_2024_6323,1,58,driver_bryce_aron,Bryce Aron,27,true,false,6,6,0,61e7c0e8ca2682cb606c7604b26f433daf6d95c358be5879e2fdbc06135604fd
session_indy_nxt_2024_6323,1,58,driver_james_roe,James Roe,29,false,true,4,4,0,61e7c0e8ca2682cb606c7604b26f433daf6d95c358be5879e2fdbc06135604fd
session_indy_nxt_2024_6323,1,58,driver_michael_d_orlando,Michael d'Orlando,3,false,false,7,7,0,61e7c0e8ca2682cb606c7604b26f433daf6d95c358be5879e2fdbc06135604fd
session_indy_nxt_2024_6323,1,58,driver_christian_brooks,Christian Brooks,39,false,false,9,9,0,61e7c0e8ca2682cb606c7604b26f433daf6d95c358be5879e2fdbc06135604fd
session_indy_nxt_2024_6323,1,58,driver_jack_william_miller,Jack William Miller,40,false,false,15,15,0,61e7c0e8ca2682cb606c7604b26f433daf6d95c358be5879e2fdbc06135604fd
session_indy_nxt_2024_6323,1,58,driver_jacob_abel,Jacob Abel,51,false,false,8,8,0,61e7c0e8ca2682cb606c7604b26f433daf6d95c358be5879e2fdbc06135604fd
session_indy_nxt_2024_6323,1,58,driver_christian_bogle,Christian Bogle,7,false,false,11,11,0,61e7c0e8ca2682cb606c7604b26f433daf6d95c358be5879e2fdbc06135604fd
session_indy_nxt_2024_6323,1,58,driver_myles_rowe,Myles Rowe,99,false,false,13,14,-1,61e7c0e8ca2682cb606c7604b26f433daf6d95c358be5879e2fdbc06135604fd
session_indy_nxt_2024_6324,1,36,driver_reece_gold,Reece Gold,10,false,false,6,6,0,61e7c0e8ca2682cb606c7604b26f433daf6d95c358be5879e2fdbc06135604fd
session_indy_nxt_2024_6324,1,36,driver_nolan_allaer,Nolan Allaer,11,false,false,15,15,0,61e7c0e8ca2682cb606c7604b26f433daf6d95c358be5879e2fdbc06135604fd
session_indy_nxt_2024_6324,1,36,driver_josh_pierson,Josh Pierson,14,false,false,16,16,0,61e7c0e8ca2682cb606c7604b26f433daf6d95c358be5879e2fdbc06135604fd
session_indy_nxt_2024_6324,1,36,driver_callum_hedge,Callum Hedge,17,false,false,13,13,0,61e7c0e8ca2682cb606c7604b26f433daf6d95c358be5879e2fdbc06135604fd
session_indy_nxt_2024_6324,1,36,driver_caio_collet,Caio Collet,18,false,false,10,10,0,61e7c0e8ca2682cb606c7604b26f433daf6d95c358be5879e2fdbc06135604fd
session_indy_nxt_2024_6324,1,36,driver_salvador_de_alba,Salvador de Alba,2,false,false,8,8,0,61e7c0e8ca2682cb606c7604b26f433daf6d95c358be5879e2fdbc06135604fd
session_indy_nxt_2024_6324,1,36,driver_josh_mason,Josh Mason,21,false,false,14,14,0,61e7c0e8ca2682cb606c7604b26f433daf6d95c358be5879e2fdbc06135604fd
session_indy_nxt_2024_6324,1,36,driver_yuven_sundaramoorthy,Yuven Sundaramoorthy,22,false,false,12,12,0,61e7c0e8ca2682cb606c7604b26f433daf6d95c358be5879e2fdbc06135604fd
session_indy_nxt_2024_6324,1,36,driver_jonathan_browne,Jonathan Browne,23,false,false,7,7,0,61e7c0e8ca2682cb606c7604b26f433daf6d95c358be5879e2fdbc06135604fd
session_indy_nxt_2024_6324,1,36,driver_louis_foster,Louis Foster,26,false,true,3,3,0,61e7c0e8ca2682cb606c7604b26f433daf6d95c358be5879e2fdbc06135604fd
session_indy_nxt_2024_6324,1,36,driver_james_roe,James Roe,29,false,true,18,18,0,61e7c0e8ca2682cb606c7604b26f433daf6d95c358be5879e2fdbc06135604fd
session_indy_nxt_2024_6324,1,36,driver_michael_d_orlando,Michael d'Orlando,3,false,false,5,5,0,61e7c0e8ca2682cb606c7604b26f433daf6d95c358be5879e2fdbc06135604fd
session_indy_nxt_2024_6324,1,36,driver_nolan_siegel,Nolan Siegel,39,false,false,1,1,0,61e7c0e8ca2682cb606c7604b26f433daf6d95c358be5879e2fdbc06135604fd
session_indy_nxt_2024_6324,1,36,driver_jack_william_miller,Jack William Miller,40,false,false,11,11,0,61e7c0e8ca2682cb606c7604b26f433daf6d95c358be5879e2fdbc06135604fd
session_indy_nxt_2024_6324,1,36,driver_jacob_abel,Jacob Abel,51,false,false,2,2,0,61e7c0e8ca2682cb606c7604b26f433daf6d95c358be5879e2fdbc06135604fd
session_indy_nxt_2024_6324,1,36,driver_christian_bogle,Christian Bogle,7,false,false,9,9,0,61e7c0e8ca2682cb606c7604b26f433daf6d95c358be5879e2fdbc06135604fd
session_indy_nxt_2024_6324,1,36,driver_lindsay_brewer,Lindsay Brewer,76,false,false,17,17,0,61e7c0e8ca2682cb606c7604b26f433daf6d95c358be5879e2fdbc06135604fd
session_indy_nxt_2024_6324,1,36,driver_myles_rowe,Myles Rowe,99,false,false,4,4,0,61e7c0e8ca2682cb606c7604b26f433daf6d95c358be5879e2fdbc06135604fd
session_indy_nxt_2024_6324,2,38,driver_josh_pierson,Josh Pierson,14,false,false,15,13,2,61e7c0e8ca2682cb606c7604b26f433daf6d95c358be5879e2fdbc06135604fd
session_indy_nxt_2024_6324,2,38,driver_reece_gold,Reece Gold,10,false,false,6,5,1,61e7c0e8ca2682cb606c7604b26f433daf6d95c358be5879e2fdbc06135604fd
session_indy_nxt_2024_6324,2,38,driver_jonathan_browne,Jonathan Browne,23,false,false,7,6,1,61e7c0e8ca2682cb606c7604b26f433daf6d95c358be5879e2fdbc06135604fd
session_indy_nxt_2024_6324,2,38,driver_james_roe,James Roe,29,false,true,17,16,1,61e7c0e8ca2682cb606c7604b26f433daf6d95c358be5879e2fdbc06135604fd
session_indy_nxt_2024_6324,2,38,driver_christian_bogle,Christian Bogle,7,false,false,11,10,1,61e7c0e8ca2682cb606c7604b26f433daf6d95c358be5879e2fdbc06135604fd
session_indy_nxt_2024_6324,2,38,driver_lindsay_brewer,Lindsay Brewer,76,false,false,16,15,1,61e7c0e8ca2682cb606c7604b26f433daf6d95c358be5879e2fdbc06135604fd
session_indy_nxt_2024_6324,2,38,driver_nolan_allaer,Nolan Allaer,11,false,false,14,14,0,61e7c0e8ca2682cb606c7604b26f433daf6d95c358be5879e2fdbc06135604fd
session_indy_nxt_2024_6324,2,38,driver_callum_hedge,Callum Hedge,17,false,false,12,12,0,61e7c0e8ca2682cb606c7604b26f433daf6d95c358be5879e2fdbc06135604fd
session_indy_nxt_2024_6324,2,38,driver_caio_collet,Caio Collet,18,false,false,9,9,0,61e7c0e8ca2682cb606c7604b26f433daf6d95c358be5879e2fdbc06135604fd
session_indy_nxt_2024_6324,2,38,driver_salvador_de_alba,Salvador de Alba,2,false,false,8,8,0,61e7c0e8ca2682cb606c7604b26f433daf6d95c358be5879e2fdbc06135604fd
session_indy_nxt_2024_6324,2,38,driver_louis_foster,Louis Foster,26,false,true,3,3,0,61e7c0e8ca2682cb606c7604b26f433daf6d95c358be5879e2fdbc06135604fd
session_indy_nxt_2024_6324,2,38,driver_michael_d_orlando,Michael d'Orlando,3,false,false,4,4,0,61e7c0e8ca2682cb606c7604b26f433daf6d95c358be5879e2fdbc06135604fd
session_indy_nxt_2024_6324,2,38,driver_nolan_siegel,Nolan Siegel,39,false,false,1,1,0,61e7c0e8ca2682cb606c7604b26f433daf6d95c358be5879e2fdbc06135604fd
session_indy_nxt_2024_6324,2,38,driver_jacob_abel,Jacob Abel,51,false,false,2,2,0,61e7c0e8ca2682cb606c7604b26f433daf6d95c358be5879e2fdbc06135604fd
session_indy_nxt_2024_6324,2,38,driver_yuven_sundaramoorthy,Yuven Sundaramoorthy,22,false,false,10,11,-1,61e7c0e8ca2682cb606c7604b26f433daf6d95c358be5879e2fdbc06135604fd
session_indy_nxt_2024_6324,2,38,driver_myles_rowe,Myles Rowe,99,false,false,5,7,-2,61e7c0e8ca2682cb606c7604b26f433daf6d95c358be5879e2fdbc06135604fd
session_indy_nxt_2024_6326,1,9,driver_salvador_de_alba,Salvador de Alba,2,false,false,14,12,2,61e7c0e8ca2682cb606c7604b26f433daf6d95c358be5879e2fdbc06135604fd
session_indy_nxt_2024_6326,1,9,driver_reece_gold,Reece Gold,10,false,false,11,10,1,61e7c0e8ca2682cb606c7604b26f433daf6d95c358be5879e2fdbc06135604fd
session_indy_nxt_2024_6326,1,9,driver_josh_pierson,Josh Pierson,14,false,false,10,9,1,61e7c0e8ca2682cb606c7604b26f433daf6d95c358be5879e2fdbc06135604fd
session_indy_nxt_2024_6326,1,9,driver_callum_hedge,Callum Hedge,17,false,false,8,7,1,61e7c0e8ca2682cb606c7604b26f433daf6d95c358be5879e2fdbc06135604fd
session_indy_nxt_2024_6326,1,9,driver_myles_rowe,Myles Rowe,99,false,false,12,11,1,61e7c0e8ca2682cb606c7604b26f433daf6d95c358be5879e2fdbc06135604fd
session_indy_nxt_2024_6326,1,9,driver_nolan_allaer,Nolan Allaer,11,false,false,16,16,0,61e7c0e8ca2682cb606c7604b26f433daf6d95c358be5879e2fdbc06135604fd
session_indy_nxt_2024_6326,1,9,driver_caio_collet,Caio Collet,18,false,false,2,2,0,61e7c0e8ca2682cb606c7604b26f433daf6d95c358be5879e2fdbc06135604fd
session_indy_nxt_2024_6326,1,9,driver_louis_foster,Louis Foster,26,false,true,1,1,0,61e7c0e8ca2682cb606c7604b26f433daf6d95c358be5879e2fdbc06135604fd
session_indy_nxt_2024_6326,1,9,driver_jamie_chadwick,Jamie Chadwick,28,false,true,5,5,0,61e7c0e8ca2682cb606c7604b26f433daf6d95c358be5879e2fdbc06135604fd
session_indy_nxt_2024_6326,1,9,driver_michael_d_orlando,Michael d'Orlando,3,false,false,4,4,0,61e7c0e8ca2682cb606c7604b26f433daf6d95c358be5879e2fdbc06135604fd
session_indy_nxt_2024_6326,1,9,driver_niels_koolen,Niels Koolen,33,false,false,17,17,0,61e7c0e8ca2682cb606c7604b26f433daf6d95c358be5879e2fdbc06135604fd
session_indy_nxt_2024_6326,1,9,driver_nolan_siegel,Nolan Siegel,39,false,false,19,19,0,61e7c0e8ca2682cb606c7604b26f433daf6d95c358be5879e2fdbc06135604fd
session_indy_nxt_2024_6326,1,9,driver_jack_william_miller,Jack William Miller,40,false,false,6,6,0,61e7c0e8ca2682cb606c7604b26f433daf6d95c358be5879e2fdbc06135604fd
session_indy_nxt_2024_6326,1,9,driver_jacob_abel,Jacob Abel,51,false,false,3,3,0,61e7c0e8ca2682cb606c7604b26f433daf6d95c358be5879e2fdbc06135604fd
session_indy_nxt_2024_6326,1,9,driver_christian_bogle,Christian Bogle,7,false,false,15,15,0,61e7c0e8ca2682cb606c7604b26f433daf6d95c358be5879e2fdbc06135604fd
session_indy_nxt_2024_6326,1,9,driver_lindsay_brewer,Lindsay Brewer,76,false,false,18,18,0,61e7c0e8ca2682cb606c7604b26f433daf6d95c358be5879e2fdbc06135604fd
session_indy_nxt_2024_6326,1,9,driver_yuven_sundaramoorthy,Yuven Sundaramoorthy,22,false,false,7,8,-1,61e7c0e8ca2682cb606c7604b26f433daf6d95c358be5879e2fdbc06135604fd
session_indy_nxt_2024_6326,1,9,driver_jonathan_browne,Jonathan Browne,23,false,false,13,14,-1,61e7c0e8ca2682cb606c7604b26f433daf6d95c358be5879e2fdbc06135604fd
session_indy_nxt_2024_6326,1,9,driver_james_roe,James Roe,29,false,true,9,13,-4,61e7c0e8ca2682cb606c7604b26f433daf6d95c358be5879e2fdbc06135604fd
session_indy_nxt_2024_6326,2,27,driver_reece_gold,Reece Gold,10,false,false,7,5,2,61e7c0e8ca2682cb606c7604b26f433daf6d95c358be5879e2fdbc06135604fd
session_indy_nxt_2024_6326,2,27,driver_nolan_allaer,Nolan Allaer,11,false,false,14,12,2,61e7c0e8ca2682cb606c7604b26f433daf6d95c358be5879e2fdbc06135604fd
session_indy_nxt_2024_6326,2,27,driver_salvador_de_alba,Salvador de Alba,2,false,false,10,8,2,61e7c0e8ca2682cb606c7604b26f433daf6d95c358be5879e2fdbc06135604fd
session_indy_nxt_2024_6326,2,27,driver_jonathan_browne,Jonathan Browne,23,false,false,12,10,2,61e7c0e8ca2682cb606c7604b26f433daf6d95c358be5879e2fdbc06135604fd
session_indy_nxt_2024_6326,2,27,driver_niels_koolen,Niels Koolen,33,false,false,15,13,2,61e7c0e8ca2682cb606c7604b26f433daf6d95c358be5879e2fdbc06135604fd
session_indy_nxt_2024_6326,2,27,driver_myles_rowe,Myles Rowe,99,false,false,9,7,2,61e7c0e8ca2682cb606c7604b26f433daf6d95c358be5879e2fdbc06135604fd
session_indy_nxt_2024_6326,2,27,driver_callum_hedge,Callum Hedge,17,false,false,4,3,1,61e7c0e8ca2682cb606c7604b26f433daf6d95c358be5879e2fdbc06135604fd
session_indy_nxt_2024_6326,2,27,driver_michael_d_orlando,Michael d'Orlando,3,false,false,16,15,1,61e7c0e8ca2682cb606c7604b26f433daf6d95c358be5879e2fdbc06135604fd
session_indy_nxt_2024_6326,2,27,driver_caio_collet,Caio Collet,18,false,false,2,2,0,61e7c0e8ca2682cb606c7604b26f433daf6d95c358be5879e2fdbc06135604fd
session_indy_nxt_2024_6326,2,27,driver_yuven_sundaramoorthy,Yuven Sundaramoorthy,22,false,false,6,6,0,61e7c0e8ca2682cb606c7604b26f433daf6d95c358be5879e2fdbc06135604fd
session_indy_nxt_2024_6326,2,27,driver_louis_foster,Louis Foster,26,false,true,1,1,0,61e7c0e8ca2682cb606c7604b26f433daf6d95c358be5879e2fdbc06135604fd
session_indy_nxt_2024_6326,2,27,driver_james_roe,James Roe,29,false,true,11,11,0,61e7c0e8ca2682cb606c7604b26f433daf6d95c358be5879e2fdbc06135604fd
session_indy_nxt_2024_6326,2,27,driver_nolan_siegel,Nolan Siegel,39,false,false,18,18,0,61e7c0e8ca2682cb606c7604b26f433daf6d95c358be5879e2fdbc06135604fd
session_indy_nxt_2024_6326,2,27,driver_jack_william_miller,Jack William Miller,40,false,false,17,17,0,61e7c0e8ca2682cb606c7604b26f433daf6d95c358be5879e2fdbc06135604fd
session_indy_nxt_2024_6326,2,27,driver_lindsay_brewer,Lindsay Brewer,76,false,false,19,19,0,61e7c0e8ca2682cb606c7604b26f433daf6d95c358be5879e2fdbc06135604fd
session_indy_nxt_2024_6326,2,27,driver_josh_pierson,Josh Pierson,14,false,false,8,9,-1,61e7c0e8ca2682cb606c7604b26f433daf6d95c358be5879e2fdbc06135604fd
session_indy_nxt_2024_6326,2,27,driver_jacob_abel,Jacob Abel,51,false,false,3,4,-1,61e7c0e8ca2682cb606c7604b26f433daf6d95c358be5879e2fdbc06135604fd
session_indy_nxt_2024_6326,2,27,driver_christian_bogle,Christian Bogle,7,false,false,13,14,-1,61e7c0e8ca2682cb606c7604b26f433daf6d95c358be5879e2fdbc06135604fd
session_indy_nxt_2024_6326,2,27,driver_jamie_chadwick,Jamie Chadwick,28,false,true,5,16,-11,61e7c0e8ca2682cb606c7604b26f433daf6d95c358be5879e2fdbc06135604fd
session_indy_nxt_2024_6326,3,41,driver_reece_gold,Reece Gold,10,false,false,6,6,0,61e7c0e8ca2682cb606c7604b26f433daf6d95c358be5879e2fdbc06135604fd
session_indy_nxt_2024_6326,3,41,driver_nolan_allaer,Nolan Allaer,11,false,false,12,12,0,61e7c0e8ca2682cb606c7604b26f433daf6d95c358be5879e2fdbc06135604fd
session_indy_nxt_2024_6326,3,41,driver_josh_pierson,Josh Pierson,14,false,false,8,8,0,61e7c0e8ca2682cb606c7604b26f433daf6d95c358be5879e2fdbc06135604fd
session_indy_nxt_2024_6326,3,41,driver_callum_hedge,Callum Hedge,17,false,false,3,3,0,61e7c0e8ca2682cb606c7604b26f433daf6d95c358be5879e2fdbc06135604fd
session_indy_nxt_2024_6326,3,41,driver_caio_collet,Caio Collet,18,false,false,2,2,0,61e7c0e8ca2682cb606c7604b26f433daf6d95c358be5879e2fdbc06135604fd
session_indy_nxt_2024_6326,3,41,driver_salvador_de_alba,Salvador de Alba,2,false,false,7,7,0,61e7c0e8ca2682cb606c7604b26f433daf6d95c358be5879e2fdbc06135604fd
session_indy_nxt_2024_6326,3,41,driver_yuven_sundaramoorthy,Yuven Sundaramoorthy,22,false,false,16,16,0,61e7c0e8ca2682cb606c7604b26f433daf6d95c358be5879e2fdbc06135604fd
session_indy_nxt_2024_6326,3,41,driver_jonathan_browne,Jonathan Browne,23,false,false,9,9,0,61e7c0e8ca2682cb606c7604b26f433daf6d95c358be5879e2fdbc06135604fd
session_indy_nxt_2024_6326,3,41,driver_louis_foster,Louis Foster,26,false,true,1,1,0,61e7c0e8ca2682cb606c7604b26f433daf6d95c358be5879e2fdbc06135604fd
session_indy_nxt_2024_6326,3,41,driver_jamie_chadwick,Jamie Chadwick,28,false,true,15,15,0,61e7c0e8ca2682cb606c7604b26f433daf6d95c358be5879e2fdbc06135604fd
session_indy_nxt_2024_6326,3,41,driver_james_roe,James Roe,29,false,true,10,10,0,61e7c0e8ca2682cb606c7604b26f433daf6d95c358be5879e2fdbc06135604fd
session_indy_nxt_2024_6326,3,41,driver_michael_d_orlando,Michael d'Orlando,3,false,false,11,11,0,61e7c0e8ca2682cb606c7604b26f433daf6d95c358be5879e2fdbc06135604fd
session_indy_nxt_2024_6326,3,41,driver_niels_koolen,Niels Koolen,33,false,false,13,13,0,61e7c0e8ca2682cb606c7604b26f433daf6d95c358be5879e2fdbc06135604fd
session_indy_nxt_2024_6326,3,41,driver_nolan_siegel,Nolan Siegel,39,false,false,18,18,0,61e7c0e8ca2682cb606c7604b26f433daf6d95c358be5879e2fdbc06135604fd
session_indy_nxt_2024_6326,3,41,driver_jack_william_miller,Jack William Miller,40,false,false,17,17,0,61e7c0e8ca2682cb606c7604b26f433daf6d95c358be5879e2fdbc06135604fd
session_indy_nxt_2024_6326,3,41,driver_jacob_abel,Jacob Abel,51,false,false,5,5,0,61e7c0e8ca2682cb606c7604b26f433daf6d95c358be5879e2fdbc06135604fd
session_indy_nxt_2024_6326,3,41,driver_christian_bogle,Christian Bogle,7,false,false,14,14,0,61e7c0e8ca2682cb606c7604b26f433daf6d95c358be5879e2fdbc06135604fd
session_indy_nxt_2024_6326,3,41,driver_myles_rowe,Myles Rowe,99,false,false,4,4,0,61e7c0e8ca2682cb606c7604b26f433daf6d95c358be5879e2fdbc06135604fd
session_indy_nxt_2024_6327,1,17,driver_ricardo_escotto,Ricardo Escotto,75,false,false,16,13,3,61e7c0e8ca2682cb606c7604b26f433daf6d95c358be5879e2fdbc06135604fd
session_indy_nxt_2024_6327,1,17,driver_niels_koolen,Niels Koolen,33,false,false,17,16,1,61e7c0e8ca2682cb606c7604b26f433daf6d95c358be5879e2fdbc06135604fd
session_indy_nxt_2024_6327,1,17,driver_christian_brooks,Christian Brooks,39,false,false,12,11,1,61e7c0e8ca2682cb606c7604b26f433daf6d95c358be5879e2fdbc06135604fd
session_indy_nxt_2024_6327,1,17,driver_lindsay_brewer,Lindsay Brewer,76,false,false,18,17,1,61e7c0e8ca2682cb606c7604b26f433daf6d95c358be5879e2fdbc06135604fd
session_indy_nxt_2024_6327,1,17,driver_reece_gold,Reece Gold,10,false,false,3,3,0,61e7c0e8ca2682cb606c7604b26f433daf6d95c358be5879e2fdbc06135604fd
session_indy_nxt_2024_6327,1,17,driver_callum_hedge,Callum Hedge,17,false,false,19,19,0,61e7c0e8ca2682cb606c7604b26f433daf6d95c358be5879e2fdbc06135604fd
session_indy_nxt_2024_6327,1,17,driver_caio_collet,Caio Collet,18,false,false,2,2,0,61e7c0e8ca2682cb606c7604b26f433daf6d95c358be5879e2fdbc06135604fd
session_indy_nxt_2024_6327,1,17,driver_salvador_de_alba,Salvador de Alba,2,false,false,8,8,0,61e7c0e8ca2682cb606c7604b26f433daf6d95c358be5879e2fdbc06135604fd
session_indy_nxt_2024_6327,1,17,driver_yuven_sundaramoorthy,Yuven Sundaramoorthy,22,false,false,6,6,0,61e7c0e8ca2682cb606c7604b26f433daf6d95c358be5879e2fdbc06135604fd
session_indy_nxt_2024_6327,1,17,driver_jonathan_browne,Jonathan Browne,23,false,false,20,20,0,61e7c0e8ca2682cb606c7604b26f433daf6d95c358be5879e2fdbc06135604fd
session_indy_nxt_2024_6327,1,17,driver_louis_foster,Louis Foster,26,false,true,1,1,0,61e7c0e8ca2682cb606c7604b26f433daf6d95c358be5879e2fdbc06135604fd
session_indy_nxt_2024_6327,1,17,driver_bryce_aron,Bryce Aron,27,true,false,5,5,0,61e7c0e8ca2682cb606c7604b26f433daf6d95c358be5879e2fdbc06135604fd
session_indy_nxt_2024_6327,1,17,driver_jamie_chadwick,Jamie Chadwick,28,false,true,10,10,0,61e7c0e8ca2682cb606c7604b26f433daf6d95c358be5879e2fdbc06135604fd
session_indy_nxt_2024_6327,1,17,driver_jack_william_miller,Jack William Miller,40,false,false,9,9,0,61e7c0e8ca2682cb606c7604b26f433daf6d95c358be5879e2fdbc06135604fd
session_indy_nxt_2024_6327,1,17,driver_jacob_abel,Jacob Abel,51,false,false,4,4,0,61e7c0e8ca2682cb606c7604b26f433daf6d95c358be5879e2fdbc06135604fd
session_indy_nxt_2024_6327,1,17,driver_christian_bogle,Christian Bogle,7,false,false,15,15,0,61e7c0e8ca2682cb606c7604b26f433daf6d95c358be5879e2fdbc06135604fd
session_indy_nxt_2024_6327,1,17,driver_myles_rowe,Myles Rowe,99,false,false,7,7,0,61e7c0e8ca2682cb606c7604b26f433daf6d95c358be5879e2fdbc06135604fd
session_indy_nxt_2024_6327,1,17,driver_josh_pierson,Josh Pierson,14,false,false,13,14,-1,61e7c0e8ca2682cb606c7604b26f433daf6d95c358be5879e2fdbc06135604fd
session_indy_nxt_2024_6327,1,17,driver_james_roe,James Roe,29,false,true,11,12,-1,61e7c0e8ca2682cb606c7604b26f433daf6d95c358be5879e2fdbc06135604fd
session_indy_nxt_2024_6327,1,17,driver_nolan_allaer,Nolan Allaer,11,false,false,14,18,-4,61e7c0e8ca2682cb606c7604b26f433daf6d95c358be5879e2fdbc06135604fd
session_indy_nxt_2025_6442,1,5,driver_niels_koolen,Niels Koolen,10,false,true,13,12,1,61e7c0e8ca2682cb606c7604b26f433daf6d95c358be5879e2fdbc06135604fd
session_indy_nxt_2025_6442,1,5,driver_seb_murray,Seb Murray,2,false,false,14,13,1,61e7c0e8ca2682cb606c7604b26f433daf6d95c358be5879e2fdbc06135604fd
session_indy_nxt_2025_6442,1,5,driver_james_roe,James Roe,29,false,false,16,15,1,61e7c0e8ca2682cb606c7604b26f433daf6d95c358be5879e2fdbc06135604fd
session_indy_nxt_2025_6442,1,5,driver_nolan_allaer,Nolan Allaer,11,false,false,11,11,0,61e7c0e8ca2682cb606c7604b26f433daf6d95c358be5879e2fdbc06135604fd
session_indy_nxt_2025_6442,1,5,driver_josh_pierson,Josh Pierson,14,false,false,3,3,0,61e7c0e8ca2682cb606c7604b26f433daf6d95c358be5879e2fdbc06135604fd
session_indy_nxt_2025_6442,1,5,driver_tommy_smith,Tommy Smith,16,false,false,7,7,0,61e7c0e8ca2682cb606c7604b26f433daf6d95c358be5879e2fdbc06135604fd
session_indy_nxt_2025_6442,1,5,driver_callum_hedge,Callum Hedge,17,false,false,5,5,0,61e7c0e8ca2682cb606c7604b26f433daf6d95c358be5879e2fdbc06135604fd
session_indy_nxt_2025_6442,1,5,driver_max_taylor,Max Taylor,18,false,false,17,17,0,61e7c0e8ca2682cb606c7604b26f433daf6d95c358be5879e2fdbc06135604fd
session_indy_nxt_2025_6442,1,5,driver_lochie_hughes,Lochie Hughes,26,false,false,6,6,0,61e7c0e8ca2682cb606c7604b26f433daf6d95c358be5879e2fdbc06135604fd
session_indy_nxt_2025_6442,1,5,driver_dennis_hauger,Dennis Hauger,28,false,false,2,2,0,61e7c0e8ca2682cb606c7604b26f433daf6d95c358be5879e2fdbc06135604fd
session_indy_nxt_2025_6442,1,5,driver_liam_sceats,Liam Sceats,30,false,false,8,8,0,61e7c0e8ca2682cb606c7604b26f433daf6d95c358be5879e2fdbc06135604fd
session_indy_nxt_2025_6442,1,5,driver_jack_william_miller,Jack William Miller,40,false,false,10,10,0,61e7c0e8ca2682cb606c7604b26f433daf6d95c358be5879e2fdbc06135604fd
session_indy_nxt_2025_6442,1,5,driver_caio_collet,Caio Collet,76,false,false,1,1,0,61e7c0e8ca2682cb606c7604b26f433daf6d95c358be5879e2fdbc06135604fd
session_indy_nxt_2025_6442,1,5,driver_bryce_aron,Bryce Aron,9,true,false,9,9,0,61e7c0e8ca2682cb606c7604b26f433daf6d95c358be5879e2fdbc06135604fd
session_indy_nxt_2025_6442,1,5,driver_myles_rowe,Myles Rowe,99,false,false,4,4,0,61e7c0e8ca2682cb606c7604b26f433daf6d95c358be5879e2fdbc06135604fd
session_indy_nxt_2025_6442,1,5,driver_jm_correa,JM Correa,39,false,false,15,16,-1,61e7c0e8ca2682cb606c7604b26f433daf6d95c358be5879e2fdbc06135604fd
session_indy_nxt_2025_6442,1,5,driver_hailie_deegan,Hailie Deegan,38,false,false,12,14,-2,61e7c0e8ca2682cb606c7604b26f433daf6d95c358be5879e2fdbc06135604fd
session_indy_nxt_2025_6443,1,5,driver_evagoras_papasavvas,Evagoras Papasavvas,24,false,false,12,10,2,61e7c0e8ca2682cb606c7604b26f433daf6d95c358be5879e2fdbc06135604fd
session_indy_nxt_2025_6443,1,5,driver_salvador_de_alba,Salvador de Alba,27,false,false,5,4,1,61e7c0e8ca2682cb606c7604b26f433daf6d95c358be5879e2fdbc06135604fd
session_indy_nxt_2025_6443,1,5,driver_dennis_hauger,Dennis Hauger,28,false,false,2,1,1,61e7c0e8ca2682cb606c7604b26f433daf6d95c358be5879e2fdbc06135604fd
session_indy_nxt_2025_6443,1,5,driver_ricardo_escotto,Ricardo Escotto,3,false,false,15,14,1,61e7c0e8ca2682cb606c7604b26f433daf6d95c358be5879e2fdbc06135604fd
session_indy_nxt_2025_6443,1,5,driver_jordan_missig,Jordan Missig,48,false,false,14,13,1,61e7c0e8ca2682cb606c7604b26f433daf6d95c358be5879e2fdbc06135604fd
session_indy_nxt_2025_6443,1,5,driver_myles_rowe,Myles Rowe,99,false,false,4,3,1,61e7c0e8ca2682cb606c7604b26f433daf6d95c358be5879e2fdbc06135604fd
session_indy_nxt_2025_6443,1,5,driver_niels_koolen,Niels Koolen,10,false,true,8,8,0,61e7c0e8ca2682cb606c7604b26f433daf6d95c358be5879e2fdbc06135604fd
session_indy_nxt_2025_6443,1,5,driver_nolan_allaer,Nolan Allaer,11,false,false,21,21,0,61e7c0e8ca2682cb606c7604b26f433daf6d95c358be5879e2fdbc06135604fd
session_indy_nxt_2025_6443,1,5,driver_josh_pierson,Josh Pierson,14,false,false,7,7,0,61e7c0e8ca2682cb606c7604b26f433daf6d95c358be5879e2fdbc06135604fd
session_indy_nxt_2025_6443,1,5,driver_tommy_smith,Tommy Smith,16,false,false,16,16,0,61e7c0e8ca2682cb606c7604b26f433daf6d95c358be5879e2fdbc06135604fd
session_indy_nxt_2025_6443,1,5,driver_seb_murray,Seb Murray,2,false,false,18,18,0,61e7c0e8ca2682cb606c7604b26f433daf6d95c358be5879e2fdbc06135604fd
session_indy_nxt_2025_6443,1,5,driver_james_roe,James Roe,29,false,false,9,9,0,61e7c0e8ca2682cb606c7604b26f433daf6d95c358be5879e2fdbc06135604fd
session_indy_nxt_2025_6443,1,5,driver_hailie_deegan,Hailie Deegan,38,false,false,19,19,0,61e7c0e8ca2682cb606c7604b26f433daf6d95c358be5879e2fdbc06135604fd
session_indy_nxt_2025_6443,1,5,driver_jack_william_miller,Jack William Miller,40,false,false,20,20,0,61e7c0e8ca2682cb606c7604b26f433daf6d95c358be5879e2fdbc06135604fd
session_indy_nxt_2025_6443,1,5,driver_caio_collet,Caio Collet,76,false,false,6,6,0,61e7c0e8ca2682cb606c7604b26f433daf6d95c358be5879e2fdbc06135604fd
session_indy_nxt_2025_6443,1,5,driver_bryce_aron,Bryce Aron,9,true,false,17,17,0,61e7c0e8ca2682cb606c7604b26f433daf6d95c358be5879e2fdbc06135604fd
session_indy_nxt_2025_6443,1,5,driver_nikita_johnson,Nikita Johnson,18,false,false,11,12,-1,61e7c0e8ca2682cb606c7604b26f433daf6d95c358be5879e2fdbc06135604fd
session_indy_nxt_2025_6443,1,5,driver_lochie_hughes,Lochie Hughes,26,false,false,1,2,-1,61e7c0e8ca2682cb606c7604b26f433daf6d95c358be5879e2fdbc06135604fd
session_indy_nxt_2025_6443,1,5,driver_liam_sceats,Liam Sceats,30,false,false,10,11,-1,61e7c0e8ca2682cb606c7604b26f433daf6d95c358be5879e2fdbc06135604fd
session_indy_nxt_2025_6443,1,5,driver_callum_hedge,Callum Hedge,17,false,false,3,5,-2,61e7c0e8ca2682cb606c7604b26f433daf6d95c358be5879e2fdbc06135604fd
session_indy_nxt_2025_6443,1,5,driver_jm_correa,JM Correa,39,false,false,13,15,-2,61e7c0e8ca2682cb606c7604b26f433daf6d95c358be5879e2fdbc06135604fd
session_indy_nxt_2025_6444,1,12,driver_josh_pierson,Josh Pierson,14,false,false,7,6,1,61e7c0e8ca2682cb606c7604b26f433daf6d95c358be5879e2fdbc06135604fd
session_indy_nxt_2025_6444,1,12,driver_tommy_smith,Tommy Smith,16,false,false,18,17,1,61e7c0e8ca2682cb606c7604b26f433daf6d95c358be5879e2fdbc06135604fd
session_indy_nxt_2025_6444,1,12,driver_salvador_de_alba,Salvador de Alba,27,false,false,5,4,1,61e7c0e8ca2682cb606c7604b26f433daf6d95c358be5879e2fdbc06135604fd
session_indy_nxt_2025_6444,1,12,driver_liam_sceats,Liam Sceats,30,false,false,9,8,1,61e7c0e8ca2682cb606c7604b26f433daf6d95c358be5879e2fdbc06135604fd
session_indy_nxt_2025_6444,1,12,driver_niels_koolen,Niels Koolen,10,false,true,20,20,0,61e7c0e8ca2682cb606c7604b26f433daf6d95c358be5879e2fdbc06135604fd
session_indy_nxt_2025_6444,1,12,driver_nikita_johnson,Nikita Johnson,18,false,false,10,10,0,61e7c0e8ca2682cb606c7604b26f433daf6d95c358be5879e2fdbc06135604fd
session_indy_nxt_2025_6444,1,12,driver_seb_murray,Seb Murray,2,false,false,14,14,0,61e7c0e8ca2682cb606c7604b26f433daf6d95c358be5879e2fdbc06135604fd
session_indy_nxt_2025_6444,1,12,driver_evagoras_papasavvas,Evagoras Papasavvas,24,false,false,15,15,0,61e7c0e8ca2682cb606c7604b26f433daf6d95c358be5879e2fdbc06135604fd
session_indy_nxt_2025_6444,1,12,driver_lochie_hughes,Lochie Hughes,26,false,false,1,1,0,61e7c0e8ca2682cb606c7604b26f433daf6d95c358be5879e2fdbc06135604fd
session_indy_nxt_2025_6444,1,12,driver_dennis_hauger,Dennis Hauger,28,false,false,13,13,0,61e7c0e8ca2682cb606c7604b26f433daf6d95c358be5879e2fdbc06135604fd
session_indy_nxt_2025_6444,1,12,driver_ricardo_escotto,Ricardo Escotto,3,false,false,11,11,0,61e7c0e8ca2682cb606c7604b26f433daf6d95c358be5879e2fdbc06135604fd
session_indy_nxt_2025_6444,1,12,driver_hailie_deegan,Hailie Deegan,38,false,false,19,19,0,61e7c0e8ca2682cb606c7604b26f433daf6d95c358be5879e2fdbc06135604fd
session_indy_nxt_2025_6444,1,12,driver_jack_william_miller,Jack William Miller,40,false,false,12,12,0,61e7c0e8ca2682cb606c7604b26f433daf6d95c358be5879e2fdbc06135604fd
session_indy_nxt_2025_6444,1,12,driver_caio_collet,Caio Collet,76,false,false,2,2,0,61e7c0e8ca2682cb606c7604b26f433daf6d95c358be5879e2fdbc06135604fd
session_indy_nxt_2025_6444,1,12,driver_bryce_aron,Bryce Aron,9,true,false,16,16,0,61e7c0e8ca2682cb606c7604b26f433daf6d95c358be5879e2fdbc06135604fd
session_indy_nxt_2025_6444,1,12,driver_myles_rowe,Myles Rowe,99,false,false,3,3,0,61e7c0e8ca2682cb606c7604b26f433daf6d95c358be5879e2fdbc06135604fd
session_indy_nxt_2025_6444,1,12,driver_nolan_allaer,Nolan Allaer,11,false,false,17,18,-1,61e7c0e8ca2682cb606c7604b26f433daf6d95c358be5879e2fdbc06135604fd
session_indy_nxt_2025_6444,1,12,driver_callum_hedge,Callum Hedge,17,false,false,4,5,-1,61e7c0e8ca2682cb606c7604b26f433daf6d95c358be5879e2fdbc06135604fd
session_indy_nxt_2025_6444,1,12,driver_james_roe,James Roe,29,false,false,6,7,-1,61e7c0e8ca2682cb606c7604b26f433daf6d95c358be5879e2fdbc06135604fd
session_indy_nxt_2025_6444,1,12,driver_jordan_missig,Jordan Missig,48,false,false,8,9,-1,61e7c0e8ca2682cb606c7604b26f433daf6d95c358be5879e2fdbc06135604fd
session_indy_nxt_2025_6444,2,31,driver_callum_hedge,Callum Hedge,17,false,false,5,4,1,61e7c0e8ca2682cb606c7604b26f433daf6d95c358be5879e2fdbc06135604fd
session_indy_nxt_2025_6444,2,31,driver_jack_william_miller,Jack William Miller,40,false,false,10,9,1,61e7c0e8ca2682cb606c7604b26f433daf6d95c358be5879e2fdbc06135604fd
session_indy_nxt_2025_6444,2,31,driver_nolan_allaer,Nolan Allaer,11,false,false,16,16,0,61e7c0e8ca2682cb606c7604b26f433daf6d95c358be5879e2fdbc06135604fd
session_indy_nxt_2025_6444,2,31,driver_josh_pierson,Josh Pierson,14,false,false,6,6,0,61e7c0e8ca2682cb606c7604b26f433daf6d95c358be5879e2fdbc06135604fd
session_indy_nxt_2025_6444,2,31,driver_tommy_smith,Tommy Smith,16,false,false,15,15,0,61e7c0e8ca2682cb606c7604b26f433daf6d95c358be5879e2fdbc06135604fd
session_indy_nxt_2025_6444,2,31,driver_seb_murray,Seb Murray,2,false,false,13,13,0,61e7c0e8ca2682cb606c7604b26f433daf6d95c358be5879e2fdbc06135604fd
session_indy_nxt_2025_6444,2,31,driver_evagoras_papasavvas,Evagoras Papasavvas,24,false,false,11,11,0,61e7c0e8ca2682cb606c7604b26f433daf6d95c358be5879e2fdbc06135604fd
session_indy_nxt_2025_6444,2,31,driver_lochie_hughes,Lochie Hughes,26,false,false,1,1,0,61e7c0e8ca2682cb606c7604b26f433daf6d95c358be5879e2fdbc06135604fd
session_indy_nxt_2025_6444,2,31,driver_dennis_hauger,Dennis Hauger,28,false,false,8,8,0,61e7c0e8ca2682cb606c7604b26f433daf6d95c358be5879e2fdbc06135604fd
session_indy_nxt_2025_6444,2,31,driver_ricardo_escotto,Ricardo Escotto,3,false,false,14,14,0,61e7c0e8ca2682cb606c7604b26f433daf6d95c358be5879e2fdbc06135604fd
session_indy_nxt_2025_6444,2,31,driver_liam_sceats,Liam Sceats,30,false,false,7,7,0,61e7c0e8ca2682cb606c7604b26f433daf6d95c358be5879e2fdbc06135604fd
session_indy_nxt_2025_6444,2,31,driver_hailie_deegan,Hailie Deegan,38,false,false,17,17,0,61e7c0e8ca2682cb606c7604b26f433daf6d95c358be5879e2fdbc06135604fd
session_indy_nxt_2025_6444,2,31,driver_caio_collet,Caio Collet,76,false,false,2,2,0,61e7c0e8ca2682cb606c7604b26f433daf6d95c358be5879e2fdbc06135604fd
session_indy_nxt_2025_6444,2,31,driver_bryce_aron,Bryce Aron,9,true,false,12,12,0,61e7c0e8ca2682cb606c7604b26f433daf6d95c358be5879e2fdbc06135604fd
session_indy_nxt_2025_6444,2,31,driver_myles_rowe,Myles Rowe,99,false,false,3,3,0,61e7c0e8ca2682cb606c7604b26f433daf6d95c358be5879e2fdbc06135604fd
session_indy_nxt_2025_6444,2,31,driver_salvador_de_alba,Salvador de Alba,27,false,false,4,5,-1,61e7c0e8ca2682cb606c7604b26f433daf6d95c358be5879e2fdbc06135604fd
session_indy_nxt_2025_6444,2,31,driver_jordan_missig,Jordan Missig,48,false,false,9,10,-1,61e7c0e8ca2682cb606c7604b26f433daf6d95c358be5879e2fdbc06135604fd
session_indy_nxt_2025_6445,1,4,driver_nolan_allaer,Nolan Allaer,11,false,false,18,17,1,61e7c0e8ca2682cb606c7604b26f433daf6d95c358be5879e2fdbc06135604fd
session_indy_nxt_2025_6445,1,4,driver_seb_murray,Seb Murray,2,false,false,10,9,1,61e7c0e8ca2682cb606c7604b26f433daf6d95c358be5879e2fdbc06135604fd
session_indy_nxt_2025_6445,1,4,driver_hailie_deegan,Hailie Deegan,38,false,false,19,18,1,61e7c0e8ca2682cb606c7604b26f433daf6d95c358be5879e2fdbc06135604fd
session_indy_nxt_2025_6445,1,4,driver_jack_william_miller,Jack William Miller,40,false,false,16,15,1,61e7c0e8ca2682cb606c7604b26f433daf6d95c358be5879e2fdbc06135604fd
session_indy_nxt_2025_6445,1,4,driver_jordan_missig,Jordan Missig,48,false,false,17,16,1,61e7c0e8ca2682cb606c7604b26f433daf6d95c358be5879e2fdbc06135604fd
session_indy_nxt_2025_6445,1,4,driver_niels_koolen,Niels Koolen,10,false,true,12,12,0,61e7c0e8ca2682cb606c7604b26f433daf6d95c358be5879e2fdbc06135604fd
session_indy_nxt_2025_6445,1,4,driver_josh_pierson,Josh Pierson,14,false,false,6,6,0,61e7c0e8ca2682cb606c7604b26f433daf6d95c358be5879e2fdbc06135604fd
session_indy_nxt_2025_6445,1,4,driver_callum_hedge,Callum Hedge,17,false,false,20,20,0,61e7c0e8ca2682cb606c7604b26f433daf6d95c358be5879e2fdbc06135604fd
session_indy_nxt_2025_6445,1,4,driver_max_taylor,Max Taylor,18,false,false,14,14,0,61e7c0e8ca2682cb606c7604b26f433daf6d95c358be5879e2fdbc06135604fd
session_indy_nxt_2025_6445,1,4,driver_evagoras_papasavvas,Evagoras Papasavvas,24,false,false,3,3,0,61e7c0e8ca2682cb606c7604b26f433daf6d95c358be5879e2fdbc06135604fd
session_indy_nxt_2025_6445,1,4,driver_lochie_hughes,Lochie Hughes,26,false,false,4,4,0,61e7c0e8ca2682cb606c7604b26f433daf6d95c358be5879e2fdbc06135604fd
session_indy_nxt_2025_6445,1,4,driver_dennis_hauger,Dennis Hauger,28,false,false,1,1,0,61e7c0e8ca2682cb606c7604b26f433daf6d95c358be5879e2fdbc06135604fd
session_indy_nxt_2025_6445,1,4,driver_james_roe,James Roe,29,false,false,11,11,0,61e7c0e8ca2682cb606c7604b26f433daf6d95c358be5879e2fdbc06135604fd
session_indy_nxt_2025_6445,1,4,driver_ricardo_escotto,Ricardo Escotto,3,false,false,13,13,0,61e7c0e8ca2682cb606c7604b26f433daf6d95c358be5879e2fdbc06135604fd
session_indy_nxt_2025_6445,1,4,driver_liam_sceats,Liam Sceats,30,false,false,7,7,0,61e7c0e8ca2682cb606c7604b26f433daf6d95c358be5879e2fdbc06135604fd
session_indy_nxt_2025_6445,1,4,driver_caio_collet,Caio Collet,76,false,false,2,2,0,61e7c0e8ca2682cb606c7604b26f433daf6d95c358be5879e2fdbc06135604fd
session_indy_nxt_2025_6445,1,4,driver_bryce_aron,Bryce Aron,9,true,false,8,8,0,61e7c0e8ca2682cb606c7604b26f433daf6d95c358be5879e2fdbc06135604fd
session_indy_nxt_2025_6445,1,4,driver_myles_rowe,Myles Rowe,99,false,false,5,5,0,61e7c0e8ca2682cb606c7604b26f433daf6d95c358be5879e2fdbc06135604fd
session_indy_nxt_2025_6445,1,4,driver_salvador_de_alba,Salvador de Alba,27,false,false,9,10,-1,61e7c0e8ca2682cb606c7604b26f433daf6d95c358be5879e2fdbc06135604fd
session_indy_nxt_2025_6445,1,4,driver_tommy_smith,Tommy Smith,16,false,false,15,19,-4,61e7c0e8ca2682cb606c7604b26f433daf6d95c358be5879e2fdbc06135604fd
session_indy_nxt_2025_6445,2,13,driver_seb_murray,Seb Murray,2,false,false,18,17,1,61e7c0e8ca2682cb606c7604b26f433daf6d95c358be5879e2fdbc06135604fd
session_indy_nxt_2025_6445,2,13,driver_jack_william_miller,Jack William Miller,40,false,false,9,8,1,61e7c0e8ca2682cb606c7604b26f433daf6d95c358be5879e2fdbc06135604fd
session_indy_nxt_2025_6445,2,13,driver_jordan_missig,Jordan Missig,48,false,false,12,11,1,61e7c0e8ca2682cb606c7604b26f433daf6d95c358be5879e2fdbc06135604fd
session_indy_nxt_2025_6445,2,13,driver_josh_pierson,Josh Pierson,14,false,false,5,5,0,61e7c0e8ca2682cb606c7604b26f433daf6d95c358be5879e2fdbc06135604fd
session_indy_nxt_2025_6445,2,13,driver_tommy_smith,Tommy Smith,16,false,false,15,15,0,61e7c0e8ca2682cb606c7604b26f433daf6d95c358be5879e2fdbc06135604fd
session_indy_nxt_2025_6445,2,13,driver_callum_hedge,Callum Hedge,17,false,false,19,19,0,61e7c0e8ca2682cb606c7604b26f433daf6d95c358be5879e2fdbc06135604fd
session_indy_nxt_2025_6445,2,13,driver_max_taylor,Max Taylor,18,false,false,7,7,0,61e7c0e8ca2682cb606c7604b26f433daf6d95c358be5879e2fdbc06135604fd
session_indy_nxt_2025_6445,2,13,driver_evagoras_papasavvas,Evagoras Papasavvas,24,false,false,2,2,0,61e7c0e8ca2682cb606c7604b26f433daf6d95c358be5879e2fdbc06135604fd
session_indy_nxt_2025_6445,2,13,driver_lochie_hughes,Lochie Hughes,26,false,false,3,3,0,61e7c0e8ca2682cb606c7604b26f433daf6d95c358be5879e2fdbc06135604fd
session_indy_nxt_2025_6445,2,13,driver_salvador_de_alba,Salvador de Alba,27,false,false,13,13,0,61e7c0e8ca2682cb606c7604b26f433daf6d95c358be5879e2fdbc06135604fd
session_indy_nxt_2025_6445,2,13,driver_dennis_hauger,Dennis Hauger,28,false,false,1,1,0,61e7c0e8ca2682cb606c7604b26f433daf6d95c358be5879e2fdbc06135604fd
session_indy_nxt_2025_6445,2,13,driver_ricardo_escotto,Ricardo Escotto,3,false,false,10,10,0,61e7c0e8ca2682cb606c7604b26f433daf6d95c358be5879e2fdbc06135604fd
session_indy_nxt_2025_6445,2,13,driver_liam_sceats,Liam Sceats,30,false,false,6,6,0,61e7c0e8ca2682cb606c7604b26f433daf6d95c358be5879e2fdbc06135604fd
session_indy_nxt_2025_6445,2,13,driver_caio_collet,Caio Collet,76,false,false,14,14,0,61e7c0e8ca2682cb606c7604b26f433daf6d95c358be5879e2fdbc06135604fd
session_indy_nxt_2025_6445,2,13,driver_bryce_aron,Bryce Aron,9,true,false,16,16,0,61e7c0e8ca2682cb606c7604b26f433daf6d95c358be5879e2fdbc06135604fd
session_indy_nxt_2025_6445,2,13,driver_myles_rowe,Myles Rowe,99,false,false,4,4,0,61e7c0e8ca2682cb606c7604b26f433daf6d95c358be5879e2fdbc06135604fd
session_indy_nxt_2025_6445,2,13,driver_niels_koolen,Niels Koolen,10,false,true,11,12,-1,61e7c0e8ca2682cb606c7604b26f433daf6d95c358be5879e2fdbc06135604fd
session_indy_nxt_2025_6445,2,13,driver_james_roe,James Roe,29,false,false,8,9,-1,61e7c0e8ca2682cb606c7604b26f433daf6d95c358be5879e2fdbc06135604fd
session_indy_nxt_2025_6445,2,13,driver_hailie_deegan,Hailie Deegan,38,false,false,17,18,-1,61e7c0e8ca2682cb606c7604b26f433daf6d95c358be5879e2fdbc06135604fd
session_indy_nxt_2025_6446,1,2,driver_jordan_missig,Jordan Missig,48,false,false,9,7,2,61e7c0e8ca2682cb606c7604b26f433daf6d95c358be5879e2fdbc06135604fd
session_indy_nxt_2025_6446,1,2,driver_josh_pierson,Josh Pierson,14,false,true,14,13,1,61e7c0e8ca2682cb606c7604b26f433daf6d95c358be5879e2fdbc06135604fd
session_indy_nxt_2025_6446,1,2,driver_tommy_smith,Tommy Smith,16,false,true,19,18,1,61e7c0e8ca2682cb606c7604b26f433daf6d95c358be5879e2fdbc06135604fd
session_indy_nxt_2025_6446,1,2,driver_myles_rowe,Myles Rowe,99,false,false,5,4,1,61e7c0e8ca2682cb606c7604b26f433daf6d95c358be5879e2fdbc06135604fd
session_indy_nxt_2025_6446,1,2,driver_callum_hedge,Callum Hedge,17,false,false,10,10,0,61e7c0e8ca2682cb606c7604b26f433daf6d95c358be5879e2fdbc06135604fd
session_indy_nxt_2025_6446,1,2,driver_nikita_johnson,Nikita Johnson,18,false,true,12,12,0,61e7c0e8ca2682cb606c7604b26f433daf6d95c358be5879e2fdbc06135604fd
session_indy_nxt_2025_6446,1,2,driver_seb_murray,Seb Murray,2,false,false,11,11,0,61e7c0e8ca2682cb606c7604b26f433daf6d95c358be5879e2fdbc06135604fd
session_indy_nxt_2025_6446,1,2,driver_sophia_floersch,Sophia Floersch,24,false,true,15,15,0,61e7c0e8ca2682cb606c7604b26f433daf6d95c358be5879e2fdbc06135604fd
session_indy_nxt_2025_6446,1,2,driver_lochie_hughes,Lochie Hughes,26,false,false,2,2,0,61e7c0e8ca2682cb606c7604b26f433daf6d95c358be5879e2fdbc06135604fd
session_indy_nxt_2025_6446,1,2,driver_salvador_de_alba,Salvador de Alba,27,false,false,6,6,0,61e7c0e8ca2682cb606c7604b26f433daf6d95c358be5879e2fdbc06135604fd
session_indy_nxt_2025_6446,1,2,driver_dennis_hauger,Dennis Hauger,28,false,false,1,1,0,61e7c0e8ca2682cb606c7604b26f433daf6d95c358be5879e2fdbc06135604fd
session_indy_nxt_2025_6446,1,2,driver_liam_sceats,Liam Sceats,30,false,true,20,20,0,61e7c0e8ca2682cb606c7604b26f433daf6d95c358be5879e2fdbc06135604fd
session_indy_nxt_2025_6446,1,2,driver_hailie_deegan,Hailie Deegan,38,false,true,17,17,0,61e7c0e8ca2682cb606c7604b26f433daf6d95c358be5879e2fdbc06135604fd
session_indy_nxt_2025_6446,1,2,driver_bryce_aron,Bryce Aron,39,true,false,16,16,0,61e7c0e8ca2682cb606c7604b26f433daf6d95c358be5879e2fdbc06135604fd
session_indy_nxt_2025_6446,1,2,driver_caio_collet,Caio Collet,76,false,true,3,3,0,61e7c0e8ca2682cb606c7604b26f433daf6d95c358be5879e2fdbc06135604fd
session_indy_nxt_2025_6446,1,2,driver_nolan_allaer,Nolan Allaer,11,false,true,13,14,-1,61e7c0e8ca2682cb606c7604b26f433daf6d95c358be5879e2fdbc06135604fd
session_indy_nxt_2025_6446,1,2,driver_james_roe,James Roe,29,false,false,18,19,-1,61e7c0e8ca2682cb606c7604b26f433daf6d95c358be5879e2fdbc06135604fd
session_indy_nxt_2025_6446,1,2,driver_ricardo_escotto,Ricardo Escotto,3,false,false,8,9,-1,61e7c0e8ca2682cb606c7604b26f433daf6d95c358be5879e2fdbc06135604fd
session_indy_nxt_2025_6446,1,2,driver_jack_william_miller,Jack William Miller,40,false,false,4,5,-1,61e7c0e8ca2682cb606c7604b26f433daf6d95c358be5879e2fdbc06135604fd
session_indy_nxt_2025_6446,1,2,driver_jonathan_browne,Jonathan Browne,9,false,false,7,8,-1,61e7c0e8ca2682cb606c7604b26f433daf6d95c358be5879e2fdbc06135604fd
session_indy_nxt_2025_6446,2,14,driver_josh_pierson,Josh Pierson,14,false,true,13,12,1,61e7c0e8ca2682cb606c7604b26f433daf6d95c358be5879e2fdbc06135604fd
session_indy_nxt_2025_6446,2,14,driver_nolan_allaer,Nolan Allaer,11,false,true,14,14,0,61e7c0e8ca2682cb606c7604b26f433daf6d95c358be5879e2fdbc06135604fd
session_indy_nxt_2025_6446,2,14,driver_tommy_smith,Tommy Smith,16,false,true,18,18,0,61e7c0e8ca2682cb606c7604b26f433daf6d95c358be5879e2fdbc06135604fd
session_indy_nxt_2025_6446,2,14,driver_callum_hedge,Callum Hedge,17,false,false,10,10,0,61e7c0e8ca2682cb606c7604b26f433daf6d95c358be5879e2fdbc06135604fd
session_indy_nxt_2025_6446,2,14,driver_seb_murray,Seb Murray,2,false,false,11,11,0,61e7c0e8ca2682cb606c7604b26f433daf6d95c358be5879e2fdbc06135604fd
session_indy_nxt_2025_6446,2,14,driver_sophia_floersch,Sophia Floersch,24,false,true,15,15,0,61e7c0e8ca2682cb606c7604b26f433daf6d95c358be5879e2fdbc06135604fd
session_indy_nxt_2025_6446,2,14,driver_lochie_hughes,Lochie Hughes,26,false,false,2,2,0,61e7c0e8ca2682cb606c7604b26f433daf6d95c358be5879e2fdbc06135604fd
session_indy_nxt_2025_6446,2,14,driver_salvador_de_alba,Salvador de Alba,27,false,false,6,6,0,61e7c0e8ca2682cb606c7604b26f433daf6d95c358be5879e2fdbc06135604fd
session_indy_nxt_2025_6446,2,14,driver_dennis_hauger,Dennis Hauger,28,false,false,1,1,0,61e7c0e8ca2682cb606c7604b26f433daf6d95c358be5879e2fdbc06135604fd
session_indy_nxt_2025_6446,2,14,driver_ricardo_escotto,Ricardo Escotto,3,false,false,9,9,0,61e7c0e8ca2682cb606c7604b26f433daf6d95c358be5879e2fdbc06135604fd
session_indy_nxt_2025_6446,2,14,driver_liam_sceats,Liam Sceats,30,false,true,19,19,0,61e7c0e8ca2682cb606c7604b26f433daf6d95c358be5879e2fdbc06135604fd
session_indy_nxt_2025_6446,2,14,driver_hailie_deegan,Hailie Deegan,38,false,true,17,17,0,61e7c0e8ca2682cb606c7604b26f433daf6d95c358be5879e2fdbc06135604fd
session_indy_nxt_2025_6446,2,14,driver_bryce_aron,Bryce Aron,39,true,false,16,16,0,61e7c0e8ca2682cb606c7604b26f433daf6d95c358be5879e2fdbc06135604fd
session_indy_nxt_2025_6446,2,14,driver_jack_william_miller,Jack William Miller,40,false,false,5,5,0,61e7c0e8ca2682cb606c7604b26f433daf6d95c358be5879e2fdbc06135604fd
session_indy_nxt_2025_6446,2,14,driver_jordan_missig,Jordan Missig,48,false,false,7,7,0,61e7c0e8ca2682cb606c7604b26f433daf6d95c358be5879e2fdbc06135604fd
session_indy_nxt_2025_6446,2,14,driver_caio_collet,Caio Collet,76,false,true,3,3,0,61e7c0e8ca2682cb606c7604b26f433daf6d95c358be5879e2fdbc06135604fd
session_indy_nxt_2025_6446,2,14,driver_jonathan_browne,Jonathan Browne,9,false,false,8,8,0,61e7c0e8ca2682cb606c7604b26f433daf6d95c358be5879e2fdbc06135604fd
session_indy_nxt_2025_6446,2,14,driver_myles_rowe,Myles Rowe,99,false,false,4,4,0,61e7c0e8ca2682cb606c7604b26f433daf6d95c358be5879e2fdbc06135604fd
session_indy_nxt_2025_6446,2,14,driver_nikita_johnson,Nikita Johnson,18,false,true,12,13,-1,61e7c0e8ca2682cb606c7604b26f433daf6d95c358be5879e2fdbc06135604fd
session_indy_nxt_2025_6446,3,25,driver_josh_pierson,Josh Pierson,14,false,true,11,10,1,61e7c0e8ca2682cb606c7604b26f433daf6d95c358be5879e2fdbc06135604fd
session_indy_nxt_2025_6446,3,25,driver_nikita_johnson,Nikita Johnson,18,false,true,12,11,1,61e7c0e8ca2682cb606c7604b26f433daf6d95c358be5879e2fdbc06135604fd
session_indy_nxt_2025_6446,3,25,driver_seb_murray,Seb Murray,2,false,false,16,15,1,61e7c0e8ca2682cb606c7604b26f433daf6d95c358be5879e2fdbc06135604fd
session_indy_nxt_2025_6446,3,25,driver_tommy_smith,Tommy Smith,16,false,true,17,17,0,61e7c0e8ca2682cb606c7604b26f433daf6d95c358be5879e2fdbc06135604fd
session_indy_nxt_2025_6446,3,25,driver_callum_hedge,Callum Hedge,17,false,false,9,9,0,61e7c0e8ca2682cb606c7604b26f433daf6d95c358be5879e2fdbc06135604fd
session_indy_nxt_2025_6446,3,25,driver_sophia_floersch,Sophia Floersch,24,false,true,13,13,0,61e7c0e8ca2682cb606c7604b26f433daf6d95c358be5879e2fdbc06135604fd
session_indy_nxt_2025_6446,3,25,driver_lochie_hughes,Lochie Hughes,26,false,false,2,2,0,61e7c0e8ca2682cb606c7604b26f433daf6d95c358be5879e2fdbc06135604fd
session_indy_nxt_2025_6446,3,25,driver_salvador_de_alba,Salvador de Alba,27,false,false,6,6,0,61e7c0e8ca2682cb606c7604b26f433daf6d95c358be5879e2fdbc06135604fd
session_indy_nxt_2025_6446,3,25,driver_dennis_hauger,Dennis Hauger,28,false,false,1,1,0,61e7c0e8ca2682cb606c7604b26f433daf6d95c358be5879e2fdbc06135604fd
session_indy_nxt_2025_6446,3,25,driver_liam_sceats,Liam Sceats,30,false,true,18,18,0,61e7c0e8ca2682cb606c7604b26f433daf6d95c358be5879e2fdbc06135604fd
session_indy_nxt_2025_6446,3,25,driver_bryce_aron,Bryce Aron,39,true,false,14,14,0,61e7c0e8ca2682cb606c7604b26f433daf6d95c358be5879e2fdbc06135604fd
session_indy_nxt_2025_6446,3,25,driver_jack_william_miller,Jack William Miller,40,false,false,5,5,0,61e7c0e8ca2682cb606c7604b26f433daf6d95c358be5879e2fdbc06135604fd
session_indy_nxt_2025_6446,3,25,driver_jordan_missig,Jordan Missig,48,false,false,7,7,0,61e7c0e8ca2682cb606c7604b26f433daf6d95c358be5879e2fdbc06135604fd
session_indy_nxt_2025_6446,3,25,driver_caio_collet,Caio Collet,76,false,true,3,3,0,61e7c0e8ca2682cb606c7604b26f433daf6d95c358be5879e2fdbc06135604fd
session_indy_nxt_2025_6446,3,25,driver_jonathan_browne,Jonathan Browne,9,false,false,8,8,0,61e7c0e8ca2682cb606c7604b26f433daf6d95c358be5879e2fdbc06135604fd
session_indy_nxt_2025_6446,3,25,driver_myles_rowe,Myles Rowe,99,false,false,4,4,0,61e7c0e8ca2682cb606c7604b26f433daf6d95c358be5879e2fdbc06135604fd
session_indy_nxt_2025_6446,3,25,driver_hailie_deegan,Hailie Deegan,38,false,true,15,16,-1,61e7c0e8ca2682cb606c7604b26f433daf6d95c358be5879e2fdbc06135604fd
session_indy_nxt_2025_6446,3,25,driver_ricardo_escotto,Ricardo Escotto,3,false,false,10,12,-2,61e7c0e8ca2682cb606c7604b26f433daf6d95c358be5879e2fdbc06135604fd
session_indy_nxt_2025_6447,1,44,driver_jordan_missig,Jordan Missig,48,false,false,11,9,2,61e7c0e8ca2682cb606c7604b26f433daf6d95c358be5879e2fdbc06135604fd
session_indy_nxt_2025_6447,1,44,driver_nolan_allaer,Nolan Allaer,11,false,false,14,13,1,61e7c0e8ca2682cb606c7604b26f433daf6d95c358be5879e2fdbc06135604fd
session_indy_nxt_2025_6447,1,44,driver_josh_pierson,Josh Pierson,14,false,false,9,8,1,61e7c0e8ca2682cb606c7604b26f433daf6d95c358be5879e2fdbc06135604fd
session_indy_nxt_2025_6447,1,44,driver_seb_murray,Seb Murray,2,false,false,12,11,1,61e7c0e8ca2682cb606c7604b26f433daf6d95c358be5879e2fdbc06135604fd
session_indy_nxt_2025_6447,1,44,driver_james_roe,James Roe,29,false,false,8,7,1,61e7c0e8ca2682cb606c7604b26f433daf6d95c358be5879e2fdbc06135604fd
session_indy_nxt_2025_6447,1,44,driver_hailie_deegan,Hailie Deegan,38,false,false,13,12,1,61e7c0e8ca2682cb606c7604b26f433daf6d95c358be5879e2fdbc06135604fd
session_indy_nxt_2025_6447,1,44,driver_niels_koolen,Niels Koolen,10,false,true,10,10,0,61e7c0e8ca2682cb606c7604b26f433daf6d95c358be5879e2fdbc06135604fd
session_indy_nxt_2025_6447,1,44,driver_tommy_smith,Tommy Smith,16,false,false,17,17,0,61e7c0e8ca2682cb606c7604b26f433daf6d95c358be5879e2fdbc06135604fd
session_indy_nxt_2025_6447,1,44,driver_davey_hamilton_jr,Davey Hamilton Jr.,24,false,false,16,16,0,61e7c0e8ca2682cb606c7604b26f433daf6d95c358be5879e2fdbc06135604fd
session_indy_nxt_2025_6447,1,44,driver_lochie_hughes,Lochie Hughes,26,false,false,5,5,0,61e7c0e8ca2682cb606c7604b26f433daf6d95c358be5879e2fdbc06135604fd
session_indy_nxt_2025_6447,1,44,driver_salvador_de_alba,Salvador de Alba,27,false,false,1,1,0,61e7c0e8ca2682cb606c7604b26f433daf6d95c358be5879e2fdbc06135604fd
session_indy_nxt_2025_6447,1,44,driver_dennis_hauger,Dennis Hauger,28,false,false,3,3,0,61e7c0e8ca2682cb606c7604b26f433daf6d95c358be5879e2fdbc06135604fd
session_indy_nxt_2025_6447,1,44,driver_jack_william_miller,Jack William Miller,40,false,false,15,15,0,61e7c0e8ca2682cb606c7604b26f433daf6d95c358be5879e2fdbc06135604fd
session_indy_nxt_2025_6447,1,44,driver_caio_collet,Caio Collet,76,false,false,4,4,0,61e7c0e8ca2682cb606c7604b26f433daf6d95c358be5879e2fdbc06135604fd
session_indy_nxt_2025_6447,1,44,driver_bryce_aron,Bryce Aron,9,true,false,6,6,0,61e7c0e8ca2682cb606c7604b26f433daf6d95c358be5879e2fdbc06135604fd
session_indy_nxt_2025_6447,1,44,driver_myles_rowe,Myles Rowe,99,false,false,2,2,0,61e7c0e8ca2682cb606c7604b26f433daf6d95c358be5879e2fdbc06135604fd
session_indy_nxt_2025_6447,1,44,driver_michael_d_orlando,Michael d'Orlando,3,false,false,7,14,-7,61e7c0e8ca2682cb606c7604b26f433daf6d95c358be5879e2fdbc06135604fd
session_indy_nxt_2025_6448,1,53,driver_bryce_aron,Bryce Aron,9,true,false,8,6,2,61e7c0e8ca2682cb606c7604b26f433daf6d95c358be5879e2fdbc06135604fd
session_indy_nxt_2025_6448,1,53,driver_niels_koolen,Niels Koolen,10,false,true,11,10,1,61e7c0e8ca2682cb606c7604b26f433daf6d95c358be5879e2fdbc06135604fd
session_indy_nxt_2025_6448,1,53,driver_max_taylor,Max Taylor,18,false,false,12,11,1,61e7c0e8ca2682cb606c7604b26f433daf6d95c358be5879e2fdbc06135604fd
session_indy_nxt_2025_6448,1,53,driver_james_roe,James Roe,29,false,false,9,8,1,61e7c0e8ca2682cb606c7604b26f433daf6d95c358be5879e2fdbc06135604fd
session_indy_nxt_2025_6448,1,53,driver_hailie_deegan,Hailie Deegan,38,false,false,15,14,1,61e7c0e8ca2682cb606c7604b26f433daf6d95c358be5879e2fdbc06135604fd
session_indy_nxt_2025_6448,1,53,driver_callum_hedge,Callum Hedge,17,false,false,4,4,0,61e7c0e8ca2682cb606c7604b26f433daf6d95c358be5879e2fdbc06135604fd
session_indy_nxt_2025_6448,1,53,driver_seb_murray,Seb Murray,2,false,false,16,16,0,61e7c0e8ca2682cb606c7604b26f433daf6d95c358be5879e2fdbc06135604fd
session_indy_nxt_2025_6448,1,53,driver_lochie_hughes,Lochie Hughes,26,false,false,3,3,0,61e7c0e8ca2682cb606c7604b26f433daf6d95c358be5879e2fdbc06135604fd
session_indy_nxt_2025_6448,1,53,driver_salvador_de_alba,Salvador de Alba,27,false,false,1,1,0,61e7c0e8ca2682cb606c7604b26f433daf6d95c358be5879e2fdbc06135604fd
session_indy_nxt_2025_6448,1,53,driver_dennis_hauger,Dennis Hauger,28,false,false,2,2,0,61e7c0e8ca2682cb606c7604b26f433daf6d95c358be5879e2fdbc06135604fd
session_indy_nxt_2025_6448,1,53,driver_jordan_missig,Jordan Missig,48,false,false,13,13,0,61e7c0e8ca2682cb606c7604b26f433daf6d95c358be5879e2fdbc06135604fd
session_indy_nxt_2025_6448,1,53,driver_myles_rowe,Myles Rowe,99,false,false,5,5,0,61e7c0e8ca2682cb606c7604b26f433daf6d95c358be5879e2fdbc06135604fd
session_indy_nxt_2025_6448,1,53,driver_davey_hamilton_jr,Davey Hamilton Jr.,24,false,false,14,15,-1,61e7c0e8ca2682cb606c7604b26f433daf6d95c358be5879e2fdbc06135604fd
session_indy_nxt_2025_6448,1,53,driver_caio_collet,Caio Collet,76,false,false,6,7,-1,61e7c0e8ca2682cb606c7604b26f433daf6d95c358be5879e2fdbc06135604fd
session_indy_nxt_2025_6448,1,53,driver_josh_pierson,Josh Pierson,14,false,false,10,12,-2,61e7c0e8ca2682cb606c7604b26f433daf6d95c358be5879e2fdbc06135604fd
session_indy_nxt_2025_6448,1,53,driver_michael_d_orlando,Michael d'Orlando,3,false,false,7,9,-2,61e7c0e8ca2682cb606c7604b26f433daf6d95c358be5879e2fdbc06135604fd
session_indy_nxt_2025_6449,1,4,driver_jm_correa,JM Correa,39,false,false,17,12,5,61e7c0e8ca2682cb606c7604b26f433daf6d95c358be5879e2fdbc06135604fd
session_indy_nxt_2025_6449,1,4,driver_lochie_hughes,Lochie Hughes,26,false,false,18,14,4,61e7c0e8ca2682cb606c7604b26f433daf6d95c358be5879e2fdbc06135604fd
session_indy_nxt_2025_6449,1,4,driver_nolan_allaer,Nolan Allaer,11,false,false,13,10,3,61e7c0e8ca2682cb606c7604b26f433daf6d95c358be5879e2fdbc06135604fd
session_indy_nxt_2025_6449,1,4,driver_nicholas_monteiro,Nicholas Monteiro,24,false,false,14,11,3,61e7c0e8ca2682cb606c7604b26f433daf6d95c358be5879e2fdbc06135604fd
session_indy_nxt_2025_6449,1,4,driver_tommy_smith,Tommy Smith,16,false,false,8,6,2,61e7c0e8ca2682cb606c7604b26f433daf6d95c358be5879e2fdbc06135604fd
session_indy_nxt_2025_6449,1,4,driver_seb_murray,Seb Murray,2,false,false,15,13,2,61e7c0e8ca2682cb606c7604b26f433daf6d95c358be5879e2fdbc06135604fd
session_indy_nxt_2025_6449,1,4,driver_josh_pierson,Josh Pierson,14,false,false,16,15,1,61e7c0e8ca2682cb606c7604b26f433daf6d95c358be5879e2fdbc06135604fd
session_indy_nxt_2025_6449,1,4,driver_salvador_de_alba,Salvador de Alba,27,false,false,6,5,1,61e7c0e8ca2682cb606c7604b26f433daf6d95c358be5879e2fdbc06135604fd
session_indy_nxt_2025_6449,1,4,driver_callum_hedge,Callum Hedge,17,false,false,4,4,0,61e7c0e8ca2682cb606c7604b26f433daf6d95c358be5879e2fdbc06135604fd
session_indy_nxt_2025_6449,1,4,driver_dennis_hauger,Dennis Hauger,28,false,false,1,1,0,61e7c0e8ca2682cb606c7604b26f433daf6d95c358be5879e2fdbc06135604fd
session_indy_nxt_2025_6449,1,4,driver_jordan_missig,Jordan Missig,48,false,false,9,9,0,61e7c0e8ca2682cb606c7604b26f433daf6d95c358be5879e2fdbc06135604fd
session_indy_nxt_2025_6449,1,4,driver_caio_collet,Caio Collet,76,false,false,2,2,0,61e7c0e8ca2682cb606c7604b26f433daf6d95c358be5879e2fdbc06135604fd
session_indy_nxt_2025_6449,1,4,driver_myles_rowe,Myles Rowe,99,false,false,3,3,0,61e7c0e8ca2682cb606c7604b26f433daf6d95c358be5879e2fdbc06135604fd
session_indy_nxt_2025_6449,1,4,driver_michael_d_orlando,Michael d'Orlando,3,false,false,7,8,-1,61e7c0e8ca2682cb606c7604b26f433daf6d95c358be5879e2fdbc06135604fd
session_indy_nxt_2025_6449,1,4,driver_niels_koolen,Niels Koolen,10,false,true,5,7,-2,61e7c0e8ca2682cb606c7604b26f433daf6d95c358be5879e2fdbc06135604fd
session_indy_nxt_2025_6449,1,4,driver_hailie_deegan,Hailie Deegan,38,false,false,12,17,-5,61e7c0e8ca2682cb606c7604b26f433daf6d95c358be5879e2fdbc06135604fd
session_indy_nxt_2025_6449,1,4,driver_jack_william_miller,Jack William Miller,40,false,false,11,16,-5,61e7c0e8ca2682cb606c7604b26f433daf6d95c358be5879e2fdbc06135604fd
session_indy_nxt_2025_6449,1,4,driver_james_roe,James Roe,29,false,false,10,18,-8,61e7c0e8ca2682cb606c7604b26f433daf6d95c358be5879e2fdbc06135604fd
session_indy_nxt_2025_6450,1,6,driver_nolan_allaer,Nolan Allaer,11,false,false,15,13,2,61e7c0e8ca2682cb606c7604b26f433daf6d95c358be5879e2fdbc06135604fd
session_indy_nxt_2025_6450,1,6,driver_salvador_de_alba,Salvador de Alba,27,false,false,13,11,2,61e7c0e8ca2682cb606c7604b26f433daf6d95c358be5879e2fdbc06135604fd
session_indy_nxt_2025_6450,1,6,driver_hailie_deegan,Hailie Deegan,38,false,false,16,14,2,61e7c0e8ca2682cb606c7604b26f433daf6d95c358be5879e2fdbc06135604fd
session_indy_nxt_2025_6450,1,6,driver_jack_william_miller,Jack William Miller,40,false,false,14,12,2,61e7c0e8ca2682cb606c7604b26f433daf6d95c358be5879e2fdbc06135604fd
session_indy_nxt_2025_6450,1,6,driver_tommy_smith,Tommy Smith,16,false,false,17,16,1,61e7c0e8ca2682cb606c7604b26f433daf6d95c358be5879e2fdbc06135604fd
session_indy_nxt_2025_6450,1,6,driver_myles_rowe,Myles Rowe,99,false,false,7,6,1,61e7c0e8ca2682cb606c7604b26f433daf6d95c358be5879e2fdbc06135604fd
session_indy_nxt_2025_6450,1,6,driver_niels_koolen,Niels Koolen,10,false,true,9,9,0,61e7c0e8ca2682cb606c7604b26f433daf6d95c358be5879e2fdbc06135604fd
session_indy_nxt_2025_6450,1,6,driver_josh_pierson,Josh Pierson,14,false,false,2,2,0,61e7c0e8ca2682cb606c7604b26f433daf6d95c358be5879e2fdbc06135604fd
session_indy_nxt_2025_6450,1,6,driver_callum_hedge,Callum Hedge,17,false,false,5,5,0,61e7c0e8ca2682cb606c7604b26f433daf6d95c358be5879e2fdbc06135604fd
session_indy_nxt_2025_6450,1,6,driver_seb_murray,Seb Murray,2,false,false,8,8,0,61e7c0e8ca2682cb606c7604b26f433daf6d95c358be5879e2fdbc06135604fd
session_indy_nxt_2025_6450,1,6,driver_lochie_hughes,Lochie Hughes,26,false,false,4,4,0,61e7c0e8ca2682cb606c7604b26f433daf6d95c358be5879e2fdbc06135604fd
session_indy_nxt_2025_6450,1,6,driver_dennis_hauger,Dennis Hauger,28,false,false,3,3,0,61e7c0e8ca2682cb606c7604b26f433daf6d95c358be5879e2fdbc06135604fd
session_indy_nxt_2025_6450,1,6,driver_liam_sceats,Liam Sceats,30,false,false,18,18,0,61e7c0e8ca2682cb606c7604b26f433daf6d95c358be5879e2fdbc06135604fd
session_indy_nxt_2025_6450,1,6,driver_jordan_missig,Jordan Missig,48,false,false,10,10,0,61e7c0e8ca2682cb606c7604b26f433daf6d95c358be5879e2fdbc06135604fd
session_indy_nxt_2025_6450,1,6,driver_caio_collet,Caio Collet,76,false,false,1,1,0,61e7c0e8ca2682cb606c7604b26f433daf6d95c358be5879e2fdbc06135604fd
session_indy_nxt_2025_6450,1,6,driver_max_taylor,Max Taylor,18,false,false,6,7,-1,61e7c0e8ca2682cb606c7604b26f433daf6d95c358be5879e2fdbc06135604fd
session_indy_nxt_2025_6450,1,6,driver_jm_correa,JM Correa,39,false,false,12,15,-3,61e7c0e8ca2682cb606c7604b26f433daf6d95c358be5879e2fdbc06135604fd
session_indy_nxt_2025_6450,1,6,driver_james_roe,James Roe,29,false,false,11,17,-6,61e7c0e8ca2682cb606c7604b26f433daf6d95c358be5879e2fdbc06135604fd
session_indy_nxt_2025_6450,2,22,driver_tommy_smith,Tommy Smith,16,false,false,16,14,2,61e7c0e8ca2682cb606c7604b26f433daf6d95c358be5879e2fdbc06135604fd
session_indy_nxt_2025_6450,2,22,driver_nolan_allaer,Nolan Allaer,11,false,false,13,12,1,61e7c0e8ca2682cb606c7604b26f433daf6d95c358be5879e2fdbc06135604fd
session_indy_nxt_2025_6450,2,22,driver_jm_correa,JM Correa,39,false,false,14,13,1,61e7c0e8ca2682cb606c7604b26f433daf6d95c358be5879e2fdbc06135604fd
session_indy_nxt_2025_6450,2,22,driver_niels_koolen,Niels Koolen,10,false,true,9,9,0,61e7c0e8ca2682cb606c7604b26f433daf6d95c358be5879e2fdbc06135604fd
session_indy_nxt_2025_6450,2,22,driver_josh_pierson,Josh Pierson,14,false,false,2,2,0,61e7c0e8ca2682cb606c7604b26f433daf6d95c358be5879e2fdbc06135604fd
session_indy_nxt_2025_6450,2,22,driver_callum_hedge,Callum Hedge,17,false,false,5,5,0,61e7c0e8ca2682cb606c7604b26f433daf6d95c358be5879e2fdbc06135604fd
session_indy_nxt_2025_6450,2,22,driver_max_taylor,Max Taylor,18,false,false,7,7,0,61e7c0e8ca2682cb606c7604b26f433daf6d95c358be5879e2fdbc06135604fd
session_indy_nxt_2025_6450,2,22,driver_seb_murray,Seb Murray,2,false,false,8,8,0,61e7c0e8ca2682cb606c7604b26f433daf6d95c358be5879e2fdbc06135604fd
session_indy_nxt_2025_6450,2,22,driver_lochie_hughes,Lochie Hughes,26,false,false,4,4,0,61e7c0e8ca2682cb606c7604b26f433daf6d95c358be5879e2fdbc06135604fd
session_indy_nxt_2025_6450,2,22,driver_salvador_de_alba,Salvador de Alba,27,false,false,11,11,0,61e7c0e8ca2682cb606c7604b26f433daf6d95c358be5879e2fdbc06135604fd
session_indy_nxt_2025_6450,2,22,driver_dennis_hauger,Dennis Hauger,28,false,false,3,3,0,61e7c0e8ca2682cb606c7604b26f433daf6d95c358be5879e2fdbc06135604fd
session_indy_nxt_2025_6450,2,22,driver_james_roe,James Roe,29,false,false,17,17,0,61e7c0e8ca2682cb606c7604b26f433daf6d95c358be5879e2fdbc06135604fd
session_indy_nxt_2025_6450,2,22,driver_hailie_deegan,Hailie Deegan,38,false,false,15,15,0,61e7c0e8ca2682cb606c7604b26f433daf6d95c358be5879e2fdbc06135604fd
session_indy_nxt_2025_6450,2,22,driver_jack_william_miller,Jack William Miller,40,false,false,10,10,0,61e7c0e8ca2682cb606c7604b26f433daf6d95c358be5879e2fdbc06135604fd
session_indy_nxt_2025_6450,2,22,driver_caio_collet,Caio Collet,76,false,false,1,1,0,61e7c0e8ca2682cb606c7604b26f433daf6d95c358be5879e2fdbc06135604fd
session_indy_nxt_2025_6450,2,22,driver_myles_rowe,Myles Rowe,99,false,false,6,6,0,61e7c0e8ca2682cb606c7604b26f433daf6d95c358be5879e2fdbc06135604fd
session_indy_nxt_2025_6450,2,22,driver_jordan_missig,Jordan Missig,48,false,false,12,16,-4,61e7c0e8ca2682cb606c7604b26f433daf6d95c358be5879e2fdbc06135604fd
session_indy_nxt_2025_6450,3,26,driver_lochie_hughes,Lochie Hughes,26,false,false,4,3,1,61e7c0e8ca2682cb606c7604b26f433daf6d95c358be5879e2fdbc06135604fd
session_indy_nxt_2025_6450,3,26,driver_niels_koolen,Niels Koolen,10,false,true,9,9,0,61e7c0e8ca2682cb606c7604b26f433daf6d95c358be5879e2fdbc06135604fd
session_indy_nxt_2025_6450,3,26,driver_nolan_allaer,Nolan Allaer,11,false,false,16,16,0,61e7c0e8ca2682cb606c7604b26f433daf6d95c358be5879e2fdbc06135604fd
session_indy_nxt_2025_6450,3,26,driver_josh_pierson,Josh Pierson,14,false,false,2,2,0,61e7c0e8ca2682cb606c7604b26f433daf6d95c358be5879e2fdbc06135604fd
session_indy_nxt_2025_6450,3,26,driver_tommy_smith,Tommy Smith,16,false,false,12,12,0,61e7c0e8ca2682cb606c7604b26f433daf6d95c358be5879e2fdbc06135604fd
session_indy_nxt_2025_6450,3,26,driver_callum_hedge,Callum Hedge,17,false,false,5,5,0,61e7c0e8ca2682cb606c7604b26f433daf6d95c358be5879e2fdbc06135604fd
session_indy_nxt_2025_6450,3,26,driver_max_taylor,Max Taylor,18,false,false,7,7,0,61e7c0e8ca2682cb606c7604b26f433daf6d95c358be5879e2fdbc06135604fd
session_indy_nxt_2025_6450,3,26,driver_seb_murray,Seb Murray,2,false,false,8,8,0,61e7c0e8ca2682cb606c7604b26f433daf6d95c358be5879e2fdbc06135604fd
session_indy_nxt_2025_6450,3,26,driver_salvador_de_alba,Salvador de Alba,27,false,false,11,11,0,61e7c0e8ca2682cb606c7604b26f433daf6d95c358be5879e2fdbc06135604fd
session_indy_nxt_2025_6450,3,26,driver_james_roe,James Roe,29,false,false,15,15,0,61e7c0e8ca2682cb606c7604b26f433daf6d95c358be5879e2fdbc06135604fd
session_indy_nxt_2025_6450,3,26,driver_hailie_deegan,Hailie Deegan,38,false,false,14,14,0,61e7c0e8ca2682cb606c7604b26f433daf6d95c358be5879e2fdbc06135604fd
session_indy_nxt_2025_6450,3,26,driver_jack_william_miller,Jack William Miller,40,false,false,10,10,0,61e7c0e8ca2682cb606c7604b26f433daf6d95c358be5879e2fdbc06135604fd
session_indy_nxt_2025_6450,3,26,driver_jordan_missig,Jordan Missig,48,false,false,13,13,0,61e7c0e8ca2682cb606c7604b26f433daf6d95c358be5879e2fdbc06135604fd
session_indy_nxt_2025_6450,3,26,driver_caio_collet,Caio Collet,76,false,false,1,1,0,61e7c0e8ca2682cb606c7604b26f433daf6d95c358be5879e2fdbc06135604fd
session_indy_nxt_2025_6450,3,26,driver_myles_rowe,Myles Rowe,99,false,false,6,6,0,61e7c0e8ca2682cb606c7604b26f433daf6d95c358be5879e2fdbc06135604fd
session_indy_nxt_2025_6450,3,26,driver_dennis_hauger,Dennis Hauger,28,false,false,3,4,-1,61e7c0e8ca2682cb606c7604b26f433daf6d95c358be5879e2fdbc06135604fd
session_indy_nxt_2025_6450,4,30,driver_myles_rowe,Myles Rowe,99,false,false,9,8,1,61e7c0e8ca2682cb606c7604b26f433daf6d95c358be5879e2fdbc06135604fd
session_indy_nxt_2025_6450,4,30,driver_niels_koolen,Niels Koolen,10,false,true,6,6,0,61e7c0e8ca2682cb606c7604b26f433daf6d95c358be5879e2fdbc06135604fd
session_indy_nxt_2025_6450,4,30,driver_nolan_allaer,Nolan Allaer,11,false,false,14,14,0,61e7c0e8ca2682cb606c7604b26f433daf6d95c358be5879e2fdbc06135604fd
session_indy_nxt_2025_6450,4,30,driver_josh_pierson,Josh Pierson,14,false,false,2,2,0,61e7c0e8ca2682cb606c7604b26f433daf6d95c358be5879e2fdbc06135604fd
session_indy_nxt_2025_6450,4,30,driver_tommy_smith,Tommy Smith,16,false,false,12,12,0,61e7c0e8ca2682cb606c7604b26f433daf6d95c358be5879e2fdbc06135604fd
session_indy_nxt_2025_6450,4,30,driver_callum_hedge,Callum Hedge,17,false,false,3,3,0,61e7c0e8ca2682cb606c7604b26f433daf6d95c358be5879e2fdbc06135604fd
session_indy_nxt_2025_6450,4,30,driver_max_taylor,Max Taylor,18,false,false,4,4,0,61e7c0e8ca2682cb606c7604b26f433daf6d95c358be5879e2fdbc06135604fd
session_indy_nxt_2025_6450,4,30,driver_seb_murray,Seb Murray,2,false,false,5,5,0,61e7c0e8ca2682cb606c7604b26f433daf6d95c358be5879e2fdbc06135604fd
session_indy_nxt_2025_6450,4,30,driver_lochie_hughes,Lochie Hughes,26,false,false,15,15,0,61e7c0e8ca2682cb606c7604b26f433daf6d95c358be5879e2fdbc06135604fd
session_indy_nxt_2025_6450,4,30,driver_james_roe,James Roe,29,false,false,13,13,0,61e7c0e8ca2682cb606c7604b26f433daf6d95c358be5879e2fdbc06135604fd
session_indy_nxt_2025_6450,4,30,driver_hailie_deegan,Hailie Deegan,38,false,false,11,11,0,61e7c0e8ca2682cb606c7604b26f433daf6d95c358be5879e2fdbc06135604fd
session_indy_nxt_2025_6450,4,30,driver_jack_william_miller,Jack William Miller,40,false,false,7,7,0,61e7c0e8ca2682cb606c7604b26f433daf6d95c358be5879e2fdbc06135604fd
session_indy_nxt_2025_6450,4,30,driver_jordan_missig,Jordan Missig,48,false,false,10,10,0,61e7c0e8ca2682cb606c7604b26f433daf6d95c358be5879e2fdbc06135604fd
session_indy_nxt_2025_6450,4,30,driver_caio_collet,Caio Collet,76,false,false,1,1,0,61e7c0e8ca2682cb606c7604b26f433daf6d95c358be5879e2fdbc06135604fd
session_indy_nxt_2025_6450,4,30,driver_salvador_de_alba,Salvador de Alba,27,false,false,8,9,-1,61e7c0e8ca2682cb606c7604b26f433daf6d95c358be5879e2fdbc06135604fd
session_indy_nxt_2025_6451,1,33,driver_james_roe,James Roe,29,false,false,9,8,1,61e7c0e8ca2682cb606c7604b26f433daf6d95c358be5879e2fdbc06135604fd
session_indy_nxt_2025_6451,1,33,driver_niels_koolen,Niels Koolen,10,false,true,7,7,0,61e7c0e8ca2682cb606c7604b26f433daf6d95c358be5879e2fdbc06135604fd
session_indy_nxt_2025_6451,1,33,driver_nolan_allaer,Nolan Allaer,11,false,false,13,13,0,61e7c0e8ca2682cb606c7604b26f433daf6d95c358be5879e2fdbc06135604fd
session_indy_nxt_2025_6451,1,33,driver_josh_pierson,Josh Pierson,14,false,false,14,14,0,61e7c0e8ca2682cb606c7604b26f433daf6d95c358be5879e2fdbc06135604fd
session_indy_nxt_2025_6451,1,33,driver_tommy_smith,Tommy Smith,16,false,false,18,18,0,61e7c0e8ca2682cb606c7604b26f433daf6d95c358be5879e2fdbc06135604fd
session_indy_nxt_2025_6451,1,33,driver_callum_hedge,Callum Hedge,17,false,false,6,6,0,61e7c0e8ca2682cb606c7604b26f433daf6d95c358be5879e2fdbc06135604fd
session_indy_nxt_2025_6451,1,33,driver_max_taylor,Max Taylor,18,false,false,12,12,0,61e7c0e8ca2682cb606c7604b26f433daf6d95c358be5879e2fdbc06135604fd
session_indy_nxt_2025_6451,1,33,driver_davey_hamilton_jr,Davey Hamilton Jr.,24,false,false,11,11,0,61e7c0e8ca2682cb606c7604b26f433daf6d95c358be5879e2fdbc06135604fd
session_indy_nxt_2025_6451,1,33,driver_lochie_hughes,Lochie Hughes,26,false,false,19,19,0,61e7c0e8ca2682cb606c7604b26f433daf6d95c358be5879e2fdbc06135604fd
session_indy_nxt_2025_6451,1,33,driver_salvador_de_alba,Salvador de Alba,27,false,false,3,3,0,61e7c0e8ca2682cb606c7604b26f433daf6d95c358be5879e2fdbc06135604fd
session_indy_nxt_2025_6451,1,33,driver_dennis_hauger,Dennis Hauger,28,false,false,1,1,0,61e7c0e8ca2682cb606c7604b26f433daf6d95c358be5879e2fdbc06135604fd
session_indy_nxt_2025_6451,1,33,driver_ricardo_escotto,Ricardo Escotto,3,false,false,15,15,0,61e7c0e8ca2682cb606c7604b26f433daf6d95c358be5879e2fdbc06135604fd
session_indy_nxt_2025_6451,1,33,driver_hailie_deegan,Hailie Deegan,38,false,false,17,17,0,61e7c0e8ca2682cb606c7604b26f433daf6d95c358be5879e2fdbc06135604fd
session_indy_nxt_2025_6451,1,33,driver_jm_correa,JM Correa,39,false,false,16,16,0,61e7c0e8ca2682cb606c7604b26f433daf6d95c358be5879e2fdbc06135604fd
session_indy_nxt_2025_6451,1,33,driver_jack_william_miller,Jack William Miller,40,false,false,5,5,0,61e7c0e8ca2682cb606c7604b26f433daf6d95c358be5879e2fdbc06135604fd
session_indy_nxt_2025_6451,1,33,driver_caio_collet,Caio Collet,76,false,false,4,4,0,61e7c0e8ca2682cb606c7604b26f433daf6d95c358be5879e2fdbc06135604fd
session_indy_nxt_2025_6451,1,33,driver_bryce_aron,Bryce Aron,9,true,false,10,10,0,61e7c0e8ca2682cb606c7604b26f433daf6d95c358be5879e2fdbc06135604fd
session_indy_nxt_2025_6451,1,33,driver_myles_rowe,Myles Rowe,99,false,false,2,2,0,61e7c0e8ca2682cb606c7604b26f433daf6d95c358be5879e2fdbc06135604fd
session_indy_nxt_2025_6451,1,33,driver_jordan_missig,Jordan Missig,48,false,false,8,9,-1,61e7c0e8ca2682cb606c7604b26f433daf6d95c358be5879e2fdbc06135604fd
session_indy_nxt_2025_6451,2,37,driver_james_roe,James Roe,29,false,false,9,7,2,61e7c0e8ca2682cb606c7604b26f433daf6d95c358be5879e2fdbc06135604fd
session_indy_nxt_2025_6451,2,37,driver_niels_koolen,Niels Koolen,10,false,true,6,5,1,61e7c0e8ca2682cb606c7604b26f433daf6d95c358be5879e2fdbc06135604fd
session_indy_nxt_2025_6451,2,37,driver_tommy_smith,Tommy Smith,16,false,false,18,17,1,61e7c0e8ca2682cb606c7604b26f433daf6d95c358be5879e2fdbc06135604fd
session_indy_nxt_2025_6451,2,37,driver_callum_hedge,Callum Hedge,17,false,false,7,6,1,61e7c0e8ca2682cb606c7604b26f433daf6d95c358be5879e2fdbc06135604fd
session_indy_nxt_2025_6451,2,37,driver_davey_hamilton_jr,Davey Hamilton Jr.,24,false,false,16,15,1,61e7c0e8ca2682cb606c7604b26f433daf6d95c358be5879e2fdbc06135604fd
session_indy_nxt_2025_6451,2,37,driver_lochie_hughes,Lochie Hughes,26,false,false,19,18,1,61e7c0e8ca2682cb606c7604b26f433daf6d95c358be5879e2fdbc06135604fd
session_indy_nxt_2025_6451,2,37,driver_hailie_deegan,Hailie Deegan,38,false,false,17,16,1,61e7c0e8ca2682cb606c7604b26f433daf6d95c358be5879e2fdbc06135604fd
session_indy_nxt_2025_6451,2,37,driver_josh_pierson,Josh Pierson,14,false,false,12,12,0,61e7c0e8ca2682cb606c7604b26f433daf6d95c358be5879e2fdbc06135604fd
session_indy_nxt_2025_6451,2,37,driver_max_taylor,Max Taylor,18,false,false,11,11,0,61e7c0e8ca2682cb606c7604b26f433daf6d95c358be5879e2fdbc06135604fd
session_indy_nxt_2025_6451,2,37,driver_salvador_de_alba,Salvador de Alba,27,false,false,4,4,0,61e7c0e8ca2682cb606c7604b26f433daf6d95c358be5879e2fdbc06135604fd
session_indy_nxt_2025_6451,2,37,driver_dennis_hauger,Dennis Hauger,28,false,false,1,1,0,61e7c0e8ca2682cb606c7604b26f433daf6d95c358be5879e2fdbc06135604fd
session_indy_nxt_2025_6451,2,37,driver_ricardo_escotto,Ricardo Escotto,3,false,false,13,13,0,61e7c0e8ca2682cb606c7604b26f433daf6d95c358be5879e2fdbc06135604fd
session_indy_nxt_2025_6451,2,37,driver_jm_correa,JM Correa,39,false,false,14,14,0,61e7c0e8ca2682cb606c7604b26f433daf6d95c358be5879e2fdbc06135604fd
session_indy_nxt_2025_6451,2,37,driver_caio_collet,Caio Collet,76,false,false,3,3,0,61e7c0e8ca2682cb606c7604b26f433daf6d95c358be5879e2fdbc06135604fd
session_indy_nxt_2025_6451,2,37,driver_bryce_aron,Bryce Aron,9,true,false,10,10,0,61e7c0e8ca2682cb606c7604b26f433daf6d95c358be5879e2fdbc06135604fd
session_indy_nxt_2025_6451,2,37,driver_myles_rowe,Myles Rowe,99,false,false,2,2,0,61e7c0e8ca2682cb606c7604b26f433daf6d95c358be5879e2fdbc06135604fd
session_indy_nxt_2025_6451,2,37,driver_jordan_missig,Jordan Missig,48,false,false,8,9,-1,61e7c0e8ca2682cb606c7604b26f433daf6d95c358be5879e2fdbc06135604fd
session_indy_nxt_2025_6451,2,37,driver_jack_william_miller,Jack William Miller,40,false,false,5,8,-3,61e7c0e8ca2682cb606c7604b26f433daf6d95c358be5879e2fdbc06135604fd
session_indy_nxt_2025_6451,2,37,driver_nolan_allaer,Nolan Allaer,11,false,false,15,19,-4,61e7c0e8ca2682cb606c7604b26f433daf6d95c358be5879e2fdbc06135604fd
session_indy_nxt_2025_6452,1,6,driver_myles_rowe,Myles Rowe,99,false,false,15,14,1,61e7c0e8ca2682cb606c7604b26f433daf6d95c358be5879e2fdbc06135604fd
session_indy_nxt_2025_6452,1,6,driver_niels_koolen,Niels Koolen,10,false,true,13,13,0,61e7c0e8ca2682cb606c7604b26f433daf6d95c358be5879e2fdbc06135604fd
session_indy_nxt_2025_6452,1,6,driver_nolan_allaer,Nolan Allaer,11,false,false,17,17,0,61e7c0e8ca2682cb606c7604b26f433daf6d95c358be5879e2fdbc06135604fd
session_indy_nxt_2025_6452,1,6,driver_josh_pierson,Josh Pierson,14,false,false,5,5,0,61e7c0e8ca2682cb606c7604b26f433daf6d95c358be5879e2fdbc06135604fd
session_indy_nxt_2025_6452,1,6,driver_callum_hedge,Callum Hedge,17,false,false,6,6,0,61e7c0e8ca2682cb606c7604b26f433daf6d95c358be5879e2fdbc06135604fd
session_indy_nxt_2025_6452,1,6,driver_evagoras_papasavvas,Evagoras Papasavvas,24,false,false,9,9,0,61e7c0e8ca2682cb606c7604b26f433daf6d95c358be5879e2fdbc06135604fd
session_indy_nxt_2025_6452,1,6,driver_lochie_hughes,Lochie Hughes,26,false,false,3,3,0,61e7c0e8ca2682cb606c7604b26f433daf6d95c358be5879e2fdbc06135604fd
session_indy_nxt_2025_6452,1,6,driver_salvador_de_alba,Salvador de Alba,27,false,false,4,4,0,61e7c0e8ca2682cb606c7604b26f433daf6d95c358be5879e2fdbc06135604fd
session_indy_nxt_2025_6452,1,6,driver_dennis_hauger,Dennis Hauger,28,false,false,1,1,0,61e7c0e8ca2682cb606c7604b26f433daf6d95c358be5879e2fdbc06135604fd
session_indy_nxt_2025_6452,1,6,driver_james_roe,James Roe,29,false,false,12,12,0,61e7c0e8ca2682cb606c7604b26f433daf6d95c358be5879e2fdbc06135604fd
session_indy_nxt_2025_6452,1,6,driver_hailie_deegan,Hailie Deegan,38,false,false,16,16,0,61e7c0e8ca2682cb606c7604b26f433daf6d95c358be5879e2fdbc06135604fd
session_indy_nxt_2025_6452,1,6,driver_jm_correa,JM Correa,39,false,false,7,7,0,61e7c0e8ca2682cb606c7604b26f433daf6d95c358be5879e2fdbc06135604fd
session_indy_nxt_2025_6452,1,6,driver_jack_william_miller,Jack William Miller,40,false,false,10,10,0,61e7c0e8ca2682cb606c7604b26f433daf6d95c358be5879e2fdbc06135604fd
session_indy_nxt_2025_6452,1,6,driver_jordan_missig,Jordan Missig,48,false,false,8,8,0,61e7c0e8ca2682cb606c7604b26f433daf6d95c358be5879e2fdbc06135604fd
session_indy_nxt_2025_6452,1,6,driver_caio_collet,Caio Collet,76,false,false,2,2,0,61e7c0e8ca2682cb606c7604b26f433daf6d95c358be5879e2fdbc06135604fd
session_indy_nxt_2025_6452,1,6,driver_bryce_aron,Bryce Aron,9,true,false,11,11,0,61e7c0e8ca2682cb606c7604b26f433daf6d95c358be5879e2fdbc06135604fd
session_indy_nxt_2025_6452,1,6,driver_tommy_smith,Tommy Smith,16,false,false,14,15,-1,61e7c0e8ca2682cb606c7604b26f433daf6d95c358be5879e2fdbc06135604fd
session_indy_nxt_2025_6455,1,3,driver_niels_koolen,Niels Koolen,10,false,true,12,11,1,61e7c0e8ca2682cb606c7604b26f433daf6d95c358be5879e2fdbc06135604fd
session_indy_nxt_2025_6455,1,3,driver_josh_pierson,Josh Pierson,14,false,false,7,6,1,61e7c0e8ca2682cb606c7604b26f433daf6d95c358be5879e2fdbc06135604fd
session_indy_nxt_2025_6455,1,3,driver_seb_murray,Seb Murray,2,false,false,9,8,1,61e7c0e8ca2682cb606c7604b26f433daf6d95c358be5879e2fdbc06135604fd
session_indy_nxt_2025_6455,1,3,driver_james_roe,James Roe,29,false,false,11,10,1,61e7c0e8ca2682cb606c7604b26f433daf6d95c358be5879e2fdbc06135604fd
session_indy_nxt_2025_6455,1,3,driver_jm_correa,JM Correa,39,false,false,6,5,1,61e7c0e8ca2682cb606c7604b26f433daf6d95c358be5879e2fdbc06135604fd
session_indy_nxt_2025_6455,1,3,driver_jack_william_miller,Jack William Miller,40,false,false,8,7,1,61e7c0e8ca2682cb606c7604b26f433daf6d95c358be5879e2fdbc06135604fd
session_indy_nxt_2025_6455,1,3,driver_bryce_aron,Bryce Aron,9,true,false,10,9,1,61e7c0e8ca2682cb606c7604b26f433daf6d95c358be5879e2fdbc06135604fd
session_indy_nxt_2025_6455,1,3,driver_nolan_allaer,Nolan Allaer,11,false,false,15,15,0,61e7c0e8ca2682cb606c7604b26f433daf6d95c358be5879e2fdbc06135604fd
session_indy_nxt_2025_6455,1,3,driver_tommy_smith,Tommy Smith,16,false,false,17,17,0,61e7c0e8ca2682cb606c7604b26f433daf6d95c358be5879e2fdbc06135604fd
session_indy_nxt_2025_6455,1,3,driver_lochie_hughes,Lochie Hughes,26,false,false,2,2,0,61e7c0e8ca2682cb606c7604b26f433daf6d95c358be5879e2fdbc06135604fd
session_indy_nxt_2025_6455,1,3,driver_salvador_de_alba,Salvador de Alba,27,false,false,3,3,0,61e7c0e8ca2682cb606c7604b26f433daf6d95c358be5879e2fdbc06135604fd
session_indy_nxt_2025_6455,1,3,driver_dennis_hauger,Dennis Hauger,28,false,false,1,1,0,61e7c0e8ca2682cb606c7604b26f433daf6d95c358be5879e2fdbc06135604fd
session_indy_nxt_2025_6455,1,3,driver_liam_sceats,Liam Sceats,30,false,false,14,14,0,61e7c0e8ca2682cb606c7604b26f433daf6d95c358be5879e2fdbc06135604fd
session_indy_nxt_2025_6455,1,3,driver_hailie_deegan,Hailie Deegan,38,false,false,16,16,0,61e7c0e8ca2682cb606c7604b26f433daf6d95c358be5879e2fdbc06135604fd
session_indy_nxt_2025_6455,1,3,driver_jordan_missig,Jordan Missig,48,false,false,13,13,0,61e7c0e8ca2682cb606c7604b26f433daf6d95c358be5879e2fdbc06135604fd
session_indy_nxt_2025_6455,1,3,driver_caio_collet,Caio Collet,76,false,false,4,4,0,61e7c0e8ca2682cb606c7604b26f433daf6d95c358be5879e2fdbc06135604fd
session_indy_nxt_2025_6455,1,3,driver_myles_rowe,Myles Rowe,99,false,false,18,18,0,61e7c0e8ca2682cb606c7604b26f433daf6d95c358be5879e2fdbc06135604fd
session_indy_nxt_2025_6455,1,3,driver_callum_hedge,Callum Hedge,17,false,false,5,12,-7,61e7c0e8ca2682cb606c7604b26f433daf6d95c358be5879e2fdbc06135604fd
session_indy_nxt_2025_6455,2,44,driver_lochie_hughes,Lochie Hughes,26,false,false,7,5,2,61e7c0e8ca2682cb606c7604b26f433daf6d95c358be5879e2fdbc06135604fd
session_indy_nxt_2025_6455,2,44,driver_josh_pierson,Josh Pierson,14,false,false,4,4,0,61e7c0e8ca2682cb606c7604b26f433daf6d95c358be5879e2fdbc06135604fd
session_indy_nxt_2025_6455,2,44,driver_seb_murray,Seb Murray,2,false,false,6,6,0,61e7c0e8ca2682cb606c7604b26f433daf6d95c358be5879e2fdbc06135604fd
session_indy_nxt_2025_6455,2,44,driver_dennis_hauger,Dennis Hauger,28,false,false,1,1,0,61e7c0e8ca2682cb606c7604b26f433daf6d95c358be5879e2fdbc06135604fd
session_indy_nxt_2025_6455,2,44,driver_jm_correa,JM Correa,39,false,false,3,3,0,61e7c0e8ca2682cb606c7604b26f433daf6d95c358be5879e2fdbc06135604fd
session_indy_nxt_2025_6455,2,44,driver_caio_collet,Caio Collet,76,false,false,2,2,0,61e7c0e8ca2682cb606c7604b26f433daf6d95c358be5879e2fdbc06135604fd
session_indy_nxt_2026_6749,1,8,driver_jordan_missig,Jordan Missig,48,false,false,21,18,3,61e7c0e8ca2682cb606c7604b26f433daf6d95c358be5879e2fdbc06135604fd
session_indy_nxt_2026_6749,1,8,driver_salvador_de_alba,Salvador de Alba,17,false,false,22,20,2,61e7c0e8ca2682cb606c7604b26f433daf6d95c358be5879e2fdbc06135604fd
session_indy_nxt_2026_6749,1,8,driver_max_taylor,Max Taylor,28,false,false,19,17,2,61e7c0e8ca2682cb606c7604b26f433daf6d95c358be5879e2fdbc06135604fd
session_indy_nxt_2026_6749,1,8,driver_jack_beeton,Jack Beeton,45,false,false,13,12,1,61e7c0e8ca2682cb606c7604b26f433daf6d95c358be5879e2fdbc06135604fd
session_indy_nxt_2026_6749,1,8,driver_niels_koolen,Niels Koolen,10,false,true,11,11,0,61e7c0e8ca2682cb606c7604b26f433daf6d95c358be5879e2fdbc06135604fd
session_indy_nxt_2026_6749,1,8,driver_max_garcia,Max Garcia,12,false,false,7,7,0,61e7c0e8ca2682cb606c7604b26f433daf6d95c358be5879e2fdbc06135604fd
session_indy_nxt_2026_6749,1,8,driver_alessandro_de_tullio,Alessandro de Tullio,14,false,false,24,24,0,61e7c0e8ca2682cb606c7604b26f433daf6d95c358be5879e2fdbc06135604fd
session_indy_nxt_2026_6749,1,8,driver_nicolas_stati,Nicolas Stati,15,false,false,9,9,0,61e7c0e8ca2682cb606c7604b26f433daf6d95c358be5879e2fdbc06135604fd
session_indy_nxt_2026_6749,1,8,driver_matteo_nannini,Matteo Nannini,20,false,false,6,6,0,61e7c0e8ca2682cb606c7604b26f433daf6d95c358be5879e2fdbc06135604fd
session_indy_nxt_2026_6749,1,8,driver_nikita_johnson,Nikita Johnson,21,false,false,10,10,0,61e7c0e8ca2682cb606c7604b26f433daf6d95c358be5879e2fdbc06135604fd
session_indy_nxt_2026_6749,1,8,driver_lochie_hughes,Lochie Hughes,26,false,false,23,23,0,61e7c0e8ca2682cb606c7604b26f433daf6d95c358be5879e2fdbc06135604fd
session_indy_nxt_2026_6749,1,8,driver_seb_murray,Seb Murray,27,false,false,4,4,0,61e7c0e8ca2682cb606c7604b26f433daf6d95c358be5879e2fdbc06135604fd
session_indy_nxt_2026_6749,1,8,driver_colin_kaminsky,Colin Kaminsky,57,false,false,14,14,0,61e7c0e8ca2682cb606c7604b26f433daf6d95c358be5879e2fdbc06135604fd
session_indy_nxt_2026_6749,1,8,driver_enzo_fittipaldi,Enzo Fittipaldi,67,false,false,3,3,0,61e7c0e8ca2682cb606c7604b26f433daf6d95c358be5879e2fdbc06135604fd
session_indy_nxt_2026_6749,1,8,driver_jm_correa,JM Correa,68,false,false,2,2,0,61e7c0e8ca2682cb606c7604b26f433daf6d95c358be5879e2fdbc06135604fd
session_indy_nxt_2026_6749,1,8,driver_tymek_kucharczyk,Tymek Kucharczyk,71,false,false,1,1,0,61e7c0e8ca2682cb606c7604b26f433daf6d95c358be5879e2fdbc06135604fd
session_indy_nxt_2026_6749,1,8,driver_ricardo_escotto,Ricardo Escotto,76,false,false,16,16,0,61e7c0e8ca2682cb606c7604b26f433daf6d95c358be5879e2fdbc06135604fd
session_indy_nxt_2026_6749,1,8,driver_james_roe,James Roe,8,false,true,15,15,0,61e7c0e8ca2682cb606c7604b26f433daf6d95c358be5879e2fdbc06135604fd
session_indy_nxt_2026_6749,1,8,driver_bryce_aron,Bryce Aron,9,true,false,8,8,0,61e7c0e8ca2682cb606c7604b26f433daf6d95c358be5879e2fdbc06135604fd
session_indy_nxt_2026_6749,1,8,driver_myles_rowe,Myles Rowe,99,false,false,5,5,0,61e7c0e8ca2682cb606c7604b26f433daf6d95c358be5879e2fdbc06135604fd
session_indy_nxt_2026_6749,1,8,driver_alexander_koreiba,Alexander Koreiba,75,false,false,12,13,-1,61e7c0e8ca2682cb606c7604b26f433daf6d95c358be5879e2fdbc06135604fd
session_indy_nxt_2026_6749,1,8,driver_josh_pierson,Josh Pierson,29,false,false,20,22,-2,61e7c0e8ca2682cb606c7604b26f433daf6d95c358be5879e2fdbc06135604fd
session_indy_nxt_2026_6749,1,8,driver_nicholas_monteiro,Nicholas Monteiro,4,false,false,17,19,-2,61e7c0e8ca2682cb606c7604b26f433daf6d95c358be5879e2fdbc06135604fd
session_indy_nxt_2026_6749,1,8,driver_carson_etter,Carson Etter,11,false,true,18,21,-3,61e7c0e8ca2682cb606c7604b26f433daf6d95c358be5879e2fdbc06135604fd
session_indy_nxt_2026_6749,2,28,driver_enzo_fittipaldi,Enzo Fittipaldi,67,false,false,3,1,2,61e7c0e8ca2682cb606c7604b26f433daf6d95c358be5879e2fdbc06135604fd
session_indy_nxt_2026_6749,2,28,driver_josh_pierson,Josh Pierson,29,false,false,17,16,1,61e7c0e8ca2682cb606c7604b26f433daf6d95c358be5879e2fdbc06135604fd
session_indy_nxt_2026_6749,2,28,driver_jack_beeton,Jack Beeton,45,false,false,21,20,1,61e7c0e8ca2682cb606c7604b26f433daf6d95c358be5879e2fdbc06135604fd
session_indy_nxt_2026_6749,2,28,driver_colin_kaminsky,Colin Kaminsky,57,false,false,11,10,1,61e7c0e8ca2682cb606c7604b26f433daf6d95c358be5879e2fdbc06135604fd
session_indy_nxt_2026_6749,2,28,driver_niels_koolen,Niels Koolen,10,false,true,9,9,0,61e7c0e8ca2682cb606c7604b26f433daf6d95c358be5879e2fdbc06135604fd
session_indy_nxt_2026_6749,2,28,driver_carson_etter,Carson Etter,11,false,true,19,19,0,61e7c0e8ca2682cb606c7604b26f433daf6d95c358be5879e2fdbc06135604fd
session_indy_nxt_2026_6749,2,28,driver_max_garcia,Max Garcia,12,false,false,4,4,0,61e7c0e8ca2682cb606c7604b26f433daf6d95c358be5879e2fdbc06135604fd
session_indy_nxt_2026_6749,2,28,driver_alessandro_de_tullio,Alessandro de Tullio,14,false,false,23,23,0,61e7c0e8ca2682cb606c7604b26f433daf6d95c358be5879e2fdbc06135604fd
session_indy_nxt_2026_6749,2,28,driver_nicolas_stati,Nicolas Stati,15,false,false,8,8,0,61e7c0e8ca2682cb606c7604b26f433daf6d95c358be5879e2fdbc06135604fd
session_indy_nxt_2026_6749,2,28,driver_salvador_de_alba,Salvador de Alba,17,false,false,15,15,0,61e7c0e8ca2682cb606c7604b26f433daf6d95c358be5879e2fdbc06135604fd
session_indy_nxt_2026_6749,2,28,driver_nikita_johnson,Nikita Johnson,21,false,false,7,7,0,61e7c0e8ca2682cb606c7604b26f433daf6d95c358be5879e2fdbc06135604fd
session_indy_nxt_2026_6749,2,28,driver_lochie_hughes,Lochie Hughes,26,false,false,22,22,0,61e7c0e8ca2682cb606c7604b26f433daf6d95c358be5879e2fdbc06135604fd
session_indy_nxt_2026_6749,2,28,driver_seb_murray,Seb Murray,27,false,false,5,5,0,61e7c0e8ca2682cb606c7604b26f433daf6d95c358be5879e2fdbc06135604fd
session_indy_nxt_2026_6749,2,28,driver_max_taylor,Max Taylor,28,false,false,14,14,0,61e7c0e8ca2682cb606c7604b26f433daf6d95c358be5879e2fdbc06135604fd
session_indy_nxt_2026_6749,2,28,driver_jordan_missig,Jordan Missig,48,false,false,12,12,0,61e7c0e8ca2682cb606c7604b26f433daf6d95c358be5879e2fdbc06135604fd
session_indy_nxt_2026_6749,2,28,driver_jm_correa,JM Correa,68,false,false,13,13,0,61e7c0e8ca2682cb606c7604b26f433daf6d95c358be5879e2fdbc06135604fd
session_indy_nxt_2026_6749,2,28,driver_james_roe,James Roe,8,false,true,18,18,0,61e7c0e8ca2682cb606c7604b26f433daf6d95c358be5879e2fdbc06135604fd
session_indy_nxt_2026_6749,2,28,driver_bryce_aron,Bryce Aron,9,true,false,6,6,0,61e7c0e8ca2682cb606c7604b26f433daf6d95c358be5879e2fdbc06135604fd
session_indy_nxt_2026_6749,2,28,driver_myles_rowe,Myles Rowe,99,false,false,2,2,0,61e7c0e8ca2682cb606c7604b26f433daf6d95c358be5879e2fdbc06135604fd
session_indy_nxt_2026_6749,2,28,driver_matteo_nannini,Matteo Nannini,20,false,false,10,11,-1,61e7c0e8ca2682cb606c7604b26f433daf6d95c358be5879e2fdbc06135604fd
session_indy_nxt_2026_6749,2,28,driver_nicholas_monteiro,Nicholas Monteiro,4,false,false,20,21,-1,61e7c0e8ca2682cb606c7604b26f433daf6d95c358be5879e2fdbc06135604fd
session_indy_nxt_2026_6749,2,28,driver_alexander_koreiba,Alexander Koreiba,75,false,false,16,17,-1,61e7c0e8ca2682cb606c7604b26f433daf6d95c358be5879e2fdbc06135604fd
session_indy_nxt_2026_6749,2,28,driver_tymek_kucharczyk,Tymek Kucharczyk,71,false,false,1,3,-2,61e7c0e8ca2682cb606c7604b26f433daf6d95c358be5879e2fdbc06135604fd
session_indy_nxt_2026_6749,3,34,driver_salvador_de_alba,Salvador de Alba,17,false,false,13,12,1,61e7c0e8ca2682cb606c7604b26f433daf6d95c358be5879e2fdbc06135604fd
session_indy_nxt_2026_6749,3,34,driver_max_taylor,Max Taylor,28,false,false,11,10,1,61e7c0e8ca2682cb606c7604b26f433daf6d95c358be5879e2fdbc06135604fd
session_indy_nxt_2026_6749,3,34,driver_nicholas_monteiro,Nicholas Monteiro,4,false,false,19,18,1,61e7c0e8ca2682cb606c7604b26f433daf6d95c358be5879e2fdbc06135604fd
session_indy_nxt_2026_6749,3,34,driver_jm_correa,JM Correa,68,false,false,12,11,1,61e7c0e8ca2682cb606c7604b26f433daf6d95c358be5879e2fdbc06135604fd
session_indy_nxt_2026_6749,3,34,driver_carson_etter,Carson Etter,11,false,true,20,20,0,61e7c0e8ca2682cb606c7604b26f433daf6d95c358be5879e2fdbc06135604fd
session_indy_nxt_2026_6749,3,34,driver_max_garcia,Max Garcia,12,false,false,4,4,0,61e7c0e8ca2682cb606c7604b26f433daf6d95c358be5879e2fdbc06135604fd
session_indy_nxt_2026_6749,3,34,driver_alessandro_de_tullio,Alessandro de Tullio,14,false,false,22,22,0,61e7c0e8ca2682cb606c7604b26f433daf6d95c358be5879e2fdbc06135604fd
session_indy_nxt_2026_6749,3,34,driver_nicolas_stati,Nicolas Stati,15,false,false,8,8,0,61e7c0e8ca2682cb606c7604b26f433daf6d95c358be5879e2fdbc06135604fd
session_indy_nxt_2026_6749,3,34,driver_matteo_nannini,Matteo Nannini,20,false,false,14,14,0,61e7c0e8ca2682cb606c7604b26f433daf6d95c358be5879e2fdbc06135604fd
session_indy_nxt_2026_6749,3,34,driver_nikita_johnson,Nikita Johnson,21,false,false,7,7,0,61e7c0e8ca2682cb606c7604b26f433daf6d95c358be5879e2fdbc06135604fd
session_indy_nxt_2026_6749,3,34,driver_lochie_hughes,Lochie Hughes,26,false,false,21,21,0,61e7c0e8ca2682cb606c7604b26f433daf6d95c358be5879e2fdbc06135604fd
session_indy_nxt_2026_6749,3,34,driver_seb_murray,Seb Murray,27,false,false,5,5,0,61e7c0e8ca2682cb606c7604b26f433daf6d95c358be5879e2fdbc06135604fd
session_indy_nxt_2026_6749,3,34,driver_josh_pierson,Josh Pierson,29,false,false,15,15,0,61e7c0e8ca2682cb606c7604b26f433daf6d95c358be5879e2fdbc06135604fd
session_indy_nxt_2026_6749,3,34,driver_jack_beeton,Jack Beeton,45,false,false,17,17,0,61e7c0e8ca2682cb606c7604b26f433daf6d95c358be5879e2fdbc06135604fd
session_indy_nxt_2026_6749,3,34,driver_colin_kaminsky,Colin Kaminsky,57,false,false,9,9,0,61e7c0e8ca2682cb606c7604b26f433daf6d95c358be5879e2fdbc06135604fd
session_indy_nxt_2026_6749,3,34,driver_enzo_fittipaldi,Enzo Fittipaldi,67,false,false,1,1,0,61e7c0e8ca2682cb606c7604b26f433daf6d95c358be5879e2fdbc06135604fd
session_indy_nxt_2026_6749,3,34,driver_tymek_kucharczyk,Tymek Kucharczyk,71,false,false,3,3,0,61e7c0e8ca2682cb606c7604b26f433daf6d95c358be5879e2fdbc06135604fd
session_indy_nxt_2026_6749,3,34,driver_alexander_koreiba,Alexander Koreiba,75,false,false,16,16,0,61e7c0e8ca2682cb606c7604b26f433daf6d95c358be5879e2fdbc06135604fd
session_indy_nxt_2026_6749,3,34,driver_bryce_aron,Bryce Aron,9,true,false,6,6,0,61e7c0e8ca2682cb606c7604b26f433daf6d95c358be5879e2fdbc06135604fd
session_indy_nxt_2026_6749,3,34,driver_myles_rowe,Myles Rowe,99,false,false,2,2,0,61e7c0e8ca2682cb606c7604b26f433daf6d95c358be5879e2fdbc06135604fd
session_indy_nxt_2026_6749,3,34,driver_james_roe,James Roe,8,false,true,18,19,-1,61e7c0e8ca2682cb606c7604b26f433daf6d95c358be5879e2fdbc06135604fd
session_indy_nxt_2026_6749,3,34,driver_jordan_missig,Jordan Missig,48,false,false,10,13,-3,61e7c0e8ca2682cb606c7604b26f433daf6d95c358be5879e2fdbc06135604fd
session_indy_nxt_2026_6750,1,4,driver_jack_beeton,Jack Beeton,45,false,false,17,15,2,61e7c0e8ca2682cb606c7604b26f433daf6d95c358be5879e2fdbc06135604fd
session_indy_nxt_2026_6750,1,4,driver_jm_correa,JM Correa,68,false,false,21,19,2,61e7c0e8ca2682cb606c7604b26f433daf6d95c358be5879e2fdbc06135604fd
session_indy_nxt_2026_6750,1,4,driver_salvador_de_alba,Salvador de Alba,17,false,false,23,22,1,61e7c0e8ca2682cb606c7604b26f433daf6d95c358be5879e2fdbc06135604fd
session_indy_nxt_2026_6750,1,4,driver_jordan_missig,Jordan Missig,48,false,false,9,8,1,61e7c0e8ca2682cb606c7604b26f433daf6d95c358be5879e2fdbc06135604fd
session_indy_nxt_2026_6750,1,4,driver_ricardo_escotto,Ricardo Escotto,76,false,false,10,9,1,61e7c0e8ca2682cb606c7604b26f433daf6d95c358be5879e2fdbc06135604fd
session_indy_nxt_2026_6750,1,4,driver_myles_rowe,Myles Rowe,99,false,false,8,7,1,61e7c0e8ca2682cb606c7604b26f433daf6d95c358be5879e2fdbc06135604fd
session_indy_nxt_2026_6750,1,4,driver_max_garcia,Max Garcia,12,false,false,6,6,0,61e7c0e8ca2682cb606c7604b26f433daf6d95c358be5879e2fdbc06135604fd
session_indy_nxt_2026_6750,1,4,driver_alessandro_de_tullio,Alessandro de Tullio,14,false,false,1,1,0,61e7c0e8ca2682cb606c7604b26f433daf6d95c358be5879e2fdbc06135604fd
session_indy_nxt_2026_6750,1,4,driver_nicolas_stati,Nicolas Stati,15,false,false,11,11,0,61e7c0e8ca2682cb606c7604b26f433daf6d95c358be5879e2fdbc06135604fd
session_indy_nxt_2026_6750,1,4,driver_nikita_johnson,Nikita Johnson,21,false,false,3,3,0,61e7c0e8ca2682cb606c7604b26f433daf6d95c358be5879e2fdbc06135604fd
session_indy_nxt_2026_6750,1,4,driver_lochie_hughes,Lochie Hughes,26,false,false,12,12,0,61e7c0e8ca2682cb606c7604b26f433daf6d95c358be5879e2fdbc06135604fd
session_indy_nxt_2026_6750,1,4,driver_max_taylor,Max Taylor,28,false,false,2,2,0,61e7c0e8ca2682cb606c7604b26f433daf6d95c358be5879e2fdbc06135604fd
session_indy_nxt_2026_6750,1,4,driver_nicholas_monteiro,Nicholas Monteiro,4,false,false,14,14,0,61e7c0e8ca2682cb606c7604b26f433daf6d95c358be5879e2fdbc06135604fd
session_indy_nxt_2026_6750,1,4,driver_enzo_fittipaldi,Enzo Fittipaldi,67,false,false,4,4,0,61e7c0e8ca2682cb606c7604b26f433daf6d95c358be5879e2fdbc06135604fd
session_indy_nxt_2026_6750,1,4,driver_tymek_kucharczyk,Tymek Kucharczyk,71,false,false,5,5,0,61e7c0e8ca2682cb606c7604b26f433daf6d95c358be5879e2fdbc06135604fd
session_indy_nxt_2026_6750,1,4,driver_alexander_koreiba,Alexander Koreiba,75,false,false,13,13,0,61e7c0e8ca2682cb606c7604b26f433daf6d95c358be5879e2fdbc06135604fd
session_indy_nxt_2026_6750,1,4,driver_james_roe,James Roe,8,false,true,18,18,0,61e7c0e8ca2682cb606c7604b26f433daf6d95c358be5879e2fdbc06135604fd
session_indy_nxt_2026_6750,1,4,driver_niels_koolen,Niels Koolen,10,false,true,15,16,-1,61e7c0e8ca2682cb606c7604b26f433daf6d95c358be5879e2fdbc06135604fd
session_indy_nxt_2026_6750,1,4,driver_carson_etter,Carson Etter,11,false,true,19,20,-1,61e7c0e8ca2682cb606c7604b26f433daf6d95c358be5879e2fdbc06135604fd
session_indy_nxt_2026_6750,1,4,driver_matteo_nannini,Matteo Nannini,20,false,false,20,21,-1,61e7c0e8ca2682cb606c7604b26f433daf6d95c358be5879e2fdbc06135604fd
session_indy_nxt_2026_6750,1,4,driver_seb_murray,Seb Murray,27,false,false,22,23,-1,61e7c0e8ca2682cb606c7604b26f433daf6d95c358be5879e2fdbc06135604fd
session_indy_nxt_2026_6750,1,4,driver_colin_kaminsky,Colin Kaminsky,57,false,false,16,17,-1,61e7c0e8ca2682cb606c7604b26f433daf6d95c358be5879e2fdbc06135604fd
session_indy_nxt_2026_6750,1,4,driver_bryce_aron,Bryce Aron,9,true,false,7,10,-3,61e7c0e8ca2682cb606c7604b26f433daf6d95c358be5879e2fdbc06135604fd
session_indy_nxt_2026_6750,2,30,driver_alessandro_de_tullio,Alessandro de Tullio,14,false,false,23,20,3,61e7c0e8ca2682cb606c7604b26f433daf6d95c358be5879e2fdbc06135604fd
session_indy_nxt_2026_6750,2,30,driver_jm_correa,JM Correa,68,false,false,14,11,3,61e7c0e8ca2682cb606c7604b26f433daf6d95c358be5879e2fdbc06135604fd
session_indy_nxt_2026_6750,2,30,driver_jack_beeton,Jack Beeton,45,false,false,12,10,2,61e7c0e8ca2682cb606c7604b26f433daf6d95c358be5879e2fdbc06135604fd
session_indy_nxt_2026_6750,2,30,driver_niels_koolen,Niels Koolen,10,false,true,19,18,1,61e7c0e8ca2682cb606c7604b26f433daf6d95c358be5879e2fdbc06135604fd
session_indy_nxt_2026_6750,2,30,driver_nicolas_stati,Nicolas Stati,15,false,false,10,9,1,61e7c0e8ca2682cb606c7604b26f433daf6d95c358be5879e2fdbc06135604fd
session_indy_nxt_2026_6750,2,30,driver_salvador_de_alba,Salvador de Alba,17,false,false,18,17,1,61e7c0e8ca2682cb606c7604b26f433daf6d95c358be5879e2fdbc06135604fd
session_indy_nxt_2026_6750,2,30,driver_matteo_nannini,Matteo Nannini,20,false,false,17,16,1,61e7c0e8ca2682cb606c7604b26f433daf6d95c358be5879e2fdbc06135604fd
session_indy_nxt_2026_6750,2,30,driver_nicholas_monteiro,Nicholas Monteiro,4,false,false,15,14,1,61e7c0e8ca2682cb606c7604b26f433daf6d95c358be5879e2fdbc06135604fd
session_indy_nxt_2026_6750,2,30,driver_colin_kaminsky,Colin Kaminsky,57,false,false,16,15,1,61e7c0e8ca2682cb606c7604b26f433daf6d95c358be5879e2fdbc06135604fd
session_indy_nxt_2026_6750,2,30,driver_ricardo_escotto,Ricardo Escotto,76,false,false,8,7,1,61e7c0e8ca2682cb606c7604b26f433daf6d95c358be5879e2fdbc06135604fd
session_indy_nxt_2026_6750,2,30,driver_bryce_aron,Bryce Aron,9,true,false,9,8,1,61e7c0e8ca2682cb606c7604b26f433daf6d95c358be5879e2fdbc06135604fd
session_indy_nxt_2026_6750,2,30,driver_max_garcia,Max Garcia,12,false,false,4,4,0,61e7c0e8ca2682cb606c7604b26f433daf6d95c358be5879e2fdbc06135604fd
session_indy_nxt_2026_6750,2,30,driver_nikita_johnson,Nikita Johnson,21,false,false,1,1,0,61e7c0e8ca2682cb606c7604b26f433daf6d95c358be5879e2fdbc06135604fd
session_indy_nxt_2026_6750,2,30,driver_jordan_missig,Jordan Missig,48,false,false,6,6,0,61e7c0e8ca2682cb606c7604b26f433daf6d95c358be5879e2fdbc06135604fd
session_indy_nxt_2026_6750,2,30,driver_enzo_fittipaldi,Enzo Fittipaldi,67,false,false,2,2,0,61e7c0e8ca2682cb606c7604b26f433daf6d95c358be5879e2fdbc06135604fd
session_indy_nxt_2026_6750,2,30,driver_tymek_kucharczyk,Tymek Kucharczyk,71,false,false,3,3,0,61e7c0e8ca2682cb606c7604b26f433daf6d95c358be5879e2fdbc06135604fd
session_indy_nxt_2026_6750,2,30,driver_alexander_koreiba,Alexander Koreiba,75,false,false,13,13,0,61e7c0e8ca2682cb606c7604b26f433daf6d95c358be5879e2fdbc06135604fd
session_indy_nxt_2026_6750,2,30,driver_myles_rowe,Myles Rowe,99,false,false,5,5,0,61e7c0e8ca2682cb606c7604b26f433daf6d95c358be5879e2fdbc06135604fd
session_indy_nxt_2026_6750,2,30,driver_carson_etter,Carson Etter,11,false,true,21,22,-1,61e7c0e8ca2682cb606c7604b26f433daf6d95c358be5879e2fdbc06135604fd
session_indy_nxt_2026_6750,2,30,driver_lochie_hughes,Lochie Hughes,26,false,false,11,12,-1,61e7c0e8ca2682cb606c7604b26f433daf6d95c358be5879e2fdbc06135604fd
session_indy_nxt_2026_6750,2,30,driver_seb_murray,Seb Murray,27,false,false,22,23,-1,61e7c0e8ca2682cb606c7604b26f433daf6d95c358be5879e2fdbc06135604fd
session_indy_nxt_2026_6750,2,30,driver_james_roe,James Roe,8,false,true,20,21,-1,61e7c0e8ca2682cb606c7604b26f433daf6d95c358be5879e2fdbc06135604fd
session_indy_nxt_2026_6750,2,30,driver_max_taylor,Max Taylor,28,false,false,7,19,-12,61e7c0e8ca2682cb606c7604b26f433daf6d95c358be5879e2fdbc06135604fd
session_indy_nxt_2026_6751,1,3,driver_jack_beeton,Jack Beeton,45,false,false,23,21,2,61e7c0e8ca2682cb606c7604b26f433daf6d95c358be5879e2fdbc06135604fd
session_indy_nxt_2026_6751,1,3,driver_niels_koolen,Niels Koolen,10,false,true,24,23,1,61e7c0e8ca2682cb606c7604b26f433daf6d95c358be5879e2fdbc06135604fd
session_indy_nxt_2026_6751,1,3,driver_salvador_de_alba,Salvador de Alba,17,false,false,10,9,1,61e7c0e8ca2682cb606c7604b26f433daf6d95c358be5879e2fdbc06135604fd
session_indy_nxt_2026_6751,1,3,driver_carson_etter,Carson Etter,11,false,true,19,19,0,61e7c0e8ca2682cb606c7604b26f433daf6d95c358be5879e2fdbc06135604fd
session_indy_nxt_2026_6751,1,3,driver_max_garcia,Max Garcia,12,false,false,11,11,0,61e7c0e8ca2682cb606c7604b26f433daf6d95c358be5879e2fdbc06135604fd
session_indy_nxt_2026_6751,1,3,driver_nicolas_stati,Nicolas Stati,15,false,false,15,15,0,61e7c0e8ca2682cb606c7604b26f433daf6d95c358be5879e2fdbc06135604fd
session_indy_nxt_2026_6751,1,3,driver_matteo_nannini,Matteo Nannini,20,false,false,20,20,0,61e7c0e8ca2682cb606c7604b26f433daf6d95c358be5879e2fdbc06135604fd
session_indy_nxt_2026_6751,1,3,driver_nikita_johnson,Nikita Johnson,21,false,false,1,1,0,61e7c0e8ca2682cb606c7604b26f433daf6d95c358be5879e2fdbc06135604fd
session_indy_nxt_2026_6751,1,3,driver_lochie_hughes,Lochie Hughes,26,false,false,5,5,0,61e7c0e8ca2682cb606c7604b26f433daf6d95c358be5879e2fdbc06135604fd
session_indy_nxt_2026_6751,1,3,driver_seb_murray,Seb Murray,27,false,false,4,4,0,61e7c0e8ca2682cb606c7604b26f433daf6d95c358be5879e2fdbc06135604fd
session_indy_nxt_2026_6751,1,3,driver_max_taylor,Max Taylor,28,false,false,2,2,0,61e7c0e8ca2682cb606c7604b26f433daf6d95c358be5879e2fdbc06135604fd
session_indy_nxt_2026_6751,1,3,driver_josh_pierson,Josh Pierson,29,false,false,7,7,0,61e7c0e8ca2682cb606c7604b26f433daf6d95c358be5879e2fdbc06135604fd
session_indy_nxt_2026_6751,1,3,driver_nicholas_monteiro,Nicholas Monteiro,4,false,false,12,12,0,61e7c0e8ca2682cb606c7604b26f433daf6d95c358be5879e2fdbc06135604fd
session_indy_nxt_2026_6751,1,3,driver_colin_kaminsky,Colin Kaminsky,57,false,false,14,14,0,61e7c0e8ca2682cb606c7604b26f433daf6d95c358be5879e2fdbc06135604fd
session_indy_nxt_2026_6751,1,3,driver_jm_correa,JM Correa,68,false,false,8,8,0,61e7c0e8ca2682cb606c7604b26f433daf6d95c358be5879e2fdbc06135604fd
session_indy_nxt_2026_6751,1,3,driver_tymek_kucharczyk,Tymek Kucharczyk,71,false,false,3,3,0,61e7c0e8ca2682cb606c7604b26f433daf6d95c358be5879e2fdbc06135604fd
session_indy_nxt_2026_6751,1,3,driver_alexander_koreiba,Alexander Koreiba,75,false,false,16,16,0,61e7c0e8ca2682cb606c7604b26f433daf6d95c358be5879e2fdbc06135604fd
session_indy_nxt_2026_6751,1,3,driver_ricardo_escotto,Ricardo Escotto,76,false,false,13,13,0,61e7c0e8ca2682cb606c7604b26f433daf6d95c358be5879e2fdbc06135604fd
session_indy_nxt_2026_6751,1,3,driver_james_roe,James Roe,8,false,true,18,18,0,61e7c0e8ca2682cb606c7604b26f433daf6d95c358be5879e2fdbc06135604fd
session_indy_nxt_2026_6751,1,3,driver_bryce_aron,Bryce Aron,9,true,false,17,17,0,61e7c0e8ca2682cb606c7604b26f433daf6d95c358be5879e2fdbc06135604fd
session_indy_nxt_2026_6751,1,3,driver_myles_rowe,Myles Rowe,99,false,false,6,6,0,61e7c0e8ca2682cb606c7604b26f433daf6d95c358be5879e2fdbc06135604fd
session_indy_nxt_2026_6751,1,3,driver_alessandro_de_tullio,Alessandro de Tullio,14,false,false,9,10,-1,61e7c0e8ca2682cb606c7604b26f433daf6d95c358be5879e2fdbc06135604fd
session_indy_nxt_2026_6751,1,3,driver_enzo_fittipaldi,Enzo Fittipaldi,67,false,false,21,22,-1,61e7c0e8ca2682cb606c7604b26f433daf6d95c358be5879e2fdbc06135604fd
session_indy_nxt_2026_6751,1,3,driver_jordan_missig,Jordan Missig,48,false,false,22,24,-2,61e7c0e8ca2682cb606c7604b26f433daf6d95c358be5879e2fdbc06135604fd
session_indy_nxt_2026_6751,2,9,driver_jack_beeton,Jack Beeton,45,false,false,20,17,3,61e7c0e8ca2682cb606c7604b26f433daf6d95c358be5879e2fdbc06135604fd
session_indy_nxt_2026_6751,2,9,driver_max_garcia,Max Garcia,12,false,false,11,10,1,61e7c0e8ca2682cb606c7604b26f433daf6d95c358be5879e2fdbc06135604fd
session_indy_nxt_2026_6751,2,9,driver_niels_koolen,Niels Koolen,10,false,true,22,22,0,61e7c0e8ca2682cb606c7604b26f433daf6d95c358be5879e2fdbc06135604fd
session_indy_nxt_2026_6751,2,9,driver_nicolas_stati,Nicolas Stati,15,false,false,15,15,0,61e7c0e8ca2682cb606c7604b26f433daf6d95c358be5879e2fdbc06135604fd
session_indy_nxt_2026_6751,2,9,driver_salvador_de_alba,Salvador de Alba,17,false,false,9,9,0,61e7c0e8ca2682cb606c7604b26f433daf6d95c358be5879e2fdbc06135604fd
session_indy_nxt_2026_6751,2,9,driver_nikita_johnson,Nikita Johnson,21,false,false,1,1,0,61e7c0e8ca2682cb606c7604b26f433daf6d95c358be5879e2fdbc06135604fd
session_indy_nxt_2026_6751,2,9,driver_lochie_hughes,Lochie Hughes,26,false,false,5,5,0,61e7c0e8ca2682cb606c7604b26f433daf6d95c358be5879e2fdbc06135604fd
session_indy_nxt_2026_6751,2,9,driver_seb_murray,Seb Murray,27,false,false,4,4,0,61e7c0e8ca2682cb606c7604b26f433daf6d95c358be5879e2fdbc06135604fd
session_indy_nxt_2026_6751,2,9,driver_max_taylor,Max Taylor,28,false,false,2,2,0,61e7c0e8ca2682cb606c7604b26f433daf6d95c358be5879e2fdbc06135604fd
session_indy_nxt_2026_6751,2,9,driver_josh_pierson,Josh Pierson,29,false,false,7,7,0,61e7c0e8ca2682cb606c7604b26f433daf6d95c358be5879e2fdbc06135604fd
session_indy_nxt_2026_6751,2,9,driver_nicholas_monteiro,Nicholas Monteiro,4,false,false,12,12,0,61e7c0e8ca2682cb606c7604b26f433daf6d95c358be5879e2fdbc06135604fd
session_indy_nxt_2026_6751,2,9,driver_jordan_missig,Jordan Missig,48,false,false,23,23,0,61e7c0e8ca2682cb606c7604b26f433daf6d95c358be5879e2fdbc06135604fd
session_indy_nxt_2026_6751,2,9,driver_colin_kaminsky,Colin Kaminsky,57,false,false,14,14,0,61e7c0e8ca2682cb606c7604b26f433daf6d95c358be5879e2fdbc06135604fd
session_indy_nxt_2026_6751,2,9,driver_enzo_fittipaldi,Enzo Fittipaldi,67,false,false,21,21,0,61e7c0e8ca2682cb606c7604b26f433daf6d95c358be5879e2fdbc06135604fd
session_indy_nxt_2026_6751,2,9,driver_jm_correa,JM Correa,68,false,false,8,8,0,61e7c0e8ca2682cb606c7604b26f433daf6d95c358be5879e2fdbc06135604fd
session_indy_nxt_2026_6751,2,9,driver_tymek_kucharczyk,Tymek Kucharczyk,71,false,false,3,3,0,61e7c0e8ca2682cb606c7604b26f433daf6d95c358be5879e2fdbc06135604fd
session_indy_nxt_2026_6751,2,9,driver_alexander_koreiba,Alexander Koreiba,75,false,false,16,16,0,61e7c0e8ca2682cb606c7604b26f433daf6d95c358be5879e2fdbc06135604fd
session_indy_nxt_2026_6751,2,9,driver_ricardo_escotto,Ricardo Escotto,76,false,false,13,13,0,61e7c0e8ca2682cb606c7604b26f433daf6d95c358be5879e2fdbc06135604fd
session_indy_nxt_2026_6751,2,9,driver_myles_rowe,Myles Rowe,99,false,false,6,6,0,61e7c0e8ca2682cb606c7604b26f433daf6d95c358be5879e2fdbc06135604fd
session_indy_nxt_2026_6751,2,9,driver_alessandro_de_tullio,Alessandro de Tullio,14,false,false,10,11,-1,61e7c0e8ca2682cb606c7604b26f433daf6d95c358be5879e2fdbc06135604fd
session_indy_nxt_2026_6751,2,9,driver_matteo_nannini,Matteo Nannini,20,false,false,19,20,-1,61e7c0e8ca2682cb606c7604b26f433daf6d95c358be5879e2fdbc06135604fd
session_indy_nxt_2026_6751,2,9,driver_james_roe,James Roe,8,false,true,18,19,-1,61e7c0e8ca2682cb606c7604b26f433daf6d95c358be5879e2fdbc06135604fd
session_indy_nxt_2026_6751,2,9,driver_bryce_aron,Bryce Aron,9,true,false,17,18,-1,61e7c0e8ca2682cb606c7604b26f433daf6d95c358be5879e2fdbc06135604fd
session_indy_nxt_2026_6751,3,20,driver_matteo_nannini,Matteo Nannini,20,false,false,19,18,1,61e7c0e8ca2682cb606c7604b26f433daf6d95c358be5879e2fdbc06135604fd
session_indy_nxt_2026_6751,3,20,driver_alexander_koreiba,Alexander Koreiba,75,false,false,17,16,1,61e7c0e8ca2682cb606c7604b26f433daf6d95c358be5879e2fdbc06135604fd
session_indy_nxt_2026_6751,3,20,driver_niels_koolen,Niels Koolen,10,false,true,20,20,0,61e7c0e8ca2682cb606c7604b26f433daf6d95c358be5879e2fdbc06135604fd
session_indy_nxt_2026_6751,3,20,driver_max_garcia,Max Garcia,12,false,false,9,9,0,61e7c0e8ca2682cb606c7604b26f433daf6d95c358be5879e2fdbc06135604fd
session_indy_nxt_2026_6751,3,20,driver_alessandro_de_tullio,Alessandro de Tullio,14,false,false,11,11,0,61e7c0e8ca2682cb606c7604b26f433daf6d95c358be5879e2fdbc06135604fd
session_indy_nxt_2026_6751,3,20,driver_nicolas_stati,Nicolas Stati,15,false,false,15,15,0,61e7c0e8ca2682cb606c7604b26f433daf6d95c358be5879e2fdbc06135604fd
session_indy_nxt_2026_6751,3,20,driver_salvador_de_alba,Salvador de Alba,17,false,false,10,10,0,61e7c0e8ca2682cb606c7604b26f433daf6d95c358be5879e2fdbc06135604fd
session_indy_nxt_2026_6751,3,20,driver_nikita_johnson,Nikita Johnson,21,false,false,1,1,0,61e7c0e8ca2682cb606c7604b26f433daf6d95c358be5879e2fdbc06135604fd
session_indy_nxt_2026_6751,3,20,driver_lochie_hughes,Lochie Hughes,26,false,false,5,5,0,61e7c0e8ca2682cb606c7604b26f433daf6d95c358be5879e2fdbc06135604fd
session_indy_nxt_2026_6751,3,20,driver_seb_murray,Seb Murray,27,false,false,4,4,0,61e7c0e8ca2682cb606c7604b26f433daf6d95c358be5879e2fdbc06135604fd
session_indy_nxt_2026_6751,3,20,driver_max_taylor,Max Taylor,28,false,false,2,2,0,61e7c0e8ca2682cb606c7604b26f433daf6d95c358be5879e2fdbc06135604fd
session_indy_nxt_2026_6751,3,20,driver_josh_pierson,Josh Pierson,29,false,false,7,7,0,61e7c0e8ca2682cb606c7604b26f433daf6d95c358be5879e2fdbc06135604fd
session_indy_nxt_2026_6751,3,20,driver_jack_beeton,Jack Beeton,45,false,false,14,14,0,61e7c0e8ca2682cb606c7604b26f433daf6d95c358be5879e2fdbc06135604fd
session_indy_nxt_2026_6751,3,20,driver_jordan_missig,Jordan Missig,48,false,false,21,21,0,61e7c0e8ca2682cb606c7604b26f433daf6d95c358be5879e2fdbc06135604fd
session_indy_nxt_2026_6751,3,20,driver_colin_kaminsky,Colin Kaminsky,57,false,false,13,13,0,61e7c0e8ca2682cb606c7604b26f433daf6d95c358be5879e2fdbc06135604fd
session_indy_nxt_2026_6751,3,20,driver_enzo_fittipaldi,Enzo Fittipaldi,67,false,false,22,22,0,61e7c0e8ca2682cb606c7604b26f433daf6d95c358be5879e2fdbc06135604fd
session_indy_nxt_2026_6751,3,20,driver_jm_correa,JM Correa,68,false,false,8,8,0,61e7c0e8ca2682cb606c7604b26f433daf6d95c358be5879e2fdbc06135604fd
session_indy_nxt_2026_6751,3,20,driver_tymek_kucharczyk,Tymek Kucharczyk,71,false,false,3,3,0,61e7c0e8ca2682cb606c7604b26f433daf6d95c358be5879e2fdbc06135604fd
session_indy_nxt_2026_6751,3,20,driver_ricardo_escotto,Ricardo Escotto,76,false,false,12,12,0,61e7c0e8ca2682cb606c7604b26f433daf6d95c358be5879e2fdbc06135604fd
session_indy_nxt_2026_6751,3,20,driver_myles_rowe,Myles Rowe,99,false,false,6,6,0,61e7c0e8ca2682cb606c7604b26f433daf6d95c358be5879e2fdbc06135604fd
session_indy_nxt_2026_6751,3,20,driver_james_roe,James Roe,8,false,true,18,19,-1,61e7c0e8ca2682cb606c7604b26f433daf6d95c358be5879e2fdbc06135604fd
session_indy_nxt_2026_6751,3,20,driver_bryce_aron,Bryce Aron,9,true,false,16,17,-1,61e7c0e8ca2682cb606c7604b26f433daf6d95c358be5879e2fdbc06135604fd
session_indy_nxt_2026_6751,4,25,driver_jordan_missig,Jordan Missig,48,false,false,17,15,2,61e7c0e8ca2682cb606c7604b26f433daf6d95c358be5879e2fdbc06135604fd
session_indy_nxt_2026_6751,4,25,driver_salvador_de_alba,Salvador de Alba,17,false,false,10,9,1,61e7c0e8ca2682cb606c7604b26f433daf6d95c358be5879e2fdbc06135604fd
session_indy_nxt_2026_6751,4,25,driver_jack_beeton,Jack Beeton,45,false,false,12,11,1,61e7c0e8ca2682cb606c7604b26f433daf6d95c358be5879e2fdbc06135604fd
session_indy_nxt_2026_6751,4,25,driver_enzo_fittipaldi,Enzo Fittipaldi,67,false,false,18,17,1,61e7c0e8ca2682cb606c7604b26f433daf6d95c358be5879e2fdbc06135604fd
session_indy_nxt_2026_6751,4,25,driver_matteo_nannini,Matteo Nannini,20,false,false,20,20,0,61e7c0e8ca2682cb606c7604b26f433daf6d95c358be5879e2fdbc06135604fd
session_indy_nxt_2026_6751,4,25,driver_nikita_johnson,Nikita Johnson,21,false,false,1,1,0,61e7c0e8ca2682cb606c7604b26f433daf6d95c358be5879e2fdbc06135604fd
session_indy_nxt_2026_6751,4,25,driver_lochie_hughes,Lochie Hughes,26,false,false,5,5,0,61e7c0e8ca2682cb606c7604b26f433daf6d95c358be5879e2fdbc06135604fd
session_indy_nxt_2026_6751,4,25,driver_seb_murray,Seb Murray,27,false,false,4,4,0,61e7c0e8ca2682cb606c7604b26f433daf6d95c358be5879e2fdbc06135604fd
session_indy_nxt_2026_6751,4,25,driver_max_taylor,Max Taylor,28,false,false,2,2,0,61e7c0e8ca2682cb606c7604b26f433daf6d95c358be5879e2fdbc06135604fd
session_indy_nxt_2026_6751,4,25,driver_josh_pierson,Josh Pierson,29,false,false,7,7,0,61e7c0e8ca2682cb606c7604b26f433daf6d95c358be5879e2fdbc06135604fd
session_indy_nxt_2026_6751,4,25,driver_colin_kaminsky,Colin Kaminsky,57,false,false,14,14,0,61e7c0e8ca2682cb606c7604b26f433daf6d95c358be5879e2fdbc06135604fd
session_indy_nxt_2026_6751,4,25,driver_jm_correa,JM Correa,68,false,false,8,8,0,61e7c0e8ca2682cb606c7604b26f433daf6d95c358be5879e2fdbc06135604fd
session_indy_nxt_2026_6751,4,25,driver_tymek_kucharczyk,Tymek Kucharczyk,71,false,false,3,3,0,61e7c0e8ca2682cb606c7604b26f433daf6d95c358be5879e2fdbc06135604fd
session_indy_nxt_2026_6751,4,25,driver_alexander_koreiba,Alexander Koreiba,75,false,false,19,19,0,61e7c0e8ca2682cb606c7604b26f433daf6d95c358be5879e2fdbc06135604fd
session_indy_nxt_2026_6751,4,25,driver_ricardo_escotto,Ricardo Escotto,76,false,false,13,13,0,61e7c0e8ca2682cb606c7604b26f433daf6d95c358be5879e2fdbc06135604fd
session_indy_nxt_2026_6751,4,25,driver_myles_rowe,Myles Rowe,99,false,false,6,6,0,61e7c0e8ca2682cb606c7604b26f433daf6d95c358be5879e2fdbc06135604fd
session_indy_nxt_2026_6751,4,25,driver_max_garcia,Max Garcia,12,false,false,9,10,-1,61e7c0e8ca2682cb606c7604b26f433daf6d95c358be5879e2fdbc06135604fd
session_indy_nxt_2026_6751,4,25,driver_alessandro_de_tullio,Alessandro de Tullio,14,false,false,11,12,-1,61e7c0e8ca2682cb606c7604b26f433daf6d95c358be5879e2fdbc06135604fd
session_indy_nxt_2026_6751,4,25,driver_nicolas_stati,Nicolas Stati,15,false,false,15,16,-1,61e7c0e8ca2682cb606c7604b26f433daf6d95c358be5879e2fdbc06135604fd
session_indy_nxt_2026_6751,4,25,driver_bryce_aron,Bryce Aron,9,true,false,16,18,-2,61e7c0e8ca2682cb606c7604b26f433daf6d95c358be5879e2fdbc06135604fd
session_indy_nxt_2026_6753,1,5,driver_max_garcia,Max Garcia,12,false,false,22,19,3,61e7c0e8ca2682cb606c7604b26f433daf6d95c358be5879e2fdbc06135604fd
session_indy_nxt_2026_6753,1,5,driver_alessandro_de_tullio,Alessandro de Tullio,14,false,false,21,18,3,61e7c0e8ca2682cb606c7604b26f433daf6d95c358be5879e2fdbc06135604fd
session_indy_nxt_2026_6753,1,5,driver_james_roe,James Roe,8,false,true,18,17,1,61e7c0e8ca2682cb606c7604b26f433daf6d95c358be5879e2fdbc06135604fd
session_indy_nxt_2026_6753,1,5,driver_niels_koolen,Niels Koolen,10,false,true,16,16,0,61e7c0e8ca2682cb606c7604b26f433daf6d95c358be5879e2fdbc06135604fd
session_indy_nxt_2026_6753,1,5,driver_carson_etter,Carson Etter,11,false,true,15,15,0,61e7c0e8ca2682cb606c7604b26f433daf6d95c358be5879e2fdbc06135604fd
session_indy_nxt_2026_6753,1,5,driver_nicolas_stati,Nicolas Stati,15,false,false,12,12,0,61e7c0e8ca2682cb606c7604b26f433daf6d95c358be5879e2fdbc06135604fd
session_indy_nxt_2026_6753,1,5,driver_salvador_de_alba,Salvador de Alba,17,false,false,10,10,0,61e7c0e8ca2682cb606c7604b26f433daf6d95c358be5879e2fdbc06135604fd
session_indy_nxt_2026_6753,1,5,driver_matteo_nannini,Matteo Nannini,20,false,false,6,6,0,61e7c0e8ca2682cb606c7604b26f433daf6d95c358be5879e2fdbc06135604fd
session_indy_nxt_2026_6753,1,5,driver_nikita_johnson,Nikita Johnson,21,false,false,5,5,0,61e7c0e8ca2682cb606c7604b26f433daf6d95c358be5879e2fdbc06135604fd
session_indy_nxt_2026_6753,1,5,driver_lochie_hughes,Lochie Hughes,26,false,false,7,7,0,61e7c0e8ca2682cb606c7604b26f433daf6d95c358be5879e2fdbc06135604fd
session_indy_nxt_2026_6753,1,5,driver_seb_murray,Seb Murray,27,false,false,8,8,0,61e7c0e8ca2682cb606c7604b26f433daf6d95c358be5879e2fdbc06135604fd
session_indy_nxt_2026_6753,1,5,driver_max_taylor,Max Taylor,28,false,false,3,3,0,61e7c0e8ca2682cb606c7604b26f433daf6d95c358be5879e2fdbc06135604fd
session_indy_nxt_2026_6753,1,5,driver_josh_pierson,Josh Pierson,29,false,false,11,11,0,61e7c0e8ca2682cb606c7604b26f433daf6d95c358be5879e2fdbc06135604fd
session_indy_nxt_2026_6753,1,5,driver_jack_beeton,Jack Beeton,45,false,false,23,23,0,61e7c0e8ca2682cb606c7604b26f433daf6d95c358be5879e2fdbc06135604fd
session_indy_nxt_2026_6753,1,5,driver_jordan_missig,Jordan Missig,48,false,false,13,13,0,61e7c0e8ca2682cb606c7604b26f433daf6d95c358be5879e2fdbc06135604fd
session_indy_nxt_2026_6753,1,5,driver_enzo_fittipaldi,Enzo Fittipaldi,67,false,false,1,1,0,61e7c0e8ca2682cb606c7604b26f433daf6d95c358be5879e2fdbc06135604fd
session_indy_nxt_2026_6753,1,5,driver_jm_correa,JM Correa,68,false,false,4,4,0,61e7c0e8ca2682cb606c7604b26f433daf6d95c358be5879e2fdbc06135604fd
session_indy_nxt_2026_6753,1,5,driver_tymek_kucharczyk,Tymek Kucharczyk,71,false,false,2,2,0,61e7c0e8ca2682cb606c7604b26f433daf6d95c358be5879e2fdbc06135604fd
session_indy_nxt_2026_6753,1,5,driver_ricardo_escotto,Ricardo Escotto,76,false,false,14,14,0,61e7c0e8ca2682cb606c7604b26f433daf6d95c358be5879e2fdbc06135604fd
session_indy_nxt_2026_6753,1,5,driver_myles_rowe,Myles Rowe,99,false,false,9,9,0,61e7c0e8ca2682cb606c7604b26f433daf6d95c358be5879e2fdbc06135604fd
session_indy_nxt_2026_6753,1,5,driver_alexander_koreiba,Alexander Koreiba,75,false,false,20,21,-1,61e7c0e8ca2682cb606c7604b26f433daf6d95c358be5879e2fdbc06135604fd
session_indy_nxt_2026_6753,1,5,driver_bryce_aron,Bryce Aron,9,true,false,19,20,-1,61e7c0e8ca2682cb606c7604b26f433daf6d95c358be5879e2fdbc06135604fd
session_indy_nxt_2026_6753,1,5,driver_nicholas_monteiro,Nicholas Monteiro,4,false,false,17,22,-5,61e7c0e8ca2682cb606c7604b26f433daf6d95c358be5879e2fdbc06135604fd
session_indy_nxt_2026_6753,2,12,driver_jack_beeton,Jack Beeton,45,false,false,22,17,5,61e7c0e8ca2682cb606c7604b26f433daf6d95c358be5879e2fdbc06135604fd
session_indy_nxt_2026_6753,2,12,driver_max_garcia,Max Garcia,12,false,false,19,16,3,61e7c0e8ca2682cb606c7604b26f433daf6d95c358be5879e2fdbc06135604fd
session_indy_nxt_2026_6753,2,12,driver_alessandro_de_tullio,Alessandro de Tullio,14,false,false,14,11,3,61e7c0e8ca2682cb606c7604b26f433daf6d95c358be5879e2fdbc06135604fd
session_indy_nxt_2026_6753,2,12,driver_alexander_koreiba,Alexander Koreiba,75,false,false,18,15,3,61e7c0e8ca2682cb606c7604b26f433daf6d95c358be5879e2fdbc06135604fd
session_indy_nxt_2026_6753,2,12,driver_niels_koolen,Niels Koolen,10,false,true,16,14,2,61e7c0e8ca2682cb606c7604b26f433daf6d95c358be5879e2fdbc06135604fd
session_indy_nxt_2026_6753,2,12,driver_nicholas_monteiro,Nicholas Monteiro,4,false,false,21,19,2,61e7c0e8ca2682cb606c7604b26f433daf6d95c358be5879e2fdbc06135604fd
session_indy_nxt_2026_6753,2,12,driver_jordan_missig,Jordan Missig,48,false,false,12,10,2,61e7c0e8ca2682cb606c7604b26f433daf6d95c358be5879e2fdbc06135604fd
session_indy_nxt_2026_6753,2,12,driver_max_taylor,Max Taylor,28,false,false,2,1,1,61e7c0e8ca2682cb606c7604b26f433daf6d95c358be5879e2fdbc06135604fd
session_indy_nxt_2026_6753,2,12,driver_matteo_nannini,Matteo Nannini,20,false,false,8,8,0,61e7c0e8ca2682cb606c7604b26f433daf6d95c358be5879e2fdbc06135604fd
session_indy_nxt_2026_6753,2,12,driver_nikita_johnson,Nikita Johnson,21,false,false,5,5,0,61e7c0e8ca2682cb606c7604b26f433daf6d95c358be5879e2fdbc06135604fd
session_indy_nxt_2026_6753,2,12,driver_lochie_hughes,Lochie Hughes,26,false,false,6,6,0,61e7c0e8ca2682cb606c7604b26f433daf6d95c358be5879e2fdbc06135604fd
session_indy_nxt_2026_6753,2,12,driver_seb_murray,Seb Murray,27,false,false,7,7,0,61e7c0e8ca2682cb606c7604b26f433daf6d95c358be5879e2fdbc06135604fd
session_indy_nxt_2026_6753,2,12,driver_jm_correa,JM Correa,68,false,false,4,4,0,61e7c0e8ca2682cb606c7604b26f433daf6d95c358be5879e2fdbc06135604fd
session_indy_nxt_2026_6753,2,12,driver_tymek_kucharczyk,Tymek Kucharczyk,71,false,false,3,3,0,61e7c0e8ca2682cb606c7604b26f433daf6d95c358be5879e2fdbc06135604fd
session_indy_nxt_2026_6753,2,12,driver_ricardo_escotto,Ricardo Escotto,76,false,false,13,13,0,61e7c0e8ca2682cb606c7604b26f433daf6d95c358be5879e2fdbc06135604fd
session_indy_nxt_2026_6753,2,12,driver_bryce_aron,Bryce Aron,9,true,false,20,20,0,61e7c0e8ca2682cb606c7604b26f433daf6d95c358be5879e2fdbc06135604fd
session_indy_nxt_2026_6753,2,12,driver_myles_rowe,Myles Rowe,99,false,false,9,9,0,61e7c0e8ca2682cb606c7604b26f433daf6d95c358be5879e2fdbc06135604fd
session_indy_nxt_2026_6753,2,12,driver_nicolas_stati,Nicolas Stati,15,false,false,11,12,-1,61e7c0e8ca2682cb606c7604b26f433daf6d95c358be5879e2fdbc06135604fd
session_indy_nxt_2026_6753,2,12,driver_enzo_fittipaldi,Enzo Fittipaldi,67,false,false,1,2,-1,61e7c0e8ca2682cb606c7604b26f433daf6d95c358be5879e2fdbc06135604fd
session_indy_nxt_2026_6753,2,12,driver_james_roe,James Roe,8,false,true,17,18,-1,61e7c0e8ca2682cb606c7604b26f433daf6d95c358be5879e2fdbc06135604fd
session_indy_nxt_2026_6753,2,12,driver_carson_etter,Carson Etter,11,false,true,15,21,-6,61e7c0e8ca2682cb606c7604b26f433daf6d95c358be5879e2fdbc06135604fd
session_indy_nxt_2026_6753,2,12,driver_salvador_de_alba,Salvador de Alba,17,false,false,10,22,-12,61e7c0e8ca2682cb606c7604b26f433daf6d95c358be5879e2fdbc06135604fd
session_indy_nxt_2026_6754,1,7,driver_jm_correa,JM Correa,68,false,false,17,14,3,61e7c0e8ca2682cb606c7604b26f433daf6d95c358be5879e2fdbc06135604fd
session_indy_nxt_2026_6754,1,7,driver_alexander_koreiba,Alexander Koreiba,75,false,false,19,17,2,61e7c0e8ca2682cb606c7604b26f433daf6d95c358be5879e2fdbc06135604fd
session_indy_nxt_2026_6754,1,7,driver_salvador_de_alba,Salvador de Alba,17,false,false,12,11,1,61e7c0e8ca2682cb606c7604b26f433daf6d95c358be5879e2fdbc06135604fd
session_indy_nxt_2026_6754,1,7,driver_seb_murray,Seb Murray,27,false,false,8,7,1,61e7c0e8ca2682cb606c7604b26f433daf6d95c358be5879e2fdbc06135604fd
session_indy_nxt_2026_6754,1,7,driver_jack_beeton,Jack Beeton,45,false,false,13,12,1,61e7c0e8ca2682cb606c7604b26f433daf6d95c358be5879e2fdbc06135604fd
session_indy_nxt_2026_6754,1,7,driver_enzo_fittipaldi,Enzo Fittipaldi,67,false,false,6,5,1,61e7c0e8ca2682cb606c7604b26f433daf6d95c358be5879e2fdbc06135604fd
session_indy_nxt_2026_6754,1,7,driver_ricardo_escotto,Ricardo Escotto,76,false,false,14,13,1,61e7c0e8ca2682cb606c7604b26f433daf6d95c358be5879e2fdbc06135604fd
session_indy_nxt_2026_6754,1,7,driver_myles_rowe,Myles Rowe,99,false,false,7,6,1,61e7c0e8ca2682cb606c7604b26f433daf6d95c358be5879e2fdbc06135604fd
session_indy_nxt_2026_6754,1,7,driver_niels_koolen,Niels Koolen,10,false,true,10,10,0,61e7c0e8ca2682cb606c7604b26f433daf6d95c358be5879e2fdbc06135604fd
session_indy_nxt_2026_6754,1,7,driver_max_garcia,Max Garcia,12,false,false,21,21,0,61e7c0e8ca2682cb606c7604b26f433daf6d95c358be5879e2fdbc06135604fd
session_indy_nxt_2026_6754,1,7,driver_alessandro_de_tullio,Alessandro de Tullio,14,false,false,1,1,0,61e7c0e8ca2682cb606c7604b26f433daf6d95c358be5879e2fdbc06135604fd
session_indy_nxt_2026_6754,1,7,driver_nicolas_stati,Nicolas Stati,15,false,false,20,20,0,61e7c0e8ca2682cb606c7604b26f433daf6d95c358be5879e2fdbc06135604fd
session_indy_nxt_2026_6754,1,7,driver_matteo_nannini,Matteo Nannini,20,false,false,2,2,0,61e7c0e8ca2682cb606c7604b26f433daf6d95c358be5879e2fdbc06135604fd
session_indy_nxt_2026_6754,1,7,driver_nikita_johnson,Nikita Johnson,21,false,false,3,3,0,61e7c0e8ca2682cb606c7604b26f433daf6d95c358be5879e2fdbc06135604fd
session_indy_nxt_2026_6754,1,7,driver_lochie_hughes,Lochie Hughes,26,false,false,23,23,0,61e7c0e8ca2682cb606c7604b26f433daf6d95c358be5879e2fdbc06135604fd
session_indy_nxt_2026_6754,1,7,driver_max_taylor,Max Taylor,28,false,false,4,4,0,61e7c0e8ca2682cb606c7604b26f433daf6d95c358be5879e2fdbc06135604fd
session_indy_nxt_2026_6754,1,7,driver_josh_pierson,Josh Pierson,29,false,false,24,24,0,61e7c0e8ca2682cb606c7604b26f433daf6d95c358be5879e2fdbc06135604fd
session_indy_nxt_2026_6754,1,7,driver_nicholas_monteiro,Nicholas Monteiro,4,false,false,18,18,0,61e7c0e8ca2682cb606c7604b26f433daf6d95c358be5879e2fdbc06135604fd
session_indy_nxt_2026_6754,1,7,driver_jordan_missig,Jordan Missig,48,false,false,16,16,0,61e7c0e8ca2682cb606c7604b26f433daf6d95c358be5879e2fdbc06135604fd
session_indy_nxt_2026_6754,1,7,driver_colin_kaminsky,Colin Kaminsky,57,false,false,9,9,0,61e7c0e8ca2682cb606c7604b26f433daf6d95c358be5879e2fdbc06135604fd
session_indy_nxt_2026_6754,1,7,driver_james_roe,James Roe,8,false,true,22,22,0,61e7c0e8ca2682cb606c7604b26f433daf6d95c358be5879e2fdbc06135604fd
session_indy_nxt_2026_6754,1,7,driver_tymek_kucharczyk,Tymek Kucharczyk,71,false,false,5,8,-3,61e7c0e8ca2682cb606c7604b26f433daf6d95c358be5879e2fdbc06135604fd
session_indy_nxt_2026_6754,1,7,driver_carson_etter,Carson Etter,11,false,true,15,19,-4,61e7c0e8ca2682cb606c7604b26f433daf6d95c358be5879e2fdbc06135604fd
session_indy_nxt_2026_6754,1,7,driver_bryce_aron,Bryce Aron,9,true,false,11,15,-4,61e7c0e8ca2682cb606c7604b26f433daf6d95c358be5879e2fdbc06135604fd
session_indy_nxt_2026_6754,2,17,driver_carson_etter,Carson Etter,11,false,true,19,14,5,61e7c0e8ca2682cb606c7604b26f433daf6d95c358be5879e2fdbc06135604fd
session_indy_nxt_2026_6754,2,17,driver_nicolas_stati,Nicolas Stati,15,false,false,16,13,3,61e7c0e8ca2682cb606c7604b26f433daf6d95c358be5879e2fdbc06135604fd
session_indy_nxt_2026_6754,2,17,driver_salvador_de_alba,Salvador de Alba,17,false,false,12,9,3,61e7c0e8ca2682cb606c7604b26f433daf6d95c358be5879e2fdbc06135604fd
session_indy_nxt_2026_6754,2,17,driver_myles_rowe,Myles Rowe,99,false,false,9,6,3,61e7c0e8ca2682cb606c7604b26f433daf6d95c358be5879e2fdbc06135604fd
session_indy_nxt_2026_6754,2,17,driver_jm_correa,JM Correa,68,false,false,10,8,2,61e7c0e8ca2682cb606c7604b26f433daf6d95c358be5879e2fdbc06135604fd
session_indy_nxt_2026_6754,2,17,driver_ricardo_escotto,Ricardo Escotto,76,false,false,14,12,2,61e7c0e8ca2682cb606c7604b26f433daf6d95c358be5879e2fdbc06135604fd
session_indy_nxt_2026_6754,2,17,driver_bryce_aron,Bryce Aron,9,true,false,13,11,2,61e7c0e8ca2682cb606c7604b26f433daf6d95c358be5879e2fdbc06135604fd
session_indy_nxt_2026_6754,2,17,driver_niels_koolen,Niels Koolen,10,false,true,11,10,1,61e7c0e8ca2682cb606c7604b26f433daf6d95c358be5879e2fdbc06135604fd
session_indy_nxt_2026_6754,2,17,driver_alexander_koreiba,Alexander Koreiba,75,false,false,17,16,1,61e7c0e8ca2682cb606c7604b26f433daf6d95c358be5879e2fdbc06135604fd
session_indy_nxt_2026_6754,2,17,driver_alessandro_de_tullio,Alessandro de Tullio,14,false,false,1,1,0,61e7c0e8ca2682cb606c7604b26f433daf6d95c358be5879e2fdbc06135604fd
session_indy_nxt_2026_6754,2,17,driver_matteo_nannini,Matteo Nannini,20,false,false,2,2,0,61e7c0e8ca2682cb606c7604b26f433daf6d95c358be5879e2fdbc06135604fd
session_indy_nxt_2026_6754,2,17,driver_nikita_johnson,Nikita Johnson,21,false,false,4,4,0,61e7c0e8ca2682cb606c7604b26f433daf6d95c358be5879e2fdbc06135604fd
session_indy_nxt_2026_6754,2,17,driver_nicholas_monteiro,Nicholas Monteiro,4,false,false,15,15,0,61e7c0e8ca2682cb606c7604b26f433daf6d95c358be5879e2fdbc06135604fd
session_indy_nxt_2026_6754,2,17,driver_jack_beeton,Jack Beeton,45,false,false,7,7,0,61e7c0e8ca2682cb606c7604b26f433daf6d95c358be5879e2fdbc06135604fd
session_indy_nxt_2026_6754,2,17,driver_jordan_missig,Jordan Missig,48,false,false,18,18,0,61e7c0e8ca2682cb606c7604b26f433daf6d95c358be5879e2fdbc06135604fd
session_indy_nxt_2026_6754,2,17,driver_enzo_fittipaldi,Enzo Fittipaldi,67,false,false,5,5,0,61e7c0e8ca2682cb606c7604b26f433daf6d95c358be5879e2fdbc06135604fd
session_indy_nxt_2026_6754,2,17,driver_tymek_kucharczyk,Tymek Kucharczyk,71,false,false,3,3,0,61e7c0e8ca2682cb606c7604b26f433daf6d95c358be5879e2fdbc06135604fd
session_indy_nxt_2026_6754,2,17,driver_seb_murray,Seb Murray,27,false,false,8,17,-9,61e7c0e8ca2682cb606c7604b26f433daf6d95c358be5879e2fdbc06135604fd
session_indy_nxt_2026_6754,2,17,driver_max_taylor,Max Taylor,28,false,false,6,19,-13,61e7c0e8ca2682cb606c7604b26f433daf6d95c358be5879e2fdbc06135604fd
session_indy_nxt_2026_6755,1,14,driver_seb_murray,Seb Murray,27,false,false,15,13,2,61e7c0e8ca2682cb606c7604b26f433daf6d95c358be5879e2fdbc06135604fd
session_indy_nxt_2026_6755,1,14,driver_jack_beeton,Jack Beeton,45,false,false,10,8,2,61e7c0e8ca2682cb606c7604b26f433daf6d95c358be5879e2fdbc06135604fd
session_indy_nxt_2026_6755,1,14,driver_max_garcia,Max Garcia,12,false,false,7,6,1,61e7c0e8ca2682cb606c7604b26f433daf6d95c358be5879e2fdbc06135604fd
session_indy_nxt_2026_6755,1,14,driver_josh_pierson,Josh Pierson,29,false,false,11,10,1,61e7c0e8ca2682cb606c7604b26f433daf6d95c358be5879e2fdbc06135604fd
session_indy_nxt_2026_6755,1,14,driver_enzo_fittipaldi,Enzo Fittipaldi,67,false,false,12,11,1,61e7c0e8ca2682cb606c7604b26f433daf6d95c358be5879e2fdbc06135604fd
session_indy_nxt_2026_6755,1,14,driver_tymek_kucharczyk,Tymek Kucharczyk,71,false,false,13,12,1,61e7c0e8ca2682cb606c7604b26f433daf6d95c358be5879e2fdbc06135604fd
session_indy_nxt_2026_6755,1,14,driver_niels_koolen,Niels Koolen,10,false,true,21,21,0,61e7c0e8ca2682cb606c7604b26f433daf6d95c358be5879e2fdbc06135604fd
session_indy_nxt_2026_6755,1,14,driver_carson_etter,Carson Etter,11,false,true,20,20,0,61e7c0e8ca2682cb606c7604b26f433daf6d95c358be5879e2fdbc06135604fd
session_indy_nxt_2026_6755,1,14,driver_alessandro_de_tullio,Alessandro de Tullio,14,false,false,4,4,0,61e7c0e8ca2682cb606c7604b26f433daf6d95c358be5879e2fdbc06135604fd
session_indy_nxt_2026_6755,1,14,driver_nicolas_stati,Nicolas Stati,15,false,false,17,17,0,61e7c0e8ca2682cb606c7604b26f433daf6d95c358be5879e2fdbc06135604fd
session_indy_nxt_2026_6755,1,14,driver_matteo_nannini,Matteo Nannini,20,false,false,1,1,0,61e7c0e8ca2682cb606c7604b26f433daf6d95c358be5879e2fdbc06135604fd
session_indy_nxt_2026_6755,1,14,driver_nikita_johnson,Nikita Johnson,21,false,false,2,2,0,61e7c0e8ca2682cb606c7604b26f433daf6d95c358be5879e2fdbc06135604fd
session_indy_nxt_2026_6755,1,14,driver_lochie_hughes,Lochie Hughes,26,false,false,5,5,0,61e7c0e8ca2682cb606c7604b26f433daf6d95c358be5879e2fdbc06135604fd
session_indy_nxt_2026_6755,1,14,driver_nicholas_monteiro,Nicholas Monteiro,4,false,false,19,19,0,61e7c0e8ca2682cb606c7604b26f433daf6d95c358be5879e2fdbc06135604fd
session_indy_nxt_2026_6755,1,14,driver_colin_kaminsky,Colin Kaminsky,57,false,false,9,9,0,61e7c0e8ca2682cb606c7604b26f433daf6d95c358be5879e2fdbc06135604fd
session_indy_nxt_2026_6755,1,14,driver_alexander_koreiba,Alexander Koreiba,75,false,false,18,18,0,61e7c0e8ca2682cb606c7604b26f433daf6d95c358be5879e2fdbc06135604fd
session_indy_nxt_2026_6755,1,14,driver_james_roe,James Roe,8,false,true,16,16,0,61e7c0e8ca2682cb606c7604b26f433daf6d95c358be5879e2fdbc06135604fd
session_indy_nxt_2026_6755,1,14,driver_myles_rowe,Myles Rowe,99,false,false,3,3,0,61e7c0e8ca2682cb606c7604b26f433daf6d95c358be5879e2fdbc06135604fd
session_indy_nxt_2026_6755,1,14,driver_salvador_de_alba,Salvador de Alba,17,false,false,14,15,-1,61e7c0e8ca2682cb606c7604b26f433daf6d95c358be5879e2fdbc06135604fd
session_indy_nxt_2026_6755,1,14,driver_bryce_aron,Bryce Aron,9,true,false,6,7,-1,61e7c0e8ca2682cb606c7604b26f433daf6d95c358be5879e2fdbc06135604fd
session_indy_nxt_2026_6755,1,14,driver_max_taylor,Max Taylor,28,false,false,8,14,-6,61e7c0e8ca2682cb606c7604b26f433daf6d95c358be5879e2fdbc06135604fd
session_indy_nxt_2026_6755,2,20,driver_alexander_koreiba,Alexander Koreiba,75,false,false,18,16,2,61e7c0e8ca2682cb606c7604b26f433daf6d95c358be5879e2fdbc06135604fd
session_indy_nxt_2026_6755,2,20,driver_seb_murray,Seb Murray,27,false,false,14,13,1,61e7c0e8ca2682cb606c7604b26f433daf6d95c358be5879e2fdbc06135604fd
session_indy_nxt_2026_6755,2,20,driver_enzo_fittipaldi,Enzo Fittipaldi,67,false,false,11,10,1,61e7c0e8ca2682cb606c7604b26f433daf6d95c358be5879e2fdbc06135604fd
session_indy_nxt_2026_6755,2,20,driver_niels_koolen,Niels Koolen,10,false,true,21,21,0,61e7c0e8ca2682cb606c7604b26f433daf6d95c358be5879e2fdbc06135604fd
session_indy_nxt_2026_6755,2,20,driver_carson_etter,Carson Etter,11,false,true,20,20,0,61e7c0e8ca2682cb606c7604b26f433daf6d95c358be5879e2fdbc06135604fd
session_indy_nxt_2026_6755,2,20,driver_max_garcia,Max Garcia,12,false,false,6,6,0,61e7c0e8ca2682cb606c7604b26f433daf6d95c358be5879e2fdbc06135604fd
session_indy_nxt_2026_6755,2,20,driver_alessandro_de_tullio,Alessandro de Tullio,14,false,false,5,5,0,61e7c0e8ca2682cb606c7604b26f433daf6d95c358be5879e2fdbc06135604fd
session_indy_nxt_2026_6755,2,20,driver_matteo_nannini,Matteo Nannini,20,false,false,1,1,0,61e7c0e8ca2682cb606c7604b26f433daf6d95c358be5879e2fdbc06135604fd
session_indy_nxt_2026_6755,2,20,driver_nikita_johnson,Nikita Johnson,21,false,false,3,3,0,61e7c0e8ca2682cb606c7604b26f433daf6d95c358be5879e2fdbc06135604fd
session_indy_nxt_2026_6755,2,20,driver_lochie_hughes,Lochie Hughes,26,false,false,4,4,0,61e7c0e8ca2682cb606c7604b26f433daf6d95c358be5879e2fdbc06135604fd
session_indy_nxt_2026_6755,2,20,driver_max_taylor,Max Taylor,28,false,false,15,15,0,61e7c0e8ca2682cb606c7604b26f433daf6d95c358be5879e2fdbc06135604fd
session_indy_nxt_2026_6755,2,20,driver_josh_pierson,Josh Pierson,29,false,false,8,8,0,61e7c0e8ca2682cb606c7604b26f433daf6d95c358be5879e2fdbc06135604fd
session_indy_nxt_2026_6755,2,20,driver_nicholas_monteiro,Nicholas Monteiro,4,false,false,19,19,0,61e7c0e8ca2682cb606c7604b26f433daf6d95c358be5879e2fdbc06135604fd
session_indy_nxt_2026_6755,2,20,driver_jack_beeton,Jack Beeton,45,false,false,7,7,0,61e7c0e8ca2682cb606c7604b26f433daf6d95c358be5879e2fdbc06135604fd
session_indy_nxt_2026_6755,2,20,driver_tymek_kucharczyk,Tymek Kucharczyk,71,false,false,12,12,0,61e7c0e8ca2682cb606c7604b26f433daf6d95c358be5879e2fdbc06135604fd
session_indy_nxt_2026_6755,2,20,driver_bryce_aron,Bryce Aron,9,true,false,9,9,0,61e7c0e8ca2682cb606c7604b26f433daf6d95c358be5879e2fdbc06135604fd
session_indy_nxt_2026_6755,2,20,driver_myles_rowe,Myles Rowe,99,false,false,2,2,0,61e7c0e8ca2682cb606c7604b26f433daf6d95c358be5879e2fdbc06135604fd
session_indy_nxt_2026_6755,2,20,driver_nicolas_stati,Nicolas Stati,15,false,false,17,18,-1,61e7c0e8ca2682cb606c7604b26f433daf6d95c358be5879e2fdbc06135604fd
session_indy_nxt_2026_6755,2,20,driver_salvador_de_alba,Salvador de Alba,17,false,false,13,14,-1,61e7c0e8ca2682cb606c7604b26f433daf6d95c358be5879e2fdbc06135604fd
session_indy_nxt_2026_6755,2,20,driver_colin_kaminsky,Colin Kaminsky,57,false,false,10,11,-1,61e7c0e8ca2682cb606c7604b26f433daf6d95c358be5879e2fdbc06135604fd
session_indy_nxt_2026_6755,2,20,driver_james_roe,James Roe,8,false,true,16,17,-1,61e7c0e8ca2682cb606c7604b26f433daf6d95c358be5879e2fdbc06135604fd
session_indy_nxt_2026_6756,1,16,driver_niels_koolen,Niels Koolen,10,false,true,19,14,5,61e7c0e8ca2682cb606c7604b26f433daf6d95c358be5879e2fdbc06135604fd
session_indy_nxt_2026_6756,1,16,driver_james_roe,James Roe,8,false,true,21,16,5,61e7c0e8ca2682cb606c7604b26f433daf6d95c358be5879e2fdbc06135604fd
session_indy_nxt_2026_6756,1,16,driver_bryce_aron,Bryce Aron,9,true,false,13,10,3,61e7c0e8ca2682cb606c7604b26f433daf6d95c358be5879e2fdbc06135604fd
session_indy_nxt_2026_6756,1,16,driver_nikita_johnson,Nikita Johnson,21,false,false,10,8,2,61e7c0e8ca2682cb606c7604b26f433daf6d95c358be5879e2fdbc06135604fd
session_indy_nxt_2026_6756,1,16,driver_jm_correa,JM Correa,68,false,false,15,13,2,61e7c0e8ca2682cb606c7604b26f433daf6d95c358be5879e2fdbc06135604fd
session_indy_nxt_2026_6756,1,16,driver_tymek_kucharczyk,Tymek Kucharczyk,71,false,false,7,5,2,61e7c0e8ca2682cb606c7604b26f433daf6d95c358be5879e2fdbc06135604fd
session_indy_nxt_2026_6756,1,16,driver_myles_rowe,Myles Rowe,99,false,false,9,7,2,61e7c0e8ca2682cb606c7604b26f433daf6d95c358be5879e2fdbc06135604fd
session_indy_nxt_2026_6756,1,16,driver_carson_etter,Carson Etter,11,false,true,16,15,1,61e7c0e8ca2682cb606c7604b26f433daf6d95c358be5879e2fdbc06135604fd
session_indy_nxt_2026_6756,1,16,driver_salvador_de_alba,Salvador de Alba,17,false,false,12,11,1,61e7c0e8ca2682cb606c7604b26f433daf6d95c358be5879e2fdbc06135604fd
session_indy_nxt_2026_6756,1,16,driver_josh_pierson,Josh Pierson,29,false,false,4,3,1,61e7c0e8ca2682cb606c7604b26f433daf6d95c358be5879e2fdbc06135604fd
session_indy_nxt_2026_6756,1,16,driver_nicholas_monteiro,Nicholas Monteiro,4,false,false,20,19,1,61e7c0e8ca2682cb606c7604b26f433daf6d95c358be5879e2fdbc06135604fd
session_indy_nxt_2026_6756,1,16,driver_colin_kaminsky,Colin Kaminsky,57,false,false,22,21,1,61e7c0e8ca2682cb606c7604b26f433daf6d95c358be5879e2fdbc06135604fd
session_indy_nxt_2026_6756,1,16,driver_enzo_fittipaldi,Enzo Fittipaldi,67,false,false,3,2,1,61e7c0e8ca2682cb606c7604b26f433daf6d95c358be5879e2fdbc06135604fd
session_indy_nxt_2026_6756,1,16,driver_max_garcia,Max Garcia,12,false,false,18,18,0,61e7c0e8ca2682cb606c7604b26f433daf6d95c358be5879e2fdbc06135604fd
session_indy_nxt_2026_6756,1,16,driver_matteo_nannini,Matteo Nannini,20,false,false,24,24,0,61e7c0e8ca2682cb606c7604b26f433daf6d95c358be5879e2fdbc06135604fd
session_indy_nxt_2026_6756,1,16,driver_lochie_hughes,Lochie Hughes,26,false,false,1,1,0,61e7c0e8ca2682cb606c7604b26f433daf6d95c358be5879e2fdbc06135604fd
session_indy_nxt_2026_6756,1,16,driver_jack_beeton,Jack Beeton,45,false,false,23,23,0,61e7c0e8ca2682cb606c7604b26f433daf6d95c358be5879e2fdbc06135604fd
session_indy_nxt_2026_6756,1,16,driver_alessandro_de_tullio,Alessandro de Tullio,14,false,false,8,9,-1,61e7c0e8ca2682cb606c7604b26f433daf6d95c358be5879e2fdbc06135604fd
session_indy_nxt_2026_6756,1,16,driver_jordan_missig,Jordan Missig,48,false,false,5,6,-1,61e7c0e8ca2682cb606c7604b26f433daf6d95c358be5879e2fdbc06135604fd
session_indy_nxt_2026_6756,1,16,driver_max_taylor,Max Taylor,28,false,false,2,4,-2,61e7c0e8ca2682cb606c7604b26f433daf6d95c358be5879e2fdbc06135604fd
session_indy_nxt_2026_6756,1,16,driver_nicolas_stati,Nicolas Stati,15,false,false,14,17,-3,61e7c0e8ca2682cb606c7604b26f433daf6d95c358be5879e2fdbc06135604fd
session_indy_nxt_2026_6756,1,16,driver_alexander_koreiba,Alexander Koreiba,75,false,false,17,20,-3,61e7c0e8ca2682cb606c7604b26f433daf6d95c358be5879e2fdbc06135604fd
session_indy_nxt_2026_6756,1,16,driver_ricardo_escotto,Ricardo Escotto,76,false,false,6,12,-6,61e7c0e8ca2682cb606c7604b26f433daf6d95c358be5879e2fdbc06135604fd
session_indy_nxt_2026_6756,1,16,driver_seb_murray,Seb Murray,27,false,false,11,22,-11,61e7c0e8ca2682cb606c7604b26f433daf6d95c358be5879e2fdbc06135604fd
session_indy_nxt_2026_6757,1,64,driver_jacob_abel,Jacob Abel,48,false,false,16,13,3,61e7c0e8ca2682cb606c7604b26f433daf6d95c358be5879e2fdbc06135604fd
session_indy_nxt_2026_6757,1,64,driver_nikita_johnson,Nikita Johnson,21,false,false,10,8,2,61e7c0e8ca2682cb606c7604b26f433daf6d95c358be5879e2fdbc06135604fd
session_indy_nxt_2026_6757,1,64,driver_max_taylor,Max Taylor,28,false,false,5,4,1,61e7c0e8ca2682cb606c7604b26f433daf6d95c358be5879e2fdbc06135604fd
session_indy_nxt_2026_6757,1,64,driver_nicholas_monteiro,Nicholas Monteiro,4,false,false,20,19,1,61e7c0e8ca2682cb606c7604b26f433daf6d95c358be5879e2fdbc06135604fd
session_indy_nxt_2026_6757,1,64,driver_bryce_aron,Bryce Aron,9,true,false,13,12,1,61e7c0e8ca2682cb606c7604b26f433daf6d95c358be5879e2fdbc06135604fd
session_indy_nxt_2026_6757,1,64,driver_max_garcia,Max Garcia,12,false,false,1,1,0,61e7c0e8ca2682cb606c7604b26f433daf6d95c358be5879e2fdbc06135604fd
session_indy_nxt_2026_6757,1,64,driver_nicolas_stati,Nicolas Stati,15,false,false,11,11,0,61e7c0e8ca2682cb606c7604b26f433daf6d95c358be5879e2fdbc06135604fd
session_indy_nxt_2026_6757,1,64,driver_matteo_nannini,Matteo Nannini,20,false,false,21,21,0,61e7c0e8ca2682cb606c7604b26f433daf6d95c358be5879e2fdbc06135604fd
session_indy_nxt_2026_6757,1,64,driver_lochie_hughes,Lochie Hughes,26,false,false,7,7,0,61e7c0e8ca2682cb606c7604b26f433daf6d95c358be5879e2fdbc06135604fd
session_indy_nxt_2026_6757,1,64,driver_jack_beeton,Jack Beeton,45,false,false,2,2,0,61e7c0e8ca2682cb606c7604b26f433daf6d95c358be5879e2fdbc06135604fd
session_indy_nxt_2026_6757,1,64,driver_colin_kaminsky,Colin Kaminsky,57,false,false,17,17,0,61e7c0e8ca2682cb606c7604b26f433daf6d95c358be5879e2fdbc06135604fd
session_indy_nxt_2026_6757,1,64,driver_enzo_fittipaldi,Enzo Fittipaldi,67,false,false,6,6,0,61e7c0e8ca2682cb606c7604b26f433daf6d95c358be5879e2fdbc06135604fd
session_indy_nxt_2026_6757,1,64,driver_jm_correa,JM Correa,68,false,false,3,3,0,61e7c0e8ca2682cb606c7604b26f433daf6d95c358be5879e2fdbc06135604fd
session_indy_nxt_2026_6757,1,64,driver_james_roe,James Roe,8,false,true,18,18,0,61e7c0e8ca2682cb606c7604b26f433daf6d95c358be5879e2fdbc06135604fd
session_indy_nxt_2026_6757,1,64,driver_carson_etter,Carson Etter,11,false,true,19,20,-1,61e7c0e8ca2682cb606c7604b26f433daf6d95c358be5879e2fdbc06135604fd
session_indy_nxt_2026_6757,1,64,driver_alessandro_de_tullio,Alessandro de Tullio,14,false,false,14,15,-1,61e7c0e8ca2682cb606c7604b26f433daf6d95c358be5879e2fdbc06135604fd
session_indy_nxt_2026_6757,1,64,driver_salvador_de_alba,Salvador de Alba,17,false,false,8,9,-1,61e7c0e8ca2682cb606c7604b26f433daf6d95c358be5879e2fdbc06135604fd
session_indy_nxt_2026_6757,1,64,driver_seb_murray,Seb Murray,27,false,false,9,10,-1,61e7c0e8ca2682cb606c7604b26f433daf6d95c358be5879e2fdbc06135604fd
session_indy_nxt_2026_6757,1,64,driver_tymek_kucharczyk,Tymek Kucharczyk,71,false,false,4,5,-1,61e7c0e8ca2682cb606c7604b26f433daf6d95c358be5879e2fdbc06135604fd
session_indy_nxt_2026_6757,1,64,driver_alexander_koreiba,Alexander Koreiba,75,false,false,15,16,-1,61e7c0e8ca2682cb606c7604b26f433daf6d95c358be5879e2fdbc06135604fd
session_indy_nxt_2026_6757,1,64,driver_myles_rowe,Myles Rowe,99,false,false,12,14,-2,61e7c0e8ca2682cb606c7604b26f433daf6d95c358be5879e2fdbc06135604fd
session_indy_nxt_2026_6757,2,73,driver_bryce_aron,Bryce Aron,9,true,false,10,8,2,61e7c0e8ca2682cb606c7604b26f433daf6d95c358be5879e2fdbc06135604fd
session_indy_nxt_2026_6757,2,73,driver_alessandro_de_tullio,Alessandro de Tullio,14,false,false,13,12,1,61e7c0e8ca2682cb606c7604b26f433daf6d95c358be5879e2fdbc06135604fd
session_indy_nxt_2026_6757,2,73,driver_nikita_johnson,Nikita Johnson,21,false,false,7,6,1,61e7c0e8ca2682cb606c7604b26f433daf6d95c358be5879e2fdbc06135604fd
session_indy_nxt_2026_6757,2,73,driver_jacob_abel,Jacob Abel,48,false,false,11,10,1,61e7c0e8ca2682cb606c7604b26f433daf6d95c358be5879e2fdbc06135604fd
session_indy_nxt_2026_6757,2,73,driver_enzo_fittipaldi,Enzo Fittipaldi,67,false,false,6,5,1,61e7c0e8ca2682cb606c7604b26f433daf6d95c358be5879e2fdbc06135604fd
session_indy_nxt_2026_6757,2,73,driver_carson_etter,Carson Etter,11,false,true,20,20,0,61e7c0e8ca2682cb606c7604b26f433daf6d95c358be5879e2fdbc06135604fd
session_indy_nxt_2026_6757,2,73,driver_max_garcia,Max Garcia,12,false,false,1,1,0,61e7c0e8ca2682cb606c7604b26f433daf6d95c358be5879e2fdbc06135604fd
session_indy_nxt_2026_6757,2,73,driver_nicolas_stati,Nicolas Stati,15,false,false,14,14,0,61e7c0e8ca2682cb606c7604b26f433daf6d95c358be5879e2fdbc06135604fd
session_indy_nxt_2026_6757,2,73,driver_matteo_nannini,Matteo Nannini,20,false,false,21,21,0,61e7c0e8ca2682cb606c7604b26f433daf6d95c358be5879e2fdbc06135604fd
session_indy_nxt_2026_6757,2,73,driver_lochie_hughes,Lochie Hughes,26,false,false,16,16,0,61e7c0e8ca2682cb606c7604b26f433daf6d95c358be5879e2fdbc06135604fd
session_indy_nxt_2026_6757,2,73,driver_max_taylor,Max Taylor,28,false,false,4,4,0,61e7c0e8ca2682cb606c7604b26f433daf6d95c358be5879e2fdbc06135604fd
session_indy_nxt_2026_6757,2,73,driver_nicholas_monteiro,Nicholas Monteiro,4,false,false,19,19,0,61e7c0e8ca2682cb606c7604b26f433daf6d95c358be5879e2fdbc06135604fd
session_indy_nxt_2026_6757,2,73,driver_jack_beeton,Jack Beeton,45,false,false,2,2,0,61e7c0e8ca2682cb606c7604b26f433daf6d95c358be5879e2fdbc06135604fd
session_indy_nxt_2026_6757,2,73,driver_colin_kaminsky,Colin Kaminsky,57,false,false,17,17,0,61e7c0e8ca2682cb606c7604b26f433daf6d95c358be5879e2fdbc06135604fd
session_indy_nxt_2026_6757,2,73,driver_jm_correa,JM Correa,68,false,false,3,3,0,61e7c0e8ca2682cb606c7604b26f433daf6d95c358be5879e2fdbc06135604fd
session_indy_nxt_2026_6757,2,73,driver_alexander_koreiba,Alexander Koreiba,75,false,false,15,15,0,61e7c0e8ca2682cb606c7604b26f433daf6d95c358be5879e2fdbc06135604fd
session_indy_nxt_2026_6757,2,73,driver_james_roe,James Roe,8,false,true,18,18,0,61e7c0e8ca2682cb606c7604b26f433daf6d95c358be5879e2fdbc06135604fd
session_indy_nxt_2026_6757,2,73,driver_seb_murray,Seb Murray,27,false,false,8,9,-1,61e7c0e8ca2682cb606c7604b26f433daf6d95c358be5879e2fdbc06135604fd
session_indy_nxt_2026_6757,2,73,driver_myles_rowe,Myles Rowe,99,false,false,12,13,-1,61e7c0e8ca2682cb606c7604b26f433daf6d95c358be5879e2fdbc06135604fd
session_indy_nxt_2026_6757,2,73,driver_salvador_de_alba,Salvador de Alba,17,false,false,9,11,-2,61e7c0e8ca2682cb606c7604b26f433daf6d95c358be5879e2fdbc06135604fd
session_indy_nxt_2026_6757,2,73,driver_tymek_kucharczyk,Tymek Kucharczyk,71,false,false,5,7,-2,61e7c0e8ca2682cb606c7604b26f433daf6d95c358be5879e2fdbc06135604fd
session_indy_nxt_2026_6757,3,82,driver_carson_etter,Carson Etter,11,false,true,18,17,1,61e7c0e8ca2682cb606c7604b26f433daf6d95c358be5879e2fdbc06135604fd
session_indy_nxt_2026_6757,3,82,driver_nicholas_monteiro,Nicholas Monteiro,4,false,false,17,16,1,61e7c0e8ca2682cb606c7604b26f433daf6d95c358be5879e2fdbc06135604fd
session_indy_nxt_2026_6757,3,82,driver_tymek_kucharczyk,Tymek Kucharczyk,71,false,false,8,7,1,61e7c0e8ca2682cb606c7604b26f433daf6d95c358be5879e2fdbc06135604fd
session_indy_nxt_2026_6757,3,82,driver_max_garcia,Max Garcia,12,false,false,1,1,0,61e7c0e8ca2682cb606c7604b26f433daf6d95c358be5879e2fdbc06135604fd
session_indy_nxt_2026_6757,3,82,driver_alessandro_de_tullio,Alessandro de Tullio,14,false,false,11,11,0,61e7c0e8ca2682cb606c7604b26f433daf6d95c358be5879e2fdbc06135604fd
session_indy_nxt_2026_6757,3,82,driver_nicolas_stati,Nicolas Stati,15,false,false,13,13,0,61e7c0e8ca2682cb606c7604b26f433daf6d95c358be5879e2fdbc06135604fd
session_indy_nxt_2026_6757,3,82,driver_salvador_de_alba,Salvador de Alba,17,false,false,19,19,0,61e7c0e8ca2682cb606c7604b26f433daf6d95c358be5879e2fdbc06135604fd
session_indy_nxt_2026_6757,3,82,driver_matteo_nannini,Matteo Nannini,20,false,false,20,20,0,61e7c0e8ca2682cb606c7604b26f433daf6d95c358be5879e2fdbc06135604fd
session_indy_nxt_2026_6757,3,82,driver_nikita_johnson,Nikita Johnson,21,false,false,5,5,0,61e7c0e8ca2682cb606c7604b26f433daf6d95c358be5879e2fdbc06135604fd
session_indy_nxt_2026_6757,3,82,driver_lochie_hughes,Lochie Hughes,26,false,false,14,14,0,61e7c0e8ca2682cb606c7604b26f433daf6d95c358be5879e2fdbc06135604fd
session_indy_nxt_2026_6757,3,82,driver_seb_murray,Seb Murray,27,false,false,10,10,0,61e7c0e8ca2682cb606c7604b26f433daf6d95c358be5879e2fdbc06135604fd
session_indy_nxt_2026_6757,3,82,driver_max_taylor,Max Taylor,28,false,false,4,4,0,61e7c0e8ca2682cb606c7604b26f433daf6d95c358be5879e2fdbc06135604fd
session_indy_nxt_2026_6757,3,82,driver_jack_beeton,Jack Beeton,45,false,false,2,2,0,61e7c0e8ca2682cb606c7604b26f433daf6d95c358be5879e2fdbc06135604fd
session_indy_nxt_2026_6757,3,82,driver_jacob_abel,Jacob Abel,48,false,false,9,9,0,61e7c0e8ca2682cb606c7604b26f433daf6d95c358be5879e2fdbc06135604fd
session_indy_nxt_2026_6757,3,82,driver_enzo_fittipaldi,Enzo Fittipaldi,67,false,false,6,6,0,61e7c0e8ca2682cb606c7604b26f433daf6d95c358be5879e2fdbc06135604fd
session_indy_nxt_2026_6757,3,82,driver_jm_correa,JM Correa,68,false,false,3,3,0,61e7c0e8ca2682cb606c7604b26f433daf6d95c358be5879e2fdbc06135604fd
session_indy_nxt_2026_6757,3,82,driver_alexander_koreiba,Alexander Koreiba,75,false,false,12,12,0,61e7c0e8ca2682cb606c7604b26f433daf6d95c358be5879e2fdbc06135604fd
session_indy_nxt_2026_6757,3,82,driver_james_roe,James Roe,8,false,true,15,15,0,61e7c0e8ca2682cb606c7604b26f433daf6d95c358be5879e2fdbc06135604fd
session_indy_nxt_2026_6757,3,82,driver_bryce_aron,Bryce Aron,9,true,false,7,8,-1,61e7c0e8ca2682cb606c7604b26f433daf6d95c358be5879e2fdbc06135604fd
session_indy_nxt_2026_6757,3,82,driver_colin_kaminsky,Colin Kaminsky,57,false,false,16,18,-2,61e7c0e8ca2682cb606c7604b26f433daf6d95c358be5879e2fdbc06135604fd
session_indy_nxt_2026_6757,4,86,driver_alessandro_de_tullio,Alessandro de Tullio,14,false,false,9,8,1,61e7c0e8ca2682cb606c7604b26f433daf6d95c358be5879e2fdbc06135604fd
session_indy_nxt_2026_6757,4,86,driver_jacob_abel,Jacob Abel,48,false,false,10,9,1,61e7c0e8ca2682cb606c7604b26f433daf6d95c358be5879e2fdbc06135604fd
session_indy_nxt_2026_6757,4,86,driver_jm_correa,JM Correa,68,false,false,3,2,1,61e7c0e8ca2682cb606c7604b26f433daf6d95c358be5879e2fdbc06135604fd
session_indy_nxt_2026_6757,4,86,driver_carson_etter,Carson Etter,11,false,true,16,16,0,61e7c0e8ca2682cb606c7604b26f433daf6d95c358be5879e2fdbc06135604fd
session_indy_nxt_2026_6757,4,86,driver_max_garcia,Max Garcia,12,false,false,1,1,0,61e7c0e8ca2682cb606c7604b26f433daf6d95c358be5879e2fdbc06135604fd
session_indy_nxt_2026_6757,4,86,driver_nicolas_stati,Nicolas Stati,15,false,false,13,13,0,61e7c0e8ca2682cb606c7604b26f433daf6d95c358be5879e2fdbc06135604fd
session_indy_nxt_2026_6757,4,86,driver_salvador_de_alba,Salvador de Alba,17,false,false,19,19,0,61e7c0e8ca2682cb606c7604b26f433daf6d95c358be5879e2fdbc06135604fd
session_indy_nxt_2026_6757,4,86,driver_matteo_nannini,Matteo Nannini,20,false,false,20,20,0,61e7c0e8ca2682cb606c7604b26f433daf6d95c358be5879e2fdbc06135604fd
session_indy_nxt_2026_6757,4,86,driver_nikita_johnson,Nikita Johnson,21,false,false,5,5,0,61e7c0e8ca2682cb606c7604b26f433daf6d95c358be5879e2fdbc06135604fd
session_indy_nxt_2026_6757,4,86,driver_lochie_hughes,Lochie Hughes,26,false,false,14,14,0,61e7c0e8ca2682cb606c7604b26f433daf6d95c358be5879e2fdbc06135604fd
session_indy_nxt_2026_6757,4,86,driver_seb_murray,Seb Murray,27,false,false,12,12,0,61e7c0e8ca2682cb606c7604b26f433daf6d95c358be5879e2fdbc06135604fd
session_indy_nxt_2026_6757,4,86,driver_max_taylor,Max Taylor,28,false,false,4,4,0,61e7c0e8ca2682cb606c7604b26f433daf6d95c358be5879e2fdbc06135604fd
session_indy_nxt_2026_6757,4,86,driver_nicholas_monteiro,Nicholas Monteiro,4,false,false,17,17,0,61e7c0e8ca2682cb606c7604b26f433daf6d95c358be5879e2fdbc06135604fd
session_indy_nxt_2026_6757,4,86,driver_colin_kaminsky,Colin Kaminsky,57,false,false,18,18,0,61e7c0e8ca2682cb606c7604b26f433daf6d95c358be5879e2fdbc06135604fd
session_indy_nxt_2026_6757,4,86,driver_enzo_fittipaldi,Enzo Fittipaldi,67,false,false,6,6,0,61e7c0e8ca2682cb606c7604b26f433daf6d95c358be5879e2fdbc06135604fd
session_indy_nxt_2026_6757,4,86,driver_alexander_koreiba,Alexander Koreiba,75,false,false,11,11,0,61e7c0e8ca2682cb606c7604b26f433daf6d95c358be5879e2fdbc06135604fd
session_indy_nxt_2026_6757,4,86,driver_james_roe,James Roe,8,false,true,15,15,0,61e7c0e8ca2682cb606c7604b26f433daf6d95c358be5879e2fdbc06135604fd
session_indy_nxt_2026_6757,4,86,driver_bryce_aron,Bryce Aron,9,true,false,7,7,0,61e7c0e8ca2682cb606c7604b26f433daf6d95c358be5879e2fdbc06135604fd
session_indy_nxt_2026_6757,4,86,driver_jack_beeton,Jack Beeton,45,false,false,2,3,-1,61e7c0e8ca2682cb606c7604b26f433daf6d95c358be5879e2fdbc06135604fd
session_indy_nxt_2026_6757,4,86,driver_tymek_kucharczyk,Tymek Kucharczyk,71,false,false,8,10,-2,61e7c0e8ca2682cb606c7604b26f433daf6d95c358be5879e2fdbc06135604fd
session_indy_nxt_2026_6758,1,5,driver_seb_murray,Seb Murray,27,false,false,14,11,3,61e7c0e8ca2682cb606c7604b26f433daf6d95c358be5879e2fdbc06135604fd
session_indy_nxt_2026_6758,1,5,driver_enzo_fittipaldi,Enzo Fittipaldi,67,false,false,9,6,3,61e7c0e8ca2682cb606c7604b26f433daf6d95c358be5879e2fdbc06135604fd
session_indy_nxt_2026_6758,1,5,driver_alessandro_de_tullio,Alessandro de Tullio,14,false,false,10,8,2,61e7c0e8ca2682cb606c7604b26f433daf6d95c358be5879e2fdbc06135604fd
session_indy_nxt_2026_6758,1,5,driver_nicolas_stati,Nicolas Stati,15,false,false,18,16,2,61e7c0e8ca2682cb606c7604b26f433daf6d95c358be5879e2fdbc06135604fd
session_indy_nxt_2026_6758,1,5,driver_bart_harrison,Bart Harrison,17,false,false,16,14,2,61e7c0e8ca2682cb606c7604b26f433daf6d95c358be5879e2fdbc06135604fd
session_indy_nxt_2026_6758,1,5,driver_jack_beeton,Jack Beeton,45,false,false,12,10,2,61e7c0e8ca2682cb606c7604b26f433daf6d95c358be5879e2fdbc06135604fd
session_indy_nxt_2026_6758,1,5,driver_colin_kaminsky,Colin Kaminsky,57,false,false,17,15,2,61e7c0e8ca2682cb606c7604b26f433daf6d95c358be5879e2fdbc06135604fd
session_indy_nxt_2026_6758,1,5,driver_jm_correa,JM Correa,68,false,false,15,13,2,61e7c0e8ca2682cb606c7604b26f433daf6d95c358be5879e2fdbc06135604fd
session_indy_nxt_2026_6758,1,5,driver_alexander_koreiba,Alexander Koreiba,75,false,false,19,17,2,61e7c0e8ca2682cb606c7604b26f433daf6d95c358be5879e2fdbc06135604fd
session_indy_nxt_2026_6758,1,5,driver_james_roe,James Roe,8,false,true,20,18,2,61e7c0e8ca2682cb606c7604b26f433daf6d95c358be5879e2fdbc06135604fd
session_indy_nxt_2026_6758,1,5,driver_carson_etter,Carson Etter,11,false,true,21,20,1,61e7c0e8ca2682cb606c7604b26f433daf6d95c358be5879e2fdbc06135604fd
session_indy_nxt_2026_6758,1,5,driver_matteo_nannini,Matteo Nannini,20,false,false,6,5,1,61e7c0e8ca2682cb606c7604b26f433daf6d95c358be5879e2fdbc06135604fd
session_indy_nxt_2026_6758,1,5,driver_nikita_johnson,Nikita Johnson,21,false,false,3,2,1,61e7c0e8ca2682cb606c7604b26f433daf6d95c358be5879e2fdbc06135604fd
session_indy_nxt_2026_6758,1,5,driver_lochie_hughes,Lochie Hughes,26,false,false,4,3,1,61e7c0e8ca2682cb606c7604b26f433daf6d95c358be5879e2fdbc06135604fd
session_indy_nxt_2026_6758,1,5,driver_nicholas_monteiro,Nicholas Monteiro,4,false,false,22,21,1,61e7c0e8ca2682cb606c7604b26f433daf6d95c358be5879e2fdbc06135604fd
session_indy_nxt_2026_6758,1,5,driver_jacob_abel,Jacob Abel,48,false,false,5,4,1,61e7c0e8ca2682cb606c7604b26f433daf6d95c358be5879e2fdbc06135604fd
session_indy_nxt_2026_6758,1,5,driver_tymek_kucharczyk,Tymek Kucharczyk,71,false,false,1,1,0,61e7c0e8ca2682cb606c7604b26f433daf6d95c358be5879e2fdbc06135604fd
session_indy_nxt_2026_6758,1,5,driver_bryce_aron,Bryce Aron,9,true,false,7,7,0,61e7c0e8ca2682cb606c7604b26f433daf6d95c358be5879e2fdbc06135604fd
session_indy_nxt_2026_6758,1,5,driver_max_taylor,Max Taylor,28,false,false,11,12,-1,61e7c0e8ca2682cb606c7604b26f433daf6d95c358be5879e2fdbc06135604fd
session_indy_nxt_2026_6758,1,5,driver_myles_rowe,Myles Rowe,99,false,false,8,9,-1,61e7c0e8ca2682cb606c7604b26f433daf6d95c358be5879e2fdbc06135604fd
session_indy_nxt_2026_6758,1,5,driver_nolan_allaer,Nolan Allaer,76,false,false,13,19,-6,61e7c0e8ca2682cb606c7604b26f433daf6d95c358be5879e2fdbc06135604fd
session_indy_nxt_2026_6758,1,5,driver_max_garcia,Max Garcia,12,false,false,2,22,-20,61e7c0e8ca2682cb606c7604b26f433daf6d95c358be5879e2fdbc06135604fd
session_indy_nxt_2026_6759,1,15,driver_matteo_nannini,Matteo Nannini,20,false,false,12,11,1,61e7c0e8ca2682cb606c7604b26f433daf6d95c358be5879e2fdbc06135604fd
session_indy_nxt_2026_6759,1,15,driver_lochie_hughes,Lochie Hughes,26,false,false,19,18,1,61e7c0e8ca2682cb606c7604b26f433daf6d95c358be5879e2fdbc06135604fd
session_indy_nxt_2026_6759,1,15,driver_seb_murray,Seb Murray,27,false,false,11,10,1,61e7c0e8ca2682cb606c7604b26f433daf6d95c358be5879e2fdbc06135604fd
session_indy_nxt_2026_6759,1,15,driver_colin_kaminsky,Colin Kaminsky,57,false,false,13,12,1,61e7c0e8ca2682cb606c7604b26f433daf6d95c358be5879e2fdbc06135604fd
session_indy_nxt_2026_6759,1,15,driver_enzo_fittipaldi,Enzo Fittipaldi,67,false,false,8,7,1,61e7c0e8ca2682cb606c7604b26f433daf6d95c358be5879e2fdbc06135604fd
session_indy_nxt_2026_6759,1,15,driver_jm_correa,JM Correa,68,false,false,5,4,1,61e7c0e8ca2682cb606c7604b26f433daf6d95c358be5879e2fdbc06135604fd
session_indy_nxt_2026_6759,1,15,driver_tymek_kucharczyk,Tymek Kucharczyk,71,false,false,14,13,1,61e7c0e8ca2682cb606c7604b26f433daf6d95c358be5879e2fdbc06135604fd
session_indy_nxt_2026_6759,1,15,driver_carson_etter,Carson Etter,11,false,true,24,24,0,61e7c0e8ca2682cb606c7604b26f433daf6d95c358be5879e2fdbc06135604fd
session_indy_nxt_2026_6759,1,15,driver_max_garcia,Max Garcia,12,false,false,3,3,0,61e7c0e8ca2682cb606c7604b26f433daf6d95c358be5879e2fdbc06135604fd
session_indy_nxt_2026_6759,1,15,driver_nicolas_stati,Nicolas Stati,15,false,false,17,17,0,61e7c0e8ca2682cb606c7604b26f433daf6d95c358be5879e2fdbc06135604fd
session_indy_nxt_2026_6759,1,15,driver_bart_harrison,Bart Harrison,17,false,false,16,16,0,61e7c0e8ca2682cb606c7604b26f433daf6d95c358be5879e2fdbc06135604fd
session_indy_nxt_2026_6759,1,15,driver_nikita_johnson,Nikita Johnson,21,false,false,2,2,0,61e7c0e8ca2682cb606c7604b26f433daf6d95c358be5879e2fdbc06135604fd
session_indy_nxt_2026_6759,1,15,driver_josh_pierson,Josh Pierson,29,false,false,1,1,0,61e7c0e8ca2682cb606c7604b26f433daf6d95c358be5879e2fdbc06135604fd
session_indy_nxt_2026_6759,1,15,driver_nicholas_monteiro,Nicholas Monteiro,4,false,false,22,22,0,61e7c0e8ca2682cb606c7604b26f433daf6d95c358be5879e2fdbc06135604fd
session_indy_nxt_2026_6759,1,15,driver_jack_beeton,Jack Beeton,45,false,false,23,23,0,61e7c0e8ca2682cb606c7604b26f433daf6d95c358be5879e2fdbc06135604fd
session_indy_nxt_2026_6759,1,15,driver_jacob_abel,Jacob Abel,48,false,false,20,20,0,61e7c0e8ca2682cb606c7604b26f433daf6d95c358be5879e2fdbc06135604fd
session_indy_nxt_2026_6759,1,15,driver_alexander_koreiba,Alexander Koreiba,75,false,false,15,15,0,61e7c0e8ca2682cb606c7604b26f433daf6d95c358be5879e2fdbc06135604fd
session_indy_nxt_2026_6759,1,15,driver_nolan_allaer,Nolan Allaer,76,false,false,9,9,0,61e7c0e8ca2682cb606c7604b26f433daf6d95c358be5879e2fdbc06135604fd
session_indy_nxt_2026_6759,1,15,driver_bryce_aron,Bryce Aron,9,true,false,6,6,0,61e7c0e8ca2682cb606c7604b26f433daf6d95c358be5879e2fdbc06135604fd
session_indy_nxt_2026_6759,1,15,driver_myles_rowe,Myles Rowe,99,false,false,21,21,0,61e7c0e8ca2682cb606c7604b26f433daf6d95c358be5879e2fdbc06135604fd
session_indy_nxt_2026_6759,1,15,driver_niels_koolen,Niels Koolen,10,false,true,4,5,-1,61e7c0e8ca2682cb606c7604b26f433daf6d95c358be5879e2fdbc06135604fd
session_indy_nxt_2026_6759,1,15,driver_max_taylor,Max Taylor,28,false,false,7,8,-1,61e7c0e8ca2682cb606c7604b26f433daf6d95c358be5879e2fdbc06135604fd
session_indy_nxt_2026_6759,1,15,driver_james_roe,James Roe,8,false,true,18,19,-1,61e7c0e8ca2682cb606c7604b26f433daf6d95c358be5879e2fdbc06135604fd
session_indy_nxt_2026_6759,1,15,driver_alessandro_de_tullio,Alessandro de Tullio,14,false,false,10,14,-4,61e7c0e8ca2682cb606c7604b26f433daf6d95c358be5879e2fdbc06135604fd
session_indy_nxt_2026_6759,2,20,driver_nicolas_stati,Nicolas Stati,15,false,false,18,16,2,61e7c0e8ca2682cb606c7604b26f433daf6d95c358be5879e2fdbc06135604fd
session_indy_nxt_2026_6759,2,20,driver_bart_harrison,Bart Harrison,17,false,false,16,14,2,61e7c0e8ca2682cb606c7604b26f433daf6d95c358be5879e2fdbc06135604fd
session_indy_nxt_2026_6759,2,20,driver_lochie_hughes,Lochie Hughes,26,false,false,17,15,2,61e7c0e8ca2682cb606c7604b26f433daf6d95c358be5879e2fdbc06135604fd
session_indy_nxt_2026_6759,2,20,driver_jacob_abel,Jacob Abel,48,false,false,19,17,2,61e7c0e8ca2682cb606c7604b26f433daf6d95c358be5879e2fdbc06135604fd
session_indy_nxt_2026_6759,2,20,driver_james_roe,James Roe,8,false,true,20,18,2,61e7c0e8ca2682cb606c7604b26f433daf6d95c358be5879e2fdbc06135604fd
session_indy_nxt_2026_6759,2,20,driver_niels_koolen,Niels Koolen,10,false,true,5,5,0,61e7c0e8ca2682cb606c7604b26f433daf6d95c358be5879e2fdbc06135604fd
session_indy_nxt_2026_6759,2,20,driver_carson_etter,Carson Etter,11,false,true,22,22,0,61e7c0e8ca2682cb606c7604b26f433daf6d95c358be5879e2fdbc06135604fd
session_indy_nxt_2026_6759,2,20,driver_max_garcia,Max Garcia,12,false,false,3,3,0,61e7c0e8ca2682cb606c7604b26f433daf6d95c358be5879e2fdbc06135604fd
session_indy_nxt_2026_6759,2,20,driver_matteo_nannini,Matteo Nannini,20,false,false,10,10,0,61e7c0e8ca2682cb606c7604b26f433daf6d95c358be5879e2fdbc06135604fd
session_indy_nxt_2026_6759,2,20,driver_nikita_johnson,Nikita Johnson,21,false,false,2,2,0,61e7c0e8ca2682cb606c7604b26f433daf6d95c358be5879e2fdbc06135604fd
session_indy_nxt_2026_6759,2,20,driver_seb_murray,Seb Murray,27,false,false,12,12,0,61e7c0e8ca2682cb606c7604b26f433daf6d95c358be5879e2fdbc06135604fd
session_indy_nxt_2026_6759,2,20,driver_max_taylor,Max Taylor,28,false,false,9,9,0,61e7c0e8ca2682cb606c7604b26f433daf6d95c358be5879e2fdbc06135604fd
session_indy_nxt_2026_6759,2,20,driver_josh_pierson,Josh Pierson,29,false,false,1,1,0,61e7c0e8ca2682cb606c7604b26f433daf6d95c358be5879e2fdbc06135604fd
session_indy_nxt_2026_6759,2,20,driver_jack_beeton,Jack Beeton,45,false,false,21,21,0,61e7c0e8ca2682cb606c7604b26f433daf6d95c358be5879e2fdbc06135604fd
session_indy_nxt_2026_6759,2,20,driver_colin_kaminsky,Colin Kaminsky,57,false,false,13,13,0,61e7c0e8ca2682cb606c7604b26f433daf6d95c358be5879e2fdbc06135604fd
session_indy_nxt_2026_6759,2,20,driver_enzo_fittipaldi,Enzo Fittipaldi,67,false,false,7,7,0,61e7c0e8ca2682cb606c7604b26f433daf6d95c358be5879e2fdbc06135604fd
session_indy_nxt_2026_6759,2,20,driver_jm_correa,JM Correa,68,false,false,4,4,0,61e7c0e8ca2682cb606c7604b26f433daf6d95c358be5879e2fdbc06135604fd
session_indy_nxt_2026_6759,2,20,driver_tymek_kucharczyk,Tymek Kucharczyk,71,false,false,11,11,0,61e7c0e8ca2682cb606c7604b26f433daf6d95c358be5879e2fdbc06135604fd
session_indy_nxt_2026_6759,2,20,driver_nolan_allaer,Nolan Allaer,76,false,false,8,8,0,61e7c0e8ca2682cb606c7604b26f433daf6d95c358be5879e2fdbc06135604fd
session_indy_nxt_2026_6759,2,20,driver_bryce_aron,Bryce Aron,9,true,false,6,6,0,61e7c0e8ca2682cb606c7604b26f433daf6d95c358be5879e2fdbc06135604fd
session_indy_nxt_2026_6759,2,20,driver_alessandro_de_tullio,Alessandro de Tullio,14,false,false,14,19,-5,61e7c0e8ca2682cb606c7604b26f433daf6d95c358be5879e2fdbc06135604fd
session_indy_nxt_2026_6759,2,20,driver_alexander_koreiba,Alexander Koreiba,75,false,false,15,20,-5,61e7c0e8ca2682cb606c7604b26f433daf6d95c358be5879e2fdbc06135604fd
session_indy_nxt_2026_6759,3,27,driver_jacob_abel,Jacob Abel,48,false,false,15,13,2,61e7c0e8ca2682cb606c7604b26f433daf6d95c358be5879e2fdbc06135604fd
session_indy_nxt_2026_6759,3,27,driver_colin_kaminsky,Colin Kaminsky,57,false,false,18,16,2,61e7c0e8ca2682cb606c7604b26f433daf6d95c358be5879e2fdbc06135604fd
session_indy_nxt_2026_6759,3,27,driver_tymek_kucharczyk,Tymek Kucharczyk,71,false,false,11,10,1,61e7c0e8ca2682cb606c7604b26f433daf6d95c358be5879e2fdbc06135604fd
session_indy_nxt_2026_6759,3,27,driver_niels_koolen,Niels Koolen,10,false,true,5,5,0,61e7c0e8ca2682cb606c7604b26f433daf6d95c358be5879e2fdbc06135604fd
session_indy_nxt_2026_6759,3,27,driver_carson_etter,Carson Etter,11,false,true,20,20,0,61e7c0e8ca2682cb606c7604b26f433daf6d95c358be5879e2fdbc06135604fd
session_indy_nxt_2026_6759,3,27,driver_max_garcia,Max Garcia,12,false,false,3,3,0,61e7c0e8ca2682cb606c7604b26f433daf6d95c358be5879e2fdbc06135604fd
session_indy_nxt_2026_6759,3,27,driver_bart_harrison,Bart Harrison,17,false,false,12,12,0,61e7c0e8ca2682cb606c7604b26f433daf6d95c358be5879e2fdbc06135604fd
session_indy_nxt_2026_6759,3,27,driver_nikita_johnson,Nikita Johnson,21,false,false,2,2,0,61e7c0e8ca2682cb606c7604b26f433daf6d95c358be5879e2fdbc06135604fd
session_indy_nxt_2026_6759,3,27,driver_max_taylor,Max Taylor,28,false,false,8,8,0,61e7c0e8ca2682cb606c7604b26f433daf6d95c358be5879e2fdbc06135604fd
session_indy_nxt_2026_6759,3,27,driver_josh_pierson,Josh Pierson,29,false,false,1,1,0,61e7c0e8ca2682cb606c7604b26f433daf6d95c358be5879e2fdbc06135604fd
session_indy_nxt_2026_6759,3,27,driver_jack_beeton,Jack Beeton,45,false,false,19,19,0,61e7c0e8ca2682cb606c7604b26f433daf6d95c358be5879e2fdbc06135604fd
session_indy_nxt_2026_6759,3,27,driver_enzo_fittipaldi,Enzo Fittipaldi,67,false,false,7,7,0,61e7c0e8ca2682cb606c7604b26f433daf6d95c358be5879e2fdbc06135604fd
session_indy_nxt_2026_6759,3,27,driver_jm_correa,JM Correa,68,false,false,4,4,0,61e7c0e8ca2682cb606c7604b26f433daf6d95c358be5879e2fdbc06135604fd
session_indy_nxt_2026_6759,3,27,driver_alexander_koreiba,Alexander Koreiba,75,false,false,17,17,0,61e7c0e8ca2682cb606c7604b26f433daf6d95c358be5879e2fdbc06135604fd
session_indy_nxt_2026_6759,3,27,driver_nolan_allaer,Nolan Allaer,76,false,false,9,9,0,61e7c0e8ca2682cb606c7604b26f433daf6d95c358be5879e2fdbc06135604fd
session_indy_nxt_2026_6759,3,27,driver_james_roe,James Roe,8,false,true,21,21,0,61e7c0e8ca2682cb606c7604b26f433daf6d95c358be5879e2fdbc06135604fd
session_indy_nxt_2026_6759,3,27,driver_bryce_aron,Bryce Aron,9,true,false,6,6,0,61e7c0e8ca2682cb606c7604b26f433daf6d95c358be5879e2fdbc06135604fd
session_indy_nxt_2026_6759,3,27,driver_nicolas_stati,Nicolas Stati,15,false,false,14,15,-1,61e7c0e8ca2682cb606c7604b26f433daf6d95c358be5879e2fdbc06135604fd
session_indy_nxt_2026_6759,3,27,driver_matteo_nannini,Matteo Nannini,20,false,false,10,11,-1,61e7c0e8ca2682cb606c7604b26f433daf6d95c358be5879e2fdbc06135604fd
session_indy_nxt_2026_6759,3,27,driver_lochie_hughes,Lochie Hughes,26,false,false,13,14,-1,61e7c0e8ca2682cb606c7604b26f433daf6d95c358be5879e2fdbc06135604fd
session_indy_nxt_2026_6759,3,27,driver_alessandro_de_tullio,Alessandro de Tullio,14,false,false,16,18,-2,61e7c0e8ca2682cb606c7604b26f433daf6d95c358be5879e2fdbc06135604fd
session_indy_nxt_2026_6761,1,7,driver_max_taylor,Max Taylor,28,false,false,21,19,2,61e7c0e8ca2682cb606c7604b26f433daf6d95c358be5879e2fdbc06135604fd
session_indy_nxt_2026_6761,1,7,driver_tymek_kucharczyk,Tymek Kucharczyk,71,false,false,4,2,2,61e7c0e8ca2682cb606c7604b26f433daf6d95c358be5879e2fdbc06135604fd
session_indy_nxt_2026_6761,1,7,driver_josh_pierson,Josh Pierson,29,false,false,8,7,1,61e7c0e8ca2682cb606c7604b26f433daf6d95c358be5879e2fdbc06135604fd
session_indy_nxt_2026_6761,1,7,driver_myles_rowe,Myles Rowe,99,false,false,17,16,1,61e7c0e8ca2682cb606c7604b26f433daf6d95c358be5879e2fdbc06135604fd
session_indy_nxt_2026_6761,1,7,driver_niels_koolen,Niels Koolen,10,false,true,12,12,0,61e7c0e8ca2682cb606c7604b26f433daf6d95c358be5879e2fdbc06135604fd
session_indy_nxt_2026_6761,1,7,driver_carson_etter,Carson Etter,11,false,true,22,22,0,61e7c0e8ca2682cb606c7604b26f433daf6d95c358be5879e2fdbc06135604fd
session_indy_nxt_2026_6761,1,7,driver_max_garcia,Max Garcia,12,false,false,9,9,0,61e7c0e8ca2682cb606c7604b26f433daf6d95c358be5879e2fdbc06135604fd
session_indy_nxt_2026_6761,1,7,driver_alessandro_de_tullio,Alessandro de Tullio,14,false,false,6,6,0,61e7c0e8ca2682cb606c7604b26f433daf6d95c358be5879e2fdbc06135604fd
session_indy_nxt_2026_6761,1,7,driver_nicolas_stati,Nicolas Stati,15,false,false,24,24,0,61e7c0e8ca2682cb606c7604b26f433daf6d95c358be5879e2fdbc06135604fd
session_indy_nxt_2026_6761,1,7,driver_lochie_hughes,Lochie Hughes,26,false,false,5,5,0,61e7c0e8ca2682cb606c7604b26f433daf6d95c358be5879e2fdbc06135604fd
session_indy_nxt_2026_6761,1,7,driver_seb_murray,Seb Murray,27,false,false,13,13,0,61e7c0e8ca2682cb606c7604b26f433daf6d95c358be5879e2fdbc06135604fd
session_indy_nxt_2026_6761,1,7,driver_jordan_missig,Jordan Missig,48,false,false,14,14,0,61e7c0e8ca2682cb606c7604b26f433daf6d95c358be5879e2fdbc06135604fd
session_indy_nxt_2026_6761,1,7,driver_colin_kaminsky,Colin Kaminsky,57,false,false,23,23,0,61e7c0e8ca2682cb606c7604b26f433daf6d95c358be5879e2fdbc06135604fd
session_indy_nxt_2026_6761,1,7,driver_enzo_fittipaldi,Enzo Fittipaldi,67,false,false,1,1,0,61e7c0e8ca2682cb606c7604b26f433daf6d95c358be5879e2fdbc06135604fd
session_indy_nxt_2026_6761,1,7,driver_jm_correa,JM Correa,68,false,false,10,10,0,61e7c0e8ca2682cb606c7604b26f433daf6d95c358be5879e2fdbc06135604fd
session_indy_nxt_2026_6761,1,7,driver_nolan_allaer,Nolan Allaer,76,false,false,11,11,0,61e7c0e8ca2682cb606c7604b26f433daf6d95c358be5879e2fdbc06135604fd
session_indy_nxt_2026_6761,1,7,driver_james_roe,James Roe,8,false,true,18,18,0,61e7c0e8ca2682cb606c7604b26f433daf6d95c358be5879e2fdbc06135604fd
session_indy_nxt_2026_6761,1,7,driver_bryce_aron,Bryce Aron,9,true,false,15,15,0,61e7c0e8ca2682cb606c7604b26f433daf6d95c358be5879e2fdbc06135604fd
session_indy_nxt_2026_6761,1,7,driver_salvador_de_alba,Salvador de Alba,17,false,false,3,4,-1,61e7c0e8ca2682cb606c7604b26f433daf6d95c358be5879e2fdbc06135604fd
session_indy_nxt_2026_6761,1,7,driver_matteo_nannini,Matteo Nannini,20,false,false,16,17,-1,61e7c0e8ca2682cb606c7604b26f433daf6d95c358be5879e2fdbc06135604fd
session_indy_nxt_2026_6761,1,7,driver_nikita_johnson,Nikita Johnson,21,false,false,7,8,-1,61e7c0e8ca2682cb606c7604b26f433daf6d95c358be5879e2fdbc06135604fd
session_indy_nxt_2026_6761,1,7,driver_nicholas_monteiro,Nicholas Monteiro,4,false,false,20,21,-1,61e7c0e8ca2682cb606c7604b26f433daf6d95c358be5879e2fdbc06135604fd
session_indy_nxt_2026_6761,1,7,driver_jack_beeton,Jack Beeton,45,false,false,2,3,-1,61e7c0e8ca2682cb606c7604b26f433daf6d95c358be5879e2fdbc06135604fd
session_indy_nxt_2026_6761,1,7,driver_alexander_koreiba,Alexander Koreiba,75,false,false,19,20,-1,61e7c0e8ca2682cb606c7604b26f433daf6d95c358be5879e2fdbc06135604fd
session_indy_nxt_2026_6761,2,14,driver_nikita_johnson,Nikita Johnson,21,false,false,8,7,1,61e7c0e8ca2682cb606c7604b26f433daf6d95c358be5879e2fdbc06135604fd
session_indy_nxt_2026_6761,2,14,driver_jordan_missig,Jordan Missig,48,false,false,12,11,1,61e7c0e8ca2682cb606c7604b26f433daf6d95c358be5879e2fdbc06135604fd
session_indy_nxt_2026_6761,2,14,driver_carson_etter,Carson Etter,11,false,true,22,22,0,61e7c0e8ca2682cb606c7604b26f433daf6d95c358be5879e2fdbc06135604fd
session_indy_nxt_2026_6761,2,14,driver_max_garcia,Max Garcia,12,false,false,9,9,0,61e7c0e8ca2682cb606c7604b26f433daf6d95c358be5879e2fdbc06135604fd
session_indy_nxt_2026_6761,2,14,driver_alessandro_de_tullio,Alessandro de Tullio,14,false,false,6,6,0,61e7c0e8ca2682cb606c7604b26f433daf6d95c358be5879e2fdbc06135604fd
session_indy_nxt_2026_6761,2,14,driver_nicolas_stati,Nicolas Stati,15,false,false,23,23,0,61e7c0e8ca2682cb606c7604b26f433daf6d95c358be5879e2fdbc06135604fd
session_indy_nxt_2026_6761,2,14,driver_salvador_de_alba,Salvador de Alba,17,false,false,4,4,0,61e7c0e8ca2682cb606c7604b26f433daf6d95c358be5879e2fdbc06135604fd
session_indy_nxt_2026_6761,2,14,driver_matteo_nannini,Matteo Nannini,20,false,false,16,16,0,61e7c0e8ca2682cb606c7604b26f433daf6d95c358be5879e2fdbc06135604fd
session_indy_nxt_2026_6761,2,14,driver_lochie_hughes,Lochie Hughes,26,false,false,5,5,0,61e7c0e8ca2682cb606c7604b26f433daf6d95c358be5879e2fdbc06135604fd
session_indy_nxt_2026_6761,2,14,driver_seb_murray,Seb Murray,27,false,false,13,13,0,61e7c0e8ca2682cb606c7604b26f433daf6d95c358be5879e2fdbc06135604fd
session_indy_nxt_2026_6761,2,14,driver_max_taylor,Max Taylor,28,false,false,15,15,0,61e7c0e8ca2682cb606c7604b26f433daf6d95c358be5879e2fdbc06135604fd
session_indy_nxt_2026_6761,2,14,driver_nicholas_monteiro,Nicholas Monteiro,4,false,false,19,19,0,61e7c0e8ca2682cb606c7604b26f433daf6d95c358be5879e2fdbc06135604fd
session_indy_nxt_2026_6761,2,14,driver_jack_beeton,Jack Beeton,45,false,false,3,3,0,61e7c0e8ca2682cb606c7604b26f433daf6d95c358be5879e2fdbc06135604fd
session_indy_nxt_2026_6761,2,14,driver_colin_kaminsky,Colin Kaminsky,57,false,false,21,21,0,61e7c0e8ca2682cb606c7604b26f433daf6d95c358be5879e2fdbc06135604fd
session_indy_nxt_2026_6761,2,14,driver_enzo_fittipaldi,Enzo Fittipaldi,67,false,false,1,1,0,61e7c0e8ca2682cb606c7604b26f433daf6d95c358be5879e2fdbc06135604fd
session_indy_nxt_2026_6761,2,14,driver_jm_correa,JM Correa,68,false,false,10,10,0,61e7c0e8ca2682cb606c7604b26f433daf6d95c358be5879e2fdbc06135604fd
session_indy_nxt_2026_6761,2,14,driver_tymek_kucharczyk,Tymek Kucharczyk,71,false,false,2,2,0,61e7c0e8ca2682cb606c7604b26f433daf6d95c358be5879e2fdbc06135604fd
session_indy_nxt_2026_6761,2,14,driver_alexander_koreiba,Alexander Koreiba,75,false,false,20,20,0,61e7c0e8ca2682cb606c7604b26f433daf6d95c358be5879e2fdbc06135604fd
session_indy_nxt_2026_6761,2,14,driver_james_roe,James Roe,8,false,true,18,18,0,61e7c0e8ca2682cb606c7604b26f433daf6d95c358be5879e2fdbc06135604fd
session_indy_nxt_2026_6761,2,14,driver_bryce_aron,Bryce Aron,9,true,false,17,17,0,61e7c0e8ca2682cb606c7604b26f433daf6d95c358be5879e2fdbc06135604fd
session_indy_nxt_2026_6761,2,14,driver_myles_rowe,Myles Rowe,99,false,false,14,14,0,61e7c0e8ca2682cb606c7604b26f433daf6d95c358be5879e2fdbc06135604fd
session_indy_nxt_2026_6761,2,14,driver_niels_koolen,Niels Koolen,10,false,true,11,12,-1,61e7c0e8ca2682cb606c7604b26f433daf6d95c358be5879e2fdbc06135604fd
session_indy_nxt_2026_6761,2,14,driver_josh_pierson,Josh Pierson,29,false,false,7,8,-1,61e7c0e8ca2682cb606c7604b26f433daf6d95c358be5879e2fdbc06135604fd
session_indy_nxt_2026_6761,3,24,driver_max_taylor,Max Taylor,28,false,false,13,12,1,61e7c0e8ca2682cb606c7604b26f433daf6d95c358be5879e2fdbc06135604fd
session_indy_nxt_2026_6761,3,24,driver_alexander_koreiba,Alexander Koreiba,75,false,false,20,19,1,61e7c0e8ca2682cb606c7604b26f433daf6d95c358be5879e2fdbc06135604fd
session_indy_nxt_2026_6761,3,24,driver_myles_rowe,Myles Rowe,99,false,false,12,11,1,61e7c0e8ca2682cb606c7604b26f433daf6d95c358be5879e2fdbc06135604fd
session_indy_nxt_2026_6761,3,24,driver_max_garcia,Max Garcia,12,false,false,8,8,0,61e7c0e8ca2682cb606c7604b26f433daf6d95c358be5879e2fdbc06135604fd
session_indy_nxt_2026_6761,3,24,driver_alessandro_de_tullio,Alessandro de Tullio,14,false,false,6,6,0,61e7c0e8ca2682cb606c7604b26f433daf6d95c358be5879e2fdbc06135604fd
session_indy_nxt_2026_6761,3,24,driver_nicolas_stati,Nicolas Stati,15,false,false,23,23,0,61e7c0e8ca2682cb606c7604b26f433daf6d95c358be5879e2fdbc06135604fd
session_indy_nxt_2026_6761,3,24,driver_salvador_de_alba,Salvador de Alba,17,false,false,4,4,0,61e7c0e8ca2682cb606c7604b26f433daf6d95c358be5879e2fdbc06135604fd
session_indy_nxt_2026_6761,3,24,driver_matteo_nannini,Matteo Nannini,20,false,false,14,14,0,61e7c0e8ca2682cb606c7604b26f433daf6d95c358be5879e2fdbc06135604fd
session_indy_nxt_2026_6761,3,24,driver_nikita_johnson,Nikita Johnson,21,false,false,7,7,0,61e7c0e8ca2682cb606c7604b26f433daf6d95c358be5879e2fdbc06135604fd
session_indy_nxt_2026_6761,3,24,driver_lochie_hughes,Lochie Hughes,26,false,false,5,5,0,61e7c0e8ca2682cb606c7604b26f433daf6d95c358be5879e2fdbc06135604fd
session_indy_nxt_2026_6761,3,24,driver_seb_murray,Seb Murray,27,false,false,15,15,0,61e7c0e8ca2682cb606c7604b26f433daf6d95c358be5879e2fdbc06135604fd
session_indy_nxt_2026_6761,3,24,driver_josh_pierson,Josh Pierson,29,false,false,9,9,0,61e7c0e8ca2682cb606c7604b26f433daf6d95c358be5879e2fdbc06135604fd
session_indy_nxt_2026_6761,3,24,driver_nicholas_monteiro,Nicholas Monteiro,4,false,false,17,17,0,61e7c0e8ca2682cb606c7604b26f433daf6d95c358be5879e2fdbc06135604fd
session_indy_nxt_2026_6761,3,24,driver_jack_beeton,Jack Beeton,45,false,false,3,3,0,61e7c0e8ca2682cb606c7604b26f433daf6d95c358be5879e2fdbc06135604fd
session_indy_nxt_2026_6761,3,24,driver_jordan_missig,Jordan Missig,48,false,false,10,10,0,61e7c0e8ca2682cb606c7604b26f433daf6d95c358be5879e2fdbc06135604fd
session_indy_nxt_2026_6761,3,24,driver_colin_kaminsky,Colin Kaminsky,57,false,false,18,18,0,61e7c0e8ca2682cb606c7604b26f433daf6d95c358be5879e2fdbc06135604fd
session_indy_nxt_2026_6761,3,24,driver_enzo_fittipaldi,Enzo Fittipaldi,67,false,false,1,1,0,61e7c0e8ca2682cb606c7604b26f433daf6d95c358be5879e2fdbc06135604fd
session_indy_nxt_2026_6761,3,24,driver_jm_correa,JM Correa,68,false,false,22,22,0,61e7c0e8ca2682cb606c7604b26f433daf6d95c358be5879e2fdbc06135604fd
session_indy_nxt_2026_6761,3,24,driver_tymek_kucharczyk,Tymek Kucharczyk,71,false,false,2,2,0,61e7c0e8ca2682cb606c7604b26f433daf6d95c358be5879e2fdbc06135604fd
session_indy_nxt_2026_6761,3,24,driver_james_roe,James Roe,8,false,true,21,21,0,61e7c0e8ca2682cb606c7604b26f433daf6d95c358be5879e2fdbc06135604fd
session_indy_nxt_2026_6761,3,24,driver_bryce_aron,Bryce Aron,9,true,false,16,16,0,61e7c0e8ca2682cb606c7604b26f433daf6d95c358be5879e2fdbc06135604fd
session_indy_nxt_2026_6761,3,24,driver_carson_etter,Carson Etter,11,false,true,19,20,-1,61e7c0e8ca2682cb606c7604b26f433daf6d95c358be5879e2fdbc06135604fd
session_indy_nxt_2026_6761,3,24,driver_niels_koolen,Niels Koolen,10,false,true,11,13,-2,61e7c0e8ca2682cb606c7604b26f433daf6d95c358be5879e2fdbc06135604fd
session_indy_nxt_2026_6762,1,4,driver_niels_koolen,Niels Koolen,10,false,true,21,20,1,61e7c0e8ca2682cb606c7604b26f433daf6d95c358be5879e2fdbc06135604fd
session_indy_nxt_2026_6762,1,4,driver_jack_beeton,Jack Beeton,45,false,false,5,4,1,61e7c0e8ca2682cb606c7604b26f433daf6d95c358be5879e2fdbc06135604fd
session_indy_nxt_2026_6762,1,4,driver_max_garcia,Max Garcia,12,false,false,9,9,0,61e7c0e8ca2682cb606c7604b26f433daf6d95c358be5879e2fdbc06135604fd
session_indy_nxt_2026_6762,1,4,driver_alessandro_de_tullio,Alessandro de Tullio,14,false,false,1,1,0,61e7c0e8ca2682cb606c7604b26f433daf6d95c358be5879e2fdbc06135604fd
session_indy_nxt_2026_6762,1,4,driver_nicolas_stati,Nicolas Stati,15,false,false,22,22,0,61e7c0e8ca2682cb606c7604b26f433daf6d95c358be5879e2fdbc06135604fd
session_indy_nxt_2026_6762,1,4,driver_salvador_de_alba,Salvador de Alba,17,false,false,19,19,0,61e7c0e8ca2682cb606c7604b26f433daf6d95c358be5879e2fdbc06135604fd
session_indy_nxt_2026_6762,1,4,driver_matteo_nannini,Matteo Nannini,20,false,false,3,3,0,61e7c0e8ca2682cb606c7604b26f433daf6d95c358be5879e2fdbc06135604fd
session_indy_nxt_2026_6762,1,4,driver_lochie_hughes,Lochie Hughes,26,false,false,2,2,0,61e7c0e8ca2682cb606c7604b26f433daf6d95c358be5879e2fdbc06135604fd
session_indy_nxt_2026_6762,1,4,driver_seb_murray,Seb Murray,27,false,false,12,12,0,61e7c0e8ca2682cb606c7604b26f433daf6d95c358be5879e2fdbc06135604fd
session_indy_nxt_2026_6762,1,4,driver_max_taylor,Max Taylor,28,false,false,10,10,0,61e7c0e8ca2682cb606c7604b26f433daf6d95c358be5879e2fdbc06135604fd
session_indy_nxt_2026_6762,1,4,driver_josh_pierson,Josh Pierson,29,false,false,6,6,0,61e7c0e8ca2682cb606c7604b26f433daf6d95c358be5879e2fdbc06135604fd
session_indy_nxt_2026_6762,1,4,driver_nicholas_monteiro,Nicholas Monteiro,4,false,false,18,18,0,61e7c0e8ca2682cb606c7604b26f433daf6d95c358be5879e2fdbc06135604fd
session_indy_nxt_2026_6762,1,4,driver_colin_kaminsky,Colin Kaminsky,57,false,false,13,13,0,61e7c0e8ca2682cb606c7604b26f433daf6d95c358be5879e2fdbc06135604fd
session_indy_nxt_2026_6762,1,4,driver_enzo_fittipaldi,Enzo Fittipaldi,67,false,false,23,23,0,61e7c0e8ca2682cb606c7604b26f433daf6d95c358be5879e2fdbc06135604fd
session_indy_nxt_2026_6762,1,4,driver_jm_correa,JM Correa,68,false,false,7,7,0,61e7c0e8ca2682cb606c7604b26f433daf6d95c358be5879e2fdbc06135604fd
session_indy_nxt_2026_6762,1,4,driver_tymek_kucharczyk,Tymek Kucharczyk,71,false,false,11,11,0,61e7c0e8ca2682cb606c7604b26f433daf6d95c358be5879e2fdbc06135604fd
session_indy_nxt_2026_6762,1,4,driver_alexander_koreiba,Alexander Koreiba,75,false,false,17,17,0,61e7c0e8ca2682cb606c7604b26f433daf6d95c358be5879e2fdbc06135604fd
session_indy_nxt_2026_6762,1,4,driver_ricardo_escotto,Ricardo Escotto,76,false,false,14,14,0,61e7c0e8ca2682cb606c7604b26f433daf6d95c358be5879e2fdbc06135604fd
session_indy_nxt_2026_6762,1,4,driver_james_roe,James Roe,8,false,true,15,15,0,61e7c0e8ca2682cb606c7604b26f433daf6d95c358be5879e2fdbc06135604fd
session_indy_nxt_2026_6762,1,4,driver_bryce_aron,Bryce Aron,9,true,false,16,16,0,61e7c0e8ca2682cb606c7604b26f433daf6d95c358be5879e2fdbc06135604fd
session_indy_nxt_2026_6762,1,4,driver_myles_rowe,Myles Rowe,99,false,false,8,8,0,61e7c0e8ca2682cb606c7604b26f433daf6d95c358be5879e2fdbc06135604fd
session_indy_nxt_2026_6762,1,4,driver_carson_etter,Carson Etter,11,false,true,20,21,-1,61e7c0e8ca2682cb606c7604b26f433daf6d95c358be5879e2fdbc06135604fd
session_indy_nxt_2026_6762,1,4,driver_nikita_johnson,Nikita Johnson,21,false,false,4,5,-1,61e7c0e8ca2682cb606c7604b26f433daf6d95c358be5879e2fdbc06135604fd
session_indy_nxt_2026_6762,2,8,driver_niels_koolen,Niels Koolen,10,false,true,17,17,0,61e7c0e8ca2682cb606c7604b26f433daf6d95c358be5879e2fdbc06135604fd
session_indy_nxt_2026_6762,2,8,driver_carson_etter,Carson Etter,11,false,true,19,19,0,61e7c0e8ca2682cb606c7604b26f433daf6d95c358be5879e2fdbc06135604fd
session_indy_nxt_2026_6762,2,8,driver_max_garcia,Max Garcia,12,false,false,10,10,0,61e7c0e8ca2682cb606c7604b26f433daf6d95c358be5879e2fdbc06135604fd
session_indy_nxt_2026_6762,2,8,driver_alessandro_de_tullio,Alessandro de Tullio,14,false,false,1,1,0,61e7c0e8ca2682cb606c7604b26f433daf6d95c358be5879e2fdbc06135604fd
session_indy_nxt_2026_6762,2,8,driver_nicolas_stati,Nicolas Stati,15,false,false,20,20,0,61e7c0e8ca2682cb606c7604b26f433daf6d95c358be5879e2fdbc06135604fd
session_indy_nxt_2026_6762,2,8,driver_salvador_de_alba,Salvador de Alba,17,false,false,18,18,0,61e7c0e8ca2682cb606c7604b26f433daf6d95c358be5879e2fdbc06135604fd
session_indy_nxt_2026_6762,2,8,driver_matteo_nannini,Matteo Nannini,20,false,false,3,3,0,61e7c0e8ca2682cb606c7604b26f433daf6d95c358be5879e2fdbc06135604fd
session_indy_nxt_2026_6762,2,8,driver_nikita_johnson,Nikita Johnson,21,false,false,7,7,0,61e7c0e8ca2682cb606c7604b26f433daf6d95c358be5879e2fdbc06135604fd
session_indy_nxt_2026_6762,2,8,driver_lochie_hughes,Lochie Hughes,26,false,false,2,2,0,61e7c0e8ca2682cb606c7604b26f433daf6d95c358be5879e2fdbc06135604fd
session_indy_nxt_2026_6762,2,8,driver_seb_murray,Seb Murray,27,false,false,12,12,0,61e7c0e8ca2682cb606c7604b26f433daf6d95c358be5879e2fdbc06135604fd
session_indy_nxt_2026_6762,2,8,driver_max_taylor,Max Taylor,28,false,false,9,9,0,61e7c0e8ca2682cb606c7604b26f433daf6d95c358be5879e2fdbc06135604fd
session_indy_nxt_2026_6762,2,8,driver_josh_pierson,Josh Pierson,29,false,false,4,4,0,61e7c0e8ca2682cb606c7604b26f433daf6d95c358be5879e2fdbc06135604fd
session_indy_nxt_2026_6762,2,8,driver_nicholas_monteiro,Nicholas Monteiro,4,false,false,21,21,0,61e7c0e8ca2682cb606c7604b26f433daf6d95c358be5879e2fdbc06135604fd
session_indy_nxt_2026_6762,2,8,driver_jack_beeton,Jack Beeton,45,false,false,5,5,0,61e7c0e8ca2682cb606c7604b26f433daf6d95c358be5879e2fdbc06135604fd
session_indy_nxt_2026_6762,2,8,driver_colin_kaminsky,Colin Kaminsky,57,false,false,14,14,0,61e7c0e8ca2682cb606c7604b26f433daf6d95c358be5879e2fdbc06135604fd
session_indy_nxt_2026_6762,2,8,driver_enzo_fittipaldi,Enzo Fittipaldi,67,false,false,22,22,0,61e7c0e8ca2682cb606c7604b26f433daf6d95c358be5879e2fdbc06135604fd
session_indy_nxt_2026_6762,2,8,driver_jm_correa,JM Correa,68,false,false,6,6,0,61e7c0e8ca2682cb606c7604b26f433daf6d95c358be5879e2fdbc06135604fd
session_indy_nxt_2026_6762,2,8,driver_tymek_kucharczyk,Tymek Kucharczyk,71,false,false,11,11,0,61e7c0e8ca2682cb606c7604b26f433daf6d95c358be5879e2fdbc06135604fd
session_indy_nxt_2026_6762,2,8,driver_ricardo_escotto,Ricardo Escotto,76,false,false,13,13,0,61e7c0e8ca2682cb606c7604b26f433daf6d95c358be5879e2fdbc06135604fd
session_indy_nxt_2026_6762,2,8,driver_james_roe,James Roe,8,false,true,15,15,0,61e7c0e8ca2682cb606c7604b26f433daf6d95c358be5879e2fdbc06135604fd
session_indy_nxt_2026_6762,2,8,driver_bryce_aron,Bryce Aron,9,true,false,16,16,0,61e7c0e8ca2682cb606c7604b26f433daf6d95c358be5879e2fdbc06135604fd
session_indy_nxt_2026_6762,2,8,driver_myles_rowe,Myles Rowe,99,false,false,8,8,0,61e7c0e8ca2682cb606c7604b26f433daf6d95c358be5879e2fdbc06135604fd
session_indy_nxt_2026_6762,3,11,driver_max_taylor,Max Taylor,28,false,false,20,16,4,61e7c0e8ca2682cb606c7604b26f433daf6d95c358be5879e2fdbc06135604fd
session_indy_nxt_2026_6762,3,11,driver_tymek_kucharczyk,Tymek Kucharczyk,71,false,false,10,8,2,61e7c0e8ca2682cb606c7604b26f433daf6d95c358be5879e2fdbc06135604fd
session_indy_nxt_2026_6762,3,11,driver_niels_koolen,Niels Koolen,10,false,true,13,12,1,61e7c0e8ca2682cb606c7604b26f433daf6d95c358be5879e2fdbc06135604fd
session_indy_nxt_2026_6762,3,11,driver_nikita_johnson,Nikita Johnson,21,false,false,7,6,1,61e7c0e8ca2682cb606c7604b26f433daf6d95c358be5879e2fdbc06135604fd
session_indy_nxt_2026_6762,3,11,driver_josh_pierson,Josh Pierson,29,false,false,4,3,1,61e7c0e8ca2682cb606c7604b26f433daf6d95c358be5879e2fdbc06135604fd
session_indy_nxt_2026_6762,3,11,driver_ricardo_escotto,Ricardo Escotto,76,false,false,11,10,1,61e7c0e8ca2682cb606c7604b26f433daf6d95c358be5879e2fdbc06135604fd
session_indy_nxt_2026_6762,3,11,driver_alessandro_de_tullio,Alessandro de Tullio,14,false,false,2,2,0,61e7c0e8ca2682cb606c7604b26f433daf6d95c358be5879e2fdbc06135604fd
session_indy_nxt_2026_6762,3,11,driver_salvador_de_alba,Salvador de Alba,17,false,false,15,15,0,61e7c0e8ca2682cb606c7604b26f433daf6d95c358be5879e2fdbc06135604fd
session_indy_nxt_2026_6762,3,11,driver_lochie_hughes,Lochie Hughes,26,false,false,1,1,0,61e7c0e8ca2682cb606c7604b26f433daf6d95c358be5879e2fdbc06135604fd
session_indy_nxt_2026_6762,3,11,driver_jack_beeton,Jack Beeton,45,false,false,5,5,0,61e7c0e8ca2682cb606c7604b26f433daf6d95c358be5879e2fdbc06135604fd
session_indy_nxt_2026_6762,3,11,driver_colin_kaminsky,Colin Kaminsky,57,false,false,19,19,0,61e7c0e8ca2682cb606c7604b26f433daf6d95c358be5879e2fdbc06135604fd
session_indy_nxt_2026_6762,3,11,driver_james_roe,James Roe,8,false,true,14,14,0,61e7c0e8ca2682cb606c7604b26f433daf6d95c358be5879e2fdbc06135604fd
session_indy_nxt_2026_6762,3,11,driver_bryce_aron,Bryce Aron,9,true,false,21,21,0,61e7c0e8ca2682cb606c7604b26f433daf6d95c358be5879e2fdbc06135604fd
session_indy_nxt_2026_6762,3,11,driver_carson_etter,Carson Etter,11,false,true,17,18,-1,61e7c0e8ca2682cb606c7604b26f433daf6d95c358be5879e2fdbc06135604fd
session_indy_nxt_2026_6762,3,11,driver_nicolas_stati,Nicolas Stati,15,false,false,16,17,-1,61e7c0e8ca2682cb606c7604b26f433daf6d95c358be5879e2fdbc06135604fd
session_indy_nxt_2026_6762,3,11,driver_matteo_nannini,Matteo Nannini,20,false,false,3,4,-1,61e7c0e8ca2682cb606c7604b26f433daf6d95c358be5879e2fdbc06135604fd
session_indy_nxt_2026_6762,3,11,driver_seb_murray,Seb Murray,27,false,false,12,13,-1,61e7c0e8ca2682cb606c7604b26f433daf6d95c358be5879e2fdbc06135604fd
session_indy_nxt_2026_6762,3,11,driver_jm_correa,JM Correa,68,false,false,6,7,-1,61e7c0e8ca2682cb606c7604b26f433daf6d95c358be5879e2fdbc06135604fd
session_indy_nxt_2026_6762,3,11,driver_myles_rowe,Myles Rowe,99,false,false,8,9,-1,61e7c0e8ca2682cb606c7604b26f433daf6d95c358be5879e2fdbc06135604fd
session_indy_nxt_2026_6762,3,11,driver_max_garcia,Max Garcia,12,false,false,9,11,-2,61e7c0e8ca2682cb606c7604b26f433daf6d95c358be5879e2fdbc06135604fd
session_indy_nxt_2026_6762,3,11,driver_nicholas_monteiro,Nicholas Monteiro,4,false,false,18,20,-2,61e7c0e8ca2682cb606c7604b26f433daf6d95c358be5879e2fdbc06135604fd
session_indy_nxt_2026_6763,1,12,driver_niels_koolen,Niels Koolen,10,false,true,10,9,1,61e7c0e8ca2682cb606c7604b26f433daf6d95c358be5879e2fdbc06135604fd
session_indy_nxt_2026_6763,1,12,driver_salvador_de_alba,Salvador de Alba,17,false,false,8,7,1,61e7c0e8ca2682cb606c7604b26f433daf6d95c358be5879e2fdbc06135604fd
session_indy_nxt_2026_6763,1,12,driver_max_taylor,Max Taylor,28,false,false,4,3,1,61e7c0e8ca2682cb606c7604b26f433daf6d95c358be5879e2fdbc06135604fd
session_indy_nxt_2026_6763,1,12,driver_enzo_fittipaldi,Enzo Fittipaldi,67,false,false,21,20,1,61e7c0e8ca2682cb606c7604b26f433daf6d95c358be5879e2fdbc06135604fd
session_indy_nxt_2026_6763,1,12,driver_ricardo_escotto,Ricardo Escotto,76,false,false,17,16,1,61e7c0e8ca2682cb606c7604b26f433daf6d95c358be5879e2fdbc06135604fd
session_indy_nxt_2026_6763,1,12,driver_max_garcia,Max Garcia,12,false,false,12,12,0,61e7c0e8ca2682cb606c7604b26f433daf6d95c358be5879e2fdbc06135604fd
session_indy_nxt_2026_6763,1,12,driver_matteo_nannini,Matteo Nannini,20,false,false,22,22,0,61e7c0e8ca2682cb606c7604b26f433daf6d95c358be5879e2fdbc06135604fd
session_indy_nxt_2026_6763,1,12,driver_nikita_johnson,Nikita Johnson,21,false,false,5,5,0,61e7c0e8ca2682cb606c7604b26f433daf6d95c358be5879e2fdbc06135604fd
session_indy_nxt_2026_6763,1,12,driver_lochie_hughes,Lochie Hughes,26,false,false,1,1,0,61e7c0e8ca2682cb606c7604b26f433daf6d95c358be5879e2fdbc06135604fd
session_indy_nxt_2026_6763,1,12,driver_seb_murray,Seb Murray,27,false,false,11,11,0,61e7c0e8ca2682cb606c7604b26f433daf6d95c358be5879e2fdbc06135604fd
session_indy_nxt_2026_6763,1,12,driver_josh_pierson,Josh Pierson,29,false,false,2,2,0,61e7c0e8ca2682cb606c7604b26f433daf6d95c358be5879e2fdbc06135604fd
session_indy_nxt_2026_6763,1,12,driver_nicholas_monteiro,Nicholas Monteiro,4,false,false,19,19,0,61e7c0e8ca2682cb606c7604b26f433daf6d95c358be5879e2fdbc06135604fd
session_indy_nxt_2026_6763,1,12,driver_jordan_missig,Jordan Missig,48,false,false,14,14,0,61e7c0e8ca2682cb606c7604b26f433daf6d95c358be5879e2fdbc06135604fd
session_indy_nxt_2026_6763,1,12,driver_colin_kaminsky,Colin Kaminsky,57,false,false,18,18,0,61e7c0e8ca2682cb606c7604b26f433daf6d95c358be5879e2fdbc06135604fd
session_indy_nxt_2026_6763,1,12,driver_jm_correa,JM Correa,68,false,false,13,13,0,61e7c0e8ca2682cb606c7604b26f433daf6d95c358be5879e2fdbc06135604fd
session_indy_nxt_2026_6763,1,12,driver_tymek_kucharczyk,Tymek Kucharczyk,71,false,false,6,6,0,61e7c0e8ca2682cb606c7604b26f433daf6d95c358be5879e2fdbc06135604fd
session_indy_nxt_2026_6763,1,12,driver_myles_rowe,Myles Rowe,99,false,false,15,15,0,61e7c0e8ca2682cb606c7604b26f433daf6d95c358be5879e2fdbc06135604fd
session_indy_nxt_2026_6763,1,12,driver_carson_etter,Carson Etter,11,false,true,20,21,-1,61e7c0e8ca2682cb606c7604b26f433daf6d95c358be5879e2fdbc06135604fd
session_indy_nxt_2026_6763,1,12,driver_alessandro_de_tullio,Alessandro de Tullio,14,false,false,3,4,-1,61e7c0e8ca2682cb606c7604b26f433daf6d95c358be5879e2fdbc06135604fd
session_indy_nxt_2026_6763,1,12,driver_yuven_sundaramoorthy,Yuven Sundaramoorthy,15,false,false,7,8,-1,61e7c0e8ca2682cb606c7604b26f433daf6d95c358be5879e2fdbc06135604fd
session_indy_nxt_2026_6763,1,12,driver_jack_beeton,Jack Beeton,45,false,false,9,10,-1,61e7c0e8ca2682cb606c7604b26f433daf6d95c358be5879e2fdbc06135604fd
session_indy_nxt_2026_6763,1,12,driver_james_roe,James Roe,8,false,true,16,17,-1,61e7c0e8ca2682cb606c7604b26f433daf6d95c358be5879e2fdbc06135604fd
session_indy_nxt_2026_6763,2,58,driver_yuven_sundaramoorthy,Yuven Sundaramoorthy,15,false,false,11,9,2,61e7c0e8ca2682cb606c7604b26f433daf6d95c358be5879e2fdbc06135604fd
session_indy_nxt_2026_6763,2,58,driver_salvador_de_alba,Salvador de Alba,17,false,false,9,8,1,61e7c0e8ca2682cb606c7604b26f433daf6d95c358be5879e2fdbc06135604fd
session_indy_nxt_2026_6763,2,58,driver_max_taylor,Max Taylor,28,false,false,4,3,1,61e7c0e8ca2682cb606c7604b26f433daf6d95c358be5879e2fdbc06135604fd
session_indy_nxt_2026_6763,2,58,driver_nicholas_monteiro,Nicholas Monteiro,4,false,false,19,18,1,61e7c0e8ca2682cb606c7604b26f433daf6d95c358be5879e2fdbc06135604fd
session_indy_nxt_2026_6763,2,58,driver_jack_beeton,Jack Beeton,45,false,false,16,15,1,61e7c0e8ca2682cb606c7604b26f433daf6d95c358be5879e2fdbc06135604fd
session_indy_nxt_2026_6763,2,58,driver_jordan_missig,Jordan Missig,48,false,false,12,11,1,61e7c0e8ca2682cb606c7604b26f433daf6d95c358be5879e2fdbc06135604fd
session_indy_nxt_2026_6763,2,58,driver_niels_koolen,Niels Koolen,10,false,true,7,7,0,61e7c0e8ca2682cb606c7604b26f433daf6d95c358be5879e2fdbc06135604fd
session_indy_nxt_2026_6763,2,58,driver_max_garcia,Max Garcia,12,false,false,10,10,0,61e7c0e8ca2682cb606c7604b26f433daf6d95c358be5879e2fdbc06135604fd
session_indy_nxt_2026_6763,2,58,driver_alessandro_de_tullio,Alessandro de Tullio,14,false,false,6,6,0,61e7c0e8ca2682cb606c7604b26f433daf6d95c358be5879e2fdbc06135604fd
session_indy_nxt_2026_6763,2,58,driver_matteo_nannini,Matteo Nannini,20,false,false,22,22,0,61e7c0e8ca2682cb606c7604b26f433daf6d95c358be5879e2fdbc06135604fd
session_indy_nxt_2026_6763,2,58,driver_nikita_johnson,Nikita Johnson,21,false,false,5,5,0,61e7c0e8ca2682cb606c7604b26f433daf6d95c358be5879e2fdbc06135604fd
session_indy_nxt_2026_6763,2,58,driver_seb_murray,Seb Murray,27,false,false,13,13,0,61e7c0e8ca2682cb606c7604b26f433daf6d95c358be5879e2fdbc06135604fd
session_indy_nxt_2026_6763,2,58,driver_josh_pierson,Josh Pierson,29,false,false,2,2,0,61e7c0e8ca2682cb606c7604b26f433daf6d95c358be5879e2fdbc06135604fd
session_indy_nxt_2026_6763,2,58,driver_colin_kaminsky,Colin Kaminsky,57,false,false,14,14,0,61e7c0e8ca2682cb606c7604b26f433daf6d95c358be5879e2fdbc06135604fd
session_indy_nxt_2026_6763,2,58,driver_enzo_fittipaldi,Enzo Fittipaldi,67,false,false,17,17,0,61e7c0e8ca2682cb606c7604b26f433daf6d95c358be5879e2fdbc06135604fd
session_indy_nxt_2026_6763,2,58,driver_ricardo_escotto,Ricardo Escotto,76,false,false,21,21,0,61e7c0e8ca2682cb606c7604b26f433daf6d95c358be5879e2fdbc06135604fd
session_indy_nxt_2026_6763,2,58,driver_james_roe,James Roe,8,false,true,20,20,0,61e7c0e8ca2682cb606c7604b26f433daf6d95c358be5879e2fdbc06135604fd
session_indy_nxt_2026_6763,2,58,driver_myles_rowe,Myles Rowe,99,false,false,1,1,0,61e7c0e8ca2682cb606c7604b26f433daf6d95c358be5879e2fdbc06135604fd
session_indy_nxt_2026_6763,2,58,driver_carson_etter,Carson Etter,11,false,true,18,19,-1,61e7c0e8ca2682cb606c7604b26f433daf6d95c358be5879e2fdbc06135604fd
session_indy_nxt_2026_6763,2,58,driver_lochie_hughes,Lochie Hughes,26,false,false,3,4,-1,61e7c0e8ca2682cb606c7604b26f433daf6d95c358be5879e2fdbc06135604fd
session_indy_nxt_2026_6763,2,58,driver_jm_correa,JM Correa,68,false,false,15,16,-1,61e7c0e8ca2682cb606c7604b26f433daf6d95c358be5879e2fdbc06135604fd
session_indy_nxt_2026_6763,2,58,driver_tymek_kucharczyk,Tymek Kucharczyk,71,false,false,8,12,-4,61e7c0e8ca2682cb606c7604b26f433daf6d95c358be5879e2fdbc06135604fd
session_indy_nxt_2026_6763,3,67,driver_alessandro_de_tullio,Alessandro de Tullio,14,false,false,6,4,2,61e7c0e8ca2682cb606c7604b26f433daf6d95c358be5879e2fdbc06135604fd
session_indy_nxt_2026_6763,3,67,driver_niels_koolen,Niels Koolen,10,false,true,7,6,1,61e7c0e8ca2682cb606c7604b26f433daf6d95c358be5879e2fdbc06135604fd
session_indy_nxt_2026_6763,3,67,driver_max_taylor,Max Taylor,28,false,false,3,2,1,61e7c0e8ca2682cb606c7604b26f433daf6d95c358be5879e2fdbc06135604fd
session_indy_nxt_2026_6763,3,67,driver_jack_beeton,Jack Beeton,45,false,false,13,12,1,61e7c0e8ca2682cb606c7604b26f433daf6d95c358be5879e2fdbc06135604fd
session_indy_nxt_2026_6763,3,67,driver_jm_correa,JM Correa,68,false,false,14,13,1,61e7c0e8ca2682cb606c7604b26f433daf6d95c358be5879e2fdbc06135604fd
session_indy_nxt_2026_6763,3,67,driver_carson_etter,Carson Etter,11,false,true,17,17,0,61e7c0e8ca2682cb606c7604b26f433daf6d95c358be5879e2fdbc06135604fd
session_indy_nxt_2026_6763,3,67,driver_max_garcia,Max Garcia,12,false,false,8,8,0,61e7c0e8ca2682cb606c7604b26f433daf6d95c358be5879e2fdbc06135604fd
session_indy_nxt_2026_6763,3,67,driver_matteo_nannini,Matteo Nannini,20,false,false,20,20,0,61e7c0e8ca2682cb606c7604b26f433daf6d95c358be5879e2fdbc06135604fd
session_indy_nxt_2026_6763,3,67,driver_seb_murray,Seb Murray,27,false,false,11,11,0,61e7c0e8ca2682cb606c7604b26f433daf6d95c358be5879e2fdbc06135604fd
session_indy_nxt_2026_6763,3,67,driver_nicholas_monteiro,Nicholas Monteiro,4,false,false,16,16,0,61e7c0e8ca2682cb606c7604b26f433daf6d95c358be5879e2fdbc06135604fd
session_indy_nxt_2026_6763,3,67,driver_jordan_missig,Jordan Missig,48,false,false,9,9,0,61e7c0e8ca2682cb606c7604b26f433daf6d95c358be5879e2fdbc06135604fd
session_indy_nxt_2026_6763,3,67,driver_enzo_fittipaldi,Enzo Fittipaldi,67,false,false,15,15,0,61e7c0e8ca2682cb606c7604b26f433daf6d95c358be5879e2fdbc06135604fd
session_indy_nxt_2026_6763,3,67,driver_tymek_kucharczyk,Tymek Kucharczyk,71,false,false,10,10,0,61e7c0e8ca2682cb606c7604b26f433daf6d95c358be5879e2fdbc06135604fd
session_indy_nxt_2026_6763,3,67,driver_ricardo_escotto,Ricardo Escotto,76,false,false,19,19,0,61e7c0e8ca2682cb606c7604b26f433daf6d95c358be5879e2fdbc06135604fd
session_indy_nxt_2026_6763,3,67,driver_james_roe,James Roe,8,false,true,18,18,0,61e7c0e8ca2682cb606c7604b26f433daf6d95c358be5879e2fdbc06135604fd
session_indy_nxt_2026_6763,3,67,driver_myles_rowe,Myles Rowe,99,false,false,1,1,0,61e7c0e8ca2682cb606c7604b26f433daf6d95c358be5879e2fdbc06135604fd
session_indy_nxt_2026_6763,3,67,driver_lochie_hughes,Lochie Hughes,26,false,false,4,5,-1,61e7c0e8ca2682cb606c7604b26f433daf6d95c358be5879e2fdbc06135604fd
session_indy_nxt_2026_6763,3,67,driver_josh_pierson,Josh Pierson,29,false,false,2,3,-1,61e7c0e8ca2682cb606c7604b26f433daf6d95c358be5879e2fdbc06135604fd
session_indy_nxt_2026_6763,3,67,driver_nikita_johnson,Nikita Johnson,21,false,false,5,7,-2,61e7c0e8ca2682cb606c7604b26f433daf6d95c358be5879e2fdbc06135604fd
session_indy_nxt_2026_6763,3,67,driver_colin_kaminsky,Colin Kaminsky,57,false,false,12,14,-2,61e7c0e8ca2682cb606c7604b26f433daf6d95c358be5879e2fdbc06135604fd
session_indy_nxt_2026_6764,1,5,driver_jack_beeton,Jack Beeton,45,false,false,21,18,3,61e7c0e8ca2682cb606c7604b26f433daf6d95c358be5879e2fdbc06135604fd
session_indy_nxt_2026_6764,1,5,driver_nikita_johnson,Nikita Johnson,21,false,false,13,12,1,61e7c0e8ca2682cb606c7604b26f433daf6d95c358be5879e2fdbc06135604fd
session_indy_nxt_2026_6764,1,5,driver_seb_murray,Seb Murray,27,false,false,23,22,1,61e7c0e8ca2682cb606c7604b26f433daf6d95c358be5879e2fdbc06135604fd
session_indy_nxt_2026_6764,1,5,driver_josh_pierson,Josh Pierson,29,false,false,7,6,1,61e7c0e8ca2682cb606c7604b26f433daf6d95c358be5879e2fdbc06135604fd
session_indy_nxt_2026_6764,1,5,driver_alexander_koreiba,Alexander Koreiba,75,false,false,22,21,1,61e7c0e8ca2682cb606c7604b26f433daf6d95c358be5879e2fdbc06135604fd
session_indy_nxt_2026_6764,1,5,driver_niels_koolen,Niels Koolen,10,false,true,8,8,0,61e7c0e8ca2682cb606c7604b26f433daf6d95c358be5879e2fdbc06135604fd
session_indy_nxt_2026_6764,1,5,driver_carson_etter,Carson Etter,11,false,true,24,24,0,61e7c0e8ca2682cb606c7604b26f433daf6d95c358be5879e2fdbc06135604fd
session_indy_nxt_2026_6764,1,5,driver_max_garcia,Max Garcia,12,false,false,10,10,0,61e7c0e8ca2682cb606c7604b26f433daf6d95c358be5879e2fdbc06135604fd
session_indy_nxt_2026_6764,1,5,driver_alessandro_de_tullio,Alessandro de Tullio,14,false,false,1,1,0,61e7c0e8ca2682cb606c7604b26f433daf6d95c358be5879e2fdbc06135604fd
session_indy_nxt_2026_6764,1,5,driver_nicolas_stati,Nicolas Stati,15,false,false,16,16,0,61e7c0e8ca2682cb606c7604b26f433daf6d95c358be5879e2fdbc06135604fd
session_indy_nxt_2026_6764,1,5,driver_lochie_hughes,Lochie Hughes,26,false,false,2,2,0,61e7c0e8ca2682cb606c7604b26f433daf6d95c358be5879e2fdbc06135604fd
session_indy_nxt_2026_6764,1,5,driver_max_taylor,Max Taylor,28,false,false,3,3,0,61e7c0e8ca2682cb606c7604b26f433daf6d95c358be5879e2fdbc06135604fd
session_indy_nxt_2026_6764,1,5,driver_nicholas_monteiro,Nicholas Monteiro,4,false,false,19,19,0,61e7c0e8ca2682cb606c7604b26f433daf6d95c358be5879e2fdbc06135604fd
session_indy_nxt_2026_6764,1,5,driver_jacob_abel,Jacob Abel,48,false,false,5,5,0,61e7c0e8ca2682cb606c7604b26f433daf6d95c358be5879e2fdbc06135604fd
session_indy_nxt_2026_6764,1,5,driver_colin_kaminsky,Colin Kaminsky,57,false,false,15,15,0,61e7c0e8ca2682cb606c7604b26f433daf6d95c358be5879e2fdbc06135604fd
session_indy_nxt_2026_6764,1,5,driver_enzo_fittipaldi,Enzo Fittipaldi,67,false,false,11,11,0,61e7c0e8ca2682cb606c7604b26f433daf6d95c358be5879e2fdbc06135604fd
session_indy_nxt_2026_6764,1,5,driver_jm_correa,JM Correa,68,false,false,9,9,0,61e7c0e8ca2682cb606c7604b26f433daf6d95c358be5879e2fdbc06135604fd
session_indy_nxt_2026_6764,1,5,driver_tymek_kucharczyk,Tymek Kucharczyk,71,false,false,4,4,0,61e7c0e8ca2682cb606c7604b26f433daf6d95c358be5879e2fdbc06135604fd
session_indy_nxt_2026_6764,1,5,driver_nolan_allaer,Nolan Allaer,76,false,false,14,14,0,61e7c0e8ca2682cb606c7604b26f433daf6d95c358be5879e2fdbc06135604fd
session_indy_nxt_2026_6764,1,5,driver_james_roe,James Roe,8,false,true,17,17,0,61e7c0e8ca2682cb606c7604b26f433daf6d95c358be5879e2fdbc06135604fd
session_indy_nxt_2026_6764,1,5,driver_bryce_aron,Bryce Aron,9,true,false,20,20,0,61e7c0e8ca2682cb606c7604b26f433daf6d95c358be5879e2fdbc06135604fd
session_indy_nxt_2026_6764,1,5,driver_bart_harrison,Bart Harrison,17,false,false,12,13,-1,61e7c0e8ca2682cb606c7604b26f433daf6d95c358be5879e2fdbc06135604fd
session_indy_nxt_2026_6764,1,5,driver_myles_rowe,Myles Rowe,99,false,false,6,7,-1,61e7c0e8ca2682cb606c7604b26f433daf6d95c358be5879e2fdbc06135604fd
session_indy_nxt_2026_6764,1,5,driver_matteo_nannini,Matteo Nannini,20,false,false,18,23,-5,61e7c0e8ca2682cb606c7604b26f433daf6d95c358be5879e2fdbc06135604fd
