carId,seriesId,seriesName,seasonYear,teamId,teamName,entrant,carNumber,class,chassis,engine,tireSupplier,driverCount,sessionCount,qualifyingRows,resultRows,lapRows,bryceObservedRows,bryceObserved,provenanceRefCount,sourceState,sourceHash
car_froc_2024_101,series_froc,Castrol Toyota Formula Regional Oceania Championship,2024,,,,101,Formula Regional Oceania,Toyota FT60,,,1,12,0,12,0,0,no,12,canonical_car_dimension_with_entrant_and_observed_usage_context,900ddfcb701b1977f16e33501302742c328980f5ffcccd190d2e433bba0b5681
car_froc_2024_13,series_froc,Castrol Toyota Formula Regional Oceania Championship,2024,,,,13,Formula Regional Oceania,Toyota FT60,,,1,1,0,1,0,0,no,1,canonical_car_dimension_with_entrant_and_observed_usage_context,900ddfcb701b1977f16e33501302742c328980f5ffcccd190d2e433bba0b5681
car_froc_2024_14,series_froc,Castrol Toyota Formula Regional Oceania Championship,2024,,,,14,Formula Regional Oceania,Toyota FT60,,,2,50,0,50,0,0,no,50,canonical_car_dimension_with_entrant_and_observed_usage_context,900ddfcb701b1977f16e33501302742c328980f5ffcccd190d2e433bba0b5681
car_froc_2024_15,series_froc,Castrol Toyota Formula Regional Oceania Championship,2024,,,,15,Formula Regional Oceania,Toyota FT60,,,2,48,0,48,0,0,no,48,canonical_car_dimension_with_entrant_and_observed_usage_context,900ddfcb701b1977f16e33501302742c328980f5ffcccd190d2e433bba0b5681
car_froc_2024_16,series_froc,Castrol Toyota Formula Regional Oceania Championship,2024,,,,16,Formula Regional Oceania,Toyota FT60,,,1,50,0,50,0,0,no,50,canonical_car_dimension_with_entrant_and_observed_usage_context,900ddfcb701b1977f16e33501302742c328980f5ffcccd190d2e433bba0b5681
car_froc_2024_17,series_froc,Castrol Toyota Formula Regional Oceania Championship,2024,,,,17,Formula Regional Oceania,Toyota FT60,,,2,10,0,10,0,0,no,10,canonical_car_dimension_with_entrant_and_observed_usage_context,900ddfcb701b1977f16e33501302742c328980f5ffcccd190d2e433bba0b5681
car_froc_2024_19,series_froc,Castrol Toyota Formula Regional Oceania Championship,2024,,,,19,Formula Regional Oceania,Toyota FT60,,,1,39,0,39,0,0,no,39,canonical_car_dimension_with_entrant_and_observed_usage_context,900ddfcb701b1977f16e33501302742c328980f5ffcccd190d2e433bba0b5681
car_froc_2024_20,series_froc,Castrol Toyota Formula Regional Oceania Championship,2024,,,,20,Formula Regional Oceania,Toyota FT60,,,1,48,0,48,0,0,no,48,canonical_car_dimension_with_entrant_and_observed_usage_context,900ddfcb701b1977f16e33501302742c328980f5ffcccd190d2e433bba0b5681
car_froc_2024_22,series_froc,Castrol Toyota Formula Regional Oceania Championship,2024,,,,22,Formula Regional Oceania,Toyota FT60,,,1,50,0,50,0,0,no,50,canonical_car_dimension_with_entrant_and_observed_usage_context,900ddfcb701b1977f16e33501302742c328980f5ffcccd190d2e433bba0b5681
car_froc_2024_23,series_froc,Castrol Toyota Formula Regional Oceania Championship,2024,,,,23,Formula Regional Oceania,Toyota FT60,,,2,51,0,51,0,0,no,51,canonical_car_dimension_with_entrant_and_observed_usage_context,900ddfcb701b1977f16e33501302742c328980f5ffcccd190d2e433bba0b5681
car_froc_2024_27,series_froc,Castrol Toyota Formula Regional Oceania Championship,2024,,,,27,Formula Regional Oceania,Toyota FT60,,,1,20,0,20,0,20,yes,20,canonical_car_dimension_with_entrant_and_observed_usage_context,900ddfcb701b1977f16e33501302742c328980f5ffcccd190d2e433bba0b5681
car_froc_2024_3,series_froc,Castrol Toyota Formula Regional Oceania Championship,2024,,,,3,Formula Regional Oceania,Toyota FT60,,,1,1,0,1,0,0,no,1,canonical_car_dimension_with_entrant_and_observed_usage_context,900ddfcb701b1977f16e33501302742c328980f5ffcccd190d2e433bba0b5681
car_froc_2024_31,series_froc,Castrol Toyota Formula Regional Oceania Championship,2024,,,,31,Formula Regional Oceania,Toyota FT60,,,1,48,0,48,0,0,no,48,canonical_car_dimension_with_entrant_and_observed_usage_context,900ddfcb701b1977f16e33501302742c328980f5ffcccd190d2e433bba0b5681
car_froc_2024_32,series_froc,Castrol Toyota Formula Regional Oceania Championship,2024,,,,32,Formula Regional Oceania,Toyota FT60,,,1,1,0,1,0,0,no,1,canonical_car_dimension_with_entrant_and_observed_usage_context,900ddfcb701b1977f16e33501302742c328980f5ffcccd190d2e433bba0b5681
car_froc_2024_39,series_froc,Castrol Toyota Formula Regional Oceania Championship,2024,,,,39,Formula Regional Oceania,Toyota FT60,,,1,47,0,47,0,0,no,47,canonical_car_dimension_with_entrant_and_observed_usage_context,900ddfcb701b1977f16e33501302742c328980f5ffcccd190d2e433bba0b5681
car_froc_2024_4,series_froc,Castrol Toyota Formula Regional Oceania Championship,2024,,,,4,Formula Regional Oceania,Toyota FT60,,,2,50,0,50,0,0,no,50,canonical_car_dimension_with_entrant_and_observed_usage_context,900ddfcb701b1977f16e33501302742c328980f5ffcccd190d2e433bba0b5681
car_froc_2024_41,series_froc,Castrol Toyota Formula Regional Oceania Championship,2024,,,,41,Formula Regional Oceania,Toyota FT60,,,1,51,0,51,0,0,no,51,canonical_car_dimension_with_entrant_and_observed_usage_context,900ddfcb701b1977f16e33501302742c328980f5ffcccd190d2e433bba0b5681
car_froc_2024_48,series_froc,Castrol Toyota Formula Regional Oceania Championship,2024,,,,48,Formula Regional Oceania,Toyota FT60,,,1,38,0,38,0,0,no,38,canonical_car_dimension_with_entrant_and_observed_usage_context,900ddfcb701b1977f16e33501302742c328980f5ffcccd190d2e433bba0b5681
car_froc_2024_5,series_froc,Castrol Toyota Formula Regional Oceania Championship,2024,,,,5,Formula Regional Oceania,Toyota FT60,,,2,49,0,49,0,0,no,49,canonical_car_dimension_with_entrant_and_observed_usage_context,900ddfcb701b1977f16e33501302742c328980f5ffcccd190d2e433bba0b5681
car_froc_2024_51,series_froc,Castrol Toyota Formula Regional Oceania Championship,2024,,,,51,Formula Regional Oceania,Toyota FT60,,,1,21,0,21,0,0,no,21,canonical_car_dimension_with_entrant_and_observed_usage_context,900ddfcb701b1977f16e33501302742c328980f5ffcccd190d2e433bba0b5681
car_froc_2024_6,series_froc,Castrol Toyota Formula Regional Oceania Championship,2024,,,,6,Formula Regional Oceania,Toyota FT60,,,1,29,0,29,0,0,no,29,canonical_car_dimension_with_entrant_and_observed_usage_context,900ddfcb701b1977f16e33501302742c328980f5ffcccd190d2e433bba0b5681
car_froc_2024_69,series_froc,Castrol Toyota Formula Regional Oceania Championship,2024,,,,69,Formula Regional Oceania,Toyota FT60,,,1,17,0,17,0,0,no,17,canonical_car_dimension_with_entrant_and_observed_usage_context,900ddfcb701b1977f16e33501302742c328980f5ffcccd190d2e433bba0b5681
car_froc_2024_7,series_froc,Castrol Toyota Formula Regional Oceania Championship,2024,,,,7,Formula Regional Oceania,Toyota FT60,,,1,29,0,29,0,0,no,29,canonical_car_dimension_with_entrant_and_observed_usage_context,900ddfcb701b1977f16e33501302742c328980f5ffcccd190d2e433bba0b5681
car_froc_2024_71,series_froc,Castrol Toyota Formula Regional Oceania Championship,2024,,,,71,Formula Regional Oceania,Toyota FT60,,,1,19,0,19,0,0,no,19,canonical_car_dimension_with_entrant_and_observed_usage_context,900ddfcb701b1977f16e33501302742c328980f5ffcccd190d2e433bba0b5681
car_froc_2024_739,series_froc,Castrol Toyota Formula Regional Oceania Championship,2024,,,,739,Formula Regional Oceania,Toyota FT60,,,1,48,0,48,0,0,no,48,canonical_car_dimension_with_entrant_and_observed_usage_context,900ddfcb701b1977f16e33501302742c328980f5ffcccd190d2e433bba0b5681
car_froc_2024_77,series_froc,Castrol Toyota Formula Regional Oceania Championship,2024,,,,77,Formula Regional Oceania,Toyota FT60,,,1,1,0,1,0,0,no,1,canonical_car_dimension_with_entrant_and_observed_usage_context,900ddfcb701b1977f16e33501302742c328980f5ffcccd190d2e433bba0b5681
car_froc_2024_8,series_froc,Castrol Toyota Formula Regional Oceania Championship,2024,,,,8,Formula Regional Oceania,Toyota FT60,,,1,1,0,1,0,0,no,1,canonical_car_dimension_with_entrant_and_observed_usage_context,900ddfcb701b1977f16e33501302742c328980f5ffcccd190d2e433bba0b5681
car_froc_2024_87,series_froc,Castrol Toyota Formula Regional Oceania Championship,2024,,,,87,Formula Regional Oceania,Toyota FT60,,,1,1,0,1,0,0,no,1,canonical_car_dimension_with_entrant_and_observed_usage_context,900ddfcb701b1977f16e33501302742c328980f5ffcccd190d2e433bba0b5681
car_froc_2024_88,series_froc,Castrol Toyota Formula Regional Oceania Championship,2024,,,,88,Formula Regional Oceania,Toyota FT60,,,1,1,0,1,0,0,no,1,canonical_car_dimension_with_entrant_and_observed_usage_context,900ddfcb701b1977f16e33501302742c328980f5ffcccd190d2e433bba0b5681
car_froc_2024_9,series_froc,Castrol Toyota Formula Regional Oceania Championship,2024,,,,9,Formula Regional Oceania,Toyota FT60,,,1,1,0,1,0,0,no,1,canonical_car_dimension_with_entrant_and_observed_usage_context,900ddfcb701b1977f16e33501302742c328980f5ffcccd190d2e433bba0b5681
car_euroformula_2023_bvm_racing_84,series_euroformula_open,Euroformula Open,2023,team_bvm_racing,BVM Racing,BVM Racing,84,Euroformula Open,Dallara F320,Spiess,Hankook,1,28,7,21,0,0,no,28,canonical_car_dimension_with_entrant_and_observed_usage_context,900ddfcb701b1977f16e33501302742c328980f5ffcccd190d2e433bba0b5681
car_euroformula_2023_cryptotower_racing_team_15,series_euroformula_open,Euroformula Open,2023,team_cryptotower_racing_team,CryptoTower Racing Team,CryptoTower Racing Team,15,Euroformula Open,Dallara F320,Spiess,Hankook,1,8,2,6,0,0,no,8,canonical_car_dimension_with_entrant_and_observed_usage_context,900ddfcb701b1977f16e33501302742c328980f5ffcccd190d2e433bba0b5681
car_euroformula_2023_cryptotower_racing_team_20,series_euroformula_open,Euroformula Open,2023,team_cryptotower_racing_team,CryptoTower Racing Team,CryptoTower Racing Team,20,Euroformula Open,Dallara F320,Spiess,Hankook,1,4,1,3,0,0,no,4,canonical_car_dimension_with_entrant_and_observed_usage_context,900ddfcb701b1977f16e33501302742c328980f5ffcccd190d2e433bba0b5681
car_euroformula_2023_cryptotower_racing_team_21,series_euroformula_open,Euroformula Open,2023,team_cryptotower_racing_team,CryptoTower Racing Team,CryptoTower Racing Team,21,Euroformula Open,Dallara F320,Spiess,Hankook,1,8,2,6,0,0,no,8,canonical_car_dimension_with_entrant_and_observed_usage_context,900ddfcb701b1977f16e33501302742c328980f5ffcccd190d2e433bba0b5681
car_euroformula_2023_cryptotower_racing_team_26,series_euroformula_open,Euroformula Open,2023,team_cryptotower_racing_team,CryptoTower Racing Team,CryptoTower Racing Team,26,R,Dallara F320,Spiess,Hankook,1,4,1,3,0,0,no,4,canonical_car_dimension_with_entrant_and_observed_usage_context,900ddfcb701b1977f16e33501302742c328980f5ffcccd190d2e433bba0b5681
car_euroformula_2023_cryptotower_racing_team_39,series_euroformula_open,Euroformula Open,2023,team_cryptotower_racing_team,CryptoTower Racing Team,CryptoTower Racing Team,39,R,Dallara F320,Spiess,Hankook,1,4,1,3,0,0,no,4,canonical_car_dimension_with_entrant_and_observed_usage_context,900ddfcb701b1977f16e33501302742c328980f5ffcccd190d2e433bba0b5681
car_euroformula_2023_cryptotower_racing_team_5,series_euroformula_open,Euroformula Open,2023,team_cryptotower_racing_team,CryptoTower Racing Team,CryptoTower Racing Team,5,Euroformula Open,Dallara F320,Spiess,Hankook,1,12,3,9,0,0,no,12,canonical_car_dimension_with_entrant_and_observed_usage_context,900ddfcb701b1977f16e33501302742c328980f5ffcccd190d2e433bba0b5681
car_euroformula_2023_cryptotower_racing_team_69,series_euroformula_open,Euroformula Open,2023,team_cryptotower_racing_team,CryptoTower Racing Team,CryptoTower Racing Team,69,Euroformula Open,Dallara F320,Spiess,Hankook,1,8,2,6,0,0,no,8,canonical_car_dimension_with_entrant_and_observed_usage_context,900ddfcb701b1977f16e33501302742c328980f5ffcccd190d2e433bba0b5681
car_euroformula_2023_cryptotower_racing_team_77,series_euroformula_open,Euroformula Open,2023,team_cryptotower_racing_team,CryptoTower Racing Team,CryptoTower Racing Team,77,Euroformula Open,Dallara F320,Spiess,Hankook,1,4,1,3,0,0,no,4,canonical_car_dimension_with_entrant_and_observed_usage_context,900ddfcb701b1977f16e33501302742c328980f5ffcccd190d2e433bba0b5681
car_euroformula_2023_cryptotower_racing_team_99,series_euroformula_open,Euroformula Open,2023,team_cryptotower_racing_team,CryptoTower Racing Team,CryptoTower Racing Team,99,Euroformula Open,Dallara F320,Spiess,Hankook,1,4,1,3,0,0,no,4,canonical_car_dimension_with_entrant_and_observed_usage_context,900ddfcb701b1977f16e33501302742c328980f5ffcccd190d2e433bba0b5681
car_euroformula_2023_effective_racing_7,series_euroformula_open,Euroformula Open,2023,team_effective_racing,Effective Racing,Effective Racing,7,GC,Dallara F320,HWA,Hankook,1,18,5,13,0,0,no,18,canonical_car_dimension_with_entrant_and_observed_usage_context,900ddfcb701b1977f16e33501302742c328980f5ffcccd190d2e433bba0b5681
car_euroformula_2023_nv_racing_212,series_euroformula_open,Euroformula Open,2023,team_nv_racing,NV Racing,NV Racing,212,GC,Dallara F320,Spiess,Hankook,1,13,4,9,0,0,no,13,canonical_car_dimension_with_entrant_and_observed_usage_context,900ddfcb701b1977f16e33501302742c328980f5ffcccd190d2e433bba0b5681
car_euroformula_2023_noda_racing_10,series_euroformula_open,Euroformula Open,2023,team_noda_racing,Noda Racing,Noda Racing,10,R,Dallara F320,Spiess,Hankook,1,16,4,12,0,0,no,16,canonical_car_dimension_with_entrant_and_observed_usage_context,900ddfcb701b1977f16e33501302742c328980f5ffcccd190d2e433bba0b5681
car_euroformula_2023_team_motopark_11,series_euroformula_open,Euroformula Open,2023,team_team_motopark,Team Motopark,Team Motopark,11,Euroformula Open,Dallara F320,Spiess,Hankook,1,8,2,6,0,0,no,8,canonical_car_dimension_with_entrant_and_observed_usage_context,900ddfcb701b1977f16e33501302742c328980f5ffcccd190d2e433bba0b5681
car_euroformula_2023_team_motopark_19,series_euroformula_open,Euroformula Open,2023,team_team_motopark,Team Motopark,Team Motopark,19,Euroformula Open,Dallara F320,Spiess,Hankook,1,28,7,21,0,0,no,28,canonical_car_dimension_with_entrant_and_observed_usage_context,900ddfcb701b1977f16e33501302742c328980f5ffcccd190d2e433bba0b5681
car_euroformula_2023_team_motopark_23,series_euroformula_open,Euroformula Open,2023,team_team_motopark,Team Motopark,Team Motopark,23,Euroformula Open,Dallara F320,Spiess,Hankook,1,24,6,18,0,24,yes,24,canonical_car_dimension_with_entrant_and_observed_usage_context,900ddfcb701b1977f16e33501302742c328980f5ffcccd190d2e433bba0b5681
car_euroformula_2023_team_motopark_26,series_euroformula_open,Euroformula Open,2023,team_team_motopark,Team Motopark,Team Motopark,26,R,Dallara F320,Spiess,Hankook,1,20,5,15,0,0,no,20,canonical_car_dimension_with_entrant_and_observed_usage_context,900ddfcb701b1977f16e33501302742c328980f5ffcccd190d2e433bba0b5681
car_euroformula_2023_team_motopark_73,series_euroformula_open,Euroformula Open,2023,team_team_motopark,Team Motopark,Team Motopark,73,Euroformula Open,Dallara F320,Spiess,Hankook,1,28,7,21,0,0,no,28,canonical_car_dimension_with_entrant_and_observed_usage_context,900ddfcb701b1977f16e33501302742c328980f5ffcccd190d2e433bba0b5681
car_frp_f1600_2019_driver_greg_peluso_03,series_frp_f1600,F1600 Championship Series,2019,,,Heritage Security & Service,03,F16M,Van Diemen,Honda,,1,4,0,4,0,0,no,4,canonical_car_dimension_with_entrant_and_observed_usage_context,900ddfcb701b1977f16e33501302742c328980f5ffcccd190d2e433bba0b5681
car_frp_f1600_2019_driver_matt_gidman_04,series_frp_f1600,F1600 Championship Series,2019,,,Fortress Racing,04,F16,Van Diemen,Honda,,1,6,0,6,0,0,no,6,canonical_car_dimension_with_entrant_and_observed_usage_context,900ddfcb701b1977f16e33501302742c328980f5ffcccd190d2e433bba0b5681
car_frp_f1600_2019_driver_john_robinsonii_05,series_frp_f1600,F1600 Championship Series,2019,,,Lee Racing,05,F16M,SwiftDB6,Honda,,1,4,0,4,0,0,no,4,canonical_car_dimension_with_entrant_and_observed_usage_context,900ddfcb701b1977f16e33501302742c328980f5ffcccd190d2e433bba0b5681
car_frp_f1600_2019_driver_burton_august_07,series_frp_f1600,F1600 Championship Series,2019,,,Rice Race Prep,07,F16,Mygale,Honda,,1,6,0,6,0,0,no,6,canonical_car_dimension_with_entrant_and_observed_usage_context,900ddfcb701b1977f16e33501302742c328980f5ffcccd190d2e433bba0b5681
car_frp_f1600_2019_driver_burton_kyle_august_07,series_frp_f1600,F1600 Championship Series,2019,,,Monro,07,F16,Mygale,Honda,,1,31,0,31,0,0,no,31,canonical_car_dimension_with_entrant_and_observed_usage_context,900ddfcb701b1977f16e33501302742c328980f5ffcccd190d2e433bba0b5681
car_frp_f1600_2019_driver_christopher_kierce_11,series_frp_f1600,F1600 Championship Series,2019,,,ATC Technologies Inc.,11,F16,Van Diemen,Honda,,1,6,0,6,0,0,no,6,canonical_car_dimension_with_entrant_and_observed_usage_context,900ddfcb701b1977f16e33501302742c328980f5ffcccd190d2e433bba0b5681
car_frp_f1600_2019_driver_steve_roux_11,series_frp_f1600,F1600 Championship Series,2019,,,Steve Roux Racing,11,F16,Wyvern,Honda,,1,6,0,6,0,0,no,6,canonical_car_dimension_with_entrant_and_observed_usage_context,900ddfcb701b1977f16e33501302742c328980f5ffcccd190d2e433bba0b5681
car_frp_f1600_2019_driver_bob_reid_12,series_frp_f1600,F1600 Championship Series,2019,,,Weiss,12,F16M,Citation,Honda,,1,37,0,37,0,0,no,37,canonical_car_dimension_with_entrant_and_observed_usage_context,900ddfcb701b1977f16e33501302742c328980f5ffcccd190d2e433bba0b5681
car_frp_f1600_2019_driver_alex_scaler_13,series_frp_f1600,F1600 Championship Series,2019,,,AdvantageMotorsports.com,13,F16,Mygale,Honda,,1,12,0,12,0,0,no,12,canonical_car_dimension_with_entrant_and_observed_usage_context,900ddfcb701b1977f16e33501302742c328980f5ffcccd190d2e433bba0b5681
car_frp_f1600_2019_driver_misha_goikhberg_13,series_frp_f1600,F1600 Championship Series,2019,,,"SusiUhlArt,RaceRacePrep",13,F16,Mygale,Honda,,1,12,0,12,0,0,no,12,canonical_car_dimension_with_entrant_and_observed_usage_context,900ddfcb701b1977f16e33501302742c328980f5ffcccd190d2e433bba0b5681
car_frp_f1600_2019_driver_rick_payne_13,series_frp_f1600,F1600 Championship Series,2019,,,Rice Race Prep,13,F16M,Mygale,Honda,,1,4,0,4,0,0,no,4,canonical_car_dimension_with_entrant_and_observed_usage_context,900ddfcb701b1977f16e33501302742c328980f5ffcccd190d2e433bba0b5681
car_frp_f1600_2019_driver_simon_sikes_13,series_frp_f1600,F1600 Championship Series,2019,,,Rice Race Prep,13,F16,Mygale,Honda,,1,3,0,3,0,0,no,3,canonical_car_dimension_with_entrant_and_observed_usage_context,900ddfcb701b1977f16e33501302742c328980f5ffcccd190d2e433bba0b5681
car_frp_f1600_2019_driver_jonathan_lee_177,series_frp_f1600,F1600 Championship Series,2019,,,Lee Racing,177,F16,Swift DB6,Ford,,1,4,0,4,0,0,no,4,canonical_car_dimension_with_entrant_and_observed_usage_context,900ddfcb701b1977f16e33501302742c328980f5ffcccd190d2e433bba0b5681
car_frp_f1600_2019_driver_jackson_lee_18,series_frp_f1600,F1600 Championship Series,2019,,,"Susi Uhl Art, RiceRacePrep",18,F16,Mygale,Honda,,1,6,0,6,0,0,no,6,canonical_car_dimension_with_entrant_and_observed_usage_context,900ddfcb701b1977f16e33501302742c328980f5ffcccd190d2e433bba0b5681
car_frp_f1600_2019_driver_jonathan_kotyk_18,series_frp_f1600,F1600 Championship Series,2019,,,K-Hill Motorsports,18,F16,Mygale,Honda,,1,6,0,6,0,0,no,6,canonical_car_dimension_with_entrant_and_observed_usage_context,900ddfcb701b1977f16e33501302742c328980f5ffcccd190d2e433bba0b5681
car_frp_f1600_2019_driver_tim_dunn_19,series_frp_f1600,F1600 Championship Series,2019,,,"Solon Man., Polestar",19,F16M,PMR-17,Honda,,1,9,0,9,0,0,no,9,canonical_car_dimension_with_entrant_and_observed_usage_context,900ddfcb701b1977f16e33501302742c328980f5ffcccd190d2e433bba0b5681
car_frp_f1600_2019_driver_mike_scanlan_2,series_frp_f1600,F1600 Championship Series,2019,,,Drivers Services,2,F16M,Spectrum,Honda,,1,37,0,37,0,0,no,37,canonical_car_dimension_with_entrant_and_observed_usage_context,900ddfcb701b1977f16e33501302742c328980f5ffcccd190d2e433bba0b5681
car_frp_f1600_2019_driver_dave_petzko_21,series_frp_f1600,F1600 Championship Series,2019,,,Shady Hill Clayworks,21,F16M,Spectrum,Honda,,1,33,0,33,0,0,no,33,canonical_car_dimension_with_entrant_and_observed_usage_context,900ddfcb701b1977f16e33501302742c328980f5ffcccd190d2e433bba0b5681
car_frp_f1600_2019_driver_christopher_horan_24,series_frp_f1600,F1600 Championship Series,2019,,,"steelfiber.com,ParametricSol.Inc.",24,F16,Van Diemen,Honda,,1,9,0,9,0,0,no,9,canonical_car_dimension_with_entrant_and_observed_usage_context,900ddfcb701b1977f16e33501302742c328980f5ffcccd190d2e433bba0b5681
car_frp_f1600_2019_driver_charles_anti_26,series_frp_f1600,F1600 Championship Series,2019,,,youtube.com/antispeed,26,F16,Van Diemen,Honda,,1,31,0,31,0,0,no,31,canonical_car_dimension_with_entrant_and_observed_usage_context,900ddfcb701b1977f16e33501302742c328980f5ffcccd190d2e433bba0b5681
car_frp_f1600_2019_driver_ayrton_ori_27,series_frp_f1600,F1600 Championship Series,2019,,,Spray Nine,27,F16,Mygale,Honda,,1,22,0,22,0,0,no,22,canonical_car_dimension_with_entrant_and_observed_usage_context,900ddfcb701b1977f16e33501302742c328980f5ffcccd190d2e433bba0b5681
car_frp_f1600_2019_driver_william_velkoff_30,series_frp_f1600,F1600 Championship Series,2019,,,Practical Precision Engineering,30,F16,Van Diemen,Honda,,1,6,0,6,0,0,no,6,canonical_car_dimension_with_entrant_and_observed_usage_context,900ddfcb701b1977f16e33501302742c328980f5ffcccd190d2e433bba0b5681
car_frp_f1600_2019_driver_scott_rubenzer_31,series_frp_f1600,F1600 Championship Series,2019,,,Morgan's Collision Center,31,F16M,Spectrum,Honda,,1,31,0,31,0,0,no,31,canonical_car_dimension_with_entrant_and_observed_usage_context,900ddfcb701b1977f16e33501302742c328980f5ffcccd190d2e433bba0b5681
car_frp_f1600_2019_driver_steve_oseth_36,series_frp_f1600,F1600 Championship Series,2019,,,Aero Services Winchester,36,F16M,Citation,Honda,,1,6,0,6,0,0,no,6,canonical_car_dimension_with_entrant_and_observed_usage_context,900ddfcb701b1977f16e33501302742c328980f5ffcccd190d2e433bba0b5681
car_frp_f1600_2019_driver_charles_finelli_4,series_frp_f1600,F1600 Championship Series,2019,,,,4,F16M,,,,1,6,0,6,0,0,no,6,canonical_car_dimension_with_entrant_and_observed_usage_context,900ddfcb701b1977f16e33501302742c328980f5ffcccd190d2e433bba0b5681
car_frp_f1600_2019_driver_cliff_johnson_4,series_frp_f1600,F1600 Championship Series,2019,,,Alpine Litho-Graphics,4,F16M,Piper,Honda,,1,12,0,12,0,0,no,12,canonical_car_dimension_with_entrant_and_observed_usage_context,900ddfcb701b1977f16e33501302742c328980f5ffcccd190d2e433bba0b5681
car_frp_f1600_2019_driver_keith_grant_40,series_frp_f1600,F1600 Championship Series,2019,,,Polestar,40,F16M,PMF-17,Ford,,1,4,0,4,0,0,no,4,canonical_car_dimension_with_entrant_and_observed_usage_context,900ddfcb701b1977f16e33501302742c328980f5ffcccd190d2e433bba0b5681
car_frp_f1600_2019_driver_rob_albani_41,series_frp_f1600,F1600 Championship Series,2019,,,Home Tech Bldg. Consultants,41,F16M,Mygale,Honda,,1,6,0,6,0,0,no,6,canonical_car_dimension_with_entrant_and_observed_usage_context,900ddfcb701b1977f16e33501302742c328980f5ffcccd190d2e433bba0b5681
car_frp_f1600_2019_driver_ryan_bjerke_42,series_frp_f1600,F1600 Championship Series,2019,,,Raceworks,42,F16,Spectrum,Honda,,1,16,0,16,0,0,no,16,canonical_car_dimension_with_entrant_and_observed_usage_context,900ddfcb701b1977f16e33501302742c328980f5ffcccd190d2e433bba0b5681
car_frp_f1600_2019_driver_joe_colasacco_5,series_frp_f1600,F1600 Championship Series,2019,,,AurianaRcg/Rive Bistro,5,F16M,Van Diemen Honda,,,1,6,0,6,0,0,no,6,canonical_car_dimension_with_entrant_and_observed_usage_context,900ddfcb701b1977f16e33501302742c328980f5ffcccd190d2e433bba0b5681
car_frp_f1600_2019_driver_gord_ross_63,series_frp_f1600,F1600 Championship Series,2019,,,Britain West Motorsport,63,F16M,Mygale,Honda,,1,6,0,6,0,0,no,6,canonical_car_dimension_with_entrant_and_observed_usage_context,900ddfcb701b1977f16e33501302742c328980f5ffcccd190d2e433bba0b5681
car_frp_f1600_2019_driver_zachary_vanier_65,series_frp_f1600,F1600 Championship Series,2019,,,Britain West Motorsport,65,F16,Mygale,Honda,,1,6,0,6,0,0,no,6,canonical_car_dimension_with_entrant_and_observed_usage_context,900ddfcb701b1977f16e33501302742c328980f5ffcccd190d2e433bba0b5681
car_frp_f1600_2019_driver_sam_lockwood_70,series_frp_f1600,F1600 Championship Series,2019,,,Raceworks,70,F16M,Spectrum,Honda,,1,6,0,6,0,0,no,6,canonical_car_dimension_with_entrant_and_observed_usage_context,900ddfcb701b1977f16e33501302742c328980f5ffcccd190d2e433bba0b5681
car_frp_f1600_2019_driver_tom_schwietz_72,series_frp_f1600,F1600 Championship Series,2019,,,Steel Services,72,F16M,Citation,Honda,,1,12,0,12,0,0,no,12,canonical_car_dimension_with_entrant_and_observed_usage_context,900ddfcb701b1977f16e33501302742c328980f5ffcccd190d2e433bba0b5681
car_frp_f1600_2019_driver_zachary_rivard_77,series_frp_f1600,F1600 Championship Series,2019,,,"ThursdayPools,WildwoodDiscBrakes",77,F16,Van Diemen,,,1,6,0,6,0,0,no,6,canonical_car_dimension_with_entrant_and_observed_usage_context,900ddfcb701b1977f16e33501302742c328980f5ffcccd190d2e433bba0b5681
car_frp_f1600_2019_driver_jonathan_kotyk_8,series_frp_f1600,F1600 Championship Series,2019,,,K-Hill Motorsports,8,F16,Mygale,Honda,,1,31,0,31,0,0,no,31,canonical_car_dimension_with_entrant_and_observed_usage_context,900ddfcb701b1977f16e33501302742c328980f5ffcccd190d2e433bba0b5681
car_frp_f1600_2019_driver_josh_green_80,series_frp_f1600,F1600 Championship Series,2019,,,Dufour Aerospace,80,F16,Mygale,Honda,,1,37,0,37,0,0,no,37,canonical_car_dimension_with_entrant_and_observed_usage_context,900ddfcb701b1977f16e33501302742c328980f5ffcccd190d2e433bba0b5681
car_frp_f1600_2019_driver_dexter_czuba_81,series_frp_f1600,F1600 Championship Series,2019,,,Spray Nine,81,F16,Mygale,Honda,,1,19,0,19,0,0,no,19,canonical_car_dimension_with_entrant_and_observed_usage_context,900ddfcb701b1977f16e33501302742c328980f5ffcccd190d2e433bba0b5681
car_frp_f1600_2019_driver_rob_albani_81,series_frp_f1600,F1600 Championship Series,2019,,,Home Tech Bldg. Consultants,81,F16M,Mygale,Honda,,1,3,0,3,0,0,no,3,canonical_car_dimension_with_entrant_and_observed_usage_context,900ddfcb701b1977f16e33501302742c328980f5ffcccd190d2e433bba0b5681
car_frp_f1600_2019_driver_tyler_oconnor_81,series_frp_f1600,F1600 Championship Series,2019,,,Team Pelfrey,81,F16,Mygale,Honda,,1,2,0,2,0,0,no,2,canonical_car_dimension_with_entrant_and_observed_usage_context,900ddfcb701b1977f16e33501302742c328980f5ffcccd190d2e433bba0b5681
car_frp_f1600_2019_driver_christian_lall_dass_93,series_frp_f1600,F1600 Championship Series,2019,,,Parametric Solutions,93,F16,Piper,Honda,,1,18,0,18,0,0,no,18,canonical_car_dimension_with_entrant_and_observed_usage_context,900ddfcb701b1977f16e33501302742c328980f5ffcccd190d2e433bba0b5681
car_frp_f1600_2019_driver_bryce_aron_7,series_frp_f1600,F1600 Championship Series,2019,team_k_hill_motorsports,K-Hill Motorsports,Imperial Motors Jaguar,7,F16,Mygale,Honda,,1,31,0,31,0,31,yes,31,canonical_car_dimension_with_entrant_and_observed_usage_context,900ddfcb701b1977f16e33501302742c328980f5ffcccd190d2e433bba0b5681
car_frp_f1600_2019_driver_bryce_aron_81,series_frp_f1600,F1600 Championship Series,2019,team_k_hill_motorsports,K-Hill Motorsports,Imperial Motors Jaguar,81,F16,Mygale,Honda,,1,6,0,6,0,6,yes,6,canonical_car_dimension_with_entrant_and_observed_usage_context,900ddfcb701b1977f16e33501302742c328980f5ffcccd190d2e433bba0b5681
car_formula_ford_2020_1973_crossle_25f_1600_1,series_formula_ford,Formula Ford,2020,,,1973 Crossle 25f 1600,1,H,1973 Crossle 25f 1600,,,1,2,0,2,0,0,no,2,canonical_car_dimension_with_entrant_and_observed_usage_context,900ddfcb701b1977f16e33501302742c328980f5ffcccd190d2e433bba0b5681
car_formula_ford_2020_spectrum_011c_1,series_formula_ford,Formula Ford,2020,,,Spectrum 011C,1,Formula Ford,Spectrum 011C,,,1,3,0,3,0,0,no,3,canonical_car_dimension_with_entrant_and_observed_usage_context,900ddfcb701b1977f16e33501302742c328980f5ffcccd190d2e433bba0b5681
car_formula_ford_2020_van_diemen_rf99_1,series_formula_ford,Formula Ford,2020,,,Van Diemen RF99,1,Pro,Van Diemen RF99,,,1,10,0,10,0,0,no,10,canonical_car_dimension_with_entrant_and_observed_usage_context,900ddfcb701b1977f16e33501302742c328980f5ffcccd190d2e433bba0b5681
car_formula_ford_2020_mygale_js11_10,series_formula_ford,Formula Ford,2020,,,Mygale JS11,10,Formula Ford,Mygale JS11,,,1,5,0,5,0,0,no,5,canonical_car_dimension_with_entrant_and_observed_usage_context,900ddfcb701b1977f16e33501302742c328980f5ffcccd190d2e433bba0b5681
car_formula_ford_2020_1989_swift_fb89_1600_105,series_formula_ford,Formula Ford,2020,,,1989 Swift FB89 1600,105,H,1989 Swift FB89 1600,,,1,3,0,3,0,0,no,3,canonical_car_dimension_with_entrant_and_observed_usage_context,900ddfcb701b1977f16e33501302742c328980f5ffcccd190d2e433bba0b5681
car_formula_ford_2020_1990_vandiemen_rf90_1600_11,series_formula_ford,Formula Ford,2020,,,1990 VanDiemen RF90 1600,11,H,1990 VanDiemen RF90 1600,,,1,3,0,3,0,0,no,3,canonical_car_dimension_with_entrant_and_observed_usage_context,900ddfcb701b1977f16e33501302742c328980f5ffcccd190d2e433bba0b5681
car_formula_ford_2020_macon_mr8_11,series_formula_ford,Formula Ford,2020,,,Macon MR8,11,H,Macon MR8,,,1,3,0,3,0,0,no,3,canonical_car_dimension_with_entrant_and_observed_usage_context,900ddfcb701b1977f16e33501302742c328980f5ffcccd190d2e433bba0b5681
car_formula_ford_2020_royale_rp29_11,series_formula_ford,Formula Ford,2020,,,Royale RP29,11,SCC,Royale RP29,,,1,5,0,5,0,0,no,5,canonical_car_dimension_with_entrant_and_observed_usage_context,900ddfcb701b1977f16e33501302742c328980f5ffcccd190d2e433bba0b5681
car_formula_ford_2020_van_diemen_rf91_11,series_formula_ford,Formula Ford,2020,,,Van Diemen RF91,11,Formula Ford,Van Diemen RF91,,,1,8,0,8,0,0,no,8,canonical_car_dimension_with_entrant_and_observed_usage_context,900ddfcb701b1977f16e33501302742c328980f5ffcccd190d2e433bba0b5681
car_formula_ford_2020_firman_rfr16_111,series_formula_ford,Formula Ford,2020,,,Firman RFR16,111,Formula Ford,Firman RFR16,,,1,5,0,5,0,0,no,5,canonical_car_dimension_with_entrant_and_observed_usage_context,900ddfcb701b1977f16e33501302742c328980f5ffcccd190d2e433bba0b5681
car_formula_ford_2020_van_diemen_rf99_111,series_formula_ford,Formula Ford,2020,,,Van Diemen RF99,111,Pro,Van Diemen RF99,,,1,4,0,4,0,0,no,4,canonical_car_dimension_with_entrant_and_observed_usage_context,900ddfcb701b1977f16e33501302742c328980f5ffcccd190d2e433bba0b5681
car_formula_ford_2020_reynard_89ff_115,series_formula_ford,Formula Ford,2020,,,Reynard 89FF,115,Formula Ford,Reynard 89FF,,,1,6,0,6,0,0,no,6,canonical_car_dimension_with_entrant_and_observed_usage_context,900ddfcb701b1977f16e33501302742c328980f5ffcccd190d2e433bba0b5681
car_formula_ford_2020_spectrum_011_116,series_formula_ford,Formula Ford,2020,,,Spectrum 011,116,Pro,Spectrum 011,,,1,7,0,7,0,0,no,7,canonical_car_dimension_with_entrant_and_observed_usage_context,900ddfcb701b1977f16e33501302742c328980f5ffcccd190d2e433bba0b5681
car_formula_ford_2020_kmr_spectrum_117,series_formula_ford,Formula Ford,2020,,,KMR Spectrum,117,Pro,KMR Spectrum,,,1,4,0,4,0,0,no,4,canonical_car_dimension_with_entrant_and_observed_usage_context,900ddfcb701b1977f16e33501302742c328980f5ffcccd190d2e433bba0b5681
car_formula_ford_2020_van_diemen_rf89_117,series_formula_ford,Formula Ford,2020,,,Van Diemen RF89,117,Formula Ford,Van Diemen RF89,,,1,4,0,4,0,0,no,4,canonical_car_dimension_with_entrant_and_observed_usage_context,900ddfcb701b1977f16e33501302742c328980f5ffcccd190d2e433bba0b5681
car_formula_ford_2020_crossle_33f_12,series_formula_ford,Formula Ford,2020,,,Crossle 33F,12,CH,Crossle 33F,,,1,3,0,3,0,0,no,3,canonical_car_dimension_with_entrant_and_observed_usage_context,900ddfcb701b1977f16e33501302742c328980f5ffcccd190d2e433bba0b5681
car_formula_ford_2020_van_diemen_rf80_120,series_formula_ford,Formula Ford,2020,,,Van Diemen RF80,120,Formula Ford,Van Diemen RF80,,,1,6,0,6,0,0,no,6,canonical_car_dimension_with_entrant_and_observed_usage_context,900ddfcb701b1977f16e33501302742c328980f5ffcccd190d2e433bba0b5681
car_formula_ford_2020_van_diemen_rf91_121,series_formula_ford,Formula Ford,2020,,,Van Diemen RF91,121,Formula Ford,Van Diemen RF91,,,1,7,0,7,0,0,no,7,canonical_car_dimension_with_entrant_and_observed_usage_context,900ddfcb701b1977f16e33501302742c328980f5ffcccd190d2e433bba0b5681
car_formula_ford_2020_jonathan_browne_122,series_formula_ford,Formula Ford,2020,,,Jonathan BROWNE,122,Pro,Jonathan BROWNE,,,1,1,0,1,0,0,no,1,canonical_car_dimension_with_entrant_and_observed_usage_context,900ddfcb701b1977f16e33501302742c328980f5ffcccd190d2e433bba0b5681
car_formula_ford_2020_ray_gr18_122,series_formula_ford,Formula Ford,2020,,,Ray GR18,122,Formula Ford,Ray GR18,,,1,9,0,9,0,0,no,9,canonical_car_dimension_with_entrant_and_observed_usage_context,900ddfcb701b1977f16e33501302742c328980f5ffcccd190d2e433bba0b5681
car_formula_ford_2020_ray_gr19_122,series_formula_ford,Formula Ford,2020,,,Ray GR19,122,Pro,Ray GR19,,,1,10,0,10,0,0,no,10,canonical_car_dimension_with_entrant_and_observed_usage_context,900ddfcb701b1977f16e33501302742c328980f5ffcccd190d2e433bba0b5681
car_formula_ford_2020_formula_ford_123,series_formula_ford,Formula Ford,2020,,,Formula Ford,123,O,Formula Ford,,,1,3,0,3,27,30,yes,3,canonical_car_dimension_with_entrant_and_observed_usage_context,900ddfcb701b1977f16e33501302742c328980f5ffcccd190d2e433bba0b5681
car_formula_ford_2020_ray_gr18_123,series_formula_ford,Formula Ford,2020,,,Ray GR18,123,Formula Ford,Ray GR18,,,1,3,0,3,51,54,yes,3,canonical_car_dimension_with_entrant_and_observed_usage_context,900ddfcb701b1977f16e33501302742c328980f5ffcccd190d2e433bba0b5681
car_formula_ford_2020_medina_sport_bh21_124,series_formula_ford,Formula Ford,2020,,,Medina Sport BH21,124,Formula Ford,Medina Sport BH21,,,1,2,0,2,0,0,no,2,canonical_car_dimension_with_entrant_and_observed_usage_context,900ddfcb701b1977f16e33501302742c328980f5ffcccd190d2e433bba0b5681
car_formula_ford_2020_spectrum_125,series_formula_ford,Formula Ford,2020,,,Spectrum,125,Formula Ford,Spectrum,,,1,4,0,4,0,0,no,4,canonical_car_dimension_with_entrant_and_observed_usage_context,900ddfcb701b1977f16e33501302742c328980f5ffcccd190d2e433bba0b5681
car_formula_ford_2020_ray_gr07_127,series_formula_ford,Formula Ford,2020,,,Ray GR07,127,Formula Ford,Ray GR07,,,1,3,0,3,0,0,no,3,canonical_car_dimension_with_entrant_and_observed_usage_context,900ddfcb701b1977f16e33501302742c328980f5ffcccd190d2e433bba0b5681
car_formula_ford_2020_van_diemen_rf03_129,series_formula_ford,Formula Ford,2020,,,Van Diemen RF03,129,Formula Ford,Van Diemen RF03,,,1,4,0,4,0,0,no,4,canonical_car_dimension_with_entrant_and_observed_usage_context,900ddfcb701b1977f16e33501302742c328980f5ffcccd190d2e433bba0b5681
car_formula_ford_2020_reynard_ff1600_13,series_formula_ford,Formula Ford,2020,,,Reynard FF1600,13,H,Reynard FF1600,,,1,3,0,3,0,0,no,3,canonical_car_dimension_with_entrant_and_observed_usage_context,900ddfcb701b1977f16e33501302742c328980f5ffcccd190d2e433bba0b5681
car_formula_ford_2020_van_diemen_rf79_13,series_formula_ford,Formula Ford,2020,,,Van Diemen RF79,13,SCD,Van Diemen RF79,,,1,8,0,8,0,0,no,8,canonical_car_dimension_with_entrant_and_observed_usage_context,900ddfcb701b1977f16e33501302742c328980f5ffcccd190d2e433bba0b5681
car_formula_ford_2020_vector_tf93_13,series_formula_ford,Formula Ford,2020,,,Vector TF93,13,Formula Ford,Vector TF93,,,1,2,0,2,0,0,no,2,canonical_car_dimension_with_entrant_and_observed_usage_context,900ddfcb701b1977f16e33501302742c328980f5ffcccd190d2e433bba0b5681
car_formula_ford_2020_hawke_dl2_130,series_formula_ford,Formula Ford,2020,,,Hawke DL2,130,Formula Ford,Hawke DL2,,,1,6,0,6,0,0,no,6,canonical_car_dimension_with_entrant_and_observed_usage_context,900ddfcb701b1977f16e33501302742c328980f5ffcccd190d2e433bba0b5681
car_formula_ford_2020_van_diemen_rf85_134,series_formula_ford,Formula Ford,2020,,,Van Diemen RF85,134,Formula Ford,Van Diemen RF85,,,1,7,0,7,0,0,no,7,canonical_car_dimension_with_entrant_and_observed_usage_context,900ddfcb701b1977f16e33501302742c328980f5ffcccd190d2e433bba0b5681
car_formula_ford_2020_ray_gr17_135,series_formula_ford,Formula Ford,2020,,,Ray GR17,135,Formula Ford,Ray GR17,,,1,2,0,2,0,0,no,2,canonical_car_dimension_with_entrant_and_observed_usage_context,900ddfcb701b1977f16e33501302742c328980f5ffcccd190d2e433bba0b5681
car_formula_ford_2020_hawke_dl2b_14,series_formula_ford,Formula Ford,2020,,,Hawke DL2B,14,SCD,Hawke DL2B,,,1,3,0,3,0,0,no,3,canonical_car_dimension_with_entrant_and_observed_usage_context,900ddfcb701b1977f16e33501302742c328980f5ffcccd190d2e433bba0b5681
car_formula_ford_2020_mygale_em18_14,series_formula_ford,Formula Ford,2020,,,Mygale EM18,14,Formula Ford,Mygale EM18,,,1,5,0,5,0,0,no,5,canonical_car_dimension_with_entrant_and_observed_usage_context,900ddfcb701b1977f16e33501302742c328980f5ffcccd190d2e433bba0b5681
car_formula_ford_2020_1976_crossle_30f_1600_142,series_formula_ford,Formula Ford,2020,,,1976 Crossle 30f 1600,142,H,1976 Crossle 30f 1600,,,1,2,0,2,0,0,no,2,canonical_car_dimension_with_entrant_and_observed_usage_context,900ddfcb701b1977f16e33501302742c328980f5ffcccd190d2e433bba0b5681
car_formula_ford_2020_reynard_88ff_143,series_formula_ford,Formula Ford,2020,,,Reynard 88FF,143,JC,Reynard 88FF,,,1,7,0,7,0,0,no,7,canonical_car_dimension_with_entrant_and_observed_usage_context,900ddfcb701b1977f16e33501302742c328980f5ffcccd190d2e433bba0b5681
car_formula_ford_2020_royale_rp21_149,series_formula_ford,Formula Ford,2020,,,Royale RP21,149,Formula Ford,Royale RP21,,,1,7,0,7,0,0,no,7,canonical_car_dimension_with_entrant_and_observed_usage_context,900ddfcb701b1977f16e33501302742c328980f5ffcccd190d2e433bba0b5681
car_formula_ford_2020_1969_merlyn_mk11a_20_1600_15,series_formula_ford,Formula Ford,2020,,,1969 Merlyn MK11a/20 1600,15,H,1969 Merlyn MK11a/20 1600,,,1,3,0,3,0,0,no,3,canonical_car_dimension_with_entrant_and_observed_usage_context,900ddfcb701b1977f16e33501302742c328980f5ffcccd190d2e433bba0b5681
car_formula_ford_2020_medina_bh19_15,series_formula_ford,Formula Ford,2020,,,Medina BH19,15,Pro,Medina BH19,,,1,10,0,10,0,0,no,10,canonical_car_dimension_with_entrant_and_observed_usage_context,900ddfcb701b1977f16e33501302742c328980f5ffcccd190d2e433bba0b5681
car_formula_ford_2020_reynard_89_15,series_formula_ford,Formula Ford,2020,,,Reynard 89,15,SCB,Reynard 89,,,1,6,0,6,0,0,no,6,canonical_car_dimension_with_entrant_and_observed_usage_context,900ddfcb701b1977f16e33501302742c328980f5ffcccd190d2e433bba0b5681
car_formula_ford_2020_ray_gr89_155,series_formula_ford,Formula Ford,2020,,,Ray GR89,155,Formula Ford,Ray GR89,,,1,5,0,5,0,0,no,5,canonical_car_dimension_with_entrant_and_observed_usage_context,900ddfcb701b1977f16e33501302742c328980f5ffcccd190d2e433bba0b5681
car_formula_ford_2020_spectrum_kmr_156,series_formula_ford,Formula Ford,2020,,,Spectrum KMR,156,Pro,Spectrum KMR,,,1,6,0,6,0,0,no,6,canonical_car_dimension_with_entrant_and_observed_usage_context,900ddfcb701b1977f16e33501302742c328980f5ffcccd190d2e433bba0b5681
car_formula_ford_2020_lola_t200_157,series_formula_ford,Formula Ford,2020,,,Lola T200,157,Formula Ford,Lola T200,,,1,5,0,5,0,0,no,5,canonical_car_dimension_with_entrant_and_observed_usage_context,900ddfcb701b1977f16e33501302742c328980f5ffcccd190d2e433bba0b5681
car_formula_ford_2020_1980_van_diemen_rf80_1600_16,series_formula_ford,Formula Ford,2020,,,1980 Van Diemen RF80 1600,16,H,1980 Van Diemen RF80 1600,,,1,3,0,3,0,0,no,3,canonical_car_dimension_with_entrant_and_observed_usage_context,900ddfcb701b1977f16e33501302742c328980f5ffcccd190d2e433bba0b5681
car_formula_ford_2020_van_diemen_la10_16,series_formula_ford,Formula Ford,2020,,,Van Diemen LA10,16,Club,Van Diemen LA10,,,1,9,0,9,0,0,no,9,canonical_car_dimension_with_entrant_and_observed_usage_context,900ddfcb701b1977f16e33501302742c328980f5ffcccd190d2e433bba0b5681
car_formula_ford_2020_van_diemen_rf80_169,series_formula_ford,Formula Ford,2020,,,Van Diemen RF80,169,SCC,Van Diemen RF80,,,1,1,0,1,0,0,no,1,canonical_car_dimension_with_entrant_and_observed_usage_context,900ddfcb701b1977f16e33501302742c328980f5ffcccd190d2e433bba0b5681
car_formula_ford_2020_van_diemen_rf92_169,series_formula_ford,Formula Ford,2020,,,Van Diemen RF92,169,Formula Ford,Van Diemen RF92,,,1,6,0,6,0,0,no,6,canonical_car_dimension_with_entrant_and_observed_usage_context,900ddfcb701b1977f16e33501302742c328980f5ffcccd190d2e433bba0b5681
car_formula_ford_2020_kmr_spectrum_17,series_formula_ford,Formula Ford,2020,,,KMR Spectrum,17,Pro,KMR Spectrum,,,1,10,0,10,0,0,no,10,canonical_car_dimension_with_entrant_and_observed_usage_context,900ddfcb701b1977f16e33501302742c328980f5ffcccd190d2e433bba0b5681
car_formula_ford_2020_ray_gr92_17,series_formula_ford,Formula Ford,2020,,,Ray GR92,17,Formula Ford,Ray GR92,,,1,9,0,9,0,0,no,9,canonical_car_dimension_with_entrant_and_observed_usage_context,900ddfcb701b1977f16e33501302742c328980f5ffcccd190d2e433bba0b5681
car_formula_ford_2020_van_diemen_rf90_17,series_formula_ford,Formula Ford,2020,,,Van Diemen RF90,17,H,Van Diemen RF90,,,1,3,0,3,0,0,no,3,canonical_car_dimension_with_entrant_and_observed_usage_context,900ddfcb701b1977f16e33501302742c328980f5ffcccd190d2e433bba0b5681
car_formula_ford_2020_merlyn_mk20_176,series_formula_ford,Formula Ford,2020,,,Merlyn Mk20,176,Formula Ford,Merlyn Mk20,,,1,4,0,4,0,0,no,4,canonical_car_dimension_with_entrant_and_observed_usage_context,900ddfcb701b1977f16e33501302742c328980f5ffcccd190d2e433bba0b5681
car_formula_ford_2020_crossle_32f_177,series_formula_ford,Formula Ford,2020,,,Crossle 32F,177,SCC,Crossle 32F,,,1,5,0,5,0,0,no,5,canonical_car_dimension_with_entrant_and_observed_usage_context,900ddfcb701b1977f16e33501302742c328980f5ffcccd190d2e433bba0b5681
car_formula_ford_2020_van_diemen_jl15_177,series_formula_ford,Formula Ford,2020,,,Van Diemen JL15,177,Pro,Van Diemen JL15,,,1,10,0,10,0,0,no,10,canonical_car_dimension_with_entrant_and_observed_usage_context,900ddfcb701b1977f16e33501302742c328980f5ffcccd190d2e433bba0b5681
car_formula_ford_2020_spectrum_011c_18,series_formula_ford,Formula Ford,2020,,,Spectrum 011C,18,Pro,Spectrum 011C,,,1,3,0,3,0,0,no,3,canonical_car_dimension_with_entrant_and_observed_usage_context,900ddfcb701b1977f16e33501302742c328980f5ffcccd190d2e433bba0b5681
car_formula_ford_2020_van_diemen_rf87_18,series_formula_ford,Formula Ford,2020,,,Van Diemen RF87,18,H,Van Diemen RF87,,,2,10,0,10,0,0,no,10,canonical_car_dimension_with_entrant_and_observed_usage_context,900ddfcb701b1977f16e33501302742c328980f5ffcccd190d2e433bba0b5681
car_formula_ford_2020_1988_van_diemen_rf88_1600_188,series_formula_ford,Formula Ford,2020,,,1988 Van Diemen RF88 1600,188,H,1988 Van Diemen RF88 1600,,,1,3,0,3,0,0,no,3,canonical_car_dimension_with_entrant_and_observed_usage_context,900ddfcb701b1977f16e33501302742c328980f5ffcccd190d2e433bba0b5681
car_formula_ford_2020_van_diemen_rf99_188,series_formula_ford,Formula Ford,2020,,,Van Diemen RF99,188,Formula Ford,Van Diemen RF99,,,1,3,0,3,0,0,no,3,canonical_car_dimension_with_entrant_and_observed_usage_context,900ddfcb701b1977f16e33501302742c328980f5ffcccd190d2e433bba0b5681
car_formula_ford_2020_medina_sport_jl17_189,series_formula_ford,Formula Ford,2020,,,Medina Sport JL17,189,Formula Ford,Medina Sport JL17,,,1,4,0,4,0,0,no,4,canonical_car_dimension_with_entrant_and_observed_usage_context,900ddfcb701b1977f16e33501302742c328980f5ffcccd190d2e433bba0b5681
car_formula_ford_2020_crossle_32f_19,series_formula_ford,Formula Ford,2020,,,Crossle 32F,19,SCC,Crossle 32F,,,1,5,0,5,0,0,no,5,canonical_car_dimension_with_entrant_and_observed_usage_context,900ddfcb701b1977f16e33501302742c328980f5ffcccd190d2e433bba0b5681
car_formula_ford_2020_van_diemen_rf89_19,series_formula_ford,Formula Ford,2020,,,Van Diemen RF89,19,H,Van Diemen RF89,,,1,3,0,3,0,0,no,3,canonical_car_dimension_with_entrant_and_observed_usage_context,900ddfcb701b1977f16e33501302742c328980f5ffcccd190d2e433bba0b5681
car_formula_ford_2020_royale_rp24_194,series_formula_ford,Formula Ford,2020,,,Royale RP24,194,JC,Royale RP24,,,1,1,0,1,0,0,no,1,canonical_car_dimension_with_entrant_and_observed_usage_context,900ddfcb701b1977f16e33501302742c328980f5ffcccd190d2e433bba0b5681
car_formula_ford_2020_van_diemen_rf90_194,series_formula_ford,Formula Ford,2020,,,Van Diemen RF90,194,Formula Ford,Van Diemen RF90,,,1,6,0,6,0,0,no,6,canonical_car_dimension_with_entrant_and_observed_usage_context,900ddfcb701b1977f16e33501302742c328980f5ffcccd190d2e433bba0b5681
car_formula_ford_2020_ray_gr19k_196,series_formula_ford,Formula Ford,2020,,,Ray GR19K,196,Formula Ford,Ray GR19K,,,1,4,0,4,0,0,no,4,canonical_car_dimension_with_entrant_and_observed_usage_context,900ddfcb701b1977f16e33501302742c328980f5ffcccd190d2e433bba0b5681
car_formula_ford_2020_1975_crossle_30_32_1600_2,series_formula_ford,Formula Ford,2020,,,1975 Crossle 30/32 1600,2,H,1975 Crossle 30/32 1600,,,1,2,0,2,0,0,no,2,canonical_car_dimension_with_entrant_and_observed_usage_context,900ddfcb701b1977f16e33501302742c328980f5ffcccd190d2e433bba0b5681
car_formula_ford_2020_royale_rp28_2,series_formula_ford,Formula Ford,2020,,,Royale RP28,2,Formula Ford,Royale RP28,,,1,6,0,6,0,0,no,6,canonical_car_dimension_with_entrant_and_observed_usage_context,900ddfcb701b1977f16e33501302742c328980f5ffcccd190d2e433bba0b5681
car_formula_ford_2020_van_diemen_jl13_2,series_formula_ford,Formula Ford,2020,,,Van Diemen JL13,2,Pro,Van Diemen JL13,,,2,7,0,7,0,0,no,7,canonical_car_dimension_with_entrant_and_observed_usage_context,900ddfcb701b1977f16e33501302742c328980f5ffcccd190d2e433bba0b5681
car_formula_ford_2020_van_diemen_rf78_20,series_formula_ford,Formula Ford,2020,,,Van Diemen RF78,20,Formula Ford,Van Diemen RF78,,,1,5,0,5,0,0,no,5,canonical_car_dimension_with_entrant_and_observed_usage_context,900ddfcb701b1977f16e33501302742c328980f5ffcccd190d2e433bba0b5681
car_formula_ford_2020_ray_gr18_21,series_formula_ford,Formula Ford,2020,,,Ray GR18,21,Formula Ford,Ray GR18,,,1,8,0,8,88,96,yes,8,canonical_car_dimension_with_entrant_and_observed_usage_context,900ddfcb701b1977f16e33501302742c328980f5ffcccd190d2e433bba0b5681
car_formula_ford_2020_ray_07_217,series_formula_ford,Formula Ford,2020,,,Ray 07,217,Pro,Ray 07,,,1,7,0,7,0,0,no,7,canonical_car_dimension_with_entrant_and_observed_usage_context,900ddfcb701b1977f16e33501302742c328980f5ffcccd190d2e433bba0b5681
car_formula_ford_2020_royale_rp29_217,series_formula_ford,Formula Ford,2020,,,Royale RP29,217,SCC,Royale RP29,,,1,9,0,9,0,0,no,9,canonical_car_dimension_with_entrant_and_observed_usage_context,900ddfcb701b1977f16e33501302742c328980f5ffcccd190d2e433bba0b5681
car_formula_ford_2020_1978_van_diemen_rf78_1600_22,series_formula_ford,Formula Ford,2020,,,1978 Van Diemen RF78 1600,22,H,1978 Van Diemen RF78 1600,,,1,3,0,3,0,0,no,3,canonical_car_dimension_with_entrant_and_observed_usage_context,900ddfcb701b1977f16e33501302742c328980f5ffcccd190d2e433bba0b5681
car_formula_ford_2020_ray_gr_18_22,series_formula_ford,Formula Ford,2020,,,Ray GR 18,22,Pro,Ray GR 18,,,1,3,0,3,0,0,no,3,canonical_car_dimension_with_entrant_and_observed_usage_context,900ddfcb701b1977f16e33501302742c328980f5ffcccd190d2e433bba0b5681
car_formula_ford_2020_ray_gr19_22,series_formula_ford,Formula Ford,2020,,,Ray GR19,22,Formula Ford,Ray GR19,,,1,7,0,7,0,0,no,7,canonical_car_dimension_with_entrant_and_observed_usage_context,900ddfcb701b1977f16e33501302742c328980f5ffcccd190d2e433bba0b5681
car_formula_ford_2020_merlyn_mk20_221,series_formula_ford,Formula Ford,2020,,,Merlyn Mk20,221,Formula Ford,Merlyn Mk20,,,1,8,0,8,0,0,no,8,canonical_car_dimension_with_entrant_and_observed_usage_context,900ddfcb701b1977f16e33501302742c328980f5ffcccd190d2e433bba0b5681
car_formula_ford_2020_swift_sc92_222,series_formula_ford,Formula Ford,2020,,,Swift SC92,222,SCA,Swift SC92,,,1,7,0,7,0,0,no,7,canonical_car_dimension_with_entrant_and_observed_usage_context,900ddfcb701b1977f16e33501302742c328980f5ffcccd190d2e433bba0b5681
car_formula_ford_2020_van_diemen_rf04_225,series_formula_ford,Formula Ford,2020,,,Van Diemen RF04,225,Formula Ford,Van Diemen RF04,,,1,3,0,3,0,0,no,3,canonical_car_dimension_with_entrant_and_observed_usage_context,900ddfcb701b1977f16e33501302742c328980f5ffcccd190d2e433bba0b5681
car_formula_ford_2020_merlyn_mk20as_23,series_formula_ford,Formula Ford,2020,,,Merlyn Mk20AS,23,Formula Ford,Merlyn Mk20AS,,,1,4,0,4,0,0,no,4,canonical_car_dimension_with_entrant_and_observed_usage_context,900ddfcb701b1977f16e33501302742c328980f5ffcccd190d2e433bba0b5681
car_formula_ford_2020_ray_gr18_23,series_formula_ford,Formula Ford,2020,,,Ray GR18,23,Pro,Ray GR18,,,1,3,0,3,27,30,yes,3,canonical_car_dimension_with_entrant_and_observed_usage_context,900ddfcb701b1977f16e33501302742c328980f5ffcccd190d2e433bba0b5681
car_formula_ford_2020_ray_gr19_23,series_formula_ford,Formula Ford,2020,,,Ray GR19,23,Pro,Ray GR19,,,1,7,0,7,89,96,yes,7,canonical_car_dimension_with_entrant_and_observed_usage_context,900ddfcb701b1977f16e33501302742c328980f5ffcccd190d2e433bba0b5681
car_formula_ford_2020_medina_sport_bh20_24,series_formula_ford,Formula Ford,2020,,,Medina Sport BH20,24,Formula Ford,Medina Sport BH20,,,1,17,0,17,0,0,no,17,canonical_car_dimension_with_entrant_and_observed_usage_context,900ddfcb701b1977f16e33501302742c328980f5ffcccd190d2e433bba0b5681
car_formula_ford_2020_van_diemen_rf88_24,series_formula_ford,Formula Ford,2020,,,Van Diemen RF88,24,JC,Van Diemen RF88,,,1,7,0,7,0,0,no,7,canonical_car_dimension_with_entrant_and_observed_usage_context,900ddfcb701b1977f16e33501302742c328980f5ffcccd190d2e433bba0b5681
car_formula_ford_2020_spectrum_09_25,series_formula_ford,Formula Ford,2020,,,Spectrum 09,25,Formula Ford,Spectrum 09,,,1,4,0,4,0,0,no,4,canonical_car_dimension_with_entrant_and_observed_usage_context,900ddfcb701b1977f16e33501302742c328980f5ffcccd190d2e433bba0b5681
car_formula_ford_2020_spectrum_kmr_25,series_formula_ford,Formula Ford,2020,,,Spectrum KMR,25,Pro,Spectrum KMR,,,1,14,0,14,0,0,no,14,canonical_car_dimension_with_entrant_and_observed_usage_context,900ddfcb701b1977f16e33501302742c328980f5ffcccd190d2e433bba0b5681
car_formula_ford_2020_ray_gr13_251,series_formula_ford,Formula Ford,2020,,,Ray GR13,251,Formula Ford,Ray GR13,,,1,4,0,4,0,0,no,4,canonical_car_dimension_with_entrant_and_observed_usage_context,900ddfcb701b1977f16e33501302742c328980f5ffcccd190d2e433bba0b5681
car_formula_ford_2020_ray_gr06_26,series_formula_ford,Formula Ford,2020,,,Ray GR06,26,Formula Ford,Ray GR06,,,1,4,0,4,0,0,no,4,canonical_car_dimension_with_entrant_and_observed_usage_context,900ddfcb701b1977f16e33501302742c328980f5ffcccd190d2e433bba0b5681
car_formula_ford_2020_swift_sc92_27,series_formula_ford,Formula Ford,2020,,,SWIFT SC92,27,H,SWIFT SC92,,,1,3,0,3,0,0,no,3,canonical_car_dimension_with_entrant_and_observed_usage_context,900ddfcb701b1977f16e33501302742c328980f5ffcccd190d2e433bba0b5681
car_formula_ford_2020_van_diemen_rf90_27,series_formula_ford,Formula Ford,2020,,,Van Diemen RF90,27,Formula Ford,Van Diemen RF90,,,1,12,0,12,0,0,no,12,canonical_car_dimension_with_entrant_and_observed_usage_context,900ddfcb701b1977f16e33501302742c328980f5ffcccd190d2e433bba0b5681
car_formula_ford_2020_firman_rfr20_277,series_formula_ford,Formula Ford,2020,,,Firman RFR20,277,Pro,Firman RFR20,,,1,7,0,7,0,0,no,7,canonical_car_dimension_with_entrant_and_observed_usage_context,900ddfcb701b1977f16e33501302742c328980f5ffcccd190d2e433bba0b5681
car_formula_ford_2020_ray_gr11_28,series_formula_ford,Formula Ford,2020,,,Ray GR11,28,Formula Ford,Ray GR11,,,1,8,0,8,0,0,no,8,canonical_car_dimension_with_entrant_and_observed_usage_context,900ddfcb701b1977f16e33501302742c328980f5ffcccd190d2e433bba0b5681
car_formula_ford_2020_van_diemen_jl13_29,series_formula_ford,Formula Ford,2020,,,Van Diemen JL13,29,Formula Ford,Van Diemen JL13,,,1,7,0,7,0,0,no,7,canonical_car_dimension_with_entrant_and_observed_usage_context,900ddfcb701b1977f16e33501302742c328980f5ffcccd190d2e433bba0b5681
car_formula_ford_2020_van_diemen_rf79_29,series_formula_ford,Formula Ford,2020,,,Van Diemen RF79,29,Formula Ford,Van Diemen RF79,,,1,2,0,2,0,0,no,2,canonical_car_dimension_with_entrant_and_observed_usage_context,900ddfcb701b1977f16e33501302742c328980f5ffcccd190d2e433bba0b5681
car_formula_ford_2020_91_van_diemen_rf91_1600_3,series_formula_ford,Formula Ford,2020,,,91 Van Diemen RF91 1600,3,H,91 Van Diemen RF91 1600,,,1,3,0,3,0,0,no,3,canonical_car_dimension_with_entrant_and_observed_usage_context,900ddfcb701b1977f16e33501302742c328980f5ffcccd190d2e433bba0b5681
car_formula_ford_2020_ray_gr17_3,series_formula_ford,Formula Ford,2020,,,Ray GR17,3,Formula Ford,Ray GR17,,,1,4,0,4,0,0,no,4,canonical_car_dimension_with_entrant_and_observed_usage_context,900ddfcb701b1977f16e33501302742c328980f5ffcccd190d2e433bba0b5681
car_formula_ford_2020_spectrum_o11d_3,series_formula_ford,Formula Ford,2020,,,Spectrum O11D,3,Pro,Spectrum O11D,,,1,4,0,4,0,0,no,4,canonical_car_dimension_with_entrant_and_observed_usage_context,900ddfcb701b1977f16e33501302742c328980f5ffcccd190d2e433bba0b5681
car_formula_ford_2020_formula_ford_30,series_formula_ford,Formula Ford,2020,,,Formula Ford,30,O,Formula Ford,,,1,3,0,3,0,0,no,3,canonical_car_dimension_with_entrant_and_observed_usage_context,900ddfcb701b1977f16e33501302742c328980f5ffcccd190d2e433bba0b5681
car_formula_ford_2020_ray_gr09_30,series_formula_ford,Formula Ford,2020,,,Ray GR09,30,Formula Ford,Ray GR09,,,2,7,0,7,0,0,no,7,canonical_car_dimension_with_entrant_and_observed_usage_context,900ddfcb701b1977f16e33501302742c328980f5ffcccd190d2e433bba0b5681
car_formula_ford_2020_ray_gr15_30,series_formula_ford,Formula Ford,2020,,,Ray GR15,30,Formula Ford,Ray GR15,,,1,13,0,13,0,0,no,13,canonical_car_dimension_with_entrant_and_observed_usage_context,900ddfcb701b1977f16e33501302742c328980f5ffcccd190d2e433bba0b5681
car_formula_ford_2020_van_diemen_la10_317,series_formula_ford,Formula Ford,2020,,,Van Diemen LA10,317,SCD,Van Diemen LA10,,,1,6,0,6,0,0,no,6,canonical_car_dimension_with_entrant_and_observed_usage_context,900ddfcb701b1977f16e33501302742c328980f5ffcccd190d2e433bba0b5681
car_formula_ford_2020_van_diemen_rf86_32,series_formula_ford,Formula Ford,2020,,,Van Diemen RF86,32,JC,Van Diemen RF86,,,1,5,0,5,0,0,no,5,canonical_car_dimension_with_entrant_and_observed_usage_context,900ddfcb701b1977f16e33501302742c328980f5ffcccd190d2e433bba0b5681
car_formula_ford_2020_2012_van_diemen_jl012k_1600_33,series_formula_ford,Formula Ford,2020,,,2012 Van Diemen JL012K 1600,33,O,2012 Van Diemen JL012K 1600,,,1,3,0,3,0,0,no,3,canonical_car_dimension_with_entrant_and_observed_usage_context,900ddfcb701b1977f16e33501302742c328980f5ffcccd190d2e433bba0b5681
car_formula_ford_2020_ray_gr17_33,series_formula_ford,Formula Ford,2020,,,Ray GR17,33,Formula Ford,Ray GR17,,,1,2,0,2,0,0,no,2,canonical_car_dimension_with_entrant_and_observed_usage_context,900ddfcb701b1977f16e33501302742c328980f5ffcccd190d2e433bba0b5681
car_formula_ford_2020_ray_gr17k_35,series_formula_ford,Formula Ford,2020,,,Ray GR17K,35,Formula Ford,Ray GR17K,,,1,10,0,10,0,0,no,10,canonical_car_dimension_with_entrant_and_observed_usage_context,900ddfcb701b1977f16e33501302742c328980f5ffcccd190d2e433bba0b5681
car_formula_ford_2020_swift_sc18_35,series_formula_ford,Formula Ford,2020,,,Swift SC18,35,Formula Ford,Swift SC18,,,1,4,0,4,0,0,no,4,canonical_car_dimension_with_entrant_and_observed_usage_context,900ddfcb701b1977f16e33501302742c328980f5ffcccd190d2e433bba0b5681
car_formula_ford_2020_swift_sc95_36,series_formula_ford,Formula Ford,2020,,,Swift SC95,36,Formula Ford,Swift SC95,,,1,4,0,4,0,0,no,4,canonical_car_dimension_with_entrant_and_observed_usage_context,900ddfcb701b1977f16e33501302742c328980f5ffcccd190d2e433bba0b5681
car_formula_ford_2020_van_diemen_rf89_36,series_formula_ford,Formula Ford,2020,,,Van Diemen RF89,36,H,Van Diemen RF89,,,1,8,0,8,0,0,no,8,canonical_car_dimension_with_entrant_and_observed_usage_context,900ddfcb701b1977f16e33501302742c328980f5ffcccd190d2e433bba0b5681
car_formula_ford_2020_mygale_gv15k_38,series_formula_ford,Formula Ford,2020,,,Mygale GV15K,38,P,Mygale GV15K,,,1,3,0,3,0,0,no,3,canonical_car_dimension_with_entrant_and_observed_usage_context,900ddfcb701b1977f16e33501302742c328980f5ffcccd190d2e433bba0b5681
car_formula_ford_2020_van_diemen_rf81_39,series_formula_ford,Formula Ford,2020,,,Van Diemen RF81,39,Formula Ford,Van Diemen RF81,,,1,5,0,5,0,0,no,5,canonical_car_dimension_with_entrant_and_observed_usage_context,900ddfcb701b1977f16e33501302742c328980f5ffcccd190d2e433bba0b5681
car_formula_ford_2020_van_dieman_rf89_4,series_formula_ford,Formula Ford,2020,,,Van Dieman RF89,4,SCB,Van Dieman RF89,,,1,7,0,7,0,0,no,7,canonical_car_dimension_with_entrant_and_observed_usage_context,900ddfcb701b1977f16e33501302742c328980f5ffcccd190d2e433bba0b5681
car_formula_ford_2020_van_diemen_jl13_4,series_formula_ford,Formula Ford,2020,,,Van Diemen JL13,4,Pro,Van Diemen JL13,,,1,5,0,5,0,0,no,5,canonical_car_dimension_with_entrant_and_observed_usage_context,900ddfcb701b1977f16e33501302742c328980f5ffcccd190d2e433bba0b5681
car_formula_ford_2020_van_diemen_rr80_4,series_formula_ford,Formula Ford,2020,,,Van Diemen RR80,4,Formula Ford,Van Diemen RR80,,,1,4,0,4,0,0,no,4,canonical_car_dimension_with_entrant_and_observed_usage_context,900ddfcb701b1977f16e33501302742c328980f5ffcccd190d2e433bba0b5681
car_formula_ford_2020_van_diemen_rf78_40,series_formula_ford,Formula Ford,2020,,,Van Diemen RF78,40,SCC,Van Diemen RF78,,,1,5,0,5,0,0,no,5,canonical_car_dimension_with_entrant_and_observed_usage_context,900ddfcb701b1977f16e33501302742c328980f5ffcccd190d2e433bba0b5681
car_formula_ford_2020_merlyn_mk20a_41,series_formula_ford,Formula Ford,2020,,,Merlyn Mk20A,41,Formula Ford,Merlyn Mk20A,,,1,4,0,4,0,0,no,4,canonical_car_dimension_with_entrant_and_observed_usage_context,900ddfcb701b1977f16e33501302742c328980f5ffcccd190d2e433bba0b5681
car_formula_ford_2020_van_diemen_rf00_41,series_formula_ford,Formula Ford,2020,,,Van Diemen RF00,41,Formula Ford,Van Diemen RF00,,,3,12,0,12,0,0,no,12,canonical_car_dimension_with_entrant_and_observed_usage_context,900ddfcb701b1977f16e33501302742c328980f5ffcccd190d2e433bba0b5681
car_formula_ford_2020_1988_van_diemen_rf88_1600_42,series_formula_ford,Formula Ford,2020,,,1988 Van Diemen RF88 1600,42,H,1988 Van Diemen RF88 1600,,,1,3,0,3,0,0,no,3,canonical_car_dimension_with_entrant_and_observed_usage_context,900ddfcb701b1977f16e33501302742c328980f5ffcccd190d2e433bba0b5681
car_formula_ford_2020_ray_gr15_42,series_formula_ford,Formula Ford,2020,,,Ray GR15,42,Formula Ford,Ray GR15,,,2,8,0,8,0,0,no,8,canonical_car_dimension_with_entrant_and_observed_usage_context,900ddfcb701b1977f16e33501302742c328980f5ffcccd190d2e433bba0b5681
car_formula_ford_2020_van_diemen_rf99_42,series_formula_ford,Formula Ford,2020,,,Van Diemen RF99,42,Formula Ford,Van Diemen RF99,,,1,3,0,3,0,0,no,3,canonical_car_dimension_with_entrant_and_observed_usage_context,900ddfcb701b1977f16e33501302742c328980f5ffcccd190d2e433bba0b5681
car_formula_ford_2020_vandiemen_rf99_42,series_formula_ford,Formula Ford,2020,,,VanDiemen RF99,42,Pro,VanDiemen RF99,,,1,4,0,4,0,0,no,4,canonical_car_dimension_with_entrant_and_observed_usage_context,900ddfcb701b1977f16e33501302742c328980f5ffcccd190d2e433bba0b5681
car_formula_ford_2020_reynard_89_43,series_formula_ford,Formula Ford,2020,,,Reynard 89,43,SCB,Reynard 89,,,1,5,0,5,0,0,no,5,canonical_car_dimension_with_entrant_and_observed_usage_context,900ddfcb701b1977f16e33501302742c328980f5ffcccd190d2e433bba0b5681
car_formula_ford_2020_van_diemen_rf99_43,series_formula_ford,Formula Ford,2020,,,Van Diemen RF99,43,Formula Ford,Van Diemen RF99,,,1,3,0,3,0,0,no,3,canonical_car_dimension_with_entrant_and_observed_usage_context,900ddfcb701b1977f16e33501302742c328980f5ffcccd190d2e433bba0b5681
car_formula_ford_2020_ray_gr07_44,series_formula_ford,Formula Ford,2020,,,Ray GR07,44,Formula Ford,Ray GR07,,,1,3,0,3,0,0,no,3,canonical_car_dimension_with_entrant_and_observed_usage_context,900ddfcb701b1977f16e33501302742c328980f5ffcccd190d2e433bba0b5681
car_formula_ford_2020_medina_jl18_45,series_formula_ford,Formula Ford,2020,,,Medina JL18,45,Pro,Medina JL18,,,1,14,0,14,0,0,no,14,canonical_car_dimension_with_entrant_and_observed_usage_context,900ddfcb701b1977f16e33501302742c328980f5ffcccd190d2e433bba0b5681
car_formula_ford_2020_medina_sport_jl18_45,series_formula_ford,Formula Ford,2020,,,Medina Sport JL18,45,Formula Ford,Medina Sport JL18,,,1,7,0,7,0,0,no,7,canonical_car_dimension_with_entrant_and_observed_usage_context,900ddfcb701b1977f16e33501302742c328980f5ffcccd190d2e433bba0b5681
car_formula_ford_2020_swift_sc18_46,series_formula_ford,Formula Ford,2020,,,Swift SC18,46,Pro,Swift SC18,,,1,18,0,18,0,0,no,18,canonical_car_dimension_with_entrant_and_observed_usage_context,900ddfcb701b1977f16e33501302742c328980f5ffcccd190d2e433bba0b5681
car_formula_ford_2020_van_diemen_rf78_47,series_formula_ford,Formula Ford,2020,,,Van Diemen RF78,47,Formula Ford,Van Diemen RF78,,,1,6,0,6,0,0,no,6,canonical_car_dimension_with_entrant_and_observed_usage_context,900ddfcb701b1977f16e33501302742c328980f5ffcccd190d2e433bba0b5681
car_formula_ford_2020_titan_mk4_48,series_formula_ford,Formula Ford,2020,,,Titan Mk4,48,CH,Titan Mk4,,,1,8,0,8,0,0,no,8,canonical_car_dimension_with_entrant_and_observed_usage_context,900ddfcb701b1977f16e33501302742c328980f5ffcccd190d2e433bba0b5681
car_formula_ford_2020_spectrum_011c_49,series_formula_ford,Formula Ford,2020,,,Spectrum 011C,49,Formula Ford,Spectrum 011C,,,1,7,0,7,0,0,no,7,canonical_car_dimension_with_entrant_and_observed_usage_context,900ddfcb701b1977f16e33501302742c328980f5ffcccd190d2e433bba0b5681
car_formula_ford_2020_ray_gr16_5,series_formula_ford,Formula Ford,2020,,,Ray GR16,5,Formula Ford,Ray GR16,,,1,3,0,3,0,0,no,3,canonical_car_dimension_with_entrant_and_observed_usage_context,900ddfcb701b1977f16e33501302742c328980f5ffcccd190d2e433bba0b5681
car_formula_ford_2020_swift_sc92_5,series_formula_ford,Formula Ford,2020,,,Swift SC92,5,Formula Ford,Swift SC92,,,1,6,0,6,0,0,no,6,canonical_car_dimension_with_entrant_and_observed_usage_context,900ddfcb701b1977f16e33501302742c328980f5ffcccd190d2e433bba0b5681
car_formula_ford_2020_van_diemen_rf90_5,series_formula_ford,Formula Ford,2020,,,Van Diemen RF90,5,SCA,Van Diemen RF90,,,2,10,0,10,0,0,no,10,canonical_car_dimension_with_entrant_and_observed_usage_context,900ddfcb701b1977f16e33501302742c328980f5ffcccd190d2e433bba0b5681
car_formula_ford_2020_merlyn_mk11a_50,series_formula_ford,Formula Ford,2020,,,Merlyn MK11A,50,SCD,Merlyn MK11A,,,1,6,0,6,0,0,no,6,canonical_car_dimension_with_entrant_and_observed_usage_context,900ddfcb701b1977f16e33501302742c328980f5ffcccd190d2e433bba0b5681
car_formula_ford_2020_van_diemen_rf92_50,series_formula_ford,Formula Ford,2020,,,Van Diemen RF92,50,Formula Ford,Van Diemen RF92,,,1,4,0,4,0,0,no,4,canonical_car_dimension_with_entrant_and_observed_usage_context,900ddfcb701b1977f16e33501302742c328980f5ffcccd190d2e433bba0b5681
car_formula_ford_2020_ray_gr16_51,series_formula_ford,Formula Ford,2020,,,Ray GR16,51,Pro,Ray GR16,,,1,4,0,4,0,0,no,4,canonical_car_dimension_with_entrant_and_observed_usage_context,900ddfcb701b1977f16e33501302742c328980f5ffcccd190d2e433bba0b5681
car_formula_ford_2020_reynard_ff88_52,series_formula_ford,Formula Ford,2020,,,Reynard FF88,52,SCB,Reynard FF88,,,1,3,0,3,0,0,no,3,canonical_car_dimension_with_entrant_and_observed_usage_context,900ddfcb701b1977f16e33501302742c328980f5ffcccd190d2e433bba0b5681
car_formula_ford_2020_reynard_ff86_53,series_formula_ford,Formula Ford,2020,,,Reynard FF86,53,SCB,Reynard FF86,,,1,1,0,1,0,0,no,1,canonical_car_dimension_with_entrant_and_observed_usage_context,900ddfcb701b1977f16e33501302742c328980f5ffcccd190d2e433bba0b5681
car_formula_ford_2020_crossle_32f_55,series_formula_ford,Formula Ford,2020,,,Crossle 32F,55,SCC,Crossle 32F,,,1,4,0,4,0,0,no,4,canonical_car_dimension_with_entrant_and_observed_usage_context,900ddfcb701b1977f16e33501302742c328980f5ffcccd190d2e433bba0b5681
car_formula_ford_2020_van_diemen_rf92_55,series_formula_ford,Formula Ford,2020,,,Van Diemen RF92,55,JC,Van Diemen RF92,,,1,8,0,8,0,0,no,8,canonical_car_dimension_with_entrant_and_observed_usage_context,900ddfcb701b1977f16e33501302742c328980f5ffcccd190d2e433bba0b5681
car_formula_ford_2020_1980_van_diemen_rf80_1600_56,series_formula_ford,Formula Ford,2020,,,1980 Van Diemen RF80 1600,56,H,1980 Van Diemen RF80 1600,,,1,3,0,3,0,0,no,3,canonical_car_dimension_with_entrant_and_observed_usage_context,900ddfcb701b1977f16e33501302742c328980f5ffcccd190d2e433bba0b5681
car_formula_ford_2020_reynard_89ff_56,series_formula_ford,Formula Ford,2020,,,Reynard 89FF,56,Formula Ford,Reynard 89FF,,,1,6,0,6,0,0,no,6,canonical_car_dimension_with_entrant_and_observed_usage_context,900ddfcb701b1977f16e33501302742c328980f5ffcccd190d2e433bba0b5681
car_formula_ford_2020_ray_gr08_57,series_formula_ford,Formula Ford,2020,,,Ray GR08,57,Formula Ford,Ray GR08,,,1,4,0,4,0,0,no,4,canonical_car_dimension_with_entrant_and_observed_usage_context,900ddfcb701b1977f16e33501302742c328980f5ffcccd190d2e433bba0b5681
car_formula_ford_2020_van_diemen_jl13_59,series_formula_ford,Formula Ford,2020,,,Van Diemen JL13,59,Formula Ford,Van Diemen JL13,,,1,3,0,3,0,0,no,3,canonical_car_dimension_with_entrant_and_observed_usage_context,900ddfcb701b1977f16e33501302742c328980f5ffcccd190d2e433bba0b5681
car_formula_ford_2020_van_diemen_rf88_6,series_formula_ford,Formula Ford,2020,,,Van Diemen RF88,6,SCB,Van Diemen RF88,,,1,19,0,19,0,0,no,19,canonical_car_dimension_with_entrant_and_observed_usage_context,900ddfcb701b1977f16e33501302742c328980f5ffcccd190d2e433bba0b5681
car_formula_ford_2020_jamun_m97_60,series_formula_ford,Formula Ford,2020,,,Jamun M97,60,SCA,Jamun M97,,,1,4,0,4,0,0,no,4,canonical_car_dimension_with_entrant_and_observed_usage_context,900ddfcb701b1977f16e33501302742c328980f5ffcccd190d2e433bba0b5681
car_formula_ford_2020_van_diemen_rf85_60,series_formula_ford,Formula Ford,2020,,,Van Diemen RF85,60,SCB,Van Diemen RF85,,,1,3,0,3,0,0,no,3,canonical_car_dimension_with_entrant_and_observed_usage_context,900ddfcb701b1977f16e33501302742c328980f5ffcccd190d2e433bba0b5681
car_formula_ford_2020_van_diemen_rf88_62,series_formula_ford,Formula Ford,2020,,,Van Diemen RF88,62,JC,Van Diemen RF88,,,1,7,0,7,0,0,no,7,canonical_car_dimension_with_entrant_and_observed_usage_context,900ddfcb701b1977f16e33501302742c328980f5ffcccd190d2e433bba0b5681
car_formula_ford_2020_van_diemen_rf91_63,series_formula_ford,Formula Ford,2020,,,Van Diemen RF91,63,Formula Ford,Van Diemen RF91,,,1,6,0,6,0,0,no,6,canonical_car_dimension_with_entrant_and_observed_usage_context,900ddfcb701b1977f16e33501302742c328980f5ffcccd190d2e433bba0b5681
car_formula_ford_2020_merlyn_mk20a_64,series_formula_ford,Formula Ford,2020,,,Merlyn Mk20A,64,Formula Ford,Merlyn Mk20A,,,1,4,0,4,0,0,no,4,canonical_car_dimension_with_entrant_and_observed_usage_context,900ddfcb701b1977f16e33501302742c328980f5ffcccd190d2e433bba0b5681
car_formula_ford_2020_ray_gr10_19k_64,series_formula_ford,Formula Ford,2020,,,Ray GR10/19K,64,Formula Ford,Ray GR10/19K,,,1,3,0,3,0,0,no,3,canonical_car_dimension_with_entrant_and_observed_usage_context,900ddfcb701b1977f16e33501302742c328980f5ffcccd190d2e433bba0b5681
car_formula_ford_2020_ray_grs10_64,series_formula_ford,Formula Ford,2020,,,Ray GRS10,64,Pro,Ray GRS10,,,1,4,0,4,0,0,no,4,canonical_car_dimension_with_entrant_and_observed_usage_context,900ddfcb701b1977f16e33501302742c328980f5ffcccd190d2e433bba0b5681
car_formula_ford_2020_firman_rfr17_65,series_formula_ford,Formula Ford,2020,,,Firman RFR17,65,Pro,Firman RFR17,,,1,7,0,7,0,0,no,7,canonical_car_dimension_with_entrant_and_observed_usage_context,900ddfcb701b1977f16e33501302742c328980f5ffcccd190d2e433bba0b5681
car_formula_ford_2020_firman_rfrff17_65,series_formula_ford,Formula Ford,2020,,,Firman RFRFF17,65,Formula Ford,Firman RFRFF17,,,1,4,0,4,0,0,no,4,canonical_car_dimension_with_entrant_and_observed_usage_context,900ddfcb701b1977f16e33501302742c328980f5ffcccd190d2e433bba0b5681
car_formula_ford_2020_van_diemen_jl15_66,series_formula_ford,Formula Ford,2020,,,Van Diemen JL15,66,Club,Van Diemen JL15,,,2,6,0,6,0,0,no,6,canonical_car_dimension_with_entrant_and_observed_usage_context,900ddfcb701b1977f16e33501302742c328980f5ffcccd190d2e433bba0b5681
car_formula_ford_2020_swift_sc92_67,series_formula_ford,Formula Ford,2020,,,Swift SC92,67,Formula Ford,Swift SC92,,,1,6,0,6,0,0,no,6,canonical_car_dimension_with_entrant_and_observed_usage_context,900ddfcb701b1977f16e33501302742c328980f5ffcccd190d2e433bba0b5681
car_formula_ford_2020_swift_sc92f_67,series_formula_ford,Formula Ford,2020,,,Swift SC92F,67,SCA,Swift SC92F,,,1,3,0,3,0,0,no,3,canonical_car_dimension_with_entrant_and_observed_usage_context,900ddfcb701b1977f16e33501302742c328980f5ffcccd190d2e433bba0b5681
car_formula_ford_2020_van_diemen_rf80_69,series_formula_ford,Formula Ford,2020,,,Van Diemen RF80,69,SCC,Van Diemen RF80,,,1,2,0,2,0,0,no,2,canonical_car_dimension_with_entrant_and_observed_usage_context,900ddfcb701b1977f16e33501302742c328980f5ffcccd190d2e433bba0b5681
car_formula_ford_2020_van_diemen_la10_7,series_formula_ford,Formula Ford,2020,,,Van Diemen LA10,7,Pro,Van Diemen LA10,,,1,11,0,11,0,0,no,11,canonical_car_dimension_with_entrant_and_observed_usage_context,900ddfcb701b1977f16e33501302742c328980f5ffcccd190d2e433bba0b5681
car_formula_ford_2020_van_diemen_rf89_7,series_formula_ford,Formula Ford,2020,,,Van Diemen RF89,7,JC,Van Diemen RF89,,,1,5,0,5,0,0,no,5,canonical_car_dimension_with_entrant_and_observed_usage_context,900ddfcb701b1977f16e33501302742c328980f5ffcccd190d2e433bba0b5681
car_formula_ford_2020_mallock_mk11b_71,series_formula_ford,Formula Ford,2020,,,Mallock Mk11B,71,Formula Ford,Mallock Mk11B,,,1,6,0,6,0,0,no,6,canonical_car_dimension_with_entrant_and_observed_usage_context,900ddfcb701b1977f16e33501302742c328980f5ffcccd190d2e433bba0b5681
car_formula_ford_2020_van_diemen_rf91_72,series_formula_ford,Formula Ford,2020,,,Van Diemen RF91,72,SCA,Van Diemen RF91,,,1,4,0,4,0,0,no,4,canonical_car_dimension_with_entrant_and_observed_usage_context,900ddfcb701b1977f16e33501302742c328980f5ffcccd190d2e433bba0b5681
car_formula_ford_2020_jamun_m89_73,series_formula_ford,Formula Ford,2020,,,Jamun M89,73,Formula Ford,Jamun M89,,,1,6,0,6,0,0,no,6,canonical_car_dimension_with_entrant_and_observed_usage_context,900ddfcb701b1977f16e33501302742c328980f5ffcccd190d2e433bba0b5681
car_formula_ford_2020_van_diemen_jl13_74,series_formula_ford,Formula Ford,2020,,,Van Diemen JL13,74,Formula Ford,Van Diemen JL13,,,1,3,0,3,0,0,no,3,canonical_car_dimension_with_entrant_and_observed_usage_context,900ddfcb701b1977f16e33501302742c328980f5ffcccd190d2e433bba0b5681
car_formula_ford_2020_van_diemen_rf88_76,series_formula_ford,Formula Ford,2020,,,Van Diemen RF88,76,Formula Ford,Van Diemen RF88,,,1,8,0,8,0,0,no,8,canonical_car_dimension_with_entrant_and_observed_usage_context,900ddfcb701b1977f16e33501302742c328980f5ffcccd190d2e433bba0b5681
car_formula_ford_2020_palliser_wdf1_77,series_formula_ford,Formula Ford,2020,,,Palliser WDF1,77,H,Palliser WDF1,,,1,3,0,3,0,0,no,3,canonical_car_dimension_with_entrant_and_observed_usage_context,900ddfcb701b1977f16e33501302742c328980f5ffcccd190d2e433bba0b5681
car_formula_ford_2020_van_diemen_jl13_77,series_formula_ford,Formula Ford,2020,,,Van Diemen JL13,77,Pro,Van Diemen JL13,,,1,3,0,3,0,0,no,3,canonical_car_dimension_with_entrant_and_observed_usage_context,900ddfcb701b1977f16e33501302742c328980f5ffcccd190d2e433bba0b5681
car_formula_ford_2020_van_diemen_jl15_77,series_formula_ford,Formula Ford,2020,,,Van Diemen JL15,77,Formula Ford,Van Diemen JL15,,,1,8,0,8,0,0,no,8,canonical_car_dimension_with_entrant_and_observed_usage_context,900ddfcb701b1977f16e33501302742c328980f5ffcccd190d2e433bba0b5681
car_formula_ford_2020_crossle_25f_78,series_formula_ford,Formula Ford,2020,,,Crossle 25F,78,SCC,Crossle 25F,,,1,4,0,4,0,0,no,4,canonical_car_dimension_with_entrant_and_observed_usage_context,900ddfcb701b1977f16e33501302742c328980f5ffcccd190d2e433bba0b5681
car_formula_ford_2020_van_diemen_rf04_79,series_formula_ford,Formula Ford,2020,,,Van Diemen RF04,79,Formula Ford,Van Diemen RF04,,,1,3,0,3,0,0,no,3,canonical_car_dimension_with_entrant_and_observed_usage_context,900ddfcb701b1977f16e33501302742c328980f5ffcccd190d2e433bba0b5681
car_formula_ford_2020_van_diemen_rf88_79,series_formula_ford,Formula Ford,2020,,,Van Diemen RF88,79,Formula Ford,Van Diemen RF88,,,1,13,0,13,0,0,no,13,canonical_car_dimension_with_entrant_and_observed_usage_context,900ddfcb701b1977f16e33501302742c328980f5ffcccd190d2e433bba0b5681
car_formula_ford_2020_van_diemen_jl012k_8,series_formula_ford,Formula Ford,2020,,,Van Diemen JL012K,8,P,Van Diemen JL012K,,,1,6,0,6,0,0,no,6,canonical_car_dimension_with_entrant_and_observed_usage_context,900ddfcb701b1977f16e33501302742c328980f5ffcccd190d2e433bba0b5681
car_formula_ford_2020_merlyn_mk20_80,series_formula_ford,Formula Ford,2020,,,Merlyn Mk20,80,CH,Merlyn Mk20,,,1,7,0,7,0,0,no,7,canonical_car_dimension_with_entrant_and_observed_usage_context,900ddfcb701b1977f16e33501302742c328980f5ffcccd190d2e433bba0b5681
car_formula_ford_2020_van_diemen_jl14_81,series_formula_ford,Formula Ford,2020,,,Van Diemen JL14,81,Formula Ford,Van Diemen JL14,,,1,4,0,4,0,0,no,4,canonical_car_dimension_with_entrant_and_observed_usage_context,900ddfcb701b1977f16e33501302742c328980f5ffcccd190d2e433bba0b5681
car_formula_ford_2020_van_diemen_rf89_84,series_formula_ford,Formula Ford,2020,,,Van Diemen RF89,84,Formula Ford,Van Diemen RF89,,,1,7,0,7,0,0,no,7,canonical_car_dimension_with_entrant_and_observed_usage_context,900ddfcb701b1977f16e33501302742c328980f5ffcccd190d2e433bba0b5681
car_formula_ford_2020_dulon_ld9_87,series_formula_ford,Formula Ford,2020,,,Dulon LD9,87,H,Dulon LD9,,,1,1,0,1,0,0,no,1,canonical_car_dimension_with_entrant_and_observed_usage_context,900ddfcb701b1977f16e33501302742c328980f5ffcccd190d2e433bba0b5681
car_formula_ford_2020_elden_mk8_87,series_formula_ford,Formula Ford,2020,,,Elden MK8,87,SCE,Elden MK8,,,1,5,0,5,0,0,no,5,canonical_car_dimension_with_entrant_and_observed_usage_context,900ddfcb701b1977f16e33501302742c328980f5ffcccd190d2e433bba0b5681
car_formula_ford_2020_van_diemen_la10_87,series_formula_ford,Formula Ford,2020,,,Van Diemen LA10,87,Formula Ford,Van Diemen LA10,,,1,4,0,4,0,0,no,4,canonical_car_dimension_with_entrant_and_observed_usage_context,900ddfcb701b1977f16e33501302742c328980f5ffcccd190d2e433bba0b5681
car_formula_ford_2020_getem_mygale_gd515_88,series_formula_ford,Formula Ford,2020,,,Getem Mygale GD515,88,Formula Ford,Getem Mygale GD515,,,1,3,0,3,0,0,no,3,canonical_car_dimension_with_entrant_and_observed_usage_context,900ddfcb701b1977f16e33501302742c328980f5ffcccd190d2e433bba0b5681
car_formula_ford_2020_van_dieman_rf99_88,series_formula_ford,Formula Ford,2020,,,Van Dieman RF99,88,O,Van Dieman RF99,,,1,3,0,3,0,0,no,3,canonical_car_dimension_with_entrant_and_observed_usage_context,900ddfcb701b1977f16e33501302742c328980f5ffcccd190d2e433bba0b5681
car_formula_ford_2020_van_diemen_jl13_88,series_formula_ford,Formula Ford,2020,,,Van Diemen JL13,88,Formula Ford,Van Diemen JL13,,,1,3,0,3,0,0,no,3,canonical_car_dimension_with_entrant_and_observed_usage_context,900ddfcb701b1977f16e33501302742c328980f5ffcccd190d2e433bba0b5681
car_formula_ford_2020_van_diemen_rf99_88,series_formula_ford,Formula Ford,2020,,,Van Diemen RF99,88,Pro,Van Diemen RF99,,,1,14,0,14,0,0,no,14,canonical_car_dimension_with_entrant_and_observed_usage_context,900ddfcb701b1977f16e33501302742c328980f5ffcccd190d2e433bba0b5681
car_formula_ford_2020_ray_gr18_888,series_formula_ford,Formula Ford,2020,,,Ray GR18,888,Formula Ford,Ray GR18,,,1,3,0,3,0,0,no,3,canonical_car_dimension_with_entrant_and_observed_usage_context,900ddfcb701b1977f16e33501302742c328980f5ffcccd190d2e433bba0b5681
car_formula_ford_2020_medina_sport_jl17_89,series_formula_ford,Formula Ford,2020,,,Medina Sport JL17,89,Formula Ford,Medina Sport JL17,,,1,17,0,17,0,0,no,17,canonical_car_dimension_with_entrant_and_observed_usage_context,900ddfcb701b1977f16e33501302742c328980f5ffcccd190d2e433bba0b5681
car_formula_ford_2020_ray_gr08_89,series_formula_ford,Formula Ford,2020,,,Ray GR08,89,Formula Ford,Ray GR08,,,1,3,0,3,0,0,no,3,canonical_car_dimension_with_entrant_and_observed_usage_context,900ddfcb701b1977f16e33501302742c328980f5ffcccd190d2e433bba0b5681
car_formula_ford_2020_ray_gr15_9,series_formula_ford,Formula Ford,2020,,,Ray GR15,9,Formula Ford,Ray GR15,,,1,8,0,8,0,0,no,8,canonical_car_dimension_with_entrant_and_observed_usage_context,900ddfcb701b1977f16e33501302742c328980f5ffcccd190d2e433bba0b5681
car_formula_ford_2020_van_diemen_rf89_9,series_formula_ford,Formula Ford,2020,,,Van Diemen RF89,9,SCB,Van Diemen RF89,,,1,7,0,7,0,0,no,7,canonical_car_dimension_with_entrant_and_observed_usage_context,900ddfcb701b1977f16e33501302742c328980f5ffcccd190d2e433bba0b5681
car_formula_ford_2020_reynard_89ff_90,series_formula_ford,Formula Ford,2020,,,Reynard 89FF,90,Formula Ford,Reynard 89FF,,,1,6,0,6,0,0,no,6,canonical_car_dimension_with_entrant_and_observed_usage_context,900ddfcb701b1977f16e33501302742c328980f5ffcccd190d2e433bba0b5681
car_formula_ford_2020_reynard_ff89_90,series_formula_ford,Formula Ford,2020,,,Reynard FF89,90,SCB,Reynard FF89,,,1,6,0,6,0,0,no,6,canonical_car_dimension_with_entrant_and_observed_usage_context,900ddfcb701b1977f16e33501302742c328980f5ffcccd190d2e433bba0b5681
car_formula_ford_2020_ray_gr08_91,series_formula_ford,Formula Ford,2020,,,Ray GR08,91,JC,Ray GR08,,,1,5,0,5,0,0,no,5,canonical_car_dimension_with_entrant_and_observed_usage_context,900ddfcb701b1977f16e33501302742c328980f5ffcccd190d2e433bba0b5681
car_formula_ford_2020_ray_grs_08_91,series_formula_ford,Formula Ford,2020,,,Ray GRS 08,91,Pro,Ray GRS 08,,,1,4,0,4,0,0,no,4,canonical_car_dimension_with_entrant_and_observed_usage_context,900ddfcb701b1977f16e33501302742c328980f5ffcccd190d2e433bba0b5681
car_formula_ford_2020_swift_sc93f_93,series_formula_ford,Formula Ford,2020,,,Swift SC93F,93,SCA,Swift SC93F,,,1,3,0,3,0,0,no,3,canonical_car_dimension_with_entrant_and_observed_usage_context,900ddfcb701b1977f16e33501302742c328980f5ffcccd190d2e433bba0b5681
car_formula_ford_2020_titan_mk6_93,series_formula_ford,Formula Ford,2020,,,Titan Mk6,93,Formula Ford,Titan Mk6,,,1,6,0,6,0,0,no,6,canonical_car_dimension_with_entrant_and_observed_usage_context,900ddfcb701b1977f16e33501302742c328980f5ffcccd190d2e433bba0b5681
car_formula_ford_2020_medina_jl17_94,series_formula_ford,Formula Ford,2020,,,Medina JL17,94,Formula Ford,Medina JL17,,,1,4,0,4,0,0,no,4,canonical_car_dimension_with_entrant_and_observed_usage_context,900ddfcb701b1977f16e33501302742c328980f5ffcccd190d2e433bba0b5681
car_formula_ford_2020_medina_sport_jl17_94,series_formula_ford,Formula Ford,2020,,,Medina Sport JL17,94,Pro,Medina Sport JL17,,,1,6,0,6,0,0,no,6,canonical_car_dimension_with_entrant_and_observed_usage_context,900ddfcb701b1977f16e33501302742c328980f5ffcccd190d2e433bba0b5681
car_formula_ford_2020_ray_gr14_96,series_formula_ford,Formula Ford,2020,,,Ray GR14,96,Formula Ford,Ray GR14,,,1,3,0,3,0,0,no,3,canonical_car_dimension_with_entrant_and_observed_usage_context,900ddfcb701b1977f16e33501302742c328980f5ffcccd190d2e433bba0b5681
car_formula_ford_2020_ray_gr19_96,series_formula_ford,Formula Ford,2020,,,Ray GR19,96,Club,Ray GR19,,,1,7,0,7,0,0,no,7,canonical_car_dimension_with_entrant_and_observed_usage_context,900ddfcb701b1977f16e33501302742c328980f5ffcccd190d2e433bba0b5681
car_formula_ford_2020_ray_gr19k_96,series_formula_ford,Formula Ford,2020,,,Ray GR19K,96,Formula Ford,Ray GR19K,,,1,3,0,3,0,0,no,3,canonical_car_dimension_with_entrant_and_observed_usage_context,900ddfcb701b1977f16e33501302742c328980f5ffcccd190d2e433bba0b5681
car_formula_ford_2020_macon_mr7_960,series_formula_ford,Formula Ford,2020,,,Macon MR7,960,Formula Ford,Macon MR7,,,1,2,0,2,0,0,no,2,canonical_car_dimension_with_entrant_and_observed_usage_context,900ddfcb701b1977f16e33501302742c328980f5ffcccd190d2e433bba0b5681
car_formula_ford_2020_crossle_25f_98,series_formula_ford,Formula Ford,2020,,,Crossle 25f,98,H,Crossle 25f,,,1,3,0,3,0,0,no,3,canonical_car_dimension_with_entrant_and_observed_usage_context,900ddfcb701b1977f16e33501302742c328980f5ffcccd190d2e433bba0b5681
car_formula_ford_2020_reynard_89ff_98,series_formula_ford,Formula Ford,2020,,,Reynard 89FF,98,Formula Ford,Reynard 89FF,,,1,7,0,7,0,0,no,7,canonical_car_dimension_with_entrant_and_observed_usage_context,900ddfcb701b1977f16e33501302742c328980f5ffcccd190d2e433bba0b5681
car_formula_ford_2020_reynard_ff89_99,series_formula_ford,Formula Ford,2020,,,Reynard FF89,99,SCB,Reynard FF89,,,1,5,0,5,0,0,no,5,canonical_car_dimension_with_entrant_and_observed_usage_context,900ddfcb701b1977f16e33501302742c328980f5ffcccd190d2e433bba0b5681
car_formula_ford_2020_titan_mk6_99,series_formula_ford,Formula Ford,2020,,,Titan Mk6,99,CH,Titan Mk6,,,1,5,0,5,0,0,no,5,canonical_car_dimension_with_entrant_and_observed_usage_context,900ddfcb701b1977f16e33501302742c328980f5ffcccd190d2e433bba0b5681
car_gb3_2021_arden_motorsport_27,series_gb3,GB3 Championship,2021,team_arden_motorsport,Arden Motorsport,Arden Motorsport,27,GB3,,,,1,16,6,16,0,0,no,16,canonical_car_dimension_with_entrant_and_observed_usage_context,900ddfcb701b1977f16e33501302742c328980f5ffcccd190d2e433bba0b5681
car_gb3_2021_arden_motorsport_4,series_gb3,GB3 Championship,2021,team_arden_motorsport,Arden Motorsport,Arden Motorsport,4,GB3,,,,1,28,10,28,0,0,no,28,canonical_car_dimension_with_entrant_and_observed_usage_context,900ddfcb701b1977f16e33501302742c328980f5ffcccd190d2e433bba0b5681
car_gb3_2021_arden_motorsport_78,series_gb3,GB3 Championship,2021,team_arden_motorsport,Arden Motorsport,Arden Motorsport,78,GB3,,,,1,26,10,26,0,0,no,26,canonical_car_dimension_with_entrant_and_observed_usage_context,900ddfcb701b1977f16e33501302742c328980f5ffcccd190d2e433bba0b5681
car_gb3_2021_cdr_18,series_gb3,GB3 Championship,2021,team_cdr,CDR,CDR,18,GB3,,,,1,39,14,39,0,0,no,39,canonical_car_dimension_with_entrant_and_observed_usage_context,900ddfcb701b1977f16e33501302742c328980f5ffcccd190d2e433bba0b5681
car_gb3_2021_cdr_68,series_gb3,GB3 Championship,2021,team_cdr,CDR,CDR,68,GB3,,,,1,15,6,15,0,0,no,15,canonical_car_dimension_with_entrant_and_observed_usage_context,900ddfcb701b1977f16e33501302742c328980f5ffcccd190d2e433bba0b5681
car_gb3_2021_cdr_81,series_gb3,GB3 Championship,2021,team_cdr,CDR,CDR,81,GB3,,,,1,24,8,24,0,0,no,24,canonical_car_dimension_with_entrant_and_observed_usage_context,900ddfcb701b1977f16e33501302742c328980f5ffcccd190d2e433bba0b5681
car_gb3_2021_cdr_90,series_gb3,GB3 Championship,2021,team_cdr,CDR,CDR,90,GB3,,,,1,11,4,11,0,0,no,11,canonical_car_dimension_with_entrant_and_observed_usage_context,900ddfcb701b1977f16e33501302742c328980f5ffcccd190d2e433bba0b5681
car_gb3_2021_carlin_21,series_gb3,GB3 Championship,2021,team_carlin,Carlin,Carlin,21,GB3,,,,1,39,14,39,0,0,no,39,canonical_car_dimension_with_entrant_and_observed_usage_context,900ddfcb701b1977f16e33501302742c328980f5ffcccd190d2e433bba0b5681
car_gb3_2021_carlin_23,series_gb3,GB3 Championship,2021,team_carlin,Carlin,Carlin,23,GB3,,,,1,38,14,38,0,52,yes,38,canonical_car_dimension_with_entrant_and_observed_usage_context,900ddfcb701b1977f16e33501302742c328980f5ffcccd190d2e433bba0b5681
car_gb3_2021_carlin_51,series_gb3,GB3 Championship,2021,team_carlin,Carlin,Carlin,51,GB3,,,,1,39,14,39,0,0,no,39,canonical_car_dimension_with_entrant_and_observed_usage_context,900ddfcb701b1977f16e33501302742c328980f5ffcccd190d2e433bba0b5681
car_gb3_2021_douglas_motorsport_10,series_gb3,GB3 Championship,2021,team_douglas_motorsport,Douglas Motorsport,Douglas Motorsport,10,GB3,,,,1,39,14,39,0,0,no,39,canonical_car_dimension_with_entrant_and_observed_usage_context,900ddfcb701b1977f16e33501302742c328980f5ffcccd190d2e433bba0b5681
car_gb3_2021_douglas_motorsport_55,series_gb3,GB3 Championship,2021,team_douglas_motorsport,Douglas Motorsport,Douglas Motorsport,55,GB3,,,,2,21,8,21,0,0,no,21,canonical_car_dimension_with_entrant_and_observed_usage_context,900ddfcb701b1977f16e33501302742c328980f5ffcccd190d2e433bba0b5681
car_gb3_2021_elite_motorsport_3,series_gb3,GB3 Championship,2021,team_elite_motorsport,Elite Motorsport,Elite Motorsport,3,GB3,,,,1,39,14,39,0,0,no,39,canonical_car_dimension_with_entrant_and_observed_usage_context,900ddfcb701b1977f16e33501302742c328980f5ffcccd190d2e433bba0b5681
car_gb3_2021_elite_motorsport_34,series_gb3,GB3 Championship,2021,team_elite_motorsport,Elite Motorsport,Elite Motorsport,34,GB3,,,,1,39,14,39,0,0,no,39,canonical_car_dimension_with_entrant_and_observed_usage_context,900ddfcb701b1977f16e33501302742c328980f5ffcccd190d2e433bba0b5681
car_gb3_2021_elite_motorsport_67,series_gb3,GB3 Championship,2021,team_elite_motorsport,Elite Motorsport,Elite Motorsport,67,GB3,,,,1,5,2,5,0,0,no,5,canonical_car_dimension_with_entrant_and_observed_usage_context,900ddfcb701b1977f16e33501302742c328980f5ffcccd190d2e433bba0b5681
car_gb3_2021_elite_motorsport_99,series_gb3,GB3 Championship,2021,team_elite_motorsport,Elite Motorsport,Elite Motorsport,99,GB3,,,,1,29,10,29,0,0,no,29,canonical_car_dimension_with_entrant_and_observed_usage_context,900ddfcb701b1977f16e33501302742c328980f5ffcccd190d2e433bba0b5681
car_gb3_2021_fortec_motorsports_16,series_gb3,GB3 Championship,2021,team_fortec_motorsports,Fortec Motorsports,Fortec Motorsports,16,GB3,,,,1,5,2,5,0,0,no,5,canonical_car_dimension_with_entrant_and_observed_usage_context,900ddfcb701b1977f16e33501302742c328980f5ffcccd190d2e433bba0b5681
car_gb3_2021_fortec_motorsports_43,series_gb3,GB3 Championship,2021,team_fortec_motorsports,Fortec Motorsports,Fortec Motorsports,43,GB3,,,,1,39,14,39,0,0,no,39,canonical_car_dimension_with_entrant_and_observed_usage_context,900ddfcb701b1977f16e33501302742c328980f5ffcccd190d2e433bba0b5681
car_gb3_2021_fortec_motorsports_7,series_gb3,GB3 Championship,2021,team_fortec_motorsports,Fortec Motorsports,Fortec Motorsports,7,GB3,,,,2,39,14,39,0,0,no,39,canonical_car_dimension_with_entrant_and_observed_usage_context,900ddfcb701b1977f16e33501302742c328980f5ffcccd190d2e433bba0b5681
car_gb3_2021_fortec_motorsports_8,series_gb3,GB3 Championship,2021,team_fortec_motorsports,Fortec Motorsports,Fortec Motorsports,8,GB3,,,,2,12,4,12,0,0,no,12,canonical_car_dimension_with_entrant_and_observed_usage_context,900ddfcb701b1977f16e33501302742c328980f5ffcccd190d2e433bba0b5681
car_gb3_2021_fortec_motorsports_87,series_gb3,GB3 Championship,2021,team_fortec_motorsports,Fortec Motorsports,Fortec Motorsports,87,GB3,,,,1,11,4,11,0,0,no,11,canonical_car_dimension_with_entrant_and_observed_usage_context,900ddfcb701b1977f16e33501302742c328980f5ffcccd190d2e433bba0b5681
car_gb3_2021_hillspeed_33,series_gb3,GB3 Championship,2021,team_hillspeed,HillSpeed,Hillspeed,33,GB3,,,,1,5,2,5,0,0,no,5,canonical_car_dimension_with_entrant_and_observed_usage_context,900ddfcb701b1977f16e33501302742c328980f5ffcccd190d2e433bba0b5681
car_gb3_2021_hillspeed_5,series_gb3,GB3 Championship,2021,team_hillspeed,HillSpeed,Hillspeed,5,GB3,,,,1,10,4,10,0,0,no,10,canonical_car_dimension_with_entrant_and_observed_usage_context,900ddfcb701b1977f16e33501302742c328980f5ffcccd190d2e433bba0b5681
car_gb3_2021_hitech_gp_12,series_gb3,GB3 Championship,2021,team_hitech_gp,Hitech GP,Hitech GP,12,GB3,,,,1,39,14,39,0,0,no,39,canonical_car_dimension_with_entrant_and_observed_usage_context,900ddfcb701b1977f16e33501302742c328980f5ffcccd190d2e433bba0b5681
car_gb3_2021_hitech_gp_13,series_gb3,GB3 Championship,2021,team_hitech_gp,Hitech GP,Hitech GP,13,GB3,,,,1,39,14,39,0,0,no,39,canonical_car_dimension_with_entrant_and_observed_usage_context,900ddfcb701b1977f16e33501302742c328980f5ffcccd190d2e433bba0b5681
car_gb3_2021_hitech_gp_50,series_gb3,GB3 Championship,2021,team_hitech_gp,Hitech GP,Hitech GP,50,GB3,,,,1,38,14,38,0,0,no,38,canonical_car_dimension_with_entrant_and_observed_usage_context,900ddfcb701b1977f16e33501302742c328980f5ffcccd190d2e433bba0b5681
car_gb3_2022_arden_vrd_22,series_gb3,GB3 Championship,2022,team_arden_vrd,Arden VRD,Arden VRD,22,GB3,,,,1,56,0,56,0,0,no,56,canonical_car_dimension_with_entrant_and_observed_usage_context,900ddfcb701b1977f16e33501302742c328980f5ffcccd190d2e433bba0b5681
car_gb3_2022_arden_vrd_32,series_gb3,GB3 Championship,2022,team_arden_vrd,Arden VRD,Arden VRD,32,GB3,,,,1,72,0,72,0,0,no,72,canonical_car_dimension_with_entrant_and_observed_usage_context,900ddfcb701b1977f16e33501302742c328980f5ffcccd190d2e433bba0b5681
car_gb3_2022_arden_vrd_77,series_gb3,GB3 Championship,2022,team_arden_vrd,Arden VRD,Arden VRD,77,GB3,,,,1,73,0,73,0,0,no,73,canonical_car_dimension_with_entrant_and_observed_usage_context,900ddfcb701b1977f16e33501302742c328980f5ffcccd190d2e433bba0b5681
car_gb3_2022_chris_dittmann_racing_12,series_gb3,GB3 Championship,2022,team_chris_dittmann_racing,Chris Dittmann Racing,Chris Dittmann Racing,12,GB3,,,,1,1,0,1,0,0,no,1,canonical_car_dimension_with_entrant_and_observed_usage_context,900ddfcb701b1977f16e33501302742c328980f5ffcccd190d2e433bba0b5681
car_gb3_2022_chris_dittmann_racing_21,series_gb3,GB3 Championship,2022,team_chris_dittmann_racing,Chris Dittmann Racing,Chris Dittmann Racing,21,GB3,,,,1,18,0,18,0,0,no,18,canonical_car_dimension_with_entrant_and_observed_usage_context,900ddfcb701b1977f16e33501302742c328980f5ffcccd190d2e433bba0b5681
car_gb3_2022_chris_dittmann_racing_68,series_gb3,GB3 Championship,2022,team_chris_dittmann_racing,Chris Dittmann Racing,Chris Dittmann Racing,68,GB3,,,,1,67,0,67,0,0,no,67,canonical_car_dimension_with_entrant_and_observed_usage_context,900ddfcb701b1977f16e33501302742c328980f5ffcccd190d2e433bba0b5681
car_gb3_2022_chris_dittmann_racing_8,series_gb3,GB3 Championship,2022,team_chris_dittmann_racing,Chris Dittmann Racing,Chris Dittmann Racing,8,GB3,,,,1,75,0,75,0,0,no,75,canonical_car_dimension_with_entrant_and_observed_usage_context,900ddfcb701b1977f16e33501302742c328980f5ffcccd190d2e433bba0b5681
car_gb3_2022_douglas_motorsport_11,series_gb3,GB3 Championship,2022,team_douglas_motorsport,Douglas Motorsport,Douglas Motorsport,11,GB3,,,,1,56,0,56,0,0,no,56,canonical_car_dimension_with_entrant_and_observed_usage_context,900ddfcb701b1977f16e33501302742c328980f5ffcccd190d2e433bba0b5681
car_gb3_2022_douglas_motorsport_16,series_gb3,GB3 Championship,2022,team_douglas_motorsport,Douglas Motorsport,Douglas Motorsport,16,GB3,,,,1,76,0,76,0,0,no,76,canonical_car_dimension_with_entrant_and_observed_usage_context,900ddfcb701b1977f16e33501302742c328980f5ffcccd190d2e433bba0b5681
car_gb3_2022_douglas_motorsport_42,series_gb3,GB3 Championship,2022,team_douglas_motorsport,Douglas Motorsport,Douglas Motorsport,42,GB3,,,,1,76,0,76,0,0,no,76,canonical_car_dimension_with_entrant_and_observed_usage_context,900ddfcb701b1977f16e33501302742c328980f5ffcccd190d2e433bba0b5681
car_gb3_2022_elite_motorsport_17,series_gb3,GB3 Championship,2022,team_elite_motorsport,Elite Motorsport,Elite Motorsport,17,GB3,,,,1,9,0,9,0,0,no,9,canonical_car_dimension_with_entrant_and_observed_usage_context,900ddfcb701b1977f16e33501302742c328980f5ffcccd190d2e433bba0b5681
car_gb3_2022_elite_motorsport_27,series_gb3,GB3 Championship,2022,team_elite_motorsport,Elite Motorsport,Elite Motorsport,27,GB3,,,,1,76,0,76,0,0,no,76,canonical_car_dimension_with_entrant_and_observed_usage_context,900ddfcb701b1977f16e33501302742c328980f5ffcccd190d2e433bba0b5681
car_gb3_2022_elite_motorsport_34,series_gb3,GB3 Championship,2022,team_elite_motorsport,Elite Motorsport,Elite Motorsport,34,GB3,,,,1,76,0,76,0,0,no,76,canonical_car_dimension_with_entrant_and_observed_usage_context,900ddfcb701b1977f16e33501302742c328980f5ffcccd190d2e433bba0b5681
car_gb3_2022_elite_motorsport_67,series_gb3,GB3 Championship,2022,team_elite_motorsport,Elite Motorsport,Elite Motorsport,67,GB3,,,,1,43,0,43,0,0,no,43,canonical_car_dimension_with_entrant_and_observed_usage_context,900ddfcb701b1977f16e33501302742c328980f5ffcccd190d2e433bba0b5681
car_gb3_2022_fortec_motorsports_21,series_gb3,GB3 Championship,2022,team_fortec_motorsports,Fortec Motorsports,Fortec Motorsports,21,GB3,,,,1,58,0,58,0,0,no,58,canonical_car_dimension_with_entrant_and_observed_usage_context,900ddfcb701b1977f16e33501302742c328980f5ffcccd190d2e433bba0b5681
car_gb3_2022_fortec_motorsports_43,series_gb3,GB3 Championship,2022,team_fortec_motorsports,Fortec Motorsports,Fortec Motorsports,43,GB3,,,,1,76,0,76,0,0,no,76,canonical_car_dimension_with_entrant_and_observed_usage_context,900ddfcb701b1977f16e33501302742c328980f5ffcccd190d2e433bba0b5681
car_gb3_2022_fortec_motorsports_50,series_gb3,GB3 Championship,2022,team_fortec_motorsports,Fortec Motorsports,Fortec Motorsports,50,GB3,,,,1,76,0,76,0,0,no,76,canonical_car_dimension_with_entrant_and_observed_usage_context,900ddfcb701b1977f16e33501302742c328980f5ffcccd190d2e433bba0b5681
car_gb3_2022_hillspeed_64,series_gb3,GB3 Championship,2022,team_hillspeed,HillSpeed,HillSpeed,64,GB3,,,,1,76,0,76,0,0,no,76,canonical_car_dimension_with_entrant_and_observed_usage_context,900ddfcb701b1977f16e33501302742c328980f5ffcccd190d2e433bba0b5681
car_gb3_2022_hitech_pulse_eight_4,series_gb3,GB3 Championship,2022,team_hitech_pulse_eight,Hitech Pulse-Eight,Hitech Pulse-Eight,4,GB3,,,,1,76,0,76,0,76,yes,76,canonical_car_dimension_with_entrant_and_observed_usage_context,900ddfcb701b1977f16e33501302742c328980f5ffcccd190d2e433bba0b5681
car_gb3_2022_hitech_pulse_eight_5,series_gb3,GB3 Championship,2022,team_hitech_pulse_eight,Hitech Pulse-Eight,Hitech Pulse-Eight,5,GB3,,,,1,75,0,75,0,0,no,75,canonical_car_dimension_with_entrant_and_observed_usage_context,900ddfcb701b1977f16e33501302742c328980f5ffcccd190d2e433bba0b5681
car_gb3_2022_hitech_pulse_eight_6,series_gb3,GB3 Championship,2022,team_hitech_pulse_eight,Hitech Pulse-Eight,Hitech Pulse-Eight,6,GB3,,,,1,76,0,76,0,0,no,76,canonical_car_dimension_with_entrant_and_observed_usage_context,900ddfcb701b1977f16e33501302742c328980f5ffcccd190d2e433bba0b5681
car_gb3_2022_jhr_developments_53,series_gb3,GB3 Championship,2022,team_jhr_developments,JHR Developments,JHR Developments,53,GB3,,,,1,76,0,76,0,0,no,76,canonical_car_dimension_with_entrant_and_observed_usage_context,900ddfcb701b1977f16e33501302742c328980f5ffcccd190d2e433bba0b5681
car_gb3_2022_jhr_developments_67,series_gb3,GB3 Championship,2022,team_jhr_developments,JHR Developments,JHR Developments,67,GB3,,,,1,29,0,29,0,0,no,29,canonical_car_dimension_with_entrant_and_observed_usage_context,900ddfcb701b1977f16e33501302742c328980f5ffcccd190d2e433bba0b5681
car_gb3_2022_rodin_carlin_31,series_gb3,GB3 Championship,2022,team_rodin_carlin,Rodin Carlin,Rodin Carlin,31,GB3,,,,1,76,0,76,0,0,no,76,canonical_car_dimension_with_entrant_and_observed_usage_context,900ddfcb701b1977f16e33501302742c328980f5ffcccd190d2e433bba0b5681
car_gb3_2022_rodin_carlin_35,series_gb3,GB3 Championship,2022,team_rodin_carlin,Rodin Carlin,Rodin Carlin,35,GB3,,,,1,76,0,76,0,0,no,76,canonical_car_dimension_with_entrant_and_observed_usage_context,900ddfcb701b1977f16e33501302742c328980f5ffcccd190d2e433bba0b5681
car_gb3_2022_rodin_carlin_7,series_gb3,GB3 Championship,2022,team_rodin_carlin,Rodin Carlin,Rodin Carlin,7,GB3,,,,1,76,0,76,0,0,no,76,canonical_car_dimension_with_entrant_and_observed_usage_context,900ddfcb701b1977f16e33501302742c328980f5ffcccd190d2e433bba0b5681
car_imsa_2025_75_express_75,series_imsa_weathertech,IMSA WeatherTech SportsCar Championship,2025,team_75_express,75 Express,75 Express,75,GTDPRO,Mercedes-AMG GT3,,Michelin,4,1,0,4,150,0,no,1,canonical_car_dimension_with_entrant_and_observed_usage_context,900ddfcb701b1977f16e33501302742c328980f5ffcccd190d2e433bba0b5681
car_imsa_2025_ao_racing_77,series_imsa_weathertech,IMSA WeatherTech SportsCar Championship,2025,team_ao_racing,AO Racing,AO Racing,77,GTDPRO,Porsche 911 GT3 R (992),,Michelin,3,1,0,3,722,0,no,1,canonical_car_dimension_with_entrant_and_observed_usage_context,900ddfcb701b1977f16e33501302742c328980f5ffcccd190d2e433bba0b5681
car_imsa_2025_ao_racing_99,series_imsa_weathertech,IMSA WeatherTech SportsCar Championship,2025,team_ao_racing,AO Racing,AO Racing,99,LMP2,ORECA LMP2 07,,Michelin,4,1,0,4,757,0,no,1,canonical_car_dimension_with_entrant_and_observed_usage_context,900ddfcb701b1977f16e33501302742c328980f5ffcccd190d2e433bba0b5681
car_imsa_2025_awa_13,series_imsa_weathertech,IMSA WeatherTech SportsCar Championship,2025,team_awa,AWA,AWA,13,GTD,Chevrolet Corvette Z06 GT3.R,,Michelin,4,1,0,4,719,0,no,1,canonical_car_dimension_with_entrant_and_observed_usage_context,900ddfcb701b1977f16e33501302742c328980f5ffcccd190d2e433bba0b5681
car_imsa_2025_acura_meyer_shank_racing_w_curb_agajanian_60,series_imsa_weathertech,IMSA WeatherTech SportsCar Championship,2025,team_acura_meyer_shank_racing_w_curb_agajanian,Acura Meyer Shank Racing w/Curb Agajanian,Acura Meyer Shank Racing w/Curb Agajanian,60,GTP,Acura ARX-06,,Michelin,4,1,0,4,781,0,no,1,canonical_car_dimension_with_entrant_and_observed_usage_context,900ddfcb701b1977f16e33501302742c328980f5ffcccd190d2e433bba0b5681
car_imsa_2025_acura_meyer_shank_racing_w_curb_agajanian_93,series_imsa_weathertech,IMSA WeatherTech SportsCar Championship,2025,team_acura_meyer_shank_racing_w_curb_agajanian,Acura Meyer Shank Racing w/Curb Agajanian,Acura Meyer Shank Racing w/Curb Agajanian,93,GTP,Acura ARX-06,,Michelin,4,1,0,4,741,0,no,1,canonical_car_dimension_with_entrant_and_observed_usage_context,900ddfcb701b1977f16e33501302742c328980f5ffcccd190d2e433bba0b5681
car_imsa_2025_af_corse_21,series_imsa_weathertech,IMSA WeatherTech SportsCar Championship,2025,team_af_corse,Af Corse,Af Corse,21,GTD,Ferrari 296 GT3,,Michelin,4,1,0,4,555,0,no,1,canonical_car_dimension_with_entrant_and_observed_usage_context,900ddfcb701b1977f16e33501302742c328980f5ffcccd190d2e433bba0b5681
car_imsa_2025_af_corse_50,series_imsa_weathertech,IMSA WeatherTech SportsCar Championship,2025,team_af_corse,Af Corse,Af Corse,50,GTD,Ferrari 296 GT3,,Michelin,4,1,0,4,719,0,no,1,canonical_car_dimension_with_entrant_and_observed_usage_context,900ddfcb701b1977f16e33501302742c328980f5ffcccd190d2e433bba0b5681
car_imsa_2025_af_corse_88,series_imsa_weathertech,IMSA WeatherTech SportsCar Championship,2025,team_af_corse,Af Corse,Af Corse,88,LMP2,ORECA LMP2 07,,Michelin,4,1,0,4,697,0,no,1,canonical_car_dimension_with_entrant_and_observed_usage_context,900ddfcb701b1977f16e33501302742c328980f5ffcccd190d2e433bba0b5681
car_imsa_2025_automobili_lamborghini_squadra_corse_63,series_imsa_weathertech,IMSA WeatherTech SportsCar Championship,2025,team_automobili_lamborghini_squadra_corse,Automobili Lamborghini Squadra Corse,Automobili Lamborghini Squadra Corse,63,GTP,Lamborghini SC63,,Michelin,4,1,0,4,34,0,no,1,canonical_car_dimension_with_entrant_and_observed_usage_context,900ddfcb701b1977f16e33501302742c328980f5ffcccd190d2e433bba0b5681
car_imsa_2025_bmw_m_team_rll_24,series_imsa_weathertech,IMSA WeatherTech SportsCar Championship,2025,team_bmw_m_team_rll,BMW M Team RLL,BMW M Team RLL,24,GTP,BMW M Hybrid V8,,Michelin,4,1,0,4,780,0,no,1,canonical_car_dimension_with_entrant_and_observed_usage_context,900ddfcb701b1977f16e33501302742c328980f5ffcccd190d2e433bba0b5681
car_imsa_2025_bmw_m_team_rll_25,series_imsa_weathertech,IMSA WeatherTech SportsCar Championship,2025,team_bmw_m_team_rll,BMW M Team RLL,BMW M Team RLL,25,GTP,BMW M Hybrid V8,,Michelin,4,1,0,4,777,0,no,1,canonical_car_dimension_with_entrant_and_observed_usage_context,900ddfcb701b1977f16e33501302742c328980f5ffcccd190d2e433bba0b5681
car_imsa_2025_cetilar_racing_47,series_imsa_weathertech,IMSA WeatherTech SportsCar Championship,2025,team_cetilar_racing,CETILAR RACING,CETILAR RACING,47,GTD,Ferrari 296 GT3,,Michelin,4,1,0,4,336,0,no,1,canonical_car_dimension_with_entrant_and_observed_usage_context,900ddfcb701b1977f16e33501302742c328980f5ffcccd190d2e433bba0b5681
car_imsa_2025_cadillac_wayne_taylor_racing_10,series_imsa_weathertech,IMSA WeatherTech SportsCar Championship,2025,team_cadillac_wayne_taylor_racing,Cadillac Wayne Taylor Racing,Cadillac Wayne Taylor Racing,10,GTP,Cadillac V-Series.R,,Michelin,4,1,0,4,780,0,no,1,canonical_car_dimension_with_entrant_and_observed_usage_context,900ddfcb701b1977f16e33501302742c328980f5ffcccd190d2e433bba0b5681
car_imsa_2025_cadillac_wayne_taylor_racing_40,series_imsa_weathertech,IMSA WeatherTech SportsCar Championship,2025,team_cadillac_wayne_taylor_racing,Cadillac Wayne Taylor Racing,Cadillac Wayne Taylor Racing,40,GTP,Cadillac V-Series.R,,Michelin,3,1,0,3,245,0,no,1,canonical_car_dimension_with_entrant_and_observed_usage_context,900ddfcb701b1977f16e33501302742c328980f5ffcccd190d2e433bba0b5681
car_imsa_2025_cadillac_whelen_31,series_imsa_weathertech,IMSA WeatherTech SportsCar Championship,2025,team_cadillac_whelen,Cadillac Whelen,Cadillac Whelen,31,GTP,Cadillac V-Series.R,,Michelin,4,1,0,4,731,0,no,1,canonical_car_dimension_with_entrant_and_observed_usage_context,900ddfcb701b1977f16e33501302742c328980f5ffcccd190d2e433bba0b5681
car_imsa_2025_conquest_racing_34,series_imsa_weathertech,IMSA WeatherTech SportsCar Championship,2025,team_conquest_racing,Conquest Racing,Conquest Racing,34,GTD,Ferrari 296 GT3,,Michelin,4,1,0,4,673,0,no,1,canonical_car_dimension_with_entrant_and_observed_usage_context,900ddfcb701b1977f16e33501302742c328980f5ffcccd190d2e433bba0b5681
car_imsa_2025_corvette_racing_by_pratt_miller_motorsports_3,series_imsa_weathertech,IMSA WeatherTech SportsCar Championship,2025,team_corvette_racing_by_pratt_miller_motorsports,Corvette Racing by Pratt Miller Motorsports,Corvette Racing by Pratt Miller Motorsports,3,GTDPRO,Chevrolet Corvette Z06 GT3.R,,Michelin,3,1,0,3,723,0,no,1,canonical_car_dimension_with_entrant_and_observed_usage_context,900ddfcb701b1977f16e33501302742c328980f5ffcccd190d2e433bba0b5681
car_imsa_2025_corvette_racing_by_pratt_miller_motorsports_4,series_imsa_weathertech,IMSA WeatherTech SportsCar Championship,2025,team_corvette_racing_by_pratt_miller_motorsports,Corvette Racing by Pratt Miller Motorsports,Corvette Racing by Pratt Miller Motorsports,4,GTDPRO,Chevrolet Corvette Z06 GT3.R,,Michelin,3,1,0,3,723,0,no,1,canonical_car_dimension_with_entrant_and_observed_usage_context,900ddfcb701b1977f16e33501302742c328980f5ffcccd190d2e433bba0b5681
car_imsa_2025_crowdstrike_racing_by_apr_04,series_imsa_weathertech,IMSA WeatherTech SportsCar Championship,2025,team_crowdstrike_racing_by_apr,Crowdstrike Racing by APR,Crowdstrike Racing by APR,04,LMP2,ORECA LMP2 07,,Michelin,4,1,0,4,755,0,no,1,canonical_car_dimension_with_entrant_and_observed_usage_context,900ddfcb701b1977f16e33501302742c328980f5ffcccd190d2e433bba0b5681
car_imsa_2025_dxdt_racing_36,series_imsa_weathertech,IMSA WeatherTech SportsCar Championship,2025,team_dxdt_racing,DXDT Racing,DXDT Racing,36,GTD,Chevrolet Corvette Z06 GT3.R,,Michelin,4,1,0,4,355,0,no,1,canonical_car_dimension_with_entrant_and_observed_usage_context,900ddfcb701b1977f16e33501302742c328980f5ffcccd190d2e433bba0b5681
car_imsa_2025_dragonspeed_81,series_imsa_weathertech,IMSA WeatherTech SportsCar Championship,2025,team_dragonspeed,DragonSpeed,DragonSpeed,81,GTDPRO,Ferrari 296 GT3,,Michelin,4,1,0,4,723,0,no,1,canonical_car_dimension_with_entrant_and_observed_usage_context,900ddfcb701b1977f16e33501302742c328980f5ffcccd190d2e433bba0b5681
car_imsa_2025_era_motorsport_18,series_imsa_weathertech,IMSA WeatherTech SportsCar Championship,2025,team_era_motorsport,Era Motorsport,Era Motorsport,18,LMP2,ORECA LMP2 07,,Michelin,4,1,0,4,764,0,no,1,canonical_car_dimension_with_entrant_and_observed_usage_context,900ddfcb701b1977f16e33501302742c328980f5ffcccd190d2e433bba0b5681
car_imsa_2025_ford_multimatic_motorsports_64,series_imsa_weathertech,IMSA WeatherTech SportsCar Championship,2025,team_ford_multimatic_motorsports,Ford Multimatic Motorsports,Ford Multimatic Motorsports,64,GTDPRO,Ford Mustang GT3,,Michelin,3,1,0,3,723,0,no,1,canonical_car_dimension_with_entrant_and_observed_usage_context,900ddfcb701b1977f16e33501302742c328980f5ffcccd190d2e433bba0b5681
car_imsa_2025_ford_multimatic_motorsports_65,series_imsa_weathertech,IMSA WeatherTech SportsCar Championship,2025,team_ford_multimatic_motorsports,Ford Multimatic Motorsports,Ford Multimatic Motorsports,65,GTDPRO,Ford Mustang GT3,,Michelin,3,1,0,3,723,0,no,1,canonical_car_dimension_with_entrant_and_observed_usage_context,900ddfcb701b1977f16e33501302742c328980f5ffcccd190d2e433bba0b5681
car_imsa_2025_forte_racing_78,series_imsa_weathertech,IMSA WeatherTech SportsCar Championship,2025,team_forte_racing,Forte Racing,Forte Racing,78,GTD,Lamborghini Huracan GT3 EVO2,,Michelin,4,1,0,4,591,0,no,1,canonical_car_dimension_with_entrant_and_observed_usage_context,900ddfcb701b1977f16e33501302742c328980f5ffcccd190d2e433bba0b5681
car_imsa_2025_getspeed_69,series_imsa_weathertech,IMSA WeatherTech SportsCar Championship,2025,team_getspeed,GetSpeed,GetSpeed,69,GTDPRO,Mercedes-AMG GT3,,Michelin,4,1,0,4,723,0,no,1,canonical_car_dimension_with_entrant_and_observed_usage_context,900ddfcb701b1977f16e33501302742c328980f5ffcccd190d2e433bba0b5681
car_imsa_2025_gradient_racing_66,series_imsa_weathertech,IMSA WeatherTech SportsCar Championship,2025,team_gradient_racing,Gradient Racing,Gradient Racing,66,GTD,Ford Mustang GT3,,Michelin,4,1,0,4,425,0,no,1,canonical_car_dimension_with_entrant_and_observed_usage_context,900ddfcb701b1977f16e33501302742c328980f5ffcccd190d2e433bba0b5681
car_imsa_2025_heart_of_racing_team_007,series_imsa_weathertech,IMSA WeatherTech SportsCar Championship,2025,team_heart_of_racing_team,Heart of Racing Team,Heart of Racing Team,007,GTDPRO,Aston Martin Vantage GT3 Evo,,Michelin,4,1,0,4,217,0,no,1,canonical_car_dimension_with_entrant_and_observed_usage_context,900ddfcb701b1977f16e33501302742c328980f5ffcccd190d2e433bba0b5681
car_imsa_2025_heart_of_racing_team_27,series_imsa_weathertech,IMSA WeatherTech SportsCar Championship,2025,team_heart_of_racing_team,Heart of Racing Team,Heart of Racing Team,27,GTD,Aston Martin Vantage GT3 Evo,,Michelin,4,1,0,4,719,0,no,1,canonical_car_dimension_with_entrant_and_observed_usage_context,900ddfcb701b1977f16e33501302742c328980f5ffcccd190d2e433bba0b5681
car_imsa_2025_inception_racing_70,series_imsa_weathertech,IMSA WeatherTech SportsCar Championship,2025,team_inception_racing,Inception Racing,Inception Racing,70,GTD,Ferrari 296 GT3,,Michelin,4,1,0,4,392,0,no,1,canonical_car_dimension_with_entrant_and_observed_usage_context,900ddfcb701b1977f16e33501302742c328980f5ffcccd190d2e433bba0b5681
car_imsa_2025_inter_europol_competition_43,series_imsa_weathertech,IMSA WeatherTech SportsCar Championship,2025,team_inter_europol_competition,Inter Europol Competition,Inter Europol Competition,43,LMP2,ORECA LMP2 07,,Michelin,4,1,0,4,430,0,no,1,canonical_car_dimension_with_entrant_and_observed_usage_context,900ddfcb701b1977f16e33501302742c328980f5ffcccd190d2e433bba0b5681
car_imsa_2025_iron_dames_83,series_imsa_weathertech,IMSA WeatherTech SportsCar Championship,2025,team_iron_dames,Iron Dames,Iron Dames,83,GTD,Porsche 911 GT3 R (992),,Michelin,4,1,0,4,719,0,no,1,canonical_car_dimension_with_entrant_and_observed_usage_context,900ddfcb701b1977f16e33501302742c328980f5ffcccd190d2e433bba0b5681
car_imsa_2025_jdc_miller_motorsports_85,series_imsa_weathertech,IMSA WeatherTech SportsCar Championship,2025,team_jdc_miller_motorsports,JDC Miller MotorSports,JDC Miller MotorSports,85,GTP,Porsche 963,,Michelin,4,1,0,4,780,143,yes,1,canonical_car_dimension_with_entrant_and_observed_usage_context,900ddfcb701b1977f16e33501302742c328980f5ffcccd190d2e433bba0b5681
car_imsa_2025_korthoff_competition_motors_32,series_imsa_weathertech,IMSA WeatherTech SportsCar Championship,2025,team_korthoff_competition_motors,Korthoff Competition Motors,Korthoff Competition Motors,32,GTD,Mercedes-AMG GT3,,Michelin,4,1,0,4,719,0,no,1,canonical_car_dimension_with_entrant_and_observed_usage_context,900ddfcb701b1977f16e33501302742c328980f5ffcccd190d2e433bba0b5681
car_imsa_2025_lone_star_racing_80,series_imsa_weathertech,IMSA WeatherTech SportsCar Championship,2025,team_lone_star_racing,Lone Star Racing,Lone Star Racing,80,GTD,Mercedes-AMG GT3,,Michelin,4,1,0,4,584,0,no,1,canonical_car_dimension_with_entrant_and_observed_usage_context,900ddfcb701b1977f16e33501302742c328980f5ffcccd190d2e433bba0b5681
car_imsa_2025_magnus_racing_44,series_imsa_weathertech,IMSA WeatherTech SportsCar Championship,2025,team_magnus_racing,Magnus Racing,Magnus Racing,44,GTD,Aston Martin Vantage GT3 Evo,,Michelin,4,1,0,4,170,0,no,1,canonical_car_dimension_with_entrant_and_observed_usage_context,900ddfcb701b1977f16e33501302742c328980f5ffcccd190d2e433bba0b5681
car_imsa_2025_pr1_mathiasen_motorsports_52,series_imsa_weathertech,IMSA WeatherTech SportsCar Championship,2025,team_pr1_mathiasen_motorsports,PR1 Mathiasen Motorsports,PR1 Mathiasen Motorsports,52,LMP2,ORECA LMP2 07,,Michelin,4,1,0,4,764,0,no,1,canonical_car_dimension_with_entrant_and_observed_usage_context,900ddfcb701b1977f16e33501302742c328980f5ffcccd190d2e433bba0b5681
car_imsa_2025_paul_miller_racing_1,series_imsa_weathertech,IMSA WeatherTech SportsCar Championship,2025,team_paul_miller_racing,Paul Miller Racing,Paul Miller Racing,1,GTDPRO,BMW M4 GT3 EVO,,Michelin,4,1,0,4,723,0,no,1,canonical_car_dimension_with_entrant_and_observed_usage_context,900ddfcb701b1977f16e33501302742c328980f5ffcccd190d2e433bba0b5681
car_imsa_2025_paul_miller_racing_48,series_imsa_weathertech,IMSA WeatherTech SportsCar Championship,2025,team_paul_miller_racing,Paul Miller Racing,Paul Miller Racing,48,GTDPRO,BMW M4 GT3 EVO,,Michelin,4,1,0,4,668,0,no,1,canonical_car_dimension_with_entrant_and_observed_usage_context,900ddfcb701b1977f16e33501302742c328980f5ffcccd190d2e433bba0b5681
car_imsa_2025_pfaff_motorsports_9,series_imsa_weathertech,IMSA WeatherTech SportsCar Championship,2025,team_pfaff_motorsports,Pfaff Motorsports,Pfaff Motorsports,9,GTDPRO,Lamborghini Huracan GT3 EVO2,,Michelin,4,1,0,4,227,0,no,1,canonical_car_dimension_with_entrant_and_observed_usage_context,900ddfcb701b1977f16e33501302742c328980f5ffcccd190d2e433bba0b5681
car_imsa_2025_porsche_penske_motorsport_6,series_imsa_weathertech,IMSA WeatherTech SportsCar Championship,2025,team_porsche_penske_motorsport,Porsche Penske Motorsport,Porsche Penske Motorsport,6,GTP,Porsche 963,,Michelin,3,1,0,3,781,0,no,1,canonical_car_dimension_with_entrant_and_observed_usage_context,900ddfcb701b1977f16e33501302742c328980f5ffcccd190d2e433bba0b5681
car_imsa_2025_porsche_penske_motorsport_7,series_imsa_weathertech,IMSA WeatherTech SportsCar Championship,2025,team_porsche_penske_motorsport,Porsche Penske Motorsport,Porsche Penske Motorsport,7,GTP,Porsche 963,,Michelin,3,1,0,3,781,0,no,1,canonical_car_dimension_with_entrant_and_observed_usage_context,900ddfcb701b1977f16e33501302742c328980f5ffcccd190d2e433bba0b5681
car_imsa_2025_pratt_miller_motorsports_73,series_imsa_weathertech,IMSA WeatherTech SportsCar Championship,2025,team_pratt_miller_motorsports,Pratt Miller Motorsports,Pratt Miller Motorsports,73,LMP2,ORECA LMP2 07,,Michelin,4,1,0,4,678,0,no,1,canonical_car_dimension_with_entrant_and_observed_usage_context,900ddfcb701b1977f16e33501302742c328980f5ffcccd190d2e433bba0b5681
car_imsa_2025_proton_competition_20,series_imsa_weathertech,IMSA WeatherTech SportsCar Championship,2025,team_proton_competition,Proton Competition,Proton Competition,20,GTDPRO,Porsche 911 GT3 R (992),,Michelin,4,1,0,4,719,0,no,1,canonical_car_dimension_with_entrant_and_observed_usage_context,900ddfcb701b1977f16e33501302742c328980f5ffcccd190d2e433bba0b5681
car_imsa_2025_proton_competition_5,series_imsa_weathertech,IMSA WeatherTech SportsCar Championship,2025,team_proton_competition,Proton Competition,Proton Competition,5,GTP,Porsche 963,,Michelin,4,1,0,4,352,0,no,1,canonical_car_dimension_with_entrant_and_observed_usage_context,900ddfcb701b1977f16e33501302742c328980f5ffcccd190d2e433bba0b5681
car_imsa_2025_riley_74,series_imsa_weathertech,IMSA WeatherTech SportsCar Championship,2025,team_riley,Riley,Riley,74,LMP2,ORECA LMP2 07,,Michelin,4,1,0,4,765,0,no,1,canonical_car_dimension_with_entrant_and_observed_usage_context,900ddfcb701b1977f16e33501302742c328980f5ffcccd190d2e433bba0b5681
car_imsa_2025_tds_racing_11,series_imsa_weathertech,IMSA WeatherTech SportsCar Championship,2025,team_tds_racing,TDS RACING,TDS RACING,11,LMP2,ORECA LMP2 07,,Michelin,4,1,0,4,682,0,no,1,canonical_car_dimension_with_entrant_and_observed_usage_context,900ddfcb701b1977f16e33501302742c328980f5ffcccd190d2e433bba0b5681
car_imsa_2025_tower_motorsports_8,series_imsa_weathertech,IMSA WeatherTech SportsCar Championship,2025,team_tower_motorsports,Tower Motorsports,Tower Motorsports,8,LMP2,ORECA LMP2 07,,Michelin,4,1,0,4,765,0,no,1,canonical_car_dimension_with_entrant_and_observed_usage_context,900ddfcb701b1977f16e33501302742c328980f5ffcccd190d2e433bba0b5681
car_imsa_2025_trackhouse_by_tf_sport_91,series_imsa_weathertech,IMSA WeatherTech SportsCar Championship,2025,team_trackhouse_by_tf_sport,Trackhouse by TF Sport,Trackhouse by TF Sport,91,GTDPRO,Chevrolet Corvette Z06 GT3.R,,Michelin,4,1,0,4,722,0,no,1,canonical_car_dimension_with_entrant_and_observed_usage_context,900ddfcb701b1977f16e33501302742c328980f5ffcccd190d2e433bba0b5681
car_imsa_2025_triarsi_competizione_021,series_imsa_weathertech,IMSA WeatherTech SportsCar Championship,2025,team_triarsi_competizione,Triarsi Competizione,Triarsi Competizione,021,GTD,Ferrari 296 GT3,,Michelin,4,1,0,4,688,0,no,1,canonical_car_dimension_with_entrant_and_observed_usage_context,900ddfcb701b1977f16e33501302742c328980f5ffcccd190d2e433bba0b5681
car_imsa_2025_triarsi_competizione_023,series_imsa_weathertech,IMSA WeatherTech SportsCar Championship,2025,team_triarsi_competizione,Triarsi Competizione,Triarsi Competizione,023,GTD,Ferrari 296 GT3,,Michelin,4,1,0,4,569,0,no,1,canonical_car_dimension_with_entrant_and_observed_usage_context,900ddfcb701b1977f16e33501302742c328980f5ffcccd190d2e433bba0b5681
car_imsa_2025_turner_motorsport_96,series_imsa_weathertech,IMSA WeatherTech SportsCar Championship,2025,team_turner_motorsport,Turner Motorsport,Turner Motorsport,96,GTD,BMW M4 GT3 EVO,,Michelin,4,1,0,4,719,0,no,1,canonical_car_dimension_with_entrant_and_observed_usage_context,900ddfcb701b1977f16e33501302742c328980f5ffcccd190d2e433bba0b5681
car_imsa_2025_united_autosports_usa_2,series_imsa_weathertech,IMSA WeatherTech SportsCar Championship,2025,team_united_autosports_usa,United Autosports USA,United Autosports USA,2,LMP2,ORECA LMP2 07,,Michelin,4,1,0,4,239,0,no,1,canonical_car_dimension_with_entrant_and_observed_usage_context,900ddfcb701b1977f16e33501302742c328980f5ffcccd190d2e433bba0b5681
car_imsa_2025_united_autosports_usa_22,series_imsa_weathertech,IMSA WeatherTech SportsCar Championship,2025,team_united_autosports_usa,United Autosports USA,United Autosports USA,22,LMP2,ORECA LMP2 07,,Michelin,4,1,0,4,765,0,no,1,canonical_car_dimension_with_entrant_and_observed_usage_context,900ddfcb701b1977f16e33501302742c328980f5ffcccd190d2e433bba0b5681
car_imsa_2025_vasser_sullivan_racing_12,series_imsa_weathertech,IMSA WeatherTech SportsCar Championship,2025,team_vasser_sullivan_racing,Vasser Sullivan Racing,Vasser Sullivan Racing,12,GTD,Lexus RC F GT3,,Michelin,4,1,0,4,573,0,no,1,canonical_car_dimension_with_entrant_and_observed_usage_context,900ddfcb701b1977f16e33501302742c328980f5ffcccd190d2e433bba0b5681
car_imsa_2025_vasser_sullivan_racing_14,series_imsa_weathertech,IMSA WeatherTech SportsCar Championship,2025,team_vasser_sullivan_racing,Vasser Sullivan Racing,Vasser Sullivan Racing,14,GTDPRO,Lexus RC F GT3,,Michelin,4,1,0,4,704,0,no,1,canonical_car_dimension_with_entrant_and_observed_usage_context,900ddfcb701b1977f16e33501302742c328980f5ffcccd190d2e433bba0b5681
car_imsa_2025_wayne_taylor_racing_45,series_imsa_weathertech,IMSA WeatherTech SportsCar Championship,2025,team_wayne_taylor_racing,Wayne Taylor Racing,Wayne Taylor Racing,45,GTD,Lamborghini Huracan GT3 EVO2,,Michelin,4,1,0,4,689,0,no,1,canonical_car_dimension_with_entrant_and_observed_usage_context,900ddfcb701b1977f16e33501302742c328980f5ffcccd190d2e433bba0b5681
car_imsa_2025_winward_racing_57,series_imsa_weathertech,IMSA WeatherTech SportsCar Championship,2025,team_winward_racing,Winward Racing,Winward Racing,57,GTD,Mercedes-AMG GT3,,Michelin,4,1,0,4,719,0,no,1,canonical_car_dimension_with_entrant_and_observed_usage_context,900ddfcb701b1977f16e33501302742c328980f5ffcccd190d2e433bba0b5681
car_imsa_2025_wright_motorsports_120,series_imsa_weathertech,IMSA WeatherTech SportsCar Championship,2025,team_wright_motorsports,Wright Motorsports,Wright Motorsports,120,GTD,Porsche 911 GT3 R (992),,Michelin,4,1,0,4,719,0,no,1,canonical_car_dimension_with_entrant_and_observed_usage_context,900ddfcb701b1977f16e33501302742c328980f5ffcccd190d2e433bba0b5681
car_imsa_2025_van_der_steur_racing_19,series_imsa_weathertech,IMSA WeatherTech SportsCar Championship,2025,team_van_der_steur_racing,van der Steur Racing,van der Steur Racing,19,GTD,Aston Martin Vantage GT3 Evo,,Michelin,4,1,0,4,719,0,no,1,canonical_car_dimension_with_entrant_and_observed_usage_context,900ddfcb701b1977f16e33501302742c328980f5ffcccd190d2e433bba0b5681
car_indy_nxt_2024_abel_motorsports_21,series_indy_nxt,INDY NXT,2024,team_abel_motorsports,Abel Motorsports,Abel Motorsports,21,INDY NXT,Dallara IL-15,AER turbocharged engine,Firestone,2,30,13,30,265,0,no,30,canonical_car_dimension_with_entrant_and_observed_usage_context,900ddfcb701b1977f16e33501302742c328980f5ffcccd190d2e433bba0b5681
car_indy_nxt_2024_abel_motorsports_22,series_indy_nxt,INDY NXT,2024,team_abel_motorsports,Abel Motorsports,Abel Motorsports,22,INDY NXT,Dallara IL-15,AER turbocharged engine,Firestone,1,57,23,57,632,0,no,57,canonical_car_dimension_with_entrant_and_observed_usage_context,900ddfcb701b1977f16e33501302742c328980f5ffcccd190d2e433bba0b5681
car_indy_nxt_2024_abel_motorsports_51,series_indy_nxt,INDY NXT,2024,team_abel_motorsports,Abel Motorsports,Abel Motorsports,51,INDY NXT,Dallara IL-15,AER turbocharged engine,Firestone,1,57,23,57,637,0,no,57,canonical_car_dimension_with_entrant_and_observed_usage_context,900ddfcb701b1977f16e33501302742c328980f5ffcccd190d2e433bba0b5681
car_indy_nxt_2024_abel_motorsports_55,series_indy_nxt,INDY NXT,2024,team_abel_motorsports,Abel Motorsports,Abel Motorsports,55,INDY NXT,Dallara IL-15,AER turbocharged engine,Firestone,1,12,3,12,91,0,no,12,canonical_car_dimension_with_entrant_and_observed_usage_context,900ddfcb701b1977f16e33501302742c328980f5ffcccd190d2e433bba0b5681
car_indy_nxt_2024_abel_motorsports_w_miller_vinatieri_motorsports_40,series_indy_nxt,INDY NXT,2024,team_abel_motorsports_w_miller_vinatieri_motorsports,Abel Motorsports w/ Miller Vinatieri Motorsports,Abel Motorsports w/ Miller Vinatieri Motorsports,40,INDY NXT,Dallara IL-15,AER turbocharged engine,Firestone,1,57,23,57,468,0,no,57,canonical_car_dimension_with_entrant_and_observed_usage_context,900ddfcb701b1977f16e33501302742c328980f5ffcccd190d2e433bba0b5681
car_indy_nxt_2024_andretti_global_26,series_indy_nxt,INDY NXT,2024,team_andretti_global,Andretti Global,Andretti Global,26,INDY NXT,Dallara IL-15,AER turbocharged engine,Firestone,1,57,23,57,640,0,no,57,canonical_car_dimension_with_entrant_and_observed_usage_context,900ddfcb701b1977f16e33501302742c328980f5ffcccd190d2e433bba0b5681
car_indy_nxt_2024_andretti_global_27,series_indy_nxt,INDY NXT,2024,team_andretti_global,Andretti Global,Andretti Global,27,INDY NXT,Dallara IL-15,AER turbocharged engine,Firestone,1,57,23,57,578,658,yes,57,canonical_car_dimension_with_entrant_and_observed_usage_context,900ddfcb701b1977f16e33501302742c328980f5ffcccd190d2e433bba0b5681
car_indy_nxt_2024_andretti_global_28,series_indy_nxt,INDY NXT,2024,team_andretti_global,Andretti Global,Andretti Global,28,INDY NXT,Dallara IL-15,AER turbocharged engine,Firestone,1,57,23,57,532,0,no,57,canonical_car_dimension_with_entrant_and_observed_usage_context,900ddfcb701b1977f16e33501302742c328980f5ffcccd190d2e433bba0b5681
car_indy_nxt_2024_andretti_global_29,series_indy_nxt,INDY NXT,2024,team_andretti_global,Andretti Global,Andretti Global,29,INDY NXT,Dallara IL-15,AER turbocharged engine,Firestone,1,56,23,56,615,0,no,56,canonical_car_dimension_with_entrant_and_observed_usage_context,900ddfcb701b1977f16e33501302742c328980f5ffcccd190d2e433bba0b5681
car_indy_nxt_2024_cape_motorsports_powered_by_ecr_2,series_indy_nxt,INDY NXT,2024,team_cape_motorsports_powered_by_ecr,Cape Motorsports powered by ECR,Cape Motorsports powered by ECR,2,INDY NXT,Dallara IL-15,AER turbocharged engine,Firestone,1,48,14,48,627,0,no,48,canonical_car_dimension_with_entrant_and_observed_usage_context,900ddfcb701b1977f16e33501302742c328980f5ffcccd190d2e433bba0b5681
car_indy_nxt_2024_cape_motorsports_powered_by_ecr_3,series_indy_nxt,INDY NXT,2024,team_cape_motorsports_powered_by_ecr,Cape Motorsports powered by ECR,Cape Motorsports powered by ECR,3,INDY NXT,Dallara IL-15,AER turbocharged engine,Firestone,1,30,12,30,280,0,no,30,canonical_car_dimension_with_entrant_and_observed_usage_context,900ddfcb701b1977f16e33501302742c328980f5ffcccd190d2e433bba0b5681
car_indy_nxt_2024_hmd_motorsports_10,series_indy_nxt,INDY NXT,2024,team_hmd_motorsports,HMD Motorsports,HMD Motorsports,10,INDY NXT,Dallara IL-15,AER turbocharged engine,Firestone,2,57,23,57,539,0,no,57,canonical_car_dimension_with_entrant_and_observed_usage_context,900ddfcb701b1977f16e33501302742c328980f5ffcccd190d2e433bba0b5681
car_indy_nxt_2024_hmd_motorsports_11,series_indy_nxt,INDY NXT,2024,team_hmd_motorsports,HMD Motorsports,HMD Motorsports,11,INDY NXT,Dallara IL-15,AER turbocharged engine,Firestone,1,40,18,40,295,0,no,40,canonical_car_dimension_with_entrant_and_observed_usage_context,900ddfcb701b1977f16e33501302742c328980f5ffcccd190d2e433bba0b5681
car_indy_nxt_2024_hmd_motorsports_14,series_indy_nxt,INDY NXT,2024,team_hmd_motorsports,HMD Motorsports,HMD Motorsports,14,INDY NXT,Dallara IL-15,AER turbocharged engine,Firestone,1,57,23,57,585,0,no,57,canonical_car_dimension_with_entrant_and_observed_usage_context,900ddfcb701b1977f16e33501302742c328980f5ffcccd190d2e433bba0b5681
car_indy_nxt_2024_hmd_motorsports_17,series_indy_nxt,INDY NXT,2024,team_hmd_motorsports,HMD Motorsports,HMD Motorsports,17,INDY NXT,Dallara IL-15,AER turbocharged engine,Firestone,1,57,23,57,627,0,no,57,canonical_car_dimension_with_entrant_and_observed_usage_context,900ddfcb701b1977f16e33501302742c328980f5ffcccd190d2e433bba0b5681
car_indy_nxt_2024_hmd_motorsports_18,series_indy_nxt,INDY NXT,2024,team_hmd_motorsports,HMD Motorsports,HMD Motorsports,18,INDY NXT,Dallara IL-15,AER turbocharged engine,Firestone,1,57,23,57,551,0,no,57,canonical_car_dimension_with_entrant_and_observed_usage_context,900ddfcb701b1977f16e33501302742c328980f5ffcccd190d2e433bba0b5681
car_indy_nxt_2024_hmd_motorsports_23,series_indy_nxt,INDY NXT,2024,team_hmd_motorsports,HMD Motorsports,HMD Motorsports,23,INDY NXT,Dallara IL-15,AER turbocharged engine,Firestone,1,57,23,57,626,0,no,57,canonical_car_dimension_with_entrant_and_observed_usage_context,900ddfcb701b1977f16e33501302742c328980f5ffcccd190d2e433bba0b5681
car_indy_nxt_2024_hmd_motorsports_33,series_indy_nxt,INDY NXT,2024,team_hmd_motorsports,HMD Motorsports,HMD Motorsports,33,INDY NXT,Dallara IL-15,AER turbocharged engine,Firestone,2,43,19,43,339,0,no,43,canonical_car_dimension_with_entrant_and_observed_usage_context,900ddfcb701b1977f16e33501302742c328980f5ffcccd190d2e433bba0b5681
car_indy_nxt_2024_hmd_motorsports_39,series_indy_nxt,INDY NXT,2024,team_hmd_motorsports,HMD Motorsports,HMD Motorsports,39,INDY NXT,Dallara IL-15,AER turbocharged engine,Firestone,3,57,23,57,636,0,no,57,canonical_car_dimension_with_entrant_and_observed_usage_context,900ddfcb701b1977f16e33501302742c328980f5ffcccd190d2e433bba0b5681
car_indy_nxt_2024_hmd_motorsports_7,series_indy_nxt,INDY NXT,2024,team_hmd_motorsports,HMD Motorsports,HMD Motorsports,7,INDY NXT,Dallara IL-15,AER turbocharged engine,Firestone,1,57,23,57,638,0,no,57,canonical_car_dimension_with_entrant_and_observed_usage_context,900ddfcb701b1977f16e33501302742c328980f5ffcccd190d2e433bba0b5681
car_indy_nxt_2024_hmd_motorsports_99,series_indy_nxt,INDY NXT,2024,team_hmd_motorsports,HMD Motorsports,HMD Motorsports,99,INDY NXT,Dallara IL-15,AER turbocharged engine,Firestone,1,57,23,57,484,0,no,57,canonical_car_dimension_with_entrant_and_observed_usage_context,900ddfcb701b1977f16e33501302742c328980f5ffcccd190d2e433bba0b5681
car_indy_nxt_2024_juncos_hollinger_racing_75,series_indy_nxt,INDY NXT,2024,team_juncos_hollinger_racing,Juncos Hollinger Racing,Juncos Hollinger Racing,75,INDY NXT,Dallara IL-15,AER turbocharged engine,Firestone,1,13,6,13,76,0,no,13,canonical_car_dimension_with_entrant_and_observed_usage_context,900ddfcb701b1977f16e33501302742c328980f5ffcccd190d2e433bba0b5681
car_indy_nxt_2024_juncos_hollinger_racing_76,series_indy_nxt,INDY NXT,2024,team_juncos_hollinger_racing,Juncos Hollinger Racing,Juncos Hollinger Racing,76,INDY NXT,Dallara IL-15,AER turbocharged engine,Firestone,2,43,19,43,367,0,no,43,canonical_car_dimension_with_entrant_and_observed_usage_context,900ddfcb701b1977f16e33501302742c328980f5ffcccd190d2e433bba0b5681
car_indy_nxt_2025_abel_motorsports_17,series_indy_nxt,INDY NXT,2025,team_abel_motorsports,Abel Motorsports,Abel Motorsports,17,INDY NXT,Dallara IL-15,AER turbocharged engine,Firestone,1,55,22,55,621,0,no,55,canonical_car_dimension_with_entrant_and_observed_usage_context,900ddfcb701b1977f16e33501302742c328980f5ffcccd190d2e433bba0b5681
car_indy_nxt_2025_abel_motorsports_48,series_indy_nxt,INDY NXT,2025,team_abel_motorsports,Abel Motorsports,Abel Motorsports,48,INDY NXT,Dallara IL-15,AER turbocharged engine,Firestone,1,56,23,56,618,0,no,56,canonical_car_dimension_with_entrant_and_observed_usage_context,900ddfcb701b1977f16e33501302742c328980f5ffcccd190d2e433bba0b5681
car_indy_nxt_2025_abel_motorsports_99,series_indy_nxt,INDY NXT,2025,team_abel_motorsports,Abel Motorsports,Abel Motorsports,99,INDY NXT,Dallara IL-15,AER turbocharged engine,Firestone,1,55,22,55,621,0,no,55,canonical_car_dimension_with_entrant_and_observed_usage_context,900ddfcb701b1977f16e33501302742c328980f5ffcccd190d2e433bba0b5681
car_indy_nxt_2025_abel_motorsports_w_miller_vinatieri_motorsports_40,series_indy_nxt,INDY NXT,2025,team_abel_motorsports_w_miller_vinatieri_motorsports,Abel Motorsports w/ Miller Vinatieri Motorsports,Abel Motorsports w/ Miller Vinatieri Motorsports,40,INDY NXT,Dallara IL-15,AER turbocharged engine,Firestone,1,54,21,54,556,0,no,54,canonical_car_dimension_with_entrant_and_observed_usage_context,900ddfcb701b1977f16e33501302742c328980f5ffcccd190d2e433bba0b5681
car_indy_nxt_2025_andretti_global_26,series_indy_nxt,INDY NXT,2025,team_andretti_global,Andretti Global,Andretti Global,26,INDY NXT,Dallara IL-15,AER turbocharged engine,Firestone,1,56,23,56,653,0,no,56,canonical_car_dimension_with_entrant_and_observed_usage_context,900ddfcb701b1977f16e33501302742c328980f5ffcccd190d2e433bba0b5681
car_indy_nxt_2025_andretti_global_27,series_indy_nxt,INDY NXT,2025,team_andretti_global,Andretti Global,Andretti Global,27,INDY NXT,Dallara IL-15,AER turbocharged engine,Firestone,1,55,22,55,621,0,no,55,canonical_car_dimension_with_entrant_and_observed_usage_context,900ddfcb701b1977f16e33501302742c328980f5ffcccd190d2e433bba0b5681
car_indy_nxt_2025_andretti_global_28,series_indy_nxt,INDY NXT,2025,team_andretti_global,Andretti Global,Andretti Global,28,INDY NXT,Dallara IL-15,AER turbocharged engine,Firestone,1,55,22,55,648,0,no,55,canonical_car_dimension_with_entrant_and_observed_usage_context,900ddfcb701b1977f16e33501302742c328980f5ffcccd190d2e433bba0b5681
car_indy_nxt_2025_andretti_global_29,series_indy_nxt,INDY NXT,2025,team_andretti_global,Andretti Global,Andretti Global,29,INDY NXT,Dallara IL-15,AER turbocharged engine,Firestone,1,55,22,55,603,0,no,55,canonical_car_dimension_with_entrant_and_observed_usage_context,900ddfcb701b1977f16e33501302742c328980f5ffcccd190d2e433bba0b5681
car_indy_nxt_2025_cape_motorsports_powered_by_ecr_2,series_indy_nxt,INDY NXT,2025,team_cape_motorsports_powered_by_ecr,Cape Motorsports powered by ECR,Cape Motorsports powered by ECR,2,INDY NXT,Dallara IL-15,AER turbocharged engine,Firestone,1,54,23,54,508,0,no,54,canonical_car_dimension_with_entrant_and_observed_usage_context,900ddfcb701b1977f16e33501302742c328980f5ffcccd190d2e433bba0b5681
car_indy_nxt_2025_cape_motorsports_powered_by_ecr_3,series_indy_nxt,INDY NXT,2025,team_cape_motorsports_powered_by_ecr,Cape Motorsports powered by ECR,Cape Motorsports powered by ECR,3,INDY NXT,Dallara IL-15,AER turbocharged engine,Firestone,2,46,17,46,508,0,no,46,canonical_car_dimension_with_entrant_and_observed_usage_context,900ddfcb701b1977f16e33501302742c328980f5ffcccd190d2e433bba0b5681
car_indy_nxt_2025_chip_ganassi_racing_10,series_indy_nxt,INDY NXT,2025,team_chip_ganassi_racing,Chip Ganassi Racing,Chip Ganassi Racing,10,INDY NXT,Dallara IL-15,AER turbocharged engine,Firestone,1,54,21,54,607,0,no,54,canonical_car_dimension_with_entrant_and_observed_usage_context,900ddfcb701b1977f16e33501302742c328980f5ffcccd190d2e433bba0b5681
car_indy_nxt_2025_chip_ganassi_racing_9,series_indy_nxt,INDY NXT,2025,team_chip_ganassi_racing,Chip Ganassi Racing,Chip Ganassi Racing,9,INDY NXT,Dallara IL-15,AER turbocharged engine,Firestone,2,56,23,56,585,615,yes,56,canonical_car_dimension_with_entrant_and_observed_usage_context,900ddfcb701b1977f16e33501302742c328980f5ffcccd190d2e433bba0b5681
car_indy_nxt_2025_hmd_motorsports_11,series_indy_nxt,INDY NXT,2025,team_hmd_motorsports,HMD Motorsports,HMD Motorsports,11,INDY NXT,Dallara IL-15,AER turbocharged engine,Firestone,1,53,22,53,501,0,no,53,canonical_car_dimension_with_entrant_and_observed_usage_context,900ddfcb701b1977f16e33501302742c328980f5ffcccd190d2e433bba0b5681
car_indy_nxt_2025_hmd_motorsports_14,series_indy_nxt,INDY NXT,2025,team_hmd_motorsports,HMD Motorsports,HMD Motorsports,14,INDY NXT,Dallara IL-15,AER turbocharged engine,Firestone,1,54,21,54,655,0,no,54,canonical_car_dimension_with_entrant_and_observed_usage_context,900ddfcb701b1977f16e33501302742c328980f5ffcccd190d2e433bba0b5681
car_indy_nxt_2025_hmd_motorsports_16,series_indy_nxt,INDY NXT,2025,team_hmd_motorsports,HMD Motorsports,HMD Motorsports,16,INDY NXT,Dallara IL-15,AER turbocharged engine,Firestone,1,55,22,55,564,0,no,55,canonical_car_dimension_with_entrant_and_observed_usage_context,900ddfcb701b1977f16e33501302742c328980f5ffcccd190d2e433bba0b5681
car_indy_nxt_2025_hmd_motorsports_18,series_indy_nxt,INDY NXT,2025,team_hmd_motorsports,HMD Motorsports,HMD Motorsports,18,INDY NXT,Dallara IL-15,AER turbocharged engine,Firestone,2,33,13,33,374,0,no,33,canonical_car_dimension_with_entrant_and_observed_usage_context,900ddfcb701b1977f16e33501302742c328980f5ffcccd190d2e433bba0b5681
car_indy_nxt_2025_hmd_motorsports_24,series_indy_nxt,INDY NXT,2025,team_hmd_motorsports,HMD Motorsports,HMD Motorsports,24,INDY NXT,Dallara IL-15,AER turbocharged engine,Firestone,4,41,15,41,513,0,no,41,canonical_car_dimension_with_entrant_and_observed_usage_context,900ddfcb701b1977f16e33501302742c328980f5ffcccd190d2e433bba0b5681
car_indy_nxt_2025_hmd_motorsports_30,series_indy_nxt,INDY NXT,2025,team_hmd_motorsports,HMD Motorsports,HMD Motorsports,30,INDY NXT,Dallara IL-15,AER turbocharged engine,Firestone,1,33,14,33,250,0,no,33,canonical_car_dimension_with_entrant_and_observed_usage_context,900ddfcb701b1977f16e33501302742c328980f5ffcccd190d2e433bba0b5681
car_indy_nxt_2025_hmd_motorsports_38,series_indy_nxt,INDY NXT,2025,team_hmd_motorsports,HMD Motorsports,HMD Motorsports,38,INDY NXT,Dallara IL-15,AER turbocharged engine,Firestone,1,55,22,55,644,0,no,55,canonical_car_dimension_with_entrant_and_observed_usage_context,900ddfcb701b1977f16e33501302742c328980f5ffcccd190d2e433bba0b5681
car_indy_nxt_2025_hmd_motorsports_39,series_indy_nxt,INDY NXT,2025,team_hmd_motorsports,HMD Motorsports,HMD Motorsports,39,INDY NXT,Dallara IL-15,AER turbocharged engine,Firestone,2,40,17,40,405,49,yes,40,canonical_car_dimension_with_entrant_and_observed_usage_context,900ddfcb701b1977f16e33501302742c328980f5ffcccd190d2e433bba0b5681
car_indy_nxt_2025_hmd_motorsports_76,series_indy_nxt,INDY NXT,2025,team_hmd_motorsports,HMD Motorsports,HMD Motorsports,76,INDY NXT,Dallara IL-15,AER turbocharged engine,Firestone,1,55,22,55,648,0,no,55,canonical_car_dimension_with_entrant_and_observed_usage_context,900ddfcb701b1977f16e33501302742c328980f5ffcccd190d2e433bba0b5681
car_indy_nxt_2026_a_j_foyt_enterprises_14,series_indy_nxt,INDY NXT,2026,team_a_j_foyt_enterprises,A.J. Foyt Enterprises,A.J. Foyt Enterprises,14,INDY NXT,Dallara IL-15,AER turbocharged engine,Firestone,1,46,23,46,396,0,no,46,canonical_car_dimension_with_entrant_and_observed_usage_context,900ddfcb701b1977f16e33501302742c328980f5ffcccd190d2e433bba0b5681
car_indy_nxt_2026_a_j_foyt_enterprises_4,series_indy_nxt,INDY NXT,2026,team_a_j_foyt_enterprises,A.J. Foyt Enterprises,A.J. Foyt Enterprises,4,INDY NXT,Dallara IL-15,AER turbocharged engine,Firestone,1,46,23,46,374,0,no,46,canonical_car_dimension_with_entrant_and_observed_usage_context,900ddfcb701b1977f16e33501302742c328980f5ffcccd190d2e433bba0b5681
car_indy_nxt_2026_abel_motorsports_12,series_indy_nxt,INDY NXT,2026,team_abel_motorsports,Abel Motorsports,Abel Motorsports,12,INDY NXT,Dallara IL-15,AER turbocharged engine,Firestone,1,46,23,46,377,0,no,46,canonical_car_dimension_with_entrant_and_observed_usage_context,900ddfcb701b1977f16e33501302742c328980f5ffcccd190d2e433bba0b5681
car_indy_nxt_2026_abel_motorsports_48,series_indy_nxt,INDY NXT,2026,team_abel_motorsports,Abel Motorsports,Abel Motorsports,48,INDY NXT,Dallara IL-15,AER turbocharged engine,Firestone,1,46,23,46,381,0,no,46,canonical_car_dimension_with_entrant_and_observed_usage_context,900ddfcb701b1977f16e33501302742c328980f5ffcccd190d2e433bba0b5681
car_indy_nxt_2026_abel_motorsports_57,series_indy_nxt,INDY NXT,2026,team_abel_motorsports,Abel Motorsports,Abel Motorsports,57,INDY NXT,Dallara IL-15,AER turbocharged engine,Firestone,1,46,23,46,382,0,no,46,canonical_car_dimension_with_entrant_and_observed_usage_context,900ddfcb701b1977f16e33501302742c328980f5ffcccd190d2e433bba0b5681
car_indy_nxt_2026_abel_motorsports_99,series_indy_nxt,INDY NXT,2026,team_abel_motorsports,Abel Motorsports,Abel Motorsports,99,INDY NXT,Dallara IL-15,AER turbocharged engine,Firestone,1,46,23,46,370,0,no,46,canonical_car_dimension_with_entrant_and_observed_usage_context,900ddfcb701b1977f16e33501302742c328980f5ffcccd190d2e433bba0b5681
car_indy_nxt_2026_andretti_global_26,series_indy_nxt,INDY NXT,2026,team_andretti_global,Andretti Global,Andretti Global,26,INDY NXT,Dallara IL-15,AER turbocharged engine,Firestone,1,46,23,46,395,0,no,46,canonical_car_dimension_with_entrant_and_observed_usage_context,900ddfcb701b1977f16e33501302742c328980f5ffcccd190d2e433bba0b5681
car_indy_nxt_2026_andretti_global_27,series_indy_nxt,INDY NXT,2026,team_andretti_global,Andretti Global,Andretti Global,27,INDY NXT,Dallara IL-15,AER turbocharged engine,Firestone,1,46,23,46,400,0,no,46,canonical_car_dimension_with_entrant_and_observed_usage_context,900ddfcb701b1977f16e33501302742c328980f5ffcccd190d2e433bba0b5681
car_indy_nxt_2026_andretti_global_28,series_indy_nxt,INDY NXT,2026,team_andretti_global,Andretti Global,Andretti Global,28,INDY NXT,Dallara IL-15,AER turbocharged engine,Firestone,1,46,23,46,398,0,no,46,canonical_car_dimension_with_entrant_and_observed_usage_context,900ddfcb701b1977f16e33501302742c328980f5ffcccd190d2e433bba0b5681
car_indy_nxt_2026_andretti_global_29,series_indy_nxt,INDY NXT,2026,team_andretti_global,Andretti Global,Andretti Global,29,INDY NXT,Dallara IL-15,AER turbocharged engine,Firestone,1,46,23,46,352,0,no,46,canonical_car_dimension_with_entrant_and_observed_usage_context,900ddfcb701b1977f16e33501302742c328980f5ffcccd190d2e433bba0b5681
car_indy_nxt_2026_cape_motorsports_powered_by_ecr_20,series_indy_nxt,INDY NXT,2026,team_cape_motorsports_powered_by_ecr,Cape Motorsports powered by ECR,Cape Motorsports powered by ECR,20,INDY NXT,Dallara IL-15,AER turbocharged engine,Firestone,1,46,23,46,392,0,no,46,canonical_car_dimension_with_entrant_and_observed_usage_context,900ddfcb701b1977f16e33501302742c328980f5ffcccd190d2e433bba0b5681
car_indy_nxt_2026_cape_motorsports_powered_by_ecr_21,series_indy_nxt,INDY NXT,2026,team_cape_motorsports_powered_by_ecr,Cape Motorsports powered by ECR,Cape Motorsports powered by ECR,21,INDY NXT,Dallara IL-15,AER turbocharged engine,Firestone,1,46,23,46,401,0,no,46,canonical_car_dimension_with_entrant_and_observed_usage_context,900ddfcb701b1977f16e33501302742c328980f5ffcccd190d2e433bba0b5681
car_indy_nxt_2026_chip_ganassi_racing_10,series_indy_nxt,INDY NXT,2026,team_chip_ganassi_racing,Chip Ganassi Racing,Chip Ganassi Racing,10,INDY NXT,Dallara IL-15,AER turbocharged engine,Firestone,1,46,23,46,366,0,no,46,canonical_car_dimension_with_entrant_and_observed_usage_context,900ddfcb701b1977f16e33501302742c328980f5ffcccd190d2e433bba0b5681
car_indy_nxt_2026_chip_ganassi_racing_11,series_indy_nxt,INDY NXT,2026,team_chip_ganassi_racing,Chip Ganassi Racing,Chip Ganassi Racing,11,INDY NXT,Dallara IL-15,AER turbocharged engine,Firestone,1,46,23,46,363,0,no,46,canonical_car_dimension_with_entrant_and_observed_usage_context,900ddfcb701b1977f16e33501302742c328980f5ffcccd190d2e433bba0b5681
car_indy_nxt_2026_chip_ganassi_racing_8,series_indy_nxt,INDY NXT,2026,team_chip_ganassi_racing,Chip Ganassi Racing,Chip Ganassi Racing,8,INDY NXT,Dallara IL-15,AER turbocharged engine,Firestone,1,46,23,46,372,0,no,46,canonical_car_dimension_with_entrant_and_observed_usage_context,900ddfcb701b1977f16e33501302742c328980f5ffcccd190d2e433bba0b5681
car_indy_nxt_2026_chip_ganassi_racing_9,series_indy_nxt,INDY NXT,2026,team_chip_ganassi_racing,Chip Ganassi Racing,Chip Ganassi Racing,9,INDY NXT,Dallara IL-15,AER turbocharged engine,Firestone,1,46,23,46,330,399,yes,46,canonical_car_dimension_with_entrant_and_observed_usage_context,900ddfcb701b1977f16e33501302742c328980f5ffcccd190d2e433bba0b5681
car_indy_nxt_2026_cusick_morgan_motorsports_15,series_indy_nxt,INDY NXT,2026,team_cusick_morgan_motorsports,Cusick Morgan Motorsports,Cusick Morgan Motorsports,15,INDY NXT,Dallara IL-15,AER turbocharged engine,Firestone,2,46,23,46,380,0,no,46,canonical_car_dimension_with_entrant_and_observed_usage_context,900ddfcb701b1977f16e33501302742c328980f5ffcccd190d2e433bba0b5681
car_indy_nxt_2026_cusick_morgan_motorsports_68,series_indy_nxt,INDY NXT,2026,team_cusick_morgan_motorsports,Cusick Morgan Motorsports,Cusick Morgan Motorsports,68,INDY NXT,Dallara IL-15,AER turbocharged engine,Firestone,1,45,23,45,399,0,no,45,canonical_car_dimension_with_entrant_and_observed_usage_context,900ddfcb701b1977f16e33501302742c328980f5ffcccd190d2e433bba0b5681
car_indy_nxt_2026_hmd_motorsports_17,series_indy_nxt,INDY NXT,2026,team_hmd_motorsports,HMD Motorsports,HMD Motorsports,17,INDY NXT,Dallara IL-15,AER turbocharged engine,Firestone,1,46,23,46,386,0,no,46,canonical_car_dimension_with_entrant_and_observed_usage_context,900ddfcb701b1977f16e33501302742c328980f5ffcccd190d2e433bba0b5681
car_indy_nxt_2026_hmd_motorsports_45,series_indy_nxt,INDY NXT,2026,team_hmd_motorsports,HMD Motorsports,HMD Motorsports,45,INDY NXT,Dallara IL-15,AER turbocharged engine,Firestone,1,46,23,46,400,0,no,46,canonical_car_dimension_with_entrant_and_observed_usage_context,900ddfcb701b1977f16e33501302742c328980f5ffcccd190d2e433bba0b5681
car_indy_nxt_2026_hmd_motorsports_67,series_indy_nxt,INDY NXT,2026,team_hmd_motorsports,HMD Motorsports,HMD Motorsports,67,INDY NXT,Dallara IL-15,AER turbocharged engine,Firestone,1,46,23,46,390,0,no,46,canonical_car_dimension_with_entrant_and_observed_usage_context,900ddfcb701b1977f16e33501302742c328980f5ffcccd190d2e433bba0b5681
car_indy_nxt_2026_hmd_motorsports_71,series_indy_nxt,INDY NXT,2026,team_hmd_motorsports,HMD Motorsports,HMD Motorsports,71,INDY NXT,Dallara IL-15,AER turbocharged engine,Firestone,1,46,23,46,401,0,no,46,canonical_car_dimension_with_entrant_and_observed_usage_context,900ddfcb701b1977f16e33501302742c328980f5ffcccd190d2e433bba0b5681
car_indy_nxt_2026_juncos_hollinger_racing_75,series_indy_nxt,INDY NXT,2026,team_juncos_hollinger_racing,Juncos Hollinger Racing,Juncos Hollinger Racing,75,INDY NXT,Dallara IL-15,AER turbocharged engine,Firestone,1,46,23,46,313,0,no,46,canonical_car_dimension_with_entrant_and_observed_usage_context,900ddfcb701b1977f16e33501302742c328980f5ffcccd190d2e433bba0b5681
car_indy_nxt_2026_juncos_hollinger_racing_76,series_indy_nxt,INDY NXT,2026,team_juncos_hollinger_racing,Juncos Hollinger Racing,Juncos Hollinger Racing,76,INDY NXT,Dallara IL-15,AER turbocharged engine,Firestone,2,46,23,46,345,0,no,46,canonical_car_dimension_with_entrant_and_observed_usage_context,900ddfcb701b1977f16e33501302742c328980f5ffcccd190d2e433bba0b5681
