driverId,driverName,nationality,hometown,seriesIds,seasonYears,teamCount,carCount,eventCount,sessionCount,qualifyingRows,resultRows,lapRows,bestObservedFinish,medianObservedFinish,sharedRaceSessionWithBryceCount,sameTeamAsBryceEventCount,cohortLabel,provenanceRefCount,sourceState,sourceHash
driver_1,1,,,series_formula_ford,2020,0,1,1,1,0,1,0,1,1.0,1,0,shared_race_field,1,canonical_driver_dimension_with_observed_cohort_context,da557a1af2c2d83acf33ad62680a7a78f908f9fa26babf66f711beddd4d5cabc
driver_aaron_telitz,Aaron Telitz,United States,"Birchwood, WI",series_imsa_weathertech,2025,1,1,1,1,0,1,188,35,35.0,1,0,shared_race_field,2,canonical_driver_dimension_with_observed_cohort_context,da557a1af2c2d83acf33ad62680a7a78f908f9fa26babf66f711beddd4d5cabc
driver_adam_adelson,Adam Adelson,United States,"Los Angeles, CA",series_imsa_weathertech,2025,1,1,1,1,0,1,162,26,26.0,1,0,shared_race_field,2,canonical_driver_dimension_with_observed_cohort_context,da557a1af2c2d83acf33ad62680a7a78f908f9fa26babf66f711beddd4d5cabc
driver_adam_fathers,Adam FATHERS,,,series_formula_ford,2020,0,2,2,7,0,7,0,9,11.0,3,0,shared_race_field,7,canonical_driver_dimension_with_observed_cohort_context,da557a1af2c2d83acf33ad62680a7a78f908f9fa26babf66f711beddd4d5cabc
driver_adam_higgins,Adam HIGGINS,,,series_formula_ford,2020,0,1,1,5,0,5,0,3,8.0,0,0,observed_competitor_or_codriver,5,canonical_driver_dimension_with_observed_cohort_context,da557a1af2c2d83acf33ad62680a7a78f908f9fa26babf66f711beddd4d5cabc
driver_adrian_campfield,Adrian CAMPFIELD,,,series_formula_ford,2020,0,1,1,3,0,3,0,8,11.0,2,0,shared_race_field,3,canonical_driver_dimension_with_observed_cohort_context,da557a1af2c2d83acf33ad62680a7a78f908f9fa26babf66f711beddd4d5cabc
driver_albert_costa,Albert Costa,ESP,Andorra,series_imsa_weathertech,2025,1,1,1,1,0,1,170,21,21.0,1,0,shared_race_field,2,canonical_driver_dimension_with_observed_cohort_context,da557a1af2c2d83acf33ad62680a7a78f908f9fa26babf66f711beddd4d5cabc
driver_alec_udell,Alec Udell,United States,"Austin, TX",series_imsa_weathertech,2025,1,1,1,1,0,1,60,50,50.0,1,0,shared_race_field,2,canonical_driver_dimension_with_observed_cohort_context,da557a1af2c2d83acf33ad62680a7a78f908f9fa26babf66f711beddd4d5cabc
driver_alessandro_pier_guidi,Alessandro Pier Guidi,ITA,"Tortona, Italy",series_imsa_weathertech,2025,1,1,1,1,0,1,106,46,46.0,1,0,shared_race_field,2,canonical_driver_dimension_with_observed_cohort_context,da557a1af2c2d83acf33ad62680a7a78f908f9fa26babf66f711beddd4d5cabc
driver_alessandro_de_tullio,Alessandro de Tullio,,,series_indy_nxt,2026,1,1,8,32,15,32,293,1,4.0,8,0,shared_race_field,32,canonical_driver_dimension_with_observed_cohort_context,da557a1af2c2d83acf33ad62680a7a78f908f9fa26babf66f711beddd4d5cabc
driver_alessio_picariello,Alessio Picariello,BEL,"Namur, Belgium",series_imsa_weathertech,2025,1,1,1,1,0,1,221,23,23.0,1,0,shared_race_field,2,canonical_driver_dimension_with_observed_cohort_context,da557a1af2c2d83acf33ad62680a7a78f908f9fa26babf66f711beddd4d5cabc
driver_alessio_rovera,Alessio Rovera,ITA,"Varese, Italy",series_imsa_weathertech,2025,1,1,1,1,0,1,165,45,45.0,1,0,shared_race_field,2,canonical_driver_dimension_with_observed_cohort_context,da557a1af2c2d83acf33ad62680a7a78f908f9fa26babf66f711beddd4d5cabc
driver_alex_ames,Alex AMES,,,series_formula_ford,2020,0,1,1,6,0,6,0,5,8.5,0,0,observed_competitor_or_codriver,6,canonical_driver_dimension_with_observed_cohort_context,da557a1af2c2d83acf33ad62680a7a78f908f9fa26babf66f711beddd4d5cabc
driver_alex_connor,Alex Connor,,,series_gb3,2021;2022,2,2,11,88,6,88,0,2,10.0,32,0,shared_race_field,88,canonical_driver_dimension_with_observed_cohort_context,da557a1af2c2d83acf33ad62680a7a78f908f9fa26babf66f711beddd4d5cabc
driver_alex_crosbie,Alex Crosbie,New Zealand,,series_froc,2024,0,1,5,51,0,51,0,2,8.0,6,0,shared_race_field,51,canonical_driver_dimension_with_observed_cohort_context,da557a1af2c2d83acf33ad62680a7a78f908f9fa26babf66f711beddd4d5cabc
driver_alex_fores,Alex FORES,,,series_formula_ford;series_gb3,2020;2021,1,2,3,15,4,15,0,2,11.0,6,0,shared_race_field,15,canonical_driver_dimension_with_observed_cohort_context,da557a1af2c2d83acf33ad62680a7a78f908f9fa26babf66f711beddd4d5cabc
driver_alex_palou,Alex Palou,ESP,"Barcelona, Spain",series_imsa_weathertech,2025,1,1,1,1,0,1,201,14,14.0,1,0,shared_race_field,2,canonical_driver_dimension_with_observed_cohort_context,da557a1af2c2d83acf33ad62680a7a78f908f9fa26babf66f711beddd4d5cabc
driver_alex_riberas,Alex Riberas,ESP,"Barcelona, Spain",series_imsa_weathertech,2025,1,1,1,1,0,1,69,57,57.0,1,0,shared_race_field,2,canonical_driver_dimension_with_observed_cohort_context,da557a1af2c2d83acf33ad62680a7a78f908f9fa26babf66f711beddd4d5cabc
driver_alex_scaler,Alex Scaler,,,series_frp_f1600,2019,0,1,2,12,0,12,0,1,4.0,6,0,shared_race_field,12,canonical_driver_dimension_with_observed_cohort_context,da557a1af2c2d83acf33ad62680a7a78f908f9fa26babf66f711beddd4d5cabc
driver_alex_walker,Alex WALKER,,,series_formula_ford,2020,0,1,2,5,0,5,0,4,12.0,3,0,shared_race_field,5,canonical_driver_dimension_with_observed_cohort_context,da557a1af2c2d83acf33ad62680a7a78f908f9fa26babf66f711beddd4d5cabc
driver_alexander_henry_walker,Alexander (Henry) WALKER,,,series_formula_ford,2020,0,1,1,4,0,4,0,12,13.5,3,0,shared_race_field,4,canonical_driver_dimension_with_observed_cohort_context,da557a1af2c2d83acf33ad62680a7a78f908f9fa26babf66f711beddd4d5cabc
driver_alexander_koreiba,Alexander Koreiba,,,series_indy_nxt,2026,1,1,8,32,15,32,227,8,20.0,8,0,shared_race_field,32,canonical_driver_dimension_with_observed_cohort_context,da557a1af2c2d83acf33ad62680a7a78f908f9fa26babf66f711beddd4d5cabc
driver_alexander_sims,Alexander Sims,GBR,"Kidderminster, United Kingdom",series_imsa_weathertech,2025,1,1,1,1,0,1,275,17,17.0,1,0,shared_race_field,2,canonical_driver_dimension_with_observed_cohort_context,da557a1af2c2d83acf33ad62680a7a78f908f9fa26babf66f711beddd4d5cabc
driver_alexander_walker,Alexander WALKER,,,series_formula_ford,2020,0,1,1,3,0,3,0,12,13.5,2,0,shared_race_field,3,canonical_driver_dimension_with_observed_cohort_context,da557a1af2c2d83acf33ad62680a7a78f908f9fa26babf66f711beddd4d5cabc
driver_andrea_caldarelli,Andrea Caldarelli,ITA,"Pescara, Italy",series_imsa_weathertech,2025,1,1,1,1,0,1,60,56,56.0,1,0,shared_race_field,2,canonical_driver_dimension_with_observed_cohort_context,da557a1af2c2d83acf33ad62680a7a78f908f9fa26babf66f711beddd4d5cabc
driver_andrew_pryke,Andrew PRYKE,,,series_formula_ford,2020,0,1,1,3,0,3,0,14,15.0,2,0,shared_race_field,3,canonical_driver_dimension_with_observed_cohort_context,da557a1af2c2d83acf33ad62680a7a78f908f9fa26babf66f711beddd4d5cabc
driver_andrew_thomas,Andrew THOMAS,,,series_formula_ford,2020,0,1,1,3,0,3,0,18,19.0,2,0,shared_race_field,3,canonical_driver_dimension_with_observed_cohort_context,da557a1af2c2d83acf33ad62680a7a78f908f9fa26babf66f711beddd4d5cabc
driver_andy_lally,Andy Lally,United States,"Northport, NY",series_imsa_weathertech,2025,1,1,1,1,0,1,8,58,58.0,1,0,shared_race_field,2,canonical_driver_dimension_with_observed_cohort_context,da557a1af2c2d83acf33ad62680a7a78f908f9fa26babf66f711beddd4d5cabc
driver_anthony_bartone,Anthony Bartone,United States,"Miami, FL",series_imsa_weathertech,2025,1,1,1,1,0,1,63,20,20.0,1,0,shared_race_field,2,canonical_driver_dimension_with_observed_cohort_context,da557a1af2c2d83acf33ad62680a7a78f908f9fa26babf66f711beddd4d5cabc
driver_anthony_mcintosh,Anthony McIntosh,United States,"Milwaukee, WI",series_imsa_weathertech,2025,1,1,1,1,0,1,154,31,31.0,1,0,shared_race_field,2,canonical_driver_dimension_with_observed_cohort_context,da557a1af2c2d83acf33ad62680a7a78f908f9fa26babf66f711beddd4d5cabc
driver_antonio_felix_da_costa,Antonio Felix da Costa,PRT,"cascais, Portugal",series_imsa_weathertech,2025,1,1,1,1,0,1,76,47,47.0,1,0,shared_race_field,2,canonical_driver_dimension_with_observed_cohort_context,da557a1af2c2d83acf33ad62680a7a78f908f9fa26babf66f711beddd4d5cabc
driver_antonio_fuoco,Antonio Fuoco,ITA,Monaco,series_imsa_weathertech,2025,1,1,1,1,0,1,47,52,52.0,1,0,shared_race_field,2,canonical_driver_dimension_with_observed_cohort_context,da557a1af2c2d83acf33ad62680a7a78f908f9fa26babf66f711beddd4d5cabc
driver_antonio_garcia,Antonio Garcia,ESP,"Madrid, Spain",series_imsa_weathertech,2025,1,1,1,1,0,1,229,17,17.0,1,0,shared_race_field,2,canonical_driver_dimension_with_observed_cohort_context,da557a1af2c2d83acf33ad62680a7a78f908f9fa26babf66f711beddd4d5cabc
driver_arthur_leclerc,Arthur Leclerc,MCO,Monaco,series_imsa_weathertech,2025,1,1,1,1,0,1,193,32,32.0,1,0,shared_race_field,2,canonical_driver_dimension_with_observed_cohort_context,da557a1af2c2d83acf33ad62680a7a78f908f9fa26babf66f711beddd4d5cabc
driver_arvid_lindblad,Arvid Lindblad,GBR,,series_froc,2024,0,1,1,1,0,1,0,2,2.0,0,0,observed_competitor_or_codriver,1,canonical_driver_dimension_with_observed_cohort_context,da557a1af2c2d83acf33ad62680a7a78f908f9fa26babf66f711beddd4d5cabc
driver_attila_penzes,Attila Pénzes,Hungary,,series_euroformula_open,2023,1,1,1,4,1,3,0,6,8.0,3,0,shared_race_field,4,canonical_driver_dimension_with_observed_cohort_context,da557a1af2c2d83acf33ad62680a7a78f908f9fa26babf66f711beddd4d5cabc
driver_augusto_farfus,Augusto Farfus,BRA,Monaco,series_imsa_weathertech,2025,1,1,1,1,0,1,195,41,41.0,1,0,shared_race_field,2,canonical_driver_dimension_with_observed_cohort_context,da557a1af2c2d83acf33ad62680a7a78f908f9fa26babf66f711beddd4d5cabc
driver_austin_cindric,Austin Cindric,United States,"Mooresville, NC",series_imsa_weathertech,2025,1,1,1,1,0,1,190,18,18.0,1,0,shared_race_field,2,canonical_driver_dimension_with_observed_cohort_context,da557a1af2c2d83acf33ad62680a7a78f908f9fa26babf66f711beddd4d5cabc
driver_ayato_iwasaki,Ayato Iwasaki,,,series_gb3,2022,1,1,1,9,0,9,0,6,18.0,3,0,shared_race_field,9,canonical_driver_dimension_with_observed_cohort_context,da557a1af2c2d83acf33ad62680a7a78f908f9fa26babf66f711beddd4d5cabc
driver_ayhancan_guven,Ayhancan Guven,TUR,Istanbul,series_imsa_weathertech,2025,1,1,1,1,0,1,205,26,26.0,1,0,shared_race_field,2,canonical_driver_dimension_with_observed_cohort_context,da557a1af2c2d83acf33ad62680a7a78f908f9fa26babf66f711beddd4d5cabc
driver_ayrton_ori,Ayrton Ori,,,series_frp_f1600;series_gb3,2019;2022,1,2,5,23,0,23,0,2,6.0,13,0,shared_race_field,23,canonical_driver_dimension_with_observed_cohort_context,da557a1af2c2d83acf33ad62680a7a78f908f9fa26babf66f711beddd4d5cabc
driver_ayrton_simmons,Ayrton Simmons,,,series_gb3,2021,1,1,7,39,14,39,0,1,8.0,20,0,shared_race_field,39,canonical_driver_dimension_with_observed_cohort_context,da557a1af2c2d83acf33ad62680a7a78f908f9fa26babf66f711beddd4d5cabc
driver_barrett_wolfe,Barrett Wolfe,United States,,series_froc,2024,0,1,1,1,0,1,0,16,16.0,0,0,observed_competitor_or_codriver,1,canonical_driver_dimension_with_observed_cohort_context,da557a1af2c2d83acf33ad62680a7a78f908f9fa26babf66f711beddd4d5cabc
driver_bart_horsten,Bart Horsten,,,series_gb3,2021,1,1,7,38,14,38,0,1,5.0,19,0,shared_race_field,38,canonical_driver_dimension_with_observed_cohort_context,da557a1af2c2d83acf33ad62680a7a78f908f9fa26babf66f711beddd4d5cabc
driver_ben_barnicoat,Ben Barnicoat,GBR,"Chesterfield, United Kingdom",series_imsa_weathertech,2025,1,1,1,1,0,1,204,35,35.0,1,0,shared_race_field,2,canonical_driver_dimension_with_observed_cohort_context,da557a1af2c2d83acf33ad62680a7a78f908f9fa26babf66f711beddd4d5cabc
driver_ben_hadfield,Ben HADFIELD,,,series_formula_ford,2020,0,1,1,6,0,6,0,12,15.0,0,0,observed_competitor_or_codriver,6,canonical_driver_dimension_with_observed_cohort_context,da557a1af2c2d83acf33ad62680a7a78f908f9fa26babf66f711beddd4d5cabc
driver_ben_hanley,Ben Hanley,GBR,"Accrington, United Kingdom",series_imsa_weathertech,2025,1,1,1,1,0,1,0,54,54.0,1,0,shared_race_field,2,canonical_driver_dimension_with_observed_cohort_context,da557a1af2c2d83acf33ad62680a7a78f908f9fa26babf66f711beddd4d5cabc
driver_ben_keating,Ben Keating,United States,"Victoria, TX",series_imsa_weathertech,2025,2,2,1,1,0,2,233,10,17.0,1,0,shared_race_field,2,canonical_driver_dimension_with_observed_cohort_context,da557a1af2c2d83acf33ad62680a7a78f908f9fa26babf66f711beddd4d5cabc
driver_ben_mitchell,Ben MITCHELL,,,series_formula_ford,2020,0,1,1,7,0,7,0,1,8.0,1,0,shared_race_field,7,canonical_driver_dimension_with_observed_cohort_context,da557a1af2c2d83acf33ad62680a7a78f908f9fa26babf66f711beddd4d5cabc
driver_benjamin_berta,Benjamin Berta,Hungary,,series_euroformula_open,2023,1,1,1,4,1,3,0,6,7.0,3,0,shared_race_field,4,canonical_driver_dimension_with_observed_cohort_context,da557a1af2c2d83acf33ad62680a7a78f908f9fa26babf66f711beddd4d5cabc
driver_benjamin_pedersen,Benjamin Pedersen,United States,Copenhagen,series_imsa_weathertech,2025,1,1,1,1,0,1,209,10,10.0,1,0,shared_race_field,2,canonical_driver_dimension_with_observed_cohort_context,da557a1af2c2d83acf33ad62680a7a78f908f9fa26babf66f711beddd4d5cabc
driver_benn_tilley,Benn TILLEY,,,series_formula_ford,2020,0,1,1,8,0,8,0,6,10.5,2,0,shared_race_field,8,canonical_driver_dimension_with_observed_cohort_context,da557a1af2c2d83acf33ad62680a7a78f908f9fa26babf66f711beddd4d5cabc
driver_bijoy_garg,Bijoy Garg,United States,"Atherton, CA",series_imsa_weathertech,2025,1,1,1,1,0,1,114,47,47.0,1,0,shared_race_field,2,canonical_driver_dimension_with_observed_cohort_context,da557a1af2c2d83acf33ad62680a7a78f908f9fa26babf66f711beddd4d5cabc
driver_bob_hawkins,Bob HAWKINS,,,series_formula_ford,2020,0,2,2,9,0,9,0,12,20.0,1,0,shared_race_field,9,canonical_driver_dimension_with_observed_cohort_context,da557a1af2c2d83acf33ad62680a7a78f908f9fa26babf66f711beddd4d5cabc
driver_bob_higgins,Bob HIGGINS,,,series_formula_ford,2020,0,1,1,2,0,2,0,12,17.0,0,0,observed_competitor_or_codriver,2,canonical_driver_dimension_with_observed_cohort_context,da557a1af2c2d83acf33ad62680a7a78f908f9fa26babf66f711beddd4d5cabc
driver_bob_reid,Bob Reid,,,series_frp_f1600,2019,0,1,7,37,0,37,0,7,12.0,21,0,shared_race_field,37,canonical_driver_dimension_with_observed_cohort_context,da557a1af2c2d83acf33ad62680a7a78f908f9fa26babf66f711beddd4d5cabc
driver_branden_oxley,Branden Oxley,,,series_gb3,2021;2022,2,2,10,82,6,82,0,1,12.0,30,0,shared_race_field,82,canonical_driver_dimension_with_observed_cohort_context,da557a1af2c2d83acf33ad62680a7a78f908f9fa26babf66f711beddd4d5cabc
driver_brendan_iribe,Brendan Iribe,United States,"Los Angeles, CA",series_imsa_weathertech,2025,1,1,1,1,0,1,105,49,49.0,1,0,shared_race_field,2,canonical_driver_dimension_with_observed_cohort_context,da557a1af2c2d83acf33ad62680a7a78f908f9fa26babf66f711beddd4d5cabc
driver_brendon_hartley,Brendon Hartley,NZL,"Palmerston North, New Zealand",series_imsa_weathertech,2025,1,1,1,1,0,1,174,5,5.0,1,0,shared_race_field,2,canonical_driver_dimension_with_observed_cohort_context,da557a1af2c2d83acf33ad62680a7a78f908f9fa26babf66f711beddd4d5cabc
driver_bryce_aron,Bryce Aron,United States,"Winnetka, IL",series_euroformula_open;series_formula_ford;series_froc;series_frp_f1600;series_gb3;series_imsa_weathertech;series_indy_nxt,2019;2020;2021;2022;2023;2024;2025;2026,8,16,74,365,81,359,1814,1,9.0,,,bryce,369,canonical_driver_dimension_with_observed_cohort_context,da557a1af2c2d83acf33ad62680a7a78f908f9fa26babf66f711beddd4d5cabc
driver_burton_august,Burton August,,,series_frp_f1600,2019,0,1,1,6,0,6,0,7,8.0,3,0,shared_race_field,6,canonical_driver_dimension_with_observed_cohort_context,da557a1af2c2d83acf33ad62680a7a78f908f9fa26babf66f711beddd4d5cabc
driver_burton_kyle_august,Burton Kyle August,,,series_frp_f1600,2019,0,1,6,31,0,31,0,4,7.0,18,0,shared_race_field,31,canonical_driver_dimension_with_observed_cohort_context,da557a1af2c2d83acf33ad62680a7a78f908f9fa26babf66f711beddd4d5cabc
driver_caio_collet,Caio Collet,,,series_indy_nxt,2024;2025,1,2,28,112,45,112,1199,1,2.0,28,1,teammate_overlap,112,canonical_driver_dimension_with_observed_cohort_context,da557a1af2c2d83acf33ad62680a7a78f908f9fa26babf66f711beddd4d5cabc
driver_callum_grant,Callum GRANT,,,series_formula_ford,2020,0,1,1,3,0,3,0,9,10.0,1,0,shared_race_field,3,canonical_driver_dimension_with_observed_cohort_context,da557a1af2c2d83acf33ad62680a7a78f908f9fa26babf66f711beddd4d5cabc
driver_callum_hedge,Callum Hedge,New Zealand,,series_froc;series_indy_nxt,2024;2025,2,3,29,121,45,121,1248,1,6.0,31,0,shared_race_field,121,canonical_driver_dimension_with_observed_cohort_context,da557a1af2c2d83acf33ad62680a7a78f908f9fa26babf66f711beddd4d5cabc
driver_callum_ilott,Callum Ilott,GBR,"Cambridge, UK",series_imsa_weathertech,2025,1,1,1,1,0,1,184,39,39.0,1,0,shared_race_field,2,canonical_driver_dimension_with_observed_cohort_context,da557a1af2c2d83acf33ad62680a7a78f908f9fa26babf66f711beddd4d5cabc
driver_callum_voisin,Callum Voisin,,,series_gb3,2022,1,1,8,76,0,76,0,1,6.0,24,0,shared_race_field,76,canonical_driver_dimension_with_observed_cohort_context,da557a1af2c2d83acf33ad62680a7a78f908f9fa26babf66f711beddd4d5cabc
driver_cam_jackson,Cam JACKSON,,,series_formula_ford,2020,0,1,1,3,0,3,0,3,3.0,0,0,observed_competitor_or_codriver,3,canonical_driver_dimension_with_observed_cohort_context,da557a1af2c2d83acf33ad62680a7a78f908f9fa26babf66f711beddd4d5cabc
driver_cameron_fenton,Cameron FENTON,,,series_formula_ford,2020,0,1,1,3,0,3,0,10,11.0,0,0,observed_competitor_or_codriver,3,canonical_driver_dimension_with_observed_cohort_context,da557a1af2c2d83acf33ad62680a7a78f908f9fa26babf66f711beddd4d5cabc
driver_cameron_jackson,Cameron JACKSON,,,series_formula_ford,2020,0,1,1,3,0,3,0,12,13.0,2,0,shared_race_field,3,canonical_driver_dimension_with_observed_cohort_context,da557a1af2c2d83acf33ad62680a7a78f908f9fa26babf66f711beddd4d5cabc
driver_carson_etter,Carson Etter,,,series_indy_nxt,2026,1,1,8,32,15,32,260,10,21.0,8,8,teammate_overlap,32,canonical_driver_dimension_with_observed_cohort_context,da557a1af2c2d83acf33ad62680a7a78f908f9fa26babf66f711beddd4d5cabc
driver_casper_stevenson,Casper Stevenson,GBR,London,series_imsa_weathertech,2025,1,1,1,1,0,1,148,27,27.0,1,0,shared_race_field,2,canonical_driver_dimension_with_observed_cohort_context,da557a1af2c2d83acf33ad62680a7a78f908f9fa26babf66f711beddd4d5cabc
driver_cedric_sbirrazzuoli,Cedric Sbirrazzuoli,MCO,Monaco,series_imsa_weathertech,2025,1,1,1,1,0,1,166,40,40.0,1,0,shared_race_field,2,canonical_driver_dimension_with_observed_cohort_context,da557a1af2c2d83acf33ad62680a7a78f908f9fa26babf66f711beddd4d5cabc
driver_charles_anti,Charles Anti,,,series_frp_f1600,2019,0,1,6,31,0,31,0,4,7.0,18,0,shared_race_field,31,canonical_driver_dimension_with_observed_cohort_context,da557a1af2c2d83acf33ad62680a7a78f908f9fa26babf66f711beddd4d5cabc
driver_charles_finelli,Charles Finelli,,,series_frp_f1600,2019,0,1,1,6,0,6,0,8,8.5,3,0,shared_race_field,6,canonical_driver_dimension_with_observed_cohort_context,da557a1af2c2d83acf33ad62680a7a78f908f9fa26babf66f711beddd4d5cabc
driver_charles_milesi,Charles Milesi,FRA,"Dijon, France",series_imsa_weathertech,2025,1,1,1,1,0,1,154,38,38.0,1,0,shared_race_field,2,canonical_driver_dimension_with_observed_cohort_context,da557a1af2c2d83acf33ad62680a7a78f908f9fa26babf66f711beddd4d5cabc
driver_charles_scardina,Charles Scardina,United States,"Miami, FL",series_imsa_weathertech,2025,1,1,1,1,0,1,138,45,45.0,1,0,shared_race_field,2,canonical_driver_dimension_with_observed_cohort_context,da557a1af2c2d83acf33ad62680a7a78f908f9fa26babf66f711beddd4d5cabc
driver_charlie_eastwood,Charlie Eastwood,IRL,"Belfast, Northern Ireland",series_imsa_weathertech,2025,1,1,1,1,0,1,63,50,50.0,1,0,shared_race_field,2,canonical_driver_dimension_with_observed_cohort_context,da557a1af2c2d83acf33ad62680a7a78f908f9fa26babf66f711beddd4d5cabc
driver_charlie_wurz,Charlie Wurz,Austria,,series_euroformula_open,2023,1,1,3,12,3,9,0,1,3.0,6,0,shared_race_field,12,canonical_driver_dimension_with_observed_cohort_context,da557a1af2c2d83acf33ad62680a7a78f908f9fa26babf66f711beddd4d5cabc
driver_chris_cumming,Chris Cumming,CAN,Vancouver,series_imsa_weathertech,2025,1,1,1,1,0,1,137,39,39.0,1,0,shared_race_field,2,canonical_driver_dimension_with_observed_cohort_context,da557a1af2c2d83acf33ad62680a7a78f908f9fa26babf66f711beddd4d5cabc
driver_chris_hodgen,Chris HODGEN,,,series_formula_ford,2020,0,1,1,5,0,5,0,3,9.0,0,0,observed_competitor_or_codriver,5,canonical_driver_dimension_with_observed_cohort_context,da557a1af2c2d83acf33ad62680a7a78f908f9fa26babf66f711beddd4d5cabc
driver_chris_middlehurst,Chris MIDDLEHURST,,,series_formula_ford,2020,0,2,4,15,0,15,0,1,2.0,7,0,shared_race_field,15,canonical_driver_dimension_with_observed_cohort_context,da557a1af2c2d83acf33ad62680a7a78f908f9fa26babf66f711beddd4d5cabc
driver_chris_perkins,Chris PERKINS,,,series_formula_ford,2020,0,1,1,2,0,2,0,23,23.0,1,0,shared_race_field,2,canonical_driver_dimension_with_observed_cohort_context,da557a1af2c2d83acf33ad62680a7a78f908f9fa26babf66f711beddd4d5cabc
driver_chris_porritt,Chris PORRITT,,,series_formula_ford,2020,0,1,1,4,0,4,0,14,18.0,0,0,observed_competitor_or_codriver,4,canonical_driver_dimension_with_observed_cohort_context,da557a1af2c2d83acf33ad62680a7a78f908f9fa26babf66f711beddd4d5cabc
driver_christian_bogle,Christian Bogle,,,series_indy_nxt,2024,1,1,14,57,23,57,638,1,11.0,14,0,shared_race_field,57,canonical_driver_dimension_with_observed_cohort_context,da557a1af2c2d83acf33ad62680a7a78f908f9fa26babf66f711beddd4d5cabc
driver_christian_brooks,Christian Brooks,,,series_indy_nxt,2024,1,1,8,30,11,30,425,2,7.0,8,0,shared_race_field,30,canonical_driver_dimension_with_observed_cohort_context,da557a1af2c2d83acf33ad62680a7a78f908f9fa26babf66f711beddd4d5cabc
driver_christian_lall_dass,Christian Lall Dass,,,series_frp_f1600,2019,0,1,3,18,0,18,0,2,5.0,9,0,shared_race_field,18,canonical_driver_dimension_with_observed_cohort_context,da557a1af2c2d83acf33ad62680a7a78f908f9fa26babf66f711beddd4d5cabc
driver_christian_mansell,Christian Mansell,Australia,,series_froc;series_gb3,2021;2024,1,2,9,58,14,58,0,1,5.0,20,7,teammate_overlap,58,canonical_driver_dimension_with_observed_cohort_context,da557a1af2c2d83acf33ad62680a7a78f908f9fa26babf66f711beddd4d5cabc
driver_christian_rasmussen,Christian Rasmussen,DNK,"Copenhagen, Denmark",series_imsa_weathertech,2025,1,1,1,1,0,1,191,12,12.0,1,0,shared_race_field,2,canonical_driver_dimension_with_observed_cohort_context,da557a1af2c2d83acf33ad62680a7a78f908f9fa26babf66f711beddd4d5cabc
driver_christopher_horan,Christopher Horan,,,series_frp_f1600,2019,0,1,2,9,0,9,0,3,5.0,6,0,shared_race_field,9,canonical_driver_dimension_with_observed_cohort_context,da557a1af2c2d83acf33ad62680a7a78f908f9fa26babf66f711beddd4d5cabc
driver_christopher_kierce,Christopher Kierce,,,series_frp_f1600,2019,0,1,1,6,0,6,0,12,15.0,3,0,shared_race_field,6,canonical_driver_dimension_with_observed_cohort_context,da557a1af2c2d83acf33ad62680a7a78f908f9fa26babf66f711beddd4d5cabc
driver_christopher_mies,Christopher Mies,DEU,"Erkrath, Germany",series_imsa_weathertech,2025,1,1,1,1,0,1,264,16,16.0,1,0,shared_race_field,2,canonical_driver_dimension_with_observed_cohort_context,da557a1af2c2d83acf33ad62680a7a78f908f9fa26babf66f711beddd4d5cabc
driver_christopher_perkins,Christopher PERKINS,,,series_formula_ford,2020,0,1,1,8,0,8,0,17,19.5,1,0,shared_race_field,8,canonical_driver_dimension_with_observed_cohort_context,da557a1af2c2d83acf33ad62680a7a78f908f9fa26babf66f711beddd4d5cabc
driver_christopher_sharples,Christopher SHARPLES,,,series_formula_ford,2020,0,1,1,3,0,3,0,20,21.0,2,0,shared_race_field,3,canonical_driver_dimension_with_observed_cohort_context,da557a1af2c2d83acf33ad62680a7a78f908f9fa26babf66f711beddd4d5cabc
driver_christopher_stones,Christopher STONES,,,series_formula_ford,2020,0,1,1,3,0,3,0,11,12.5,2,0,shared_race_field,3,canonical_driver_dimension_with_observed_cohort_context,da557a1af2c2d83acf33ad62680a7a78f908f9fa26babf66f711beddd4d5cabc
driver_cian_shields,Cian Shields,United Kingdom,,series_euroformula_open;series_gb3,2022;2023,2,2,15,104,7,97,0,1,14.0,42,14,teammate_overlap,104,canonical_driver_dimension_with_observed_cohort_context,da557a1af2c2d83acf33ad62680a7a78f908f9fa26babf66f711beddd4d5cabc
driver_claudio_schiavoni,Claudio Schiavoni,ITA,"Bologna, Italy",series_imsa_weathertech,2025,1,1,1,1,0,1,88,28,28.0,1,0,shared_race_field,2,canonical_driver_dimension_with_observed_cohort_context,da557a1af2c2d83acf33ad62680a7a78f908f9fa26babf66f711beddd4d5cabc
driver_cliff_johnson,Cliff Johnson,,,series_frp_f1600,2019,0,1,2,12,0,12,0,9,12.0,6,0,shared_race_field,12,canonical_driver_dimension_with_observed_cohort_context,da557a1af2c2d83acf33ad62680a7a78f908f9fa26babf66f711beddd4d5cabc
driver_colin_braun,Colin Braun,United States,"Ovalo, TX",series_imsa_weathertech,2025,1,1,1,1,0,1,177,2,2.0,1,0,shared_race_field,2,canonical_driver_dimension_with_observed_cohort_context,da557a1af2c2d83acf33ad62680a7a78f908f9fa26babf66f711beddd4d5cabc
driver_colin_kaminsky,Colin Kaminsky,,,series_indy_nxt,2026,1,1,8,32,15,32,283,5,16.0,8,0,shared_race_field,32,canonical_driver_dimension_with_observed_cohort_context,da557a1af2c2d83acf33ad62680a7a78f908f9fa26babf66f711beddd4d5cabc
driver_colin_lawson,Colin LAWSON,,,series_formula_ford,2020,0,2,1,3,0,3,0,23,26.0,2,0,shared_race_field,3,canonical_driver_dimension_with_observed_cohort_context,da557a1af2c2d83acf33ad62680a7a78f908f9fa26babf66f711beddd4d5cabc
driver_colin_turner,Colin TURNER,,,series_formula_ford,2020,0,1,1,3,0,3,0,7,19.0,0,0,observed_competitor_or_codriver,3,canonical_driver_dimension_with_observed_cohort_context,da557a1af2c2d83acf33ad62680a7a78f908f9fa26babf66f711beddd4d5cabc
driver_colton_herta,Colton Herta,United States,"Valencia, CA",series_imsa_weathertech,2025,1,1,1,1,0,1,171,13,13.0,1,0,shared_race_field,2,canonical_driver_dimension_with_observed_cohort_context,da557a1af2c2d83acf33ad62680a7a78f908f9fa26babf66f711beddd4d5cabc
driver_connor_de_phillippi,Connor De Phillippi,United States,"Cornelius, NC",series_imsa_weathertech,2025,1,1,1,1,0,1,178,19,19.0,1,0,shared_race_field,2,canonical_driver_dimension_with_observed_cohort_context,da557a1af2c2d83acf33ad62680a7a78f908f9fa26babf66f711beddd4d5cabc
driver_connor_zilisch,Connor Zilisch,United States,"Mooresville, NC",series_imsa_weathertech,2025,1,1,1,1,0,1,269,24,24.0,1,0,shared_race_field,2,canonical_driver_dimension_with_observed_cohort_context,da557a1af2c2d83acf33ad62680a7a78f908f9fa26babf66f711beddd4d5cabc
driver_conrad_laursen,Conrad Laursen,DNK,Copenhagen,series_imsa_weathertech,2025,1,1,1,1,0,1,210,32,32.0,1,0,shared_race_field,2,canonical_driver_dimension_with_observed_cohort_context,da557a1af2c2d83acf33ad62680a7a78f908f9fa26babf66f711beddd4d5cabc
driver_craig_currie,Craig CURRIE,,,series_formula_ford,2020,0,1,1,2,0,2,0,9,9.0,1,0,shared_race_field,2,canonical_driver_dimension_with_observed_cohort_context,da557a1af2c2d83acf33ad62680a7a78f908f9fa26babf66f711beddd4d5cabc
driver_custodio_toledo,Custodio Toledo,United States,"Miami, FL",series_imsa_weathertech,2025,1,1,1,1,0,1,149,32,32.0,1,0,shared_race_field,2,canonical_driver_dimension_with_observed_cohort_context,da557a1af2c2d83acf33ad62680a7a78f908f9fa26babf66f711beddd4d5cabc
driver_dan_fox,Dan FOX,,,series_formula_ford,2020,0,1,1,3,0,3,0,9,12.0,1,0,shared_race_field,3,canonical_driver_dimension_with_observed_cohort_context,da557a1af2c2d83acf33ad62680a7a78f908f9fa26babf66f711beddd4d5cabc
driver_dan_harper,Dan Harper,GBR,Belfast,series_imsa_weathertech,2025,1,1,1,1,0,1,176,41,41.0,1,0,shared_race_field,2,canonical_driver_dimension_with_observed_cohort_context,da557a1af2c2d83acf33ad62680a7a78f908f9fa26babf66f711beddd4d5cabc
driver_dan_knox,Dan Knox,United States,"Celina, TX",series_imsa_weathertech,2025,1,1,1,1,0,1,141,43,43.0,1,0,shared_race_field,2,canonical_driver_dimension_with_observed_cohort_context,da557a1af2c2d83acf33ad62680a7a78f908f9fa26babf66f711beddd4d5cabc
driver_dane_cameron,Dane Cameron,United States,"Huntersville, NC",series_imsa_weathertech,2025,1,1,1,1,0,1,224,12,12.0,1,0,shared_race_field,2,canonical_driver_dimension_with_observed_cohort_context,da557a1af2c2d83acf33ad62680a7a78f908f9fa26babf66f711beddd4d5cabc
driver_daniel_goldburg,Daniel Goldburg,United States,"Delray Beach, FL",series_imsa_weathertech,2025,1,1,1,1,0,1,157,8,8.0,1,0,shared_race_field,2,canonical_driver_dimension_with_observed_cohort_context,da557a1af2c2d83acf33ad62680a7a78f908f9fa26babf66f711beddd4d5cabc
driver_daniel_juncadella,Daniel Juncadella,ESP,"Barcelona, Spain",series_imsa_weathertech,2025,1,1,1,1,0,1,219,17,17.0,1,0,shared_race_field,2,canonical_driver_dimension_with_observed_cohort_context,da557a1af2c2d83acf33ad62680a7a78f908f9fa26babf66f711beddd4d5cabc
driver_daniel_mackintosh,Daniel MacKINTOSH,,,series_formula_ford,2020,0,1,1,3,0,3,0,21,23.5,2,0,shared_race_field,3,canonical_driver_dimension_with_observed_cohort_context,da557a1af2c2d83acf33ad62680a7a78f908f9fa26babf66f711beddd4d5cabc
driver_daniel_morad,Daniel Morad,CAN,"Toronto, Canada",series_imsa_weathertech,2025,1,1,1,1,0,1,180,34,34.0,1,0,shared_race_field,2,canonical_driver_dimension_with_observed_cohort_context,da557a1af2c2d83acf33ad62680a7a78f908f9fa26babf66f711beddd4d5cabc
driver_daniel_obeirne,Daniel O'BEIRNE,,,series_formula_ford,2020,0,1,1,4,0,4,0,8,17.0,1,0,shared_race_field,4,canonical_driver_dimension_with_observed_cohort_context,da557a1af2c2d83acf33ad62680a7a78f908f9fa26babf66f711beddd4d5cabc
driver_daniel_serra,Daniel Serra,BRA,"Sao Paulo, Brazil",series_imsa_weathertech,2025,1,1,1,1,0,1,161,40,40.0,1,0,shared_race_field,2,canonical_driver_dimension_with_observed_cohort_context,da557a1af2c2d83acf33ad62680a7a78f908f9fa26babf66f711beddd4d5cabc
driver_daniil_kvyat,Daniil Kvyat,RUS,"Ufa, Russia",series_imsa_weathertech,2025,1,1,1,1,0,1,0,61,61.0,1,0,shared_race_field,2,canonical_driver_dimension_with_observed_cohort_context,da557a1af2c2d83acf33ad62680a7a78f908f9fa26babf66f711beddd4d5cabc
driver_danny_formal,Danny Formal,CRI,"San Jose, Costa Rica",series_imsa_weathertech,2025,1,1,1,1,0,1,182,37,37.0,1,0,shared_race_field,2,canonical_driver_dimension_with_observed_cohort_context,da557a1af2c2d83acf33ad62680a7a78f908f9fa26babf66f711beddd4d5cabc
driver_dave_petzko,Dave Petzko,,,series_frp_f1600,2019,0,1,6,33,0,33,0,7,11.0,18,0,shared_race_field,33,canonical_driver_dimension_with_observed_cohort_context,da557a1af2c2d83acf33ad62680a7a78f908f9fa26babf66f711beddd4d5cabc
driver_davey_hamilton_jr,Davey Hamilton Jr.,,,series_indy_nxt,2025,1,1,4,11,3,11,276,13,15.0,4,0,shared_race_field,11,canonical_driver_dimension_with_observed_cohort_context,da557a1af2c2d83acf33ad62680a7a78f908f9fa26babf66f711beddd4d5cabc
driver_david_billington,David BILLINGTON,,,series_formula_ford,2020,0,1,1,5,0,5,0,13,22.0,0,0,observed_competitor_or_codriver,5,canonical_driver_dimension_with_observed_cohort_context,da557a1af2c2d83acf33ad62680a7a78f908f9fa26babf66f711beddd4d5cabc
driver_david_fumanelli,David Fumanelli,ITA,Lesmo,series_imsa_weathertech,2025,1,1,1,1,0,1,73,49,49.0,1,0,shared_race_field,2,canonical_driver_dimension_with_observed_cohort_context,da557a1af2c2d83acf33ad62680a7a78f908f9fa26babf66f711beddd4d5cabc
driver_david_heinemeier_hansson,David Heinemeier Hansson,DNK,"Malibu, CA",series_imsa_weathertech,2025,1,1,1,1,0,1,194,11,11.0,1,0,shared_race_field,2,canonical_driver_dimension_with_observed_cohort_context,da557a1af2c2d83acf33ad62680a7a78f908f9fa26babf66f711beddd4d5cabc
driver_david_mcarthur,David MCARTHUR,,,series_formula_ford,2020,0,1,3,10,0,10,0,5,12.0,6,0,shared_race_field,10,canonical_driver_dimension_with_observed_cohort_context,da557a1af2c2d83acf33ad62680a7a78f908f9fa26babf66f711beddd4d5cabc
driver_david_morales,David Morales,United States,,series_gb3,2022,1,1,8,73,0,73,0,1,15.0,24,0,shared_race_field,73,canonical_driver_dimension_with_observed_cohort_context,da557a1af2c2d83acf33ad62680a7a78f908f9fa26babf66f711beddd4d5cabc
driver_david_porter,David PORTER,,,series_formula_ford,2020,0,1,1,4,0,4,0,17,21.0,0,0,observed_competitor_or_codriver,4,canonical_driver_dimension_with_observed_cohort_context,da557a1af2c2d83acf33ad62680a7a78f908f9fa26babf66f711beddd4d5cabc
driver_david_squire,David SQUIRE,,,series_formula_ford,2020,0,1,1,6,0,6,0,15,20.0,0,0,observed_competitor_or_codriver,6,canonical_driver_dimension_with_observed_cohort_context,da557a1af2c2d83acf33ad62680a7a78f908f9fa26babf66f711beddd4d5cabc
driver_davide_rigon,Davide Rigon,ITA,"Cervia, Italy",series_imsa_weathertech,2025,1,1,1,1,0,1,244,21,21.0,1,0,shared_race_field,2,canonical_driver_dimension_with_observed_cohort_context,da557a1af2c2d83acf33ad62680a7a78f908f9fa26babf66f711beddd4d5cabc
driver_dean_forward,Dean FORWARD,,,series_formula_ford,2020,0,1,1,2,0,2,0,16,16.5,0,0,observed_competitor_or_codriver,2,canonical_driver_dimension_with_observed_cohort_context,da557a1af2c2d83acf33ad62680a7a78f908f9fa26babf66f711beddd4d5cabc
driver_dennis_hauger,Dennis Hauger,,,series_indy_nxt,2025,1,1,14,55,22,55,648,1,1.0,14,0,shared_race_field,55,canonical_driver_dimension_with_observed_cohort_context,da557a1af2c2d83acf33ad62680a7a78f908f9fa26babf66f711beddd4d5cabc
driver_dennis_olsen,Dennis Olsen,NOR,"Valer, Norway",series_imsa_weathertech,2025,1,1,1,1,0,1,251,16,16.0,1,0,shared_race_field,2,canonical_driver_dimension_with_observed_cohort_context,da557a1af2c2d83acf33ad62680a7a78f908f9fa26babf66f711beddd4d5cabc
driver_dexter_czuba,Dexter Czuba,,,series_frp_f1600,2019,0,1,4,19,0,19,0,2,3.0,12,0,shared_race_field,19,canonical_driver_dimension_with_observed_cohort_context,da557a1af2c2d83acf33ad62680a7a78f908f9fa26babf66f711beddd4d5cabc
driver_dexter_patterson,Dexter Patterson,,,series_gb3,2021,1,1,2,11,4,11,0,3,11.0,6,0,shared_race_field,11,canonical_driver_dimension_with_observed_cohort_context,da557a1af2c2d83acf33ad62680a7a78f908f9fa26babf66f711beddd4d5cabc
driver_don_boyack,Don BOYACK,,,series_formula_ford,2020,0,1,2,8,0,8,0,15,21.5,3,0,shared_race_field,8,canonical_driver_dimension_with_observed_cohort_context,da557a1af2c2d83acf33ad62680a7a78f908f9fa26babf66f711beddd4d5cabc
driver_dries_vanthoor,Dries Vanthoor,BEL,"Zolder, Belgium",series_imsa_weathertech,2025,1,1,1,1,0,1,246,4,4.0,1,0,shared_race_field,2,canonical_driver_dimension_with_observed_cohort_context,da557a1af2c2d83acf33ad62680a7a78f908f9fa26babf66f711beddd4d5cabc
driver_dylan_murry,Dylan Murry,United States,"Cumming, GA",series_imsa_weathertech,2025,1,1,1,1,0,1,156,36,36.0,1,0,shared_race_field,2,canonical_driver_dimension_with_observed_cohort_context,da557a1af2c2d83acf33ad62680a7a78f908f9fa26babf66f711beddd4d5cabc
driver_earl_bamber,Earl Bamber,NZL,"Wanganui, New Zealand",series_imsa_weathertech,2025,1,1,1,1,0,1,185,15,15.0,1,0,shared_race_field,2,canonical_driver_dimension_with_observed_cohort_context,da557a1af2c2d83acf33ad62680a7a78f908f9fa26babf66f711beddd4d5cabc
driver_eddie_cheever,Eddie Cheever,ITA,"Rome, Italy",series_imsa_weathertech,2025,1,1,1,1,0,1,112,45,45.0,1,0,shared_race_field,2,canonical_driver_dimension_with_observed_cohort_context,da557a1af2c2d83acf33ad62680a7a78f908f9fa26babf66f711beddd4d5cabc
driver_edoardo_mortara,Edoardo Mortara,CHE,Geneva,series_imsa_weathertech,2025,1,1,1,1,0,1,0,61,61.0,1,0,shared_race_field,2,canonical_driver_dimension_with_observed_cohort_context,da557a1af2c2d83acf33ad62680a7a78f908f9fa26babf66f711beddd4d5cabc
driver_eduardo_coseteng_jr,Eduardo Coseteng Jr,,,series_gb3,2021,1,1,1,5,2,5,0,11,17.0,3,0,shared_race_field,5,canonical_driver_dimension_with_observed_cohort_context,da557a1af2c2d83acf33ad62680a7a78f908f9fa26babf66f711beddd4d5cabc
driver_edward_thurston,Edward THURSTON,,,series_formula_ford,2020,0,1,1,6,0,6,0,10,11.0,0,0,observed_competitor_or_codriver,6,canonical_driver_dimension_with_observed_cohort_context,da557a1af2c2d83acf33ad62680a7a78f908f9fa26babf66f711beddd4d5cabc
driver_elliott_cleary,Elliott Cleary,Australia,,series_froc,2024,0,1,4,39,0,39,0,1,10.0,3,0,shared_race_field,39,canonical_driver_dimension_with_observed_cohort_context,da557a1af2c2d83acf33ad62680a7a78f908f9fa26babf66f711beddd4d5cabc
driver_elliott_skeer,Elliott Skeer,United States,"San Diego, CA",series_imsa_weathertech,2025,1,1,1,1,0,1,184,26,26.0,1,0,shared_race_field,2,canonical_driver_dimension_with_observed_cohort_context,da557a1af2c2d83acf33ad62680a7a78f908f9fa26babf66f711beddd4d5cabc
driver_enzo_fittipaldi,Enzo Fittipaldi,,,series_indy_nxt,2026,1,1,8,32,15,32,298,1,4.5,8,0,shared_race_field,32,canonical_driver_dimension_with_observed_cohort_context,da557a1af2c2d83acf33ad62680a7a78f908f9fa26babf66f711beddd4d5cabc
driver_enzo_trulli,Enzo Trulli,Italy,,series_euroformula_open,2023,1,1,2,8,2,6,0,1,3.0,3,0,shared_race_field,8,canonical_driver_dimension_with_observed_cohort_context,da557a1af2c2d83acf33ad62680a7a78f908f9fa26babf66f711beddd4d5cabc
driver_enzo_yeh,Enzo Yeh,CHN,,series_froc,2024,0,1,1,1,0,1,0,6,6.0,0,0,observed_competitor_or_codriver,1,canonical_driver_dimension_with_observed_cohort_context,da557a1af2c2d83acf33ad62680a7a78f908f9fa26babf66f711beddd4d5cabc
driver_eric_filgueiras,Eric Filgueiras,United States,"Cocoa, FL",series_imsa_weathertech,2025,1,1,1,1,0,1,153,43,43.0,1,0,shared_race_field,2,canonical_driver_dimension_with_observed_cohort_context,da557a1af2c2d83acf33ad62680a7a78f908f9fa26babf66f711beddd4d5cabc
driver_evagoras_papasavvas,Evagoras Papasavvas,,,series_indy_nxt,2025,1,1,5,21,9,21,158,2,10.0,5,0,shared_race_field,21,canonical_driver_dimension_with_observed_cohort_context,da557a1af2c2d83acf33ad62680a7a78f908f9fa26babf66f711beddd4d5cabc
driver_fabian_schiller,Fabian Schiller,DEU,"Bonn, Germany",series_imsa_weathertech,2025,1,1,1,1,0,1,254,20,20.0,1,0,shared_race_field,2,canonical_driver_dimension_with_observed_cohort_context,da557a1af2c2d83acf33ad62680a7a78f908f9fa26babf66f711beddd4d5cabc
driver_felipe_drugovich,Felipe Drugovich,BRA,Maringá,series_imsa_weathertech,2025,1,1,1,1,0,1,189,15,15.0,1,0,shared_race_field,2,canonical_driver_dimension_with_observed_cohort_context,da557a1af2c2d83acf33ad62680a7a78f908f9fa26babf66f711beddd4d5cabc
driver_felipe_fraga,Felipe Fraga,BRA,"Palmas, Brazil",series_imsa_weathertech,2025,1,1,1,1,0,1,219,9,9.0,1,0,shared_race_field,2,canonical_driver_dimension_with_observed_cohort_context,da557a1af2c2d83acf33ad62680a7a78f908f9fa26babf66f711beddd4d5cabc
driver_felipe_massa,Felipe Massa,BRA,"São Paulo, Brazil",series_imsa_weathertech,2025,1,1,1,1,0,1,223,9,9.0,1,0,shared_race_field,2,canonical_driver_dimension_with_observed_cohort_context,da557a1af2c2d83acf33ad62680a7a78f908f9fa26babf66f711beddd4d5cabc
driver_felipe_nasr,Felipe Nasr,BRA,"Brasilia, Brazil",series_imsa_weathertech,2025,1,1,1,1,0,1,296,1,1.0,1,0,shared_race_field,2,canonical_driver_dimension_with_observed_cohort_context,da557a1af2c2d83acf33ad62680a7a78f908f9fa26babf66f711beddd4d5cabc
driver_felix_fisher,Felix FISHER,,,series_formula_ford,2020,0,1,1,4,0,4,0,4,7.0,2,0,shared_race_field,4,canonical_driver_dimension_with_observed_cohort_context,da557a1af2c2d83acf33ad62680a7a78f908f9fa26babf66f711beddd4d5cabc
driver_felix_rosenqvist,Felix Rosenqvist,SWE,"Värnamo, Sweden",series_imsa_weathertech,2025,1,1,1,1,0,1,136,2,2.0,1,0,shared_race_field,2,canonical_driver_dimension_with_observed_cohort_context,da557a1af2c2d83acf33ad62680a7a78f908f9fa26babf66f711beddd4d5cabc
driver_filipe_albuquerque,Filipe Albuquerque,PRT,"Coimbra, Portugal",series_imsa_weathertech,2025,1,1,1,1,0,1,264,5,5.0,1,0,shared_race_field,2,canonical_driver_dimension_with_observed_cohort_context,da557a1af2c2d83acf33ad62680a7a78f908f9fa26babf66f711beddd4d5cabc
driver_flashman_finneran,Flashman FINNERAN,,,series_formula_ford,2020,0,1,1,3,0,3,0,12,14.0,0,0,observed_competitor_or_codriver,3,canonical_driver_dimension_with_observed_cohort_context,da557a1af2c2d83acf33ad62680a7a78f908f9fa26babf66f711beddd4d5cabc
driver_flynn_jackes,Flynn Jackes,,,series_gb3,2021,1,1,1,5,2,5,0,15,17.0,3,0,shared_race_field,5,canonical_driver_dimension_with_observed_cohort_context,da557a1af2c2d83acf33ad62680a7a78f908f9fa26babf66f711beddd4d5cabc
driver_francesco_simonazzi,Francesco Simonazzi,Italy,,series_euroformula_open,2023,1,1,7,28,7,21,0,1,4.0,18,0,shared_race_field,28,canonical_driver_dimension_with_observed_cohort_context,da557a1af2c2d83acf33ad62680a7a78f908f9fa26babf66f711beddd4d5cabc
driver_franck_perera,Franck Perera,FRA,"Montpellier, France",series_imsa_weathertech,2025,1,1,1,1,0,1,140,42,42.0,1,0,shared_race_field,2,canonical_driver_dimension_with_observed_cohort_context,da557a1af2c2d83acf33ad62680a7a78f908f9fa26babf66f711beddd4d5cabc
driver_frankie_montecalvo,Frankie Montecalvo,United States,"Highlands, NJ",series_imsa_weathertech,2025,1,1,1,1,0,1,155,44,44.0,1,0,shared_race_field,2,canonical_driver_dimension_with_observed_cohort_context,da557a1af2c2d83acf33ad62680a7a78f908f9fa26babf66f711beddd4d5cabc
driver_frederic_vervisch,Frederic Vervisch,BEL,"Middelkerke, Belgium",series_imsa_weathertech,2025,1,1,1,1,0,1,208,16,16.0,1,0,shared_race_field,2,canonical_driver_dimension_with_observed_cohort_context,da557a1af2c2d83acf33ad62680a7a78f908f9fa26babf66f711beddd4d5cabc
driver_frederick_lubin,Frederick Lubin,,,series_gb3,2021,1,1,5,26,10,26,0,2,7.5,14,0,shared_race_field,26,canonical_driver_dimension_with_observed_cohort_context,da557a1af2c2d83acf33ad62680a7a78f908f9fa26babf66f711beddd4d5cabc
driver_frederik_schandorff,Frederik Schandorff,DNK,"Aarhus, Denmark",series_imsa_weathertech,2025,1,1,1,1,0,1,123,49,49.0,1,0,shared_race_field,2,canonical_driver_dimension_with_observed_cohort_context,da557a1af2c2d83acf33ad62680a7a78f908f9fa26babf66f711beddd4d5cabc
driver_frederik_vesti,Frederik Vesti,DNK,"Billund, Denmark",series_imsa_weathertech,2025,1,1,1,1,0,1,155,15,15.0,1,0,shared_race_field,2,canonical_driver_dimension_with_observed_cohort_context,da557a1af2c2d83acf33ad62680a7a78f908f9fa26babf66f711beddd4d5cabc
driver_gaius_ghinn,Gaius GHINN,,,series_formula_ford,2020,0,1,1,7,0,7,0,7,9.0,0,0,observed_competitor_or_codriver,7,canonical_driver_dimension_with_observed_cohort_context,da557a1af2c2d83acf33ad62680a7a78f908f9fa26babf66f711beddd4d5cabc
driver_gar_robinson,Gar Robinson,United States,"Austin, TX",series_imsa_weathertech,2025,1,1,1,1,0,1,153,9,9.0,1,0,shared_race_field,2,canonical_driver_dimension_with_observed_cohort_context,da557a1af2c2d83acf33ad62680a7a78f908f9fa26babf66f711beddd4d5cabc
driver_garnet_patterson,Garnet Patterson,AUS,Adelaide,series_imsa_weathertech,2025,1,1,1,1,0,1,51,54,54.0,1,0,shared_race_field,2,canonical_driver_dimension_with_observed_cohort_context,da557a1af2c2d83acf33ad62680a7a78f908f9fa26babf66f711beddd4d5cabc
driver_george_ditchfield,George DITCHFIELD,,,series_formula_ford,2020,0,2,2,8,0,8,0,9,14.0,2,0,shared_race_field,8,canonical_driver_dimension_with_observed_cohort_context,da557a1af2c2d83acf33ad62680a7a78f908f9fa26babf66f711beddd4d5cabc
driver_george_kurtz,George Kurtz,United States,"Scottsdale, AZ",series_imsa_weathertech,2025,1,1,1,1,0,1,193,13,13.0,1,0,shared_race_field,2,canonical_driver_dimension_with_observed_cohort_context,da557a1af2c2d83acf33ad62680a7a78f908f9fa26babf66f711beddd4d5cabc
driver_george_mcdonald,George MCDONALD,,,series_formula_ford,2020,0,2,2,9,0,9,0,5,14.5,2,0,shared_race_field,9,canonical_driver_dimension_with_observed_cohort_context,da557a1af2c2d83acf33ad62680a7a78f908f9fa26babf66f711beddd4d5cabc
driver_gerrard_xie,Gerrard Xie,Hong Kong,,series_euroformula_open;series_froc,2023;2024,1,2,6,51,1,50,0,1,7.0,9,0,shared_race_field,51,canonical_driver_dimension_with_observed_cohort_context,da557a1af2c2d83acf33ad62680a7a78f908f9fa26babf66f711beddd4d5cabc
driver_giacomo_alto,Giacomo Altoè,ITA,"Adria, Italy",series_imsa_weathertech,2025,1,1,1,1,0,1,208,40,40.0,1,0,shared_race_field,2,canonical_driver_dimension_with_observed_cohort_context,da557a1af2c2d83acf33ad62680a7a78f908f9fa26babf66f711beddd4d5cabc
driver_gianmaria_bruni,Gianmaria Bruni,ITA,"Rome, Italy",series_imsa_weathertech,2025,1,1,1,1,0,1,238,6,6.0,1,1,teammate_overlap,2,canonical_driver_dimension_with_observed_cohort_context,da557a1af2c2d83acf33ad62680a7a78f908f9fa26babf66f711beddd4d5cabc
driver_goffredo_pirro,Goffredo PIRRO,,,series_formula_ford,2020,0,1,1,5,0,5,0,5,8.5,1,0,shared_race_field,5,canonical_driver_dimension_with_observed_cohort_context,da557a1af2c2d83acf33ad62680a7a78f908f9fa26babf66f711beddd4d5cabc
driver_gord_ross,Gord Ross,,,series_frp_f1600,2019,0,1,1,6,0,6,0,7,11.0,3,0,shared_race_field,6,canonical_driver_dimension_with_observed_cohort_context,da557a1af2c2d83acf33ad62680a7a78f908f9fa26babf66f711beddd4d5cabc
driver_graham_doyle,Graham Doyle,United States,"Belleair, FL",series_imsa_weathertech,2025,1,1,1,1,0,1,154,37,37.0,1,0,shared_race_field,2,canonical_driver_dimension_with_observed_cohort_context,da557a1af2c2d83acf33ad62680a7a78f908f9fa26babf66f711beddd4d5cabc
driver_graham_terry,Graham TERRY,,,series_formula_ford,2020,0,1,1,3,0,3,0,13,13.0,2,0,shared_race_field,3,canonical_driver_dimension_with_observed_cohort_context,da557a1af2c2d83acf33ad62680a7a78f908f9fa26babf66f711beddd4d5cabc
driver_graham_woodin,Graham WOODIN,,,series_formula_ford,2020,0,2,2,11,0,11,0,10,16.5,2,0,shared_race_field,11,canonical_driver_dimension_with_observed_cohort_context,da557a1af2c2d83acf33ad62680a7a78f908f9fa26babf66f711beddd4d5cabc
driver_grant_palmer,Grant PALMER,,,series_formula_ford,2020,0,2,5,16,0,16,0,1,9.0,11,0,shared_race_field,16,canonical_driver_dimension_with_observed_cohort_context,da557a1af2c2d83acf33ad62680a7a78f908f9fa26babf66f711beddd4d5cabc
driver_greg_peluso,Greg Peluso,,,series_frp_f1600,2019,0,1,1,4,0,4,0,11,12.0,3,0,shared_race_field,4,canonical_driver_dimension_with_observed_cohort_context,da557a1af2c2d83acf33ad62680a7a78f908f9fa26babf66f711beddd4d5cabc
driver_hailie_deegan,Hailie Deegan,,,series_indy_nxt,2025,1,1,14,55,22,55,644,9,17.0,14,1,teammate_overlap,55,canonical_driver_dimension_with_observed_cohort_context,da557a1af2c2d83acf33ad62680a7a78f908f9fa26babf66f711beddd4d5cabc
driver_harry_tincknell,Harry Tincknell,GBR,"London, United Kingdom",series_imsa_weathertech,2025,1,1,1,1,0,1,70,48,48.0,1,0,shared_race_field,2,canonical_driver_dimension_with_observed_cohort_context,da557a1af2c2d83acf33ad62680a7a78f908f9fa26babf66f711beddd4d5cabc
driver_hayden_hardyman,Hayden HARDYMAN,,,series_formula_ford,2020,0,2,3,15,0,15,0,12,16.5,4,0,shared_race_field,15,canonical_driver_dimension_with_observed_cohort_context,da557a1af2c2d83acf33ad62680a7a78f908f9fa26babf66f711beddd4d5cabc
driver_henry_campbell,Henry CAMPBELL,,,series_formula_ford,2020,0,2,2,12,0,12,0,4,12.5,2,0,shared_race_field,12,canonical_driver_dimension_with_observed_cohort_context,da557a1af2c2d83acf33ad62680a7a78f908f9fa26babf66f711beddd4d5cabc
driver_henry_chart,Henry CHART,,,series_formula_ford,2020,0,1,1,5,0,5,0,3,6.5,0,0,observed_competitor_or_codriver,5,canonical_driver_dimension_with_observed_cohort_context,da557a1af2c2d83acf33ad62680a7a78f908f9fa26babf66f711beddd4d5cabc
driver_horatio_fitz_simon,Horatio FITZ-SIMON,,,series_formula_ford,2020,0,2,3,10,0,10,0,3,5.0,1,0,shared_race_field,10,canonical_driver_dimension_with_observed_cohort_context,da557a1af2c2d83acf33ad62680a7a78f908f9fa26babf66f711beddd4d5cabc
driver_hunter_mcelrea,Hunter McElrea,NZL,"Gold Coast, Australia",series_imsa_weathertech,2025,1,1,1,1,0,1,183,38,38.0,1,0,shared_race_field,2,canonical_driver_dimension_with_observed_cohort_context,da557a1af2c2d83acf33ad62680a7a78f908f9fa26babf66f711beddd4d5cabc
driver_hunter_yeany,Hunter Yeany,United States,,series_gb3,2021,1,1,1,8,2,8,0,3,10.0,3,0,shared_race_field,8,canonical_driver_dimension_with_observed_cohort_context,da557a1af2c2d83acf33ad62680a7a78f908f9fa26babf66f711beddd4d5cabc
driver_ian_campbell,Ian CAMPBELL,,,series_formula_ford,2020,0,1,1,4,0,4,0,5,7.5,2,0,shared_race_field,4,canonical_driver_dimension_with_observed_cohort_context,da557a1af2c2d83acf33ad62680a7a78f908f9fa26babf66f711beddd4d5cabc
driver_ian_jeary,Ian JEARY,,,series_formula_ford,2020,0,2,2,6,0,6,0,13,17.5,2,0,shared_race_field,6,canonical_driver_dimension_with_observed_cohort_context,da557a1af2c2d83acf33ad62680a7a78f908f9fa26babf66f711beddd4d5cabc
driver_indy_dontje,Indy Dontje,NLD,"Bergen, Netherlands",series_imsa_weathertech,2025,1,1,1,1,0,1,179,29,29.0,1,0,shared_race_field,2,canonical_driver_dimension_with_observed_cohort_context,da557a1af2c2d83acf33ad62680a7a78f908f9fa26babf66f711beddd4d5cabc
driver_innes_hickman,Innes HICKMAN,,,series_formula_ford,2020,0,1,1,3,0,3,0,18,19.0,2,0,shared_race_field,3,canonical_driver_dimension_with_observed_cohort_context,da557a1af2c2d83acf33ad62680a7a78f908f9fa26babf66f711beddd4d5cabc
driver_jm_correa,JM Correa,,,series_indy_nxt,2025;2026,2,2,17,67,31,67,658,2,10.0,17,0,shared_race_field,67,canonical_driver_dimension_with_observed_cohort_context,da557a1af2c2d83acf33ad62680a7a78f908f9fa26babf66f711beddd4d5cabc
driver_jaap_blijleven,Jaap BLIJLEVEN,,,series_formula_ford,2020,0,1,1,7,0,7,0,1,7.0,1,0,shared_race_field,7,canonical_driver_dimension_with_observed_cohort_context,da557a1af2c2d83acf33ad62680a7a78f908f9fa26babf66f711beddd4d5cabc
driver_jack_aitken,Jack Aitken,GBR,"London, United Kingdom",series_imsa_weathertech,2025,1,1,1,1,0,1,202,15,15.0,1,0,shared_race_field,2,canonical_driver_dimension_with_observed_cohort_context,da557a1af2c2d83acf33ad62680a7a78f908f9fa26babf66f711beddd4d5cabc
driver_jack_beeton,Jack Beeton,,,series_indy_nxt,2026,1,1,8,32,15,32,297,3,11.5,8,0,shared_race_field,32,canonical_driver_dimension_with_observed_cohort_context,da557a1af2c2d83acf33ad62680a7a78f908f9fa26babf66f711beddd4d5cabc
driver_jack_hawksworth,Jack Hawksworth,GBR,"Bradford, United Kingdom",series_imsa_weathertech,2025,1,1,1,1,0,1,113,44,44.0,1,0,shared_race_field,2,canonical_driver_dimension_with_observed_cohort_context,da557a1af2c2d83acf33ad62680a7a78f908f9fa26babf66f711beddd4d5cabc
driver_jack_wolfenden,Jack WOLFENDEN,,,series_formula_ford,2020,0,2,3,11,0,11,0,3,5.5,4,0,shared_race_field,11,canonical_driver_dimension_with_observed_cohort_context,da557a1af2c2d83acf33ad62680a7a78f908f9fa26babf66f711beddd4d5cabc
driver_jack_william_miller,Jack William Miller,,,series_indy_nxt,2024;2025,1,2,28,111,44,111,1024,3,14.0,28,0,shared_race_field,111,canonical_driver_dimension_with_observed_cohort_context,da557a1af2c2d83acf33ad62680a7a78f908f9fa26babf66f711beddd4d5cabc
driver_jackson_lee,Jackson LEE,,,series_formula_ford;series_frp_f1600,2019;2020,0,3,4,16,0,16,0,2,5.0,7,0,shared_race_field,16,canonical_driver_dimension_with_observed_cohort_context,da557a1af2c2d83acf33ad62680a7a78f908f9fa26babf66f711beddd4d5cabc
driver_jacob_abel,Jacob Abel,United States,,series_froc;series_indy_nxt,2024,1,2,16,78,23,78,637,1,3.0,20,0,shared_race_field,78,canonical_driver_dimension_with_observed_cohort_context,da557a1af2c2d83acf33ad62680a7a78f908f9fa26babf66f711beddd4d5cabc
driver_jagger_jones,Jagger Jones,,,series_indy_nxt,2024,1,1,1,5,2,5,35,9,13.0,1,0,shared_race_field,5,canonical_driver_dimension_with_observed_cohort_context,da557a1af2c2d83acf33ad62680a7a78f908f9fa26babf66f711beddd4d5cabc
driver_jake_bonilla,Jake Bonilla,United States,,series_froc,2024,0,1,5,48,0,48,0,9,15.0,6,0,shared_race_field,48,canonical_driver_dimension_with_observed_cohort_context,da557a1af2c2d83acf33ad62680a7a78f908f9fa26babf66f711beddd4d5cabc
driver_jake_walker,Jake Walker,United States,"Phoenixville, PA",series_imsa_weathertech,2025,1,1,1,1,0,1,142,30,30.0,1,0,shared_race_field,2,canonical_driver_dimension_with_observed_cohort_context,da557a1af2c2d83acf33ad62680a7a78f908f9fa26babf66f711beddd4d5cabc
driver_jakob_bergmeister,Jakob Bergmeister,Germany,,series_euroformula_open,2023,2,2,6,24,6,18,0,2,6.0,15,5,teammate_overlap,24,canonical_driver_dimension_with_observed_cohort_context,da557a1af2c2d83acf33ad62680a7a78f908f9fa26babf66f711beddd4d5cabc
driver_james_allen,James Allen,AUS,"Perth, Australia",series_imsa_weathertech,2025,1,1,1,1,0,1,176,8,8.0,1,0,shared_race_field,2,canonical_driver_dimension_with_observed_cohort_context,da557a1af2c2d83acf33ad62680a7a78f908f9fa26babf66f711beddd4d5cabc
driver_james_colborn,James COLBORN,,,series_formula_ford,2020,0,1,1,8,0,8,0,6,13.5,0,0,observed_competitor_or_codriver,8,canonical_driver_dimension_with_observed_cohort_context,da557a1af2c2d83acf33ad62680a7a78f908f9fa26babf66f711beddd4d5cabc
driver_james_calado,James Calado,GBR,"Cardiff, United Kingdom",series_imsa_weathertech,2025,1,1,1,1,0,1,174,59,59.0,1,0,shared_race_field,2,canonical_driver_dimension_with_observed_cohort_context,da557a1af2c2d83acf33ad62680a7a78f908f9fa26babf66f711beddd4d5cabc
driver_james_hadfield,James HADFIELD,,,series_formula_ford,2020,0,1,1,4,0,4,0,5,12.0,0,0,observed_competitor_or_codriver,4,canonical_driver_dimension_with_observed_cohort_context,da557a1af2c2d83acf33ad62680a7a78f908f9fa26babf66f711beddd4d5cabc
driver_james_hagan,James HAGAN,,,series_formula_ford,2020,0,1,1,5,0,5,0,7,13.0,0,0,observed_competitor_or_codriver,5,canonical_driver_dimension_with_observed_cohort_context,da557a1af2c2d83acf33ad62680a7a78f908f9fa26babf66f711beddd4d5cabc
driver_james_hedley,James Hedley,,,series_gb3,2021;2022,2,3,9,77,2,77,0,1,11.0,24,0,shared_race_field,77,canonical_driver_dimension_with_observed_cohort_context,da557a1af2c2d83acf33ad62680a7a78f908f9fa26babf66f711beddd4d5cabc
driver_james_hinchcliffe,James Hinchcliffe,CAN,"Oakville, Canada",series_imsa_weathertech,2025,1,1,1,1,0,1,77,56,56.0,1,0,shared_race_field,2,canonical_driver_dimension_with_observed_cohort_context,da557a1af2c2d83acf33ad62680a7a78f908f9fa26babf66f711beddd4d5cabc
driver_james_lawley,James Lawley,Canada,,series_froc,2024,0,1,1,1,0,1,0,15,15.0,0,0,observed_competitor_or_codriver,1,canonical_driver_dimension_with_observed_cohort_context,da557a1af2c2d83acf33ad62680a7a78f908f9fa26babf66f711beddd4d5cabc
driver_james_roe,James Roe,IRL,Naas,series_imsa_weathertech;series_indy_nxt,2024;2025;2026,3,4,37,144,60,144,1650,1,10.0,37,22,teammate_overlap,145,canonical_driver_dimension_with_observed_cohort_context,da557a1af2c2d83acf33ad62680a7a78f908f9fa26babf66f711beddd4d5cabc
driver_jamie_chadwick,Jamie Chadwick,,,series_indy_nxt,2024,1,1,14,57,23,57,532,1,6.0,14,14,teammate_overlap,57,canonical_driver_dimension_with_observed_cohort_context,da557a1af2c2d83acf33ad62680a7a78f908f9fa26babf66f711beddd4d5cabc
driver_jamie_sharp,Jamie SHARP,,,series_formula_ford,2020,0,2,6,21,0,21,0,2,6.5,12,0,shared_race_field,21,canonical_driver_dimension_with_observed_cohort_context,da557a1af2c2d83acf33ad62680a7a78f908f9fa26babf66f711beddd4d5cabc
driver_jamie_vinall_meyer,Jamie VINALL-MEYER,,,series_formula_ford,2020,0,1,1,4,0,4,0,1,4.5,0,0,observed_competitor_or_codriver,4,canonical_driver_dimension_with_observed_cohort_context,da557a1af2c2d83acf33ad62680a7a78f908f9fa26babf66f711beddd4d5cabc
driver_jason_cheetham,Jason CHEETHAM,,,series_formula_ford,2020,0,1,2,6,0,6,0,19,23.0,4,0,shared_race_field,6,canonical_driver_dimension_with_observed_cohort_context,da557a1af2c2d83acf33ad62680a7a78f908f9fa26babf66f711beddd4d5cabc
driver_jason_down,Jason DOWN,,,series_formula_ford,2020,0,1,1,3,0,3,0,13,13.0,2,0,shared_race_field,3,canonical_driver_dimension_with_observed_cohort_context,da557a1af2c2d83acf33ad62680a7a78f908f9fa26babf66f711beddd4d5cabc
driver_javier_sagrera,Javier Sagrera,,,series_gb3,2021;2022,2,2,15,115,14,115,0,2,9.0,44,0,shared_race_field,115,canonical_driver_dimension_with_observed_cohort_context,da557a1af2c2d83acf33ad62680a7a78f908f9fa26babf66f711beddd4d5cabc
driver_jens_klingmann,Jens Klingmann,DEU,"Heidelberg, Germany",series_imsa_weathertech,2025,1,1,1,1,0,1,190,30,30.0,1,0,shared_race_field,2,canonical_driver_dimension_with_observed_cohort_context,da557a1af2c2d83acf33ad62680a7a78f908f9fa26babf66f711beddd4d5cabc
driver_jeremy_caine,Jeremy CAINE,,,series_formula_ford,2020,0,1,1,5,0,5,0,10,19.0,0,0,observed_competitor_or_codriver,5,canonical_driver_dimension_with_observed_cohort_context,da557a1af2c2d83acf33ad62680a7a78f908f9fa26babf66f711beddd4d5cabc
driver_jesse_krohn,Jesse Krohn,FIN,"Helsinki, Finland",series_imsa_weathertech,2025,1,1,1,1,0,1,181,41,41.0,1,0,shared_race_field,2,canonical_driver_dimension_with_observed_cohort_context,da557a1af2c2d83acf33ad62680a7a78f908f9fa26babf66f711beddd4d5cabc
driver_jett_bowling,Jett Bowling,United States,,series_froc,2024,0,1,5,50,0,50,0,6,12.0,6,0,shared_race_field,50,canonical_driver_dimension_with_observed_cohort_context,da557a1af2c2d83acf33ad62680a7a78f908f9fa26babf66f711beddd4d5cabc
driver_job_van_uitert,Job Van Uitert,NLD,"Dongen, Netherlands",series_imsa_weathertech,2025,1,1,1,1,0,1,238,55,55.0,1,0,shared_race_field,2,canonical_driver_dimension_with_observed_cohort_context,da557a1af2c2d83acf33ad62680a7a78f908f9fa26babf66f711beddd4d5cabc
driver_joe_colasacco,Joe Colasacco,,,series_frp_f1600,2019,0,1,1,6,0,6,0,4,6.0,3,0,shared_race_field,6,canonical_driver_dimension_with_observed_cohort_context,da557a1af2c2d83acf33ad62680a7a78f908f9fa26babf66f711beddd4d5cabc
driver_joe_porter,Joe PORTER,,,series_formula_ford,2020,0,1,1,8,0,8,0,2,13.0,2,0,shared_race_field,8,canonical_driver_dimension_with_observed_cohort_context,da557a1af2c2d83acf33ad62680a7a78f908f9fa26babf66f711beddd4d5cabc
driver_joe_walton,Joe WALTON,,,series_formula_ford,2020,0,1,1,4,0,4,0,6,12.0,1,0,shared_race_field,4,canonical_driver_dimension_with_observed_cohort_context,da557a1af2c2d83acf33ad62680a7a78f908f9fa26babf66f711beddd4d5cabc
driver_joe_watts,Joe WATTS,,,series_formula_ford,2020,0,1,1,6,0,6,0,4,10.0,0,0,observed_competitor_or_codriver,6,canonical_driver_dimension_with_observed_cohort_context,da557a1af2c2d83acf33ad62680a7a78f908f9fa26babf66f711beddd4d5cabc
driver_joel_granfors,Joel Granfors,,,series_gb3,2022,1,1,8,76,0,76,0,1,3.0,24,0,shared_race_field,76,canonical_driver_dimension_with_observed_cohort_context,da557a1af2c2d83acf33ad62680a7a78f908f9fa26babf66f711beddd4d5cabc
driver_joey_foster,Joey FOSTER,,,series_formula_ford,2020,0,1,2,7,0,7,0,1,3.0,2,0,shared_race_field,7,canonical_driver_dimension_with_observed_cohort_context,da557a1af2c2d83acf33ad62680a7a78f908f9fa26babf66f711beddd4d5cabc
driver_joey_hand,Joey Hand,United States,"Wilton, CA",series_imsa_weathertech,2025,1,1,1,1,0,1,108,48,48.0,1,0,shared_race_field,2,canonical_driver_dimension_with_observed_cohort_context,da557a1af2c2d83acf33ad62680a7a78f908f9fa26babf66f711beddd4d5cabc
driver_john_bennett,John Bennett,,,series_gb3,2022,1,1,8,76,0,76,0,1,9.5,24,0,shared_race_field,76,canonical_driver_dimension_with_observed_cohort_context,da557a1af2c2d83acf33ad62680a7a78f908f9fa26babf66f711beddd4d5cabc
driver_john_evans,John EVANS,,,series_formula_ford,2020,0,1,1,5,0,5,0,13,20.5,0,0,observed_competitor_or_codriver,5,canonical_driver_dimension_with_observed_cohort_context,da557a1af2c2d83acf33ad62680a7a78f908f9fa26babf66f711beddd4d5cabc
driver_john_farano,John Farano,CAN,"Toronto, ON",series_imsa_weathertech,2025,1,1,1,1,0,1,153,55,55.0,1,0,shared_race_field,2,canonical_driver_dimension_with_observed_cohort_context,da557a1af2c2d83acf33ad62680a7a78f908f9fa26babf66f711beddd4d5cabc
driver_john_potter,John Potter,United States,"Salt Lake City, UT",series_imsa_weathertech,2025,1,1,1,1,0,1,104,58,58.0,1,0,shared_race_field,2,canonical_driver_dimension_with_observed_cohort_context,da557a1af2c2d83acf33ad62680a7a78f908f9fa26babf66f711beddd4d5cabc
driver_john_robinsonii,John RobinsonII,,,series_frp_f1600,2019,0,1,1,4,0,4,0,10,13.0,3,0,shared_race_field,4,canonical_driver_dimension_with_observed_cohort_context,da557a1af2c2d83acf33ad62680a7a78f908f9fa26babf66f711beddd4d5cabc
driver_john_svensson,John SVENSSON,,,series_formula_ford,2020,0,2,4,12,0,12,0,6,11.0,5,0,shared_race_field,12,canonical_driver_dimension_with_observed_cohort_context,da557a1af2c2d83acf33ad62680a7a78f908f9fa26babf66f711beddd4d5cabc
driver_john_whitbourn,John WHITBOURN,,,series_formula_ford,2020,0,2,2,7,0,7,0,14,17.0,2,0,shared_race_field,7,canonical_driver_dimension_with_observed_cohort_context,da557a1af2c2d83acf33ad62680a7a78f908f9fa26babf66f711beddd4d5cabc
driver_jon_field,Jon Field,United States,"Nashville, TN",series_imsa_weathertech,2025,1,1,1,1,0,1,156,47,47.0,1,0,shared_race_field,2,canonical_driver_dimension_with_observed_cohort_context,da557a1af2c2d83acf33ad62680a7a78f908f9fa26babf66f711beddd4d5cabc
driver_jonathan_barnes,Jonathan BARNES,,,series_formula_ford,2020,0,1,2,7,0,7,0,21,22.0,5,0,shared_race_field,7,canonical_driver_dimension_with_observed_cohort_context,da557a1af2c2d83acf33ad62680a7a78f908f9fa26babf66f711beddd4d5cabc
driver_jonathan_browne,Jonathan BROWNE,,,series_formula_ford;series_gb3;series_indy_nxt,2020;2021;2024;2025,3,5,23,90,28,90,670,1,9.0,32,0,shared_race_field,90,canonical_driver_dimension_with_observed_cohort_context,da557a1af2c2d83acf33ad62680a7a78f908f9fa26babf66f711beddd4d5cabc
driver_jonathan_kotyk,Jonathan Kotyk,,,series_frp_f1600,2019,0,2,7,37,0,37,0,1,2.0,21,0,shared_race_field,37,canonical_driver_dimension_with_observed_cohort_context,da557a1af2c2d83acf33ad62680a7a78f908f9fa26babf66f711beddd4d5cabc
driver_jonathan_lee,Jonathan Lee,,,series_frp_f1600,2019,0,1,1,4,0,4,0,6,9.5,3,0,shared_race_field,4,canonical_driver_dimension_with_observed_cohort_context,da557a1af2c2d83acf33ad62680a7a78f908f9fa26babf66f711beddd4d5cabc
driver_jonny_edgar,Jonny Edgar,GBR,"Asby, United Kingdom",series_imsa_weathertech,2025,1,1,1,1,0,1,190,12,12.0,1,0,shared_race_field,2,canonical_driver_dimension_with_observed_cohort_context,da557a1af2c2d83acf33ad62680a7a78f908f9fa26babf66f711beddd4d5cabc
driver_jordan_dempsey,Jordan DEMPSEY,,,series_formula_ford,2020,0,2,2,7,0,7,0,1,2.0,3,0,shared_race_field,7,canonical_driver_dimension_with_observed_cohort_context,da557a1af2c2d83acf33ad62680a7a78f908f9fa26babf66f711beddd4d5cabc
driver_jordan_gronkowski,Jordan GRONKOWSKI,,,series_formula_ford,2020,0,1,1,3,0,3,0,3,3.0,2,0,shared_race_field,3,canonical_driver_dimension_with_observed_cohort_context,da557a1af2c2d83acf33ad62680a7a78f908f9fa26babf66f711beddd4d5cabc
driver_jordan_harrison,Jordan HARRISON,,,series_formula_ford,2020,0,1,1,7,0,7,0,9,13.0,0,0,observed_competitor_or_codriver,7,canonical_driver_dimension_with_observed_cohort_context,da557a1af2c2d83acf33ad62680a7a78f908f9fa26babf66f711beddd4d5cabc
driver_jordan_missig,Jordan Missig,,,series_indy_nxt,2024;2025;2026,1,3,27,108,47,108,1108,2,11.0,27,0,shared_race_field,108,canonical_driver_dimension_with_observed_cohort_context,da557a1af2c2d83acf33ad62680a7a78f908f9fa26babf66f711beddd4d5cabc
driver_jordan_pepper,Jordan Pepper,ZAF,"Midrand, South Africa",series_imsa_weathertech,2025,1,1,1,1,0,1,19,56,56.0,1,0,shared_race_field,2,canonical_driver_dimension_with_observed_cohort_context,da557a1af2c2d83acf33ad62680a7a78f908f9fa26babf66f711beddd4d5cabc
driver_jordan_taylor,Jordan Taylor,United States,"Orlando, FL",series_imsa_weathertech,2025,1,1,1,1,0,1,81,53,53.0,1,0,shared_race_field,2,canonical_driver_dimension_with_observed_cohort_context,da557a1af2c2d83acf33ad62680a7a78f908f9fa26babf66f711beddd4d5cabc
driver_jose_garfias,Jose Garfias,,,series_gb3,2021,1,1,5,29,10,29,0,5,12.0,14,0,shared_race_field,29,canonical_driver_dimension_with_observed_cohort_context,da557a1af2c2d83acf33ad62680a7a78f908f9fa26babf66f711beddd4d5cabc
driver_joseph_pomfret,Joseph POMFRET,,,series_formula_ford,2020,0,1,2,9,0,9,0,8,15.0,1,0,shared_race_field,9,canonical_driver_dimension_with_observed_cohort_context,da557a1af2c2d83acf33ad62680a7a78f908f9fa26babf66f711beddd4d5cabc
driver_josh_burdon,Josh Burdon,AUS,"Hobart, Australia",series_imsa_weathertech,2025,1,1,1,1,0,1,170,9,9.0,1,0,shared_race_field,2,canonical_driver_dimension_with_observed_cohort_context,da557a1af2c2d83acf33ad62680a7a78f908f9fa26babf66f711beddd4d5cabc
driver_josh_fisher,Josh FISHER,,,series_formula_ford,2020,0,1,1,4,0,4,0,1,2.5,2,0,shared_race_field,4,canonical_driver_dimension_with_observed_cohort_context,da557a1af2c2d83acf33ad62680a7a78f908f9fa26babf66f711beddd4d5cabc
driver_josh_green,Josh Green,,,series_frp_f1600,2019,0,1,7,37,0,37,0,1,2.0,21,0,shared_race_field,37,canonical_driver_dimension_with_observed_cohort_context,da557a1af2c2d83acf33ad62680a7a78f908f9fa26babf66f711beddd4d5cabc
driver_josh_mason,Josh Mason,United Kingdom,,series_euroformula_open;series_indy_nxt,2023;2024,2,2,4,18,6,16,73,1,11.5,8,0,shared_race_field,18,canonical_driver_dimension_with_observed_cohort_context,da557a1af2c2d83acf33ad62680a7a78f908f9fa26babf66f711beddd4d5cabc
driver_josh_pierson,Josh Pierson,United States,,series_froc;series_indy_nxt,2024;2025;2026,2,4,37,144,59,144,1498,2,8.0,36,1,teammate_overlap,144,canonical_driver_dimension_with_observed_cohort_context,da557a1af2c2d83acf33ad62680a7a78f908f9fa26babf66f711beddd4d5cabc
driver_josh_smith,Josh SMITH,,,series_formula_ford,2020,0,1,1,3,0,3,0,4,8.0,1,0,shared_race_field,3,canonical_driver_dimension_with_observed_cohort_context,da557a1af2c2d83acf33ad62680a7a78f908f9fa26babf66f711beddd4d5cabc
driver_joshua_dufek,Joshua Dufek,CHE,,series_euroformula_open,2023,1,1,2,8,2,6,0,1,2.5,6,0,shared_race_field,8,canonical_driver_dimension_with_observed_cohort_context,da557a1af2c2d83acf33ad62680a7a78f908f9fa26babf66f711beddd4d5cabc
driver_juju_noda,Juju Noda,Japan,,series_euroformula_open,2023,1,1,4,16,4,12,0,1,6.0,12,0,shared_race_field,16,canonical_driver_dimension_with_observed_cohort_context,da557a1af2c2d83acf33ad62680a7a78f908f9fa26babf66f711beddd4d5cabc
driver_jules_gounon,Jules Gounon,FRA,"Aubenas, France",series_imsa_weathertech,2025,1,1,1,1,0,1,25,60,60.0,1,0,shared_race_field,2,canonical_driver_dimension_with_observed_cohort_context,da557a1af2c2d83acf33ad62680a7a78f908f9fa26babf66f711beddd4d5cabc
driver_julien_andlauer,Julien Andlauer,FRA,"Lyon, France",series_imsa_weathertech,2025,1,1,1,1,0,1,110,51,51.0,1,0,shared_race_field,2,canonical_driver_dimension_with_observed_cohort_context,da557a1af2c2d83acf33ad62680a7a78f908f9fa26babf66f711beddd4d5cabc
driver_kaden_probst,Kaden Probst,New Zealand,,series_froc,2024,0,1,4,38,0,38,0,2,10.5,2,0,shared_race_field,38,canonical_driver_dimension_with_observed_cohort_context,da557a1af2c2d83acf33ad62680a7a78f908f9fa26babf66f711beddd4d5cabc
driver_kaku_ohta,Kaku Ohta,JPN,"Kyoto,Japan",series_imsa_weathertech,2025,1,1,1,1,0,1,179,14,14.0,1,0,shared_race_field,2,canonical_driver_dimension_with_observed_cohort_context,da557a1af2c2d83acf33ad62680a7a78f908f9fa26babf66f711beddd4d5cabc
driver_kaleb_ngatoa,Kaleb Ngatoa,New Zealand,,series_froc,2024,0,1,5,47,0,47,0,1,4.0,3,0,shared_race_field,47,canonical_driver_dimension_with_observed_cohort_context,da557a1af2c2d83acf33ad62680a7a78f908f9fa26babf66f711beddd4d5cabc
driver_kamui_kobayashi,Kamui Kobayashi,JPN,"Amagasaki City, Japan",series_imsa_weathertech,2025,1,1,1,1,0,1,82,53,53.0,1,0,shared_race_field,2,canonical_driver_dimension_with_observed_cohort_context,da557a1af2c2d83acf33ad62680a7a78f908f9fa26babf66f711beddd4d5cabc
driver_karen_gaillard,Karen Gaillard,CHE,"Riaz, Fribourg",series_imsa_weathertech,2025,1,1,1,1,0,1,146,33,33.0,1,0,shared_race_field,2,canonical_driver_dimension_with_observed_cohort_context,da557a1af2c2d83acf33ad62680a7a78f908f9fa26babf66f711beddd4d5cabc
driver_kei_cozzolino,Kei Cozzolino,JPN,"Tokyo, Japan",series_imsa_weathertech,2025,1,1,1,1,0,1,119,46,46.0,1,0,shared_race_field,2,canonical_driver_dimension_with_observed_cohort_context,da557a1af2c2d83acf33ad62680a7a78f908f9fa26babf66f711beddd4d5cabc
driver_keith_grant,Keith Grant,,,series_frp_f1600,2019,0,1,1,4,0,4,0,7,7.5,3,0,shared_race_field,4,canonical_driver_dimension_with_observed_cohort_context,da557a1af2c2d83acf33ad62680a7a78f908f9fa26babf66f711beddd4d5cabc
driver_kelvin_van_der_linde,Kelvin van der Linde,ZAF,"Johannesburg, South Africa",series_imsa_weathertech,2025,1,1,1,1,0,1,191,19,19.0,1,0,shared_race_field,2,canonical_driver_dimension_with_observed_cohort_context,da557a1af2c2d83acf33ad62680a7a78f908f9fa26babf66f711beddd4d5cabc
driver_kenneth_finneran,Kenneth FINNERAN,,,series_formula_ford,2020,0,1,1,5,0,5,0,9,20.0,0,0,observed_competitor_or_codriver,5,canonical_driver_dimension_with_observed_cohort_context,da557a1af2c2d83acf33ad62680a7a78f908f9fa26babf66f711beddd4d5cabc
driver_kenny_habul,Kenny Habul,AUS,Sydney,series_imsa_weathertech,2025,1,1,1,1,0,1,16,60,60.0,1,0,shared_race_field,2,canonical_driver_dimension_with_observed_cohort_context,da557a1af2c2d83acf33ad62680a7a78f908f9fa26babf66f711beddd4d5cabc
driver_kenton_koch,Kenton Koch,United States,"Charlotte, NC",series_imsa_weathertech,2025,1,1,1,1,0,1,209,34,34.0,1,0,shared_race_field,2,canonical_driver_dimension_with_observed_cohort_context,da557a1af2c2d83acf33ad62680a7a78f908f9fa26babf66f711beddd4d5cabc
driver_kevin_estre,Kevin Estre,FRA,"Lyon, France",series_imsa_weathertech,2025,1,1,1,1,0,1,256,3,3.0,1,0,shared_race_field,2,canonical_driver_dimension_with_observed_cohort_context,da557a1af2c2d83acf33ad62680a7a78f908f9fa26babf66f711beddd4d5cabc
driver_kevin_magnussen,Kevin Magnussen,DNK,"Roskilde, Denmark",series_imsa_weathertech,2025,1,1,1,1,0,1,205,4,4.0,1,0,shared_race_field,2,canonical_driver_dimension_with_observed_cohort_context,da557a1af2c2d83acf33ad62680a7a78f908f9fa26babf66f711beddd4d5cabc
driver_kieran_attwood,Kieran ATTWOOD,,,series_formula_ford,2020,0,1,1,3,0,3,0,17,18.5,0,0,observed_competitor_or_codriver,3,canonical_driver_dimension_with_observed_cohort_context,da557a1af2c2d83acf33ad62680a7a78f908f9fa26babf66f711beddd4d5cabc
driver_kiko_porto,Kiko Porto,,,series_indy_nxt,2024,1,1,1,4,2,4,20,9,15.0,1,0,shared_race_field,4,canonical_driver_dimension_with_observed_cohort_context,da557a1af2c2d83acf33ad62680a7a78f908f9fa26babf66f711beddd4d5cabc
driver_klaus_bachler,Klaus Bachler,AUT,"Unzmarkt, Austria",series_imsa_weathertech,2025,1,1,1,1,0,1,209,23,23.0,1,0,shared_race_field,2,canonical_driver_dimension_with_observed_cohort_context,da557a1af2c2d83acf33ad62680a7a78f908f9fa26babf66f711beddd4d5cabc
driver_kyle_kirkwood,Kyle Kirkwood,United States,"Jupiter, FL",series_imsa_weathertech,2025,1,2,1,1,0,2,250,35,39.5,1,0,shared_race_field,2,canonical_driver_dimension_with_observed_cohort_context,da557a1af2c2d83acf33ad62680a7a78f908f9fa26babf66f711beddd4d5cabc
driver_kyle_marcelli,Kyle Marcelli,CAN,"Toronto, ON",series_imsa_weathertech,2025,1,1,1,1,0,1,171,37,37.0,1,0,shared_race_field,2,canonical_driver_dimension_with_observed_cohort_context,da557a1af2c2d83acf33ad62680a7a78f908f9fa26babf66f711beddd4d5cabc
driver_landan_matriano_lim,Landan Matriano Lim,United States,,series_froc,2024,0,1,5,48,0,48,0,7,14.0,6,0,shared_race_field,48,canonical_driver_dimension_with_observed_cohort_context,da557a1af2c2d83acf33ad62680a7a78f908f9fa26babf66f711beddd4d5cabc
driver_lars_kern,Lars Kern,DEU,"Wiernsheim, Germany",series_imsa_weathertech,2025,1,1,1,1,0,1,182,25,25.0,1,0,shared_race_field,2,canonical_driver_dimension_with_observed_cohort_context,da557a1af2c2d83acf33ad62680a7a78f908f9fa26babf66f711beddd4d5cabc
driver_laurens_vanthoor,Laurens Vanthoor,BEL,"Heusden-Zolder, Belgium",series_imsa_weathertech,2025,1,1,1,1,0,1,209,1,1.0,1,0,shared_race_field,2,canonical_driver_dimension_with_observed_cohort_context,da557a1af2c2d83acf33ad62680a7a78f908f9fa26babf66f711beddd4d5cabc
driver_laurie_hughes,Laurie HUGHES,,,series_formula_ford,2020,0,1,1,5,0,5,0,14,17.0,0,0,observed_competitor_or_codriver,5,canonical_driver_dimension_with_observed_cohort_context,da557a1af2c2d83acf33ad62680a7a78f908f9fa26babf66f711beddd4d5cabc
driver_laurin_heinrich,Laurin Heinrich,DEU,"Würzburg, Germany",series_imsa_weathertech,2025,1,1,1,1,0,1,292,23,23.0,1,0,shared_race_field,2,canonical_driver_dimension_with_observed_cohort_context,da557a1af2c2d83acf33ad62680a7a78f908f9fa26babf66f711beddd4d5cabc
driver_leanne_mcshane,Leanne MCSHANE,,,series_formula_ford,2020,0,1,2,13,0,13,0,5,13.0,2,0,shared_race_field,13,canonical_driver_dimension_with_observed_cohort_context,da557a1af2c2d83acf33ad62680a7a78f908f9fa26babf66f711beddd4d5cabc
driver_levente_revesz,Levente Révész,Hungary,,series_euroformula_open,2023,1,1,2,8,2,6,0,1,4.0,3,1,teammate_overlap,8,canonical_driver_dimension_with_observed_cohort_context,da557a1af2c2d83acf33ad62680a7a78f908f9fa26babf66f711beddd4d5cabc
driver_liam_sceats,Liam Sceats,New Zealand,,series_froc;series_indy_nxt,2024;2025,1,2,13,83,14,83,250,1,6.0,14,1,teammate_overlap,83,canonical_driver_dimension_with_observed_cohort_context,da557a1af2c2d83acf33ad62680a7a78f908f9fa26babf66f711beddd4d5cabc
driver_lilou_wadoux_ducellier,Lilou Wadoux Ducellier,FRA,"Amiens, France",series_imsa_weathertech,2025,1,1,1,1,0,1,157,46,46.0,1,0,shared_race_field,2,canonical_driver_dimension_with_observed_cohort_context,da557a1af2c2d83acf33ad62680a7a78f908f9fa26babf66f711beddd4d5cabc
driver_lindsay_brewer,Lindsay Brewer,,,series_indy_nxt,2024,1,1,8,35,16,35,271,10,19.0,8,0,shared_race_field,35,canonical_driver_dimension_with_observed_cohort_context,da557a1af2c2d83acf33ad62680a7a78f908f9fa26babf66f711beddd4d5cabc
driver_lochie_hughes,Lochie Hughes,,,series_indy_nxt,2025;2026,1,2,22,88,38,88,948,1,4.0,22,0,shared_race_field,88,canonical_driver_dimension_with_observed_cohort_context,da557a1af2c2d83acf33ad62680a7a78f908f9fa26babf66f711beddd4d5cabc
driver_logan_hannah,Logan HANNAH,,,series_formula_ford,2020,0,1,2,8,0,8,0,7,9.5,2,0,shared_race_field,8,canonical_driver_dimension_with_observed_cohort_context,da557a1af2c2d83acf33ad62680a7a78f908f9fa26babf66f711beddd4d5cabc
driver_lorenzo_patrese,Lorenzo Patrese,ITA,"Padua, Italy",series_imsa_weathertech,2025,1,1,1,1,0,1,77,52,52.0,1,0,shared_race_field,2,canonical_driver_dimension_with_observed_cohort_context,da557a1af2c2d83acf33ad62680a7a78f908f9fa26babf66f711beddd4d5cabc
driver_lorna_vickers,Lorna VICKERS,,,series_formula_ford,2020,0,1,2,7,0,7,0,13,22.5,3,0,shared_race_field,7,canonical_driver_dimension_with_observed_cohort_context,da557a1af2c2d83acf33ad62680a7a78f908f9fa26babf66f711beddd4d5cabc
driver_louis_deletraz,Louis Deletraz,CHE,"Geneva, Switzerland",series_imsa_weathertech,2025,1,1,1,1,0,1,82,53,53.0,1,0,shared_race_field,2,canonical_driver_dimension_with_observed_cohort_context,da557a1af2c2d83acf33ad62680a7a78f908f9fa26babf66f711beddd4d5cabc
driver_louis_foster,Louis Foster,,,series_indy_nxt,2024,1,1,14,57,23,57,640,1,1.0,14,14,teammate_overlap,57,canonical_driver_dimension_with_observed_cohort_context,da557a1af2c2d83acf33ad62680a7a78f908f9fa26babf66f711beddd4d5cabc
driver_luca_stolz,Luca Stolz,DEU,"Brachbach, Germany",series_imsa_weathertech,2025,1,1,1,1,0,1,256,20,20.0,1,0,shared_race_field,2,canonical_driver_dimension_with_observed_cohort_context,da557a1af2c2d83acf33ad62680a7a78f908f9fa26babf66f711beddd4d5cabc
driver_lucas_auer,Lucas Auer,AUT,"Kufstein, Austria",series_imsa_weathertech,2025,1,1,1,1,0,1,215,29,29.0,1,0,shared_race_field,2,canonical_driver_dimension_with_observed_cohort_context,da557a1af2c2d83acf33ad62680a7a78f908f9fa26babf66f711beddd4d5cabc
driver_lucas_fecury,Lucas Fecury,Brazil,,series_froc,2024,0,1,5,48,0,48,0,6,14.0,6,0,shared_race_field,48,canonical_driver_dimension_with_observed_cohort_context,da557a1af2c2d83acf33ad62680a7a78f908f9fa26babf66f711beddd4d5cabc
driver_lucas_staico,Lucas Staico,,,series_gb3,2022,1,1,6,56,0,56,0,1,12.0,18,0,shared_race_field,56,canonical_driver_dimension_with_observed_cohort_context,da557a1af2c2d83acf33ad62680a7a78f908f9fa26babf66f711beddd4d5cabc
driver_luis_perez_companc,Luis Perez Companc,ARG,"Buenos Aires, Argentina",series_imsa_weathertech,2025,1,1,1,1,0,1,148,36,36.0,1,0,shared_race_field,2,canonical_driver_dimension_with_observed_cohort_context,da557a1af2c2d83acf33ad62680a7a78f908f9fa26babf66f711beddd4d5cabc
driver_luke_browning,Luke Browning,,,series_gb3,2021;2022,2,2,9,79,2,79,0,1,2.0,26,8,teammate_overlap,79,canonical_driver_dimension_with_observed_cohort_context,da557a1af2c2d83acf33ad62680a7a78f908f9fa26babf66f711beddd4d5cabc
driver_luke_cooper,Luke COOPER,,,series_formula_ford,2020,0,1,5,18,0,18,0,2,6.0,9,0,shared_race_field,18,canonical_driver_dimension_with_observed_cohort_context,da557a1af2c2d83acf33ad62680a7a78f908f9fa26babf66f711beddd4d5cabc
driver_madison_snow,Madison Snow,United States,"Salt Lake City, UT",series_imsa_weathertech,2025,1,1,1,1,0,1,180,19,19.0,1,0,shared_race_field,2,canonical_driver_dimension_with_observed_cohort_context,da557a1af2c2d83acf33ad62680a7a78f908f9fa26babf66f711beddd4d5cabc
driver_malthe_jakobsen,Malthe Jakobsen,DNK,Sennels,series_imsa_weathertech,2025,1,1,1,1,0,1,187,13,13.0,1,0,shared_race_field,2,canonical_driver_dimension_with_observed_cohort_context,da557a1af2c2d83acf33ad62680a7a78f908f9fa26babf66f711beddd4d5cabc
driver_manny_franco,Manny Franco,United States,"Milwaukee, WI",series_imsa_weathertech,2025,1,1,1,1,0,1,138,40,40.0,1,0,shared_race_field,2,canonical_driver_dimension_with_observed_cohort_context,da557a1af2c2d83acf33ad62680a7a78f908f9fa26babf66f711beddd4d5cabc
driver_marc_sawer,Marc SAWER,,,series_formula_ford,2020,0,1,1,4,0,4,0,12,15.0,0,0,observed_competitor_or_codriver,4,canonical_driver_dimension_with_observed_cohort_context,da557a1af2c2d83acf33ad62680a7a78f908f9fa26babf66f711beddd4d5cabc
driver_marco_mapelli,Marco Mapelli,ITA,"Lugano, Italy",series_imsa_weathertech,2025,1,1,1,1,0,1,71,56,56.0,1,0,shared_race_field,2,canonical_driver_dimension_with_observed_cohort_context,da557a1af2c2d83acf33ad62680a7a78f908f9fa26babf66f711beddd4d5cabc
driver_marco_sorensen,Marco Sorensen,DNK,"Godthaab, Denmark",series_imsa_weathertech,2025,1,1,1,1,0,1,62,57,57.0,1,0,shared_race_field,2,canonical_driver_dimension_with_observed_cohort_context,da557a1af2c2d83acf33ad62680a7a78f908f9fa26babf66f711beddd4d5cabc
driver_marco_wittmann,Marco Wittmann,DEU,"Fuerth, Germany",series_imsa_weathertech,2025,1,1,1,1,0,1,136,7,7.0,1,0,shared_race_field,2,canonical_driver_dimension_with_observed_cohort_context,da557a1af2c2d83acf33ad62680a7a78f908f9fa26babf66f711beddd4d5cabc
driver_mario_farnbacher,Mario Farnbacher,DEU,"Ansbach, Germany",series_imsa_weathertech,2025,1,1,1,1,0,1,146,42,42.0,1,0,shared_race_field,2,canonical_driver_dimension_with_observed_cohort_context,da557a1af2c2d83acf33ad62680a7a78f908f9fa26babf66f711beddd4d5cabc
driver_mark_bates,Mark BATES,,,series_formula_ford,2020,0,2,1,7,0,7,0,16,18.0,0,0,observed_competitor_or_codriver,7,canonical_driver_dimension_with_observed_cohort_context,da557a1af2c2d83acf33ad62680a7a78f908f9fa26babf66f711beddd4d5cabc
driver_mark_carter,Mark CARTER,,,series_formula_ford,2020,0,1,1,4,0,4,0,15,17.0,0,0,observed_competitor_or_codriver,4,canonical_driver_dimension_with_observed_cohort_context,da557a1af2c2d83acf33ad62680a7a78f908f9fa26babf66f711beddd4d5cabc
driver_mark_de_rozarieux,Mark DE ROZARIEUX,,,series_formula_ford,2020,0,1,1,7,0,7,0,12,18.5,1,0,shared_race_field,7,canonical_driver_dimension_with_observed_cohort_context,da557a1af2c2d83acf33ad62680a7a78f908f9fa26babf66f711beddd4d5cabc
driver_maro_engel,Maro Engel,DEU,Monaco,series_imsa_weathertech,2025,1,1,1,1,0,1,32,60,60.0,1,0,shared_race_field,2,canonical_driver_dimension_with_observed_cohort_context,da557a1af2c2d83acf33ad62680a7a78f908f9fa26babf66f711beddd4d5cabc
driver_marvin_kirchh_fer,Marvin Kirchhöfer,DEU,"Leipzig, Germany",series_imsa_weathertech,2025,1,1,1,1,0,1,197,25,25.0,1,0,shared_race_field,2,canonical_driver_dimension_with_observed_cohort_context,da557a1af2c2d83acf33ad62680a7a78f908f9fa26babf66f711beddd4d5cabc
driver_mataeo_pearce,Mataeo PEARCE,,,series_formula_ford,2020,0,1,1,3,0,3,0,15,15.0,2,0,shared_race_field,3,canonical_driver_dimension_with_observed_cohort_context,da557a1af2c2d83acf33ad62680a7a78f908f9fa26babf66f711beddd4d5cabc
driver_mathias_beche,Mathias BECHE,CHE,Veigy,series_imsa_weathertech,2025,1,1,1,1,0,1,244,10,10.0,1,0,shared_race_field,2,canonical_driver_dimension_with_observed_cohort_context,da557a1af2c2d83acf33ad62680a7a78f908f9fa26babf66f711beddd4d5cabc
driver_mathieu_jaminet,Mathieu Jaminet,FRA,Andorra-La-Vella,series_imsa_weathertech,2025,1,1,1,1,0,1,232,3,3.0,1,0,shared_race_field,2,canonical_driver_dimension_with_observed_cohort_context,da557a1af2c2d83acf33ad62680a7a78f908f9fa26babf66f711beddd4d5cabc
driver_matias_zagazeta,Matias Zagazeta,PER,,series_froc,2024,0,1,1,1,0,1,0,10,10.0,0,0,observed_competitor_or_codriver,1,canonical_driver_dimension_with_observed_cohort_context,da557a1af2c2d83acf33ad62680a7a78f908f9fa26babf66f711beddd4d5cabc
driver_matt_campbell,Matt Campbell,AUS,"Warwick, Australia",series_imsa_weathertech,2025,1,1,1,1,0,1,293,3,3.0,1,0,shared_race_field,2,canonical_driver_dimension_with_observed_cohort_context,da557a1af2c2d83acf33ad62680a7a78f908f9fa26babf66f711beddd4d5cabc
driver_matt_gidman,Matt Gidman,,,series_frp_f1600,2019,0,1,1,6,0,6,0,9,11.5,3,0,shared_race_field,6,canonical_driver_dimension_with_observed_cohort_context,da557a1af2c2d83acf33ad62680a7a78f908f9fa26babf66f711beddd4d5cabc
driver_matteo_cressoni,Matteo Cressoni,ITA,"Volta Mantovana, Italy",series_imsa_weathertech,2025,1,1,1,1,0,1,165,28,28.0,1,0,shared_race_field,2,canonical_driver_dimension_with_observed_cohort_context,da557a1af2c2d83acf33ad62680a7a78f908f9fa26babf66f711beddd4d5cabc
driver_matteo_nannini,Matteo Nannini,,,series_indy_nxt,2026,1,1,8,32,15,32,289,3,10.5,8,0,shared_race_field,32,canonical_driver_dimension_with_observed_cohort_context,da557a1af2c2d83acf33ad62680a7a78f908f9fa26babf66f711beddd4d5cabc
driver_matthew_bell,Matthew Bell,GBR,"Newcastle Upon Tyne, United Kingdom",series_imsa_weathertech,2025,1,1,1,1,0,1,188,25,25.0,1,0,shared_race_field,2,canonical_driver_dimension_with_observed_cohort_context,da557a1af2c2d83acf33ad62680a7a78f908f9fa26babf66f711beddd4d5cabc
driver_matthew_cowley,Matthew COWLEY,,,series_formula_ford,2020,0,2,5,18,0,18,0,2,6.0,10,0,shared_race_field,18,canonical_driver_dimension_with_observed_cohort_context,da557a1af2c2d83acf33ad62680a7a78f908f9fa26babf66f711beddd4d5cabc
driver_matthew_hayes,Matthew HAYES,,,series_formula_ford,2020,0,1,1,4,0,4,0,13,16.0,1,0,shared_race_field,4,canonical_driver_dimension_with_observed_cohort_context,da557a1af2c2d83acf33ad62680a7a78f908f9fa26babf66f711beddd4d5cabc
driver_matthew_rees,Matthew Rees,,,series_gb3,2022,1,1,8,76,0,76,0,1,6.0,24,0,shared_race_field,76,canonical_driver_dimension_with_observed_cohort_context,da557a1af2c2d83acf33ad62680a7a78f908f9fa26babf66f711beddd4d5cabc
driver_matthew_wrigley,Matthew WRIGLEY,,,series_formula_ford,2020,0,3,3,15,0,15,0,1,8.0,4,0,shared_race_field,15,canonical_driver_dimension_with_observed_cohort_context,da557a1af2c2d83acf33ad62680a7a78f908f9fa26babf66f711beddd4d5cabc
driver_matthieu_vaxiviere,Matthieu Vaxiviere,FRA,"Bordeaux, France",series_imsa_weathertech,2025,1,1,1,1,0,1,175,36,36.0,1,0,shared_race_field,2,canonical_driver_dimension_with_observed_cohort_context,da557a1af2c2d83acf33ad62680a7a78f908f9fa26babf66f711beddd4d5cabc
driver_mattia_drudi,Mattia Drudi,ITA,Misano Adriatico,series_imsa_weathertech,2025,1,1,1,1,0,1,237,27,27.0,1,0,shared_race_field,2,canonical_driver_dimension_with_observed_cohort_context,da557a1af2c2d83acf33ad62680a7a78f908f9fa26babf66f711beddd4d5cabc
driver_max_esterson,Max ESTERSON,United States,,series_formula_ford;series_gb3,2020;2022,1,3,10,83,0,83,0,1,8.0,27,0,shared_race_field,83,canonical_driver_dimension_with_observed_cohort_context,da557a1af2c2d83acf33ad62680a7a78f908f9fa26babf66f711beddd4d5cabc
driver_max_garcia,Max Garcia,,,series_indy_nxt,2026,1,1,8,32,15,32,275,3,11.0,8,0,shared_race_field,32,canonical_driver_dimension_with_observed_cohort_context,da557a1af2c2d83acf33ad62680a7a78f908f9fa26babf66f711beddd4d5cabc
driver_max_hesse,Max Hesse,DEU,"Wernau, Germany",series_imsa_weathertech,2025,1,1,1,1,0,1,116,41,41.0,1,0,shared_race_field,2,canonical_driver_dimension_with_observed_cohort_context,da557a1af2c2d83acf33ad62680a7a78f908f9fa26babf66f711beddd4d5cabc
driver_max_marzorati,Max Marzorati,,,series_gb3,2021,1,1,4,24,8,24,0,2,14.0,11,0,shared_race_field,24,canonical_driver_dimension_with_observed_cohort_context,da557a1af2c2d83acf33ad62680a7a78f908f9fa26babf66f711beddd4d5cabc
driver_max_taylor,Max Taylor,,,series_indy_nxt,2025;2026,2,2,14,54,23,54,562,1,3.0,14,0,shared_race_field,54,canonical_driver_dimension_with_observed_cohort_context,da557a1af2c2d83acf33ad62680a7a78f908f9fa26babf66f711beddd4d5cabc
driver_maxime_martin,Maxime Martin,BEL,"Brussels, Belgium",series_imsa_weathertech,2025,1,1,1,1,0,1,150,20,20.0,1,0,shared_race_field,2,canonical_driver_dimension_with_observed_cohort_context,da557a1af2c2d83acf33ad62680a7a78f908f9fa26babf66f711beddd4d5cabc
driver_maxime_robin,Maxime Robin,FRA,Le Mans,series_imsa_weathertech,2025,1,1,1,1,0,1,164,31,31.0,1,0,shared_race_field,2,canonical_driver_dimension_with_observed_cohort_context,da557a1af2c2d83acf33ad62680a7a78f908f9fa26babf66f711beddd4d5cabc
driver_maximilian_goetz,Maximilian Goetz,DEU,"Uffenheim, Germany",series_imsa_weathertech,2025,1,1,1,1,0,1,192,34,34.0,1,0,shared_race_field,2,canonical_driver_dimension_with_observed_cohort_context,da557a1af2c2d83acf33ad62680a7a78f908f9fa26babf66f711beddd4d5cabc
driver_maxwell_esterson,Maxwell ESTERSON,,,series_formula_ford,2020,0,2,2,8,0,8,0,2,8.0,5,0,shared_race_field,8,canonical_driver_dimension_with_observed_cohort_context,da557a1af2c2d83acf33ad62680a7a78f908f9fa26babf66f711beddd4d5cabc
driver_mckenzy_cresswell,McKenzy Cresswell,,,series_gb3,2022,1,1,8,75,0,75,0,2,9.0,23,0,shared_race_field,75,canonical_driver_dimension_with_observed_cohort_context,da557a1af2c2d83acf33ad62680a7a78f908f9fa26babf66f711beddd4d5cabc
driver_megan_gilkes,Megan GILKES,,,series_formula_ford,2020,0,1,2,7,0,7,0,5,7.0,3,0,shared_race_field,7,canonical_driver_dimension_with_observed_cohort_context,da557a1af2c2d83acf33ad62680a7a78f908f9fa26babf66f711beddd4d5cabc
driver_michael_macpherson,Michael MACPHERSON,,,series_formula_ford,2020,0,1,2,7,0,7,0,2,12.0,3,0,shared_race_field,7,canonical_driver_dimension_with_observed_cohort_context,da557a1af2c2d83acf33ad62680a7a78f908f9fa26babf66f711beddd4d5cabc
driver_michael_moyers,Michael MOYERS,,,series_formula_ford,2020,0,1,1,4,0,4,0,1,2.5,1,0,shared_race_field,4,canonical_driver_dimension_with_observed_cohort_context,da557a1af2c2d83acf33ad62680a7a78f908f9fa26babf66f711beddd4d5cabc
driver_michael_shin,Michael Shin,South Korea,,series_froc,2024,0,2,5,51,0,51,0,1,7.0,6,0,shared_race_field,51,canonical_driver_dimension_with_observed_cohort_context,da557a1af2c2d83acf33ad62680a7a78f908f9fa26babf66f711beddd4d5cabc
driver_michael_d_orlando,Michael d'Orlando,,,series_indy_nxt,2024;2025,1,2,10,41,16,41,468,1,7.0,10,0,shared_race_field,41,canonical_driver_dimension_with_observed_cohort_context,da557a1af2c2d83acf33ad62680a7a78f908f9fa26babf66f711beddd4d5cabc
driver_michelle_gatting,Michelle Gatting,DNK,"Vedbaek, Denmark",series_imsa_weathertech,2025,1,1,1,1,0,1,231,33,33.0,1,0,shared_race_field,2,canonical_driver_dimension_with_observed_cohort_context,da557a1af2c2d83acf33ad62680a7a78f908f9fa26babf66f711beddd4d5cabc
driver_miguel_molina,Miguel Molina,ESP,"Lloret de Mar, Spain",series_imsa_weathertech,2025,1,1,1,1,0,1,245,21,21.0,1,0,shared_race_field,2,canonical_driver_dimension_with_observed_cohort_context,da557a1af2c2d83acf33ad62680a7a78f908f9fa26babf66f711beddd4d5cabc
driver_mikael_grenier,Mikael Grenier,CAN,"Québec, QC",series_imsa_weathertech,2025,1,1,1,1,0,1,77,60,60.0,1,0,shared_race_field,2,canonical_driver_dimension_with_observed_cohort_context,da557a1af2c2d83acf33ad62680a7a78f908f9fa26babf66f711beddd4d5cabc
driver_mike_gardner,Mike GARDNER,,,series_formula_ford,2020,0,1,1,2,0,2,0,7,7.0,1,0,shared_race_field,2,canonical_driver_dimension_with_observed_cohort_context,da557a1af2c2d83acf33ad62680a7a78f908f9fa26babf66f711beddd4d5cabc
driver_mike_rockenfeller,Mike Rockenfeller,DEU,"Altnau, Switzerland",series_imsa_weathertech,2025,1,1,1,1,0,1,260,18,18.0,1,0,shared_race_field,2,canonical_driver_dimension_with_observed_cohort_context,da557a1af2c2d83acf33ad62680a7a78f908f9fa26babf66f711beddd4d5cabc
driver_mike_scanlan,Mike Scanlan,,,series_frp_f1600,2019,0,1,7,37,0,37,0,6,10.5,21,0,shared_race_field,37,canonical_driver_dimension_with_observed_cohort_context,da557a1af2c2d83acf33ad62680a7a78f908f9fa26babf66f711beddd4d5cabc
driver_mike_skeen,Mike Skeen,United States,"Charlotte, NC",series_imsa_weathertech,2025,1,1,1,1,0,1,171,59,59.0,1,0,shared_race_field,2,canonical_driver_dimension_with_observed_cohort_context,da557a1af2c2d83acf33ad62680a7a78f908f9fa26babf66f711beddd4d5cabc
driver_mikkel_grundtvig,Mikkel Grundtvig,,,series_gb3,2021;2022,1,2,15,115,14,115,0,1,17.0,44,0,shared_race_field,115,canonical_driver_dimension_with_observed_cohort_context,da557a1af2c2d83acf33ad62680a7a78f908f9fa26babf66f711beddd4d5cabc
driver_mikkel_jensen,Mikkel Jensen,DNK,"Aarhus, Denmark",series_imsa_weathertech,2025,1,1,1,1,0,1,197,38,38.0,1,0,shared_race_field,2,canonical_driver_dimension_with_observed_cohort_context,da557a1af2c2d83acf33ad62680a7a78f908f9fa26babf66f711beddd4d5cabc
driver_milan_de_laet,Milan DE LAET,,,series_formula_ford,2020,0,1,2,6,0,6,0,6,11.0,3,0,shared_race_field,6,canonical_driver_dimension_with_observed_cohort_context,da557a1af2c2d83acf33ad62680a7a78f908f9fa26babf66f711beddd4d5cabc
driver_milan_de_lart,Milan DE LART,,,series_formula_ford,2020,0,1,1,1,0,1,0,16,16.0,0,0,observed_competitor_or_codriver,1,canonical_driver_dimension_with_observed_cohort_context,da557a1af2c2d83acf33ad62680a7a78f908f9fa26babf66f711beddd4d5cabc
driver_miles_griffiths,Miles GRIFFITHS,,,series_formula_ford,2020,0,1,1,4,0,4,0,6,7.0,1,0,shared_race_field,4,canonical_driver_dimension_with_observed_cohort_context,da557a1af2c2d83acf33ad62680a7a78f908f9fa26babf66f711beddd4d5cabc
driver_mirko_bortolotti,Mirko Bortolotti,ITA,"Riva del Garda, Italy",series_imsa_weathertech,2025,1,1,1,1,0,1,34,61,61.0,1,0,shared_race_field,2,canonical_driver_dimension_with_observed_cohort_context,da557a1af2c2d83acf33ad62680a7a78f908f9fa26babf66f711beddd4d5cabc
driver_misha_goikhberg,Misha Goikhberg,CAN,"Woodbridge, ON",series_frp_f1600;series_imsa_weathertech,2019;2025,1,2,3,13,0,13,147,1,4.0,7,0,shared_race_field,14,canonical_driver_dimension_with_observed_cohort_context,da557a1af2c2d83acf33ad62680a7a78f908f9fa26babf66f711beddd4d5cabc
driver_morgan_quinn,Morgan QUINN,,,series_formula_ford,2020,0,3,6,20,0,20,0,2,7.5,12,0,shared_race_field,20,canonical_driver_dimension_with_observed_cohort_context,da557a1af2c2d83acf33ad62680a7a78f908f9fa26babf66f711beddd4d5cabc
driver_myles_rowe,Myles Rowe,,,series_indy_nxt,2024;2025;2026,2,3,36,144,60,144,1372,1,6.0,36,0,shared_race_field,144,canonical_driver_dimension_with_observed_cohort_context,da557a1af2c2d83acf33ad62680a7a78f908f9fa26babf66f711beddd4d5cabc
driver_neel_jani,Neel Jani,CHE,"Bellmund, Switzerland",series_imsa_weathertech,2025,1,1,1,1,0,1,113,51,51.0,1,0,shared_race_field,2,canonical_driver_dimension_with_observed_cohort_context,da557a1af2c2d83acf33ad62680a7a78f908f9fa26babf66f711beddd4d5cabc
driver_neil_broome,Neil BROOME,,,series_formula_ford,2020,0,1,1,2,0,2,0,8,12.0,0,0,observed_competitor_or_codriver,2,canonical_driver_dimension_with_observed_cohort_context,da557a1af2c2d83acf33ad62680a7a78f908f9fa26babf66f711beddd4d5cabc
driver_neil_fowler,Neil FOWLER,,,series_formula_ford,2020,0,1,1,3,0,3,0,8,13.0,1,0,shared_race_field,3,canonical_driver_dimension_with_observed_cohort_context,da557a1af2c2d83acf33ad62680a7a78f908f9fa26babf66f711beddd4d5cabc
driver_neil_maclennan,Neil MACLENNAN,,,series_formula_ford,2020,0,2,5,18,0,18,0,1,1.0,9,0,shared_race_field,18,canonical_driver_dimension_with_observed_cohort_context,da557a1af2c2d83acf33ad62680a7a78f908f9fa26babf66f711beddd4d5cabc
driver_neil_mcarthur,Neil MCARTHUR,,,series_formula_ford,2020,0,1,3,9,0,9,0,13,25.0,5,0,shared_race_field,9,canonical_driver_dimension_with_observed_cohort_context,da557a1af2c2d83acf33ad62680a7a78f908f9fa26babf66f711beddd4d5cabc
driver_neil_patten,Neil PATTEN,,,series_formula_ford,2020,0,1,2,7,0,7,0,19,20.0,5,0,shared_race_field,7,canonical_driver_dimension_with_observed_cohort_context,da557a1af2c2d83acf33ad62680a7a78f908f9fa26babf66f711beddd4d5cabc
driver_neil_plimmer,Neil PLIMMER,,,series_formula_ford,2020,0,1,1,3,0,3,0,16,19.0,2,0,shared_race_field,3,canonical_driver_dimension_with_observed_cohort_context,da557a1af2c2d83acf33ad62680a7a78f908f9fa26babf66f711beddd4d5cabc
driver_neil_verhagen,Neil Verhagen,United States,"Mooresville, NC",series_imsa_weathertech,2025,1,1,1,1,0,1,174,19,19.0,1,0,shared_race_field,2,canonical_driver_dimension_with_observed_cohort_context,da557a1af2c2d83acf33ad62680a7a78f908f9fa26babf66f711beddd4d5cabc
driver_nicholas_monteiro,Nicholas Monteiro,Brazil,,series_froc;series_indy_nxt,2024;2025;2026,2,3,10,38,17,38,306,6,16.0,9,0,shared_race_field,38,canonical_driver_dimension_with_observed_cohort_context,da557a1af2c2d83acf33ad62680a7a78f908f9fa26babf66f711beddd4d5cabc
driver_nick_barnes,Nick BARNES,,,series_formula_ford,2020,0,1,1,3,0,3,0,7,8.0,2,0,shared_race_field,3,canonical_driver_dimension_with_observed_cohort_context,da557a1af2c2d83acf33ad62680a7a78f908f9fa26babf66f711beddd4d5cabc
driver_nick_boulle,Nick Boulle,United States,"Dallas, TX",series_imsa_weathertech,2025,1,1,1,1,0,1,142,54,54.0,1,0,shared_race_field,2,canonical_driver_dimension_with_observed_cohort_context,da557a1af2c2d83acf33ad62680a7a78f908f9fa26babf66f711beddd4d5cabc
driver_nick_gilkes,Nick Gilkes,,,series_gb3,2022,1,1,8,76,0,76,0,1,16.0,24,0,shared_race_field,76,canonical_driver_dimension_with_observed_cohort_context,da557a1af2c2d83acf33ad62680a7a78f908f9fa26babf66f711beddd4d5cabc
driver_nick_tandy,Nick Tandy,GBR,"Bedford, United Kingdom",series_imsa_weathertech,2025,1,1,1,1,0,1,276,1,1.0,1,0,shared_race_field,2,canonical_driver_dimension_with_observed_cohort_context,da557a1af2c2d83acf33ad62680a7a78f908f9fa26babf66f711beddd4d5cabc
driver_nick_yelloly,Nick Yelloly,GBR,"Solihull, United Kingdom",series_imsa_weathertech,2025,1,1,1,1,0,1,158,14,14.0,1,0,shared_race_field,2,canonical_driver_dimension_with_observed_cohort_context,da557a1af2c2d83acf33ad62680a7a78f908f9fa26babf66f711beddd4d5cabc
driver_nicki_thiim,Nicki Thiim,DNK,"Sonderborg, Denmark",series_imsa_weathertech,2025,1,1,1,1,0,1,0,58,58.0,1,0,shared_race_field,2,canonical_driver_dimension_with_observed_cohort_context,da557a1af2c2d83acf33ad62680a7a78f908f9fa26babf66f711beddd4d5cabc
driver_nicklas_nielsen,Nicklas Nielsen,DNK,"Uldum, Denmark",series_imsa_weathertech,2025,1,1,1,1,0,1,218,36,36.0,1,0,shared_race_field,2,canonical_driver_dimension_with_observed_cohort_context,da557a1af2c2d83acf33ad62680a7a78f908f9fa26babf66f711beddd4d5cabc
driver_nicky_catsburg,Nicky Catsburg,NLD,"Amersfoort, Netherlands",series_imsa_weathertech,2025,1,1,1,1,0,1,216,22,22.0,1,0,shared_race_field,2,canonical_driver_dimension_with_observed_cohort_context,da557a1af2c2d83acf33ad62680a7a78f908f9fa26babf66f711beddd4d5cabc
driver_nico_christodoulou,Nico Christodoulou,,,series_gb3,2022,1,1,6,56,0,56,0,1,10.0,18,0,shared_race_field,56,canonical_driver_dimension_with_observed_cohort_context,da557a1af2c2d83acf33ad62680a7a78f908f9fa26babf66f711beddd4d5cabc
driver_nico_pino,Nico Pino,United States,"Santiago, Chile",series_imsa_weathertech,2025,1,1,1,1,0,1,80,51,51.0,1,0,shared_race_field,2,canonical_driver_dimension_with_observed_cohort_context,da557a1af2c2d83acf33ad62680a7a78f908f9fa26babf66f711beddd4d5cabc
driver_nico_varrone,Nico Varrone,ARG,"Escobar, Argentina",series_imsa_weathertech,2025,1,1,1,1,0,1,271,22,22.0,1,0,shared_race_field,2,canonical_driver_dimension_with_observed_cohort_context,da557a1af2c2d83acf33ad62680a7a78f908f9fa26babf66f711beddd4d5cabc
driver_nicola_lacorte,Nicola Lacorte,ITA,Pisa,series_froc;series_imsa_weathertech,2024;2025,1,2,4,30,0,30,72,1,6.0,1,0,shared_race_field,31,canonical_driver_dimension_with_observed_cohort_context,da557a1af2c2d83acf33ad62680a7a78f908f9fa26babf66f711beddd4d5cabc
driver_nicolas_stati,Nicolas Stati,Australia,,series_froc;series_indy_nxt,2024;2026,1,2,8,30,14,30,221,7,15.0,7,0,shared_race_field,30,canonical_driver_dimension_with_observed_cohort_context,da557a1af2c2d83acf33ad62680a7a78f908f9fa26babf66f711beddd4d5cabc
driver_niels_koolen,Niels Koolen,,,series_indy_nxt,2024;2025;2026,2,3,31,124,53,124,1174,4,13.5,31,21,teammate_overlap,124,canonical_driver_dimension_with_observed_cohort_context,da557a1af2c2d83acf33ad62680a7a78f908f9fa26babf66f711beddd4d5cabc
driver_nigel_dolan,Nigel DOLAN,,,series_formula_ford,2020,0,1,2,6,0,6,0,9,17.0,3,0,shared_race_field,6,canonical_driver_dimension_with_observed_cohort_context,da557a1af2c2d83acf33ad62680a7a78f908f9fa26babf66f711beddd4d5cabc
driver_nigel_lingwood,Nigel LINGWOOD,,,series_formula_ford,2020,0,1,1,3,0,3,0,9,10.0,2,0,shared_race_field,3,canonical_driver_dimension_with_observed_cohort_context,da557a1af2c2d83acf33ad62680a7a78f908f9fa26babf66f711beddd4d5cabc
driver_nigel_thompson,Nigel THOMPSON,,,series_formula_ford,2020,0,1,1,3,0,3,0,8,11.0,2,0,shared_race_field,3,canonical_driver_dimension_with_observed_cohort_context,da557a1af2c2d83acf33ad62680a7a78f908f9fa26babf66f711beddd4d5cabc
driver_nikita_johnson,Nikita Johnson,United States,,series_froc;series_indy_nxt,2024;2025;2026,2,3,12,44,20,44,405,1,6.0,11,1,teammate_overlap,44,canonical_driver_dimension_with_observed_cohort_context,da557a1af2c2d83acf33ad62680a7a78f908f9fa26babf66f711beddd4d5cabc
driver_noel_leon,Noel Leon,Mexico,,series_euroformula_open,2023,1,1,7,28,7,21,0,1,2.0,18,6,teammate_overlap,28,canonical_driver_dimension_with_observed_cohort_context,da557a1af2c2d83acf33ad62680a7a78f908f9fa26babf66f711beddd4d5cabc
driver_nolan_allaer,Nolan Allaer,,,series_indy_nxt,2024;2025,1,3,23,96,40,96,859,4,14.0,23,1,teammate_overlap,96,canonical_driver_dimension_with_observed_cohort_context,da557a1af2c2d83acf33ad62680a7a78f908f9fa26babf66f711beddd4d5cabc
driver_nolan_siegel,Nolan Siegel,,,series_indy_nxt,2024,1,1,6,23,10,23,191,1,3.0,5,0,shared_race_field,23,canonical_driver_dimension_with_observed_cohort_context,da557a1af2c2d83acf33ad62680a7a78f908f9fa26babf66f711beddd4d5cabc
driver_oliver_bearman,Oliver Bearman,,,series_gb3,2021,1,1,2,11,4,11,0,1,2.0,6,0,shared_race_field,11,canonical_driver_dimension_with_observed_cohort_context,da557a1af2c2d83acf33ad62680a7a78f908f9fa26babf66f711beddd4d5cabc
driver_oliver_jarvis,Oliver Jarvis,GBR,"Newmarket, United Kingdom",series_imsa_weathertech,2025,1,1,1,1,0,1,46,54,54.0,1,0,shared_race_field,2,canonical_driver_dimension_with_observed_cohort_context,da557a1af2c2d83acf33ad62680a7a78f908f9fa26babf66f711beddd4d5cabc
driver_oliver_white,Oliver WHITE,,,series_formula_ford,2020,0,2,3,10,0,10,0,1,3.0,6,0,shared_race_field,10,canonical_driver_dimension_with_observed_cohort_context,da557a1af2c2d83acf33ad62680a7a78f908f9fa26babf66f711beddd4d5cabc
driver_ollie_millroy,Ollie Millroy,GBR,"Reading, United Kingdom",series_imsa_weathertech,2025,1,1,1,1,0,1,91,49,49.0,1,0,shared_race_field,2,canonical_driver_dimension_with_observed_cohort_context,da557a1af2c2d83acf33ad62680a7a78f908f9fa26babf66f711beddd4d5cabc
driver_onofrio_triarsi,Onofrio Triarsi,United States,"Orlando, FL",series_imsa_weathertech,2025,1,1,1,1,0,1,154,45,45.0,1,0,shared_race_field,2,canonical_driver_dimension_with_observed_cohort_context,da557a1af2c2d83acf33ad62680a7a78f908f9fa26babf66f711beddd4d5cabc
driver_orey_fidani,Orey Fidani,CAN,"Toronto, ON",series_imsa_weathertech,2025,1,1,1,1,0,1,152,25,25.0,1,0,shared_race_field,2,canonical_driver_dimension_with_observed_cohort_context,da557a1af2c2d83acf33ad62680a7a78f908f9fa26babf66f711beddd4d5cabc
driver_pj_hyett,PJ Hyett,United States,"St Charles, IL",series_imsa_weathertech,2025,1,1,1,1,0,1,152,12,12.0,1,0,shared_race_field,2,canonical_driver_dimension_with_observed_cohort_context,da557a1af2c2d83acf33ad62680a7a78f908f9fa26babf66f711beddd4d5cabc
driver_paolo_brajnik,Paolo Brajnik,Serbia,,series_euroformula_open,2023,1,1,4,13,4,9,0,8,9.0,9,0,shared_race_field,13,canonical_driver_dimension_with_observed_cohort_context,da557a1af2c2d83acf33ad62680a7a78f908f9fa26babf66f711beddd4d5cabc
driver_parker_kligerman,Parker Kligerman,United States,"Westport, CT",series_imsa_weathertech,2025,1,1,1,1,0,1,158,42,42.0,1,0,shared_race_field,2,canonical_driver_dimension_with_observed_cohort_context,da557a1af2c2d83acf33ad62680a7a78f908f9fa26babf66f711beddd4d5cabc
driver_parker_thompson,Parker Thompson,CAN,"Red Deer, AB",series_imsa_weathertech,2025,1,1,1,1,0,1,174,44,44.0,1,0,shared_race_field,2,canonical_driver_dimension_with_observed_cohort_context,da557a1af2c2d83acf33ad62680a7a78f908f9fa26babf66f711beddd4d5cabc
driver_pascal_monbaron,Pascal MONBARON,,,series_formula_ford,2020,0,3,4,14,0,14,0,7,9.0,7,0,shared_race_field,14,canonical_driver_dimension_with_observed_cohort_context,da557a1af2c2d83acf33ad62680a7a78f908f9fa26babf66f711beddd4d5cabc
driver_pascal_wehrlein,Pascal Wehrlein,DEU,Kreuzlingen,series_imsa_weathertech,2025,1,1,1,1,0,1,204,6,6.0,1,1,teammate_overlap,2,canonical_driver_dimension_with_observed_cohort_context,da557a1af2c2d83acf33ad62680a7a78f908f9fa26babf66f711beddd4d5cabc
driver_patrick_gallagher,Patrick Gallagher,United States,"Thornville, OH",series_imsa_weathertech,2025,1,1,1,1,0,1,161,30,30.0,1,0,shared_race_field,2,canonical_driver_dimension_with_observed_cohort_context,da557a1af2c2d83acf33ad62680a7a78f908f9fa26babf66f711beddd4d5cabc
driver_patrick_heuzenroeder,Patrick Heuzenroeder,Australia,,series_froc,2024,0,1,1,1,0,1,0,5,5.0,0,0,observed_competitor_or_codriver,1,canonical_driver_dimension_with_observed_cohort_context,da557a1af2c2d83acf33ad62680a7a78f908f9fa26babf66f711beddd4d5cabc
driver_patrick_woods_toth,Patrick Woods Toth,Canada,,series_froc,2024,0,1,5,49,0,49,0,1,5.0,6,0,shared_race_field,49,canonical_driver_dimension_with_observed_cohort_context,da557a1af2c2d83acf33ad62680a7a78f908f9fa26babf66f711beddd4d5cabc
driver_paul_barnes,Paul BARNES,,,series_formula_ford,2020,0,1,1,6,0,6,0,15,17.5,0,0,observed_competitor_or_codriver,6,canonical_driver_dimension_with_observed_cohort_context,da557a1af2c2d83acf33ad62680a7a78f908f9fa26babf66f711beddd4d5cabc
driver_paul_di_resta,Paul Di Resta,GBR,Monaco,series_imsa_weathertech,2025,1,1,1,1,0,1,251,8,8.0,1,0,shared_race_field,2,canonical_driver_dimension_with_observed_cohort_context,da557a1af2c2d83acf33ad62680a7a78f908f9fa26babf66f711beddd4d5cabc
driver_paul_tucker,Paul TUCKER,,,series_formula_ford,2020,0,1,2,7,0,7,0,20,21.0,5,0,shared_race_field,7,canonical_driver_dimension_with_observed_cohort_context,da557a1af2c2d83acf33ad62680a7a78f908f9fa26babf66f711beddd4d5cabc
driver_paul_loup_chatin,Paul-Loup Chatin,FRA,"Chartres, France",series_imsa_weathertech,2025,1,1,1,1,0,1,245,11,11.0,1,0,shared_race_field,2,canonical_driver_dimension_with_observed_cohort_context,da557a1af2c2d83acf33ad62680a7a78f908f9fa26babf66f711beddd4d5cabc
driver_peter_daly,Peter DALY,,,series_formula_ford,2020,0,1,5,19,0,19,0,1,16.0,8,0,shared_race_field,19,canonical_driver_dimension_with_observed_cohort_context,da557a1af2c2d83acf33ad62680a7a78f908f9fa26babf66f711beddd4d5cabc
driver_peter_sikstrom,Peter SIKSTROM,,,series_formula_ford,2020,0,1,1,2,0,2,0,16,20.0,0,0,observed_competitor_or_codriver,2,canonical_driver_dimension_with_observed_cohort_context,da557a1af2c2d83acf33ad62680a7a78f908f9fa26babf66f711beddd4d5cabc
driver_phil_hart,Phil HART,,,series_formula_ford,2020,0,1,1,6,0,6,0,14,21.5,0,0,observed_competitor_or_codriver,6,canonical_driver_dimension_with_observed_cohort_context,da557a1af2c2d83acf33ad62680a7a78f908f9fa26babf66f711beddd4d5cabc
driver_phil_nelson,Phil NELSON,,,series_formula_ford,2020,0,1,1,3,0,3,0,23,28.0,2,0,shared_race_field,3,canonical_driver_dimension_with_observed_cohort_context,da557a1af2c2d83acf33ad62680a7a78f908f9fa26babf66f711beddd4d5cabc
driver_philip_attwood,Philip ATTWOOD,,,series_formula_ford,2020,0,1,1,5,0,5,0,14,16.0,0,0,observed_competitor_or_codriver,5,canonical_driver_dimension_with_observed_cohort_context,da557a1af2c2d83acf33ad62680a7a78f908f9fa26babf66f711beddd4d5cabc
driver_philip_ellis,Philip Ellis,GBR,"Munich, Germany",series_imsa_weathertech,2025,1,1,1,1,0,1,168,29,29.0,1,0,shared_race_field,2,canonical_driver_dimension_with_observed_cohort_context,da557a1af2c2d83acf33ad62680a7a78f908f9fa26babf66f711beddd4d5cabc
driver_philipp_eng,Philipp Eng,AUT,"Sankt Lorenz, Austria",series_imsa_weathertech,2025,1,1,1,1,0,1,227,4,4.0,1,0,shared_race_field,2,canonical_driver_dimension_with_observed_cohort_context,da557a1af2c2d83acf33ad62680a7a78f908f9fa26babf66f711beddd4d5cabc
driver_pietro_fittipaldi,Pietro Fittipaldi,BRA,"Miami, FL",series_imsa_weathertech,2025,1,1,1,1,0,1,195,39,39.0,1,0,shared_race_field,2,canonical_driver_dimension_with_observed_cohort_context,da557a1af2c2d83acf33ad62680a7a78f908f9fa26babf66f711beddd4d5cabc
driver_pipo_derani,Pipo Derani,BRA,"São Paulo, Brazil",series_imsa_weathertech,2025,1,1,1,1,0,1,91,50,50.0,1,0,shared_race_field,2,canonical_driver_dimension_with_observed_cohort_context,da557a1af2c2d83acf33ad62680a7a78f908f9fa26babf66f711beddd4d5cabc
driver_raffaele_marciello,Raffaele Marciello,ITA,"Breganzona, Switzerland",series_imsa_weathertech,2025,1,1,1,1,0,1,102,4,4.0,1,0,shared_race_field,2,canonical_driver_dimension_with_observed_cohort_context,da557a1af2c2d83acf33ad62680a7a78f908f9fa26babf66f711beddd4d5cabc
driver_rahel_frey,Rahel Frey,SWZ,"Aedermannsdorf, Switzerland",series_imsa_weathertech,2025,1,1,1,1,0,1,190,33,33.0,1,0,shared_race_field,2,canonical_driver_dimension_with_observed_cohort_context,da557a1af2c2d83acf33ad62680a7a78f908f9fa26babf66f711beddd4d5cabc
driver_ralf_aron,Ralf Aron,EST,Tallinn,series_imsa_weathertech,2025,1,1,1,1,0,1,148,43,43.0,1,0,shared_race_field,2,canonical_driver_dimension_with_observed_cohort_context,da557a1af2c2d83acf33ad62680a7a78f908f9fa26babf66f711beddd4d5cabc
driver_rasmus_lindh,Rasmus Lindh,SWE,"Gothenburg, Sweden",series_imsa_weathertech,2025,1,1,1,1,0,1,181,8,8.0,1,0,shared_race_field,2,canonical_driver_dimension_with_observed_cohort_context,da557a1af2c2d83acf33ad62680a7a78f908f9fa26babf66f711beddd4d5cabc
driver_reece_gold,Reece Gold,,,series_indy_nxt,2024,1,1,13,54,23,54,476,1,6.5,13,0,shared_race_field,54,canonical_driver_dimension_with_observed_cohort_context,da557a1af2c2d83acf33ad62680a7a78f908f9fa26babf66f711beddd4d5cabc
driver_reece_lycett,Reece LYCETT,,,series_formula_ford,2020,0,2,4,14,0,14,0,7,15.0,9,0,shared_race_field,14,canonical_driver_dimension_with_observed_cohort_context,da557a1af2c2d83acf33ad62680a7a78f908f9fa26babf66f711beddd4d5cabc
driver_reece_ushijima,Reece Ushijima,,,series_gb3,2021,1,1,7,39,14,39,0,1,5.5,20,0,shared_race_field,39,canonical_driver_dimension_with_observed_cohort_context,da557a1af2c2d83acf33ad62680a7a78f908f9fa26babf66f711beddd4d5cabc
driver_reema_juffali,Reema Juffali,,,series_gb3,2021,1,1,7,39,14,39,0,4,16.0,20,0,shared_race_field,39,canonical_driver_dimension_with_observed_cohort_context,da557a1af2c2d83acf33ad62680a7a78f908f9fa26babf66f711beddd4d5cabc
driver_rene_rast,Rene Rast,AUT,"Bregenz, Austria",series_imsa_weathertech,2025,1,1,1,1,0,1,203,7,7.0,1,0,shared_race_field,2,canonical_driver_dimension_with_observed_cohort_context,da557a1af2c2d83acf33ad62680a7a78f908f9fa26babf66f711beddd4d5cabc
driver_renger_van_der_zande,Renger van der Zande,NLD,"Amsterdam, Netherlands",series_imsa_weathertech,2025,1,1,1,1,0,1,203,14,14.0,1,0,shared_race_field,2,canonical_driver_dimension_with_observed_cohort_context,da557a1af2c2d83acf33ad62680a7a78f908f9fa26babf66f711beddd4d5cabc
driver_ricardo_escotto,Ricardo Escotto,,,series_indy_nxt,2024;2025;2026,2,4,22,88,37,88,759,4,13.0,22,0,shared_race_field,88,canonical_driver_dimension_with_observed_cohort_context,da557a1af2c2d83acf33ad62680a7a78f908f9fa26babf66f711beddd4d5cabc
driver_riccardo_agostini,Riccardo Agostini,ITA,"Padova, Italy",series_imsa_weathertech,2025,1,1,1,1,0,1,167,32,32.0,1,0,shared_race_field,2,canonical_driver_dimension_with_observed_cohort_context,da557a1af2c2d83acf33ad62680a7a78f908f9fa26babf66f711beddd4d5cabc
driver_richard_higgins,Richard HIGGINS,,,series_formula_ford,2020,0,1,1,7,0,7,0,9,10.5,2,0,shared_race_field,7,canonical_driver_dimension_with_observed_cohort_context,da557a1af2c2d83acf33ad62680a7a78f908f9fa26babf66f711beddd4d5cabc
driver_richard_ketterman,Richard KETTERMAN,,,series_formula_ford,2020,0,1,1,1,0,1,0,30,30.0,0,0,observed_competitor_or_codriver,1,canonical_driver_dimension_with_observed_cohort_context,da557a1af2c2d83acf33ad62680a7a78f908f9fa26babf66f711beddd4d5cabc
driver_richard_lietz,Richard Lietz,AUT,"Ybbsitz, Austria",series_imsa_weathertech,2025,1,1,1,1,0,1,232,28,28.0,1,0,shared_race_field,2,canonical_driver_dimension_with_observed_cohort_context,da557a1af2c2d83acf33ad62680a7a78f908f9fa26babf66f711beddd4d5cabc
driver_richard_mendoza,Richard MENDOZA,,,series_formula_ford,2020,0,1,2,5,0,5,0,12,14.0,2,0,shared_race_field,5,canonical_driver_dimension_with_observed_cohort_context,da557a1af2c2d83acf33ad62680a7a78f908f9fa26babf66f711beddd4d5cabc
driver_rick_morris,Rick MORRIS,,,series_formula_ford,2020,0,2,2,11,0,11,0,1,10.0,3,0,shared_race_field,11,canonical_driver_dimension_with_observed_cohort_context,da557a1af2c2d83acf33ad62680a7a78f908f9fa26babf66f711beddd4d5cabc
driver_rick_payne,Rick Payne,,,series_frp_f1600,2019,0,1,1,4,0,4,0,8,11.0,3,0,shared_race_field,4,canonical_driver_dimension_with_observed_cohort_context,da557a1af2c2d83acf33ad62680a7a78f908f9fa26babf66f711beddd4d5cabc
driver_ricky_taylor,Ricky Taylor,United States,"Lake Mary, FL",series_imsa_weathertech,2025,1,1,1,1,0,1,113,5,5.0,1,0,shared_race_field,2,canonical_driver_dimension_with_observed_cohort_context,da557a1af2c2d83acf33ad62680a7a78f908f9fa26babf66f711beddd4d5cabc
driver_rob_albani,Rob Albani,,,series_frp_f1600,2019,0,2,2,9,0,9,0,8,11.5,6,0,shared_race_field,9,canonical_driver_dimension_with_observed_cohort_context,da557a1af2c2d83acf33ad62680a7a78f908f9fa26babf66f711beddd4d5cabc
driver_robby_foley,Robby Foley,United States,"Randolph, NJ",series_imsa_weathertech,2025,1,1,1,1,0,1,226,30,30.0,1,0,shared_race_field,2,canonical_driver_dimension_with_observed_cohort_context,da557a1af2c2d83acf33ad62680a7a78f908f9fa26babf66f711beddd4d5cabc
driver_robero_faria,Robero Faria,,,series_gb3,2021,1,1,1,6,2,6,0,4,9.0,3,0,shared_race_field,6,canonical_driver_dimension_with_observed_cohort_context,da557a1af2c2d83acf33ad62680a7a78f908f9fa26babf66f711beddd4d5cabc
driver_robert_hall,Robert HALL,,,series_formula_ford,2020,0,1,1,4,0,4,0,5,6.0,1,0,shared_race_field,4,canonical_driver_dimension_with_observed_cohort_context,da557a1af2c2d83acf33ad62680a7a78f908f9fa26babf66f711beddd4d5cabc
driver_roberto_faria,Roberto Faria,,,series_gb3,2021;2022,2,2,14,109,12,109,0,1,7.0,41,0,shared_race_field,109,canonical_driver_dimension_with_observed_cohort_context,da557a1af2c2d83acf33ad62680a7a78f908f9fa26babf66f711beddd4d5cabc
driver_roberto_lacorte,Roberto Lacorte,ITA,"Pisa, Italy",series_imsa_weathertech,2025,1,1,1,1,0,1,140,52,52.0,1,0,shared_race_field,2,canonical_driver_dimension_with_observed_cohort_context,da557a1af2c2d83acf33ad62680a7a78f908f9fa26babf66f711beddd4d5cabc
driver_robin_frijns,Robin Frijns,NLD,Kreuzlingen,series_imsa_weathertech,2025,1,1,1,1,0,1,217,7,7.0,1,0,shared_race_field,2,canonical_driver_dimension_with_observed_cohort_context,da557a1af2c2d83acf33ad62680a7a78f908f9fa26babf66f711beddd4d5cabc
driver_rodrigo_sales,Rodrigo Sales,United States,"Crystal Bay, NV",series_imsa_weathertech,2025,1,1,1,1,0,1,149,10,10.0,1,0,shared_race_field,2,canonical_driver_dimension_with_observed_cohort_context,da557a1af2c2d83acf33ad62680a7a78f908f9fa26babf66f711beddd4d5cabc
driver_roger_orgee,Roger ORGEE,,,series_formula_ford,2020,0,1,1,4,0,4,0,12,14.0,1,0,shared_race_field,4,canonical_driver_dimension_with_observed_cohort_context,da557a1af2c2d83acf33ad62680a7a78f908f9fa26babf66f711beddd4d5cabc
driver_romain_grosjean,Romain Grosjean,FRA,"Geneva, Switzerland",series_imsa_weathertech,2025,1,1,1,1,0,1,0,61,61.0,1,0,shared_race_field,2,canonical_driver_dimension_with_observed_cohort_context,da557a1af2c2d83acf33ad62680a7a78f908f9fa26babf66f711beddd4d5cabc
driver_roman_bilinski,Roman Bilinski,Poland,,series_froc;series_gb3,2021;2024,1,2,10,77,10,77,0,1,3.0,21,0,shared_race_field,77,canonical_driver_dimension_with_observed_cohort_context,da557a1af2c2d83acf33ad62680a7a78f908f9fa26babf66f711beddd4d5cabc
driver_roman_de_angelis,Roman De Angelis,CAN,"Windsor , ON",series_imsa_weathertech,2025,1,1,1,1,0,1,9,57,57.0,1,0,shared_race_field,2,canonical_driver_dimension_with_observed_cohort_context,da557a1af2c2d83acf33ad62680a7a78f908f9fa26babf66f711beddd4d5cabc
driver_rory_smith,Rory SMITH,,,series_formula_ford,2020,0,2,6,21,0,21,0,1,3.0,11,0,shared_race_field,21,canonical_driver_dimension_with_observed_cohort_context,da557a1af2c2d83acf33ad62680a7a78f908f9fa26babf66f711beddd4d5cabc
driver_rory_van_der_steur,Rory van der Steur,United States,"Chesapeake City, MD",series_imsa_weathertech,2025,1,1,1,1,0,1,154,31,31.0,1,0,shared_race_field,2,canonical_driver_dimension_with_observed_cohort_context,da557a1af2c2d83acf33ad62680a7a78f908f9fa26babf66f711beddd4d5cabc
driver_ross_gunn,Ross Gunn,GBR,"Great Missenden, United Kingdom",series_imsa_weathertech,2025,1,1,1,1,0,1,77,57,57.0,1,0,shared_race_field,2,canonical_driver_dimension_with_observed_cohort_context,da557a1af2c2d83acf33ad62680a7a78f908f9fa26babf66f711beddd4d5cabc
driver_ross_martin,Ross MARTIN,,,series_formula_ford,2020,0,3,5,18,0,18,0,1,3.0,11,0,shared_race_field,18,canonical_driver_dimension_with_observed_cohort_context,da557a1af2c2d83acf33ad62680a7a78f908f9fa26babf66f711beddd4d5cabc
driver_rudolf_ernst,Rudolf ERNST,,,series_formula_ford,2020,0,1,1,6,0,6,0,16,19.5,0,0,observed_competitor_or_codriver,6,canonical_driver_dimension_with_observed_cohort_context,da557a1af2c2d83acf33ad62680a7a78f908f9fa26babf66f711beddd4d5cabc
driver_russell_ward,Russell Ward,United States,"Seabrook, TX",series_imsa_weathertech,2025,1,1,1,1,0,1,157,29,29.0,1,0,shared_race_field,2,canonical_driver_dimension_with_observed_cohort_context,da557a1af2c2d83acf33ad62680a7a78f908f9fa26babf66f711beddd4d5cabc
driver_ryan_bjerke,Ryan Bjerke,,,series_frp_f1600,2019,0,1,3,16,0,16,0,3,10.0,9,0,shared_race_field,16,canonical_driver_dimension_with_observed_cohort_context,da557a1af2c2d83acf33ad62680a7a78f908f9fa26babf66f711beddd4d5cabc
driver_ryan_campbell,Ryan CAMPBELL,,,series_formula_ford,2020,0,2,2,12,0,12,0,2,10.0,2,0,shared_race_field,12,canonical_driver_dimension_with_observed_cohort_context,da557a1af2c2d83acf33ad62680a7a78f908f9fa26babf66f711beddd4d5cabc
driver_ryan_dalziel,Ryan Dalziel,GBR,"Glasgow, Scotland",series_imsa_weathertech,2025,1,1,1,1,0,1,181,11,11.0,1,0,shared_race_field,2,canonical_driver_dimension_with_observed_cohort_context,da557a1af2c2d83acf33ad62680a7a78f908f9fa26babf66f711beddd4d5cabc
driver_ryder_quinn,Ryder Quinn,Australia,,series_froc,2024,0,1,2,12,0,12,0,3,10.0,3,0,shared_race_field,12,canonical_driver_dimension_with_observed_cohort_context,da557a1af2c2d83acf33ad62680a7a78f908f9fa26babf66f711beddd4d5cabc
driver_salih_yoluc,Salih Yoluc,TUR,"London, United Kingdom",series_imsa_weathertech,2025,1,1,1,1,0,1,141,50,50.0,1,0,shared_race_field,2,canonical_driver_dimension_with_observed_cohort_context,da557a1af2c2d83acf33ad62680a7a78f908f9fa26babf66f711beddd4d5cabc
driver_salvador_de_alba,Salvador de Alba,,,series_indy_nxt,2024;2025;2026,3,3,36,135,51,135,1531,1,8.0,36,0,shared_race_field,135,canonical_driver_dimension_with_observed_cohort_context,da557a1af2c2d83acf33ad62680a7a78f908f9fa26babf66f711beddd4d5cabc
driver_sam_lockwood,Sam Lockwood,,,series_frp_f1600,2019,0,1,1,6,0,6,0,16,18.5,3,0,shared_race_field,6,canonical_driver_dimension_with_observed_cohort_context,da557a1af2c2d83acf33ad62680a7a78f908f9fa26babf66f711beddd4d5cabc
driver_samuel_harrison,Samuel HARRISON,,,series_formula_ford,2020,0,2,5,16,0,16,0,3,12.5,9,0,shared_race_field,16,canonical_driver_dimension_with_observed_cohort_context,da557a1af2c2d83acf33ad62680a7a78f908f9fa26babf66f711beddd4d5cabc
driver_sarah_bovy,Sarah Bovy,BEL,"Brussels, Belgium",series_imsa_weathertech,2025,1,1,1,1,0,1,152,33,33.0,1,0,shared_race_field,2,canonical_driver_dimension_with_observed_cohort_context,da557a1af2c2d83acf33ad62680a7a78f908f9fa26babf66f711beddd4d5cabc
driver_scott_andrews,Scott Andrews,AUS,"Torquay, Australia",series_imsa_weathertech,2025,1,1,1,1,0,1,142,43,43.0,1,0,shared_race_field,2,canonical_driver_dimension_with_observed_cohort_context,da557a1af2c2d83acf33ad62680a7a78f908f9fa26babf66f711beddd4d5cabc
driver_scott_dixon,Scott Dixon,NZL,"Auckland, New Zealand",series_imsa_weathertech,2025,1,1,1,1,0,1,221,2,2.0,1,0,shared_race_field,2,canonical_driver_dimension_with_observed_cohort_context,da557a1af2c2d83acf33ad62680a7a78f908f9fa26babf66f711beddd4d5cabc
driver_scott_guthrie,Scott GUTHRIE,,,series_formula_ford,2020,0,1,1,2,0,2,0,10,10.0,1,0,shared_race_field,2,canonical_driver_dimension_with_observed_cohort_context,da557a1af2c2d83acf33ad62680a7a78f908f9fa26babf66f711beddd4d5cabc
driver_scott_mclaughlin,Scott McLaughlin,NZL,"Christchurch, New Zealand",series_imsa_weathertech,2025,1,1,1,1,0,1,187,24,24.0,1,0,shared_race_field,2,canonical_driver_dimension_with_observed_cohort_context,da557a1af2c2d83acf33ad62680a7a78f908f9fa26babf66f711beddd4d5cabc
driver_scott_rawlinson,Scott RAWLINSON,,,series_formula_ford,2020,0,1,1,7,0,7,0,13,14.0,1,0,shared_race_field,7,canonical_driver_dimension_with_observed_cohort_context,da557a1af2c2d83acf33ad62680a7a78f908f9fa26babf66f711beddd4d5cabc
driver_scott_rubenzer,Scott Rubenzer,,,series_frp_f1600,2019,0,1,6,31,0,31,0,2,9.0,18,0,shared_race_field,31,canonical_driver_dimension_with_observed_cohort_context,da557a1af2c2d83acf33ad62680a7a78f908f9fa26babf66f711beddd4d5cabc
driver_seamus_wild,Seamus WILD,,,series_formula_ford,2020,0,1,1,3,0,3,0,25,27.0,2,0,shared_race_field,3,canonical_driver_dimension_with_observed_cohort_context,da557a1af2c2d83acf33ad62680a7a78f908f9fa26babf66f711beddd4d5cabc
driver_sean_byrne,Sean BYRNE,,,series_formula_ford,2020,0,1,1,3,0,3,0,10,13.0,0,0,observed_competitor_or_codriver,3,canonical_driver_dimension_with_observed_cohort_context,da557a1af2c2d83acf33ad62680a7a78f908f9fa26babf66f711beddd4d5cabc
driver_seb_murray,Seb Murray,,,series_indy_nxt,2025;2026,2,2,21,86,38,86,805,2,10.0,21,0,shared_race_field,86,canonical_driver_dimension_with_observed_cohort_context,da557a1af2c2d83acf33ad62680a7a78f908f9fa26babf66f711beddd4d5cabc
driver_sebastian_alvarez,Sebastian Alvarez,MEX,"Mexico City, Mexico",series_gb3;series_imsa_weathertech,2021;2025,2,2,8,40,14,40,170,1,8.5,21,0,shared_race_field,41,canonical_driver_dimension_with_observed_cohort_context,da557a1af2c2d83acf33ad62680a7a78f908f9fa26babf66f711beddd4d5cabc
driver_sebastian_melrose,Sebastian MELROSE,,,series_formula_ford,2020,0,1,1,3,0,3,0,6,8.0,0,0,observed_competitor_or_codriver,3,canonical_driver_dimension_with_observed_cohort_context,da557a1af2c2d83acf33ad62680a7a78f908f9fa26babf66f711beddd4d5cabc
driver_sebastian_manson,Sebastian Manson,New Zealand,,series_froc,2024,0,1,4,17,0,17,0,6,12.0,5,0,shared_race_field,17,canonical_driver_dimension_with_observed_cohort_context,da557a1af2c2d83acf33ad62680a7a78f908f9fa26babf66f711beddd4d5cabc
driver_sebastian_priaulx,Sebastian Priaulx,GBR,"Guernsey, United Kingdom",series_imsa_weathertech,2025,1,1,1,1,0,1,273,18,18.0,1,0,shared_race_field,2,canonical_driver_dimension_with_observed_cohort_context,da557a1af2c2d83acf33ad62680a7a78f908f9fa26babf66f711beddd4d5cabc
driver_sebastien_bourdais,Sebastien Bourdais,FRA,"Le Mans, France",series_imsa_weathertech,2025,1,1,1,1,0,1,204,55,55.0,1,0,shared_race_field,2,canonical_driver_dimension_with_observed_cohort_context,da557a1af2c2d83acf33ad62680a7a78f908f9fa26babf66f711beddd4d5cabc
driver_seth_lucas,Seth Lucas,United States,"Powell, OH",series_imsa_weathertech,2025,1,1,1,1,0,1,138,34,34.0,1,0,shared_race_field,2,canonical_driver_dimension_with_observed_cohort_context,da557a1af2c2d83acf33ad62680a7a78f908f9fa26babf66f711beddd4d5cabc
driver_shane_van_gisbergen,Shane van Gisbergen,NZL,Auckland,series_imsa_weathertech,2025,1,1,1,1,0,1,195,24,24.0,1,0,shared_race_field,2,canonical_driver_dimension_with_observed_cohort_context,da557a1af2c2d83acf33ad62680a7a78f908f9fa26babf66f711beddd4d5cabc
driver_shaun_macklin,Shaun MACKLIN,,,series_formula_ford,2020,0,1,1,3,0,3,0,13,13.0,2,0,shared_race_field,3,canonical_driver_dimension_with_observed_cohort_context,da557a1af2c2d83acf33ad62680a7a78f908f9fa26babf66f711beddd4d5cabc
driver_shawn_rashid,Shawn Rashid,United States,,series_froc,2024,0,1,1,1,0,1,0,17,17.0,0,0,observed_competitor_or_codriver,1,canonical_driver_dimension_with_observed_cohort_context,da557a1af2c2d83acf33ad62680a7a78f908f9fa26babf66f711beddd4d5cabc
driver_sheena_monk,Sheena Monk,United States,"Newtown, PA",series_imsa_weathertech,2025,1,1,1,1,0,1,135,59,59.0,1,0,shared_race_field,2,canonical_driver_dimension_with_observed_cohort_context,da557a1af2c2d83acf33ad62680a7a78f908f9fa26babf66f711beddd4d5cabc
driver_sheldon_van_der_linde,Sheldon van der Linde,ZAF,"Johannesburg, South Africa",series_imsa_weathertech,2025,1,1,1,1,0,1,221,7,7.0,1,0,shared_race_field,2,canonical_driver_dimension_with_observed_cohort_context,da557a1af2c2d83acf33ad62680a7a78f908f9fa26babf66f711beddd4d5cabc
driver_simon_fraser,Simon FRASER,,,series_formula_ford,2020,0,1,1,3,0,3,0,26,29.0,2,0,shared_race_field,3,canonical_driver_dimension_with_observed_cohort_context,da557a1af2c2d83acf33ad62680a7a78f908f9fa26babf66f711beddd4d5cabc
driver_simon_mann,Simon Mann,United States,"Lausanne, Switzerland",series_imsa_weathertech,2025,1,1,1,1,0,1,173,46,46.0,1,0,shared_race_field,2,canonical_driver_dimension_with_observed_cohort_context,da557a1af2c2d83acf33ad62680a7a78f908f9fa26babf66f711beddd4d5cabc
driver_simon_pruce,Simon PRUCE,,,series_formula_ford,2020,0,2,2,8,0,8,0,13,16.0,2,0,shared_race_field,8,canonical_driver_dimension_with_observed_cohort_context,da557a1af2c2d83acf33ad62680a7a78f908f9fa26babf66f711beddd4d5cabc
driver_simon_sikes,Simon Sikes,,,series_frp_f1600,2019,0,1,1,3,0,3,0,1,1.0,3,0,shared_race_field,3,canonical_driver_dimension_with_observed_cohort_context,da557a1af2c2d83acf33ad62680a7a78f908f9fa26babf66f711beddd4d5cabc
driver_sophia_floersch,Sophia Floersch,,,series_indy_nxt,2025,1,1,1,4,1,4,44,9,13.5,1,1,teammate_overlap,4,canonical_driver_dimension_with_observed_cohort_context,da557a1af2c2d83acf33ad62680a7a78f908f9fa26babf66f711beddd4d5cabc
driver_spencer_pumpelly,Spencer Pumpelly,United States,"Atlanta, GA",series_imsa_weathertech,2025,1,1,1,1,0,1,58,58,58.0,1,0,shared_race_field,2,canonical_driver_dimension_with_observed_cohort_context,da557a1af2c2d83acf33ad62680a7a78f908f9fa26babf66f711beddd4d5cabc
driver_stephen_barlow,Stephen BARLOW,,,series_formula_ford,2020,0,1,1,3,0,3,0,12,15.0,1,0,shared_race_field,3,canonical_driver_dimension_with_observed_cohort_context,da557a1af2c2d83acf33ad62680a7a78f908f9fa26babf66f711beddd4d5cabc
driver_stephen_bracegirdle,Stephen BRACEGIRDLE,,,series_formula_ford,2020,0,1,1,7,0,7,0,14,22.5,0,0,observed_competitor_or_codriver,7,canonical_driver_dimension_with_observed_cohort_context,da557a1af2c2d83acf33ad62680a7a78f908f9fa26babf66f711beddd4d5cabc
driver_stephen_mawhinney,Stephen MAWHINNEY,,,series_formula_ford,2020,0,1,1,4,0,4,0,10,11.0,0,0,observed_competitor_or_codriver,4,canonical_driver_dimension_with_observed_cohort_context,da557a1af2c2d83acf33ad62680a7a78f908f9fa26babf66f711beddd4d5cabc
driver_stevan_mcaleer,Stevan McAleer,GBR,"Glasgow, Scotland",series_imsa_weathertech,2025,1,1,1,1,0,1,208,59,59.0,1,0,shared_race_field,2,canonical_driver_dimension_with_observed_cohort_context,da557a1af2c2d83acf33ad62680a7a78f908f9fa26babf66f711beddd4d5cabc
driver_steve_barlow,Steve BARLOW,,,series_formula_ford,2020,0,1,1,4,0,4,0,7,12.0,1,0,shared_race_field,4,canonical_driver_dimension_with_observed_cohort_context,da557a1af2c2d83acf33ad62680a7a78f908f9fa26babf66f711beddd4d5cabc
driver_steve_mansell,Steve MANSELL,,,series_formula_ford,2020,0,1,1,3,0,3,0,16,20.0,2,0,shared_race_field,3,canonical_driver_dimension_with_observed_cohort_context,da557a1af2c2d83acf33ad62680a7a78f908f9fa26babf66f711beddd4d5cabc
driver_steve_oseth,Steve Oseth,,,series_frp_f1600,2019,0,1,1,6,0,6,0,7,12.0,3,0,shared_race_field,6,canonical_driver_dimension_with_observed_cohort_context,da557a1af2c2d83acf33ad62680a7a78f908f9fa26babf66f711beddd4d5cabc
driver_steve_roux,Steve Roux,,,series_frp_f1600,2019,0,1,1,6,0,6,0,12,14.0,3,0,shared_race_field,6,canonical_driver_dimension_with_observed_cohort_context,da557a1af2c2d83acf33ad62680a7a78f908f9fa26babf66f711beddd4d5cabc
driver_steven_thomas,Steven Thomas,United States,"Carl Junction, MO",series_imsa_weathertech,2025,1,1,1,1,0,1,148,38,38.0,1,0,shared_race_field,2,canonical_driver_dimension_with_observed_cohort_context,da557a1af2c2d83acf33ad62680a7a78f908f9fa26babf66f711beddd4d5cabc
driver_stuart_gough,Stuart GOUGH,,,series_formula_ford,2020,0,1,2,7,0,7,0,5,7.0,5,0,shared_race_field,7,canonical_driver_dimension_with_observed_cohort_context,da557a1af2c2d83acf33ad62680a7a78f908f9fa26babf66f711beddd4d5cabc
driver_stuart_kestenbaum,Stuart KESTENBAUM,,,series_formula_ford,2020,0,1,2,8,0,8,0,8,14.5,2,0,shared_race_field,8,canonical_driver_dimension_with_observed_cohort_context,da557a1af2c2d83acf33ad62680a7a78f908f9fa26babf66f711beddd4d5cabc
driver_tbc_tbc,TBC TBC,,,series_gb3,2022,1,1,8,76,0,76,0,1,17.0,24,0,shared_race_field,76,canonical_driver_dimension_with_observed_cohort_context,da557a1af2c2d83acf33ad62680a7a78f908f9fa26babf66f711beddd4d5cabc
driver_tati_calderon,Tati Calderon,COL,"Bogota City, Colombia",series_imsa_weathertech,2025,1,1,1,1,0,1,105,48,48.0,1,0,shared_race_field,2,canonical_driver_dimension_with_observed_cohort_context,da557a1af2c2d83acf33ad62680a7a78f908f9fa26babf66f711beddd4d5cabc
driver_taylor_ferns,Taylor Ferns,,,series_indy_nxt,2024,1,1,4,12,3,12,91,15,18.0,4,0,shared_race_field,12,canonical_driver_dimension_with_observed_cohort_context,da557a1af2c2d83acf33ad62680a7a78f908f9fa26babf66f711beddd4d5cabc
driver_terry_durdin,Terry DURDIN,,,series_formula_ford,2020,0,1,1,3,0,3,0,19,19.0,2,0,shared_race_field,3,canonical_driver_dimension_with_observed_cohort_context,da557a1af2c2d83acf33ad62680a7a78f908f9fa26babf66f711beddd4d5cabc
driver_thomas_mcarthur,Thomas MCARTHUR,,,series_formula_ford,2020,0,1,1,6,0,6,0,1,9.0,2,0,shared_race_field,6,canonical_driver_dimension_with_observed_cohort_context,da557a1af2c2d83acf33ad62680a7a78f908f9fa26babf66f711beddd4d5cabc
driver_thomas_neubauer,Thomas Neubauer,FRA,Paris,series_imsa_weathertech,2025,1,1,1,1,0,1,64,21,21.0,1,0,shared_race_field,2,canonical_driver_dimension_with_observed_cohort_context,da557a1af2c2d83acf33ad62680a7a78f908f9fa26babf66f711beddd4d5cabc
driver_thomas_preining,Thomas Preining,AUT,"Linz, Austria",series_imsa_weathertech,2025,1,1,1,1,0,1,234,28,28.0,1,0,shared_race_field,2,canonical_driver_dimension_with_observed_cohort_context,da557a1af2c2d83acf33ad62680a7a78f908f9fa26babf66f711beddd4d5cabc
driver_thomas_ward,Thomas WARD,,,series_formula_ford,2020,0,1,5,17,0,17,0,5,15.0,10,0,shared_race_field,17,canonical_driver_dimension_with_observed_cohort_context,da557a1af2c2d83acf33ad62680a7a78f908f9fa26babf66f711beddd4d5cabc
driver_tijmen_van_der_helm,Tijmen van der Helm,NLD,Den Hoorn,series_imsa_weathertech,2025,1,1,1,1,0,1,196,6,6.0,1,1,teammate_overlap,2,canonical_driver_dimension_with_observed_cohort_context,da557a1af2c2d83acf33ad62680a7a78f908f9fa26babf66f711beddd4d5cabc
driver_till_bechtolsheimer,Till Bechtolsheimer,GBR,"Ampney St. Peter, United Kingdom",series_imsa_weathertech,2025,1,1,1,1,0,1,142,48,48.0,1,0,shared_race_field,2,canonical_driver_dimension_with_observed_cohort_context,da557a1af2c2d83acf33ad62680a7a78f908f9fa26babf66f711beddd4d5cabc
driver_tim_brise,Tim BRISE,,,series_formula_ford,2020,0,1,1,8,0,8,0,8,15.5,0,0,observed_competitor_or_codriver,8,canonical_driver_dimension_with_observed_cohort_context,da557a1af2c2d83acf33ad62680a7a78f908f9fa26babf66f711beddd4d5cabc
driver_tim_dunn,Tim Dunn,,,series_frp_f1600,2019,0,1,2,9,0,9,0,10,14.0,3,0,shared_race_field,9,canonical_driver_dimension_with_observed_cohort_context,da557a1af2c2d83acf33ad62680a7a78f908f9fa26babf66f711beddd4d5cabc
driver_tim_tramnitz,Tim Tramnitz,Germany,,series_euroformula_open,2023,1,1,1,4,1,3,0,2,2.0,3,0,shared_race_field,4,canonical_driver_dimension_with_observed_cohort_context,da557a1af2c2d83acf33ad62680a7a78f908f9fa26babf66f711beddd4d5cabc
driver_titus_sherlock,Titus Sherlock,United States,,series_froc,2024,0,1,5,48,0,48,0,4,10.0,6,0,shared_race_field,48,canonical_driver_dimension_with_observed_cohort_context,da557a1af2c2d83acf33ad62680a7a78f908f9fa26babf66f711beddd4d5cabc
driver_tobi_lutke,Tobi Lutke,CAN,"Toronto, Canada",series_imsa_weathertech,2025,1,1,1,1,0,1,144,11,11.0,1,0,shared_race_field,2,canonical_driver_dimension_with_observed_cohort_context,da557a1af2c2d83acf33ad62680a7a78f908f9fa26babf66f711beddd4d5cabc
driver_toby_sowery,Toby Sowery,GBR,"Cambridge, United Kingdom",series_imsa_weathertech,2025,1,1,1,1,0,1,204,13,13.0,1,0,shared_race_field,2,canonical_driver_dimension_with_observed_cohort_context,da557a1af2c2d83acf33ad62680a7a78f908f9fa26babf66f711beddd4d5cabc
driver_tom_brown,Tom BROWN,,,series_formula_ford,2020,0,2,2,9,0,9,0,1,6.0,3,0,shared_race_field,9,canonical_driver_dimension_with_observed_cohort_context,da557a1af2c2d83acf33ad62680a7a78f908f9fa26babf66f711beddd4d5cabc
driver_tom_blomqvist,Tom Blomqvist,GBR,"Cambridge, UK",series_imsa_weathertech,2025,1,1,1,1,0,1,247,2,2.0,1,0,shared_race_field,2,canonical_driver_dimension_with_observed_cohort_context,da557a1af2c2d83acf33ad62680a7a78f908f9fa26babf66f711beddd4d5cabc
driver_tom_dillmann,Tom Dillmann,FRA,"Mulhouse, France",series_imsa_weathertech,2025,1,1,1,1,0,1,84,47,47.0,1,0,shared_race_field,2,canonical_driver_dimension_with_observed_cohort_context,da557a1af2c2d83acf33ad62680a7a78f908f9fa26babf66f711beddd4d5cabc
driver_tom_gamble,Tom Gamble,GBR,"Nottingham, United Kingdom",series_imsa_weathertech,2025,1,1,1,1,0,1,165,27,27.0,1,0,shared_race_field,2,canonical_driver_dimension_with_observed_cohort_context,da557a1af2c2d83acf33ad62680a7a78f908f9fa26babf66f711beddd4d5cabc
driver_tom_hawkins,Tom HAWKINS,,,series_formula_ford,2020,0,1,2,8,0,8,0,6,13.0,1,0,shared_race_field,8,canonical_driver_dimension_with_observed_cohort_context,da557a1af2c2d83acf33ad62680a7a78f908f9fa26babf66f711beddd4d5cabc
driver_tom_lebbon,Tom Lebbon,,,series_gb3,2021;2022,1,2,15,115,14,115,0,1,7.0,44,0,shared_race_field,115,canonical_driver_dimension_with_observed_cohort_context,da557a1af2c2d83acf33ad62680a7a78f908f9fa26babf66f711beddd4d5cabc
driver_tom_sargent,Tom Sargent,AUS,"Young, Australia",series_imsa_weathertech,2025,1,1,1,1,0,1,168,26,26.0,1,0,shared_race_field,2,canonical_driver_dimension_with_observed_cohort_context,da557a1af2c2d83acf33ad62680a7a78f908f9fa26babf66f711beddd4d5cabc
driver_tom_schwietz,Tom Schwietz,,,series_frp_f1600,2019,0,1,2,12,0,12,0,6,14.5,6,0,shared_race_field,12,canonical_driver_dimension_with_observed_cohort_context,da557a1af2c2d83acf33ad62680a7a78f908f9fa26babf66f711beddd4d5cabc
driver_tom_ward,Tom WARD,,,series_formula_ford,2020,0,1,1,2,0,2,0,16,16.0,0,0,observed_competitor_or_codriver,2,canonical_driver_dimension_with_observed_cohort_context,da557a1af2c2d83acf33ad62680a7a78f908f9fa26babf66f711beddd4d5cabc
driver_tommy_milner,Tommy Milner,United States,"Middleburg, VA",series_imsa_weathertech,2025,1,1,1,1,0,1,236,22,22.0,1,0,shared_race_field,2,canonical_driver_dimension_with_observed_cohort_context,da557a1af2c2d83acf33ad62680a7a78f908f9fa26babf66f711beddd4d5cabc
driver_tommy_smith,Tommy Smith,Australia,,series_froc;series_gb3;series_indy_nxt,2021;2024;2025,2,3,19,94,26,94,564,1,13.0,20,1,teammate_overlap,94,canonical_driver_dimension_with_observed_cohort_context,da557a1af2c2d83acf33ad62680a7a78f908f9fa26babf66f711beddd4d5cabc
driver_townsend_bell,Townsend Bell,United States,"San Luis Obispo, CA",series_imsa_weathertech,2025,1,1,1,1,0,1,193,35,35.0,1,0,shared_race_field,2,canonical_driver_dimension_with_observed_cohort_context,da557a1af2c2d83acf33ad62680a7a78f908f9fa26babf66f711beddd4d5cabc
driver_trent_hindman,Trent Hindman,United States,"Ocean Township, NJ",series_imsa_weathertech,2025,1,1,1,1,0,1,182,37,37.0,1,0,shared_race_field,2,canonical_driver_dimension_with_observed_cohort_context,da557a1af2c2d83acf33ad62680a7a78f908f9fa26babf66f711beddd4d5cabc
driver_trevor_morgan,Trevor MORGAN,,,series_formula_ford,2020,0,1,1,3,0,3,0,22,25.0,2,0,shared_race_field,3,canonical_driver_dimension_with_observed_cohort_context,da557a1af2c2d83acf33ad62680a7a78f908f9fa26babf66f711beddd4d5cabc
driver_tristan_vautier,Tristan Vautier,FRA,"Grenoble, France",series_imsa_weathertech,2025,1,1,1,1,0,1,49,51,51.0,1,0,shared_race_field,2,canonical_driver_dimension_with_observed_cohort_context,da557a1af2c2d83acf33ad62680a7a78f908f9fa26babf66f711beddd4d5cabc
driver_tyler_oconnor,Tyler O'Connor,,,series_frp_f1600,2019,0,1,1,2,0,2,0,15,15.0,0,0,observed_competitor_or_codriver,2,canonical_driver_dimension_with_observed_cohort_context,da557a1af2c2d83acf33ad62680a7a78f908f9fa26babf66f711beddd4d5cabc
driver_tymek_kucharczyk,Tymek Kucharczyk,,,series_indy_nxt,2026,1,1,8,32,15,32,298,1,4.0,8,0,shared_race_field,32,canonical_driver_dimension_with_observed_cohort_context,da557a1af2c2d83acf33ad62680a7a78f908f9fa26babf66f711beddd4d5cabc
driver_valentin_hasse_clot,Valentin Hasse-Clot,FRA,"Paris, France",series_imsa_weathertech,2025,1,1,1,1,0,1,247,31,31.0,1,0,shared_race_field,2,canonical_driver_dimension_with_observed_cohort_context,da557a1af2c2d83acf33ad62680a7a78f908f9fa26babf66f711beddd4d5cabc
driver_vladimir_netusil,Vladimir Netusil,Czech Republic,,series_euroformula_open,2023,1,1,5,18,5,13,0,7,9.0,12,0,shared_race_field,18,canonical_driver_dimension_with_observed_cohort_context,da557a1af2c2d83acf33ad62680a7a78f908f9fa26babf66f711beddd4d5cabc
driver_will_brown,Will Brown,Australia,,series_froc,2024,0,1,1,1,0,1,0,4,4.0,0,0,observed_competitor_or_codriver,1,canonical_driver_dimension_with_observed_cohort_context,da557a1af2c2d83acf33ad62680a7a78f908f9fa26babf66f711beddd4d5cabc
driver_will_everington,Will EVERINGTON,,,series_formula_ford,2020,0,1,1,5,0,5,0,4,19.0,1,0,shared_race_field,5,canonical_driver_dimension_with_observed_cohort_context,da557a1af2c2d83acf33ad62680a7a78f908f9fa26babf66f711beddd4d5cabc
driver_will_stevens,Will Stevens,GBR,"Walton on Thames, United Kingdom",series_imsa_weathertech,2025,1,1,1,1,0,1,229,5,5.0,1,0,shared_race_field,2,canonical_driver_dimension_with_observed_cohort_context,da557a1af2c2d83acf33ad62680a7a78f908f9fa26babf66f711beddd4d5cabc
driver_will_zanelli,Will ZANELLI,,,series_formula_ford,2020,0,1,1,6,0,6,0,7,12.5,0,0,observed_competitor_or_codriver,6,canonical_driver_dimension_with_observed_cohort_context,da557a1af2c2d83acf33ad62680a7a78f908f9fa26babf66f711beddd4d5cabc
driver_william_velkoff,William Velkoff,,,series_frp_f1600,2019,0,1,1,6,0,6,0,10,11.0,3,0,shared_race_field,6,canonical_driver_dimension_with_observed_cohort_context,da557a1af2c2d83acf33ad62680a7a78f908f9fa26babf66f711beddd4d5cabc
driver_yuven_sundaramoorthy,Yuven Sundaramoorthy,,,series_indy_nxt,2024;2026,2,2,15,60,24,60,693,2,10.0,15,0,shared_race_field,60,canonical_driver_dimension_with_observed_cohort_context,da557a1af2c2d83acf33ad62680a7a78f908f9fa26babf66f711beddd4d5cabc
driver_zacharie_robichon,Zacharie Robichon,CAN,"Ottawa, ON",series_imsa_weathertech,2025,1,1,1,1,0,1,169,27,27.0,1,0,shared_race_field,2,canonical_driver_dimension_with_observed_cohort_context,da557a1af2c2d83acf33ad62680a7a78f908f9fa26babf66f711beddd4d5cabc
driver_zachary_rivard,Zachary Rivard,,,series_frp_f1600,2019,0,1,1,6,0,6,0,3,6.5,3,0,shared_race_field,6,canonical_driver_dimension_with_observed_cohort_context,da557a1af2c2d83acf33ad62680a7a78f908f9fa26babf66f711beddd4d5cabc
driver_zachary_vanier,Zachary Vanier,,,series_frp_f1600,2019,0,1,1,6,0,6,0,1,5.5,3,0,shared_race_field,6,canonical_driver_dimension_with_observed_cohort_context,da557a1af2c2d83acf33ad62680a7a78f908f9fa26babf66f711beddd4d5cabc
driver_zack_scoular,Zack Scoular,New Zealand,,series_froc,2024,0,1,1,1,0,1,0,7,7.0,0,0,observed_competitor_or_codriver,1,canonical_driver_dimension_with_observed_cohort_context,da557a1af2c2d83acf33ad62680a7a78f908f9fa26babf66f711beddd4d5cabc
driver_zak_osullivan,Zak O'Sullivan,,,series_gb3,2021,1,1,7,39,14,39,0,1,2.0,20,7,teammate_overlap,39,canonical_driver_dimension_with_observed_cohort_context,da557a1af2c2d83acf33ad62680a7a78f908f9fa26babf66f711beddd4d5cabc
driver_zak_taylor,Zak Taylor,,,series_gb3,2022,1,1,2,18,0,18,0,4,10.0,6,0,shared_race_field,18,canonical_driver_dimension_with_observed_cohort_context,da557a1af2c2d83acf33ad62680a7a78f908f9fa26babf66f711beddd4d5cabc
driver_zak_taylor_fortec_old,Zak Taylor FORTEC (OLD),,,series_gb3,2022,1,1,6,58,0,58,0,3,16.0,18,0,shared_race_field,58,canonical_driver_dimension_with_observed_cohort_context,da557a1af2c2d83acf33ad62680a7a78f908f9fa26babf66f711beddd4d5cabc
